position,test_season,canonical_player_id,full_name,actual_games,predicted_games,actual_ppg,v972_pred_ppg,m9_pred_ppg,actual_season_points,v972_pred_season_points,m9_pred_season_points,actual_full_schedule_points,v972_full_schedule_points,m9_full_schedule_points,metric
QB,2022,00-0019596,Tom Brady,17.0,14.58919095281323,15.985882352941177,17.67945276905511,17.29730571004137,271.76,257.9289123889876,252.35369597298018,271.76,300.5506970739369,294.0541970707033,PPG
QB,2022,00-0019596,Tom Brady,17.0,14.58919095281323,15.985882352941177,17.67945276905511,17.29730571004137,271.76,257.9289123889876,252.35369597298018,271.76,300.5506970739369,294.0541970707033,SEASON
QB,2022,00-0023459,Aaron Rodgers,17.0,13.863267680994937,14.070588235294117,17.342548918716016,16.243117205623946,239.2,240.42439793090944,225.18268179533925,239.2,294.8233316181723,276.1329924956071,PPG
QB,2022,00-0023459,Aaron Rodgers,17.0,13.863267680994937,14.070588235294117,17.342548918716016,16.243117205623946,239.2,240.42439793090944,225.18268179533925,239.2,294.8233316181723,276.1329924956071,SEASON
QB,2022,00-0026143,Matt Ryan,12.0,14.58919095281323,12.94,14.878887503682625,13.731065301864366,155.28,217.07093095665238,200.32513367444727,219.98,252.94108756260462,233.4281101316942,PPG
QB,2022,00-0026143,Matt Ryan,12.0,14.58919095281323,12.94,14.878887503682625,13.731065301864366,155.28,217.07093095665238,200.32513367444727,219.98,252.94108756260462,233.4281101316942,SEASON
QB,2022,00-0026197,Chad Henne,3.0,5.152188419175446,0.0,4.716528852158506,4.000991329668387,0.0,24.300445330797913,20.61386119393883,0.0,80.1809904866946,68.01685260436257,PPG
QB,2022,00-0026197,Chad Henne,3.0,5.152188419175446,0.0,4.716528852158506,4.000991329668387,0.0,24.300445330797913,20.61386119393883,0.0,80.1809904866946,68.01685260436257,SEASON
QB,2022,00-0026300,Josh Johnson,1.0,5.152188419175446,0.7000000000000001,8.060512030235016,6.232489289341225,0.7000000000000001,41.52927673480121,32.11095913917887,11.9,137.02870451399525,105.95231791880083,PPG
QB,2022,00-0026300,Josh Johnson,1.0,5.152188419175446,0.7000000000000001,8.060512030235016,6.232489289341225,0.7000000000000001,41.52927673480121,32.11095913917887,11.9,137.02870451399525,105.95231791880083,SEASON
QB,2022,00-0026498,Matthew Stafford,9.0,14.58919095281323,12.042222222222222,16.031346719520872,15.676120981263995,108.38,233.88437852184595,228.70192239506233,204.71777777777777,272.5328942318548,266.4940566814879,PPG
QB,2022,00-0026498,Matthew Stafford,9.0,14.58919095281323,12.042222222222222,16.031346719520872,15.676120981263995,108.38,233.88437852184595,228.70192239506233,204.71777777777777,272.5328942318548,266.4940566814879,SEASON
QB,2022,00-0026625,Brian Hoyer,1.0,5.878111690993737,1.48,9.632187402266403,4.010962249920243,1.48,56.61907337910474,23.576884093390724,25.16,163.74718583852885,68.18635824864413,PPG
QB,2022,00-0026625,Brian Hoyer,1.0,5.878111690993737,1.48,9.632187402266403,4.010962249920243,1.48,56.61907337910474,23.576884093390724,25.16,163.74718583852885,68.18635824864413,SEASON
QB,2022,00-0027688,Colt McCoy,4.0,7.329958234630319,8.2,8.313232553299754,10.001135146663094,32.8,60.93564741045636,73.30790292393385,139.39999999999998,141.3249534060958,170.0192974932726,PPG
QB,2022,00-0027688,Colt McCoy,4.0,7.329958234630319,8.2,8.313232553299754,10.001135146663094,32.8,60.93564741045636,73.30790292393385,139.39999999999998,141.3249534060958,170.0192974932726,SEASON
QB,2022,00-0027948,Blaine Gabbert,1.0,6.604034962812028,5.16,2.7229671825584973,2.6470536232994055,5.16,17.982570476206078,17.481234676707533,87.72,46.290442103494456,44.999911596089895,PPG
QB,2022,00-0027948,Blaine Gabbert,1.0,6.604034962812028,5.16,2.7229671825584973,2.6470536232994055,5.16,17.982570476206078,17.481234676707533,87.72,46.290442103494456,44.999911596089895,SEASON
QB,2022,00-0027973,Andy Dalton,14.0,8.05588150644861,12.445714285714287,9.241368947087704,9.290123036008204,174.24,74.4473731951123,74.8401303584107,211.57714285714286,157.10327210049095,157.93209161213946,PPG
QB,2022,00-0027973,Andy Dalton,14.0,8.05588150644861,12.445714285714287,9.241368947087704,9.290123036008204,174.24,74.4473731951123,74.8401303584107,211.57714285714286,157.10327210049095,157.93209161213946,SEASON
QB,2022,00-0028118,Tyrod Taylor,2.0,6.604034962812028,5.66,11.510940328441752,12.943903781900357,11.32,76.0186523838723,85.48199313094479,96.22,195.6859855835098,220.04636429230607,PPG
QB,2022,00-0028118,Tyrod Taylor,2.0,6.604034962812028,5.66,11.510940328441752,12.943903781900357,11.32,76.0186523838723,85.48199313094479,96.22,195.6859855835098,220.04636429230607,SEASON
QB,2022,00-0028986,Case Keenum,2.0,5.878111690993737,0.16,7.043421309175914,6.4745824720839895,0.32,41.402017142061354,38.058318923460035,2.72,119.73816225599053,110.06790202542783,PPG
QB,2022,00-0028986,Case Keenum,2.0,5.878111690993737,0.16,7.043421309175914,6.4745824720839895,0.32,41.402017142061354,38.058318923460035,2.72,119.73816225599053,110.06790202542783,SEASON
QB,2022,00-0029263,Russell Wilson,15.0,12.411421137358357,14.977333333333334,13.811870436665293,12.19103784890184,224.66000000000003,171.4249406840826,151.30810484419604,254.61466666666666,234.80179742330998,207.24764343133126,PPG
QB,2022,00-0029263,Russell Wilson,15.0,12.411421137358357,14.977333333333334,13.811870436665293,12.19103784890184,224.66000000000003,171.4249406840826,151.30810484419604,254.61466666666666,234.80179742330998,207.24764343133126,SEASON
QB,2022,00-0029604,Kirk Cousins,17.0,13.863267680994937,17.151764705882353,17.25388615328431,15.640717887990347,291.58,239.19524228039242,216.83145880413596,291.58,293.3160646058333,265.8922040958359,PPG
QB,2022,00-0029604,Kirk Cousins,17.0,13.863267680994937,17.151764705882353,17.25388615328431,15.640717887990347,291.58,239.19524228039242,216.83145880413596,291.58,293.3160646058333,265.8922040958359,SEASON
QB,2022,00-0029701,Ryan Tannehill,12.0,14.58919095281323,13.436666666666666,14.240426403396711,10.179477387665484,161.23999999999998,207.75630004863794,148.51033940849612,228.42333333333332,242.0872488577441,173.05111559031323,PPG
QB,2022,00-0029701,Ryan Tannehill,12.0,14.58919095281323,13.436666666666666,14.240426403396711,10.179477387665484,161.23999999999998,207.75630004863794,148.51033940849612,228.42333333333332,242.0872488577441,173.05111559031323,SEASON
QB,2022,00-0030565,Geno Smith,17.0,5.152188419175446,17.875294117647062,9.090010032603379,11.811358696490318,303.88000000000005,46.83344442016775,60.85434549078461,303.88000000000005,154.53017055425744,200.7930978403354,PPG
QB,2022,00-0030565,Geno Smith,17.0,5.152188419175446,17.875294117647062,9.090010032603379,11.811358696490318,303.88000000000005,46.83344442016775,60.85434549078461,303.88000000000005,154.53017055425744,200.7930978403354,SEASON
QB,2022,00-0031237,Teddy Bridgewater,5.0,12.411421137358357,7.604,13.276422002653295,12.55571966170023,38.02,164.77926467222068,155.83432440397215,129.268,225.69917404510602,213.44723424890392,PPG
QB,2022,00-0031237,Teddy Bridgewater,5.0,12.411421137358357,7.604,13.276422002653295,12.55571966170023,38.02,164.77926467222068,155.83432440397215,129.268,225.69917404510602,213.44723424890392,SEASON
QB,2022,00-0031280,Derek Carr,15.0,14.58919095281323,14.605333333333334,15.845539145583864,13.688784065440379,219.08,231.17359634519997,199.70828464253668,248.29066666666668,269.3741654749257,232.70932911248644,PPG
QB,2022,00-0031280,Derek Carr,15.0,14.58919095281323,14.605333333333334,15.845539145583864,13.688784065440379,219.08,231.17359634519997,199.70828464253668,248.29066666666668,269.3741654749257,232.70932911248644,SEASON
QB,2022,00-0031345,Jimmy Garoppolo,11.0,13.137344409176647,14.98,13.925844892392359,13.399200009012029,164.78,182.9486205401319,176.02990532583385,254.66,236.7393631706701,227.78640015320448,PPG
QB,2022,00-0031345,Jimmy Garoppolo,11.0,13.137344409176647,14.98,13.925844892392359,13.399200009012029,164.78,182.9486205401319,176.02990532583385,254.66,236.7393631706701,227.78640015320448,SEASON
QB,2022,00-0031503,Jameis Winston,3.0,7.329958234630319,14.639999999999999,14.519191574889277,17.51423020526671,43.919999999999995,106.42506784453481,128.37857591630578,248.87999999999997,246.8262567731177,297.74191348953406,PPG
QB,2022,00-0031503,Jameis Winston,3.0,7.329958234630319,14.639999999999999,14.519191574889277,17.51423020526671,43.919999999999995,106.42506784453481,128.37857591630578,248.87999999999997,246.8262567731177,297.74191348953406,SEASON
QB,2022,00-0031800,Taylor Heinicke,9.0,13.863267680994937,12.884444444444442,14.915034958953683,13.142259716483457,115.95999999999998,206.77112210737224,182.1946643827668,219.03555555555553,253.55559430221263,223.41841518021877,PPG
QB,2022,00-0031800,Taylor Heinicke,9.0,13.863267680994937,12.884444444444442,14.915034958953683,13.142259716483457,115.95999999999998,206.77112210737224,182.1946643827668,219.03555555555553,253.55559430221263,223.41841518021877,SEASON
QB,2022,00-0032156,Trevor Siemian,2.0,6.604034962812028,5.08,12.629657418392002,12.952610672413673,10.16,83.40669915939908,85.53949374031211,86.36,214.70417611266404,220.19438143103244,PPG
QB,2022,00-0032156,Trevor Siemian,2.0,6.604034962812028,5.08,12.629657418392002,12.952610672413673,10.16,83.40669915939908,85.53949374031211,86.36,214.70417611266404,220.19438143103244,SEASON
QB,2022,00-0032268,Marcus Mariota,13.0,7.329958234630319,15.12,3.682660997415743,3.5947172884300764,196.56,26.99375130335943,26.34912758949601,257.03999999999996,62.605236956067635,61.1101939033113,PPG
QB,2022,00-0032268,Marcus Mariota,13.0,7.329958234630319,15.12,3.682660997415743,3.5947172884300764,196.56,26.99375130335943,26.34912758949601,257.03999999999996,62.605236956067635,61.1101939033113,SEASON
QB,2022,00-0032434,Brandon Allen,1.0,5.878111690993737,0.88,4.7595835292966715,4.014937993252396,0.88,27.977363587819998,23.600253956751843,14.96,80.91291999804342,68.25394588529073,PPG
QB,2022,00-0032434,Brandon Allen,1.0,5.878111690993737,0.88,4.7595835292966715,4.014937993252396,0.88,27.977363587819998,23.600253956751843,14.96,80.91291999804342,68.25394588529073,SEASON
QB,2022,00-0032950,Carson Wentz,8.0,14.58919095281323,14.1,15.720249016611113,13.881982796970338,112.8,229.34571472911392,202.52689782866855,239.7,267.2442332823889,235.99370754849573,PPG
QB,2022,00-0032950,Carson Wentz,8.0,14.58919095281323,14.1,15.720249016611113,13.881982796970338,112.8,229.34571472911392,202.52689782866855,239.7,267.2442332823889,235.99370754849573,SEASON
QB,2022,00-0033077,Dak Prescott,12.0,13.863267680994937,16.55,18.02230970306964,19.269492805267912,198.60000000000002,249.84810364344682,267.13813683643514,281.35,306.3792649521839,327.58137768955453,PPG
QB,2022,00-0033077,Dak Prescott,12.0,13.863267680994937,16.55,18.02230970306964,19.269492805267912,198.60000000000002,249.84810364344682,267.13813683643514,281.35,306.3792649521839,327.58137768955453,SEASON
QB,2022,00-0033106,Jared Goff,17.0,12.411421137358357,16.636470588235294,10.470931639382702,12.360187783455359,282.82,129.95914227686885,153.4074959172964,282.82,178.00583786950594,210.1231923187411,PPG
QB,2022,00-0033106,Jared Goff,17.0,12.411421137358357,16.636470588235294,10.470931639382702,12.360187783455359,282.82,129.95914227686885,153.4074959172964,282.82,178.00583786950594,210.1231923187411,SEASON
QB,2022,00-0033119,Jacoby Brissett,14.0,9.507728050085191,12.044285714285715,6.825129746393215,7.16231546069776,168.62,64.8914775352536,68.09734760923493,204.75285714285715,116.02720568868466,121.75936283186192,PPG
QB,2022,00-0033119,Jacoby Brissett,14.0,9.507728050085191,12.044285714285715,6.825129746393215,7.16231546069776,168.62,64.8914775352536,68.09734760923493,204.75285714285715,116.02720568868466,121.75936283186192,SEASON
QB,2022,00-0033275,PJ Walker,6.0,5.878111690993737,6.523333333333333,4.8448698096265055,4.807565506144929,39.14,28.478685869308165,28.259407006888733,110.89666666666668,82.36278676365059,81.72861360446379,PPG
QB,2022,00-0033275,PJ Walker,6.0,5.878111690993737,6.523333333333333,4.8448698096265055,4.807565506144929,39.14,28.478685869308165,28.259407006888733,110.89666666666668,82.36278676365059,81.72861360446379,SEASON
QB,2022,00-0033662,Cooper Rush,8.0,5.152188419175446,7.08,7.24503019303513,6.873817450030839,56.64,37.327760657132046,35.41520266157499,120.36,123.16551328159721,116.85489665052427,PPG
QB,2022,00-0033662,Cooper Rush,8.0,5.152188419175446,7.08,7.24503019303513,6.873817450030839,56.64,37.327760657132046,35.41520266157499,120.36,123.16551328159721,116.85489665052427,SEASON
QB,2022,00-0033869,Mitchell Trubisky,7.0,5.878111690993737,10.554285714285713,3.3001668208540575,3.7068902414903566,73.88,19.398749171891872,21.789514865735065,179.42285714285714,56.10283595451898,63.01713410533606,PPG
QB,2022,00-0033869,Mitchell Trubisky,7.0,5.878111690993737,10.554285714285713,3.3001668208540575,3.7068902414903566,73.88,19.398749171891872,21.789514865735065,179.42285714285714,56.10283595451898,63.01713410533606,SEASON
QB,2022,00-0033873,Patrick Mahomes,17.0,14.58919095281323,24.458823529411763,18.642098746584196,19.31583687658289,415.79999999999995,271.973138375117,281.8024326058592,415.79999999999995,316.91567869193136,328.3692269019091,PPG
QB,2022,00-0033873,Patrick Mahomes,17.0,14.58919095281323,24.458823529411763,18.642098746584196,19.31583687658289,415.79999999999995,271.973138375117,281.8024326058592,415.79999999999995,316.91567869193136,328.3692269019091,SEASON
QB,2022,00-0034177,Tim Boyle,1.0,5.152188419175446,-2.6799999999999997,4.949689786942456,7.658739932815385,-2.6799999999999997,25.501734398795904,39.45927118732796,-45.559999999999995,84.14472637802176,130.19857885786155,PPG
QB,2022,00-0034177,Tim Boyle,1.0,5.152188419175446,-2.6799999999999997,4.949689786942456,7.658739932815385,-2.6799999999999997,25.501734398795904,39.45927118732796,-45.559999999999995,84.14472637802176,130.19857885786155,SEASON
QB,2022,00-0034401,Mike White,4.0,5.152188419175446,14.145,9.507337575631816,10.559928298759353,56.58,48.9835945543618,54.40674028819101,240.465,161.62473878574087,179.518781078909,PPG
QB,2022,00-0034401,Mike White,4.0,5.152188419175446,14.145,9.507337575631816,10.559928298759353,56.58,48.9835945543618,54.40674028819101,240.465,161.62473878574087,179.518781078909,SEASON
QB,2022,00-0034796,Lamar Jackson,12.0,10.959574593721774,19.673333333333336,20.901183562628383,22.039063780108663,236.08000000000004,229.06808035169718,241.53876347389266,334.4466666666667,355.3201205646825,374.6640842618473,PPG
QB,2022,00-0034796,Lamar Jackson,12.0,10.959574593721774,19.673333333333336,20.901183562628383,22.039063780108663,236.08000000000004,229.06808035169718,241.53876347389266,334.4466666666667,355.3201205646825,374.6640842618473,SEASON
QB,2022,00-0034855,Baker Mayfield,12.0,12.411421137358357,10.118333333333334,14.906398378617194,13.044450597121617,121.42000000000002,185.00958791825377,161.90016986634208,172.01166666666668,253.40877243649228,221.7556601510675,PPG
QB,2022,00-0034855,Baker Mayfield,12.0,12.411421137358357,10.118333333333334,14.906398378617194,13.044450597121617,121.42000000000002,185.00958791825377,161.90016986634208,172.01166666666668,253.40877243649228,221.7556601510675,SEASON
QB,2022,00-0034857,Josh Allen,16.0,14.58919095281323,24.72,22.173501786491677,22.03415688813678,395.52,323.49345165567235,321.46052232527245,420.24,376.9495303703585,374.5806670983253,PPG
QB,2022,00-0034857,Josh Allen,16.0,14.58919095281323,24.72,22.173501786491677,22.03415688813678,395.52,323.49345165567235,321.46052232527245,420.24,376.9495303703585,374.5806670983253,SEASON
QB,2022,00-0034869,Sam Darnold,6.0,10.959574593721774,14.386666666666668,12.223182133768496,12.87373869099768,86.32000000000001,133.9608763676831,141.09069948407117,244.57333333333335,207.79409627406443,218.85355774696055,PPG
QB,2022,00-0034869,Sam Darnold,6.0,10.959574593721774,14.386666666666668,12.223182133768496,12.87373869099768,86.32000000000001,133.9608763676831,141.09069948407117,244.57333333333335,207.79409627406443,218.85355774696055,SEASON
QB,2022,00-0035228,Kyler Murray,11.0,12.411421137358357,18.22909090909091,20.03011856388632,19.24464657612057,200.52,248.60223692761267,238.85341329585395,309.8945454545455,340.51201558606743,327.15899179404965,PPG
QB,2022,00-0035228,Kyler Murray,11.0,12.411421137358357,18.22909090909091,20.03011856388632,19.24464657612057,200.52,248.60223692761267,238.85341329585395,309.8945454545455,340.51201558606743,327.15899179404965,SEASON
QB,2022,00-0035289,Gardner Minshew,5.0,4.426265147357155,7.364,7.29969736877035,10.596329765967283,36.82,32.31039604964293,46.90216513300418,125.188,124.09485526909596,180.13760602144382,PPG
QB,2022,00-0035289,Gardner Minshew,5.0,4.426265147357155,7.364,7.29969736877035,10.596329765967283,36.82,32.31039604964293,46.90216513300418,125.188,124.09485526909596,180.13760602144382,SEASON
QB,2022,00-0035710,Daniel Jones,16.0,10.233651321903483,18.0625,15.438089365783721,14.053181989161654,289.0,157.9880236458167,143.81536444033438,307.0625,262.44751921832324,238.90409381574813,PPG
QB,2022,00-0035710,Daniel Jones,16.0,10.233651321903483,18.0625,15.438089365783721,14.053181989161654,289.0,157.9880236458167,143.81536444033438,307.0625,262.44751921832324,238.90409381574813,SEASON
QB,2022,00-0035993,Tyler Huntley,5.0,7.329958234630319,10.004000000000001,13.576073588049391,15.369307967825394,50.02000000000001,99.51205239066982,112.65638549933112,170.068,230.79325099683965,261.2782354530317,PPG
QB,2022,00-0035993,Tyler Huntley,5.0,7.329958234630319,10.004000000000001,13.576073588049391,15.369307967825394,50.02000000000001,99.51205239066982,112.65638549933112,170.068,230.79325099683965,261.2782354530317,SEASON
QB,2022,00-0036212,Tua Tagovailoa,13.0,11.685497865540064,17.763076923076923,11.072471776408296,13.102232954982465,230.92000000000002,129.38734530947175,153.1061152292563,301.9723076923077,188.23202019894103,222.73796023470192,PPG
QB,2022,00-0036212,Tua Tagovailoa,13.0,11.685497865540064,17.763076923076923,11.072471776408296,13.102232954982465,230.92000000000002,129.38734530947175,153.1061152292563,301.9723076923077,188.23202019894103,222.73796023470192,SEASON
QB,2022,00-0036264,Jordan Love,4.0,6.604034962812028,2.95,5.740461350633893,5.826228506836457,11.8,37.91020746225739,38.47661676048008,50.150000000000006,97.58784296077619,99.04588461621977,PPG
QB,2022,00-0036264,Jordan Love,4.0,6.604034962812028,2.95,5.740461350633893,5.826228506836457,11.8,37.91020746225739,38.47661676048008,50.150000000000006,97.58784296077619,99.04588461621977,SEASON
QB,2022,00-0036355,Justin Herbert,17.0,14.58919095281323,16.485882352941175,19.675200774013174,18.917089086768488,280.26,287.04526112701683,275.9850249582447,280.26,334.47841315822393,321.5905144750643,PPG
QB,2022,00-0036355,Justin Herbert,17.0,14.58919095281323,16.485882352941175,19.675200774013174,18.917089086768488,280.26,287.04526112701683,275.9850249582447,280.26,334.47841315822393,321.5905144750643,SEASON
QB,2022,00-0036389,Jalen Hurts,15.0,13.137344409176647,25.20266666666667,18.670168148886084,17.713542505878884,378.04,245.2764291491565,232.70890860632085,428.4453333333334,317.39285853106344,301.130222599941,PPG
QB,2022,00-0036389,Jalen Hurts,15.0,13.137344409176647,25.20266666666667,18.670168148886084,17.713542505878884,378.04,245.2764291491565,232.70890860632085,428.4453333333334,317.39285853106344,301.130222599941,SEASON
QB,2022,00-0036442,Joe Burrow,16.0,13.863267680994937,21.91875,19.060060257840423,17.25400366365009,350.7,264.23471737033515,239.19687135804853,372.61875,324.02102438328717,293.3180622820515,PPG
QB,2022,00-0036442,Joe Burrow,16.0,13.863267680994937,21.91875,19.060060257840423,17.25400366365009,350.7,264.23471737033515,239.19687135804853,372.61875,324.02102438328717,293.3180622820515,SEASON
QB,2022,00-0036879,Sam Ehlinger,4.0,4.426265147357155,8.905000000000001,2.270942539128942,2.3575185257837807,35.620000000000005,10.051793812597198,10.435002084925568,151.38500000000002,38.60602316519201,40.07781493832427,PPG
QB,2022,00-0036879,Sam Ehlinger,4.0,4.426265147357155,8.905000000000001,2.270942539128942,2.3575185257837807,35.620000000000005,10.051793812597198,10.435002084925568,151.38500000000002,38.60602316519201,40.07781493832427,SEASON
QB,2022,00-0036898,Davis Mills,15.0,11.685497865540064,12.101333333333335,12.42700759377999,11.471295957928938,181.52,145.21577071216623,134.04780443135698,205.7226666666667,211.25912909425983,195.01203128479193,PPG
QB,2022,00-0036898,Davis Mills,15.0,11.685497865540064,12.101333333333335,12.42700759377999,11.471295957928938,181.52,145.21577071216623,134.04780443135698,205.7226666666667,211.25912909425983,195.01203128479193,SEASON
QB,2022,00-0036945,Justin Fields,15.0,10.959574593721774,19.732000000000003,16.643423914212068,16.04992678758622,295.98,182.40484588273998,175.90036985232445,335.4440000000001,282.93820654160515,272.84875538896574,PPG
QB,2022,00-0036945,Justin Fields,15.0,10.959574593721774,19.732000000000003,16.643423914212068,16.04992678758622,295.98,182.40484588273998,175.90036985232445,335.4440000000001,282.93820654160515,272.84875538896574,SEASON
QB,2022,00-0036971,Trevor Lawrence,17.0,14.58919095281323,17.389411764705883,16.489018756570637,11.56920247610995,295.62,240.56144326412797,168.7853040957277,295.62,280.31331886170085,196.67644209386916,PPG
QB,2022,00-0036971,Trevor Lawrence,17.0,14.58919095281323,17.389411764705883,16.489018756570637,11.56920247610995,295.62,240.56144326412797,168.7853040957277,295.62,280.31331886170085,196.67644209386916,SEASON
QB,2022,00-0036972,Mac Jones,14.0,14.58919095281323,12.14857142857143,16.22627856809144,12.850508888584658,170.08,236.72827648342687,187.47852801638527,206.5257142857143,275.8467356575545,218.4586511059392,PPG
QB,2022,00-0036972,Mac Jones,14.0,14.58919095281323,12.14857142857143,16.22627856809144,12.850508888584658,170.08,236.72827648342687,187.47852801638527,206.5257142857143,275.8467356575545,218.4586511059392,SEASON
QB,2022,00-0037012,Trey Lance,2.0,6.604034962812028,6.23,11.209373697872078,8.574820837041614,12.46,74.02709581197276,56.628416607671916,105.91000000000001,190.55935286382532,145.77195422970743,PPG
QB,2022,00-0037012,Trey Lance,2.0,6.604034962812028,6.23,11.209373697872078,8.574820837041614,12.46,74.02709581197276,56.628416607671916,105.91000000000001,190.55935286382532,145.77195422970743,SEASON
QB,2022,00-0037013,Zach Wilson,9.0,11.685497865540064,10.191111111111109,10.594670439926478,12.271845250449765,91.71999999999998,123.80399881186128,143.4026214803687,173.24888888888884,180.10939747875014,208.621369257646,PPG
QB,2022,00-0037013,Zach Wilson,9.0,11.685497865540064,10.191111111111109,10.594670439926478,12.271845250449765,91.71999999999998,123.80399881186128,143.4026214803687,173.24888888888884,180.10939747875014,208.621369257646,SEASON
QB,2023,00-0023459,Aaron Rodgers,1.0,14.528296648575283,0.0,15.26294263656817,12.864549016362593,0.0,221.74455835425013,186.89998435985314,0.0,259.47002482165885,218.69733327816408,PPG
QB,2023,00-0023459,Aaron Rodgers,1.0,14.528296648575283,0.0,15.26294263656817,12.864549016362593,0.0,221.74455835425013,186.89998435985314,0.0,259.47002482165885,218.69733327816408,SEASON
QB,2023,00-0026158,Joe Flacco,5.0,5.491647322927805,20.168,8.059282481212197,9.732536769807021,100.84,44.25873706266792,53.447659497207155,342.856,137.00780218060734,165.45312508671935,PPG
QB,2023,00-0026158,Joe Flacco,5.0,5.491647322927805,20.168,8.059282481212197,9.732536769807021,100.84,44.25873706266792,53.447659497207155,342.856,137.00780218060734,165.45312508671935,SEASON
QB,2023,00-0026498,Matthew Stafford,15.0,8.503863764810298,16.073333333333334,10.824791431561465,11.594325084497335,241.10000000000002,92.05255161648454,98.59656096348797,273.24666666666667,184.0214543365449,197.1035264364547,PPG
QB,2023,00-0026498,Matthew Stafford,15.0,8.503863764810298,16.073333333333334,10.824791431561465,11.594325084497335,241.10000000000002,92.05255161648454,98.59656096348797,273.24666666666667,184.0214543365449,197.1035264364547,SEASON
QB,2023,00-0027973,Andy Dalton,2.0,12.269134317163413,11.819999999999999,11.999289742896648,11.118411882604182,23.639999999999997,147.2208975661602,136.41328878121644,200.93999999999997,203.98792562924302,189.0130020042711,PPG
QB,2023,00-0027973,Andy Dalton,2.0,12.269134317163413,11.819999999999999,11.999289742896648,11.118411882604182,23.639999999999997,147.2208975661602,136.41328878121644,200.93999999999997,203.98792562924302,189.0130020042711,SEASON
QB,2023,00-0029263,Russell Wilson,15.0,13.022188427634037,17.126666666666665,15.094055665567147,14.399423336906523,256.9,196.55763701421247,187.5120039424676,291.1533333333333,256.5989463146415,244.7901967274109,PPG
QB,2023,00-0029263,Russell Wilson,15.0,13.022188427634037,17.126666666666665,15.094055665567147,14.399423336906523,256.9,196.55763701421247,187.5120039424676,291.1533333333333,256.5989463146415,244.7901967274109,SEASON
QB,2023,00-0029604,Kirk Cousins,8.0,14.528296648575283,18.7175,16.449881251363593,14.342443645175354,149.74,238.98875465364708,208.37127594258098,318.1975,279.6479812731811,243.82154196798103,PPG
QB,2023,00-0029604,Kirk Cousins,8.0,14.528296648575283,18.7175,16.449881251363593,14.342443645175354,149.74,238.98875465364708,208.37127594258098,318.1975,279.6479812731811,243.82154196798103,SEASON
QB,2023,00-0029701,Ryan Tannehill,9.0,10.763026096222168,8.893333333333334,12.891107604444324,13.313065836221977,80.04,138.7473275558423,143.28887501598095,151.1866666666667,219.1488292755535,226.3221192157736,PPG
QB,2023,00-0029701,Ryan Tannehill,9.0,10.763026096222168,8.893333333333334,12.891107604444324,13.313065836221977,80.04,138.7473275558423,143.28887501598095,151.1866666666667,219.1488292755535,226.3221192157736,SEASON
QB,2023,00-0030565,Geno Smith,15.0,14.528296648575283,15.097333333333333,17.32753341397443,15.959701662241358,226.46,251.73954562632093,231.8672801718025,256.6546666666667,294.5680680375653,271.31492825810307,PPG
QB,2023,00-0030565,Geno Smith,15.0,14.528296648575283,15.097333333333333,17.32753341397443,15.959701662241358,226.46,251.73954562632093,231.8672801718025,256.6546666666667,294.5680680375653,271.31492825810307,SEASON
QB,2023,00-0031237,Teddy Bridgewater,1.0,5.491647322927805,0.0,5.282662778732996,7.563871340337478,0.0,29.010520906759414,41.538113797134656,0.0,89.80526723846093,128.58581278573712,PPG
QB,2023,00-0031237,Teddy Bridgewater,1.0,5.491647322927805,0.0,5.282662778732996,7.563871340337478,0.0,29.010520906759414,41.538113797134656,0.0,89.80526723846093,128.58581278573712,SEASON
QB,2023,00-0031280,Derek Carr,17.0,13.022188427634037,14.183529411764706,14.672006758543866,12.707641373975239,241.12,191.0616366212783,165.48130044270385,241.12,249.4241148952457,216.02990335757906,PPG
QB,2023,00-0031280,Derek Carr,17.0,13.022188427634037,14.183529411764706,14.672006758543866,12.707641373975239,241.12,191.0616366212783,165.48130044270385,241.12,249.4241148952457,216.02990335757906,SEASON
QB,2023,00-0031345,Jimmy Garoppolo,7.0,10.009971985751545,9.157142857142857,12.867900929710325,13.22162320180449,64.1,128.80732782182662,132.3480778562256,155.67142857142855,218.75431580507552,224.76759443067635,PPG
QB,2023,00-0031345,Jimmy Garoppolo,7.0,10.009971985751545,9.157142857142857,12.867900929710325,13.22162320180449,64.1,128.80732782182662,132.3480778562256,155.67142857142855,218.75431580507552,224.76759443067635,SEASON
QB,2023,00-0031503,Jameis Winston,6.0,3.985539101986558,2.0933333333333333,9.55394204529248,13.462195130208631,12.559999999999999,38.07760959962661,53.65410509001952,35.586666666666666,162.41701476997216,228.85731721354674,PPG
QB,2023,00-0031503,Jameis Winston,6.0,3.985539101986558,2.0933333333333333,9.55394204529248,13.462195130208631,12.559999999999999,38.07760959962661,53.65410509001952,35.586666666666666,162.41701476997216,228.85731721354674,SEASON
QB,2023,00-0031800,Taylor Heinicke,5.0,8.503863764810298,13.2,8.870589795975562,12.383254254942953,66.0,75.43428713849255,105.30550714904231,224.39999999999998,150.80002653158454,210.5153223340302,PPG
QB,2023,00-0031800,Taylor Heinicke,5.0,8.503863764810298,13.2,8.870589795975562,12.383254254942953,66.0,75.43428713849255,105.30550714904231,224.39999999999998,150.80002653158454,210.5153223340302,SEASON
QB,2023,00-0032268,Marcus Mariota,2.0,11.51608020669279,5.880000000000001,15.998034081934815,15.865628461881599,11.760000000000002,184.23464363696618,182.70984989661645,99.96000000000001,271.96657939289184,269.7156838519872,PPG
QB,2023,00-0032268,Marcus Mariota,2.0,11.51608020669279,5.880000000000001,15.998034081934815,15.865628461881599,11.760000000000002,184.23464363696618,182.70984989661645,99.96000000000001,271.96657939289184,269.7156838519872,SEASON
QB,2023,00-0032436,Jeff Driskel,1.0,6.997755543869051,13.940000000000001,3.6477109944219785,5.5873620148206,13.940000000000001,25.52578983364849,39.098993514814204,236.98000000000002,62.011086905173634,94.98515425195019,PPG
QB,2023,00-0032436,Jeff Driskel,1.0,6.997755543869051,13.940000000000001,3.6477109944219785,5.5873620148206,13.940000000000001,25.52578983364849,39.098993514814204,236.98000000000002,62.011086905173634,94.98515425195019,SEASON
QB,2023,00-0032950,Carson Wentz,1.0,7.750809654339674,26.12,12.340390497498642,12.865871798660294,26.12,95.64801780633405,99.72092334855276,444.04,209.78663845747693,218.719820577225,PPG
QB,2023,00-0032950,Carson Wentz,1.0,7.750809654339674,26.12,12.340390497498642,12.865871798660294,26.12,95.64801780633405,99.72092334855276,444.04,209.78663845747693,218.719820577225,SEASON
QB,2023,00-0033077,Dak Prescott,17.0,10.763026096222168,20.167058823529413,15.330757666287916,17.022079045883846,342.84000000000003,165.0053448371149,183.20908098280438,342.84000000000003,260.6228803268946,289.3753437800254,PPG
QB,2023,00-0033077,Dak Prescott,17.0,10.763026096222168,20.167058823529413,15.330757666287916,17.022079045883846,342.84000000000003,165.0053448371149,183.20908098280438,342.84000000000003,260.6228803268946,289.3753437800254,SEASON
QB,2023,00-0033106,Jared Goff,17.0,14.528296648575283,17.00588235294118,16.376023720315956,13.955015463573105,289.1,237.91573053285566,202.7426043902454,289.1,278.39240324537127,237.23526288074277,PPG
QB,2023,00-0033106,Jared Goff,17.0,14.528296648575283,17.00588235294118,16.376023720315956,13.955015463573105,289.1,237.91573053285566,202.7426043902454,289.1,278.39240324537127,237.23526288074277,SEASON
QB,2023,00-0033119,Jacoby Brissett,2.0,12.269134317163413,11.43,13.429626034393273,11.502541339891488,22.86,164.7698856452457,141.1262246878535,194.31,228.30364258468563,195.5432027781553,PPG
QB,2023,00-0033119,Jacoby Brissett,2.0,12.269134317163413,11.43,13.429626034393273,11.502541339891488,22.86,164.7698856452457,141.1262246878535,194.31,228.30364258468563,195.5432027781553,SEASON
QB,2023,00-0033275,PJ Walker,5.0,6.244701433398428,3.9920000000000004,5.954404014333214,7.815083108411794,19.96,37.18347528333998,48.802860689226975,67.864,101.22486824366464,132.8564128430005,PPG
QB,2023,00-0033275,PJ Walker,5.0,6.244701433398428,3.9920000000000004,5.954404014333214,7.815083108411794,19.96,37.18347528333998,48.802860689226975,67.864,101.22486824366464,132.8564128430005,SEASON
QB,2023,00-0033319,Nick Mullens,5.0,4.7385932124571815,13.347999999999999,2.74410557966464,4.485941412973118,66.74,13.003200074064743,21.257051530994996,226.916,46.64979485429888,76.26100402054301,PPG
QB,2023,00-0033319,Nick Mullens,5.0,4.7385932124571815,13.347999999999999,2.74410557966464,4.485941412973118,66.74,13.003200074064743,21.257051530994996,226.916,46.64979485429888,76.26100402054301,SEASON
QB,2023,00-0033537,Deshaun Watson,6.0,6.244701433398428,14.466666666666669,12.026816639058481,13.35426124507645,86.80000000000001,75.10387910514856,83.39337433910599,245.93333333333337,204.4558828639942,227.02244116629967,PPG
QB,2023,00-0033537,Deshaun Watson,6.0,6.244701433398428,14.466666666666669,12.026816639058481,13.35426124507645,86.80000000000001,75.10387910514856,83.39337433910599,245.93333333333337,204.4558828639942,227.02244116629967,SEASON
QB,2023,00-0033662,Cooper Rush,7.0,7.750809654339674,0.5371428571428573,7.86088447495155,7.996148811204898,3.7600000000000007,60.928219280103335,61.97662740342363,9.131428571428573,133.63503607417636,135.93452979048325,PPG
QB,2023,00-0033662,Cooper Rush,7.0,7.750809654339674,0.5371428571428573,7.86088447495155,7.996148811204898,3.7600000000000007,60.928219280103335,61.97662740342363,9.131428571428573,133.63503607417636,135.93452979048325,SEASON
QB,2023,00-0033869,Mitchell Trubisky,5.0,6.997755543869051,9.736,9.816611322315124,10.489284233140491,48.68000000000001,68.69424630273835,73.4014468936771,165.512,166.8823924793571,178.31783196338836,PPG
QB,2023,00-0033869,Mitchell Trubisky,5.0,6.997755543869051,9.736,9.816611322315124,10.489284233140491,48.68000000000001,68.69424630273835,73.4014468936771,165.512,166.8823924793571,178.31783196338836,SEASON
QB,2023,00-0033873,Patrick Mahomes,16.0,14.528296648575283,17.51375,19.063519874932087,16.263439507235123,280.22,276.96047190902414,236.28007368727089,297.73375000000004,324.07983787384546,276.4784716229971,PPG
QB,2023,00-0033873,Patrick Mahomes,16.0,14.528296648575283,17.51375,19.063519874932087,16.263439507235123,280.22,276.96047190902414,236.28007368727089,297.73375000000004,324.07983787384546,276.4784716229971,SEASON
QB,2023,00-0033936,C.J. Beathard,6.0,4.7385932124571815,3.5766666666666667,3.3152083159996506,2.470021787141636,21.46,15.709423624077546,11.704428475170713,60.803333333333335,56.35854137199406,41.99037038140781,PPG
QB,2023,00-0033936,C.J. Beathard,6.0,4.7385932124571815,3.5766666666666667,3.3152083159996506,2.470021787141636,21.46,15.709423624077546,11.704428475170713,60.803333333333335,56.35854137199406,41.99037038140781,SEASON
QB,2023,00-0033958,Nathan Peterman,1.0,3.985539101986558,0.0,3.5380240784243266,4.367242126217521,0.0,14.100933308330111,17.405814261882846,0.0,60.146409333213555,74.24311614569785,PPG
QB,2023,00-0033958,Nathan Peterman,1.0,3.985539101986558,0.0,3.5380240784243266,4.367242126217521,0.0,14.100933308330111,17.405814261882846,0.0,60.146409333213555,74.24311614569785,SEASON
QB,2023,00-0034401,Mike White,6.0,4.7385932124571815,0.49333333333333335,10.279926431314976,12.942860655061342,2.96,48.71238961198832,61.330951649852786,8.386666666666667,174.7587493323546,220.0286311360428,PPG
QB,2023,00-0034401,Mike White,6.0,4.7385932124571815,0.49333333333333335,10.279926431314976,12.942860655061342,2.96,48.71238961198832,61.330951649852786,8.386666666666667,174.7587493323546,220.0286311360428,SEASON
QB,2023,00-0034796,Lamar Jackson,16.0,10.763026096222168,20.70125,19.212484247675512,20.332019476922458,331.22,206.78446933098886,218.8340562190138,351.92125000000004,326.6122322104837,345.6443311076818,PPG
QB,2023,00-0034796,Lamar Jackson,16.0,10.763026096222168,20.70125,19.212484247675512,20.332019476922458,331.22,206.78446933098886,218.8340562190138,351.92125000000004,326.6122322104837,345.6443311076818,SEASON
QB,2023,00-0034855,Baker Mayfield,17.0,10.763026096222168,16.121176470588235,12.12235984343183,10.9824612604073,274.06,130.47327534265247,118.20451714651277,274.06,206.08011733834113,186.7018414269241,PPG
QB,2023,00-0034855,Baker Mayfield,17.0,10.763026096222168,16.121176470588235,12.12235984343183,10.9824612604073,274.06,130.47327534265247,118.20451714651277,274.06,206.08011733834113,186.7018414269241,SEASON
QB,2023,00-0034857,Josh Allen,17.0,13.77524253810466,23.09647058823529,22.163374927195,19.870930803297945,392.64,305.3058650850588,273.72689127332404,392.64,376.777373762315,337.80582365606506,PPG
QB,2023,00-0034857,Josh Allen,17.0,13.77524253810466,23.09647058823529,22.163374927195,19.870930803297945,392.64,305.3058650850588,273.72689127332404,392.64,376.777373762315,337.80582365606506,SEASON
QB,2023,00-0034869,Sam Darnold,10.0,6.244701433398428,2.338,11.551220014832724,14.171069594119029,23.380000000000003,72.13392018412652,88.49409860718399,39.746,196.3707402521563,240.90818310002348,PPG
QB,2023,00-0034869,Sam Darnold,10.0,6.244701433398428,2.338,11.551220014832724,14.171069594119029,23.380000000000003,72.13392018412652,88.49409860718399,39.746,196.3707402521563,240.90818310002348,SEASON
QB,2023,00-0034955,Brett Rypien,2.0,4.7385932124571815,2.39,5.534136269202848,6.539359203324908,4.78,26.224020562057724,30.98736313469481,40.63,94.08031657644841,111.16910645652344,PPG
QB,2023,00-0034955,Brett Rypien,2.0,4.7385932124571815,2.39,5.534136269202848,6.539359203324908,4.78,26.224020562057724,30.98736313469481,40.63,94.08031657644841,111.16910645652344,SEASON
QB,2023,00-0035228,Kyler Murray,8.0,10.009971985751545,18.295,16.235936918835858,16.45041525808361,146.36,162.5212737199762,164.6681958873967,311.01500000000004,276.0109276202096,279.6570593874213,PPG
QB,2023,00-0035228,Kyler Murray,8.0,10.009971985751545,18.295,16.235936918835858,16.45041525808361,146.36,162.5212737199762,164.6681958873967,311.01500000000004,276.0109276202096,279.6570593874213,SEASON
QB,2023,00-0035264,Jarrett Stidham,2.0,3.985539101986558,13.32,11.461560916886688,12.729666110124391,26.64,45.6804992040528,50.73458203713389,226.44,194.8465355870737,216.40432387211465,PPG
QB,2023,00-0035264,Jarrett Stidham,2.0,3.985539101986558,13.32,11.461560916886688,12.729666110124391,26.64,45.6804992040528,50.73458203713389,226.44,194.8465355870737,216.40432387211465,SEASON
QB,2023,00-0035289,Gardner Minshew,16.0,5.491647322927805,12.2625,7.6707837973625335,7.720653345543662,196.2,42.125239305543936,42.39910527630845,208.46249999999998,130.40332455516307,131.25110687424225,PPG
QB,2023,00-0035289,Gardner Minshew,16.0,5.491647322927805,12.2625,7.6707837973625335,7.720653345543662,196.2,42.125239305543936,42.39910527630845,208.46249999999998,130.40332455516307,131.25110687424225,SEASON
QB,2023,00-0035710,Daniel Jones,6.0,13.77524253810466,9.493333333333334,19.082218741364237,17.85401794785856,56.96000000000001,262.8621913274586,245.94342751142528,161.38666666666668,324.397718603192,303.5183051135955,PPG
QB,2023,00-0035710,Daniel Jones,6.0,13.77524253810466,9.493333333333334,19.082218741364237,17.85401794785856,56.96000000000001,262.8621913274586,245.94342751142528,161.38666666666668,324.397718603192,303.5183051135955,SEASON
QB,2023,00-0035993,Tyler Huntley,5.0,5.491647322927805,5.1240000000000006,9.599978569125327,11.026904359160685,25.620000000000005,52.7196966093014,60.55586980416572,87.108,163.19963567513054,187.45737410573165,PPG
QB,2023,00-0035993,Tyler Huntley,5.0,5.491647322927805,5.1240000000000006,9.599978569125327,11.026904359160685,25.620000000000005,52.7196966093014,60.55586980416572,87.108,163.19963567513054,187.45737410573165,SEASON
QB,2023,00-0036212,Tua Tagovailoa,17.0,11.51608020669279,15.903529411764707,14.746589142233825,14.351462873771485,270.36,169.82290333710975,165.27259753772623,270.36,250.69201541797503,243.97486885411524,PPG
QB,2023,00-0036212,Tua Tagovailoa,17.0,11.51608020669279,15.903529411764707,14.746589142233825,14.351462873771485,270.36,169.82290333710975,165.27259753772623,270.36,250.69201541797503,243.97486885411524,SEASON
QB,2023,00-0036264,Jordan Love,17.0,4.7385932124571815,18.76823529411765,3.8651313389991087,4.228314468501226,319.06,18.315285128236713,20.036262240574406,319.06,65.70723276298484,71.88134596452085,PPG
QB,2023,00-0036264,Jordan Love,17.0,4.7385932124571815,18.76823529411765,3.8651313389991087,4.228314468501226,319.06,18.315285128236713,20.036262240574406,319.06,65.70723276298484,71.88134596452085,SEASON
QB,2023,00-0036355,Justin Herbert,13.0,14.528296648575283,17.858461538461537,15.937097114737565,15.47304600938631,232.15999999999997,231.53887460006058,224.7970024814183,303.59384615384613,270.9306509505386,263.0417821595673,PPG
QB,2023,00-0036355,Justin Herbert,13.0,14.528296648575283,17.858461538461537,15.937097114737565,15.47304600938631,232.15999999999997,231.53887460006058,224.7970024814183,303.59384615384613,270.9306509505386,263.0417821595673,SEASON
QB,2023,00-0036389,Jalen Hurts,17.0,13.022188427634037,20.98941176470588,23.703299175625062,22.978237297971702,356.82,308.6688282215721,299.2269358290759,356.82,402.95608598562603,390.63003406551894,PPG
QB,2023,00-0036389,Jalen Hurts,17.0,13.022188427634037,20.98941176470588,23.703299175625062,22.978237297971702,356.82,308.6688282215721,299.2269358290759,356.82,402.95608598562603,390.63003406551894,SEASON
QB,2023,00-0036442,Joe Burrow,10.0,13.77524253810466,14.716000000000001,18.838796915417134,18.44033134034488,147.16000000000003,259.50899663596897,254.0200366962633,250.17200000000003,320.25954756209126,313.48563278586295,PPG
QB,2023,00-0036442,Joe Burrow,10.0,13.77524253810466,14.716000000000001,18.838796915417134,18.44033134034488,147.16000000000003,259.50899663596897,254.0200366962633,250.17200000000003,320.25954756209126,313.48563278586295,SEASON
QB,2023,00-0036898,Davis Mills,5.0,13.022188427634037,3.5640000000000005,13.26389759756686,12.021899044018362,17.820000000000004,172.72497380035807,156.55143460920058,60.58800000000001,225.4862591586366,204.37228374831216,PPG
QB,2023,00-0036898,Davis Mills,5.0,13.022188427634037,3.5640000000000005,13.26389759756686,12.021899044018362,17.820000000000004,172.72497380035807,156.55143460920058,60.58800000000001,225.4862591586366,204.37228374831216,SEASON
QB,2023,00-0036945,Justin Fields,13.0,13.022188427634037,17.706153846153846,20.710930721149808,21.145096903859347,230.18,269.7016423624873,275.35543620263746,301.00461538461536,352.0858222595467,359.4666473656089,PPG
QB,2023,00-0036945,Justin Fields,13.0,13.022188427634037,17.706153846153846,20.710930721149808,21.145096903859347,230.18,269.7016423624873,275.35543620263746,301.00461538461536,352.0858222595467,359.4666473656089,SEASON
QB,2023,00-0036971,Trevor Lawrence,16.0,14.528296648575283,16.40875,18.064590628481138,14.079023297964191,262.54,262.447731485647,204.5442269950265,278.94875,307.09804068417935,239.34339606539126,PPG
QB,2023,00-0036971,Trevor Lawrence,16.0,14.528296648575283,16.40875,18.064590628481138,14.079023297964191,262.54,262.447731485647,204.5442269950265,278.94875,307.09804068417935,239.34339606539126,SEASON
QB,2023,00-0036972,Mac Jones,11.0,12.269134317163413,9.672727272727274,13.913056834532078,12.52111521430132,106.4,170.70116306520248,153.62324436494126,164.43636363636367,236.52196618704534,212.85895864312243,PPG
QB,2023,00-0036972,Mac Jones,11.0,12.269134317163413,9.672727272727274,13.913056834532078,12.52111521430132,106.4,170.70116306520248,153.62324436494126,164.43636363636367,236.52196618704534,212.85895864312243,SEASON
QB,2023,00-0037013,Zach Wilson,12.0,8.503863764810298,9.995,11.112576734675972,11.709760130723762,119.94,94.49983862768494,99.5782048702821,169.915,188.91380448949153,199.06592222230395,PPG
QB,2023,00-0037013,Zach Wilson,12.0,8.503863764810298,9.995,11.112576734675972,11.709760130723762,119.94,94.49983862768494,99.5782048702821,169.915,188.91380448949153,199.06592222230395,SEASON
QB,2023,00-0037834,Brock Purdy,16.0,8.503863764810298,18.475,9.111905442599921,9.891301269870807,295.6,77.48640252170321,84.11427845567644,314.07500000000005,154.90239252419866,168.15212158780372,PPG
QB,2023,00-0037834,Brock Purdy,16.0,8.503863764810298,18.475,9.111905442599921,9.891301269870807,295.6,77.48640252170321,84.11427845567644,314.07500000000005,154.90239252419866,168.15212158780372,SEASON
QB,2023,00-0038102,Kenny Pickett,12.0,11.51608020669279,9.183333333333334,12.299153234036094,6.692347600806336,110.2,141.63803511756467,77.06961174195382,156.11666666666667,209.0856049786136,113.7699092137077,PPG
QB,2023,00-0038102,Kenny Pickett,12.0,11.51608020669279,9.183333333333334,12.299153234036094,6.692347600806336,110.2,141.63803511756467,77.06961174195382,156.11666666666667,209.0856049786136,113.7699092137077,SEASON
QB,2023,00-0038108,Bailey Zappe,10.0,4.7385932124571815,6.917999999999999,7.174581693669021,10.371068907406654,69.17999999999999,33.99742411583957,49.144276730562886,117.606,121.96788879237336,176.30817142591312,PPG
QB,2023,00-0038108,Bailey Zappe,10.0,4.7385932124571815,6.917999999999999,7.174581693669021,10.371068907406654,69.17999999999999,33.99742411583957,49.144276730562886,117.606,121.96788879237336,176.30817142591312,SEASON
QB,2023,00-0038122,Desmond Ridder,15.0,4.7385932124571815,11.782666666666668,8.795709904204672,11.931749723195948,176.74,41.67929125080666,56.539708251074174,200.30533333333335,149.52706837147943,202.8397452943311,PPG
QB,2023,00-0038122,Desmond Ridder,15.0,4.7385932124571815,11.782666666666668,8.795709904204672,11.931749723195948,176.74,41.67929125080666,56.539708251074174,200.30533333333335,149.52706837147943,202.8397452943311,SEASON
QB,2023,00-0038128,Malik Willis,2.0,6.997755543869051,1.53,7.4958419223124135,6.139607670154137,3.06,52.454069367827735,42.96347361100206,26.01,127.42931267931102,104.37333039262033,PPG
QB,2023,00-0038128,Malik Willis,2.0,6.997755543869051,1.53,7.4958419223124135,6.139607670154137,3.06,52.454069367827735,42.96347361100206,26.01,127.42931267931102,104.37333039262033,SEASON
QB,2024,00-0026158,Joe Flacco,7.0,5.796932660181994,14.14857142857143,14.731038258173632,17.882000697134444,99.04,85.3948367971972,103.66075387061585,240.5257142857143,250.42765038895175,303.99401185128556,PPG
QB,2024,00-0026158,Joe Flacco,7.0,5.796932660181994,14.14857142857143,14.731038258173632,17.882000697134444,99.04,85.3948367971972,103.66075387061585,240.5257142857143,250.42765038895175,303.99401185128556,SEASON
QB,2024,00-0026498,Matthew Stafford,16.0,12.654691461641345,13.411249999999999,14.39095501489922,13.495841005257624,214.57999999999998,182.11309555190985,170.7857039369028,227.99124999999998,244.64623525328673,229.42929708937962,PPG
QB,2024,00-0026498,Matthew Stafford,16.0,12.654691461641345,13.411249999999999,14.39095501489922,13.495841005257624,214.57999999999998,182.11309555190985,170.7857039369028,227.99124999999998,244.64623525328673,229.42929708937962,SEASON
QB,2024,00-0028118,Tyrod Taylor,2.0,9.22581206091167,10.03,11.508596826759893,9.469350780088298,20.06,106.1761514084912,87.36245063594195,170.51,195.64614605491818,160.97896326150106,PPG
QB,2024,00-0028118,Tyrod Taylor,2.0,9.22581206091167,10.03,11.508596826759893,9.469350780088298,20.06,106.1761514084912,87.36245063594195,170.51,195.64614605491818,160.97896326150106,SEASON
QB,2024,00-0029263,Russell Wilson,11.0,12.654691461641345,15.707272727272727,15.982299010107603,15.242576170154095,172.78,202.25106282060761,192.89009851386686,267.02363636363634,271.6990831718293,259.1237948926196,PPG
QB,2024,00-0029263,Russell Wilson,11.0,12.654691461641345,15.707272727272727,15.982299010107603,15.242576170154095,172.78,202.25106282060761,192.89009851386686,267.02363636363634,271.6990831718293,259.1237948926196,SEASON
QB,2024,00-0029604,Kirk Cousins,14.0,7.854260300619799,12.594285714285714,13.269304833545862,13.706369127705791,176.32,104.22057417094167,107.65339090538042,214.10285714285715,225.57818217027966,233.00827517099844,PPG
QB,2024,00-0029604,Kirk Cousins,14.0,7.854260300619799,12.594285714285714,13.269304833545862,13.706369127705791,176.32,104.22057417094167,107.65339090538042,214.10285714285715,225.57818217027966,233.00827517099844,SEASON
QB,2024,00-0030565,Geno Smith,17.0,12.654691461641345,15.647058823529413,14.93149407872988,13.725829334253133,266.0,188.9534506276513,173.69613528011942,266.0,253.83539933840797,233.33909868230324,PPG
QB,2024,00-0030565,Geno Smith,17.0,12.654691461641345,15.647058823529413,14.93149407872988,13.725829334253133,266.0,188.9534506276513,173.69613528011942,266.0,253.83539933840797,233.33909868230324,SEASON
QB,2024,00-0031280,Derek Carr,10.0,14.026243221933214,15.09,15.56444884016261,12.383545347261567,150.9,218.3107450474571,173.69461899053013,256.53,264.5956302827644,210.52027090344663,PPG
QB,2024,00-0031280,Derek Carr,10.0,14.026243221933214,15.09,15.56444884016261,12.383545347261567,150.9,218.3107450474571,173.69461899053013,256.53,264.5956302827644,210.52027090344663,SEASON
QB,2024,00-0031345,Jimmy Garoppolo,1.0,7.168484420473864,19.86,9.538608709573106,9.953480636972804,19.86,68.37736792757111,71.35137087562782,337.62,162.1563480627428,169.20917082853768,PPG
QB,2024,00-0031345,Jimmy Garoppolo,1.0,7.168484420473864,19.86,9.538608709573106,9.953480636972804,19.86,68.37736792757111,71.35137087562782,337.62,162.1563480627428,169.20917082853768,SEASON
QB,2024,00-0031503,Jameis Winston,11.0,6.482708540327929,11.921818181818182,6.842288099737431,4.381818967154287,131.14,44.356559499552,28.406055240542003,202.6709090909091,116.31889769553632,74.49092244162289,PPG
QB,2024,00-0031503,Jameis Winston,11.0,6.482708540327929,11.921818181818182,6.842288099737431,4.381818967154287,131.14,44.356559499552,28.406055240542003,202.6709090909091,116.31889769553632,74.49092244162289,SEASON
QB,2024,00-0031800,Taylor Heinicke,4.0,5.796932660181994,0.78,10.881286995567923,12.724948213367236,3.12,63.0780879694213,73.76566789719305,13.26,184.9818789246547,216.32411962724302,PPG
QB,2024,00-0031800,Taylor Heinicke,4.0,5.796932660181994,0.78,10.881286995567923,12.724948213367236,3.12,63.0780879694213,73.76566789719305,13.26,184.9818789246547,216.32411962724302,SEASON
QB,2024,00-0033077,Dak Prescott,8.0,14.026243221933214,14.565000000000001,18.02340597305144,17.353018892601426,116.52000000000001,252.80067586566335,243.39766362242977,247.60500000000002,306.3979015418745,295.00132117422424,PPG
QB,2024,00-0033077,Dak Prescott,8.0,14.026243221933214,14.565000000000001,18.02340597305144,17.353018892601426,116.52000000000001,252.80067586566335,243.39766362242977,247.60500000000002,306.3979015418745,295.00132117422424,SEASON
QB,2024,00-0033106,Jared Goff,17.0,14.026243221933214,18.632941176470588,16.395768009359287,13.991529952990405,316.76,229.97102990966513,196.2486021676072,316.76,278.7280561591079,237.85600920083687,PPG
QB,2024,00-0033106,Jared Goff,17.0,14.026243221933214,18.632941176470588,16.395768009359287,13.991529952990405,316.76,229.97102990966513,196.2486021676072,316.76,278.7280561591079,237.85600920083687,SEASON
QB,2024,00-0033319,Nick Mullens,4.0,5.796932660181994,0.38,11.35358074184432,13.995343299289424,1.52,65.81594301241066,81.13006266211009,6.46,193.01087261135345,237.9208360879202,PPG
QB,2024,00-0033319,Nick Mullens,4.0,5.796932660181994,0.38,11.35358074184432,13.995343299289424,1.52,65.81594301241066,81.13006266211009,6.46,193.01087261135345,237.9208360879202,SEASON
QB,2024,00-0033537,Deshaun Watson,7.0,6.482708540327929,10.96,10.253870727579626,14.094687035441087,76.72,66.47285533709899,91.37174801790327,186.32000000000002,174.31580236885364,239.6096796024985,PPG
QB,2024,00-0033537,Deshaun Watson,7.0,6.482708540327929,10.96,10.253870727579626,14.094687035441087,76.72,66.47285533709899,91.37174801790327,186.32000000000002,174.31580236885364,239.6096796024985,SEASON
QB,2024,00-0033662,Cooper Rush,12.0,7.168484420473864,9.13,5.757522222157306,3.649088947541593,109.56,41.27270835006671,26.15843726937528,155.21,97.8778777766742,62.03451210820708,PPG
QB,2024,00-0033662,Cooper Rush,12.0,7.168484420473864,9.13,5.757522222157306,3.649088947541593,109.56,41.27270835006671,26.15843726937528,155.21,97.8778777766742,62.03451210820708,SEASON
QB,2024,00-0033869,Mitchell Trubisky,8.0,5.796932660181994,1.9075,7.146648695826753,10.485321429614572,15.26,41.42864123568516,60.78270224783888,32.4275,121.49302782905481,178.25046430344773,PPG
QB,2024,00-0033869,Mitchell Trubisky,8.0,5.796932660181994,1.9075,7.146648695826753,10.485321429614572,15.26,41.42864123568516,60.78270224783888,32.4275,121.49302782905481,178.25046430344773,SEASON
QB,2024,00-0033873,Patrick Mahomes,16.0,13.34046734178728,17.61375,15.959093203375055,15.704976809354298,281.82,212.90176168416426,209.5117302287176,299.43375,271.30458445737594,266.98460575902305,PPG
QB,2024,00-0033873,Patrick Mahomes,16.0,13.34046734178728,17.61375,15.959093203375055,15.704976809354298,281.82,212.90176168416426,209.5117302287176,299.43375,271.30458445737594,266.98460575902305,SEASON
QB,2024,00-0033949,Joshua Dobbs,2.0,11.283139701349475,15.419999999999998,15.462554176457218,16.857054467013313,30.839999999999996,174.46615891265157,190.20050050456842,262.14,262.8634209997727,286.5699259392263,PPG
QB,2024,00-0033949,Joshua Dobbs,2.0,11.283139701349475,15.419999999999998,15.462554176457218,16.857054467013313,30.839999999999996,174.46615891265157,190.20050050456842,262.14,262.8634209997727,286.5699259392263,SEASON
QB,2024,00-0034177,Tim Boyle,3.0,4.425380899890124,4.6466666666666665,5.479066940806676,6.224978920886683,13.94,24.246958189065275,27.547902818710558,78.99333333333333,93.14413799371349,105.8246416550736,PPG
QB,2024,00-0034177,Tim Boyle,3.0,4.425380899890124,4.6466666666666665,5.479066940806676,6.224978920886683,13.94,24.246958189065275,27.547902818710558,78.99333333333333,93.14413799371349,105.8246416550736,SEASON
QB,2024,00-0034401,Mike White,1.0,6.482708540327929,1.12,2.4489379554657216,3.409806904418501,1.12,15.875750998630851,22.104784340142956,19.040000000000003,41.63194524291727,57.96671737511452,PPG
QB,2024,00-0034401,Mike White,1.0,6.482708540327929,1.12,2.4489379554657216,3.409806904418501,1.12,15.875750998630851,22.104784340142956,19.040000000000003,41.63194524291727,57.96671737511452,SEASON
QB,2024,00-0034577,Kyle Allen,1.0,6.482708540327929,0.76,5.788577343897001,3.0182110822940875,0.76,37.52565978362984,19.566182759700283,12.92,98.40581484624902,51.30958839899949,PPG
QB,2024,00-0034577,Kyle Allen,1.0,6.482708540327929,0.76,5.788577343897001,3.0182110822940875,0.76,37.52565978362984,19.566182759700283,12.92,98.40581484624902,51.30958839899949,SEASON
QB,2024,00-0034771,Mason Rudolph,8.0,5.111156780036059,11.975000000000001,8.21630639857638,10.22021322367879,95.80000000000001,41.99483015593732,52.237112111620036,203.57500000000002,139.67720877579848,173.74362480253944,PPG
QB,2024,00-0034771,Mason Rudolph,8.0,5.111156780036059,11.975000000000001,8.21630639857638,10.22021322367879,95.80000000000001,41.99483015593732,52.237112111620036,203.57500000000002,139.67720877579848,173.74362480253944,SEASON
QB,2024,00-0034796,Lamar Jackson,17.0,13.34046734178728,25.316470588235294,21.270366865839193,19.03327201084086,430.38,283.75663452156203,253.9127436679764,430.38,361.5962367192663,323.5656241842946,PPG
QB,2024,00-0034796,Lamar Jackson,17.0,13.34046734178728,25.316470588235294,21.270366865839193,19.03327201084086,430.38,283.75663452156203,253.9127436679764,430.38,361.5962367192663,323.5656241842946,SEASON
QB,2024,00-0034855,Baker Mayfield,17.0,14.026243221933214,21.517647058823528,15.248776287847122,12.258418909627464,365.79999999999995,213.8830450501916,171.93956514278017,365.79999999999995,259.2291968934011,208.3931214636669,PPG
QB,2024,00-0034855,Baker Mayfield,17.0,14.026243221933214,21.517647058823528,15.248776287847122,12.258418909627464,365.79999999999995,213.8830450501916,171.93956514278017,365.79999999999995,259.2291968934011,208.3931214636669,SEASON
QB,2024,00-0034857,Josh Allen,16.0,14.026243221933214,23.271250000000002,21.071365294928402,18.34191127350202,372.34000000000003,295.55209464486825,257.2681086772581,395.61125000000004,358.2132100137828,311.81249164953437,PPG
QB,2024,00-0034857,Josh Allen,16.0,14.026243221933214,23.271250000000002,21.071365294928402,18.34191127350202,372.34000000000003,295.55209464486825,257.2681086772581,395.61125000000004,358.2132100137828,311.81249164953437,SEASON
QB,2024,00-0034869,Sam Darnold,17.0,9.22581206091167,18.115294117647057,7.328180162744203,4.717686374632363,307.96,67.60841292997911,43.52448785468191,307.96,124.57906276665145,80.20066836875017,PPG
QB,2024,00-0034869,Sam Darnold,17.0,9.22581206091167,18.115294117647057,7.328180162744203,4.717686374632363,307.96,67.60841292997911,43.52448785468191,307.96,124.57906276665145,80.20066836875017,SEASON
QB,2024,00-0035100,Jake Browning,2.0,8.540036180765734,0.0,12.665538722439319,14.099062265330407,0.0,108.16415893852118,120.40650186079056,0.0,215.31415828146842,239.68405851061692,PPG
QB,2024,00-0035100,Jake Browning,2.0,8.540036180765734,0.0,12.665538722439319,14.099062265330407,0.0,108.16415893852118,120.40650186079056,0.0,215.31415828146842,239.68405851061692,SEASON
QB,2024,00-0035228,Kyler Murray,17.0,7.854260300619799,17.48470588235294,14.531244474377413,17.161566739679827,297.24,114.13217659370333,134.79141233990444,297.24,247.03115606441602,291.74663457455705,PPG
QB,2024,00-0035228,Kyler Murray,17.0,7.854260300619799,17.48470588235294,14.531244474377413,17.161566739679827,297.24,114.13217659370333,134.79141233990444,297.24,247.03115606441602,291.74663457455705,SEASON
QB,2024,00-0035289,Gardner Minshew,10.0,13.34046734178728,9.632000000000001,12.483114557971387,11.738030683032347,96.32000000000002,166.53058208440663,156.59081498389006,163.74400000000003,212.21294748551358,199.5465216115499,PPG
QB,2024,00-0035289,Gardner Minshew,10.0,13.34046734178728,9.632000000000001,12.483114557971387,11.738030683032347,96.32000000000002,166.53058208440663,156.59081498389006,163.74400000000003,212.21294748551358,199.5465216115499,SEASON
QB,2024,00-0035704,Drew Lock,7.0,5.111156780036059,11.448571428571428,6.5547772830335065,8.297648239690044,80.14,33.502494351803044,42.41058105864604,194.62571428571428,111.4312138115696,141.06002007473074,PPG
QB,2024,00-0035704,Drew Lock,7.0,5.111156780036059,11.448571428571428,6.5547772830335065,8.297648239690044,80.14,33.502494351803044,42.41058105864604,194.62571428571428,111.4312138115696,141.06002007473074,SEASON
QB,2024,00-0035710,Daniel Jones,10.0,6.482708540327929,13.53,11.463062852290694,11.77202210333502,135.29999999999998,74.31169545086071,76.31458822621909,230.01,194.8720684889418,200.12437575669534,PPG
QB,2024,00-0035710,Daniel Jones,10.0,6.482708540327929,13.53,11.463062852290694,11.77202210333502,135.29999999999998,74.31169545086071,76.31458822621909,230.01,194.8720684889418,200.12437575669534,SEASON
QB,2024,00-0035993,Tyler Huntley,5.0,5.796932660181994,12.132000000000001,4.607002290836844,6.406456277445491,60.66000000000001,26.70648204528537,37.137795630751725,206.24400000000003,78.31903894422635,108.90975671657334,PPG
QB,2024,00-0035993,Tyler Huntley,5.0,5.796932660181994,12.132000000000001,4.607002290836844,6.406456277445491,60.66000000000001,26.70648204528537,37.137795630751725,206.24400000000003,78.31903894422635,108.90975671657334,SEASON
QB,2024,00-0036212,Tua Tagovailoa,11.0,14.026243221933214,16.507272727272728,15.150830766080864,15.348868657884076,181.58,212.5092373393989,215.28696497698965,280.62363636363636,257.5641230233747,260.93076718402926,PPG
QB,2024,00-0036212,Tua Tagovailoa,11.0,14.026243221933214,16.507272727272728,15.150830766080864,15.348868657884076,181.58,212.5092373393989,215.28696497698965,280.62363636363636,257.5641230233747,260.93076718402926,SEASON
QB,2024,00-0036264,Jordan Love,15.0,14.026243221933214,15.590666666666667,16.85710810786733,15.685118871553728,233.86,236.44189833936954,220.00329225734723,265.04133333333334,286.5708378337446,266.6470208164134,PPG
QB,2024,00-0036264,Jordan Love,15.0,14.026243221933214,15.590666666666667,16.85710810786733,15.685118871553728,233.86,236.44189833936954,220.00329225734723,265.04133333333334,286.5708378337446,266.6470208164134,SEASON
QB,2024,00-0036355,Justin Herbert,17.0,11.283139701349475,16.788235294117648,16.10866103126116,16.6795180967263,285.40000000000003,181.75627281740398,188.19733283654955,285.40000000000003,273.8472375314397,283.55180764434715,PPG
QB,2024,00-0036355,Justin Herbert,17.0,11.283139701349475,16.788235294117648,16.10866103126116,16.6795180967263,285.40000000000003,181.75627281740398,188.19733283654955,285.40000000000003,273.8472375314397,283.55180764434715,SEASON
QB,2024,00-0036389,Jalen Hurts,15.0,14.026243221933214,21.008,20.134178346725292,18.904170025224932,315.12,282.40688256495014,265.15448668258426,357.13599999999997,342.28103189433,321.3708904288238,PPG
QB,2024,00-0036389,Jalen Hurts,15.0,14.026243221933214,21.008,20.134178346725292,18.904170025224932,315.12,282.40688256495014,265.15448668258426,357.13599999999997,342.28103189433,321.3708904288238,SEASON
QB,2024,00-0036442,Joe Burrow,17.0,9.22581206091167,21.93058823529412,14.716264673017283,15.413722513220467,372.82000000000005,135.7694921118912,142.20410706601513,372.82000000000005,250.17649944129383,262.03328272474795,PPG
QB,2024,00-0036442,Joe Burrow,17.0,9.22581206091167,21.93058823529412,14.716264673017283,15.413722513220467,372.82000000000005,135.7694921118912,142.20410706601513,372.82000000000005,250.17649944129383,262.03328272474795,SEASON
QB,2024,00-0036898,Davis Mills,4.0,5.796932660181994,2.395,4.447979257056312,4.891755212607143,9.58,25.78463622704178,28.357175557577865,40.715,75.61564736995732,83.15983861432143,PPG
QB,2024,00-0036898,Davis Mills,4.0,5.796932660181994,2.395,4.447979257056312,4.891755212607143,9.58,25.78463622704178,28.357175557577865,40.715,75.61564736995732,83.15983861432143,SEASON
QB,2024,00-0036945,Justin Fields,10.0,11.283139701349475,11.914,16.845322259321843,16.752552479067727,119.14,190.0681243661803,189.02138997550963,202.53799999999998,286.37047840847134,284.79339214415137,PPG
QB,2024,00-0036945,Justin Fields,10.0,11.283139701349475,11.914,16.845322259321843,16.752552479067727,119.14,190.0681243661803,189.02138997550963,202.53799999999998,286.37047840847134,284.79339214415137,SEASON
QB,2024,00-0036971,Trevor Lawrence,10.0,13.34046734178728,14.569999999999999,15.453690960108363,15.187940014251096,145.7,206.1594595633989,202.61421774914098,247.68999999999997,262.7127463218422,258.1949802422686,PPG
QB,2024,00-0036971,Trevor Lawrence,10.0,13.34046734178728,14.569999999999999,15.453690960108363,15.187940014251096,145.7,206.1594595633989,202.61421774914098,247.68999999999997,262.7127463218422,258.1949802422686,SEASON
QB,2024,00-0036972,Mac Jones,10.0,9.911587941057604,9.607999999999999,10.06774750843627,10.435352226568272,96.07999999999998,99.78736479822967,103.4309112895427,163.33599999999998,171.1517076434166,177.40098785166063,PPG
QB,2024,00-0036972,Mac Jones,10.0,9.911587941057604,9.607999999999999,10.06774750843627,10.435352226568272,96.07999999999998,99.78736479822967,103.4309112895427,163.33599999999998,171.1517076434166,177.40098785166063,SEASON
QB,2024,00-0037077,Sam Howell,1.0,14.026243221933214,-0.8400000000000001,13.317093062914847,13.731051173342063,-0.8400000000000001,186.7887863095632,192.59506345010723,-14.280000000000001,226.39058206955238,233.42786994681506,PPG
QB,2024,00-0037077,Sam Howell,1.0,14.026243221933214,-0.8400000000000001,13.317093062914847,13.731051173342063,-0.8400000000000001,186.7887863095632,192.59506345010723,-14.280000000000001,226.39058206955238,233.42786994681506,SEASON
QB,2024,00-0037834,Brock Purdy,15.0,13.34046734178728,17.790666666666667,16.582456661158798,15.065571641848699,266.86,221.21772153479188,200.98176647343914,302.4413333333333,281.90176323969956,256.1147179114279,PPG
QB,2024,00-0037834,Brock Purdy,15.0,13.34046734178728,17.790666666666667,16.582456661158798,15.065571641848699,266.86,221.21772153479188,200.98176647343914,302.4413333333333,281.90176323969956,256.1147179114279,SEASON
QB,2024,00-0038102,Kenny Pickett,5.0,10.59736382120354,5.0280000000000005,11.340048003618122,9.799632021961314,25.14,120.17461444425412,103.85026585064053,85.47600000000001,192.78081606150806,166.59374437334233,PPG
QB,2024,00-0038102,Kenny Pickett,5.0,10.59736382120354,5.0280000000000005,11.340048003618122,9.799632021961314,25.14,120.17461444425412,103.85026585064053,85.47600000000001,192.78081606150806,166.59374437334233,SEASON
QB,2024,00-0038108,Bailey Zappe,1.0,9.22581206091167,7.0,8.127932069578785,8.900919607054101,7.0,74.9867737177907,82.11821146396488,119.0,138.17484518283933,151.31563331991973,PPG
QB,2024,00-0038108,Bailey Zappe,1.0,9.22581206091167,7.0,8.127932069578785,8.900919607054101,7.0,74.9867737177907,82.11821146396488,119.0,138.17484518283933,151.31563331991973,SEASON
QB,2024,00-0038122,Desmond Ridder,5.0,12.654691461641345,4.3839999999999995,13.61773715256526,11.729266422237744,21.919999999999998,172.32826207144373,148.4302476448085,74.52799999999999,231.50153159360943,199.39752917804165,PPG
QB,2024,00-0038122,Desmond Ridder,5.0,12.654691461641345,4.3839999999999995,13.61773715256526,11.729266422237744,21.919999999999998,172.32826207144373,148.4302476448085,74.52799999999999,231.50153159360943,199.39752917804165,SEASON
QB,2024,00-0038416,Tyson Bagent,4.0,5.796932660181994,0.11,7.454289348997455,8.293099745968423,0.44,43.212013385650124,48.07454077155135,1.87,126.72291893295673,140.98269568146318,PPG
QB,2024,00-0038416,Tyson Bagent,4.0,5.796932660181994,0.11,7.454289348997455,8.293099745968423,0.44,43.212013385650124,48.07454077155135,1.87,126.72291893295673,140.98269568146318,SEASON
QB,2024,00-0038476,Tommy DeVito,2.0,8.540036180765734,6.74,9.89141813469565,11.401713999658329,13.48,84.47306874938316,97.37105007982531,114.58,168.15410828982604,193.8291379941916,PPG
QB,2024,00-0038476,Tommy DeVito,2.0,8.540036180765734,6.74,9.89141813469565,11.401713999658329,13.48,84.47306874938316,97.37105007982531,114.58,168.15410828982604,193.8291379941916,SEASON
QB,2024,00-0038579,Aidan O'Connell,9.0,9.911587941057604,10.386666666666667,10.974078972626133,11.568616950460909,93.48,108.77054880929501,114.66336426090294,176.57333333333332,186.55934253464426,196.66648815783546,PPG
QB,2024,00-0038579,Aidan O'Connell,9.0,9.911587941057604,10.386666666666667,10.974078972626133,11.568616950460909,93.48,108.77054880929501,114.66336426090294,176.57333333333332,186.55934253464426,196.66648815783546,SEASON
QB,2024,00-0038582,Clayton Tune,5.0,6.482708540327929,-0.336,4.828662489287247,3.9610394380625755,-1.6800000000000002,31.30281155766355,25.678264193704,-5.712000000000001,82.08726231788319,67.33767044706379,PPG
QB,2024,00-0038582,Clayton Tune,5.0,6.482708540327929,-0.336,4.828662489287247,3.9610394380625755,-1.6800000000000002,31.30281155766355,25.678264193704,-5.712000000000001,82.08726231788319,67.33767044706379,SEASON
QB,2024,00-0038583,Dorian Thompson-Robinson,6.0,7.168484420473864,2.633333333333333,7.163716535446626,5.854272566451421,15.799999999999997,51.35299037704014,41.96626168581455,44.76666666666666,121.78318110259264,99.52263362967415,PPG
QB,2024,00-0038583,Dorian Thompson-Robinson,6.0,7.168484420473864,2.633333333333333,7.163716535446626,5.854272566451421,15.799999999999997,51.35299037704014,41.96626168581455,44.76666666666666,121.78318110259264,99.52263362967415,SEASON
QB,2024,00-0039150,Bryce Young,14.0,13.34046734178728,13.93,11.932861534323967,9.816764264240181,195.01999999999998,159.18994959271853,130.96022306912056,236.81,202.85864608350744,166.8849924920831,PPG
QB,2024,00-0039150,Bryce Young,14.0,13.34046734178728,13.93,11.932861534323967,9.816764264240181,195.01999999999998,159.18994959271853,130.96022306912056,236.81,202.85864608350744,166.8849924920831,SEASON
QB,2024,00-0039152,Will Levis,12.0,8.540036180765734,9.995,10.570722159480292,11.330884469815288,119.94,90.27434969878378,96.76616333229912,169.915,179.70227671116496,192.6250359868599,PPG
QB,2024,00-0039152,Will Levis,12.0,8.540036180765734,9.995,10.570722159480292,11.330884469815288,119.94,90.27434969878378,96.76616333229912,169.915,179.70227671116496,192.6250359868599,SEASON
QB,2024,00-0039163,C.J. Stroud,17.0,12.654691461641345,12.963529411764707,15.82493520941045,16.16250432430606,220.38000000000002,200.2596724755539,204.5315054715372,220.38000000000002,269.0238985599776,274.762573513203,PPG
QB,2024,00-0039163,C.J. Stroud,17.0,12.654691461641345,12.963529411764707,15.82493520941045,16.16250432430606,220.38000000000002,200.2596724755539,204.5315054715372,220.38000000000002,269.0238985599776,274.762573513203,SEASON
QB,2024,00-0039164,Anthony Richardson,11.0,5.111156780036059,14.769090909090911,14.651829677879952,16.547219645321476,162.46000000000004,74.88779859802966,84.57543388093073,251.0745454545455,249.0811045239592,281.3027339704651,PPG
QB,2024,00-0039164,Anthony Richardson,11.0,5.111156780036059,14.769090909090911,14.651829677879952,16.547219645321476,162.46000000000004,74.88779859802966,84.57543388093073,251.0745454545455,249.0811045239592,281.3027339704651,SEASON
QB,2025,00-0023459,Aaron Rodgers,16.0,13.809898298466194,14.18625,15.718210710022337,12.886424451923746,226.98,217.0668913392706,177.9602111119349,241.16625,267.2095820703797,219.06921568270369,PPG
QB,2025,00-0023459,Aaron Rodgers,16.0,13.809898298466194,14.18625,15.718210710022337,12.886424451923746,226.98,217.0668913392706,177.9602111119349,241.16625,267.2095820703797,219.06921568270369,SEASON
QB,2025,00-0026158,Joe Flacco,13.0,7.1518046285712,11.281538461538462,11.478410046930554,12.419565285207094,146.66,82.09134610227609,88.8223044915863,191.78615384615387,195.1329707978194,211.1326098485206,PPG
QB,2025,00-0026158,Joe Flacco,13.0,7.1518046285712,11.281538461538462,11.478410046930554,12.419565285207094,146.66,82.09134610227609,88.8223044915863,191.78615384615387,195.1329707978194,211.1326098485206,SEASON
QB,2025,00-0026300,Josh Johnson,3.0,5.154376527602701,8.126666666666667,5.699007014790437,4.883572021471646,24.380000000000003,29.37482798767897,25.171768998330727,138.15333333333334,96.88311925143744,83.02072436501798,PPG
QB,2025,00-0026300,Josh Johnson,3.0,5.154376527602701,8.126666666666667,5.699007014790437,4.883572021471646,24.380000000000003,29.37482798767897,25.171768998330727,138.15333333333334,96.88311925143744,83.02072436501798,SEASON
QB,2025,00-0026498,Matthew Stafford,17.0,13.144088931476695,20.61058823529412,14.822252002632656,10.145542406348524,350.38000000000005,194.82499848736217,133.35391164711305,350.38000000000005,251.97828404475516,172.4742209079249,PPG
QB,2025,00-0026498,Matthew Stafford,17.0,13.144088931476695,20.61058823529412,14.822252002632656,10.145542406348524,350.38000000000005,194.82499848736217,133.35391164711305,350.38000000000005,251.97828404475516,172.4742209079249,SEASON
QB,2025,00-0027973,Andy Dalton,4.0,6.485995261581701,2.43,8.249765701706766,10.167599917114206,9.72,53.50794125042932,65.94700488406124,41.31,140.246016929015,172.8491985909415,PPG
QB,2025,00-0027973,Andy Dalton,4.0,6.485995261581701,2.43,8.249765701706766,10.167599917114206,9.72,53.50794125042932,65.94700488406124,41.31,140.246016929015,172.8491985909415,SEASON
QB,2025,00-0029263,Russell Wilson,6.0,9.815042096529197,8.306666666666667,14.222142740147103,12.991049452509987,49.84,139.59092969739092,127.5076972544781,141.21333333333334,241.77642658250073,220.8478406926698,PPG
QB,2025,00-0029263,Russell Wilson,6.0,9.815042096529197,8.306666666666667,14.222142740147103,12.991049452509987,49.84,139.59092969739092,127.5076972544781,141.21333333333334,241.77642658250073,220.8478406926698,SEASON
QB,2025,00-0029604,Kirk Cousins,10.0,11.812470197497696,10.354000000000001,14.560266297309031,11.174193152673173,103.54,171.99271170459306,131.99482359703467,176.01800000000003,247.52452705425353,189.96128359544394,PPG
QB,2025,00-0029604,Kirk Cousins,10.0,11.812470197497696,10.354000000000001,14.560266297309031,11.174193152673173,103.54,171.99271170459306,131.99482359703467,176.01800000000003,247.52452705425353,189.96128359544394,SEASON
QB,2025,00-0030565,Geno Smith,15.0,13.809898298466194,11.593333333333334,15.784780785616297,15.132720957418714,173.9,217.98621731294438,208.98133740102043,197.08666666666667,268.341273355477,257.25625627611817,PPG
QB,2025,00-0030565,Geno Smith,15.0,13.809898298466194,11.593333333333334,15.784780785616297,15.132720957418714,173.9,217.98621731294438,208.98133740102043,197.08666666666667,268.341273355477,257.25625627611817,SEASON
QB,2025,00-0031503,Jameis Winston,3.0,9.815042096529197,10.993333333333334,11.497917159700721,11.498129350317445,32.980000000000004,112.852540944868,112.85462360470363,186.88666666666668,195.46459171491227,195.46819895539656,PPG
QB,2025,00-0031503,Jameis Winston,3.0,9.815042096529197,10.993333333333334,11.497917159700721,11.498129350317445,32.980000000000004,112.852540944868,112.85462360470363,186.88666666666668,195.46459171491227,195.46819895539656,SEASON
QB,2025,00-0032268,Marcus Mariota,10.0,4.4885671606132025,12.55,10.037776357080908,14.07749878150363,125.5,45.055233321972985,63.18779873422957,213.35000000000002,170.64219807037543,239.31747928556172,PPG
QB,2025,00-0032268,Marcus Mariota,10.0,4.4885671606132025,12.55,10.037776357080908,14.07749878150363,125.5,45.055233321972985,63.18779873422957,213.35000000000002,170.64219807037543,239.31747928556172,SEASON
QB,2025,00-0032434,Brandon Allen,1.0,4.4885671606132025,0.8799999999999999,4.66399615202568,5.204184624019573,0.8799999999999999,20.93465996520881,23.35933220114242,14.959999999999997,79.28793458443656,88.47113860833274,PPG
QB,2025,00-0032434,Brandon Allen,1.0,4.4885671606132025,0.8799999999999999,4.66399615202568,5.204184624019573,0.8799999999999999,20.93465996520881,23.35933220114242,14.959999999999997,79.28793458443656,88.47113860833274,SEASON
QB,2025,00-0033077,Dak Prescott,17.0,7.817613995560699,18.457647058823532,8.341474177271307,12.763168883503212,313.78000000000003,65.21042527184434,99.77752769137953,313.78000000000003,141.8050610136122,216.97387101955462,PPG
QB,2025,00-0033077,Dak Prescott,17.0,7.817613995560699,18.457647058823532,8.341474177271307,12.763168883503212,313.78000000000003,65.21042527184434,99.77752769137953,313.78000000000003,141.8050610136122,216.97387101955462,SEASON
QB,2025,00-0033106,Jared Goff,17.0,13.809898298466194,17.474117647058826,17.302143563356104,15.169481536067153,297.06000000000006,238.94084295540927,209.48899725354812,297.06000000000006,294.13644057705375,257.8811861131416,PPG
QB,2025,00-0033106,Jared Goff,17.0,13.809898298466194,17.474117647058826,17.302143563356104,15.169481536067153,297.06000000000006,238.94084295540927,209.48899725354812,297.06000000000006,294.13644057705375,257.8811861131416,SEASON
QB,2025,00-0033119,Jacoby Brissett,14.0,7.1518046285712,16.245714285714286,7.323282321661417,7.604786138290309,227.44,52.374684404391765,54.387944703118734,276.1771428571428,124.4957994682441,129.28136435093526,PPG
QB,2025,00-0033119,Jacoby Brissett,14.0,7.1518046285712,16.245714285714286,7.323282321661417,7.604786138290309,227.44,52.374684404391765,54.387944703118734,276.1771428571428,124.4957994682441,129.28136435093526,SEASON
QB,2025,00-0033319,Nick Mullens,4.0,5.154376527602701,0.19,4.595869775989109,3.416558546458936,0.76,23.688843297276946,17.610229177048343,3.23,78.12978619181486,58.081495289801914,PPG
QB,2025,00-0033319,Nick Mullens,4.0,5.154376527602701,0.19,4.595869775989109,3.416558546458936,0.76,23.688843297276946,17.610229177048343,3.23,78.12978619181486,58.081495289801914,SEASON
QB,2025,00-0033662,Cooper Rush,4.0,10.480851463518697,0.5300000000000002,11.874389361114972,9.565055147047081,2.120000000000001,124.4537111138327,100.24992223656544,9.010000000000005,201.8646191389545,162.60593749980038,PPG
QB,2025,00-0033662,Cooper Rush,4.0,10.480851463518697,0.5300000000000002,11.874389361114972,9.565055147047081,2.120000000000001,124.4537111138327,100.24992223656544,9.010000000000005,201.8646191389545,162.60593749980038,SEASON
QB,2025,00-0033869,Mitchell Trubisky,4.0,7.817613995560699,7.78,6.9310391960399835,4.457164201619518,31.12,54.184189022741954,34.84438924309288,132.26,117.82766633267973,75.77179142753181,PPG
QB,2025,00-0033869,Mitchell Trubisky,4.0,7.817613995560699,7.78,6.9310391960399835,4.457164201619518,31.12,54.184189022741954,34.84438924309288,132.26,117.82766633267973,75.77179142753181,SEASON
QB,2025,00-0033873,Patrick Mahomes,14.0,13.144088931476695,20.40571428571429,16.855967262825274,15.191312017511901,285.68000000000006,221.5563327286352,199.67595614398707,346.8971428571429,286.5514434680297,258.2523042977023,PPG
QB,2025,00-0033873,Patrick Mahomes,14.0,13.144088931476695,20.40571428571429,16.855967262825274,15.191312017511901,285.68000000000006,221.5563327286352,199.67595614398707,346.8971428571429,286.5514434680297,258.2523042977023,SEASON
QB,2025,00-0034771,Mason Rudolph,5.0,7.817613995560699,3.0,10.662519236575362,11.87649351143315,15.0,83.35545961178673,92.84584189316563,51.0,181.26282702178113,201.90038969436355,PPG
QB,2025,00-0034771,Mason Rudolph,5.0,7.817613995560699,3.0,10.662519236575362,11.87649351143315,15.0,83.35545961178673,92.84584189316563,51.0,181.26282702178113,201.90038969436355,SEASON
QB,2025,00-0034796,Lamar Jackson,13.0,13.809898298466194,16.527692307692305,22.370213558683716,20.97214695509473,214.85999999999996,308.93037416039164,289.62321655034566,280.9707692307692,380.29363049762316,356.5264982366104,PPG
QB,2025,00-0034796,Lamar Jackson,13.0,13.809898298466194,16.527692307692305,22.370213558683716,20.97214695509473,214.85999999999996,308.93037416039164,289.62321655034566,280.9707692307692,380.29363049762316,356.5264982366104,SEASON
QB,2025,00-0034855,Baker Mayfield,17.0,13.809898298466194,15.99529411764706,19.02069627140156,17.442649333663255,271.92,262.6738810740707,240.88121335369868,271.92,323.35183661382655,296.52503867227534,PPG
QB,2025,00-0034855,Baker Mayfield,17.0,13.809898298466194,15.99529411764706,19.02069627140156,17.442649333663255,271.92,262.6738810740707,240.88121335369868,271.92,323.35183661382655,296.52503867227534,SEASON
QB,2025,00-0034857,Josh Allen,16.0,13.144088931476695,22.78875,20.970905752329177,19.37965705906151,364.62,275.6434501822309,254.72793584582462,387.40875,356.50539778959603,329.4541700040457,PPG
QB,2025,00-0034857,Josh Allen,16.0,13.144088931476695,22.78875,20.970905752329177,19.37965705906151,364.62,275.6434501822309,254.72793584582462,387.40875,356.50539778959603,329.4541700040457,SEASON
QB,2025,00-0034869,Sam Darnold,17.0,13.809898298466194,13.848235294117648,16.541114092081678,15.274499283449599,235.42000000000002,228.43110335497394,210.9392816644337,235.42000000000002,281.1989395653885,259.6664878186432,PPG
QB,2025,00-0034869,Sam Darnold,17.0,13.809898298466194,13.848235294117648,16.541114092081678,15.274499283449599,235.42000000000002,228.43110335497394,210.9392816644337,235.42000000000002,281.1989395653885,259.6664878186432,SEASON
QB,2025,00-0035228,Kyler Murray,5.0,13.809898298466194,15.556000000000001,16.626267555622952,16.105094835624364,77.78,229.6070640262411,222.4097217671256,264.452,282.6465484455902,273.7866122056142,PPG
QB,2025,00-0035228,Kyler Murray,5.0,13.809898298466194,15.556000000000001,16.626267555622952,16.105094835624364,77.78,229.6070640262411,222.4097217671256,264.452,282.6465484455902,273.7866122056142,SEASON
QB,2025,00-0035289,Gardner Minshew,4.0,9.1492327295397,-0.08,11.301243653438307,9.828025001964491,-0.32,103.39770831854057,89.91888801470799,-1.36,192.12114210845124,167.07642503339633,PPG
QB,2025,00-0035289,Gardner Minshew,4.0,9.1492327295397,-0.08,11.301243653438307,9.828025001964491,-0.32,103.39770831854057,89.91888801470799,-1.36,192.12114210845124,167.07642503339633,SEASON
QB,2025,00-0035704,Drew Lock,3.0,7.1518046285712,0.2,6.840030269778914,10.681913240694056,0.6000000000000001,48.918560142971955,76.39495655679174,3.4000000000000004,116.28051458624154,181.59252509179896,PPG
QB,2025,00-0035704,Drew Lock,3.0,7.1518046285712,0.2,6.840030269778914,10.681913240694056,0.6000000000000001,48.918560142971955,76.39495655679174,3.4000000000000004,116.28051458624154,181.59252509179896,SEASON
QB,2025,00-0035710,Daniel Jones,13.0,9.1492327295397,17.418461538461536,11.477334310283721,13.63809043915282,226.43999999999997,105.00880271951678,124.77806341431943,296.1138461538461,195.11468327482325,231.84753746559795,PPG
QB,2025,00-0035710,Daniel Jones,13.0,9.1492327295397,17.418461538461536,11.477334310283721,13.63809043915282,226.43999999999997,105.00880271951678,124.77806341431943,296.1138461538461,195.11468327482325,231.84753746559795,SEASON
QB,2025,00-0035993,Tyler Huntley,5.0,5.820185894592202,8.028,9.69099846553692,12.716917130495695,40.14,56.40341257363265,74.01482170560898,136.476,164.74697391412764,216.1875912184268,PPG
QB,2025,00-0035993,Tyler Huntley,5.0,5.820185894592202,8.028,9.69099846553692,12.716917130495695,40.14,56.40341257363265,74.01482170560898,136.476,164.74697391412764,216.1875912184268,SEASON
QB,2025,00-0036212,Tua Tagovailoa,14.0,9.815042096529197,11.47857142857143,14.201167732855717,13.63935886965865,160.70000000000002,139.38505911785097,133.87088147536855,195.1357142857143,241.41985145854719,231.86910078419706,PPG
QB,2025,00-0036212,Tua Tagovailoa,14.0,9.815042096529197,11.47857142857143,14.201167732855717,13.63935886965865,160.70000000000002,139.38505911785097,133.87088147536855,195.1357142857143,241.41985145854719,231.86910078419706,SEASON
QB,2025,00-0036264,Jordan Love,15.0,12.478279564487195,15.676,13.732780709989534,13.071567377958809,235.14000000000001,171.36147689704634,163.1106720882009,266.492,233.45727206982207,222.21664542529976,PPG
QB,2025,00-0036264,Jordan Love,15.0,12.478279564487195,15.676,13.732780709989534,13.071567377958809,235.14000000000001,171.36147689704634,163.1106720882009,266.492,233.45727206982207,222.21664542529976,SEASON
QB,2025,00-0036355,Justin Herbert,16.0,13.809898298466194,17.93,15.846925450060478,15.138721169863615,286.88,218.84442880871083,209.0641997246537,304.81,269.39773265102815,257.35825988768147,PPG
QB,2025,00-0036355,Justin Herbert,16.0,13.809898298466194,17.93,15.846925450060478,15.138721169863615,286.88,218.84442880871083,209.0641997246537,304.81,269.39773265102815,257.35825988768147,SEASON
QB,2025,00-0036389,Jalen Hurts,16.0,12.478279564487195,18.816250000000004,19.41667757764784,17.727666468079892,301.06000000000006,242.28673102739975,221.21077821468623,319.8762500000001,330.08351882001324,301.3703299573582,PPG
QB,2025,00-0036389,Jalen Hurts,16.0,12.478279564487195,18.816250000000004,19.41667757764784,17.727666468079892,301.06000000000006,242.28673102739975,221.21077821468623,319.8762500000001,330.08351882001324,301.3703299573582,SEASON
QB,2025,00-0036442,Joe Burrow,8.0,13.809898298466194,16.8075,17.33583002200015,17.249614739652202,134.46,239.406049523319,238.21542524232032,285.7275,294.70911037400253,293.24345057408743,PPG
QB,2025,00-0036442,Joe Burrow,8.0,13.809898298466194,16.8075,17.33583002200015,17.249614739652202,134.46,239.406049523319,238.21542524232032,285.7275,294.70911037400253,293.24345057408743,SEASON
QB,2025,00-0036898,Davis Mills,6.0,5.154376527602701,11.433333333333334,5.450711728901874,4.58105377760187,68.6,28.095020594180557,23.612476062956762,194.36666666666667,92.66209939133186,77.87791421923178,PPG
QB,2025,00-0036898,Davis Mills,6.0,5.154376527602701,11.433333333333334,5.450711728901874,4.58105377760187,68.6,28.095020594180557,23.612476062956762,194.36666666666667,92.66209939133186,77.87791421923178,SEASON
QB,2025,00-0036945,Justin Fields,9.0,9.1492327295397,15.85111111111111,11.046624810408046,11.836329189910384,142.65999999999997,101.06814126633057,108.2933304219342,269.46888888888884,187.79262177693678,201.2175962284765,PPG
QB,2025,00-0036945,Justin Fields,9.0,9.1492327295397,15.85111111111111,11.046624810408046,11.836329189910384,142.65999999999997,101.06814126633057,108.2933304219342,269.46888888888884,187.79262177693678,201.2175962284765,SEASON
QB,2025,00-0036971,Trevor Lawrence,17.0,9.1492327295397,19.89294117647059,11.59266275109231,13.12633420170893,338.18,106.0639694648095,120.09588649715171,338.18,197.0752667685693,223.14768142905183,PPG
QB,2025,00-0036971,Trevor Lawrence,17.0,9.1492327295397,19.89294117647059,11.59266275109231,13.12633420170893,338.18,106.0639694648095,120.09588649715171,338.18,197.0752667685693,223.14768142905183,SEASON
QB,2025,00-0036972,Mac Jones,11.0,9.1492327295397,11.821818181818182,7.796496887937314,10.197828811344602,130.04,71.33196450287049,93.30230913099696,200.9709090909091,132.54044709493434,173.36308979285823,PPG
QB,2025,00-0036972,Mac Jones,11.0,9.1492327295397,11.821818181818182,7.796496887937314,10.197828811344602,130.04,71.33196450287049,93.30230913099696,200.9709090909091,132.54044709493434,173.36308979285823,SEASON
QB,2025,00-0037012,Trey Lance,4.0,5.154376527602701,3.3850000000000002,4.360256335464436,3.90066065655885,13.540000000000001,22.47440290984886,20.10547373031028,57.545,74.12435770289542,66.31123116150046,PPG
QB,2025,00-0037012,Trey Lance,4.0,5.154376527602701,3.3850000000000002,4.360256335464436,3.90066065655885,13.540000000000001,22.47440290984886,20.10547373031028,57.545,74.12435770289542,66.31123116150046,SEASON
QB,2025,00-0037834,Brock Purdy,9.0,12.478279564487195,19.708888888888886,15.439399395457782,15.506736376233121,177.37999999999997,192.6571419642968,193.49739163543998,335.0511111111111,262.4697897227823,263.61451839596305,PPG
QB,2025,00-0037834,Brock Purdy,9.0,12.478279564487195,19.708888888888886,15.439399395457782,15.506736376233121,177.37999999999997,192.6571419642968,193.49739163543998,335.0511111111111,262.4697897227823,263.61451839596305,SEASON
QB,2025,00-0038102,Kenny Pickett,6.0,5.820185894592202,1.2866666666666666,1.7466850640491824,6.518047702350411,7.72,10.166031772073929,37.93624929749897,21.87333333333333,29.6936460888361,110.80681093995699,PPG
QB,2025,00-0038102,Kenny Pickett,6.0,5.820185894592202,1.2866666666666666,1.7466850640491824,6.518047702350411,7.72,10.166031772073929,37.93624929749897,21.87333333333333,29.6936460888361,110.80681093995699,SEASON
QB,2025,00-0038128,Malik Willis,4.0,6.485995261581701,12.794999999999998,6.342822095004172,9.490670068257316,51.17999999999999,41.139514053252775,61.55644109195223,217.51499999999996,107.82797561507091,161.34139116037437,PPG
QB,2025,00-0038128,Malik Willis,4.0,6.485995261581701,12.794999999999998,6.342822095004172,9.490670068257316,51.17999999999999,41.139514053252775,61.55644109195223,217.51499999999996,107.82797561507091,161.34139116037437,SEASON
QB,2025,00-0038416,Tyson Bagent,2.0,5.154376527602701,1.29,4.512302018223945,3.4473336584902676,2.58,23.2581036081878,17.76885569213698,21.93,76.70913430980707,58.60467219433455,PPG
QB,2025,00-0038416,Tyson Bagent,2.0,5.154376527602701,1.29,4.512302018223945,3.4473336584902676,2.58,23.2581036081878,17.76885569213698,21.93,76.70913430980707,58.60467219433455,SEASON
QB,2025,00-0038579,Aidan O'Connell,1.0,8.4834233625502,4.78,11.256665219852419,10.526779418850678,4.78,95.4950567105023,89.30312645429046,81.26,191.3633087374911,178.95525012046153,PPG
QB,2025,00-0038579,Aidan O'Connell,1.0,8.4834233625502,4.78,11.256665219852419,10.526779418850678,4.78,95.4950567105023,89.30312645429046,81.26,191.3633087374911,178.95525012046153,SEASON
QB,2025,00-0038582,Clayton Tune,2.0,5.820185894592202,0.9900000000000001,5.553854907618127,2.988630620617914,1.9800000000000002,32.324467993930696,17.39438578226672,16.830000000000002,94.41553342950816,50.80672055050454,PPG
QB,2025,00-0038582,Clayton Tune,2.0,5.820185894592202,0.9900000000000001,5.553854907618127,2.988630620617914,1.9800000000000002,32.324467993930696,17.39438578226672,16.830000000000002,94.41553342950816,50.80672055050454,SEASON
QB,2025,00-0039150,Bryce Young,16.0,11.812470197497696,13.6275,13.178947043304664,13.548587978763367,218.04,155.67591918343672,160.04229171731782,231.6675,224.0420997361793,230.32599563897725,PPG
QB,2025,00-0039150,Bryce Young,16.0,11.812470197497696,13.6275,13.178947043304664,13.548587978763367,218.04,155.67591918343672,160.04229171731782,231.6675,224.0420997361793,230.32599563897725,SEASON
QB,2025,00-0039163,C.J. Stroud,14.0,13.809898298466194,14.895714285714288,13.653543716516353,12.434181930058141,208.54000000000002,188.55405013875298,171.71478787872903,253.2271428571429,232.110243180778,211.3810928109884,PPG
QB,2025,00-0039163,C.J. Stroud,14.0,13.809898298466194,14.895714285714288,13.653543716516353,12.434181930058141,208.54000000000002,188.55405013875298,171.71478787872903,253.2271428571429,232.110243180778,211.3810928109884,SEASON
QB,2025,00-0039164,Anthony Richardson,2.0,9.815042096529197,0.18,14.434717064067035,15.614767324769963,0.36,141.6773556353063,153.2595986201258,3.06,245.3901900891396,265.4510445210894,PPG
QB,2025,00-0039164,Anthony Richardson,2.0,9.815042096529197,0.18,14.434717064067035,15.614767324769963,0.36,141.6773556353063,153.2595986201258,3.06,245.3901900891396,265.4510445210894,SEASON
QB,2025,00-0039376,Spencer Rattler,9.0,7.1518046285712,10.904444444444445,8.181911347296037,10.36404606478383,98.14000000000001,58.51543144415102,74.12163261684613,185.37555555555556,139.0924929040326,176.1887831013251,PPG
QB,2025,00-0039376,Spencer Rattler,9.0,7.1518046285712,10.904444444444445,8.181911347296037,10.36404606478383,98.14000000000001,58.51543144415102,74.12163261684613,185.37555555555556,139.0924929040326,176.1887831013251,SEASON
QB,2025,00-0039732,Bo Nix,17.0,13.809898298466194,17.931764705882355,19.128035152789966,16.40720860730818,304.84000000000003,264.1562201095157,226.58188222864516,304.84000000000003,325.1765975974294,278.9225463242391,PPG
QB,2025,00-0039732,Bo Nix,17.0,13.809898298466194,17.931764705882355,19.128035152789966,16.40720860730818,304.84000000000003,264.1562201095157,226.58188222864516,304.84000000000003,325.1765975974294,278.9225463242391,SEASON
QB,2025,00-0039851,Drake Maye,17.0,11.146660830508196,20.632941176470588,13.826035125453977,13.77280054149487,350.76,154.1141241741283,153.52073632228294,350.76,235.04259713271762,234.1376092054128,PPG
QB,2025,00-0039851,Drake Maye,17.0,11.146660830508196,20.632941176470588,13.826035125453977,13.77280054149487,350.76,154.1141241741283,153.52073632228294,350.76,235.04259713271762,234.1376092054128,SEASON
QB,2025,00-0039910,Jayden Daniels,7.0,13.809898298466194,16.325714285714284,22.251316628760648,20.080138161914064,114.27999999999999,307.2884196501542,277.30466583518313,277.53714285714284,378.27238268893103,341.3623487525391,PPG
QB,2025,00-0039910,Jayden Daniels,7.0,13.809898298466194,16.325714285714284,22.251316628760648,20.080138161914064,114.27999999999999,307.2884196501542,277.30466583518313,277.53714285714284,378.27238268893103,341.3623487525391,SEASON
QB,2025,00-0039917,Michael Penix Jr.,9.0,5.820185894592202,13.364444444444445,6.6398182288729934,8.936937174159231,120.28,38.64497639834277,52.01463568189825,227.19555555555556,112.87690989084089,151.92793196070693,PPG
QB,2025,00-0039917,Michael Penix Jr.,9.0,5.820185894592202,13.364444444444445,6.6398182288729934,8.936937174159231,120.28,38.64497639834277,52.01463568189825,227.19555555555556,112.87690989084089,151.92793196070693,SEASON
QB,2025,00-0039918,Caleb Williams,17.0,13.809898298466194,18.145882352941175,16.79138727015679,14.109532299507823,308.47999999999996,231.88735049102516,194.85120609512688,308.47999999999996,285.45358359266544,239.862049091633,PPG
QB,2025,00-0039918,Caleb Williams,17.0,13.809898298466194,18.145882352941175,16.79138727015679,14.109532299507823,308.47999999999996,231.88735049102516,194.85120609512688,308.47999999999996,285.45358359266544,239.862049091633,SEASON
RB,2022,00-0027966,Mark Ingram,10.0,11.44338065792474,5.010000000000001,7.617134752533321,7.899747346623846,50.10000000000001,87.16577249594616,90.3998159888476,85.17000000000002,129.49129079306647,134.2957048926054,PPG
RB,2022,00-0027966,Mark Ingram,10.0,11.44338065792474,5.010000000000001,7.617134752533321,7.899747346623846,50.10000000000001,87.16577249594616,90.3998159888476,85.17000000000002,129.49129079306647,134.2957048926054,SEASON
RB,2022,00-0028063,Taiwan Jones,7.0,8.351572880775356,0.0,1.5807379931743561,1.7352072518916817,0.0,13.201648555406212,14.4917098274233,0.0,26.872545883964055,29.498523282158587,PPG
RB,2022,00-0028063,Taiwan Jones,7.0,8.351572880775356,0.0,1.5807379931743561,1.7352072518916817,0.0,13.201648555406212,14.4917098274233,0.0,26.872545883964055,29.498523282158587,SEASON
RB,2022,00-0029239,Brandon Bolden,13.0,12.326754308538849,2.0999999999999996,7.527655741008367,7.371970544936062,27.299999999999997,92.79156283867209,90.87246967721208,35.699999999999996,127.97014759714224,125.32349926391305,PPG
RB,2022,00-0029239,Brandon Bolden,13.0,12.326754308538849,2.0999999999999996,7.527655741008367,7.371970544936062,27.299999999999997,92.79156283867209,90.87246967721208,35.699999999999996,127.97014759714224,125.32349926391305,SEASON
RB,2022,00-0030288,Rex Burkhead,15.0,11.885067483231794,4.76,5.977744755574365,6.8540820239683224,71.39999999999999,71.04589981753628,81.46122739046947,80.92,101.62166084476421,116.51939440746148,PPG
RB,2022,00-0030288,Rex Burkhead,15.0,11.885067483231794,4.76,5.977744755574365,6.8540820239683224,71.39999999999999,71.04589981753628,81.46122739046947,80.92,101.62166084476421,116.51939440746148,SEASON
RB,2022,00-0030456,Giovani Bernard,4.0,9.67663335669652,1.2000000000000002,6.762942932153291,6.184303707665288,4.800000000000001,65.4425191667095,59.843239545535894,20.400000000000002,114.97002984660595,105.1331630303099,PPG
RB,2022,00-0030456,Giovani Bernard,4.0,9.67663335669652,1.2000000000000002,6.762942932153291,6.184303707665288,4.800000000000001,65.4425191667095,59.843239545535894,20.400000000000002,114.97002984660595,105.1331630303099,SEASON
RB,2022,00-0030513,Latavius Murray,13.0,11.44338065792474,11.861538461538462,6.8819319324289925,6.742867572574447,154.20000000000002,78.75256676471255,77.16120035894637,201.64615384615385,116.99284285129288,114.6287487337656,PPG
RB,2022,00-0030513,Latavius Murray,13.0,11.44338065792474,11.861538461538462,6.8819319324289925,6.742867572574447,154.20000000000002,78.75256676471255,77.16120035894637,201.64615384615385,116.99284285129288,114.6287487337656,SEASON
RB,2022,00-0030578,Cordarrelle Patterson,13.0,12.326754308538849,11.438461538461539,11.84595523064576,11.625915768626196,148.7,146.02217967812095,143.30980729162272,194.45384615384614,201.38123892097792,197.64056806664533,PPG
RB,2022,00-0030578,Cordarrelle Patterson,13.0,12.326754308538849,11.438461538461539,11.84595523064576,11.625915768626196,148.7,146.02217967812095,143.30980729162272,194.45384615384614,201.38123892097792,197.64056806664533,SEASON
RB,2022,00-0030874,Damien Williams,1.0,10.56000700731063,0.2,5.278391755905652,5.074738839655071,0.2,55.73985392969434,53.589277707028955,3.4000000000000004,89.73265985039609,86.2705602741362,PPG
RB,2022,00-0030874,Damien Williams,1.0,10.56000700731063,0.2,5.278391755905652,5.074738839655071,0.2,55.73985392969434,53.589277707028955,3.4000000000000004,89.73265985039609,86.2705602741362,SEASON
RB,2022,00-0031376,Jerick McKinnon,17.0,9.234946531389465,11.547058823529412,5.659747442302867,4.472928063938937,196.3,52.26746501083525,41.307251509227484,196.3,96.21570651914874,76.03977708696193,PPG
RB,2022,00-0031376,Jerick McKinnon,17.0,9.234946531389465,11.547058823529412,5.659747442302867,4.472928063938937,196.3,52.26746501083525,41.307251509227484,196.3,96.21570651914874,76.03977708696193,SEASON
RB,2022,00-0031806,Malcolm Brown,7.0,7.9098860554683,3.257142857142857,3.9955360914712617,4.374295452097444,22.8,31.60423521404885,34.60017859904398,55.371428571428574,67.92411355501144,74.36302268565655,PPG
RB,2022,00-0031806,Malcolm Brown,7.0,7.9098860554683,3.257142857142857,3.9955360914712617,4.374295452097444,22.8,31.60423521404885,34.60017859904398,55.371428571428574,67.92411355501144,74.36302268565655,SEASON
RB,2022,00-0032058,Tevin Coleman,2.0,10.118320182003576,11.0,5.651202138721136,5.9320051710365265,22.0,57.18067265280384,60.02192764184846,187.0,96.07043635825931,100.84408790762095,PPG
RB,2022,00-0032058,Tevin Coleman,2.0,10.118320182003576,11.0,5.651202138721136,5.9320051710365265,22.0,57.18067265280384,60.02192764184846,187.0,96.07043635825931,100.84408790762095,SEASON
RB,2022,00-0032063,Mike Davis,5.0,12.768441133845904,0.8400000000000001,8.339682970845143,8.180755763563536,4.2,106.48475108817334,104.45549839743161,14.280000000000001,141.77461050436742,139.0728479805801,PPG
RB,2022,00-0032063,Mike Davis,5.0,12.768441133845904,0.8400000000000001,8.339682970845143,8.180755763563536,4.2,106.48475108817334,104.45549839743161,14.280000000000001,141.77461050436742,139.0728479805801,SEASON
RB,2022,00-0032104,Ameer Abdullah,16.0,12.768441133845904,3.38125,6.781288449676188,6.019456697110147,54.1,86.58648238131956,76.85907849478541,57.48125,115.28190364449519,102.3307638508725,PPG
RB,2022,00-0032104,Ameer Abdullah,16.0,12.768441133845904,3.38125,6.781288449676188,6.019456697110147,54.1,86.58648238131956,76.85907849478541,57.48125,115.28190364449519,102.3307638508725,SEASON
RB,2022,00-0032144,Melvin Gordon,10.0,12.326754308538849,8.71,10.765863545484235,10.464440274973501,87.10000000000001,132.70815484443912,128.99258424597707,148.07000000000002,183.01968027323198,177.89548467454952,PPG
RB,2022,00-0032144,Melvin Gordon,10.0,12.326754308538849,8.71,10.765863545484235,10.464440274973501,87.10000000000001,132.70815484443912,128.99258424597707,148.07000000000002,183.01968027323198,177.89548467454952,SEASON
RB,2022,00-0032187,David Johnson,4.0,11.001693832617685,2.2750000000000004,7.630053302734158,6.990895810339545,9.100000000000001,83.94351036323458,76.91169532108538,38.675000000000004,129.71090614648068,118.84522877577226,PPG
RB,2022,00-0032187,David Johnson,4.0,11.001693832617685,2.2750000000000004,7.630053302734158,6.990895810339545,9.100000000000001,83.94351036323458,76.91169532108538,38.675000000000004,129.71090614648068,118.84522877577226,SEASON
RB,2022,00-0032257,Duke Johnson,1.0,7.468199230161245,0.4,9.234087059711115,10.138588466296454,0.4,68.96200187057646,75.71699857891686,6.800000000000001,156.97948001508894,172.35600392703972,PPG
RB,2022,00-0032257,Duke Johnson,1.0,7.468199230161245,0.4,9.234087059711115,10.138588466296454,0.4,68.96200187057646,75.71699857891686,6.800000000000001,156.97948001508894,172.35600392703972,SEASON
RB,2022,00-0032450,Dwayne Washington,7.0,8.79325970608241,0.7857142857142858,2.0204949800534333,2.2032579686843894,5.500000000000001,17.766737094445638,19.37381951813742,13.35714285714286,34.34841466090837,37.45538546763462,PPG
RB,2022,00-0032450,Dwayne Washington,7.0,8.79325970608241,0.7857142857142858,2.0204949800534333,2.2032579686843894,5.500000000000001,17.766737094445638,19.37381951813742,13.35714285714286,34.34841466090837,37.45538546763462,SEASON
RB,2022,00-0032602,J.D. McKissic,8.0,10.118320182003576,6.975,9.985268271023756,9.800783984235993,55.8,101.03414146941962,99.16747038715246,118.57499999999999,169.74956060740385,166.6133277320119,PPG
RB,2022,00-0032602,J.D. McKissic,8.0,10.118320182003576,6.975,9.985268271023756,9.800783984235993,55.8,101.03414146941962,99.16747038715246,118.57499999999999,169.74956060740385,166.6133277320119,SEASON
RB,2022,00-0032764,Derrick Henry,16.0,8.79325970608241,18.6625,17.65081419276772,18.113303321412314,298.6,155.2081932208119,159.27498024022358,317.26250000000005,300.0638412770512,307.92615646400935,PPG
RB,2022,00-0032764,Derrick Henry,16.0,8.79325970608241,18.6625,17.65081419276772,18.113303321412314,298.6,155.2081932208119,159.27498024022358,317.26250000000005,300.0638412770512,307.92615646400935,SEASON
RB,2022,00-0032780,Jordan Howard,1.0,8.351572880775356,0.1,8.21050102929365,8.515772435483413,0.1,68.570597733827,71.12009413103758,1.7000000000000002,139.57851749799207,144.76813140321804,PPG
RB,2022,00-0032780,Jordan Howard,1.0,8.351572880775356,0.1,8.21050102929365,8.515772435483413,0.1,68.570597733827,71.12009413103758,1.7000000000000002,139.57851749799207,144.76813140321804,SEASON
RB,2022,00-0032975,Jonathan Williams,9.0,7.468199230161245,2.9111111111111114,3.865795731329864,4.739969861128522,26.200000000000003,28.87053270467832,35.39903926786753,49.488888888888894,65.71852743260769,80.57948763918486,PPG
RB,2022,00-0032975,Jonathan Williams,9.0,7.468199230161245,2.9111111111111114,3.865795731329864,4.739969861128522,26.200000000000003,28.87053270467832,35.39903926786753,49.488888888888894,65.71852743260769,80.57948763918486,SEASON
RB,2022,00-0033045,Ezekiel Elliott,15.0,12.768441133845904,12.386666666666667,12.386624116775389,11.887853353532392,185.8,158.15788088212256,151.78935575237097,210.57333333333332,210.5726099851816,202.09350701005067,PPG
RB,2022,00-0033045,Ezekiel Elliott,15.0,12.768441133845904,12.386666666666667,12.386624116775389,11.887853353532392,185.8,158.15788088212256,151.78935575237097,210.57333333333332,210.5726099851816,202.09350701005067,SEASON
RB,2022,00-0033118,Kenyan Drake,12.0,10.56000700731063,8.675,8.164950669896882,8.549376546439802,104.10000000000001,86.22193628845669,90.28147623854146,147.47500000000002,138.804161388247,145.33940128947665,PPG
RB,2022,00-0033118,Kenyan Drake,12.0,10.56000700731063,8.675,8.164950669896882,8.549376546439802,104.10000000000001,86.22193628845669,90.28147623854146,147.47500000000002,138.804161388247,145.33940128947665,SEASON
RB,2022,00-0033280,Christian McCaffrey,17.0,8.351572880775356,20.64705882352941,14.31335288180406,15.5696483055235,350.99999999999994,119.53900976064257,130.03105255162004,350.99999999999994,243.326998990669,264.6840211938995,PPG
RB,2022,00-0033280,Christian McCaffrey,17.0,8.351572880775356,20.64705882352941,14.31335288180406,15.5696483055235,350.99999999999994,119.53900976064257,130.03105255162004,350.99999999999994,243.326998990669,264.6840211938995,SEASON
RB,2022,00-0033293,Aaron Jones,17.0,11.885067483231794,14.623529411764705,13.020517736159935,12.645732218845854,248.6,154.74973196087728,150.2953807958615,248.6,221.3488015147189,214.97744772037953,PPG
RB,2022,00-0033293,Aaron Jones,17.0,11.885067483231794,14.623529411764705,13.020517736159935,12.645732218845854,248.6,154.74973196087728,150.2953807958615,248.6,221.3488015147189,214.97744772037953,SEASON
RB,2022,00-0033308,Matt Breida,17.0,8.351572880775356,3.5176470588235293,6.409108815826306,6.235997284149878,59.8,53.52613937619323,52.080385802894895,59.8,108.9548498690472,106.01195383054792,PPG
RB,2022,00-0033308,Matt Breida,17.0,8.351572880775356,3.5176470588235293,6.409108815826306,6.235997284149878,59.8,53.52613937619323,52.080385802894895,59.8,108.9548498690472,106.01195383054792,SEASON
RB,2022,00-0033376,Patrick Ricard,13.0,8.79325970608241,1.5384615384615385,3.554341746499058,4.232256173825259,20.0,31.254250061136744,37.21532767911616,26.153846153846157,60.423809690483985,71.9483549550294,PPG
RB,2022,00-0033376,Patrick Ricard,13.0,8.79325970608241,1.5384615384615385,3.554341746499058,4.232256173825259,20.0,31.254250061136744,37.21532767911616,26.153846153846157,60.423809690483985,71.9483549550294,SEASON
RB,2022,00-0033526,Samaje Perine,16.0,11.885067483231794,8.881250000000001,6.6137302457143905,5.820653831730153,142.10000000000002,78.60463028620673,69.17886358664458,150.98125000000002,112.43341417714464,98.95111513941261,PPG
RB,2022,00-0033526,Samaje Perine,16.0,11.885067483231794,8.881250000000001,6.6137302457143905,5.820653831730153,142.10000000000002,78.60463028620673,69.17886358664458,150.98125000000002,112.43341417714464,98.95111513941261,SEASON
RB,2022,00-0033553,James Conner,13.0,11.885067483231794,15.4,12.661343480561143,12.964327078103352,200.20000000000002,150.4809216948461,154.08190219794758,261.8,215.24283916953942,220.39356032775697,PPG
RB,2022,00-0033553,James Conner,13.0,11.885067483231794,15.4,12.661343480561143,12.964327078103352,200.20000000000002,150.4809216948461,154.08190219794758,261.8,215.24283916953942,220.39356032775697,SEASON
RB,2022,00-0033699,Austin Ekeler,17.0,12.326754308538849,21.923529411764704,16.363709508245627,15.709980532926824,372.7,201.71142668444492,193.65307022131717,372.7,278.18306164017565,267.069669059756,PPG
RB,2022,00-0033699,Austin Ekeler,17.0,12.326754308538849,21.923529411764704,16.363709508245627,15.709980532926824,372.7,201.71142668444492,193.65307022131717,372.7,278.18306164017565,267.069669059756,SEASON
RB,2022,00-0033725,Corey Clement,5.0,10.118320182003576,4.380000000000001,4.643844065919142,3.5806266559301996,21.900000000000006,46.9879011342672,36.22992695691851,74.46000000000001,78.94534912062541,60.870653150813396,PPG
RB,2022,00-0033725,Corey Clement,5.0,10.118320182003576,4.380000000000001,4.643844065919142,3.5806266559301996,21.900000000000006,46.9879011342672,36.22992695691851,74.46000000000001,78.94534912062541,60.870653150813396,SEASON
RB,2022,00-0033854,Dare Ogunbowale,15.0,11.001693832617685,3.246666666666666,4.533973813413085,4.544764017064757,48.69999999999999,49.88139174027682,50.000102257244116,55.19333333333333,77.07755482802244,77.26098829010087,PPG
RB,2022,00-0033854,Dare Ogunbowale,15.0,11.001693832617685,3.246666666666666,4.533973813413085,4.544764017064757,48.69999999999999,49.88139174027682,50.000102257244116,55.19333333333333,77.07755482802244,77.26098829010087,SEASON
RB,2022,00-0033856,Leonard Fournette,16.0,11.44338065792474,14.256250000000001,14.514710972574735,14.462922698230969,228.10000000000002,166.0973627989297,165.50472986199696,242.35625000000002,246.75008653377049,245.86968586992646,PPG
RB,2022,00-0033856,Leonard Fournette,16.0,11.44338065792474,14.256250000000001,14.514710972574735,14.462922698230969,228.10000000000002,166.0973627989297,165.50472986199696,242.35625000000002,246.75008653377049,245.86968586992646,SEASON
RB,2022,00-0033893,Dalvin Cook,17.0,11.001693832617685,13.988235294117647,12.98781282234961,13.561366054648198,237.8,142.8879402268366,149.1979972852939,237.8,220.79281797994338,230.54322292901938,PPG
RB,2022,00-0033893,Dalvin Cook,17.0,11.001693832617685,13.988235294117647,12.98781282234961,13.561366054648198,237.8,142.8879402268366,149.1979972852939,237.8,220.79281797994338,230.54322292901938,SEASON
RB,2022,00-0033897,Joe Mixon,14.0,12.326754308538849,17.107142857142858,14.27231065749912,13.826244558216636,239.5,175.9312668901322,170.43271967890874,290.82142857142856,242.62928117748504,235.04615748968283,PPG
RB,2022,00-0033897,Joe Mixon,14.0,12.326754308538849,17.107142857142858,14.27231065749912,13.826244558216636,239.5,175.9312668901322,170.43271967890874,290.82142857142856,242.62928117748504,235.04615748968283,SEASON
RB,2022,00-0033906,Alvin Kamara,15.0,11.001693832617685,14.113333333333333,14.270820062154964,14.545178008339555,211.7,157.00319306420698,160.02159518867566,239.92666666666668,242.6039410566344,247.26802614177242,PPG
RB,2022,00-0033906,Alvin Kamara,15.0,11.001693832617685,14.113333333333333,14.270820062154964,14.545178008339555,211.7,157.00319306420698,160.02159518867566,239.92666666666668,242.6039410566344,247.26802614177242,SEASON
RB,2022,00-0033923,Kareem Hunt,17.0,8.79325970608241,7.458823529411765,11.664816012608169,11.564483641137752,126.8,102.57175662253229,101.68950802326577,126.8,198.30187221433886,196.59622189934177,PPG
RB,2022,00-0033923,Kareem Hunt,17.0,8.79325970608241,7.458823529411765,11.664816012608169,11.564483641137752,126.8,102.57175662253229,101.68950802326577,126.8,198.30187221433886,196.59622189934177,SEASON
RB,2022,00-0033925,D'Onta Foreman,16.0,9.234946531389465,8.1875,8.955707249102922,9.54097781086801,131.0,82.70547759624252,88.11041994053939,139.1875,152.24702323474966,162.1966227847562,PPG
RB,2022,00-0033925,D'Onta Foreman,16.0,9.234946531389465,8.1875,8.955707249102922,9.54097781086801,131.0,82.70547759624252,88.11041994053939,139.1875,152.24702323474966,162.1966227847562,SEASON
RB,2022,00-0033948,Jamaal Williams,17.0,11.001693832617685,13.288235294117648,8.910684396673284,8.919368636798827,225.9,98.0326215712831,98.12816292231327,225.9,151.48163474344582,151.62926682558006,PPG
RB,2022,00-0033948,Jamaal Williams,17.0,11.001693832617685,13.288235294117648,8.910684396673284,8.919368636798827,225.9,98.0326215712831,98.12816292231327,225.9,151.48163474344582,151.62926682558006,SEASON
RB,2022,00-0033951,Marlon Mack,7.0,7.468199230161245,5.4714285714285715,3.771549528246086,3.9573590009694453,38.3,28.166683283362424,29.554345444511686,93.01428571428572,64.11634198018346,67.27510301648057,PPG
RB,2022,00-0033951,Marlon Mack,7.0,7.468199230161245,5.4714285714285715,3.771549528246086,3.9573590009694453,38.3,28.166683283362424,29.554345444511686,93.01428571428572,64.11634198018346,67.27510301648057,SEASON
RB,2022,00-0034109,Phillip Lindsay,3.0,11.44338065792474,4.933333333333334,4.672647346173475,4.479483986426795,14.8,53.470882262504915,51.26044040775999,83.86666666666667,79.43500488494908,76.15122776925551,PPG
RB,2022,00-0034109,Phillip Lindsay,3.0,11.44338065792474,4.933333333333334,4.672647346173475,4.479483986426795,14.8,53.470882262504915,51.26044040775999,83.86666666666667,79.43500488494908,76.15122776925551,SEASON
RB,2022,00-0034115,Jeff Wilson,16.0,8.79325970608241,9.90625,5.405931211758158,6.1553389845656135,158.5,47.53575709820627,54.125494270259026,168.40625,91.90083059988869,104.64076273761543,PPG
RB,2022,00-0034115,Jeff Wilson,16.0,8.79325970608241,9.90625,5.405931211758158,6.1553389845656135,158.5,47.53575709820627,54.125494270259026,168.40625,91.90083059988869,104.64076273761543,SEASON
RB,2022,00-0034164,Trenton Cannon,1.0,9.67663335669652,0.0,1.56857916116251,1.7656908979317847,0.0,15.17856543352419,17.085943440542138,0.0,26.66584573976267,30.01674526484034,PPG
RB,2022,00-0034164,Trenton Cannon,1.0,9.67663335669652,0.0,1.56857916116251,1.7656908979317847,0.0,15.17856543352419,17.085943440542138,0.0,26.66584573976267,30.01674526484034,SEASON
RB,2022,00-0034208,Mike Boone,8.0,6.584825579547136,3.6000000000000005,3.4668477177718033,3.7928256592622045,28.800000000000004,22.828587532378382,24.975095419872495,61.20000000000001,58.93641120212066,64.47803620745748,PPG
RB,2022,00-0034208,Mike Boone,8.0,6.584825579547136,3.6000000000000005,3.4668477177718033,3.7928256592622045,28.800000000000004,22.828587532378382,24.975095419872495,61.20000000000001,58.93641120212066,64.47803620745748,SEASON
RB,2022,00-0034253,Dontrell Hilliard,12.0,8.79325970608241,6.433333333333334,8.635762456858018,8.875169642197292,77.2,75.93650204318884,78.04167159937928,109.36666666666667,146.8079617665863,150.87788391735398,PPG
RB,2022,00-0034253,Dontrell Hilliard,12.0,8.79325970608241,6.433333333333334,8.635762456858018,8.875169642197292,77.2,75.93650204318884,78.04167159937928,109.36666666666667,146.8079617665863,150.87788391735398,SEASON
RB,2022,00-0034301,Darrel Williams,5.0,12.768441133845904,4.220000000000001,10.079273238186314,9.771029590973772,21.1,128.69660701373033,124.76081614941502,71.74000000000001,171.34764504916734,166.10750304655411,PPG
RB,2022,00-0034301,Darrel Williams,5.0,12.768441133845904,4.220000000000001,10.079273238186314,9.771029590973772,21.1,128.69660701373033,124.76081614941502,71.74000000000001,171.34764504916734,166.10750304655411,SEASON
RB,2022,00-0034367,Nyheim Hines,16.0,12.768441133845904,4.3374999999999995,7.949989765279074,6.898327361732783,69.39999999999999,101.50897633264327,88.08088684028357,73.7375,135.14982600974426,117.27156514945732,PPG
RB,2022,00-0034367,Nyheim Hines,16.0,12.768441133845904,4.3374999999999995,7.949989765279074,6.898327361732783,69.39999999999999,101.50897633264327,88.08088684028357,73.7375,135.14982600974426,117.27156514945732,SEASON
RB,2022,00-0034414,Boston Scott,15.0,10.118320182003576,3.08,7.902972127348166,8.051775983566767,46.2,79.96480237395868,81.4704474354953,52.36,134.35052616491882,136.88019172063503,PPG
RB,2022,00-0034414,Boston Scott,15.0,10.118320182003576,3.08,7.902972127348166,8.051775983566767,46.2,79.96480237395868,81.4704474354953,52.36,134.35052616491882,136.88019172063503,SEASON
RB,2022,00-0034440,Justin Jackson,15.0,11.44338065792474,3.406666666666667,6.302070706992746,6.737423768143488,51.10000000000001,72.11699403327488,77.0989048326156,57.91333333333334,107.13520201887668,114.5362040584393,PPG
RB,2022,00-0034440,Justin Jackson,15.0,11.44338065792474,3.406666666666667,6.302070706992746,6.737423768143488,51.10000000000001,72.11699403327488,77.0989048326156,57.91333333333334,107.13520201887668,114.5362040584393,SEASON
RB,2022,00-0034614,Godwin Igwebuike,5.0,11.885067483231794,0.34,4.107815840252898,3.1422989700139694,1.7000000000000002,48.8216684700942,37.346435311105786,5.78,69.83286928429926,53.41908249023748,PPG
RB,2022,00-0034614,Godwin Igwebuike,5.0,11.885067483231794,0.34,4.107815840252898,3.1422989700139694,1.7000000000000002,48.8216684700942,37.346435311105786,5.78,69.83286928429926,53.41908249023748,SEASON
RB,2022,00-0034681,Chase Edmonds,13.0,10.56000700731063,5.707692307692309,10.383982239085146,10.603870587346645,74.20000000000002,109.65492520852825,111.97694770699565,97.03076923076925,176.5276980644475,180.26579998489296,PPG
RB,2022,00-0034681,Chase Edmonds,13.0,10.56000700731063,5.707692307692309,10.383982239085146,10.603870587346645,74.20000000000002,109.65492520852825,111.97694770699565,97.03076923076925,176.5276980644475,180.26579998489296,SEASON
RB,2022,00-0034750,Rashaad Penny,5.0,9.67663335669652,10.440000000000001,10.689188379823122,10.742014379173376,52.2,103.43535683220925,103.94653465962276,177.48000000000002,181.71620245699307,182.6142444459474,PPG
RB,2022,00-0034750,Rashaad Penny,5.0,9.67663335669652,10.440000000000001,10.689188379823122,10.742014379173376,52.2,103.43535683220925,103.94653465962276,177.48000000000002,181.71620245699307,182.6142444459474,SEASON
RB,2022,00-0034791,Nick Chubb,17.0,11.44338065792474,16.55294117647059,12.771635190275557,12.379311963759337,281.40000000000003,146.15068310647027,141.66117908449993,281.40000000000003,217.11779823468447,210.44830338390872,PPG
RB,2022,00-0034791,Nick Chubb,17.0,11.44338065792474,16.55294117647059,12.771635190275557,12.379311963759337,281.40000000000003,146.15068310647027,141.66117908449993,281.40000000000003,217.11779823468447,210.44830338390872,SEASON
RB,2022,00-0034816,Ronald Jones,5.0,11.885067483231794,3.24,5.934335827043295,5.730834087381028,16.200000000000003,70.52998177256971,68.1113498637286,55.080000000000005,100.88370905973602,97.42417948547748,PPG
RB,2022,00-0034816,Ronald Jones,5.0,11.885067483231794,3.24,5.934335827043295,5.730834087381028,16.200000000000003,70.52998177256971,68.1113498637286,55.080000000000005,100.88370905973602,97.42417948547748,SEASON
RB,2022,00-0034838,Royce Freeman,4.0,10.56000700731063,4.75,4.289947694635261,4.163437227673723,19.0,45.301877716344435,43.96592629873245,80.75,72.92911080879944,70.77843287045329,PPG
RB,2022,00-0034838,Royce Freeman,4.0,10.56000700731063,4.75,4.289947694635261,4.163437227673723,19.0,45.301877716344435,43.96592629873245,80.75,72.92911080879944,70.77843287045329,SEASON
RB,2022,00-0034844,Saquon Barkley,16.0,11.001693832617685,17.75,10.079495033371053,10.238642610367426,284.0,110.8915183445389,112.64241126085595,301.75,171.3514155673079,174.05692437624626,PPG
RB,2022,00-0034844,Saquon Barkley,16.0,11.001693832617685,17.75,10.079495033371053,10.238642610367426,284.0,110.8915183445389,112.64241126085595,301.75,171.3514155673079,174.05692437624626,SEASON
RB,2022,00-0034845,Sony Michel,10.0,12.768441133845904,2.49,7.323383884949649,7.850030865805017,24.900000000000002,93.50819603553532,100.23265700890477,42.330000000000005,124.49752604414404,133.4505247186853,PPG
RB,2022,00-0034845,Sony Michel,10.0,12.768441133845904,2.49,7.323383884949649,7.850030865805017,24.900000000000002,93.50819603553532,100.23265700890477,42.330000000000005,124.49752604414404,133.4505247186853,SEASON
RB,2022,00-0034972,Alexander Mattison,17.0,12.326754308538849,5.2,7.618604691591036,7.708784083972116,88.4,93.9126682071241,95.02428742069898,88.4,129.5162797570476,131.04932942752598,PPG
RB,2022,00-0034972,Alexander Mattison,17.0,12.326754308538849,5.2,7.618604691591036,7.708784083972116,88.4,93.9126682071241,95.02428742069898,88.4,129.5162797570476,131.04932942752598,SEASON
RB,2022,00-0035217,Benny Snell,9.0,12.326754308538849,2.0777777777777775,2.79308117670228,2.4108408252049376,18.699999999999996,34.42962542901358,29.71784252929632,35.322222222222216,47.48238000393876,40.98429402848394,PPG
RB,2022,00-0035217,Benny Snell,9.0,12.326754308538849,2.0777777777777775,2.79308117670228,2.4108408252049376,18.699999999999996,34.42962542901358,29.71784252929632,35.322222222222216,47.48238000393876,40.98429402848394,SEASON
RB,2022,00-0035243,Miles Sanders,17.0,10.56000700731063,12.747058823529413,9.562196615092175,9.567565088109479,216.70000000000002,100.97686326065535,101.03355437333663,216.70000000000002,162.55734245656697,162.64860649786115,PPG
RB,2022,00-0035243,Miles Sanders,17.0,10.56000700731063,12.747058823529413,9.562196615092175,9.567565088109479,216.70000000000002,100.97686326065535,101.03355437333663,216.70000000000002,162.55734245656697,162.64860649786115,SEASON
RB,2022,00-0035250,Devin Singletary,16.0,12.768441133845904,11.11875,10.020960497016372,10.178073047250225,177.9,127.95204421074874,129.9581265597981,189.01875,170.35632844927832,173.02724180325382,PPG
RB,2022,00-0035250,Devin Singletary,16.0,12.768441133845904,11.11875,10.020960497016372,10.178073047250225,177.9,127.95204421074874,129.9581265597981,189.01875,170.35632844927832,173.02724180325382,SEASON
RB,2022,00-0035261,Tony Pollard,16.0,11.885067483231794,15.55,10.266746876614484,9.692957300693518,248.8,122.02097946182238,115.20145163082675,264.35,174.53469690244623,164.7802741117898,PPG
RB,2022,00-0035261,Tony Pollard,16.0,11.885067483231794,15.55,10.266746876614484,9.692957300693518,248.8,122.02097946182238,115.20145163082675,264.35,174.53469690244623,164.7802741117898,SEASON
RB,2022,00-0035273,Qadree Ollison,2.0,7.9098860554683,0.0,4.559752798296086,4.941431411882061,0.0,36.06712507562477,39.086159418898944,0.0,77.51579757103346,84.00433400199503,PPG
RB,2022,00-0035273,Qadree Ollison,2.0,7.9098860554683,0.0,4.559752798296086,4.941431411882061,0.0,36.06712507562477,39.086159418898944,0.0,77.51579757103346,84.00433400199503,SEASON
RB,2022,00-0035291,Trayveon Williams,7.0,7.026512404854191,1.1428571428571428,2.360622800477904,3.0559893222114316,8.0,16.586945390739636,21.472946881620576,19.428571428571427,40.13058760812437,51.95181847759434,PPG
RB,2022,00-0035291,Trayveon Williams,7.0,7.026512404854191,1.1428571428571428,2.360622800477904,3.0559893222114316,8.0,16.586945390739636,21.472946881620576,19.428571428571427,40.13058760812437,51.95181847759434,SEASON
RB,2022,00-0035304,Cullen Gillaspia,4.0,7.026512404854191,0.0,1.4060819885735825,1.7352072518916817,0.0,9.879852534954326,12.192455280409852,0.0,23.903393805750902,29.498523282158587,PPG
RB,2022,00-0035304,Cullen Gillaspia,4.0,7.026512404854191,0.0,1.4060819885735825,1.7352072518916817,0.0,9.879852534954326,12.192455280409852,0.0,23.903393805750902,29.498523282158587,SEASON
RB,2022,00-0035311,Myles Gaskin,2.0,12.768441133845904,4.7,9.293123177710498,8.730413808122673,9.4,118.65869624417549,111.4737747831298,79.9,157.98309402107847,148.41703473808545,PPG
RB,2022,00-0035311,Myles Gaskin,2.0,12.768441133845904,4.7,9.293123177710498,8.730413808122673,9.4,118.65869624417549,111.4737747831298,79.9,157.98309402107847,148.41703473808545,SEASON
RB,2022,00-0035537,Ty Johnson,12.0,11.885067483231794,3.566666666666667,7.793983335848836,7.897522257835163,42.800000000000004,92.63201790974746,93.86258498469604,60.63333333333334,132.49771670943022,134.25787838319778,PPG
RB,2022,00-0035537,Ty Johnson,12.0,11.885067483231794,3.566666666666667,7.793983335848836,7.897522257835163,42.800000000000004,92.63201790974746,93.86258498469604,60.63333333333334,132.49771670943022,134.25787838319778,SEASON
RB,2022,00-0035567,Craig Reynolds,6.0,7.468199230161245,5.133333333333334,5.9978180939522465,7.48915321043768,30.800000000000004,44.792900471901355,55.93048824075029,87.26666666666668,101.96290759718819,127.31560457744055,PPG
RB,2022,00-0035567,Craig Reynolds,6.0,7.468199230161245,5.133333333333334,5.9978180939522465,7.48915321043768,30.800000000000004,44.792900471901355,55.93048824075029,87.26666666666668,101.96290759718819,127.31560457744055,SEASON
RB,2022,00-0035594,Travis Homer,10.0,11.44338065792474,4.3100000000000005,5.839167941024157,5.244109709526841,43.10000000000001,66.81982147469007,60.010343618034774,73.27000000000001,99.26585499741067,89.14986506195629,PPG
RB,2022,00-0035594,Travis Homer,10.0,11.44338065792474,4.3100000000000005,5.839167941024157,5.244109709526841,43.10000000000001,66.81982147469007,60.010343618034774,73.27000000000001,99.26585499741067,89.14986506195629,SEASON
RB,2022,00-0035628,D'Ernest Johnson,9.0,11.001693832617685,0.6,7.986831342638238,8.344898363045125,5.3999999999999995,87.86867312446073,91.80801685453497,10.2,135.77613282485004,141.86327217176714,PPG
RB,2022,00-0035628,D'Ernest Johnson,9.0,11.001693832617685,0.6,7.986831342638238,8.344898363045125,5.3999999999999995,87.86867312446073,91.80801685453497,10.2,135.77613282485004,141.86327217176714,SEASON
RB,2022,00-0035657,Damien Harris,11.0,11.885067483231794,8.263636363636364,11.180695710772465,10.967892128078141,90.9,132.88332303201102,130.35413809101547,140.48181818181817,190.0718270831319,186.4541661773284,PPG
RB,2022,00-0035657,Damien Harris,11.0,11.885067483231794,8.263636363636364,11.180695710772465,10.967892128078141,90.9,132.88332303201102,130.35413809101547,140.48181818181817,190.0718270831319,186.4541661773284,SEASON
RB,2022,00-0035664,Darrell Henderson,10.0,10.56000700731063,7.35,11.289032199375695,11.199646700188389,73.5,119.21225913116267,118.26834763339275,124.94999999999999,191.91354738938682,190.3939939032026,PPG
RB,2022,00-0035664,Darrell Henderson,10.0,10.56000700731063,7.35,11.289032199375695,11.199646700188389,73.5,119.21225913116267,118.26834763339275,124.94999999999999,191.91354738938682,190.3939939032026,SEASON
RB,2022,00-0035685,David Montgomery,16.0,11.001693832617685,11.10625,11.485179119456967,12.600073433510016,177.7,126.35642428503913,138.62215018397708,188.80624999999998,195.24804503076845,214.20124836967025,PPG
RB,2022,00-0035685,David Montgomery,16.0,11.001693832617685,11.10625,11.485179119456967,12.600073433510016,177.7,126.35642428503913,138.62215018397708,188.80624999999998,195.24804503076845,214.20124836967025,SEASON
RB,2022,00-0035700,Josh Jacobs,17.0,11.885067483231794,19.311764705882354,12.316699937856619,12.76501986492702,328.3,146.38480993214276,151.713122519452,328.3,209.3838989435625,217.00533770375932,PPG
RB,2022,00-0035700,Josh Jacobs,17.0,11.885067483231794,19.311764705882354,12.316699937856619,12.76501986492702,328.3,146.38480993214276,151.713122519452,328.3,209.3838989435625,217.00533770375932,SEASON
RB,2022,00-0035726,Jakob Johnson,11.0,7.9098860554683,0.5454545454545454,2.8729381356934844,2.731231253059476,6.0,22.724613297744988,21.60372800283436,9.272727272727272,48.83994830678924,46.43093130201109,PPG
RB,2022,00-0035726,Jakob Johnson,11.0,7.9098860554683,0.5454545454545454,2.8729381356934844,2.731231253059476,6.0,22.724613297744988,21.60372800283436,9.272727272727272,48.83994830678924,46.43093130201109,SEASON
RB,2022,00-0035806,JaMycal Hasty,14.0,10.118320182003576,5.0,5.252638391990694,5.381598694897692,70.0,53.14787705044625,54.452738686027416,85.0,89.29485266384181,91.48717781326076,PPG
RB,2022,00-0035806,JaMycal Hasty,14.0,10.118320182003576,5.0,5.252638391990694,5.381598694897692,70.0,53.14787705044625,54.452738686027416,85.0,89.29485266384181,91.48717781326076,SEASON
RB,2022,00-0035831,James Robinson,11.0,11.44338065792474,8.054545454545455,10.467003335032405,10.839974284249333,88.6,119.77790351054358,124.0459520567804,136.92727272727274,177.9390566955509,184.27956283223867,PPG
RB,2022,00-0035831,James Robinson,11.0,11.44338065792474,8.054545454545455,10.467003335032405,10.839974284249333,88.6,119.77790351054358,124.0459520567804,136.92727272727274,177.9390566955509,184.27956283223867,SEASON
RB,2022,00-0035860,Tony Jones,3.0,9.67663335669652,3.466666666666667,3.6181279747171886,3.504364899542055,10.4,35.01129784894517,33.910454280945096,58.93333333333334,61.50817557019221,59.57420329221493,PPG
RB,2022,00-0035860,Tony Jones,3.0,9.67663335669652,3.466666666666667,3.6181279747171886,3.504364899542055,10.4,35.01129784894517,33.910454280945096,58.93333333333334,61.50817557019221,59.57420329221493,SEASON
RB,2022,00-0035924,Jonathan Ward,4.0,9.234946531389465,1.3,2.4040255044761834,2.616173492334077,5.2,22.20104699393414,24.160222318543646,22.1,40.868433576095114,44.47494936967931,PPG
RB,2022,00-0035924,Jonathan Ward,4.0,9.234946531389465,1.3,2.4040255044761834,2.616173492334077,5.2,22.20104699393414,24.160222318543646,22.1,40.868433576095114,44.47494936967931,SEASON
RB,2022,00-0035973,Patrick Taylor,6.0,7.468199230161245,0.9666666666666668,3.6705570897536934,4.062138228569796,5.800000000000001,27.41245163196143,30.336857591413516,16.433333333333337,62.39947052581279,69.05634988568653,PPG
RB,2022,00-0035973,Patrick Taylor,6.0,7.468199230161245,0.9666666666666668,3.6705570897536934,4.062138228569796,5.800000000000001,27.41245163196143,30.336857591413516,16.433333333333337,62.39947052581279,69.05634988568653,SEASON
RB,2022,00-0036020,Salvon Ahmed,6.0,10.118320182003576,2.3666666666666667,5.094113572532338,4.420572250947542,14.2,51.54387217037229,44.72876542276749,40.233333333333334,86.59993073304975,75.14972826610821,PPG
RB,2022,00-0036020,Salvon Ahmed,6.0,10.118320182003576,2.3666666666666667,5.094113572532338,4.420572250947542,14.2,51.54387217037229,44.72876542276749,40.233333333333334,86.59993073304975,75.14972826610821,SEASON
RB,2022,00-0036096,J.J. Taylor,1.0,7.468199230161245,2.7,3.530430321489322,4.5341691065096,2.7,26.365957009084468,33.86207823065589,45.900000000000006,60.01731546531847,77.08087481066319,PPG
RB,2022,00-0036096,J.J. Taylor,1.0,7.468199230161245,2.7,3.530430321489322,4.5341691065096,2.7,26.365957009084468,33.86207823065589,45.900000000000006,60.01731546531847,77.08087481066319,SEASON
RB,2022,00-0036187,Reggie Gilliam,7.0,8.79325970608241,2.9857142857142858,2.1968200135689955,2.2478323544041148,20.9,19.31720890683166,19.765773668010056,50.75714285714286,37.34594023067292,38.213150024869954,PPG
RB,2022,00-0036187,Reggie Gilliam,7.0,8.79325970608241,2.9857142857142858,2.1968200135689955,2.2478323544041148,20.9,19.31720890683166,19.765773668010056,50.75714285714286,37.34594023067292,38.213150024869954,SEASON
RB,2022,00-0036223,Jonathan Taylor,11.0,12.768441133845904,13.309090909090909,17.108489911855884,16.35975180177167,146.4,218.44874632852836,208.88852784525102,226.25454545454545,290.84432850155,278.11578063011837,PPG
RB,2022,00-0036223,Jonathan Taylor,11.0,12.768441133845904,13.309090909090909,17.108489911855884,16.35975180177167,146.4,218.44874632852836,208.88852784525102,226.25454545454545,290.84432850155,278.11578063011837,SEASON
RB,2022,00-0036251,Zack Moss,13.0,11.001693832617685,4.961538461538462,7.654368365082706,7.382659096061154,64.5,84.21101723471432,81.22175504545484,84.34615384615385,130.124262206406,125.50520463303963,PPG
RB,2022,00-0036251,Zack Moss,13.0,11.001693832617685,4.961538461538462,7.654368365082706,7.382659096061154,64.5,84.21101723471432,81.22175504545484,84.34615384615385,130.124262206406,125.50520463303963,SEASON
RB,2022,00-0036265,AJ Dillon,17.0,12.768441133845904,9.858823529411765,9.602050156109112,8.937936659732545,167.60000000000002,122.60321218251507,114.12351809783829,167.60000000000002,163.2348526538549,151.94492321545326,PPG
RB,2022,00-0036265,AJ Dillon,17.0,12.768441133845904,9.858823529411765,9.602050156109112,8.937936659732545,167.60000000000002,122.60321218251507,114.12351809783829,167.60000000000002,163.2348526538549,151.94492321545326,SEASON
RB,2022,00-0036275,D'Andre Swift,14.0,11.001693832617685,13.65,12.672621778387064,13.161935450054127,191.1,139.42030486237752,144.80358406617256,232.05,215.43457023258009,223.75290265092016,PPG
RB,2022,00-0036275,D'Andre Swift,14.0,11.001693832617685,13.65,12.672621778387064,13.161935450054127,191.1,139.42030486237752,144.80358406617256,232.05,215.43457023258009,223.75290265092016,SEASON
RB,2022,00-0036328,Antonio Gibson,15.0,12.326754308538849,11.06,12.00586470675453,12.10551063507284,165.9,147.9933445017209,149.22165537794697,188.02,204.099700014827,205.79368079623828,PPG
RB,2022,00-0036328,Antonio Gibson,15.0,12.326754308538849,11.06,12.00586470675453,12.10551063507284,165.9,147.9933445017209,149.22165537794697,188.02,204.099700014827,205.79368079623828,SEASON
RB,2022,00-0036360,Clyde Edwards-Helaire,10.0,9.67663335669652,9.83,9.595470430117818,10.153740470473856,98.3,92.85184923727317,98.25402373182673,167.11,163.1229973120029,172.61358799805555,PPG
RB,2022,00-0036360,Clyde Edwards-Helaire,10.0,9.67663335669652,9.83,9.595470430117818,10.153740470473856,98.3,92.85184923727317,98.25402373182673,167.11,163.1229973120029,172.61358799805555,SEASON
RB,2022,00-0036370,Joshua Kelley,12.0,8.79325970608241,5.4,3.4567932298312787,4.071216304141459,64.80000000000001,30.39648062013385,35.79926228195284,91.80000000000001,58.765484907131736,69.21067717040481,PPG
RB,2022,00-0036370,Joshua Kelley,12.0,8.79325970608241,5.4,3.4567932298312787,4.071216304141459,64.80000000000001,30.39648062013385,35.79926228195284,91.80000000000001,58.765484907131736,69.21067717040481,SEASON
RB,2022,00-0036383,Eno Benjamin,13.0,8.79325970608241,6.892307692307693,4.3750939312481645,4.334870413238718,89.60000000000001,38.47133717597017,38.11764133582083,117.16923076923078,74.37659683121879,73.69279702505821,PPG
RB,2022,00-0036383,Eno Benjamin,13.0,8.79325970608241,6.892307692307693,4.3750939312481645,4.334870413238718,89.60000000000001,38.47133717597017,38.11764133582083,117.16923076923078,74.37659683121879,73.69279702505821,SEASON
RB,2022,00-0036425,DeeJay Dallas,15.0,12.768441133845904,3.213333333333334,4.261496865090232,4.43872520778029,48.20000000000001,54.412671863973486,56.67560152486056,54.62666666666667,72.44544670653394,75.45832853226493,PPG
RB,2022,00-0036425,DeeJay Dallas,15.0,12.768441133845904,3.213333333333334,4.261496865090232,4.43872520778029,48.20000000000001,54.412671863973486,56.67560152486056,54.62666666666667,72.44544670653394,75.45832853226493,SEASON
RB,2022,00-0036450,Ke'Shawn Vaughn,6.0,7.9098860554683,1.7000000000000002,6.085415647232091,6.65164318916674,10.200000000000001,48.13494436976972,52.61373970794069,28.900000000000002,103.45206600294556,113.07793421583457,PPG
RB,2022,00-0036450,Ke'Shawn Vaughn,6.0,7.9098860554683,1.7000000000000002,6.085415647232091,6.65164318916674,10.200000000000001,48.13494436976972,52.61373970794069,28.900000000000002,103.45206600294556,113.07793421583457,SEASON
RB,2022,00-0036457,Ty'Son Williams,1.0,8.351572880775356,1.5,6.438180273454877,6.387782123694557,1.5,53.76893177332862,53.348027952549074,25.5,109.44906464873291,108.59229610280748,PPG
RB,2022,00-0036457,Ty'Son Williams,1.0,8.351572880775356,1.5,6.438180273454877,6.387782123694557,1.5,53.76893177332862,53.348027952549074,25.5,109.44906464873291,108.59229610280748,SEASON
RB,2022,00-0036493,Deon Jackson,12.0,6.584825579547136,7.041666666666667,2.9337823967933243,3.6748659200463356,84.5,19.31844537122979,24.19835111172713,119.70833333333334,49.874300745486515,62.472720640787706,PPG
RB,2022,00-0036493,Deon Jackson,12.0,6.584825579547136,7.041666666666667,2.9337823967933243,3.6748659200463356,84.5,19.31844537122979,24.19835111172713,119.70833333333334,49.874300745486515,62.472720640787706,SEASON
RB,2022,00-0036555,Chuba Hubbard,14.0,12.326754308538849,6.4071428571428575,8.243690217490913,7.885672985693324,89.7,101.61794390671568,97.20475345212358,108.92142857142858,140.14273369734553,134.05644075678651,PPG
RB,2022,00-0036555,Chuba Hubbard,14.0,12.326754308538849,6.4071428571428575,8.243690217490913,7.885672985693324,89.7,101.61794390671568,97.20475345212358,108.92142857142858,140.14273369734553,134.05644075678651,SEASON
RB,2022,00-0036567,Elijah Mitchell,5.0,10.118320182003576,8.72,12.469579074395545,12.67542164410188,43.6,126.17119360954591,128.253974636921,148.24,211.98284426472426,215.48216794973195,PPG
RB,2022,00-0036567,Elijah Mitchell,5.0,10.118320182003576,8.72,12.469579074395545,12.67542164410188,43.6,126.17119360954591,128.253974636921,148.24,211.98284426472426,215.48216794973195,SEASON
RB,2022,00-0036569,Gary Brightwell,15.0,8.351572880775356,1.9333333333333333,1.7086832208930496,1.9369793088116372,29.0,14.270192449446279,16.176823866094264,32.86666666666667,29.047614755181844,32.92864824979783,PPG
RB,2022,00-0036569,Gary Brightwell,15.0,8.351572880775356,1.9333333333333333,1.7086832208930496,1.9369793088116372,29.0,14.270192449446279,16.176823866094264,32.86666666666667,29.047614755181844,32.92864824979783,SEASON
RB,2022,00-0036650,Larry Rountree III,2.0,9.234946531389465,2.6500000000000004,2.591618060041146,3.12252005555451,5.300000000000001,23.93345421426327,28.836305756237163,45.050000000000004,44.057507020699475,53.08284094442667,PPG
RB,2022,00-0036650,Larry Rountree III,2.0,9.234946531389465,2.6500000000000004,2.591618060041146,3.12252005555451,5.300000000000001,23.93345421426327,28.836305756237163,45.050000000000004,44.057507020699475,53.08284094442667,SEASON
RB,2022,00-0036654,Demetric Felton,6.0,11.885067483231794,0.4666666666666667,5.3314346105178,4.10485364664984,2.8,63.364460128441664,48.78646259922346,7.933333333333334,90.6343883788026,69.78251199304728,PPG
RB,2022,00-0036654,Demetric Felton,6.0,11.885067483231794,0.4666666666666667,5.3314346105178,4.10485364664984,2.8,63.364460128441664,48.78646259922346,7.933333333333334,90.6343883788026,69.78251199304728,SEASON
RB,2022,00-0036669,Kylin Hill,1.0,8.79325970608241,0.7000000000000001,1.9549156753484866,2.1789688169433763,0.7000000000000001,17.19008123683073,19.16023869883825,11.9,33.233566480924274,37.042469888037395,PPG
RB,2022,00-0036669,Kylin Hill,1.0,8.79325970608241,0.7000000000000001,1.9549156753484866,2.1789688169433763,0.7000000000000001,17.19008123683073,19.16023869883825,11.9,33.233566480924274,37.042469888037395,SEASON
RB,2022,00-0036755,Jaret Patterson,2.0,11.885067483231794,3.9000000000000004,4.866359277108787,4.779172558705248,7.800000000000001,57.83700840608902,56.80078837422143,66.30000000000001,82.72810771084937,81.24593349798923,PPG
RB,2022,00-0036755,Jaret Patterson,2.0,11.885067483231794,3.9000000000000004,4.866359277108787,4.779172558705248,7.800000000000001,57.83700840608902,56.80078837422143,66.30000000000001,82.72810771084937,81.24593349798923,SEASON
RB,2022,00-0036842,Kene Nwangwu,14.0,9.234946531389465,0.3928571428571429,2.6260510527694114,3.0459502311803037,5.500000000000001,24.25144106102453,28.129187522223486,6.67857142857143,44.642867897079995,51.781153930065166,PPG
RB,2022,00-0036842,Kene Nwangwu,14.0,9.234946531389465,0.3928571428571429,2.6260510527694114,3.0459502311803037,5.500000000000001,24.25144106102453,28.129187522223486,6.67857142857143,44.642867897079995,51.781153930065166,SEASON
RB,2022,00-0036857,Chris Evans,10.0,9.234946531389465,1.2800000000000002,5.777537939659521,5.208777358726473,12.800000000000002,53.355253955829724,48.10278040175102,21.760000000000005,98.21814497421185,88.54921509835005,PPG
RB,2022,00-0036857,Chris Evans,10.0,9.234946531389465,1.2800000000000002,5.777537939659521,5.208777358726473,12.800000000000002,53.355253955829724,48.10278040175102,21.760000000000005,98.21814497421185,88.54921509835005,SEASON
RB,2022,00-0036860,Jake Funk,1.0,7.468199230161245,0.0,1.6028157049601768,1.8188357176087186,0.0,11.970147013873945,13.583427506035209,0.0,27.247866984323004,30.920207199348216,PPG
RB,2022,00-0036860,Jake Funk,1.0,7.468199230161245,0.0,1.6028157049601768,1.8188357176087186,0.0,11.970147013873945,13.583427506035209,0.0,27.247866984323004,30.920207199348216,SEASON
RB,2022,00-0036875,Rhamondre Stevenson,17.0,10.56000700731063,14.652941176470588,8.956434904331655,8.944992234435997,249.1,94.58001535026378,94.45918067598329,249.1,152.25939337363812,152.06486798541195,PPG
RB,2022,00-0036875,Rhamondre Stevenson,17.0,10.56000700731063,14.652941176470588,8.956434904331655,8.944992234435997,249.1,94.58001535026378,94.45918067598329,249.1,152.25939337363812,152.06486798541195,SEASON
RB,2022,00-0036893,Najee Harris,17.0,12.768441133845904,13.252941176470587,14.186880984181476,14.213524065488059,225.29999999999998,181.14435471939902,181.4845453346864,225.29999999999998,241.1769767310851,241.629909113297,PPG
RB,2022,00-0036893,Najee Harris,17.0,12.768441133845904,13.252941176470587,14.186880984181476,14.213524065488059,225.29999999999998,181.14435471939902,181.4845453346864,225.29999999999998,241.1769767310851,241.629909113297,SEASON
RB,2022,00-0036906,Khalil Herbert,13.0,12.326754308538849,9.061538461538461,5.760677145981013,5.339064473009282,117.8,71.01045182932273,65.81333599623386,154.04615384615386,97.93151148167723,90.7640960411578,PPG
RB,2022,00-0036906,Khalil Herbert,13.0,12.326754308538849,9.061538461538461,5.760677145981013,5.339064473009282,117.8,71.01045182932273,65.81333599623386,154.04615384615386,97.93151148167723,90.7640960411578,SEASON
RB,2022,00-0036919,Kenny Gainwell,17.0,12.326754308538849,5.170588235294118,8.017316636337487,6.995888483084336,87.9,98.82749238989331,86.23659850091715,87.9,136.29438281773727,118.93010421243372,PPG
RB,2022,00-0036919,Kenny Gainwell,17.0,12.326754308538849,5.170588235294118,8.017316636337487,6.995888483084336,87.9,98.82749238989331,86.23659850091715,87.9,136.29438281773727,118.93010421243372,SEASON
RB,2022,00-0036924,Michael Carter,16.0,11.44338065792474,7.875,9.928329406634326,9.972366687205945,126.0,113.61365269738465,114.11758806210553,133.875,168.78159991278355,169.53023368250106,PPG
RB,2022,00-0036924,Michael Carter,16.0,11.44338065792474,7.875,9.928329406634326,9.972366687205945,126.0,113.61365269738465,114.11758806210553,133.875,168.78159991278355,169.53023368250106,SEASON
RB,2022,00-0036950,Avery Williams,17.0,11.885067483231794,2.1176470588235294,2.3782865457174975,1.8100138920812534,36.0,28.266096090314694,21.512137252972725,36.0,40.43087127719746,30.77023616538131,PPG
RB,2022,00-0036950,Avery Williams,17.0,11.885067483231794,2.1176470588235294,2.3782865457174975,1.8100138920812534,36.0,28.266096090314694,21.512137252972725,36.0,40.43087127719746,30.77023616538131,SEASON
RB,2022,00-0036984,Trey Sermon,1.0,7.9098860554683,1.9000000000000001,4.762877650884564,5.292694074901593,1.9000000000000001,37.67381951463342,41.86460705892381,32.300000000000004,80.96892006503758,89.97579927332708,PPG
RB,2022,00-0036984,Trey Sermon,1.0,7.9098860554683,1.9000000000000001,4.762877650884564,5.292694074901593,1.9000000000000001,37.67381951463342,41.86460705892381,32.300000000000004,80.96892006503758,89.97579927332708,SEASON
RB,2022,00-0036997,Javonte Williams,4.0,12.768441133845904,10.5,10.803438556145835,10.069532229824164,42.0,137.94306924726928,128.57222952187394,178.5,183.6584554544792,171.1820479070108,PPG
RB,2022,00-0036997,Javonte Williams,4.0,12.768441133845904,10.5,10.803438556145835,10.069532229824164,42.0,137.94306924726928,128.57222952187394,178.5,183.6584554544792,171.1820479070108,SEASON
RB,2023,00-0029239,Brandon Bolden,5.0,11.040564599825757,2.22,3.753113624334356,2.786034854744678,11.100000000000001,41.436493419949635,30.759397791174788,37.74,63.80293161368405,47.362592530659526,PPG
RB,2023,00-0029239,Brandon Bolden,5.0,11.040564599825757,2.22,3.753113624334356,2.786034854744678,11.100000000000001,41.436493419949635,30.759397791174788,37.74,63.80293161368405,47.362592530659526,SEASON
RB,2023,00-0030513,Latavius Murray,15.0,11.040564599825757,5.526666666666667,9.684492065614648,10.030350853997327,82.9,106.92226026691851,110.74073656247494,93.95333333333335,164.63636511544902,170.51596451795456,PPG
RB,2023,00-0030513,Latavius Murray,15.0,11.040564599825757,5.526666666666667,9.684492065614648,10.030350853997327,82.9,106.92226026691851,110.74073656247494,93.95333333333335,164.63636511544902,170.51596451795456,SEASON
RB,2023,00-0030578,Cordarrelle Patterson,12.0,11.040564599825757,3.075,9.456911769958499,9.627837795540183,36.900000000000006,104.40964531107934,106.29676513830539,52.275000000000006,160.7675000892945,163.6732425241831,PPG
RB,2023,00-0030578,Cordarrelle Patterson,12.0,11.040564599825757,3.075,9.456911769958499,9.627837795540183,36.900000000000006,104.40964531107934,106.29676513830539,52.275000000000006,160.7675000892945,163.6732425241831,SEASON
RB,2023,00-0031376,Jerick McKinnon,12.0,12.882687387489392,6.683333333333334,9.992206177965326,9.27846117757683,80.2,128.7264685020675,119.531514787679,113.61666666666667,169.86750502541054,157.73384001880612,PPG
RB,2023,00-0031376,Jerick McKinnon,12.0,12.882687387489392,6.683333333333334,9.992206177965326,9.27846117757683,80.2,128.7264685020675,119.531514787679,113.61666666666667,169.86750502541054,157.73384001880612,SEASON
RB,2023,00-0031687,Raheem Mostert,15.0,12.422156690573484,17.846666666666668,9.408547680243863,9.445698841885438,267.7,116.87445351472094,117.3359510658694,303.3933333333334,159.94531056414567,160.57688031205245,PPG
RB,2023,00-0031687,Raheem Mostert,15.0,12.422156690573484,17.846666666666668,9.408547680243863,9.445698841885438,267.7,116.87445351472094,117.3359510658694,303.3933333333334,159.94531056414567,160.57688031205245,SEASON
RB,2023,00-0032104,Ameer Abdullah,16.0,12.422156690573484,2.5625,4.934506981244135,3.626980231536826,41.0,61.29721891174339,45.054916749762945,43.5625,83.8866186811503,61.65866393612604,PPG
RB,2023,00-0032104,Ameer Abdullah,16.0,12.422156690573484,2.5625,4.934506981244135,3.626980231536826,41.0,61.29721891174339,45.054916749762945,43.5625,83.8866186811503,61.65866393612604,SEASON
RB,2023,00-0032144,Melvin Gordon,4.0,9.65897250907803,4.925000000000001,6.665095079021572,7.952884304984793,19.700000000000003,64.37797013866063,76.81669086972624,83.72500000000001,113.30661634336673,135.1990331847415,PPG
RB,2023,00-0032144,Melvin Gordon,4.0,9.65897250907803,4.925000000000001,6.665095079021572,7.952884304984793,19.700000000000003,64.37797013866063,76.81669086972624,83.72500000000001,113.30661634336673,135.1990331847415,SEASON
RB,2023,00-0032450,Dwayne Washington,3.0,8.277380418330301,0.0,1.7882857196856083,1.9761831790171547,0.0,14.802321198505364,16.35761994903032,0.0,30.40085723465534,33.59511404329163,PPG
RB,2023,00-0032450,Dwayne Washington,3.0,8.277380418330301,0.0,1.7882857196856083,1.9761831790171547,0.0,14.802321198505364,16.35761994903032,0.0,30.40085723465534,33.59511404329163,SEASON
RB,2023,00-0032764,Derrick Henry,17.0,12.422156690573484,14.005882352941175,14.599186083805684,15.089233268274427,238.09999999999997,181.35337708787407,187.44081999911916,238.09999999999997,248.18616342469662,256.51696556066526,PPG
RB,2023,00-0032764,Derrick Henry,17.0,12.422156690573484,14.005882352941175,14.599186083805684,15.089233268274427,238.09999999999997,181.35337708787407,187.44081999911916,238.09999999999997,248.18616342469662,256.51696556066526,SEASON
RB,2023,00-0032975,Jonathan Williams,1.0,9.19844181216212,0.0,2.501587518211183,3.6248083700526337,0.0,23.010707224296613,33.34258887216737,0.0,42.52698780959011,61.62174229089477,PPG
RB,2023,00-0032975,Jonathan Williams,1.0,9.19844181216212,0.0,2.501587518211183,3.6248083700526337,0.0,23.010707224296613,33.34258887216737,0.0,42.52698780959011,61.62174229089477,SEASON
RB,2023,00-0033045,Ezekiel Elliott,17.0,11.961625993657574,10.26470588235294,9.77135280878323,9.892789180701385,174.49999999999997,116.88126775074043,118.3338442136521,174.49999999999997,166.11299774931493,168.17741607192355,PPG
RB,2023,00-0033045,Ezekiel Elliott,17.0,11.961625993657574,10.26470588235294,9.77135280878323,9.892789180701385,174.49999999999997,116.88126775074043,118.3338442136521,174.49999999999997,166.11299774931493,168.17741607192355,SEASON
RB,2023,00-0033118,Kenyan Drake,2.0,10.580033902909847,1.55,7.573372632962952,7.679797051449196,3.1,80.12653921611765,81.25251317179956,26.35,128.7473347603702,130.55654987463632,PPG
RB,2023,00-0033118,Kenyan Drake,2.0,10.580033902909847,1.55,7.573372632962952,7.679797051449196,3.1,80.12653921611765,81.25251317179956,26.35,128.7473347603702,130.55654987463632,SEASON
RB,2023,00-0033280,Christian McCaffrey,16.0,12.882687387489392,24.45625,16.126884346345513,16.328101282236922,391.3,207.75760956816546,210.34982445032298,415.75625,274.1570338878737,277.57772179802765,PPG
RB,2023,00-0033280,Christian McCaffrey,16.0,12.882687387489392,24.45625,16.126884346345513,16.328101282236922,391.3,207.75760956816546,210.34982445032298,415.75625,274.1570338878737,277.57772179802765,SEASON
RB,2023,00-0033293,Aaron Jones,11.0,12.882687387489392,12.263636363636364,13.072703115565032,12.282477354651466,134.9,168.4115475472829,158.2313161038925,208.48181818181817,222.23595296460553,208.8021150290749,PPG
RB,2023,00-0033293,Aaron Jones,11.0,12.882687387489392,12.263636363636364,13.072703115565032,12.282477354651466,134.9,168.4115475472829,158.2313161038925,208.48181818181817,222.23595296460553,208.8021150290749,SEASON
RB,2023,00-0033308,Matt Breida,15.0,12.882687387489392,3.126666666666667,4.3306131241251045,4.004247784436249,46.900000000000006,55.789935074262516,51.585472428939205,53.153333333333336,73.62042311012678,68.07221233541622,PPG
RB,2023,00-0033308,Matt Breida,15.0,12.882687387489392,3.126666666666667,4.3306131241251045,4.004247784436249,46.900000000000006,55.789935074262516,51.585472428939205,53.153333333333336,73.62042311012678,68.07221233541622,SEASON
RB,2023,00-0033376,Patrick Ricard,7.0,11.040564599825757,2.314285714285714,2.094046255363054,2.4157788935463778,16.2,23.11945295735902,26.671562933094375,39.34285714285714,35.598786341171916,41.06824119028842,PPG
RB,2023,00-0033376,Patrick Ricard,7.0,11.040564599825757,2.314285714285714,2.094046255363054,2.4157788935463778,16.2,23.11945295735902,26.671562933094375,39.34285714285714,35.598786341171916,41.06824119028842,SEASON
RB,2023,00-0033526,Samaje Perine,17.0,12.422156690573484,7.135294117647059,7.847456438169006,7.691141213606616,121.30000000000001,97.48233349738508,95.54056128474889,121.30000000000001,133.40675944887312,130.74940063131248,PPG
RB,2023,00-0033526,Samaje Perine,17.0,12.422156690573484,7.135294117647059,7.847456438169006,7.691141213606616,121.30000000000001,97.48233349738508,95.54056128474889,121.30000000000001,133.40675944887312,130.74940063131248,SEASON
RB,2023,00-0033553,James Conner,13.0,11.040564599825757,15.5,11.831457574494548,12.87918251305429,201.5,130.62597166130482,142.19344652832214,263.5,201.13477876640732,218.94610272192295,PPG
RB,2023,00-0033553,James Conner,13.0,11.040564599825757,15.5,11.831457574494548,12.87918251305429,201.5,130.62597166130482,142.19344652832214,263.5,201.13477876640732,218.94610272192295,SEASON
RB,2023,00-0033699,Austin Ekeler,14.0,12.882687387489392,13.242857142857142,17.184747870191185,16.581283739813472,185.39999999999998,221.38573464449718,213.61149490327796,225.1285714285714,292.14071379325014,281.881823576829,PPG
RB,2023,00-0033699,Austin Ekeler,14.0,12.882687387489392,13.242857142857142,17.184747870191185,16.581283739813472,185.39999999999998,221.38573464449718,213.61149490327796,225.1285714285714,292.14071379325014,281.881823576829,SEASON
RB,2023,00-0033854,Dare Ogunbowale,9.0,11.961625993657574,0.8111111111111111,3.2278041979823495,3.969099116061859,7.3,38.60978659702271,47.476879158088835,13.78888888888889,54.872671365699944,67.47468497305161,PPG
RB,2023,00-0033854,Dare Ogunbowale,9.0,11.961625993657574,0.8111111111111111,3.2278041979823495,3.969099116061859,7.3,38.60978659702271,47.476879158088835,13.78888888888889,54.872671365699944,67.47468497305161,SEASON
RB,2023,00-0033856,Leonard Fournette,2.0,12.422156690573484,2.0,11.950086807717794,11.91632562661788,4.0,148.44585079142553,148.02646410974356,34.0,203.15147573120248,202.57753565250397,PPG
RB,2023,00-0033856,Leonard Fournette,2.0,12.422156690573484,2.0,11.950086807717794,11.91632562661788,4.0,148.44585079142553,148.02646410974356,34.0,203.15147573120248,202.57753565250397,SEASON
RB,2023,00-0033893,Dalvin Cook,14.0,12.882687387489392,2.871428571428572,11.613467930805403,11.69852765766553,40.2,149.6126768371993,150.70847470760353,48.814285714285724,197.42895482369184,198.874970180314,PPG
RB,2023,00-0033893,Dalvin Cook,14.0,12.882687387489392,2.871428571428572,11.613467930805403,11.69852765766553,40.2,149.6126768371993,150.70847470760353,48.814285714285724,197.42895482369184,198.874970180314,SEASON
RB,2023,00-0033897,Joe Mixon,17.0,11.501095296741665,15.705882352941178,14.070973866291343,13.86795751614651,267.0,161.83161135417825,159.49670096436586,267.0,239.20655572695284,235.75527777449065,PPG
RB,2023,00-0033897,Joe Mixon,17.0,11.501095296741665,15.705882352941178,14.070973866291343,13.86795751614651,267.0,161.83161135417825,159.49670096436586,267.0,239.20655572695284,235.75527777449065,SEASON
RB,2023,00-0033906,Alvin Kamara,13.0,11.961625993657574,17.923076923076927,12.246683643558153,12.273520641317683,233.00000000000006,146.49024940688625,146.81126353687836,304.69230769230774,208.1936219404886,208.6498509024006,PPG
RB,2023,00-0033906,Alvin Kamara,13.0,11.961625993657574,17.923076923076927,12.246683643558153,12.273520641317683,233.00000000000006,146.49024940688625,146.81126353687836,304.69230769230774,208.1936219404886,208.6498509024006,SEASON
RB,2023,00-0033923,Kareem Hunt,15.0,12.882687387489392,7.9,7.414496343178749,6.950185975275364,118.5,95.51863852485509,89.53707320438559,134.3,126.04643783403874,118.15316157968118,PPG
RB,2023,00-0033923,Kareem Hunt,15.0,12.882687387489392,7.9,7.414496343178749,6.950185975275364,118.5,95.51863852485509,89.53707320438559,134.3,126.04643783403874,118.15316157968118,SEASON
RB,2023,00-0033925,D'Onta Foreman,9.0,12.422156690573484,10.133333333333333,7.913966375223494,7.6232107162503215,91.19999999999999,98.30853035695611,94.69671800252041,172.26666666666665,134.5374283787994,129.59458217625547,PPG
RB,2023,00-0033925,D'Onta Foreman,9.0,12.422156690573484,10.133333333333333,7.913966375223494,7.6232107162503215,91.19999999999999,98.30853035695611,94.69671800252041,172.26666666666665,134.5374283787994,129.59458217625547,SEASON
RB,2023,00-0033948,Jamaal Williams,13.0,12.882687387489392,4.676923076923077,11.105362692839398,10.396415477289974,60.800000000000004,143.06691589653735,133.93377054438307,79.50769230769231,188.79116577826977,176.73906311392955,PPG
RB,2023,00-0033948,Jamaal Williams,13.0,12.882687387489392,4.676923076923077,11.105362692839398,10.396415477289974,60.800000000000004,143.06691589653735,133.93377054438307,79.50769230769231,188.79116577826977,176.73906311392955,SEASON
RB,2023,00-0034115,Jeff Wilson,9.0,12.422156690573484,4.588888888888889,8.72286451078804,8.664213881139164,41.3,108.35678974365166,107.62822243215251,78.0111111111111,148.2886966833967,147.2916359793658,PPG
RB,2023,00-0034115,Jeff Wilson,9.0,12.422156690573484,4.588888888888889,8.72286451078804,8.664213881139164,41.3,108.35678974365166,107.62822243215251,78.0111111111111,148.2886966833967,147.2916359793658,SEASON
RB,2023,00-0034184,Gus Edwards,17.0,9.19844181216212,11.0,5.884162178165267,6.478478371832649,187.0,54.12512340917833,59.59190633465341,187.0,100.03075702880955,110.13413232115504,PPG
RB,2023,00-0034184,Gus Edwards,17.0,9.19844181216212,11.0,5.884162178165267,6.478478371832649,187.0,54.12512340917833,59.59190633465341,187.0,100.03075702880955,110.13413232115504,SEASON
RB,2023,00-0034208,Mike Boone,9.0,8.737911115246211,1.4777777777777779,4.320177194521409,4.1633116746099015,13.3,37.74932432784181,36.37864735780818,25.122222222222224,73.44301230686395,70.77629846836832,PPG
RB,2023,00-0034208,Mike Boone,9.0,8.737911115246211,1.4777777777777779,4.320177194521409,4.1633116746099015,13.3,37.74932432784181,36.37864735780818,25.122222222222224,73.44301230686395,70.77629846836832,SEASON
RB,2023,00-0034414,Boston Scott,12.0,11.961625993657574,1.4833333333333334,3.9124424601478305,3.401249946303871,17.8,46.79917342999388,40.68447976863481,25.21666666666667,66.51152182251312,57.8212490871658,PPG
RB,2023,00-0034414,Boston Scott,12.0,11.961625993657574,1.4833333333333334,3.9124424601478305,3.401249946303871,17.8,46.79917342999388,40.68447976863481,25.21666666666667,66.51152182251312,57.8212490871658,SEASON
RB,2023,00-0034614,Godwin Igwebuike,7.0,7.356319024498483,0.0,1.6498793858992398,1.546993168509362,0.0,12.137039114618451,11.380175276274608,0.0,28.047949560287076,26.298883864659157,PPG
RB,2023,00-0034614,Godwin Igwebuike,7.0,7.356319024498483,0.0,1.6498793858992398,1.546993168509362,0.0,12.137039114618451,11.380175276274608,0.0,28.047949560287076,26.298883864659157,SEASON
RB,2023,00-0034681,Chase Edmonds,13.0,11.040564599825757,3.0538461538461537,5.795153120646774,5.395236637140048,39.699999999999996,63.98176239438254,59.566458623691375,51.91538461538461,98.51760305099516,91.71902283138081,PPG
RB,2023,00-0034681,Chase Edmonds,13.0,11.040564599825757,3.0538461538461537,5.795153120646774,5.395236637140048,39.699999999999996,63.98176239438254,59.566458623691375,51.91538461538461,98.51760305099516,91.71902283138081,SEASON
RB,2023,00-0034750,Rashaad Penny,3.0,7.356319024498483,1.6,9.04864735986077,9.353757475406645,4.800000000000001,66.56473671932176,68.80922406687881,27.200000000000003,153.8270051176331,159.01387708191297,PPG
RB,2023,00-0034750,Rashaad Penny,3.0,7.356319024498483,1.6,9.04864735986077,9.353757475406645,4.800000000000001,66.56473671932176,68.80922406687881,27.200000000000003,153.8270051176331,159.01387708191297,SEASON
RB,2023,00-0034791,Nick Chubb,2.0,12.882687387489392,11.55,13.628432246622001,13.402644843988462,23.1,175.570832214811,172.6620836906499,196.35000000000002,231.68334819257402,227.84496234780386,PPG
RB,2023,00-0034791,Nick Chubb,2.0,12.882687387489392,11.55,13.628432246622001,13.402644843988462,23.1,175.570832214811,172.6620836906499,196.35000000000002,231.68334819257402,227.84496234780386,SEASON
RB,2023,00-0034838,Royce Freeman,11.0,6.895788327582574,4.2,4.7318748678625955,5.4354802797679564,46.2,32.63000748138822,37.481921468029135,71.4,80.44187275366413,92.40316475605526,PPG
RB,2023,00-0034838,Royce Freeman,11.0,6.895788327582574,4.2,4.7318748678625955,5.4354802797679564,46.2,32.63000748138822,37.481921468029135,71.4,80.44187275366413,92.40316475605526,SEASON
RB,2023,00-0034844,Saquon Barkley,14.0,12.422156690573484,15.942857142857143,14.295925851776175,14.351572154321644,223.2,177.58623096758384,178.27747805705474,271.0285714285714,243.030739480195,243.97672662346795,PPG
RB,2023,00-0034844,Saquon Barkley,14.0,12.422156690573484,15.942857142857143,14.295925851776175,14.351572154321644,223.2,177.58623096758384,178.27747805705474,271.0285714285714,243.030739480195,243.97672662346795,SEASON
RB,2023,00-0034972,Alexander Mattison,16.0,12.882687387489392,8.325,5.695550487148319,4.899315063965259,133.2,73.37399642559471,63.11634438188203,141.52499999999998,96.82435828152143,83.28835608740941,PPG
RB,2023,00-0034972,Alexander Mattison,16.0,12.882687387489392,8.325,5.695550487148319,4.899315063965259,133.2,73.37399642559471,63.11634438188203,141.52499999999998,96.82435828152143,83.28835608740941,SEASON
RB,2023,00-0034975,Justice Hill,16.0,11.961625993657574,6.83125,4.274670639018613,3.4130851689904036,109.3,51.13201143000987,40.82604827596276,116.13125,72.66940086331641,58.022447872836864,PPG
RB,2023,00-0034975,Justice Hill,16.0,11.961625993657574,6.83125,4.274670639018613,3.4130851689904036,109.3,51.13201143000987,40.82604827596276,116.13125,72.66940086331641,58.022447872836864,SEASON
RB,2023,00-0035184,Devine Ozigbo,1.0,6.435257630666666,2.3,2.0087758257779753,1.737563451958347,2.3,12.926989961136448,11.181668462982465,39.099999999999994,34.14918903822558,29.5385786832919,PPG
RB,2023,00-0035184,Devine Ozigbo,1.0,6.435257630666666,2.3,2.0087758257779753,1.737563451958347,2.3,12.926989961136448,11.181668462982465,39.099999999999994,34.14918903822558,29.5385786832919,SEASON
RB,2023,00-0035243,Miles Sanders,16.0,12.882687387489392,5.475,11.713212609222241,11.001152882192594,87.6,150.8976563478091,141.7244134832651,93.07499999999999,199.1246143567781,187.0195989972741,PPG
RB,2023,00-0035243,Miles Sanders,16.0,12.882687387489392,5.475,11.713212609222241,11.001152882192594,87.6,150.8976563478091,141.7244134832651,93.07499999999999,199.1246143567781,187.0195989972741,SEASON
RB,2023,00-0035250,Devin Singletary,17.0,12.422156690573484,9.594117647058823,9.752700570887818,9.865450608773997,163.1,121.14957464781395,122.55017328530417,163.1,165.7959097050929,167.71266034915794,PPG
RB,2023,00-0035250,Devin Singletary,17.0,12.422156690573484,9.594117647058823,9.752700570887818,9.865450608773997,163.1,121.14957464781395,122.55017328530417,163.1,165.7959097050929,167.71266034915794,SEASON
RB,2023,00-0035261,Tony Pollard,17.0,12.422156690573484,13.094117647058823,12.80139584509664,12.361919734253208,222.6,159.02094504584682,153.56170393518588,222.6,217.62372936664286,210.15263548230453,PPG
RB,2023,00-0035261,Tony Pollard,17.0,12.422156690573484,13.094117647058823,12.80139584509664,12.361919734253208,222.6,159.02094504584682,153.56170393518588,222.6,217.62372936664286,210.15263548230453,SEASON
RB,2023,00-0035291,Trayveon Williams,16.0,8.277380418330301,0.93125,1.7884401699683226,2.123457358208751,14.9,14.803599642251108,17.576664355996506,15.83125,30.403482889461483,36.09877508954877,PPG
RB,2023,00-0035291,Trayveon Williams,16.0,8.277380418330301,0.93125,1.7884401699683226,2.123457358208751,14.9,14.803599642251108,17.576664355996506,15.83125,30.403482889461483,36.09877508954877,SEASON
RB,2023,00-0035537,Ty Johnson,9.0,10.580033902909847,3.6,3.337040797276533,4.086736582951266,32.4,35.30600477057902,43.237811599886335,61.2,56.729693553701054,69.47452191017152,PPG
RB,2023,00-0035537,Ty Johnson,9.0,10.580033902909847,3.6,3.337040797276533,4.086736582951266,32.4,35.30600477057902,43.237811599886335,61.2,56.729693553701054,69.47452191017152,SEASON
RB,2023,00-0035567,Craig Reynolds,12.0,7.816849721414393,2.6333333333333333,4.902468479641124,5.266305925699129,31.6,38.32185936932556,41.165922008184204,44.766666666666666,83.34196415389911,89.52720073688519,PPG
RB,2023,00-0035567,Craig Reynolds,12.0,7.816849721414393,2.6333333333333333,4.902468479641124,5.266305925699129,31.6,38.32185936932556,41.165922008184204,44.766666666666666,83.34196415389911,89.52720073688519,SEASON
RB,2023,00-0035594,Travis Homer,7.0,9.65897250907803,0.0,4.3319403514935875,4.642402132655382,0.0,41.84209276604238,44.840834575403555,0.0,73.64298597539099,78.9208362551415,PPG
RB,2023,00-0035594,Travis Homer,7.0,9.65897250907803,0.0,4.3319403514935875,4.642402132655382,0.0,41.84209276604238,44.840834575403555,0.0,73.64298597539099,78.9208362551415,SEASON
RB,2023,00-0035628,D'Ernest Johnson,16.0,9.19844181216212,2.175,2.5808820342741328,1.713464387606637,34.8,23.74009321632521,15.761202466611651,36.974999999999994,43.87499458266026,29.128894589312832,PPG
RB,2023,00-0035628,D'Ernest Johnson,16.0,9.19844181216212,2.175,2.5808820342741328,1.713464387606637,34.8,23.74009321632521,15.761202466611651,36.974999999999994,43.87499458266026,29.128894589312832,SEASON
RB,2023,00-0035657,Damien Harris,6.0,10.119503205993938,3.166666666666667,7.482829154192121,7.622375089674525,19.0,75.72251361575208,77.13464915724968,53.833333333333336,127.20809562126605,129.5803765244669,PPG
RB,2023,00-0035657,Damien Harris,6.0,10.119503205993938,3.166666666666667,7.482829154192121,7.622375089674525,19.0,75.72251361575208,77.13464915724968,53.833333333333336,127.20809562126605,129.5803765244669,SEASON
RB,2023,00-0035664,Darrell Henderson,4.0,9.65897250907803,10.875,6.314003015245731,6.660946322615944,43.5,60.986781546494306,64.3378974145918,184.875,107.33805125917743,113.23608748447104,PPG
RB,2023,00-0035664,Darrell Henderson,4.0,9.65897250907803,10.875,6.314003015245731,6.660946322615944,43.5,60.986781546494306,64.3378974145918,184.875,107.33805125917743,113.23608748447104,SEASON
RB,2023,00-0035685,David Montgomery,14.0,12.422156690573484,14.8,9.827778333737044,9.667408200607662,207.20000000000002,122.08220238190474,120.09005945968343,251.60000000000002,167.07223167352976,164.34593941033026,PPG
RB,2023,00-0035685,David Montgomery,14.0,12.422156690573484,14.8,9.827778333737044,9.667408200607662,207.20000000000002,122.08220238190474,120.09005945968343,251.60000000000002,167.07223167352976,164.34593941033026,SEASON
RB,2023,00-0035700,Josh Jacobs,13.0,12.882687387489392,13.930769230769231,15.779891599082287,15.659517505698322,181.1,203.2874104794472,201.73666866482912,236.82307692307694,268.2581571843989,266.21179759687146,PPG
RB,2023,00-0035700,Josh Jacobs,13.0,12.882687387489392,13.930769230769231,15.779891599082287,15.659517505698322,181.1,203.2874104794472,201.73666866482912,236.82307692307694,268.2581571843989,266.21179759687146,SEASON
RB,2023,00-0035726,Jakob Johnson,8.0,10.119503205993938,0.275,1.4851766179179282,1.673647692528463,2.2,15.029249546487708,16.936483190246136,4.675000000000001,25.24800250460478,28.45201077298387,PPG
RB,2023,00-0035726,Jakob Johnson,8.0,10.119503205993938,0.275,1.4851766179179282,1.673647692528463,2.2,15.029249546487708,16.936483190246136,4.675000000000001,25.24800250460478,28.45201077298387,SEASON
RB,2023,00-0035806,JaMycal Hasty,1.0,11.501095296741665,0.0,4.658627172208789,5.084525872181304,0.0,53.57931505956342,58.477616594705715,0.0,79.1966619275494,86.43693982708217,PPG
RB,2023,00-0035806,JaMycal Hasty,1.0,11.501095296741665,0.0,4.658627172208789,5.084525872181304,0.0,53.57931505956342,58.477616594705715,0.0,79.1966619275494,86.43693982708217,SEASON
RB,2023,00-0035831,James Robinson,1.0,10.119503205993938,1.2,7.590081437877726,6.981322687253051,1.2,76.80785344435873,70.64751731573547,20.4,129.03138444392133,118.68248568330188,PPG
RB,2023,00-0035831,James Robinson,1.0,10.119503205993938,1.2,7.590081437877726,6.981322687253051,1.2,76.80785344435873,70.64751731573547,20.4,129.03138444392133,118.68248568330188,SEASON
RB,2023,00-0035860,Tony Jones,6.0,6.435257630666666,5.366666666666667,3.3933791787473924,4.06677198157962,32.2,21.83726925377954,26.17072542664165,91.23333333333335,57.68744603870567,69.13512368685355,PPG
RB,2023,00-0035860,Tony Jones,6.0,6.435257630666666,5.366666666666667,3.3933791787473924,4.06677198157962,32.2,21.83726925377954,26.17072542664165,91.23333333333335,57.68744603870567,69.13512368685355,SEASON
RB,2023,00-0035924,Jonathan Ward,2.0,6.895788327582574,0.55,2.342906632534478,2.302968361015849,1.1,16.15618820924705,15.880782342685064,9.350000000000001,39.829412753086125,39.150462137269436,PPG
RB,2023,00-0035924,Jonathan Ward,2.0,6.895788327582574,0.55,2.342906632534478,2.302968361015849,1.1,16.15618820924705,15.880782342685064,9.350000000000001,39.829412753086125,39.150462137269436,SEASON
RB,2023,00-0035973,Patrick Taylor,11.0,7.816849721414393,2.7272727272727275,1.9233266461149539,2.0297600812080914,30.000000000000004,15.034355357872554,15.866329525329524,46.36363636363637,32.69655298395421,34.50592138053755,PPG
RB,2023,00-0035973,Patrick Taylor,11.0,7.816849721414393,2.7272727272727275,1.9233266461149539,2.0297600812080914,30.000000000000004,15.034355357872554,15.866329525329524,46.36363636363637,32.69655298395421,34.50592138053755,SEASON
RB,2023,00-0036020,Salvon Ahmed,7.0,7.816849721414393,6.128571428571428,2.7385424840767736,2.9308584055617177,42.9,21.406775053737007,22.910079711020146,104.18571428571428,46.55522222930515,49.8245928945492,PPG
RB,2023,00-0036020,Salvon Ahmed,7.0,7.816849721414393,6.128571428571428,2.7385424840767736,2.9308584055617177,42.9,21.406775053737007,22.910079711020146,104.18571428571428,46.55522222930515,49.8245928945492,SEASON
RB,2023,00-0036158,J.K. Dobbins,1.0,8.737911115246211,11.7,8.888403936503074,8.847039734290114,11.7,77.6660835535684,77.30464683127848,198.89999999999998,151.10286692055226,150.39967548293194,PPG
RB,2023,00-0036158,J.K. Dobbins,1.0,8.737911115246211,11.7,8.888403936503074,8.847039734290114,11.7,77.6660835535684,77.30464683127848,198.89999999999998,151.10286692055226,150.39967548293194,SEASON
RB,2023,00-0036187,Reggie Gilliam,5.0,8.277380418330301,0.26,3.4328147384317504,3.1688545043641922,1.3,28.414713495650627,26.229814222961938,4.42,58.35785055333976,53.87052657419127,PPG
RB,2023,00-0036187,Reggie Gilliam,5.0,8.277380418330301,0.26,3.4328147384317504,3.1688545043641922,1.3,28.414713495650627,26.229814222961938,4.42,58.35785055333976,53.87052657419127,SEASON
RB,2023,00-0036223,Jonathan Taylor,10.0,10.119503205993938,15.64,11.491233559510707,11.918134775366926,156.4,116.28557484629374,120.60560306879346,265.88,195.35097051168202,202.60829118123775,PPG
RB,2023,00-0036223,Jonathan Taylor,10.0,10.119503205993938,15.64,11.491233559510707,11.918134775366926,156.4,116.28557484629374,120.60560306879346,265.88,195.35097051168202,202.60829118123775,SEASON
RB,2023,00-0036251,Zack Moss,14.0,11.040564599825757,12.114285714285714,5.19680943973874,5.724411436267374,169.6,57.37571033241986,63.20073425809129,205.94285714285712,88.34576047555858,97.31499441654536,PPG
RB,2023,00-0036251,Zack Moss,14.0,11.040564599825757,12.114285714285714,5.19680943973874,5.724411436267374,169.6,57.37571033241986,63.20073425809129,205.94285714285712,88.34576047555858,97.31499441654536,SEASON
RB,2023,00-0036265,AJ Dillon,15.0,12.882687387489392,7.84,8.459649089422989,8.55646495294024,117.6,108.98301462689567,110.23026313073825,133.28,143.8140345201908,145.4599041999841,PPG
RB,2023,00-0036265,AJ Dillon,15.0,12.882687387489392,7.84,8.459649089422989,8.55646495294024,117.6,108.98301462689567,110.23026313073825,133.28,143.8140345201908,145.4599041999841,SEASON
RB,2023,00-0036275,D'Andre Swift,16.0,11.501095296741665,12.45625,11.472719748712437,11.0701408927669,199.3,131.94884314275183,127.31874535606899,211.75625000000002,195.03623572811145,188.19239517703733,PPG
RB,2023,00-0036275,D'Andre Swift,16.0,11.501095296741665,12.45625,11.472719748712437,11.0701408927669,199.3,131.94884314275183,127.31874535606899,211.75625000000002,195.03623572811145,188.19239517703733,SEASON
RB,2023,00-0036297,Darrynton Evans,6.0,6.435257630666666,5.0,2.818754319096212,4.071257980110962,30.0,18.139410240938517,26.199593982921627,85.0,47.918823424635605,69.21138566188635,PPG
RB,2023,00-0036297,Darrynton Evans,6.0,6.435257630666666,5.0,2.818754319096212,4.071257980110962,30.0,18.139410240938517,26.199593982921627,85.0,47.918823424635605,69.21138566188635,SEASON
RB,2023,00-0036328,Antonio Gibson,16.0,11.961625993657574,7.9625,9.592582553758813,9.366565740097478,127.4,114.74288482134757,112.03935622805248,135.3625,163.0739034138998,159.23161758165713,PPG
RB,2023,00-0036328,Antonio Gibson,16.0,11.961625993657574,7.9625,9.592582553758813,9.366565740097478,127.4,114.74288482134757,112.03935622805248,135.3625,163.0739034138998,159.23161758165713,SEASON
RB,2023,00-0036360,Clyde Edwards-Helaire,15.0,9.65897250907803,4.673333333333334,8.420990142162335,8.10692828168776,70.10000000000001,81.33811228236308,78.30459740588925,79.44666666666667,143.1568324167597,137.81778078869192,PPG
RB,2023,00-0036360,Clyde Edwards-Helaire,15.0,9.65897250907803,4.673333333333334,8.420990142162335,8.10692828168776,70.10000000000001,81.33811228236308,78.30459740588925,79.44666666666667,143.1568324167597,137.81778078869192,SEASON
RB,2023,00-0036370,Joshua Kelley,17.0,10.580033902909847,3.6294117647058823,5.399735841190603,5.654829240104601,61.7,57.129388266554,59.82828507547261,61.7,91.79550930024025,96.13209708177823,PPG
RB,2023,00-0036370,Joshua Kelley,17.0,10.580033902909847,3.6294117647058823,5.399735841190603,5.654829240104601,61.7,57.129388266554,59.82828507547261,61.7,91.79550930024025,96.13209708177823,SEASON
RB,2023,00-0036414,Cam Akers,7.0,11.961625993657574,6.671428571428571,7.344160282437901,8.383111776444562,46.699999999999996,87.84809853599674,100.27564773285619,113.41428571428571,124.85072480144431,142.51290019955755,PPG
RB,2023,00-0036414,Cam Akers,7.0,11.961625993657574,6.671428571428571,7.344160282437901,8.383111776444562,46.699999999999996,87.84809853599674,100.27564773285619,113.41428571428571,124.85072480144431,142.51290019955755,SEASON
RB,2023,00-0036425,DeeJay Dallas,17.0,11.961625993657574,0.7176470588235294,4.05391080331193,3.982773417265104,12.2,48.49136484086524,47.64044603480667,12.2,68.91648365630282,67.70714809350677,PPG
RB,2023,00-0036425,DeeJay Dallas,17.0,11.961625993657574,0.7176470588235294,4.05391080331193,3.982773417265104,12.2,48.49136484086524,47.64044603480667,12.2,68.91648365630282,67.70714809350677,SEASON
RB,2023,00-0036450,Ke'Shawn Vaughn,5.0,7.816849721414393,1.2800000000000002,2.6075220797370275,2.6384144142785657,6.400000000000001,20.38260824257426,20.624088979229125,21.760000000000005,44.32787535552947,44.853045042735616,PPG
RB,2023,00-0036450,Ke'Shawn Vaughn,5.0,7.816849721414393,1.2800000000000002,2.6075220797370275,2.6384144142785657,6.400000000000001,20.38260824257426,20.624088979229125,21.760000000000005,44.32787535552947,44.853045042735616,SEASON
RB,2023,00-0036493,Deon Jackson,2.0,10.580033902909847,2.0,6.912422530335827,6.423149126522066,4.0,73.13366472219091,67.95713552204923,34.0,117.51118301570907,109.19353515087512,PPG
RB,2023,00-0036493,Deon Jackson,2.0,10.580033902909847,2.0,6.912422530335827,6.423149126522066,4.0,73.13366472219091,67.95713552204923,34.0,117.51118301570907,109.19353515087512,SEASON
RB,2023,00-0036555,Chuba Hubbard,17.0,11.501095296741665,10.73529411764706,5.978493391127849,6.44742879526561,182.50000000000003,68.75922222230163,74.1524929933061,182.50000000000003,101.63438764917342,109.60628951951537,PPG
RB,2023,00-0036555,Chuba Hubbard,17.0,11.501095296741665,10.73529411764706,5.978493391127849,6.44742879526561,182.50000000000003,68.75922222230163,74.1524929933061,182.50000000000003,101.63438764917342,109.60628951951537,SEASON
RB,2023,00-0036567,Elijah Mitchell,11.0,7.356319024498483,4.318181818181818,7.926723880898928,7.897089033660886,47.5,58.31150968700323,58.09350629647792,73.4090909090909,134.75430597528177,134.25051357223506,PPG
RB,2023,00-0036567,Elijah Mitchell,11.0,7.356319024498483,4.318181818181818,7.926723880898928,7.897089033660886,47.5,58.31150968700323,58.09350629647792,73.4090909090909,134.75430597528177,134.25051357223506,SEASON
RB,2023,00-0036569,Gary Brightwell,4.0,11.961625993657574,2.9,3.668906314275091,2.7562086954354155,11.6,43.88608513712733,32.968737575265294,49.3,62.37140734267655,46.855547822402066,PPG
RB,2023,00-0036569,Gary Brightwell,4.0,11.961625993657574,2.9,3.668906314275091,2.7562086954354155,11.6,43.88608513712733,32.968737575265294,49.3,62.37140734267655,46.855547822402066,SEASON
RB,2023,00-0036842,Kene Nwangwu,8.0,11.501095296741665,0.1625,2.0612956181402637,1.6401372420246279,1.3,23.70715733898719,18.863374720260293,2.7625,35.042025508384484,27.882333114418675,PPG
RB,2023,00-0036842,Kene Nwangwu,8.0,11.501095296741665,0.1625,2.0612956181402637,1.6401372420246279,1.3,23.70715733898719,18.863374720260293,2.7625,35.042025508384484,27.882333114418675,SEASON
RB,2023,00-0036857,Chris Evans,3.0,9.65897250907803,0.7333333333333334,2.8838756531107665,2.0003563391810033,2.2,27.855275652996344,19.321386888509277,12.466666666666669,49.02588610288303,34.006057766077056,PPG
RB,2023,00-0036857,Chris Evans,3.0,9.65897250907803,0.7333333333333334,2.8838756531107665,2.0003563391810033,2.2,27.855275652996344,19.321386888509277,12.466666666666669,49.02588610288303,34.006057766077056,SEASON
RB,2023,00-0036875,Rhamondre Stevenson,12.0,12.882687387489392,12.141666666666667,12.274495784197082,12.291418898044737,145.70000000000002,158.12849202686746,158.3465072121897,206.40833333333336,208.6664283313504,208.95412126676052,PPG
RB,2023,00-0036875,Rhamondre Stevenson,12.0,12.882687387489392,12.141666666666667,12.274495784197082,12.291418898044737,145.70000000000002,158.12849202686746,158.3465072121897,206.40833333333336,208.6664283313504,208.95412126676052,SEASON
RB,2023,00-0036893,Najee Harris,17.0,12.882687387489392,11.5,11.308424322779759,11.176658328884638,195.5,145.68289539545307,143.9853952878004,195.5,192.2432134872559,190.00319159103884,PPG
RB,2023,00-0036893,Najee Harris,17.0,12.882687387489392,11.5,11.308424322779759,11.176658328884638,195.5,145.68289539545307,143.9853952878004,195.5,192.2432134872559,190.00319159103884,SEASON
RB,2023,00-0036906,Khalil Herbert,12.0,11.040564599825757,9.375,8.244300711555317,7.861398320946471,112.5,91.02173458631593,86.79427600737125,159.375,140.1531120964404,133.64377145609,PPG
RB,2023,00-0036906,Khalil Herbert,12.0,11.040564599825757,9.375,8.244300711555317,7.861398320946471,112.5,91.02173458631593,86.79427600737125,159.375,140.1531120964404,133.64377145609,SEASON
RB,2023,00-0036919,Kenny Gainwell,16.0,12.882687387489392,6.043749999999999,4.779531512972203,4.917730025426781,96.69999999999999,61.57321034027509,63.35357857364348,102.74374999999999,81.25203572052745,83.60141043225528,PPG
RB,2023,00-0036919,Kenny Gainwell,16.0,12.882687387489392,6.043749999999999,4.779531512972203,4.917730025426781,96.69999999999999,61.57321034027509,63.35357857364348,102.74374999999999,81.25203572052745,83.60141043225528,SEASON
RB,2023,00-0036924,Michael Carter,15.0,12.422156690573484,3.92,7.826450569298602,7.113106553293641,58.8,97.22139530285529,88.3601241617587,66.64,133.04965967807624,120.92281140599191,PPG
RB,2023,00-0036924,Michael Carter,15.0,12.422156690573484,3.92,7.826450569298602,7.113106553293641,58.8,97.22139530285529,88.3601241617587,66.64,133.04965967807624,120.92281140599191,SEASON
RB,2023,00-0036973,Travis Etienne,17.0,12.882687387489392,16.611764705882354,10.505332021911846,10.666427091233334,282.40000000000003,135.33690834007217,137.41224575780683,282.40000000000003,178.59064437250137,181.3292605509667,PPG
RB,2023,00-0036973,Travis Etienne,17.0,12.882687387489392,16.611764705882354,10.505332021911846,10.666427091233334,282.40000000000003,135.33690834007217,137.41224575780683,282.40000000000003,178.59064437250137,181.3292605509667,SEASON
RB,2023,00-0036997,Javonte Williams,16.0,6.895788327582574,11.2,9.604825939994594,10.02538388726734,179.2,66.23284660547705,69.13292518935253,190.39999999999998,163.2820409799081,170.43152608354478,PPG
RB,2023,00-0036997,Javonte Williams,16.0,6.895788327582574,11.2,9.604825939994594,10.02538388726734,179.2,66.23284660547705,69.13292518935253,190.39999999999998,163.2820409799081,170.43152608354478,SEASON
RB,2023,00-0037157,Bam Knight,2.0,8.277380418330301,1.55,7.724948864256792,8.121897810292204,3.1,63.942340461602065,67.22803789459243,26.35,131.32413069236546,138.07226277496747,PPG
RB,2023,00-0037157,Bam Knight,2.0,8.277380418330301,1.55,7.724948864256792,8.121897810292204,3.1,63.942340461602065,67.22803789459243,26.35,131.32413069236546,138.07226277496747,SEASON
RB,2023,00-0037197,Isiah Pacheco,14.0,12.882687387489392,15.278571428571428,7.832309728852538,7.690457712724361,213.9,100.90119775879906,99.07376257973465,259.73571428571427,133.14926539049316,130.73778111631412,PPG
RB,2023,00-0037197,Isiah Pacheco,14.0,12.882687387489392,15.278571428571428,7.832309728852538,7.690457712724361,213.9,100.90119775879906,99.07376257973465,259.73571428571427,133.14926539049316,130.73778111631412,SEASON
RB,2023,00-0037228,Jaylen Warren,17.0,12.422156690573484,11.55294117647059,6.531721300948146,6.123502579033628,196.40000000000003,81.13806545953435,76.06710853188657,196.40000000000003,111.03926211611848,104.09954384357168,PPG
RB,2023,00-0037228,Jaylen Warren,17.0,12.422156690573484,11.55294117647059,6.531721300948146,6.123502579033628,196.40000000000003,81.13806545953435,76.06710853188657,196.40000000000003,111.03926211611848,104.09954384357168,SEASON
RB,2023,00-0037248,James Cook,17.0,12.422156690573484,13.688235294117648,6.7770349271514405,6.620616190594511,232.70000000000002,84.18538976256445,82.24233170771274,232.70000000000002,115.2095937615745,112.55047524010669,PPG
RB,2023,00-0037248,James Cook,17.0,12.422156690573484,13.688235294117648,6.7770349271514405,6.620616190594511,232.70000000000002,84.18538976256445,82.24233170771274,232.70000000000002,115.2095937615745,112.55047524010669,SEASON
RB,2023,00-0037256,Rachaad White,17.0,12.882687387489392,15.758823529411766,8.659194708627393,8.178152117825052,267.90000000000003,111.553698458649,105.35657714127446,267.90000000000003,147.20631004666566,139.02858600302588,PPG
RB,2023,00-0037256,Rachaad White,17.0,12.882687387489392,15.758823529411766,8.659194708627393,8.178152117825052,267.90000000000003,111.553698458649,105.35657714127446,267.90000000000003,147.20631004666566,139.02858600302588,SEASON
RB,2023,00-0037258,Dameon Pierce,14.0,11.040564599825757,5.478571428571429,11.121205939728375,11.545348736319202,76.7,122.78439260553704,127.46716855084881,93.13571428571429,189.06050097538238,196.27092851742643,PPG
RB,2023,00-0037258,Dameon Pierce,14.0,11.040564599825757,5.478571428571429,11.121205939728375,11.545348736319202,76.7,122.78439260553704,127.46716855084881,93.13571428571429,189.06050097538238,196.27092851742643,SEASON
RB,2023,00-0037263,Tyler Allgeier,17.0,12.422156690573484,8.094117647058823,9.042804591649748,8.965784069048867,137.6,112.33113555971055,111.37437455957254,137.6,153.7276780580457,152.41832917383076,PPG
RB,2023,00-0037263,Tyler Allgeier,17.0,12.422156690573484,8.094117647058823,9.042804591649748,8.965784069048867,137.6,112.33113555971055,111.37437455957254,137.6,153.7276780580457,152.41832917383076,SEASON
RB,2023,00-0037267,Jerome Ford,17.0,11.040564599825757,12.423529411764704,1.8625292148037156,1.3953552329803136,211.2,20.563374115103166,15.405509589424073,211.2,31.662996651663164,23.721038960665332,PPG
RB,2023,00-0037267,Jerome Ford,17.0,11.040564599825757,12.423529411764704,1.8625292148037156,1.3953552329803136,211.2,20.563374115103166,15.405509589424073,211.2,31.662996651663164,23.721038960665332,SEASON
RB,2023,00-0037286,Kevin Harris,4.0,7.356319024498483,5.325,2.8145015434180767,3.235415496688964,21.3,20.70437124832674,23.800748570450235,90.525,47.8465262381073,55.00206344371239,PPG
RB,2023,00-0037286,Kevin Harris,4.0,7.356319024498483,5.325,2.8145015434180767,3.235415496688964,21.3,20.70437124832674,23.800748570450235,90.525,47.8465262381073,55.00206344371239,SEASON
RB,2023,00-0037299,Keaontay Ingram,7.0,10.119503205993938,2.0,2.66772799850971,2.4482349640088876,14.0,26.996082033638803,24.774921567314394,34.0,45.351375974665075,41.61999438815109,PPG
RB,2023,00-0037299,Keaontay Ingram,7.0,10.119503205993938,2.0,2.66772799850971,2.4482349640088876,14.0,26.996082033638803,24.774921567314394,34.0,45.351375974665075,41.61999438815109,SEASON
RB,2023,00-0037429,Raheem Blackshear,9.0,11.040564599825757,1.9,3.540207920275696,3.916263427319687,17.099999999999998,39.085894240618615,43.23775935925803,32.3,60.18353464468684,66.57647826443468,PPG
RB,2023,00-0037429,Raheem Blackshear,9.0,11.040564599825757,1.9,3.540207920275696,3.916263427319687,17.099999999999998,39.085894240618615,43.23775935925803,32.3,60.18353464468684,66.57647826443468,SEASON
RB,2023,00-0037525,Jordan Mason,16.0,10.580033902909847,2.79375,3.5930905575601426,3.3286740859358774,44.7,38.01501991521155,35.21748468093903,47.493750000000006,61.08253947852243,56.58745946090992,PPG
RB,2023,00-0037525,Jordan Mason,16.0,10.580033902909847,2.79375,3.5930905575601426,3.3286740859358774,44.7,38.01501991521155,35.21748468093903,47.493750000000006,61.08253947852243,56.58745946090992,SEASON
RB,2023,00-0037563,Malik Davis,1.0,7.816849721414393,0.0,5.956414303894259,5.579026037943628,0.0,46.56039549202454,43.61040813046329,0.0,101.2590431662024,94.84344264504168,PPG
RB,2023,00-0037563,Malik Davis,1.0,7.816849721414393,0.0,5.956414303894259,5.579026037943628,0.0,46.56039549202454,43.61040813046329,0.0,101.2590431662024,94.84344264504168,SEASON
RB,2023,00-0037594,Julius Chestnut,1.0,7.816849721414393,0.0,1.9360813449542233,2.3275038994259187,0.0,15.134056921941024,18.193748207818405,0.0,32.913382864221795,39.56756629024062,PPG
RB,2023,00-0037594,Julius Chestnut,1.0,7.816849721414393,0.0,1.9360813449542233,2.3275038994259187,0.0,15.134056921941024,18.193748207818405,0.0,32.913382864221795,39.56756629024062,SEASON
RB,2023,00-0037746,Brian Robinson,15.0,10.580033902909847,13.206666666666667,9.044969730497616,8.752811086644229,198.1,95.69608639945812,92.60503804246112,224.51333333333335,153.7644854184595,148.79778847295188,PPG
RB,2023,00-0037746,Brian Robinson,15.0,10.580033902909847,13.206666666666667,9.044969730497616,8.752811086644229,198.1,95.69608639945812,92.60503804246112,224.51333333333335,153.7644854184595,148.79778847295188,SEASON
RB,2023,00-0037827,Tyrion Davis-Price,1.0,7.356319024498483,2.1,2.7065081356646585,3.3238421727335474,2.1,19.909937288349848,24.45124340971017,35.7,46.01063830629919,56.50531693647031,PPG
RB,2023,00-0037827,Tyrion Davis-Price,1.0,7.356319024498483,2.1,2.7065081356646585,3.3238421727335474,2.1,19.909937288349848,24.45124340971017,35.7,46.01063830629919,56.50531693647031,SEASON
RB,2023,00-0037840,Kyren Williams,12.0,8.737911115246211,21.25,4.713174446821917,4.288372102636705,255.0,41.18329938697964,37.471414261941035,361.25,80.12396559597258,72.90232574482398,PPG
RB,2023,00-0037840,Kyren Williams,12.0,8.737911115246211,21.25,4.713174446821917,4.288372102636705,255.0,41.18329938697964,37.471414261941035,361.25,80.12396559597258,72.90232574482398,SEASON
RB,2023,00-0038040,Zamir White,13.0,10.119503205993938,5.684615384615385,2.4603881059512487,1.836233287129085,73.9,24.897905326163013,18.581768636055564,96.63846153846154,41.826597801171225,31.215965881194442,PPG
RB,2023,00-0038040,Zamir White,13.0,10.119503205993938,5.684615384615385,2.4603881059512487,1.836233287129085,73.9,24.897905326163013,18.581768636055564,96.63846153846154,41.826597801171225,31.215965881194442,SEASON
RB,2023,00-0038045,Isaiah Spiller,9.0,7.356319024498483,2.1111111111111107,2.6641927629215547,2.808852578830603,18.999999999999996,19.59865190681101,20.66281566266319,35.888888888888886,45.29127696966643,47.75049384012025,PPG
RB,2023,00-0038045,Isaiah Spiller,9.0,7.356319024498483,2.1111111111111107,2.6641927629215547,2.808852578830603,18.999999999999996,19.59865190681101,20.66281566266319,35.888888888888886,45.29127696966643,47.75049384012025,SEASON
RB,2023,00-0038098,Pierre Strong,16.0,9.65897250907803,2.675,2.6407113268712252,3.290344145621386,42.8,25.50655811066013,31.781343647962807,45.474999999999994,44.89209255681083,55.93585047556357,PPG
RB,2023,00-0038098,Pierre Strong,16.0,9.65897250907803,2.675,2.6407113268712252,3.290344145621386,42.8,25.50655811066013,31.781343647962807,45.474999999999994,44.89209255681083,55.93585047556357,SEASON
RB,2023,00-0038120,Breece Hall,17.0,8.277380418330301,17.08823529411765,12.598524352694051,13.18242923279189,290.5,104.28277877684717,109.11598159753652,290.5,214.17491399579887,224.10129695746213,PPG
RB,2023,00-0038120,Breece Hall,17.0,8.277380418330301,17.08823529411765,12.598524352694051,13.18242923279189,290.5,104.28277877684717,109.11598159753652,290.5,214.17491399579887,224.10129695746213,SEASON
RB,2023,00-0038134,Kenneth Walker III,15.0,11.961625993657574,13.293333333333335,11.049756095154795,11.104134129987525,199.40000000000003,132.1730497313798,132.823499446319,225.98666666666668,187.84585361763152,188.77028020978793,PPG
RB,2023,00-0038134,Kenneth Walker III,15.0,11.961625993657574,13.293333333333335,11.049756095154795,11.104134129987525,199.40000000000003,132.1730497313798,132.823499446319,225.98666666666668,187.84585361763152,188.77028020978793,SEASON
RB,2024,00-0030578,Cordarrelle Patterson,13.0,10.675989019608604,2.884615384615385,4.1038780282039085,3.916367142043597,37.50000000000001,43.812956766917935,41.811092605213375,49.03846153846155,69.76592647946644,66.57824141474114,PPG
RB,2024,00-0030578,Cordarrelle Patterson,13.0,10.675989019608604,2.884615384615385,4.1038780282039085,3.916367142043597,37.50000000000001,43.812956766917935,41.811092605213375,49.03846153846155,69.76592647946644,66.57824141474114,SEASON
RB,2024,00-0031687,Raheem Mostert,13.0,12.211967325954,5.453846153846154,13.224627298721872,12.616510951297478,70.9,161.4987164699108,154.0724195047856,92.71538461538462,224.81866407827184,214.48068617205712,PPG
RB,2024,00-0031687,Raheem Mostert,13.0,12.211967325954,5.453846153846154,13.224627298721872,12.616510951297478,70.9,161.4987164699108,154.0724195047856,92.71538461538462,224.81866407827184,214.48068617205712,SEASON
RB,2024,00-0032104,Ameer Abdullah,15.0,12.723960094735798,8.346666666666668,4.558459955811804,3.277189064268594,125.20000000000002,58.001662571200505,41.69882287665814,141.89333333333335,77.49381924880066,55.7122140925661,PPG
RB,2024,00-0032104,Ameer Abdullah,15.0,12.723960094735798,8.346666666666668,4.558459955811804,3.277189064268594,125.20000000000002,58.001662571200505,41.69882287665814,141.89333333333335,77.49381924880066,55.7122140925661,SEASON
RB,2024,00-0032764,Derrick Henry,17.0,13.235952863517598,19.788235294117648,10.480337535261615,11.292488467806892,336.40000000000003,138.71725361047694,149.4668450717081,336.40000000000003,178.16573809944745,191.97230395271717,PPG
RB,2024,00-0032764,Derrick Henry,17.0,13.235952863517598,19.788235294117648,10.480337535261615,11.292488467806892,336.40000000000003,138.71725361047694,149.4668450717081,336.40000000000003,178.16573809944745,191.97230395271717,SEASON
RB,2024,00-0033045,Ezekiel Elliott,15.0,13.235952863517598,3.833333333333334,8.779400038837503,9.823153656004457,57.50000000000001,116.20372508401776,130.01879876196557,65.16666666666667,149.24980066023755,166.99361215207577,PPG
RB,2024,00-0033045,Ezekiel Elliott,15.0,13.235952863517598,3.833333333333334,8.779400038837503,9.823153656004457,57.50000000000001,116.20372508401776,130.01879876196557,65.16666666666667,149.24980066023755,166.99361215207577,SEASON
RB,2024,00-0033280,Christian McCaffrey,4.0,12.723960094735798,11.950000000000001,18.449990401306344,18.11627227918116,47.800000000000004,234.75694161448044,230.51072554566943,203.15,313.6498368222079,307.9766287460797,PPG
RB,2024,00-0033280,Christian McCaffrey,4.0,12.723960094735798,11.950000000000001,18.449990401306344,18.11627227918116,47.800000000000004,234.75694161448044,230.51072554566943,203.15,313.6498368222079,307.9766287460797,SEASON
RB,2024,00-0033293,Aaron Jones,17.0,10.163996250826806,14.211764705882352,10.739257059785341,10.767210979007563,241.6,109.15376849232351,109.4378920224941,241.6,182.5673700163508,183.04258664312857,PPG
RB,2024,00-0033293,Aaron Jones,17.0,10.163996250826806,14.211764705882352,10.739257059785341,10.767210979007563,241.6,109.15376849232351,109.4378920224941,241.6,182.5673700163508,183.04258664312857,SEASON
RB,2024,00-0033376,Patrick Ricard,10.0,8.11602517569961,1.12,2.6705640202368732,3.1281342958079423,11.200000000000001,21.674364821560026,25.388016697746632,19.040000000000003,45.399588344026846,53.17828302873502,PPG
RB,2024,00-0033376,Patrick Ricard,10.0,8.11602517569961,1.12,2.6705640202368732,3.1281342958079423,11.200000000000001,21.674364821560026,25.388016697746632,19.040000000000003,45.399588344026846,53.17828302873502,SEASON
RB,2024,00-0033526,Samaje Perine,17.0,13.235952863517598,4.788235294117647,7.079832894382348,6.5396344778762225,81.39999999999999,93.70833447162613,86.5582936938042,81.39999999999999,120.35715920449992,111.17378612389578,PPG
RB,2024,00-0033526,Samaje Perine,17.0,13.235952863517598,4.788235294117647,7.079832894382348,6.5396344778762225,81.39999999999999,93.70833447162613,86.5582936938042,81.39999999999999,120.35715920449992,111.17378612389578,SEASON
RB,2024,00-0033553,James Conner,16.0,11.187981788390402,15.8625,12.679679161964863,12.43098639500819,253.8,141.86001954669618,139.07764939908049,269.6625,215.55454575340266,211.32676871513922,PPG
RB,2024,00-0033553,James Conner,16.0,11.187981788390402,15.8625,12.679679161964863,12.43098639500819,253.8,141.86001954669618,139.07764939908049,269.6625,215.55454575340266,211.32676871513922,SEASON
RB,2024,00-0033699,Austin Ekeler,12.0,11.699974557172201,11.025,11.0156903224835,11.304660784763655,132.3,128.883296502745,132.2642435591971,187.425,187.2667354822195,192.17923334098214,PPG
RB,2024,00-0033699,Austin Ekeler,12.0,11.699974557172201,11.025,11.0156903224835,11.304660784763655,132.3,128.883296502745,132.2642435591971,187.425,187.2667354822195,192.17923334098214,SEASON
RB,2024,00-0033854,Dare Ogunbowale,16.0,9.140010713263209,3.5,1.9469798282943818,1.9643015096181973,56.0,17.79541648911801,17.953736841989418,59.5,33.09865708100449,33.39312566350935,PPG
RB,2024,00-0033854,Dare Ogunbowale,16.0,9.140010713263209,3.5,1.9469798282943818,1.9643015096181973,56.0,17.79541648911801,17.953736841989418,59.5,33.09865708100449,33.39312566350935,SEASON
RB,2024,00-0033893,Dalvin Cook,2.0,11.699974557172201,2.0,3.777264101238448,3.8859086317075544,4.0,44.193893880209764,45.46503212247423,34.0,64.21348972105362,66.06044673902842,PPG
RB,2024,00-0033893,Dalvin Cook,2.0,11.699974557172201,2.0,3.777264101238448,3.8859086317075544,4.0,44.193893880209764,45.46503212247423,34.0,64.21348972105362,66.06044673902842,SEASON
RB,2024,00-0033897,Joe Mixon,14.0,13.235952863517598,17.178571428571427,12.812638778120881,12.532386204011912,240.49999999999997,169.5874829244857,165.8780730636999,292.0357142857143,217.81485922805498,213.0505654682025,PPG
RB,2024,00-0033897,Joe Mixon,14.0,13.235952863517598,17.178571428571427,12.812638778120881,12.532386204011912,240.49999999999997,169.5874829244857,165.8780730636999,292.0357142857143,217.81485922805498,213.0505654682025,SEASON
RB,2024,00-0033906,Alvin Kamara,14.0,11.187981788390402,18.95,14.053342070506291,14.446280009777471,265.3,157.22853515084506,161.62471765937866,322.15,238.90681519860695,245.586760166217,PPG
RB,2024,00-0033906,Alvin Kamara,14.0,11.187981788390402,18.95,14.053342070506291,14.446280009777471,265.3,157.22853515084506,161.62471765937866,322.15,238.90681519860695,245.586760166217,SEASON
RB,2024,00-0033923,Kareem Hunt,13.0,12.211967325954,11.953846153846154,6.403292232456785,6.409849725808967,155.4,78.1967955212973,78.2768754158543,203.2153846153846,108.85596795176534,108.96744533875244,PPG
RB,2024,00-0033923,Kareem Hunt,13.0,12.211967325954,11.953846153846154,6.403292232456785,6.409849725808967,155.4,78.1967955212973,78.2768754158543,203.2153846153846,108.85596795176534,108.96744533875244,SEASON
RB,2024,00-0033925,D'Onta Foreman,10.0,9.140010713263209,3.26,7.474961449021715,8.445607249664295,32.599999999999994,68.32122772528795,77.19294074194508,55.419999999999995,127.07434463336917,143.57532324429303,PPG
RB,2024,00-0033925,D'Onta Foreman,10.0,9.140010713263209,3.26,7.474961449021715,8.445607249664295,32.599999999999994,68.32122772528795,77.19294074194508,55.419999999999995,127.07434463336917,143.57532324429303,SEASON
RB,2024,00-0033948,Jamaal Williams,14.0,11.187981788390402,2.6500000000000004,5.424879458171853,5.495517161208334,37.10000000000001,60.693452582239885,61.48374591738577,45.050000000000004,92.22295078892151,93.42379174054169,PPG
RB,2024,00-0033948,Jamaal Williams,14.0,11.187981788390402,2.6500000000000004,5.424879458171853,5.495517161208334,37.10000000000001,60.693452582239885,61.48374591738577,45.050000000000004,92.22295078892151,93.42379174054169,SEASON
RB,2024,00-0034115,Jeff Wilson,7.0,9.140010713263209,1.5142857142857142,4.823127005746715,5.075854458728684,10.6,44.08343250395407,46.393364131744995,25.74285714285714,81.99315909769415,86.28952579838763,PPG
RB,2024,00-0034115,Jeff Wilson,7.0,9.140010713263209,1.5142857142857142,4.823127005746715,5.075854458728684,10.6,44.08343250395407,46.393364131744995,25.74285714285714,81.99315909769415,86.28952579838763,SEASON
RB,2024,00-0034184,Gus Edwards,11.0,13.235952863517598,5.827272727272727,8.877603736712059,8.357688176383377,64.1,117.50354460010851,110.62196675058873,99.06363636363636,150.919263524105,142.0806989985174,PPG
RB,2024,00-0034184,Gus Edwards,11.0,13.235952863517598,5.827272727272727,8.877603736712059,8.357688176383377,64.1,117.50354460010851,110.62196675058873,99.06363636363636,150.919263524105,142.0806989985174,SEASON
RB,2024,00-0034208,Mike Boone,5.0,9.140010713263209,1.22,1.9508357511358165,2.303082428757092,6.1,17.83065966519824,21.05019807236807,20.74,33.16420776930888,39.152401288870564,PPG
RB,2024,00-0034208,Mike Boone,5.0,9.140010713263209,1.22,1.9508357511358165,2.303082428757092,6.1,17.83065966519824,21.05019807236807,20.74,33.16420776930888,39.152401288870564,SEASON
RB,2024,00-0034844,Saquon Barkley,16.0,11.699974557172201,22.20625,12.167214780058789,12.724698433916288,355.3,142.35610335833738,148.87864792450952,377.50625,206.84265126099942,216.31987337657688,PPG
RB,2024,00-0034844,Saquon Barkley,16.0,11.699974557172201,22.20625,12.167214780058789,12.724698433916288,355.3,142.35610335833738,148.87864792450952,377.50625,206.84265126099942,216.31987337657688,SEASON
RB,2024,00-0034972,Alexander Mattison,14.0,12.723960094735798,9.814285714285715,8.186941095369475,7.746350091714551,137.4,104.17031179543378,98.56424944682894,166.84285714285716,139.17799862128106,131.68795155914736,PPG
RB,2024,00-0034972,Alexander Mattison,14.0,12.723960094735798,9.814285714285715,8.186941095369475,7.746350091714551,137.4,104.17031179543378,98.56424944682894,166.84285714285716,139.17799862128106,131.68795155914736,SEASON
RB,2024,00-0034975,Justice Hill,15.0,12.723960094735798,8.473333333333334,5.7579311525538905,6.563407823707309,127.10000000000002,73.26368621333181,83.51253923432853,144.04666666666668,97.88482959341614,111.57793300302426,PPG
RB,2024,00-0034975,Justice Hill,15.0,12.723960094735798,8.473333333333334,5.7579311525538905,6.563407823707309,127.10000000000002,73.26368621333181,83.51253923432853,144.04666666666668,97.88482959341614,111.57793300302426,SEASON
RB,2024,00-0035243,Miles Sanders,11.0,12.723960094735798,7.027272727272727,5.535162181390328,5.70896966323644,77.3,70.42918271390128,72.64070217707773,119.46363636363637,94.09775708363559,97.05248427501948,PPG
RB,2024,00-0035243,Miles Sanders,11.0,12.723960094735798,7.027272727272727,5.535162181390328,5.70896966323644,77.3,70.42918271390128,72.64070217707773,119.46363636363637,94.09775708363559,97.05248427501948,SEASON
RB,2024,00-0035250,Devin Singletary,15.0,13.235952863517598,6.44,9.348909630702746,9.130885099212374,96.60000000000001,123.74172719726727,120.8559647753702,109.48,158.93146372194667,155.22504668661037,PPG
RB,2024,00-0035250,Devin Singletary,15.0,13.235952863517598,6.44,9.348909630702746,9.130885099212374,96.60000000000001,123.74172719726727,120.8559647753702,109.48,158.93146372194667,155.22504668661037,SEASON
RB,2024,00-0035261,Tony Pollard,16.0,13.235952863517598,12.54375,11.494173597653305,11.431218518389418,200.7,152.13633994362763,151.30306948197182,213.24374999999998,195.4009511601062,194.3307148126201,PPG
RB,2024,00-0035261,Tony Pollard,16.0,13.235952863517598,12.54375,11.494173597653305,11.431218518389418,200.7,152.13633994362763,151.30306948197182,213.24374999999998,195.4009511601062,194.3307148126201,SEASON
RB,2024,00-0035291,Trayveon Williams,5.0,12.723960094735798,0.0,3.1465028479744186,1.875051141508414,0.0,40.03597667559904,23.858075900141863,0.0,53.490548415565115,31.875869405643037,PPG
RB,2024,00-0035291,Trayveon Williams,5.0,12.723960094735798,0.0,3.1465028479744186,1.875051141508414,0.0,40.03597667559904,23.858075900141863,0.0,53.490548415565115,31.875869405643037,SEASON
RB,2024,00-0035537,Ty Johnson,17.0,9.140010713263209,5.394117647058824,4.7672506180456455,4.403637266047337,91.7,43.572721721747854,40.249291788997766,91.7,81.04326050677598,74.86183352280473,PPG
RB,2024,00-0035537,Ty Johnson,17.0,9.140010713263209,5.394117647058824,4.7672506180456455,4.403637266047337,91.7,43.572721721747854,40.249291788997766,91.7,81.04326050677598,74.86183352280473,SEASON
RB,2024,00-0035567,Craig Reynolds,8.0,10.675989019608604,2.6125,3.1700852358383647,2.899070418944114,20.9,33.84379516903373,30.95044395971948,44.412499999999994,53.8914490092522,49.28419712204994,PPG
RB,2024,00-0035567,Craig Reynolds,8.0,10.675989019608604,2.6125,3.1700852358383647,2.899070418944114,20.9,33.84379516903373,30.95044395971948,44.412499999999994,53.8914490092522,49.28419712204994,SEASON
RB,2024,00-0035594,Travis Homer,8.0,8.11602517569961,0.8,0.7682164750685319,1.1442816939283926,6.4,6.234864252043416,9.28701903601503,13.600000000000001,13.05968007616504,19.452788796782674,PPG
RB,2024,00-0035594,Travis Homer,8.0,8.11602517569961,0.8,0.7682164750685319,1.1442816939283926,6.4,6.234864252043416,9.28701903601503,13.600000000000001,13.05968007616504,19.452788796782674,SEASON
RB,2024,00-0035628,D'Ernest Johnson,12.0,12.723960094735798,2.9916666666666667,3.91777154756474,2.9705241690372706,35.9,49.84956883150506,37.79683098727845,50.858333333333334,66.60211630860057,50.4989108736336,PPG
RB,2024,00-0035628,D'Ernest Johnson,12.0,12.723960094735798,2.9916666666666667,3.91777154756474,2.9705241690372706,35.9,49.84956883150506,37.79683098727845,50.858333333333334,66.60211630860057,50.4989108736336,SEASON
RB,2024,00-0035685,David Montgomery,14.0,11.699974557172201,15.542857142857141,12.027857672798753,11.492348738241457,217.59999999999997,140.72562874903386,134.4601878395751,264.2285714285714,204.4735804375788,195.36992855010476,PPG
RB,2024,00-0035685,David Montgomery,14.0,11.699974557172201,15.542857142857141,12.027857672798753,11.492348738241457,217.59999999999997,140.72562874903386,134.4601878395751,264.2285714285714,204.4735804375788,195.36992855010476,SEASON
RB,2024,00-0035700,Josh Jacobs,17.0,11.187981788390402,17.241176470588233,11.784882171910517,12.203095049952406,293.09999999999997,131.8490471176616,136.5280051808646,293.09999999999997,200.3429969224788,207.4526158491909,PPG
RB,2024,00-0035700,Josh Jacobs,17.0,11.187981788390402,17.241176470588233,11.784882171910517,12.203095049952406,293.09999999999997,131.8490471176616,136.5280051808646,293.09999999999997,200.3429969224788,207.4526158491909,SEASON
RB,2024,00-0035726,Jakob Johnson,1.0,8.628017944481408,0.0,0.8398386061950063,1.3228440561839128,0.0,7.246142564718769,11.413522254505372,0.0,14.277256305315106,22.48834895512652,PPG
RB,2024,00-0035726,Jakob Johnson,1.0,8.628017944481408,0.0,0.8398386061950063,1.3228440561839128,0.0,7.246142564718769,11.413522254505372,0.0,14.277256305315106,22.48834895512652,SEASON
RB,2024,00-0035860,Tony Jones,1.0,7.604032406917812,11.5,3.313054946872521,5.011552621813772,11.5,25.19257718191802,38.108008545245845,195.5,56.321934096832855,85.19639457083413,PPG
RB,2024,00-0035860,Tony Jones,1.0,7.604032406917812,11.5,3.313054946872521,5.011552621813772,11.5,25.19257718191802,38.108008545245845,195.5,56.321934096832855,85.19639457083413,SEASON
RB,2024,00-0035973,Patrick Taylor,7.0,10.163996250826806,4.257142857142857,3.5666122974369237,3.8998372214966492,29.8,36.25103401930167,39.63793089812677,72.37142857142857,60.632409056427704,66.29723276544304,PPG
RB,2024,00-0035973,Patrick Taylor,7.0,10.163996250826806,4.257142857142857,3.5666122974369237,3.8998372214966492,29.8,36.25103401930167,39.63793089812677,72.37142857142857,60.632409056427704,66.29723276544304,SEASON
RB,2024,00-0036139,Rico Dowdle,16.0,12.723960094735798,12.3625,6.35346639867503,5.744478539335532,197.8,80.84125291998585,73.09251569957149,210.16250000000002,108.0089287774755,97.65613516870404,PPG
RB,2024,00-0036139,Rico Dowdle,16.0,12.723960094735798,12.3625,6.35346639867503,5.744478539335532,197.8,80.84125291998585,73.09251569957149,210.16250000000002,108.0089287774755,97.65613516870404,SEASON
RB,2024,00-0036187,Reggie Gilliam,7.0,7.092039638136013,0.1,0.9086594403903194,1.3968428242336368,0.7000000000000001,6.444248768814633,9.906464677710808,1.7000000000000002,15.44721048663543,23.746328011971826,PPG
RB,2024,00-0036187,Reggie Gilliam,7.0,7.092039638136013,0.1,0.9086594403903194,1.3968428242336368,0.7000000000000001,6.444248768814633,9.906464677710808,1.7000000000000002,15.44721048663543,23.746328011971826,SEASON
RB,2024,00-0036223,Jonathan Taylor,14.0,9.652003482045007,17.478571428571428,12.12059682729149,12.436016141176232,244.7,116.98804278148113,120.0324710974009,297.13571428571424,206.0501460639553,211.41227439999594,PPG
RB,2024,00-0036223,Jonathan Taylor,14.0,9.652003482045007,17.478571428571428,12.12059682729149,12.436016141176232,244.7,116.98804278148113,120.0324710974009,297.13571428571424,206.0501460639553,211.41227439999594,SEASON
RB,2024,00-0036251,Zack Moss,8.0,11.699974557172201,10.2375,10.227484900641084,10.197281384843622,81.9,119.66131312136353,119.30793275499609,174.03750000000002,173.86724331089843,173.35378354234157,PPG
RB,2024,00-0036251,Zack Moss,8.0,11.699974557172201,10.2375,10.227484900641084,10.197281384843622,81.9,119.66131312136353,119.30793275499609,174.03750000000002,173.86724331089843,173.35378354234157,SEASON
RB,2024,00-0036275,D'Andre Swift,17.0,12.723960094735798,12.617647058823529,11.8924374258564,10.841140633966068,214.5,151.31889923573934,137.942240808003,214.5,202.1714362395588,184.29939077742316,PPG
RB,2024,00-0036275,D'Andre Swift,17.0,12.723960094735798,12.617647058823529,11.8924374258564,10.841140633966068,214.5,151.31889923573934,137.942240808003,214.5,202.1714362395588,184.29939077742316,SEASON
RB,2024,00-0036297,Darrynton Evans,1.0,7.604032406917812,0.30000000000000004,4.687705797468936,5.190770335705806,0.30000000000000004,35.645466798050286,39.4707858495746,5.1000000000000005,79.6909985569719,88.2430957069987,PPG
RB,2024,00-0036297,Darrynton Evans,1.0,7.604032406917812,0.30000000000000004,4.687705797468936,5.190770335705806,0.30000000000000004,35.645466798050286,39.4707858495746,5.1000000000000005,79.6909985569719,88.2430957069987,SEASON
RB,2024,00-0036328,Antonio Gibson,17.0,12.723960094735798,6.082352941176471,7.7483998963558305,7.796981956282782,103.4,98.59033107928659,99.20848727111716,103.4,131.7227982380491,132.5486932568073,PPG
RB,2024,00-0036328,Antonio Gibson,17.0,12.723960094735798,6.082352941176471,7.7483998963558305,7.796981956282782,103.4,98.59033107928659,99.20848727111716,103.4,131.7227982380491,132.5486932568073,SEASON
RB,2024,00-0036360,Clyde Edwards-Helaire,2.0,12.211967325954,5.0,6.47880212130229,5.729269363084404,10.0,79.11891981666503,69.96565026357602,85.0,110.13963606213893,97.39757917243486,PPG
RB,2024,00-0036360,Clyde Edwards-Helaire,2.0,12.211967325954,5.0,6.47880212130229,5.729269363084404,10.0,79.11891981666503,69.96565026357602,85.0,110.13963606213893,97.39757917243486,SEASON
RB,2024,00-0036370,Joshua Kelley,1.0,13.235952863517598,0.2,4.92685200044191,3.8677134040399883,0.2,65.21158084337651,51.19287230546848,3.4000000000000004,83.75648400751247,65.7511278686798,PPG
RB,2024,00-0036370,Joshua Kelley,1.0,13.235952863517598,0.2,4.92685200044191,3.8677134040399883,0.2,65.21158084337651,51.19287230546848,3.4000000000000004,83.75648400751247,65.7511278686798,SEASON
RB,2024,00-0036414,Cam Akers,16.0,8.11602517569961,5.825,6.211033811540915,6.356272343283446,93.2,50.408906781587575,51.5876663616916,99.025,105.58757479619555,108.05662983581858,PPG
RB,2024,00-0036414,Cam Akers,16.0,8.11602517569961,5.825,6.211033811540915,6.356272343283446,93.2,50.408906781587575,51.5876663616916,99.025,105.58757479619555,108.05662983581858,SEASON
RB,2024,00-0036425,DeeJay Dallas,16.0,13.235952863517598,0.9375,2.9663228320436947,1.7588003367656002,15.0,39.26210918290637,23.27939835376836,15.9375,50.42748814474281,29.899605725015203,PPG
RB,2024,00-0036425,DeeJay Dallas,16.0,13.235952863517598,0.9375,2.9663228320436947,1.7588003367656002,15.0,39.26210918290637,23.27939835376836,15.9375,50.42748814474281,29.899605725015203,SEASON
RB,2024,00-0036450,Ke'Shawn Vaughn,1.0,7.092039638136013,0.4,2.4953134741723577,3.0123886110788156,0.4,17.696862068405245,21.363979435240452,6.800000000000001,42.42032906093008,51.21060638833987,PPG
RB,2024,00-0036450,Ke'Shawn Vaughn,1.0,7.092039638136013,0.4,2.4953134741723577,3.0123886110788156,0.4,17.696862068405245,21.363979435240452,6.800000000000001,42.42032906093008,51.21060638833987,SEASON
RB,2024,00-0036555,Chuba Hubbard,15.0,13.235952863517598,16.10666666666667,10.037484640407717,10.098317340150494,241.60000000000002,132.85567356871843,133.66085231507435,273.8133333333334,170.6372388869312,171.6713947825584,PPG
RB,2024,00-0036555,Chuba Hubbard,15.0,13.235952863517598,16.10666666666667,10.037484640407717,10.098317340150494,241.60000000000002,132.85567356871843,133.66085231507435,273.8133333333334,170.6372388869312,171.6713947825584,SEASON
RB,2024,00-0036569,Gary Brightwell,1.0,6.580046869354215,0.0,2.899165935447442,3.8721247202368057,0.0,19.076647737279327,25.478762143143257,0.0,49.28582090260652,65.8261202440257,PPG
RB,2024,00-0036569,Gary Brightwell,1.0,6.580046869354215,0.0,2.899165935447442,3.8721247202368057,0.0,19.076647737279327,25.478762143143257,0.0,49.28582090260652,65.8261202440257,SEASON
RB,2024,00-0036842,Kene Nwangwu,2.0,8.628017944481408,0.0,1.1518453745589132,1.316054477293065,0.0,9.938142560962213,11.354941645999665,0.0,19.581371367501525,22.372926113982103,PPG
RB,2024,00-0036842,Kene Nwangwu,2.0,8.628017944481408,0.0,1.1518453745589132,1.316054477293065,0.0,9.938142560962213,11.354941645999665,0.0,19.581371367501525,22.372926113982103,SEASON
RB,2024,00-0036875,Rhamondre Stevenson,15.0,10.675989019608604,11.726666666666667,10.441109362803182,10.78942622616547,175.9,111.46916890981936,115.18779591841965,199.35333333333332,177.4988591676541,183.42024584481297,PPG
RB,2024,00-0036875,Rhamondre Stevenson,15.0,10.675989019608604,11.726666666666667,10.441109362803182,10.78942622616547,175.9,111.46916890981936,115.18779591841965,199.35333333333332,177.4988591676541,183.42024584481297,SEASON
RB,2024,00-0036893,Najee Harris,17.0,13.235952863517598,12.035294117647059,10.993442159681642,10.019040920391777,204.6,145.5086822333533,132.61155335995954,204.6,186.88851671458792,170.3236956466602,PPG
RB,2024,00-0036893,Najee Harris,17.0,13.235952863517598,12.035294117647059,10.993442159681642,10.019040920391777,204.6,145.5086822333533,132.61155335995954,204.6,186.88851671458792,170.3236956466602,SEASON
RB,2024,00-0036906,Khalil Herbert,11.0,10.675989019608604,2.8636363636363633,9.14321405782805,8.597175695399645,31.499999999999996,97.6128528853033,91.78335332373258,48.68181818181817,155.43463898307687,146.15198682179397,PPG
RB,2024,00-0036906,Khalil Herbert,11.0,10.675989019608604,2.8636363636363633,9.14321405782805,8.597175695399645,31.499999999999996,97.6128528853033,91.78335332373258,48.68181818181817,155.43463898307687,146.15198682179397,SEASON
RB,2024,00-0036919,Kenny Gainwell,17.0,12.723960094735798,3.682352941176471,5.663826607195553,6.057482461361046,62.6,72.06630373345905,77.07516511291992,62.6,96.28505232232439,102.97720184313778,PPG
RB,2024,00-0036919,Kenny Gainwell,17.0,12.723960094735798,3.682352941176471,5.663826607195553,6.057482461361046,62.6,72.06630373345905,77.07516511291992,62.6,96.28505232232439,102.97720184313778,SEASON
RB,2024,00-0036924,Michael Carter,3.0,12.211967325954,11.933333333333334,5.335804425140046,4.584081411344151,35.8,65.16066929749101,55.98065241484787,202.86666666666667,90.70867522738078,77.92938399285057,PPG
RB,2024,00-0036924,Michael Carter,3.0,12.211967325954,11.933333333333334,5.335804425140046,4.584081411344151,35.8,65.16066929749101,55.98065241484787,202.86666666666667,90.70867522738078,77.92938399285057,SEASON
RB,2024,00-0036973,Travis Etienne,15.0,13.235952863517598,8.68,12.9605229626967,12.764444260001682,130.2,171.54487102079096,168.94958255438002,147.56,220.3288903658439,216.9955524200286,PPG
RB,2024,00-0036973,Travis Etienne,15.0,13.235952863517598,8.68,12.9605229626967,12.764444260001682,130.2,171.54487102079096,168.94958255438002,147.56,220.3288903658439,216.9955524200286,SEASON
RB,2024,00-0036984,Trey Sermon,15.0,8.628017944481408,3.5866666666666664,3.7909602331073784,3.466220986075103,53.8,32.70847291806589,29.906616867394032,60.97333333333333,64.44632396282543,58.92575676327675,PPG
RB,2024,00-0036984,Trey Sermon,15.0,8.628017944481408,3.5866666666666664,3.7909602331073784,3.466220986075103,53.8,32.70847291806589,29.906616867394032,60.97333333333333,64.44632396282543,58.92575676327675,SEASON
RB,2024,00-0036997,Javonte Williams,17.0,12.723960094735798,9.288235294117646,9.589472629321055,9.606668422041018,157.89999999999998,122.01606706504226,122.23486564540843,157.89999999999998,163.02103469845792,163.31336317469732,PPG
RB,2024,00-0036997,Javonte Williams,17.0,12.723960094735798,9.288235294117646,9.589472629321055,9.606668422041018,157.89999999999998,122.01606706504226,122.23486564540843,157.89999999999998,163.02103469845792,163.31336317469732,SEASON
RB,2024,00-0037120,Tyler Goodson,14.0,7.604032406917812,3.1714285714285713,3.9778637127483574,3.611711514021172,44.4,30.247804582040914,27.463571397055187,53.91428571428571,67.62368311672208,61.399095738359925,PPG
RB,2024,00-0037120,Tyler Goodson,14.0,7.604032406917812,3.1714285714285713,3.9778637127483574,3.611711514021172,44.4,30.247804582040914,27.463571397055187,53.91428571428571,67.62368311672208,61.399095738359925,SEASON
RB,2024,00-0037197,Isiah Pacheco,7.0,11.699974557172201,8.12857142857143,12.081543960655278,12.279481134945964,56.900000000000006,141.35375695102422,143.6696168541438,138.1857142857143,205.3862473311397,208.7511792940814,PPG
RB,2024,00-0037197,Isiah Pacheco,7.0,11.699974557172201,8.12857142857143,12.081543960655278,12.279481134945964,56.900000000000006,141.35375695102422,143.6696168541438,138.1857142857143,205.3862473311397,208.7511792940814,SEASON
RB,2024,00-0037228,Jaylen Warren,15.0,13.235952863517598,8.273333333333333,10.031037761370317,10.388227449512456,124.1,132.77034298166262,137.4980888572465,140.64666666666668,170.5276419432954,176.59986664171174,PPG
RB,2024,00-0037228,Jaylen Warren,15.0,13.235952863517598,8.273333333333333,10.031037761370317,10.388227449512456,124.1,132.77034298166262,137.4980888572465,140.64666666666668,170.5276419432954,176.59986664171174,SEASON
RB,2024,00-0037248,James Cook,16.0,13.235952863517598,16.668750000000003,12.79402253000541,12.12177356624866,266.70000000000005,169.34107914193376,160.44322354510086,283.36875000000003,217.49838301009197,206.07015062622722,PPG
RB,2024,00-0037248,James Cook,16.0,13.235952863517598,16.668750000000003,12.79402253000541,12.12177356624866,266.70000000000005,169.34107914193376,160.44322354510086,283.36875000000003,217.49838301009197,206.07015062622722,SEASON
RB,2024,00-0037256,Rachaad White,15.0,13.235952863517598,13.306666666666665,13.50611913098945,13.42762863740287,199.59999999999997,178.76635618682963,177.72745971348343,226.2133333333333,229.60402522682065,228.2696868358488,PPG
RB,2024,00-0037256,Rachaad White,15.0,13.235952863517598,13.306666666666665,13.50611913098945,13.42762863740287,199.59999999999997,178.76635618682963,177.72745971348343,226.2133333333333,229.60402522682065,228.2696868358488,SEASON
RB,2024,00-0037258,Dameon Pierce,10.0,11.699974557172201,4.3500000000000005,5.118966994719389,5.30045881866552,43.50000000000001,59.89178359722109,62.01523331972561,73.95,87.02243891022961,90.10779991731384,PPG
RB,2024,00-0037258,Dameon Pierce,10.0,11.699974557172201,4.3500000000000005,5.118966994719389,5.30045881866552,43.50000000000001,59.89178359722109,62.01523331972561,73.95,87.02243891022961,90.10779991731384,SEASON
RB,2024,00-0037263,Tyler Allgeier,17.0,13.235952863517598,6.247058823529413,8.352072383058028,7.566247580554252,106.20000000000002,110.54763637484315,100.14649632992015,106.20000000000002,141.98523051198646,128.6262088694223,PPG
RB,2024,00-0037263,Tyler Allgeier,17.0,13.235952863517598,6.247058823529413,8.352072383058028,7.566247580554252,106.20000000000002,110.54763637484315,100.14649632992015,106.20000000000002,141.98523051198646,128.6262088694223,SEASON
RB,2024,00-0037267,Jerome Ford,14.0,13.235952863517598,9.571428571428571,11.005114460729075,10.667485037440441,134.0,145.66317625982592,141.19432912784094,162.71428571428572,187.0869458323943,181.3472456364875,PPG
RB,2024,00-0037267,Jerome Ford,14.0,13.235952863517598,9.571428571428571,11.005114460729075,10.667485037440441,134.0,145.66317625982592,141.19432912784094,162.71428571428572,187.0869458323943,181.3472456364875,SEASON
RB,2024,00-0037276,Ty Chandler,14.0,12.723960094735798,2.0285714285714285,6.730979778161906,6.613285174823805,28.4,85.6447180958057,84.14717665956594,34.48571428571428,114.4266562287524,112.42584797200468,PPG
RB,2024,00-0037276,Ty Chandler,14.0,12.723960094735798,2.0285714285714285,6.730979778161906,6.613285174823805,28.4,85.6447180958057,84.14717665956594,34.48571428571428,114.4266562287524,112.42584797200468,SEASON
RB,2024,00-0037299,Keaontay Ingram,1.0,8.11602517569961,0.0,2.2339347852983407,3.2670593592216344,0.0,18.130670958352436,26.51553600994782,0.0,37.97689135007179,55.54000910676778,PPG
RB,2024,00-0037299,Keaontay Ingram,1.0,8.11602517569961,0.0,2.2339347852983407,3.2670593592216344,0.0,18.130670958352436,26.51553600994782,0.0,37.97689135007179,55.54000910676778,SEASON
RB,2024,00-0037429,Raheem Blackshear,16.0,9.140010713263209,0.5,2.8110162139245487,2.4703104154208004,8.0,25.692718310426958,22.578663662031804,8.5,47.787275636717325,41.995277062153605,PPG
RB,2024,00-0037429,Raheem Blackshear,16.0,9.140010713263209,0.5,2.8110162139245487,2.4703104154208004,8.0,25.692718310426958,22.578663662031804,8.5,47.787275636717325,41.995277062153605,SEASON
RB,2024,00-0037525,Jordan Mason,12.0,12.723960094735798,9.583333333333334,3.6374670246727936,3.3013388416598883,115.0,46.28298526785398,42.00610368048172,162.91666666666669,61.83693941943749,56.122760308218105,PPG
RB,2024,00-0037525,Jordan Mason,12.0,12.723960094735798,9.583333333333334,3.6374670246727936,3.3013388416598883,115.0,46.28298526785398,42.00610368048172,162.91666666666669,61.83693941943749,56.122760308218105,SEASON
RB,2024,00-0037557,Ronnie Rivers,6.0,9.140010713263209,3.0500000000000003,3.034265436316379,3.0044487245768448,18.3,27.73321859481597,27.460693530082345,51.85,51.582512417378446,51.07562831780636,PPG
RB,2024,00-0037557,Ronnie Rivers,6.0,9.140010713263209,3.0500000000000003,3.034265436316379,3.0044487245768448,18.3,27.73321859481597,27.460693530082345,51.85,51.582512417378446,51.07562831780636,SEASON
RB,2024,00-0037746,Brian Robinson,14.0,12.211967325954,11.414285714285715,11.959440269761647,11.123717236649963,159.8,146.04829381102772,135.84247143712065,194.04285714285714,203.310484585948,189.10319302304936,PPG
RB,2024,00-0037746,Brian Robinson,14.0,12.211967325954,11.414285714285715,11.959440269761647,11.123717236649963,159.8,146.04829381102772,135.84247143712065,194.04285714285714,203.310484585948,189.10319302304936,SEASON
RB,2024,00-0037840,Kyren Williams,16.0,10.675989019608604,17.00625,15.584135035661983,15.871353565645375,272.1,166.37605452082508,169.4423963931559,289.10625000000005,264.9302956062537,269.8130106159714,PPG
RB,2024,00-0037840,Kyren Williams,16.0,10.675989019608604,17.00625,15.584135035661983,15.871353565645375,272.1,166.37605452082508,169.4423963931559,289.10625000000005,264.9302956062537,269.8130106159714,SEASON
RB,2024,00-0038040,Zamir White,8.0,11.187981788390402,3.6625,6.552355096508702,6.6714251455660545,29.3,73.30762949080639,74.63978303120281,62.2625,111.39003664064793,113.41422747462292,PPG
RB,2024,00-0038040,Zamir White,8.0,11.187981788390402,3.6625,6.552355096508702,6.6714251455660545,29.3,73.30762949080639,74.63978303120281,62.2625,111.39003664064793,113.41422747462292,SEASON
RB,2024,00-0038098,Pierre Strong,13.0,12.723960094735798,2.707692307692308,4.243261795915789,3.3163527019936034,35.2,53.99109376274945,42.19713944023585,46.03076923076923,72.1354505305684,56.377995933891256,PPG
RB,2024,00-0038098,Pierre Strong,13.0,12.723960094735798,2.707692307692308,4.243261795915789,3.3163527019936034,35.2,53.99109376274945,42.19713944023585,46.03076923076923,72.1354505305684,56.377995933891256,SEASON
RB,2024,00-0038120,Breece Hall,16.0,13.235952863517598,15.056250000000002,13.79977066595497,13.826870098906744,240.90000000000003,182.65311406193283,183.01180087911058,255.95625000000004,234.5961013212345,235.05679168141464,PPG
RB,2024,00-0038120,Breece Hall,16.0,13.235952863517598,15.056250000000002,13.79977066595497,13.826870098906744,240.90000000000003,182.65311406193283,183.01180087911058,255.95625000000004,234.5961013212345,235.05679168141464,SEASON
RB,2024,00-0038134,Kenneth Walker III,11.0,12.211967325954,16.472727272727273,12.260531650190359,11.443094296871784,181.2,149.72521191094953,139.7426936612088,280.03636363636366,208.4290380532361,194.53260304682033,PPG
RB,2024,00-0038134,Kenneth Walker III,11.0,12.211967325954,16.472727272727273,12.260531650190359,11.443094296871784,181.2,149.72521191094953,139.7426936612088,280.03636363636366,208.4290380532361,194.53260304682033,SEASON
RB,2024,00-0038396,Eric Gray,14.0,9.652003482045007,1.3785714285714286,2.7035351234248344,2.3024506361089143,19.3,26.09453042512748,22.223261556959983,23.435714285714287,45.960097098222185,39.141660813851544,PPG
RB,2024,00-0038396,Eric Gray,14.0,9.652003482045007,1.3785714285714286,2.7035351234248344,2.3024506361089143,19.3,26.09453042512748,22.223261556959983,23.435714285714287,45.960097098222185,39.141660813851544,SEASON
RB,2024,00-0038454,Keaton Mitchell,4.0,8.11602517569961,1.7000000000000002,9.041176301072136,8.851661779429936,6.800000000000001,73.37841447744013,71.84030984863136,28.900000000000002,153.69999711822632,150.47825025030892,PPG
RB,2024,00-0038454,Keaton Mitchell,4.0,8.11602517569961,1.7000000000000002,9.041176301072136,8.851661779429936,6.800000000000001,73.37841447744013,71.84030984863136,28.900000000000002,153.69999711822632,150.47825025030892,SEASON
RB,2024,00-0038488,Brady Russell,8.0,7.604032406917812,0.0,0.8216695783022436,1.131690253436066,0.0,6.248002101188753,8.605409361720877,0.0,13.968382831138141,19.23873430841312,PPG
RB,2024,00-0038488,Brady Russell,8.0,7.604032406917812,0.0,0.8216695783022436,1.131690253436066,0.0,6.248002101188753,8.605409361720877,0.0,13.968382831138141,19.23873430841312,SEASON
RB,2024,00-0038489,Ben VanSumeren,3.0,7.092039638136013,0.3333333333333333,0.7549293929074787,1.131690253436066,1.0,5.353989178493795,8.02599213546077,5.666666666666666,12.833799679427138,19.23873430841312,PPG
RB,2024,00-0038489,Ben VanSumeren,3.0,7.092039638136013,0.3333333333333333,0.7549293929074787,1.131690253436066,1.0,5.353989178493795,8.02599213546077,5.666666666666666,12.833799679427138,19.23873430841312,SEASON
RB,2024,00-0038542,Bijan Robinson,17.0,13.235952863517598,20.1,12.28499521754641,12.140141972105013,341.70000000000005,162.6036176279834,160.68634689919352,341.70000000000005,208.84491869828895,206.38241352578524,PPG
RB,2024,00-0038542,Bijan Robinson,17.0,13.235952863517598,20.1,12.28499521754641,12.140141972105013,341.70000000000005,162.6036176279834,160.68634689919352,341.70000000000005,208.84491869828895,206.38241352578524,SEASON
RB,2024,00-0038551,Kendre Miller,6.0,8.11602517569961,4.85,5.582047820890144,5.667028053547123,29.099999999999998,45.304040646303555,45.99374235398441,82.44999999999999,94.89481295513244,96.3394769103011,PPG
RB,2024,00-0038551,Kendre Miller,6.0,8.11602517569961,4.85,5.582047820890144,5.667028053547123,29.099999999999998,45.304040646303555,45.99374235398441,82.44999999999999,94.89481295513244,96.3394769103011,SEASON
RB,2024,00-0038555,Tank Bigsby,16.0,11.187981788390402,8.0625,3.2492950983558995,3.037072970908846,129.0,36.353054385512,33.978717088540904,137.0625,55.23801667205029,51.63024050545038,PPG
RB,2024,00-0038555,Tank Bigsby,16.0,11.187981788390402,8.0625,3.2492950983558995,3.037072970908846,129.0,36.353054385512,33.978717088540904,137.0625,55.23801667205029,51.63024050545038,SEASON
RB,2024,00-0038597,Chase Brown,16.0,10.675989019608604,15.9375,5.764268126511289,5.232919684023386,255.0,61.53926322471438,55.8665930871274,270.9375,97.9925581506919,88.95963462839757,PPG
RB,2024,00-0038597,Chase Brown,16.0,10.675989019608604,15.9375,5.764268126511289,5.232919684023386,255.0,61.53926322471438,55.8665930871274,270.9375,97.9925581506919,88.95963462839757,SEASON
RB,2024,00-0038611,Chris Rodriguez Jr.,7.0,9.140010713263209,4.5,4.606305031003881,4.537511928755126,31.5,42.10167733193369,41.47290764038146,76.5,78.30718552706598,77.13770278883715,PPG
RB,2024,00-0038611,Chris Rodriguez Jr.,7.0,9.140010713263209,4.5,4.606305031003881,4.537511928755126,31.5,42.10167733193369,41.47290764038146,76.5,78.30718552706598,77.13770278883715,SEASON
RB,2024,00-0038622,Deuce Vaughn,5.0,7.604032406917812,2.3600000000000003,3.214645839110892,3.661677521700245,11.8,24.444271137362723,27.84351453869116,40.120000000000005,54.64897926488516,62.24851786890416,PPG
RB,2024,00-0038622,Deuce Vaughn,5.0,7.604032406917812,2.3600000000000003,3.214645839110892,3.661677521700245,11.8,24.444271137362723,27.84351453869116,40.120000000000005,54.64897926488516,62.24851786890416,SEASON
RB,2024,00-0038685,Chris Brooks,11.0,6.068054100572415,3.836363636363637,4.366936323822058,4.211682326293505,42.2,26.49880586670707,25.556716210373672,65.21818181818183,74.23791750497499,71.59859954698958,PPG
RB,2024,00-0038685,Chris Brooks,11.0,6.068054100572415,3.836363636363637,4.366936323822058,4.211682326293505,42.2,26.49880586670707,25.556716210373672,65.21818181818183,74.23791750497499,71.59859954698958,SEASON
RB,2024,00-0038705,Emari Demercado,13.0,10.163996250826806,4.207692307692308,5.4715841116227235,6.367994845704399,54.7,55.61316039661688,64.72427573702393,71.53076923076924,93.0169298975863,108.25591237697479,PPG
RB,2024,00-0038705,Emari Demercado,13.0,10.163996250826806,4.207692307692308,5.4715841116227235,6.367994845704399,54.7,55.61316039661688,64.72427573702393,71.53076923076924,93.0169298975863,108.25591237697479,SEASON
RB,2024,00-0038738,Hunter Luepke,14.0,9.652003482045007,1.9214285714285713,1.3625256892039732,1.889416495362977,26.9,13.151102696572522,18.23665459227673,32.66428571428571,23.162936716467545,32.12008042117061,PPG
RB,2024,00-0038738,Hunter Luepke,14.0,9.652003482045007,1.9214285714285713,1.3625256892039732,1.889416495362977,26.9,13.151102696572522,18.23665459227673,32.66428571428571,23.162936716467545,32.12008042117061,SEASON
RB,2024,00-0038794,Jaleel McLaughlin,16.0,13.235952863517598,6.075,7.086588523390107,5.906185997069672,97.2,93.79775165873623,78.17399946038186,103.275,120.47200489763182,100.40516195018442,PPG
RB,2024,00-0038794,Jaleel McLaughlin,16.0,13.235952863517598,6.075,7.086588523390107,5.906185997069672,97.2,93.79775165873623,78.17399946038186,103.275,120.47200489763182,100.40516195018442,SEASON
RB,2024,00-0038797,Emanuel Wilson,17.0,7.092039638136013,5.647058823529412,3.1655712085572283,3.542813044330406,96.0,22.450356488429986,25.125770540896557,96.0,53.81471054547288,60.2278217536169,PPG
RB,2024,00-0038797,Emanuel Wilson,17.0,7.092039638136013,5.647058823529412,3.1655712085572283,3.542813044330406,96.0,22.450356488429986,25.125770540896557,96.0,53.81471054547288,60.2278217536169,SEASON
RB,2024,00-0038951,Sean Tucker,17.0,6.068054100572415,4.041176470588235,2.167338157377085,2.9293325260578884,68.7,13.151525193199085,17.77534824668572,68.7,36.84474867541045,49.798652942984106,PPG
RB,2024,00-0038951,Sean Tucker,17.0,6.068054100572415,4.041176470588235,2.167338157377085,2.9293325260578884,68.7,13.151525193199085,17.77534824668572,68.7,36.84474867541045,49.798652942984106,SEASON
RB,2024,00-0039021,Roschon Johnson,13.0,12.211967325954,5.953846153846154,6.295880914653109,6.494073822171752,77.4,76.88509201784115,79.30541732869465,101.21538461538462,107.02997554910286,110.39925497691979,PPG
RB,2024,00-0039021,Roschon Johnson,13.0,12.211967325954,5.953846153846154,6.295880914653109,6.494073822171752,77.4,76.88509201784115,79.30541732869465,101.21538461538462,107.02997554910286,110.39925497691979,SEASON
RB,2024,00-0039032,Tyjae Spears,12.0,13.235952863517598,9.466666666666667,8.26803675578767,8.715882375651393,113.6,109.43534477343655,115.36300828808562,160.93333333333334,140.55662484839038,148.1700003860737,PPG
RB,2024,00-0039032,Tyjae Spears,12.0,13.235952863517598,9.466666666666667,8.26803675578767,8.715882375651393,113.6,109.43534477343655,115.36300828808562,160.93333333333334,140.55662484839038,148.1700003860737,SEASON
RB,2024,00-0039040,De'Von Achane,17.0,10.163996250826806,17.641176470588235,13.783696569533577,13.239899867557327,299.9,140.09744025527357,134.570292615175,299.9,234.32284168207082,225.07829774847454,PPG
RB,2024,00-0039040,De'Von Achane,17.0,10.163996250826806,17.641176470588235,13.783696569533577,13.239899867557327,299.9,140.09744025527357,134.570292615175,299.9,234.32284168207082,225.07829774847454,SEASON
RB,2024,00-0039139,Jahmyr Gibbs,17.0,12.211967325954,21.34705882352941,12.948577335238618,12.455768170552954,362.9,158.1276033355225,152.1094339184505,362.9,220.1258146990565,211.7480588994002,PPG
RB,2024,00-0039139,Jahmyr Gibbs,17.0,12.211967325954,21.34705882352941,12.948577335238618,12.455768170552954,362.9,158.1276033355225,152.1094339184505,362.9,220.1258146990565,211.7480588994002,SEASON
RB,2024,00-0039165,Zach Charbonnet,17.0,12.723960094735798,10.994117647058824,5.129797678321543,6.143633448240684,186.9,65.27134095303165,78.17134683209855,186.9,87.20656053146622,104.44176862009162,PPG
RB,2024,00-0039165,Zach Charbonnet,17.0,12.723960094735798,10.994117647058824,5.129797678321543,6.143633448240684,186.9,65.27134095303165,78.17134683209855,186.9,87.20656053146622,104.44176862009162,SEASON
RB,2025,00-0031687,Raheem Mostert,12.0,11.376930676810199,2.45,6.067998073476247,6.313532171576247,29.400000000000002,69.0351934289571,71.82861784183392,41.650000000000006,103.1559672490962,107.33004691679619,PPG
RB,2025,00-0031687,Raheem Mostert,12.0,11.376930676810199,2.45,6.067998073476247,6.313532171576247,29.400000000000002,69.0351934289571,71.82861784183392,41.650000000000006,103.1559672490962,107.33004691679619,SEASON
RB,2025,00-0032104,Ameer Abdullah,13.0,12.42367117571719,2.9153846153846157,7.387813119375977,7.453678218872334,37.900000000000006,91.78376090277663,92.60204724087527,49.56153846153847,125.59282302939161,126.71252972082968,PPG
RB,2025,00-0032104,Ameer Abdullah,13.0,12.42367117571719,2.9153846153846157,7.387813119375977,7.453678218872334,37.900000000000006,91.78376090277663,92.60204724087527,49.56153846153847,125.59282302939161,126.71252972082968,SEASON
RB,2025,00-0032764,Derrick Henry,17.0,13.470411674624183,16.441176470588236,15.422610766074015,14.829730533300754,279.5,207.748916116508,199.76257530730518,279.5,262.18438302325825,252.10541906611283,PPG
RB,2025,00-0032764,Derrick Henry,17.0,13.470411674624183,16.441176470588236,15.422610766074015,14.829730533300754,279.5,207.748916116508,199.76257530730518,279.5,262.18438302325825,252.10541906611283,SEASON
RB,2025,00-0033280,Christian McCaffrey,17.0,6.666598431728735,24.50588235294118,10.231524661481672,11.431625119498499,416.6,68.20946626242758,76.21005409375951,416.6,173.93591924518842,194.33762703147448,PPG
RB,2025,00-0033280,Christian McCaffrey,17.0,6.666598431728735,24.50588235294118,10.231524661481672,11.431625119498499,416.6,68.20946626242758,76.21005409375951,416.6,173.93591924518842,194.33762703147448,SEASON
RB,2025,00-0033293,Aaron Jones,12.0,13.470411674624183,9.891666666666666,12.77956043359557,12.59524048497466,118.69999999999999,172.14594006127106,169.6630744735018,168.1583333333333,217.2525273711247,214.1190882445692,PPG
RB,2025,00-0033293,Aaron Jones,12.0,13.470411674624183,9.891666666666666,12.77956043359557,12.59524048497466,118.69999999999999,172.14594006127106,169.6630744735018,168.1583333333333,217.2525273711247,214.1190882445692,SEASON
RB,2025,00-0033376,Patrick Ricard,5.0,9.80681992844971,0.42000000000000004,2.2166959705463043,1.68573853342173,2.1,21.73873821926767,16.53173424371581,7.140000000000001,37.68383149928717,28.657555068169412,PPG
RB,2025,00-0033376,Patrick Ricard,5.0,9.80681992844971,0.42000000000000004,2.2166959705463043,1.68573853342173,2.1,21.73873821926767,16.53173424371581,7.140000000000001,37.68383149928717,28.657555068169412,SEASON
RB,2025,00-0033526,Samaje Perine,15.0,13.470411674624183,5.193333333333333,5.447779217156561,4.447430710645651,77.9,73.38382876756073,59.90872256676331,88.28666666666666,92.61224669166154,75.60632208097607,PPG
RB,2025,00-0033526,Samaje Perine,15.0,13.470411674624183,5.193333333333333,5.447779217156561,4.447430710645651,77.9,73.38382876756073,59.90872256676331,88.28666666666666,92.61224669166154,75.60632208097607,SEASON
RB,2025,00-0033553,James Conner,3.0,12.947041425170687,11.1,13.452401801975075,12.966786467955936,33.3,174.16880339821208,167.8815215519682,188.7,228.69083063357627,220.4353699552509,PPG
RB,2025,00-0033553,James Conner,3.0,12.947041425170687,11.1,13.452401801975075,12.966786467955936,33.3,174.16880339821208,167.8815215519682,188.7,228.69083063357627,220.4353699552509,SEASON
RB,2025,00-0033699,Austin Ekeler,2.0,10.853560427356703,6.550000000000001,8.90740342143239,9.53851518240521,13.100000000000001,96.67704128536029,103.52685091949428,111.35000000000001,151.42585816435061,162.15475810088856,PPG
RB,2025,00-0033699,Austin Ekeler,2.0,10.853560427356703,6.550000000000001,8.90740342143239,9.53851518240521,13.100000000000001,96.67704128536029,103.52685091949428,111.35000000000001,151.42585816435061,162.15475810088856,SEASON
RB,2025,00-0033854,Dare Ogunbowale,14.0,12.947041425170687,1.7214285714285715,4.91378261499955,3.838392621145112,24.1,63.61894707068272,49.69582827203526,29.264285714285716,83.53430445499235,65.25267455946691,PPG
RB,2025,00-0033854,Dare Ogunbowale,14.0,12.947041425170687,1.7214285714285715,4.91378261499955,3.838392621145112,24.1,63.61894707068272,49.69582827203526,29.264285714285716,83.53430445499235,65.25267455946691,SEASON
RB,2025,00-0033906,Alvin Kamara,11.0,11.900300926263695,9.154545454545456,14.850951903799498,15.2381527141034,100.70000000000002,176.73079669668275,181.33860285819233,155.62727272727275,252.46618236459148,259.0485961397578,PPG
RB,2025,00-0033906,Alvin Kamara,11.0,11.900300926263695,9.154545454545456,14.850951903799498,15.2381527141034,100.70000000000002,176.73079669668275,181.33860285819233,155.62727272727275,252.46618236459148,259.0485961397578,SEASON
RB,2025,00-0033923,Kareem Hunt,17.0,11.376930676810199,8.552941176470588,9.618156903992851,9.856647002424967,145.4,109.42510433541007,112.1383896523779,145.4,163.50866736787847,167.56299904122446,PPG
RB,2025,00-0033923,Kareem Hunt,17.0,11.376930676810199,8.552941176470588,9.618156903992851,9.856647002424967,145.4,109.42510433541007,112.1383896523779,145.4,163.50866736787847,167.56299904122446,SEASON
RB,2025,00-0033955,Jeremy McNichols,16.0,12.42367117571719,4.54375,4.098250441045646,4.19844877097141,72.7,50.91531587528906,52.16014697864277,77.24375,69.67025749777599,71.37362910651397,PPG
RB,2025,00-0033955,Jeremy McNichols,16.0,12.42367117571719,4.54375,4.098250441045646,4.19844877097141,72.7,50.91531587528906,52.16014697864277,77.24375,69.67025749777599,71.37362910651397,SEASON
RB,2025,00-0034791,Nick Chubb,15.0,8.760079429542717,5.886666666666667,6.65213988801793,7.562381115625479,88.3,58.273273795466466,66.24705924935307,100.07333333333334,113.08637809630481,128.56047896563314,PPG
RB,2025,00-0034791,Nick Chubb,15.0,8.760079429542717,5.886666666666667,6.65213988801793,7.562381115625479,88.3,58.273273795466466,66.24705924935307,100.07333333333334,113.08637809630481,128.56047896563314,SEASON
RB,2025,00-0034844,Saquon Barkley,16.0,12.947041425170687,14.51875,17.87650187295577,17.279148616223146,232.3,231.44781028629973,223.71385292592183,246.81875000000002,303.9005318402481,293.7455264757935,PPG
RB,2025,00-0034844,Saquon Barkley,16.0,12.947041425170687,14.51875,17.87650187295577,17.279148616223146,232.3,231.44781028629973,223.71385292592183,246.81875000000002,303.9005318402481,293.7455264757935,SEASON
RB,2025,00-0034975,Justice Hill,10.0,12.42367117571719,6.520000000000001,7.413515537115334,7.181655186036051,65.20000000000002,92.10307928919131,89.22252252869596,110.84000000000002,126.02976413096067,122.08813816261286,PPG
RB,2025,00-0034975,Justice Hill,10.0,12.42367117571719,6.520000000000001,7.413515537115334,7.181655186036051,65.20000000000002,92.10307928919131,89.22252252869596,110.84000000000002,126.02976413096067,122.08813816261286,SEASON
RB,2025,00-0035243,Miles Sanders,4.0,10.330190177903207,6.675000000000001,6.0025625417126,6.166267374186617,26.700000000000003,62.00761261064921,63.69871466314759,113.47500000000001,102.04356320911421,104.82654536117249,PPG
RB,2025,00-0035243,Miles Sanders,4.0,10.330190177903207,6.675000000000001,6.0025625417126,6.166267374186617,26.700000000000003,62.00761261064921,63.69871466314759,113.47500000000001,102.04356320911421,104.82654536117249,SEASON
RB,2025,00-0035250,Devin Singletary,17.0,12.42367117571719,6.282352941176471,6.23770990595407,6.039809710295906,106.80000000000001,77.49525676108716,75.03660980462004,106.80000000000001,106.04106840121918,102.6767650750304,PPG
RB,2025,00-0035250,Devin Singletary,17.0,12.42367117571719,6.282352941176471,6.23770990595407,6.039809710295906,106.80000000000001,77.49525676108716,75.03660980462004,106.80000000000001,106.04106840121918,102.6767650750304,SEASON
RB,2025,00-0035261,Tony Pollard,17.0,12.947041425170687,10.929411764705883,11.717224068003015,11.455439571936335,185.8,151.70338539644203,148.3140506813993,185.8,199.19280915605125,194.74247272291768,PPG
RB,2025,00-0035261,Tony Pollard,17.0,12.947041425170687,10.929411764705883,11.717224068003015,11.455439571936335,185.8,151.70338539644203,148.3140506813993,185.8,199.19280915605125,194.74247272291768,SEASON
RB,2025,00-0035291,Trayveon Williams,6.0,7.18996868118223,2.85,0.6414602008522652,1.0287624856882278,17.1,4.612078754352649,7.39677005247354,48.45,10.904823414488508,17.48896225669987,PPG
RB,2025,00-0035291,Trayveon Williams,6.0,7.18996868118223,2.85,0.6414602008522652,1.0287624856882278,17.1,4.612078754352649,7.39677005247354,48.45,10.904823414488508,17.48896225669987,SEASON
RB,2025,00-0035311,Myles Gaskin,1.0,6.666598431728735,0.6000000000000001,1.2266330825607556,1.5886133143330339,0.6000000000000001,8.177470184506118,10.590647029955992,10.200000000000001,20.852762403532846,27.006426343661577,PPG
RB,2025,00-0035311,Myles Gaskin,1.0,6.666598431728735,0.6000000000000001,1.2266330825607556,1.5886133143330339,0.6000000000000001,8.177470184506118,10.590647029955992,10.200000000000001,20.852762403532846,27.006426343661577,SEASON
RB,2025,00-0035537,Ty Johnson,17.0,13.470411674624183,5.9,6.311290963541508,5.487509842768329,100.30000000000001,85.01568747723964,73.91901665064161,100.30000000000001,107.29194638020564,93.2876673270616,PPG
RB,2025,00-0035537,Ty Johnson,17.0,13.470411674624183,5.9,6.311290963541508,5.487509842768329,100.30000000000001,85.01568747723964,73.91901665064161,100.30000000000001,107.29194638020564,93.2876673270616,SEASON
RB,2025,00-0035567,Craig Reynolds,5.0,8.760079429542717,0.08000000000000002,3.584715129089692,3.1974030326980616,0.4000000000000001,31.402389263109175,28.00950453469579,1.3600000000000003,60.940157194524765,54.35585155586705,PPG
RB,2025,00-0035567,Craig Reynolds,5.0,8.760079429542717,0.08000000000000002,3.584715129089692,3.1974030326980616,0.4000000000000001,31.402389263109175,28.00950453469579,1.3600000000000003,60.940157194524765,54.35585155586705,SEASON
RB,2025,00-0035594,Travis Homer,8.0,8.760079429542717,0.0,1.293269977598849,1.652325597012056,0.0,11.329147727608847,14.474503473292202,0.0,21.985589619180434,28.089535149204952,PPG
RB,2025,00-0035594,Travis Homer,8.0,8.760079429542717,0.0,1.293269977598849,1.652325597012056,0.0,11.329147727608847,14.474503473292202,0.0,21.985589619180434,28.089535149204952,SEASON
RB,2025,00-0035628,D'Ernest Johnson,5.0,10.853560427356703,0.5,3.7832375200869732,3.4032164773174927,2.5,41.06159703530708,36.93701568394142,8.5,64.31503784147854,57.854680114397375,PPG
RB,2025,00-0035628,D'Ernest Johnson,5.0,10.853560427356703,0.5,3.7832375200869732,3.4032164773174927,2.5,41.06159703530708,36.93701568394142,8.5,64.31503784147854,57.854680114397375,SEASON
RB,2025,00-0035685,David Montgomery,17.0,11.900300926263695,9.576470588235296,12.51225134213503,12.319798043328568,162.8,148.89955623645366,146.6093040664046,162.8,212.7082728162955,209.43656673658566,PPG
RB,2025,00-0035685,David Montgomery,17.0,11.900300926263695,9.576470588235296,12.51225134213503,12.319798043328568,162.8,148.89955623645366,146.6093040664046,162.8,212.7082728162955,209.43656673658566,SEASON
RB,2025,00-0035700,Josh Jacobs,15.0,13.470411674624183,15.806666666666667,13.921044711331596,13.74770036920495,237.1,187.52220320248637,185.18718355257354,268.7133333333333,236.65776009263715,233.71090627648414,PPG
RB,2025,00-0035700,Josh Jacobs,15.0,13.470411674624183,15.806666666666667,13.921044711331596,13.74770036920495,237.1,187.52220320248637,185.18718355257354,268.7133333333333,236.65776009263715,233.71090627648414,SEASON
RB,2025,00-0036139,Rico Dowdle,17.0,12.947041425170687,12.723529411764707,11.941528070922999,11.961242770395337,216.3,154.60745861407867,154.8627056448318,216.3,203.00597720569098,203.34112709672073,PPG
RB,2025,00-0036139,Rico Dowdle,17.0,12.947041425170687,12.723529411764707,11.941528070922999,11.961242770395337,216.3,154.60745861407867,154.8627056448318,216.3,203.00597720569098,203.34112709672073,SEASON
RB,2025,00-0036158,J.K. Dobbins,10.0,11.376930676810199,11.590000000000002,11.92306977076938,11.953756771339775,115.90000000000002,135.64793823681453,135.99706211498312,197.03000000000003,202.69218610307948,203.21386511277618,PPG
RB,2025,00-0036158,J.K. Dobbins,10.0,11.376930676810199,11.590000000000002,11.92306977076938,11.953756771339775,115.90000000000002,135.64793823681453,135.99706211498312,197.03000000000003,202.69218610307948,203.21386511277618,SEASON
RB,2025,00-0036187,Reggie Gilliam,11.0,8.236709180089221,0.4363636363636364,0.785256096839391,1.1434849353660799,4.800000000000001,6.467926101558042,9.41855286442352,7.418181818181819,13.349353646269646,19.439243901223357,PPG
RB,2025,00-0036187,Reggie Gilliam,11.0,8.236709180089221,0.4363636363636364,0.785256096839391,1.1434849353660799,4.800000000000001,6.467926101558042,9.41855286442352,7.418181818181819,13.349353646269646,19.439243901223357,SEASON
RB,2025,00-0036223,Jonathan Taylor,17.0,11.900300926263695,21.311764705882354,14.607765150242013,14.272055765229801,362.3,173.83680114806754,169.8417584426513,362.3,248.33200755411423,242.6249480089066,PPG
RB,2025,00-0036223,Jonathan Taylor,17.0,11.900300926263695,21.311764705882354,14.607765150242013,14.272055765229801,362.3,173.83680114806754,169.8417584426513,362.3,248.33200755411423,242.6249480089066,SEASON
RB,2025,00-0036275,D'Andre Swift,16.0,13.470411674624183,14.287500000000001,10.61960862449757,10.663810442867304,228.60000000000002,143.05049999537172,143.645916685579,242.88750000000002,180.5333466164587,181.28477752874417,PPG
RB,2025,00-0036275,D'Andre Swift,16.0,13.470411674624183,14.287500000000001,10.61960862449757,10.663810442867304,228.60000000000002,143.05049999537172,143.645916685579,242.88750000000002,180.5333466164587,181.28477752874417,SEASON
RB,2025,00-0036328,Antonio Gibson,5.0,13.470411674624183,3.4400000000000004,6.896647408065918,6.350769714311957,17.200000000000003,92.90067976137775,85.54748250251747,58.480000000000004,117.2430059371206,107.96308514330326,PPG
RB,2025,00-0036328,Antonio Gibson,5.0,13.470411674624183,3.4400000000000004,6.896647408065918,6.350769714311957,17.200000000000003,92.90067976137775,85.54748250251747,58.480000000000004,117.2430059371206,107.96308514330326,SEASON
RB,2025,00-0036414,Cam Akers,4.0,12.947041425170687,0.47500000000000003,6.430620268071328,5.749399776697814,1.9000000000000001,83.25750700026171,74.43771707877369,8.075000000000001,109.32054455721257,97.73979620386284,PPG
RB,2025,00-0036414,Cam Akers,4.0,12.947041425170687,0.47500000000000003,6.430620268071328,5.749399776697814,1.9000000000000001,83.25750700026171,74.43771707877369,8.075000000000001,109.32054455721257,97.73979620386284,SEASON
RB,2025,00-0036425,DeeJay Dallas,5.0,12.947041425170687,0.42000000000000004,3.121947178997641,1.985925131222873,2.1,40.41997945367722,25.71185494123007,7.140000000000001,53.0731020429599,33.76072723078884,PPG
RB,2025,00-0036425,DeeJay Dallas,5.0,12.947041425170687,0.42000000000000004,3.121947178997641,1.985925131222873,2.1,40.41997945367722,25.71185494123007,7.140000000000001,53.0731020429599,33.76072723078884,SEASON
RB,2025,00-0036555,Chuba Hubbard,15.0,12.42367117571719,8.360000000000001,13.047493822404213,13.462781645731166,125.40000000000002,162.09777291675132,167.25717227704473,142.12000000000003,221.80739498087163,228.8672879774298,PPG
RB,2025,00-0036555,Chuba Hubbard,15.0,12.42367117571719,8.360000000000001,13.047493822404213,13.462781645731166,125.40000000000002,162.09777291675132,167.25717227704473,142.12000000000003,221.80739498087163,228.8672879774298,SEASON
RB,2025,00-0036875,Rhamondre Stevenson,14.0,12.42367117571719,12.771428571428572,9.983959081490749,10.29460134149422,178.8,124.03742466025649,127.89674195182126,217.11428571428573,169.72730438534273,175.00822280540174,PPG
RB,2025,00-0036875,Rhamondre Stevenson,14.0,12.42367117571719,12.771428571428572,9.983959081490749,10.29460134149422,178.8,124.03742466025649,127.89674195182126,217.11428571428573,169.72730438534273,175.00822280540174,SEASON
RB,2025,00-0036893,Najee Harris,3.0,13.470411674624183,3.8666666666666667,11.040655311951497,10.616305896785235,11.6,148.72217220961295,143.00601089343738,65.73333333333333,187.69114030317544,180.477200245349,PPG
RB,2025,00-0036893,Najee Harris,3.0,13.470411674624183,3.8666666666666667,11.040655311951497,10.616305896785235,11.6,148.72217220961295,143.00601089343738,65.73333333333333,187.69114030317544,180.477200245349,SEASON
RB,2025,00-0036906,Khalil Herbert,5.0,10.330190177903207,1.32,3.3616097542001464,3.2158539497732255,6.6000000000000005,34.72606806478196,33.2203828855186,22.44,57.14736582140249,54.669517146144834,PPG
RB,2025,00-0036906,Khalil Herbert,5.0,10.330190177903207,1.32,3.3616097542001464,3.2158539497732255,6.6000000000000005,34.72606806478196,33.2203828855186,22.44,57.14736582140249,54.669517146144834,SEASON
RB,2025,00-0036919,Kenny Gainwell,17.0,13.470411674624183,13.017647058823531,4.966935385852335,4.591397752665253,221.30000000000004,66.90666440868927,61.84801789034527,221.30000000000004,84.4379015594897,78.05376179530931,PPG
RB,2025,00-0036919,Kenny Gainwell,17.0,13.470411674624183,13.017647058823531,4.966935385852335,4.591397752665253,221.30000000000004,66.90666440868927,61.84801789034527,221.30000000000004,84.4379015594897,78.05376179530931,SEASON
RB,2025,00-0036924,Michael Carter,13.0,6.143228182275238,7.615384615384615,8.657878165234592,10.100337960276923,99.0,53.18732114337458,62.048680808077584,129.46153846153845,147.18392880898807,171.7057453247077,PPG
RB,2025,00-0036924,Michael Carter,13.0,6.143228182275238,7.615384615384615,8.657878165234592,10.100337960276923,99.0,53.18732114337458,62.048680808077584,129.46153846153845,147.18392880898807,171.7057453247077,SEASON
RB,2025,00-0036950,Avery Williams,1.0,13.470411674624183,0.0,1.8750571709559707,1.0287624856882278,0.0,25.2577920062331,13.857854197630097,0.0,31.8759719062515,17.48896225669987,PPG
RB,2025,00-0036950,Avery Williams,1.0,13.470411674624183,0.0,1.8750571709559707,1.0287624856882278,0.0,25.2577920062331,13.857854197630097,0.0,31.8759719062515,17.48896225669987,SEASON
RB,2025,00-0036973,Travis Etienne,17.0,12.42367117571719,14.93529411764706,8.609350380729225,8.34998236687831,253.90000000000003,106.9597381667155,103.73743524913286,253.90000000000003,146.3589564723968,141.94970023693128,PPG
RB,2025,00-0036973,Travis Etienne,17.0,12.42367117571719,14.93529411764706,8.609350380729225,8.34998236687831,253.90000000000003,106.9597381667155,103.73743524913286,253.90000000000003,146.3589564723968,141.94970023693128,SEASON
RB,2025,00-0036984,Trey Sermon,3.0,12.42367117571719,0.0,3.9441865092982473,3.5559526421411203,0.0,49.00127624722124,44.177986342384024,0.0,67.0511706580702,60.45119491639905,PPG
RB,2025,00-0036984,Trey Sermon,3.0,12.42367117571719,0.0,3.9441865092982473,3.5559526421411203,0.0,49.00127624722124,44.177986342384024,0.0,67.0511706580702,60.45119491639905,SEASON
RB,2025,00-0036997,Javonte Williams,16.0,13.470411674624183,15.175,8.02700890167331,8.350578308292755,242.8,108.1271144214124,112.48572753389018,257.975,136.45915132844627,141.95983124097685,PPG
RB,2025,00-0036997,Javonte Williams,16.0,13.470411674624183,15.175,8.02700890167331,8.350578308292755,242.8,108.1271144214124,112.48572753389018,257.975,136.45915132844627,141.95983124097685,SEASON
RB,2025,00-0037085,Tyler Badie,16.0,6.143228182275238,2.2125,3.9010883538736327,3.9079487919737135,35.4,23.96527591706222,24.00742115374139,37.6125,66.31850201585176,66.43512946355312,PPG
RB,2025,00-0037085,Tyler Badie,16.0,6.143228182275238,2.2125,3.9010883538736327,3.9079487919737135,35.4,23.96527591706222,24.00742115374139,37.6125,66.31850201585176,66.43512946355312,SEASON
RB,2025,00-0037120,Tyler Goodson,10.0,11.900300926263695,0.52,4.210500139553556,3.161588350006274,5.2,50.1062187107626,37.62385277004417,8.84,71.57850237241045,53.74700195010666,PPG
RB,2025,00-0037120,Tyler Goodson,10.0,11.900300926263695,0.52,4.210500139553556,3.161588350006274,5.2,50.1062187107626,37.62385277004417,8.84,71.57850237241045,53.74700195010666,SEASON
RB,2025,00-0037197,Isiah Pacheco,13.0,8.236709180089221,6.7153846153846155,7.267646610345391,8.01789836939854,87.3,59.86149155307619,66.04109710424736,114.16153846153847,123.54999237587165,136.3042722797752,PPG
RB,2025,00-0037197,Isiah Pacheco,13.0,8.236709180089221,6.7153846153846155,7.267646610345391,8.01789836939854,87.3,59.86149155307619,66.04109710424736,114.16153846153847,123.54999237587165,136.3042722797752,SEASON
RB,2025,00-0037228,Jaylen Warren,16.0,12.42367117571719,13.568750000000001,7.85833084287674,8.278269903707697,217.10000000000002,97.62931838189714,102.84650318750045,230.66875000000002,133.5916243289046,140.73058836303085,PPG
RB,2025,00-0037228,Jaylen Warren,16.0,12.42367117571719,13.568750000000001,7.85833084287674,8.278269903707697,217.10000000000002,97.62931838189714,102.84650318750045,230.66875000000002,133.5916243289046,140.73058836303085,SEASON
RB,2025,00-0037248,James Cook,17.0,12.947041425170687,17.7764705882353,13.135322054284128,12.302588667733414,302.20000000000005,170.06355876977472,159.28212511797994,302.20000000000005,223.30047492283018,209.14400735146802,PPG
RB,2025,00-0037248,James Cook,17.0,12.947041425170687,17.7764705882353,13.135322054284128,12.302588667733414,302.20000000000005,170.06355876977472,159.28212511797994,302.20000000000005,223.30047492283018,209.14400735146802,SEASON
RB,2025,00-0037256,Rachaad White,17.0,12.42367117571719,8.411764705882353,11.212640146745233,10.899724181349791,143.0,139.30215419480814,135.41458913510306,143.0,190.61488249466896,185.29531108294645,PPG
RB,2025,00-0037256,Rachaad White,17.0,12.42367117571719,8.411764705882353,11.212640146745233,10.899724181349791,143.0,139.30215419480814,135.41458913510306,143.0,190.61488249466896,185.29531108294645,SEASON
RB,2025,00-0037258,Dameon Pierce,5.0,9.80681992844971,0.7200000000000001,5.157711896514181,4.098031544525384,3.6000000000000005,50.580751811937425,40.188657418267084,12.240000000000002,87.68110224074108,69.66653625693152,PPG
RB,2025,00-0037258,Dameon Pierce,5.0,9.80681992844971,0.7200000000000001,5.157711896514181,4.098031544525384,3.6000000000000005,50.580751811937425,40.188657418267084,12.240000000000002,87.68110224074108,69.66653625693152,SEASON
RB,2025,00-0037263,Tyler Allgeier,17.0,13.470411674624183,7.235294117647058,6.963906346331521,6.5529103008170795,122.99999999999999,93.80668534861356,88.27039941889146,122.99999999999999,118.38640788763587,111.39947511389035,PPG
RB,2025,00-0037263,Tyler Allgeier,17.0,13.470411674624183,7.235294117647058,6.963906346331521,6.5529103008170795,122.99999999999999,93.80668534861356,88.27039941889146,122.99999999999999,118.38640788763587,111.39947511389035,SEASON
RB,2025,00-0037267,Jerome Ford,13.0,11.900300926263695,3.3538461538461535,8.471096378346033,8.687258936149375,43.599999999999994,100.80859607770033,103.38099556455097,57.01538461538461,144.00863843188256,147.68340191453936,PPG
RB,2025,00-0037267,Jerome Ford,13.0,11.900300926263695,3.3538461538461535,8.471096378346033,8.687258936149375,43.599999999999994,100.80859607770033,103.38099556455097,57.01538461538461,144.00863843188256,147.68340191453936,SEASON
RB,2025,00-0037276,Ty Chandler,3.0,11.900300926263695,2.9333333333333336,3.7388129094181997,2.6081438365582024,8.8,44.492998729076064,31.03769651402252,49.866666666666674,63.559819460109395,44.33844522148944,PPG
RB,2025,00-0037276,Ty Chandler,3.0,11.900300926263695,2.9333333333333336,3.7388129094181997,2.6081438365582024,8.8,44.492998729076064,31.03769651402252,49.866666666666674,63.559819460109395,44.33844522148944,SEASON
RB,2025,00-0037525,Jordan Mason,16.0,10.853560427356703,8.05625,8.805355676062621,7.914337144869885,128.9,95.569459914514,85.89873644431901,136.95625,149.69104649306456,134.54373146278803,PPG
RB,2025,00-0037525,Jordan Mason,16.0,10.853560427356703,8.05625,8.805355676062621,7.914337144869885,128.9,95.569459914514,85.89873644431901,136.95625,149.69104649306456,134.54373146278803,SEASON
RB,2025,00-0037557,Ronnie Rivers,6.0,7.713338930635726,0.7666666666666667,3.310774511323002,3.4572576202328333,4.6000000000000005,25.53712592874418,26.66699979537894,13.033333333333335,56.28316669249104,58.773379543958164,PPG
RB,2025,00-0037557,Ronnie Rivers,6.0,7.713338930635726,0.7666666666666667,3.310774511323002,3.4572576202328333,4.6000000000000005,25.53712592874418,26.66699979537894,13.033333333333335,56.28316669249104,58.773379543958164,SEASON
RB,2025,00-0037594,Julius Chestnut,16.0,10.853560427356703,0.25,1.449047903264331,1.946626349667091,4.0,15.727328980213947,21.12782671559657,4.25,24.633814355493627,33.09264794434055,PPG
RB,2025,00-0037594,Julius Chestnut,16.0,10.853560427356703,0.25,1.449047903264331,1.946626349667091,4.0,15.727328980213947,21.12782671559657,4.25,24.633814355493627,33.09264794434055,SEASON
RB,2025,00-0037617,Hassan Haskins,11.0,10.853560427356703,0.9090909090909091,3.2032497191677374,2.8919772533823327,10.0,34.766664390900424,31.388249874126213,15.454545454545453,54.455245225851534,49.16361330749966,PPG
RB,2025,00-0037617,Hassan Haskins,11.0,10.853560427356703,0.9090909090909091,3.2032497191677374,2.8919772533823327,10.0,34.766664390900424,31.388249874126213,15.454545454545453,54.455245225851534,49.16361330749966,SEASON
RB,2025,00-0037746,Brian Robinson,17.0,11.900300926263695,3.6764705882352944,9.491938532364909,9.738792304463065,62.50000000000001,112.95692490874018,115.89455908149155,62.50000000000001,161.36295505020345,165.5594691758721,PPG
RB,2025,00-0037746,Brian Robinson,17.0,11.900300926263695,3.6764705882352944,9.491938532364909,9.738792304463065,62.50000000000001,112.95692490874018,115.89455908149155,62.50000000000001,161.36295505020345,165.5594691758721,SEASON
RB,2025,00-0037840,Kyren Williams,17.0,12.947041425170687,15.488235294117647,13.65967859725905,13.602293501078185,263.3,176.85242465323034,176.10945743578927,263.3,232.21453615340386,231.23898951832913,PPG
RB,2025,00-0037840,Kyren Williams,17.0,12.947041425170687,15.488235294117647,13.65967859725905,13.602293501078185,263.3,176.85242465323034,176.10945743578927,263.3,232.21453615340386,231.23898951832913,SEASON
RB,2025,00-0038040,Zamir White,5.0,8.760079429542717,1.9200000000000002,4.291064531192136,4.694450406903341,9.600000000000001,37.59006613053659,41.123758442522394,32.64,72.94809703026631,79.8056569173568,PPG
RB,2025,00-0038040,Zamir White,5.0,8.760079429542717,1.9200000000000002,4.291064531192136,4.694450406903341,9.600000000000001,37.59006613053659,41.123758442522394,32.64,72.94809703026631,79.8056569173568,SEASON
RB,2025,00-0038120,Breece Hall,16.0,12.947041425170687,12.71875,12.591748332022718,12.074834497865965,203.5,163.02588727002203,156.33338244595072,216.21875,214.0597216443862,205.2721864637214,PPG
RB,2025,00-0038120,Breece Hall,16.0,12.947041425170687,12.71875,12.591748332022718,12.074834497865965,203.5,163.02588727002203,156.33338244595072,216.21875,214.0597216443862,205.2721864637214,SEASON
RB,2025,00-0038134,Kenneth Walker III,17.0,10.330190177903207,11.288235294117648,12.722142370264741,13.24290237428291,191.9,131.42215015519506,136.80170003374838,191.9,216.2764202945006,225.12934036280947,PPG
RB,2025,00-0038134,Kenneth Walker III,17.0,10.330190177903207,11.288235294117648,12.722142370264741,13.24290237428291,191.9,131.42215015519506,136.80170003374838,191.9,216.2764202945006,225.12934036280947,SEASON
RB,2025,00-0038396,Eric Gray,1.0,11.900300926263695,0.0,2.582772585770117,2.1206708842992494,0.0,30.735770994768604,25.236621688726807,0.0,43.90713395809199,36.05140503308724,PPG
RB,2025,00-0038396,Eric Gray,1.0,11.900300926263695,0.0,2.582772585770117,2.1206708842992494,0.0,30.735770994768604,25.236621688726807,0.0,43.90713395809199,36.05140503308724,SEASON
RB,2025,00-0038454,Keaton Mitchell,13.0,6.666598431728735,4.2615384615384615,2.305275582211209,2.625101597959142,55.4,15.368346581071792,17.50049819608301,72.44615384615385,39.18968489759055,44.62672716530542,PPG
RB,2025,00-0038454,Keaton Mitchell,13.0,6.666598431728735,4.2615384615384615,2.305275582211209,2.625101597959142,55.4,15.368346581071792,17.50049819608301,72.44615384615385,39.18968489759055,44.62672716530542,SEASON
RB,2025,00-0038488,Brady Russell,10.0,8.760079429542717,0.0,0.8425492082543161,1.0287624856882278,0.0,7.380797987606138,9.012041088762679,0.0,14.323336540323375,17.48896225669987,PPG
RB,2025,00-0038488,Brady Russell,10.0,8.760079429542717,0.0,0.8425492082543161,1.0287624856882278,0.0,7.380797987606138,9.012041088762679,0.0,14.323336540323375,17.48896225669987,SEASON
RB,2025,00-0038542,Bijan Robinson,17.0,13.470411674624183,21.811764705882354,15.587704050881445,15.474871120831493,370.8,209.97279062758008,208.45288460935316,370.8,264.99096886498455,263.07280905413535,PPG
RB,2025,00-0038542,Bijan Robinson,17.0,13.470411674624183,21.811764705882354,15.587704050881445,15.474871120831493,370.8,209.97279062758008,208.45288460935316,370.8,264.99096886498455,263.07280905413535,SEASON
RB,2025,00-0038551,Kendre Miller,7.0,7.713338930635726,4.757142857142858,4.420796436867581,5.1709549275841225,33.300000000000004,34.099101260906416,39.88532795149725,80.87142857142858,75.15353942674888,87.90623376893008,PPG
RB,2025,00-0038551,Kendre Miller,7.0,7.713338930635726,4.757142857142858,4.420796436867581,5.1709549275841225,33.300000000000004,34.099101260906416,39.88532795149725,80.87142857142858,75.15353942674888,87.90623376893008,SEASON
RB,2025,00-0038555,Tank Bigsby,15.0,12.947041425170687,3.586666666666667,7.547994685503614,7.532668442298316,53.800000000000004,97.72419987018348,97.52577036451225,60.973333333333336,128.31590965356145,128.05536351907136,PPG
RB,2025,00-0038555,Tank Bigsby,15.0,12.947041425170687,3.586666666666667,7.547994685503614,7.532668442298316,53.800000000000004,97.72419987018348,97.52577036451225,60.973333333333336,128.31590965356145,128.05536351907136,SEASON
RB,2025,00-0038597,Chase Brown,17.0,12.947041425170687,16.623529411764707,13.114983627961593,13.257285670426329,282.6,169.80023632165407,171.6426267603314,282.6,222.95472167534706,225.3738563972476,PPG
RB,2025,00-0038597,Chase Brown,17.0,12.947041425170687,16.623529411764707,13.114983627961593,13.257285670426329,282.6,169.80023632165407,171.6426267603314,282.6,222.95472167534706,225.3738563972476,SEASON
RB,2025,00-0038611,Chris Rodriguez Jr.,12.0,8.236709180089221,7.666666666666667,3.9992008375640804,4.621268289938184,92.0,32.940254251784566,38.06404294738906,130.33333333333334,67.98641423858936,78.56156092894913,PPG
RB,2025,00-0038611,Chris Rodriguez Jr.,12.0,8.236709180089221,7.666666666666667,3.9992008375640804,4.621268289938184,92.0,32.940254251784566,38.06404294738906,130.33333333333334,67.98641423858936,78.56156092894913,SEASON
RB,2025,00-0038678,Jordan Mims,1.0,8.760079429542717,0.0,3.631481794143723,4.053824550479867,0.0,31.81206896363731,35.511825055633935,0.0,61.735190500443295,68.91501735815774,PPG
RB,2025,00-0038678,Jordan Mims,1.0,8.760079429542717,0.0,3.631481794143723,4.053824550479867,0.0,31.81206896363731,35.511825055633935,0.0,61.735190500443295,68.91501735815774,SEASON
RB,2025,00-0038685,Chris Brooks,17.0,10.330190177903207,1.9235294117647057,4.325167767843102,4.448278377582792,32.699999999999996,44.67980559315635,45.95156160468497,32.699999999999996,73.52785205333274,75.62073241890747,PPG
RB,2025,00-0038685,Chris Brooks,17.0,10.330190177903207,1.9235294117647057,4.325167767843102,4.448278377582792,32.699999999999996,44.67980559315635,45.95156160468497,32.699999999999996,73.52785205333274,75.62073241890747,SEASON
RB,2025,00-0038705,Emari Demercado,12.0,11.376930676810199,4.858333333333333,5.446710030055322,4.4903928074372885,58.3,61.966842428626194,51.08688768186116,82.59166666666667,92.59407051094048,76.3366777264339,PPG
RB,2025,00-0038705,Emari Demercado,12.0,11.376930676810199,4.858333333333333,5.446710030055322,4.4903928074372885,58.3,61.966842428626194,51.08688768186116,82.59166666666667,92.59407051094048,76.3366777264339,SEASON
RB,2025,00-0038738,Hunter Luepke,14.0,11.900300926263695,2.642857142857143,2.9473342025838805,2.445391101590116,37.0,35.07416394101762,29.100889991329858,44.92857142857143,50.10468144392597,41.57164872703198,PPG
RB,2025,00-0038738,Hunter Luepke,14.0,11.900300926263695,2.642857142857143,2.9473342025838805,2.445391101590116,37.0,35.07416394101762,29.100889991329858,44.92857142857143,50.10468144392597,41.57164872703198,SEASON
RB,2025,00-0038794,Jaleel McLaughlin,8.0,12.947041425170687,3.925,6.862078653471302,6.26415463885913,31.4,88.84361658927244,81.10226960298428,66.725,116.65533710901214,106.4906288606052,PPG
RB,2025,00-0038794,Jaleel McLaughlin,8.0,12.947041425170687,3.925,6.862078653471302,6.26415463885913,31.4,88.84361658927244,81.10226960298428,66.725,116.65533710901214,106.4906288606052,SEASON
RB,2025,00-0038797,Emanuel Wilson,17.0,13.470411674624183,5.558823529411765,6.091208596351644,5.181586021421537,94.50000000000001,82.05108738886636,69.79809683602613,94.50000000000001,103.55054613797795,88.08696236416613,PPG
RB,2025,00-0038797,Emanuel Wilson,17.0,13.470411674624183,5.558823529411765,6.091208596351644,5.181586021421537,94.50000000000001,82.05108738886636,69.79809683602613,94.50000000000001,103.55054613797795,88.08696236416613,SEASON
RB,2025,00-0038951,Sean Tucker,17.0,13.470411674624183,5.376470588235295,5.204179070533195,4.033187845733522,91.4,70.10243450854519,54.328700643121195,91.4,88.47104419906432,68.56419337746988,PPG
RB,2025,00-0038951,Sean Tucker,17.0,13.470411674624183,5.376470588235295,5.204179070533195,4.033187845733522,91.4,70.10243450854519,54.328700643121195,91.4,88.47104419906432,68.56419337746988,SEASON
RB,2025,00-0039021,Roschon Johnson,6.0,11.376930676810199,0.2833333333333334,4.451499906047026,4.791566183496538,1.7000000000000002,50.64440583892413,54.51331630298813,4.816666666666667,75.67549840279943,81.45662511944116,PPG
RB,2025,00-0039021,Roschon Johnson,6.0,11.376930676810199,0.2833333333333334,4.451499906047026,4.791566183496538,1.7000000000000002,50.64440583892413,54.51331630298813,4.816666666666667,75.67549840279943,81.45662511944116,SEASON
RB,2025,00-0039032,Tyjae Spears,13.0,10.853560427356703,8.592307692307692,7.927729704989789,8.00027830024628,111.69999999999999,86.04409340485739,86.83150396739356,146.06923076923076,134.7714049848264,136.00473110418676,PPG
RB,2025,00-0039032,Tyjae Spears,13.0,10.853560427356703,8.592307692307692,7.927729704989789,8.00027830024628,111.69999999999999,86.04409340485739,86.83150396739356,146.06923076923076,134.7714049848264,136.00473110418676,SEASON
RB,2025,00-0039040,De'Von Achane,16.0,13.470411674624183,20.175,13.775431206599809,13.840262558618733,322.8,185.56072934836436,186.43403434948175,342.975,234.18233051219676,235.28446349651847,PPG
RB,2025,00-0039040,De'Von Achane,16.0,13.470411674624183,20.175,13.775431206599809,13.840262558618733,322.8,185.56072934836436,186.43403434948175,342.975,234.18233051219676,235.28446349651847,SEASON
RB,2025,00-0039139,Jahmyr Gibbs,17.0,13.470411674624183,21.58235294117647,16.443649169666113,16.15721539563534,366.9,221.50272374849465,217.64434289478388,366.9,279.5420358843239,274.67266172580076,PPG
RB,2025,00-0039139,Jahmyr Gibbs,17.0,13.470411674624183,21.58235294117647,16.443649169666113,16.15721539563534,366.9,221.50272374849465,217.64434289478388,366.9,279.5420358843239,274.67266172580076,SEASON
RB,2025,00-0039165,Zach Charbonnet,16.0,13.470411674624183,11.3375,9.164258348169875,9.387831016474191,181.4,123.44633264245962,126.45794852371296,192.7375,155.7923919188879,159.59312728006125,PPG
RB,2025,00-0039165,Zach Charbonnet,16.0,13.470411674624183,11.3375,9.164258348169875,9.387831016474191,181.4,123.44633264245962,126.45794852371296,192.7375,155.7923919188879,159.59312728006125,SEASON
RB,2025,00-0039299,George Holani,10.0,6.143228182275238,1.48,0.9528774637075617,1.7901369079984415,14.8,5.8537436893032435,10.99721950334708,25.16,16.19891688302855,30.432327435973505,PPG
RB,2025,00-0039299,George Holani,10.0,6.143228182275238,1.48,0.9528774637075617,1.7901369079984415,14.8,5.8537436893032435,10.99721950334708,25.16,16.19891688302855,30.432327435973505,SEASON
RB,2025,00-0039361,Bucky Irving,10.0,13.470411674624183,13.849999999999998,12.660520530348348,11.57345719490372,138.49999999999997,170.54242355882354,155.8992329139943,235.44999999999996,215.22884901592192,196.74877231336322,PPG
RB,2025,00-0039361,Bucky Irving,10.0,13.470411674624183,13.849999999999998,12.660520530348348,11.57345719490372,138.49999999999997,170.54242355882354,155.8992329139943,235.44999999999996,215.22884901592192,196.74877231336322,SEASON
RB,2025,00-0039363,Isaac Guerendo,7.0,12.947041425170687,0.0,6.504740849615631,6.708059640336485,0.0,84.21714923997355,86.84952604595205,0.0,110.58059444346573,114.03701388572024,PPG
RB,2025,00-0039363,Isaac Guerendo,7.0,12.947041425170687,0.0,6.504740849615631,6.708059640336485,0.0,84.21714923997355,86.84952604595205,0.0,110.58059444346573,114.03701388572024,SEASON
RB,2025,00-0039364,Sione Vaki,8.0,9.283449678996215,0.05,1.7465806279381808,1.8160791709631772,0.4,16.214293369773713,16.859479596709818,0.8500000000000001,29.691870674949072,30.873345906374013,PPG
RB,2025,00-0039364,Sione Vaki,8.0,9.283449678996215,0.05,1.7465806279381808,1.8160791709631772,0.4,16.214293369773713,16.859479596709818,0.8500000000000001,29.691870674949072,30.873345906374013,SEASON
RB,2025,00-0039373,Audric Estimé,5.0,11.376930676810199,9.620000000000001,4.629165521458365,4.297520302168397,48.10000000000001,52.665695229111755,48.89259055995428,163.54000000000002,78.6958138647922,73.05784513686275,PPG
RB,2025,00-0039373,Audric Estimé,5.0,11.376930676810199,9.620000000000001,4.629165521458365,4.297520302168397,48.10000000000001,52.665695229111755,48.89259055995428,163.54000000000002,78.6958138647922,73.05784513686275,SEASON
RB,2025,00-0039384,Tyrone Tracy Jr.,15.0,13.470411674624183,10.719999999999999,9.74922434452267,10.113464916795595,160.79999999999998,131.32606542898847,136.23253588610547,182.23999999999998,165.7368138568854,171.92890358552512,PPG
RB,2025,00-0039384,Tyrone Tracy Jr.,15.0,13.470411674624183,10.719999999999999,9.74922434452267,10.113464916795595,160.79999999999998,131.32606542898847,136.23253588610547,182.23999999999998,165.7368138568854,171.92890358552512,SEASON
RB,2025,00-0039391,Kimani Vidal,13.0,9.283449678996215,9.069230769230769,3.7697214835401374,4.173028277090944,117.89999999999999,34.99601969627582,38.740098019402055,154.17692307692306,64.08526522018234,70.94148071054606,PPG
RB,2025,00-0039391,Kimani Vidal,13.0,9.283449678996215,9.069230769230769,3.7697214835401374,4.173028277090944,117.89999999999999,34.99601969627582,38.740098019402055,154.17692307692306,64.08526522018234,70.94148071054606,SEASON
RB,2025,00-0039407,Dylan Laube,17.0,7.713338930635726,0.33529411764705885,0.5264848255711381,0.8774802731807887,5.7,4.060955901466819,6.76830275199025,5.7,8.950242034709348,14.917164644073408,PPG
RB,2025,00-0039407,Dylan Laube,17.0,7.713338930635726,0.33529411764705885,0.5264848255711381,0.8774802731807887,5.7,4.060955901466819,6.76830275199025,5.7,8.950242034709348,14.917164644073408,SEASON
RB,2025,00-0039738,Blake Corum,17.0,12.42367117571719,7.188235294117647,2.961796382801608,3.084473772907505,122.2,36.796384349355776,38.320487904726626,122.2,50.350538507627334,52.43605413942759,PPG
RB,2025,00-0039738,Blake Corum,17.0,12.42367117571719,7.188235294117647,2.961796382801608,3.084473772907505,122.2,36.796384349355776,38.320487904726626,122.2,50.350538507627334,52.43605413942759,SEASON
RB,2025,00-0039746,Will Shipley,14.0,11.376930676810199,1.392857142857143,2.999229909081638,2.0887523277244675,19.500000000000004,34.12203075943755,23.763590433547204,23.67857142857143,50.986908454387844,35.508789571315944,PPG
RB,2025,00-0039746,Will Shipley,14.0,11.376930676810199,1.392857142857143,2.999229909081638,2.0887523277244675,19.500000000000004,34.12203075943755,23.763590433547204,23.67857142857143,50.986908454387844,35.508789571315944,SEASON
RB,2025,00-0039794,Braelon Allen,4.0,13.470411674624183,3.825,5.539433583658935,5.121200756888001,15.3,74.6184508161246,68.98468246367833,65.025,94.1703709222019,87.06041286709602,PPG
RB,2025,00-0039794,Braelon Allen,4.0,13.470411674624183,3.825,5.539433583658935,5.121200756888001,15.3,74.6184508161246,68.98468246367833,65.025,94.1703709222019,87.06041286709602,SEASON
RB,2025,00-0039796,Rasheen Ali,15.0,7.18996868118223,1.6133333333333333,1.7650395929050269,1.8174149472197545,24.2,12.690579394033776,13.06715655122249,27.426666666666666,30.005673079385456,30.896054102735825,PPG
RB,2025,00-0039796,Rasheen Ali,15.0,7.18996868118223,1.6133333333333333,1.7650395929050269,1.8174149472197545,24.2,12.690579394033776,13.06715655122249,27.426666666666666,30.005673079385456,30.896054102735825,SEASON
RB,2025,00-0039798,Isaiah Davis,16.0,11.376930676810199,4.45,4.726645880340023,4.095292540500557,71.2,53.77472251445895,46.59185933453276,75.65,80.35297996578038,69.61997318850946,PPG
RB,2025,00-0039798,Isaiah Davis,16.0,11.376930676810199,4.45,4.726645880340023,4.095292540500557,71.2,53.77472251445895,46.59185933453276,75.65,80.35297996578038,69.61997318850946,SEASON
RB,2025,00-0039874,Jaylen Wright,9.0,11.376930676810199,5.355555555555556,4.018867926489668,3.6866067098909023,48.2,45.7223817989289,41.942268971092126,91.04444444444445,68.32075475032435,62.67231406814534,PPG
RB,2025,00-0039874,Jaylen Wright,9.0,11.376930676810199,5.355555555555556,4.018867926489668,3.6866067098909023,48.2,45.7223817989289,41.942268971092126,91.04444444444445,68.32075475032435,62.67231406814534,SEASON
RB,2025,00-0039875,Ray Davis,17.0,13.470411674624183,3.4176470588235293,7.2385209457373305,5.807755088025087,58.099999999999994,97.50585705447182,78.23285194109113,58.099999999999994,123.05485607753462,98.73183649642648,PPG
RB,2025,00-0039875,Ray Davis,17.0,13.470411674624183,3.4176470588235293,7.2385209457373305,5.807755088025087,58.099999999999994,97.50585705447182,78.23285194109113,58.099999999999994,123.05485607753462,98.73183649642648,SEASON
RB,2025,00-0039921,Trey Benson,4.0,10.853560427356703,8.85,4.918489864250226,4.310617147503187,35.4,53.38312695298129,46.785543689625825,150.45,83.61432769225385,73.28049150755419,PPG
RB,2025,00-0039921,Trey Benson,4.0,10.853560427356703,8.85,4.918489864250226,4.310617147503187,35.4,53.38312695298129,46.785543689625825,150.45,83.61432769225385,73.28049150755419,SEASON
WR,2022,00-0026189,DeSean Jackson,7.0,12.277675888094805,3.4714285714285715,6.327340200547067,5.5958156697524455,24.3,77.68503221602968,68.70361112274269,59.01428571428572,107.56478340930015,95.12886638579157,PPG
WR,2022,00-0026189,DeSean Jackson,7.0,12.277675888094805,3.4714285714285715,6.327340200547067,5.5958156697524455,24.3,77.68503221602968,68.70361112274269,59.01428571428572,107.56478340930015,95.12886638579157,SEASON
WR,2022,00-0026293,Matthew Slater,8.0,10.538394052389265,0.0,1.5453682515605225,1.367027549379045,0.0,16.285699590996607,14.406274995828399,0.0,26.27126027652888,23.239468339443764,PPG
WR,2022,00-0026293,Matthew Slater,8.0,10.538394052389265,0.0,1.5453682515605225,1.367027549379045,0.0,16.285699590996607,14.406274995828399,0.0,26.27126027652888,23.239468339443764,SEASON
WR,2022,00-0027691,Andre Roberts,3.0,13.147316805947575,0.0,3.7266642275436928,1.8267438913968654,0.0,48.99563522890883,24.01678066352408,0.0,63.35329186824278,31.054646153746713,PPG
WR,2022,00-0027691,Andre Roberts,3.0,13.147316805947575,0.0,3.7266642275436928,1.8267438913968654,0.0,48.99563522890883,24.01678066352408,0.0,63.35329186824278,31.054646153746713,SEASON
WR,2022,00-0027942,A.J. Green,13.0,13.147316805947575,4.7384615384615385,9.422634592053221,8.769714332411985,61.6,123.8823621284043,115.2982126258794,80.55384615384615,160.18478806490475,149.08514365100373,PPG
WR,2022,00-0027942,A.J. Green,13.0,13.147316805947575,4.7384615384615385,9.422634592053221,8.769714332411985,61.6,123.8823621284043,115.2982126258794,80.55384615384615,160.18478806490475,149.08514365100373,SEASON
WR,2022,00-0027944,Julio Jones,10.0,10.538394052389265,7.04,7.449983298699371,7.363164870336341,70.4,78.5108596854128,77.59593287631407,119.68,126.6497160778893,125.17380279571779,PPG
WR,2022,00-0027944,Julio Jones,10.0,10.538394052389265,7.04,7.449983298699371,7.363164870336341,70.4,78.5108596854128,77.59593287631407,119.68,126.6497160778893,125.17380279571779,SEASON
WR,2022,00-0028002,Randall Cobb,13.0,10.97321451131565,6.284615384615385,7.231817211345499,7.939678563915734,81.70000000000002,79.3562815667187,87.12379603274194,106.83846153846156,122.94089259287348,134.97453558656747,PPG
WR,2022,00-0028002,Randall Cobb,13.0,10.97321451131565,6.284615384615385,7.231817211345499,7.939678563915734,81.70000000000002,79.3562815667187,87.12379603274194,106.83846153846156,122.94089259287348,134.97453558656747,SEASON
WR,2022,00-0029000,Cole Beasley,4.0,13.147316805947575,2.375,9.633513041627218,8.931888456749917,9.5,126.65484791250067,117.43036721627733,40.375,163.7697217076627,151.84210376474857,PPG
WR,2022,00-0029000,Cole Beasley,4.0,13.147316805947575,2.375,9.633513041627218,8.931888456749917,9.5,126.65484791250067,117.43036721627733,40.375,163.7697217076627,151.84210376474857,SEASON
WR,2022,00-0029293,Marvin Jones,16.0,13.58213726487396,7.30625,10.353807891104786,10.18866544532191,116.9,140.6268399911204,138.38385262424035,124.20625000000001,176.01473414878137,173.20731257047245,PPG
WR,2022,00-0029293,Marvin Jones,16.0,13.58213726487396,7.30625,10.353807891104786,10.18866544532191,116.9,140.6268399911204,138.38385262424035,124.20625000000001,176.01473414878137,173.20731257047245,SEASON
WR,2022,00-0029608,T.Y. Hilton,3.0,10.538394052389265,6.366666666666667,6.64512579686116,6.983084578225007,19.1,70.02895417502013,73.59049698649761,108.23333333333335,112.96713854663973,118.71243782982512,PPG
WR,2022,00-0029608,T.Y. Hilton,3.0,10.538394052389265,6.366666666666667,6.64512579686116,6.983084578225007,19.1,70.02895417502013,73.59049698649761,108.23333333333335,112.96713854663973,118.71243782982512,SEASON
WR,2022,00-0029664,Josh Gordon,1.0,10.10357359346288,0.0,2.3087361582475245,2.7980118696134855,0.0,23.326485682742625,28.269918840022513,0.0,39.24851469020792,47.56620178342925,PPG
WR,2022,00-0029664,Josh Gordon,1.0,10.10357359346288,0.0,2.3087361582475245,2.7980118696134855,0.0,23.326485682742625,28.269918840022513,0.0,39.24851469020792,47.56620178342925,SEASON
WR,2022,00-0030035,Adam Thielen,17.0,11.84285542916842,10.588235294117645,12.298512354597285,12.761931718057484,179.99999999999997,145.64950380933735,151.13771233387374,179.99999999999997,209.07471002815385,216.95283920697725,PPG
WR,2022,00-0030035,Adam Thielen,17.0,11.84285542916842,10.588235294117645,12.298512354597285,12.761931718057484,179.99999999999997,145.64950380933735,151.13771233387374,179.99999999999997,209.07471002815385,216.95283920697725,SEASON
WR,2022,00-0030068,Marquise Goodwin,13.0,12.277675888094805,6.938461538461539,4.9266921824554135,4.594370111316825,90.2,60.488329816598004,56.408187136698025,117.95384615384616,83.75376710174203,78.10429189238602,PPG
WR,2022,00-0030068,Marquise Goodwin,13.0,12.277675888094805,6.938461538461539,4.9266921824554135,4.594370111316825,90.2,60.488329816598004,56.408187136698025,117.95384615384616,83.75376710174203,78.10429189238602,SEASON
WR,2022,00-0030279,Keenan Allen,10.0,13.147316805947575,16.4,13.95165911283065,13.716399113615816,164.0,183.42688232497005,180.33384458352566,278.79999999999995,237.17820491812105,233.17878493146887,PPG
WR,2022,00-0030279,Keenan Allen,10.0,13.147316805947575,16.4,13.95165911283065,13.716399113615816,164.0,183.42688232497005,180.33384458352566,278.79999999999995,237.17820491812105,233.17878493146887,SEASON
WR,2022,00-0030431,Robert Woods,17.0,10.10357359346288,6.923529411764706,11.540647488749032,12.730678396000027,117.7,116.60178121878842,128.62534606869423,117.7,196.19100730873356,216.42153273200046,PPG
WR,2022,00-0030431,Robert Woods,17.0,10.10357359346288,6.923529411764706,11.540647488749032,12.730678396000027,117.7,116.60178121878842,128.62534606869423,117.7,196.19100730873356,216.42153273200046,SEASON
WR,2022,00-0030564,DeAndre Hopkins,9.0,10.538394052389265,16.855555555555558,11.736552681491062,12.286223048678679,151.70000000000002,123.68441697417869,129.47705990252328,286.5444444444445,199.52139558534805,208.86579182753752,PPG
WR,2022,00-0030564,DeAndre Hopkins,9.0,10.538394052389265,16.855555555555558,11.736552681491062,12.286223048678679,151.70000000000002,123.68441697417869,129.47705990252328,286.5444444444445,199.52139558534805,208.86579182753752,SEASON
WR,2022,00-0031051,John Brown,2.0,7.494650839904569,5.6,0.810953440459623,1.5298761924295694,11.2,6.077812883664214,11.465887890542277,95.19999999999999,13.786208487813592,26.00789527130268,PPG
WR,2022,00-0031051,John Brown,2.0,7.494650839904569,5.6,0.810953440459623,1.5298761924295694,11.2,6.077812883664214,11.465887890542277,95.19999999999999,13.786208487813592,26.00789527130268,SEASON
WR,2022,00-0031236,Brandin Cooks,13.0,13.147316805947575,11.200000000000001,13.32489065610059,12.584012572146223,145.60000000000002,175.1865588603651,165.44599997603362,190.4,226.52314115371004,213.9282137264858,PPG
WR,2022,00-0031236,Brandin Cooks,13.0,13.147316805947575,11.200000000000001,13.32489065610059,12.584012572146223,145.60000000000002,175.1865588603651,165.44599997603362,190.4,226.52314115371004,213.9282137264858,SEASON
WR,2022,00-0031325,Sammy Watkins,9.0,10.97321451131565,5.166666666666667,6.454417449996258,6.376545703863982,46.5,70.8257072243879,69.97120384970772,87.83333333333334,109.72509664993639,108.4012769656877,PPG
WR,2022,00-0031325,Sammy Watkins,9.0,10.97321451131565,5.166666666666667,6.454417449996258,6.376545703863982,46.5,70.8257072243879,69.97120384970772,87.83333333333334,109.72509664993639,108.4012769656877,SEASON
WR,2022,00-0031381,Davante Adams,17.0,13.147316805947575,19.741176470588236,17.976007957555186,17.81737881776647,335.6,236.33627152421266,234.25072396875547,335.6,305.59213527843815,302.89543990203003,PPG
WR,2022,00-0031381,Davante Adams,17.0,13.147316805947575,19.741176470588236,17.976007957555186,17.81737881776647,335.6,236.33627152421266,234.25072396875547,335.6,305.59213527843815,302.89543990203003,SEASON
WR,2022,00-0031382,Jarvis Landry,9.0,11.408034970242035,6.688888888888888,9.010322319613278,9.866334411922955,60.199999999999996,102.79007211530062,112.55548799931945,113.7111111111111,153.17547943342572,167.72768500269024,PPG
WR,2022,00-0031382,Jarvis Landry,9.0,11.408034970242035,6.688888888888888,9.010322319613278,9.866334411922955,60.199999999999996,102.79007211530062,112.55548799931945,113.7111111111111,153.17547943342572,167.72768500269024,SEASON
WR,2022,00-0031408,Mike Evans,15.0,13.147316805947575,15.026666666666667,13.86771574975699,13.091003001469973,225.4,182.32325233688394,172.11156376793633,255.45333333333335,235.75116774586883,222.54705102498954,PPG
WR,2022,00-0031408,Mike Evans,15.0,13.147316805947575,15.026666666666667,13.86771574975699,13.091003001469973,225.4,182.32325233688394,172.11156376793633,255.45333333333335,235.75116774586883,222.54705102498954,SEASON
WR,2022,00-0031428,Allen Robinson,10.0,11.408034970242035,8.49,6.98081268378512,7.052312040614887,84.9,79.63735521732981,80.4530223803936,144.33,118.67381562434704,119.88930469045309,PPG
WR,2022,00-0031428,Allen Robinson,10.0,11.408034970242035,8.49,6.98081268378512,7.052312040614887,84.9,79.63735521732981,80.4530223803936,144.33,118.67381562434704,119.88930469045309,SEASON
WR,2022,00-0031544,Amari Cooper,17.0,12.71249634702119,14.588235294117649,11.670177754716601,11.461894416455149,248.00000000000003,148.35709207592274,145.70929089912866,248.00000000000003,198.39302183018222,194.85220507973753,PPG
WR,2022,00-0031544,Amari Cooper,17.0,12.71249634702119,14.588235294117649,11.670177754716601,11.461894416455149,248.00000000000003,148.35709207592274,145.70929089912866,248.00000000000003,198.39302183018222,194.85220507973753,SEASON
WR,2022,00-0031545,Kevin White,6.0,7.929471298830954,1.5666666666666667,2.2075634603102063,2.426669851155241,9.4,17.504811098877727,19.242208936473865,26.633333333333333,37.528578825273506,41.253387469639094,PPG
WR,2022,00-0031545,Kevin White,6.0,7.929471298830954,1.5666666666666667,2.2075634603102063,2.426669851155241,9.4,17.504811098877727,19.242208936473865,26.633333333333333,37.528578825273506,41.253387469639094,SEASON
WR,2022,00-0031547,DeVante Parker,12.0,10.10357359346288,8.575,9.997129176634585,10.408257824908997,102.89999999999999,101.0067303594825,105.16059891370394,145.77499999999998,169.95119600278795,176.94038302345294,PPG
WR,2022,00-0031547,DeVante Parker,12.0,10.10357359346288,8.575,9.997129176634585,10.408257824908997,102.89999999999999,101.0067303594825,105.16059891370394,145.77499999999998,169.95119600278795,176.94038302345294,SEASON
WR,2022,00-0031549,Nelson Agholor,14.0,12.277675888094805,5.371428571428572,7.32758197731162,7.165196804810409,75.2,89.96567656087694,87.9719640438747,91.31428571428572,124.56889361429755,121.80834568177696,PPG
WR,2022,00-0031549,Nelson Agholor,14.0,12.277675888094805,5.371428571428572,7.32758197731162,7.165196804810409,75.2,89.96567656087694,87.9719640438747,91.31428571428572,124.56889361429755,121.80834568177696,SEASON
WR,2022,00-0031588,Stefon Diggs,16.0,13.58213726487396,19.80625,14.650800624014888,14.103375300542663,316.9,198.9891851156713,191.55397923000348,336.70624999999995,249.0636106082531,239.75738010922527,PPG
WR,2022,00-0031588,Stefon Diggs,16.0,13.58213726487396,19.80625,14.650800624014888,14.103375300542663,316.9,198.9891851156713,191.55397923000348,336.70624999999995,249.0636106082531,239.75738010922527,SEASON
WR,2022,00-0031763,DeAndre Carter,17.0,13.58213726487396,6.811764705882354,6.217358083950293,5.046055259831323,115.80000000000001,84.44501092108663,68.53621518516826,115.80000000000001,105.69508742715497,85.78293941713248,PPG
WR,2022,00-0031763,DeAndre Carter,17.0,13.58213726487396,6.811764705882354,6.217358083950293,5.046055259831323,115.80000000000001,84.44501092108663,68.53621518516826,115.80000000000001,105.69508742715497,85.78293941713248,SEASON
WR,2022,00-0031787,Jake Kumerow,5.0,9.23393267561011,2.08,1.6819170444946965,1.928014481074562,10.4,15.53070875482516,17.803155915843867,35.36,28.59258975640984,32.776246178267556,PPG
WR,2022,00-0031787,Jake Kumerow,5.0,9.23393267561011,2.08,1.6819170444946965,1.928014481074562,10.4,15.53070875482516,17.803155915843867,35.36,28.59258975640984,32.776246178267556,SEASON
WR,2022,00-0031868,Damiere Byrd,12.0,10.97321451131565,4.316666666666666,5.832977961787998,5.7989267678926915,51.8,64.00651841447645,63.63286735949684,73.38333333333333,99.16062535039597,98.58175505417576,PPG
WR,2022,00-0031868,Damiere Byrd,12.0,10.97321451131565,4.316666666666666,5.832977961787998,5.7989267678926915,51.8,64.00651841447645,63.63286735949684,73.38333333333333,99.16062535039597,98.58175505417576,SEASON
WR,2022,00-0031941,Jamison Crowder,4.0,11.408034970242035,3.0,8.145165399431237,8.380672058537714,12.0,92.92033171511699,95.60699991792855,51.0,138.46781179033104,142.47142499514115,PPG
WR,2022,00-0031941,Jamison Crowder,4.0,11.408034970242035,3.0,8.145165399431237,8.380672058537714,12.0,92.92033171511699,95.60699991792855,51.0,138.46781179033104,142.47142499514115,SEASON
WR,2022,00-0032054,Breshad Perriman,8.0,8.36429175775734,3.0,4.855514614632756,6.086300075670509,24.0,40.61294087084306,50.9075895581687,51.0,82.54374844875684,103.46710128639864,PPG
WR,2022,00-0032054,Breshad Perriman,8.0,8.36429175775734,3.0,4.855514614632756,6.086300075670509,24.0,40.61294087084306,50.9075895581687,51.0,82.54374844875684,103.46710128639864,SEASON
WR,2022,00-0032128,Chris Conley,4.0,12.277675888094805,2.1500000000000004,5.1983718151225045,5.011434219664706,8.600000000000001,63.8239242918812,61.52876508355057,36.550000000000004,88.37232085708257,85.19438173430001,PPG
WR,2022,00-0032128,Chris Conley,4.0,12.277675888094805,2.1500000000000004,5.1983718151225045,5.011434219664706,8.600000000000001,63.8239242918812,61.52876508355057,36.550000000000004,88.37232085708257,85.19438173430001,SEASON
WR,2022,00-0032200,Ty Montgomery,1.0,12.277675888094805,10.5,3.550325045744259,3.0999119307725036,10.5,43.58974020903337,38.05971396766298,178.5,60.3555257776524,52.698502823132564,PPG
WR,2022,00-0032200,Ty Montgomery,1.0,12.277675888094805,10.5,3.550325045744259,3.0999119307725036,10.5,43.58974020903337,38.05971396766298,178.5,60.3555257776524,52.698502823132564,SEASON
WR,2022,00-0032208,Phillip Dorsett,15.0,8.36429175775734,3.4466666666666668,3.5711437261787213,4.207030320201758,51.7,29.870088034643512,35.188829031898784,58.593333333333334,60.70944334503826,71.51951544342988,PPG
WR,2022,00-0032208,Phillip Dorsett,15.0,8.36429175775734,3.4466666666666668,3.5711437261787213,4.207030320201758,51.7,29.870088034643512,35.188829031898784,58.593333333333334,60.70944334503826,71.51951544342988,SEASON
WR,2022,00-0032211,Tyler Lockett,16.0,13.147316805947575,14.95625,13.147767550118063,12.61015370625281,239.3,172.8578652723594,165.78968574779967,254.25625000000002,223.51204835200707,214.37261300629777,PPG
WR,2022,00-0032211,Tyler Lockett,16.0,13.147316805947575,14.95625,13.147767550118063,12.61015370625281,239.3,172.8578652723594,165.78968574779967,254.25625000000002,223.51204835200707,214.37261300629777,SEASON
WR,2022,00-0032355,Chester Rogers,3.0,13.147316805947575,0.0,5.75305331367141,4.78040716961441,0.0,75.63721451634451,62.84952752034381,0.0,97.80190633241398,81.26692188344497,PPG
WR,2022,00-0032355,Chester Rogers,3.0,13.147316805947575,0.0,5.75305331367141,4.78040716961441,0.0,75.63721451634451,62.84952752034381,0.0,97.80190633241398,81.26692188344497,SEASON
WR,2022,00-0032385,Sterling Shepard,3.0,9.23393267561011,11.466666666666667,8.331988841450931,10.060625069346024,34.4,76.93702401589258,92.89913456489647,194.93333333333334,141.64381030466583,171.03062617888241,PPG
WR,2022,00-0032385,Sterling Shepard,3.0,9.23393267561011,11.466666666666667,8.331988841450931,10.060625069346024,34.4,76.93702401589258,92.89913456489647,194.93333333333334,141.64381030466583,171.03062617888241,SEASON
WR,2022,00-0032398,Chris Moore,15.0,10.538394052389265,7.673333333333333,5.121721352399311,5.537717362955216,115.1,53.97471783811999,58.35864772158001,130.44666666666666,87.06926299078827,94.14119517023867,PPG
WR,2022,00-0032398,Chris Moore,15.0,10.538394052389265,7.673333333333333,5.121721352399311,5.537717362955216,115.1,53.97471783811999,58.35864772158001,130.44666666666666,87.06926299078827,94.14119517023867,SEASON
WR,2022,00-0032464,Kalif Raymond,17.0,13.147316805947575,6.482352941176471,8.319957408186639,7.521613884359543,110.2,109.38511585742023,98.88904062968885,110.2,141.43927593917286,127.86743603411223,PPG
WR,2022,00-0032464,Kalif Raymond,17.0,13.147316805947575,6.482352941176471,8.319957408186639,7.521613884359543,110.2,109.38511585742023,98.88904062968885,110.2,141.43927593917286,127.86743603411223,SEASON
WR,2022,00-0032543,Alex Erickson,2.0,13.58213726487396,0.0,3.441724698685902,1.7579776415052712,0.0,46.74597728545889,23.877093635503982,0.0,58.50931987766033,29.88561990558961,PPG
WR,2022,00-0032543,Alex Erickson,2.0,13.58213726487396,0.0,3.441724698685902,1.7579776415052712,0.0,46.74597728545889,23.877093635503982,0.0,58.50931987766033,29.88561990558961,SEASON
WR,2022,00-0032688,Robbie Chosen,12.0,13.58213726487396,4.35,8.672118550218288,7.950616887330993,52.199999999999996,117.78590452632456,107.98636990415449,73.94999999999999,147.4260153537109,135.16048708462688,PPG
WR,2022,00-0032688,Robbie Chosen,12.0,13.58213726487396,4.35,8.672118550218288,7.950616887330993,52.199999999999996,117.78590452632456,107.98636990415449,73.94999999999999,147.4260153537109,135.16048708462688,SEASON
WR,2022,00-0032775,Demarcus Robinson,16.0,12.277675888094805,6.487500000000001,5.179783303824455,5.076919133155608,103.80000000000001,63.59570057492156,62.332767626951785,110.28750000000001,88.05631616501573,86.30762526364533,PPG
WR,2022,00-0032775,Demarcus Robinson,16.0,12.277675888094805,6.487500000000001,5.179783303824455,5.076919133155608,103.80000000000001,63.59570057492156,62.332767626951785,110.28750000000001,88.05631616501573,86.30762526364533,SEASON
WR,2022,00-0032951,Laquon Treadwell,3.0,11.408034970242035,3.4000000000000004,6.850680219730858,6.862152311641461,10.200000000000001,78.15279951663501,78.283673542333,57.800000000000004,116.46156373542459,116.65658929790484,PPG
WR,2022,00-0032951,Laquon Treadwell,3.0,11.408034970242035,3.4000000000000004,6.850680219730858,6.862152311641461,10.200000000000001,78.15279951663501,78.283673542333,57.800000000000004,116.46156373542459,116.65658929790484,SEASON
WR,2022,00-0032980,Marcus Johnson,8.0,9.23393267561011,2.3625,3.5846911593587483,3.9591131548428677,18.9,33.10079682837343,36.55818432694139,40.162499999999994,60.93974970909872,67.30492363232875,PPG
WR,2022,00-0032980,Marcus Johnson,8.0,9.23393267561011,2.3625,3.5846911593587483,3.9591131548428677,18.9,33.10079682837343,36.55818432694139,40.162499999999994,60.93974970909872,67.30492363232875,SEASON
WR,2022,00-0033009,Tyler Boyd,16.0,13.147316805947575,10.3875,10.954106772278227,10.133367536003709,166.2,144.01711206131768,133.22659330694512,176.58749999999998,186.21981512872986,172.26724811206304,PPG
WR,2022,00-0033009,Tyler Boyd,16.0,13.147316805947575,10.3875,10.954106772278227,10.133367536003709,166.2,144.01711206131768,133.22659330694512,176.58749999999998,186.21981512872986,172.26724811206304,SEASON
WR,2022,00-0033040,Tyreek Hill,17.0,13.58213726487396,20.070588235294117,15.321162201340895,14.708501131637322,341.2,208.09412807601052,199.7728813304521,341.2,260.45975742279524,250.04451923783446,PPG
WR,2022,00-0033040,Tyreek Hill,17.0,13.58213726487396,20.070588235294117,15.321162201340895,14.708501131637322,341.2,208.09412807601052,199.7728813304521,341.2,260.45975742279524,250.04451923783446,SEASON
WR,2022,00-0033111,Pharoh Cooper,5.0,9.668753134536495,0.8200000000000001,2.006749941583695,2.1678105450594063,4.1000000000000005,19.40276978791828,20.960025002624402,13.940000000000001,34.114749006922814,36.852779266009904,PPG
WR,2022,00-0033111,Pharoh Cooper,5.0,9.668753134536495,0.8200000000000001,2.006749941583695,2.1678105450594063,4.1000000000000005,19.40276978791828,20.960025002624402,13.940000000000001,34.114749006922814,36.852779266009904,SEASON
WR,2022,00-0033114,Mike Thomas,5.0,9.23393267561011,1.56,2.2188262352929886,2.587452695590217,7.800000000000001,20.488492075572893,23.89236399240596,26.52,37.720045999980805,43.986695825033685,PPG
WR,2022,00-0033114,Mike Thomas,5.0,9.23393267561011,1.56,2.2188262352929886,2.587452695590217,7.800000000000001,20.488492075572893,23.89236399240596,26.52,37.720045999980805,43.986695825033685,SEASON
WR,2022,00-0033251,Zach Pascal,15.0,13.147316805947575,2.4,6.7079788015891575,5.8921776443450025,36.0,88.19192243207321,77.46632616712564,40.8,114.03563962701568,100.16701995386504,PPG
WR,2022,00-0033251,Zach Pascal,15.0,13.147316805947575,2.4,6.7079788015891575,5.8921776443450025,36.0,88.19192243207321,77.46632616712564,40.8,114.03563962701568,100.16701995386504,SEASON
WR,2022,00-0033282,Curtis Samuel,17.0,8.36429175775734,10.370588235294118,1.885623890452105,2.942045275767624,176.3,15.77190836513887,24.608125051052056,176.3,32.055606137685785,50.01476968804961,PPG
WR,2022,00-0033282,Curtis Samuel,17.0,8.36429175775734,10.370588235294118,1.885623890452105,2.942045275767624,176.3,15.77190836513887,24.608125051052056,176.3,32.055606137685785,50.01476968804961,SEASON
WR,2022,00-0033292,Trent Taylor,16.0,7.929471298830954,0.85625,2.3139836518763865,2.5281576226835614,13.7,18.348666953517846,20.046953307989998,14.556249999999999,39.33772208189857,42.97867958562054,PPG
WR,2022,00-0033292,Trent Taylor,16.0,7.929471298830954,0.85625,2.3139836518763865,2.5281576226835614,13.7,18.348666953517846,20.046953307989998,14.556249999999999,39.33772208189857,42.97867958562054,SEASON
WR,2022,00-0033307,Kendrick Bourne,16.0,13.58213726487396,5.518750000000001,10.523504738628386,9.328553652468845,88.30000000000001,142.9316858676023,126.70169619057319,93.81875000000001,178.89958055668257,158.58541209197037,PPG
WR,2022,00-0033307,Kendrick Bourne,16.0,13.58213726487396,5.518750000000001,10.523504738628386,9.328553652468845,88.30000000000001,142.9316858676023,126.70169619057319,93.81875000000001,178.89958055668257,158.58541209197037,SEASON
WR,2022,00-0033367,C.J. Board,4.0,8.799112216683724,0.4,2.0917059860065645,2.659252025968869,1.6,18.405155695180838,23.399056988943617,6.800000000000001,35.5590017621116,45.20728444147077,PPG
WR,2022,00-0033367,C.J. Board,4.0,8.799112216683724,0.4,2.0917059860065645,2.659252025968869,1.6,18.405155695180838,23.399056988943617,6.800000000000001,35.5590017621116,45.20728444147077,SEASON
WR,2022,00-0033386,Cody Hollister,6.0,7.494650839904569,1.4,2.284896401692683,3.324294422992501,8.399999999999999,17.124500736040993,24.914425989370823,23.799999999999997,38.84323882877561,56.51300519087252,PPG
WR,2022,00-0033386,Cody Hollister,6.0,7.494650839904569,1.4,2.284896401692683,3.324294422992501,8.399999999999999,17.124500736040993,24.914425989370823,23.799999999999997,38.84323882877561,56.51300519087252,SEASON
WR,2022,00-0033466,Isaiah McKenzie,15.0,12.71249634702119,7.986666666666668,4.24758536301163,3.8433236106172126,119.80000000000003,53.99741341094602,48.858237360391605,135.77333333333337,72.2089511711977,65.33650138049262,PPG
WR,2022,00-0033466,Isaiah McKenzie,15.0,12.71249634702119,7.986666666666668,4.24758536301163,3.8433236106172126,119.80000000000003,53.99741341094602,48.858237360391605,135.77333333333337,72.2089511711977,65.33650138049262,SEASON
WR,2022,00-0033481,Marcus Kemp,2.0,11.408034970242035,0.0,2.28025987616349,1.6706291385457972,0.0,26.013284408512863,19.05859563483578,0.0,38.76441789477933,28.400695355278554,PPG
WR,2022,00-0033481,Marcus Kemp,2.0,11.408034970242035,0.0,2.28025987616349,1.6706291385457972,0.0,26.013284408512863,19.05859563483578,0.0,38.76441789477933,28.400695355278554,SEASON
WR,2022,00-0033536,Mike Williams,13.0,13.147316805947575,13.576923076923077,13.283406966434242,12.779570582120735,176.5,174.641159650042,168.0170630871092,230.8076923076923,225.81791842938213,217.2526998960525,PPG
WR,2022,00-0033536,Mike Williams,13.0,13.147316805947575,13.576923076923077,13.283406966434242,12.779570582120735,176.5,174.641159650042,168.0170630871092,230.8076923076923,225.81791842938213,217.2526998960525,SEASON
WR,2022,00-0033555,Mack Hollins,17.0,12.71249634702119,9.058823529411764,4.84432346790416,4.076417298117319,154.0,61.58344438952066,51.8214400112504,154.0,82.35349895437072,69.29909406799442,PPG
WR,2022,00-0033555,Mack Hollins,17.0,12.71249634702119,9.058823529411764,4.84432346790416,4.076417298117319,154.0,61.58344438952066,51.8214400112504,154.0,82.35349895437072,69.29909406799442,SEASON
WR,2022,00-0033572,Jamal Agnew,15.0,10.538394052389265,4.686666666666667,6.847405130962327,6.780175383498541,70.30000000000001,72.16065350643312,71.45215993561713,79.67333333333335,116.40588722635957,115.2629815194752,PPG
WR,2022,00-0033572,Jamal Agnew,15.0,10.538394052389265,4.686666666666667,6.847405130962327,6.780175383498541,70.30000000000001,72.16065350643312,71.45215993561713,79.67333333333335,116.40588722635957,115.2629815194752,SEASON
WR,2022,00-0033591,Noah Brown,16.0,10.10357359346288,7.15625,4.046066752466883,4.398485337590298,114.5,40.87973319761251,44.440420308110994,121.65625,68.78313479193702,74.77425073903507,PPG
WR,2022,00-0033591,Noah Brown,16.0,10.10357359346288,7.15625,4.046066752466883,4.398485337590298,114.5,40.87973319761251,44.440420308110994,121.65625,68.78313479193702,74.77425073903507,SEASON
WR,2022,00-0033681,Keelan Cole,12.0,12.277675888094805,2.5083333333333337,6.262003471671479,5.818188957923264,30.100000000000005,76.88284903530688,71.4338382810739,42.64166666666667,106.45405901841514,98.9092122846955,PPG
WR,2022,00-0033681,Keelan Cole,12.0,12.277675888094805,2.5083333333333337,6.262003471671479,5.818188957923264,30.100000000000005,76.88284903530688,71.4338382810739,42.64166666666667,106.45405901841514,98.9092122846955,SEASON
WR,2022,00-0033857,JuJu Smith-Schuster,16.0,8.36429175775734,11.58125,5.32574440487042,6.617753181878905,185.3,44.54608002957992,55.35281839406213,196.88125000000002,90.53765488279714,112.5018040919414,PPG
WR,2022,00-0033857,JuJu Smith-Schuster,16.0,8.36429175775734,11.58125,5.32574440487042,6.617753181878905,185.3,44.54608002957992,55.35281839406213,196.88125000000002,90.53765488279714,112.5018040919414,SEASON
WR,2022,00-0033871,Corey Davis,13.0,10.10357359346288,7.5076923076923086,9.909557302271585,11.117867273947102,97.60000000000001,100.12194148213844,112.33019020467707,127.63076923076925,168.46247413861695,189.00374365710073,PPG
WR,2022,00-0033871,Corey Davis,13.0,10.10357359346288,7.5076923076923086,9.909557302271585,11.117867273947102,97.60000000000001,100.12194148213844,112.33019020467707,127.63076923076925,168.46247413861695,189.00374365710073,SEASON
WR,2022,00-0033891,Zay Jones,16.0,12.71249634702119,12.381250000000001,7.397179350392296,7.193011719113949,198.10000000000002,94.03661547012264,91.44113520331669,210.48125000000002,125.75204895666903,122.28119922493714,PPG
WR,2022,00-0033891,Zay Jones,16.0,12.71249634702119,12.381250000000001,7.397179350392296,7.193011719113949,198.10000000000002,94.03661547012264,91.44113520331669,210.48125000000002,125.75204895666903,122.28119922493714,SEASON
WR,2022,00-0033908,Cooper Kupp,9.0,13.58213726487396,22.377777777777784,21.33269289171911,21.523795286948552,201.40000000000006,289.74356308472994,292.3391420483824,380.42222222222233,362.65577915922483,365.90451987812537,PPG
WR,2022,00-0033908,Cooper Kupp,9.0,13.58213726487396,22.377777777777784,21.33269289171911,21.523795286948552,201.40000000000006,289.74356308472994,292.3391420483824,380.42222222222233,362.65577915922483,365.90451987812537,SEASON
WR,2022,00-0033921,Chris Godwin Jr.,15.0,12.277675888094805,14.853333333333333,14.649159358471884,14.538664566288396,222.8,179.8576306363686,178.50101139061735,252.50666666666666,249.03570909402202,247.15729762690273,PPG
WR,2022,00-0033921,Chris Godwin Jr.,15.0,12.277675888094805,14.853333333333333,14.649159358471884,14.538664566288396,222.8,179.8576306363686,178.50101139061735,252.50666666666666,249.03570909402202,247.15729762690273,SEASON
WR,2022,00-0033932,Kenny Golladay,6.0,12.277675888094805,3.35,7.115935849295623,7.117113128541632,20.1,87.3671539981263,87.38160825113859,56.95,120.97090943802559,120.99092318520775,PPG
WR,2022,00-0033932,Kenny Golladay,6.0,12.277675888094805,3.35,7.115935849295623,7.117113128541632,20.1,87.3671539981263,87.38160825113859,56.95,120.97090943802559,120.99092318520775,SEASON
WR,2022,00-0033943,Josh Reynolds,12.0,10.97321451131565,8.658333333333333,6.872332964986814,6.999816548956887,103.9,75.41158381798621,76.81048853156115,147.19166666666666,116.82966040477584,118.99688133226708,PPG
WR,2022,00-0033943,Josh Reynolds,12.0,10.97321451131565,8.658333333333333,6.872332964986814,6.999816548956887,103.9,75.41158381798621,76.81048853156115,147.19166666666666,116.82966040477584,118.99688133226708,SEASON
WR,2022,00-0034052,Brandon Zylstra,1.0,11.408034970242035,0.0,4.743072216239825,4.550179864737394,0.0,54.10913370924732,51.90861101781536,0.0,80.63222767607702,77.35305770053569,PPG
WR,2022,00-0034052,Brandon Zylstra,1.0,11.408034970242035,0.0,4.743072216239825,4.550179864737394,0.0,54.10913370924732,51.90861101781536,0.0,80.63222767607702,77.35305770053569,SEASON
WR,2022,00-0034054,River Cracraft,8.0,7.494650839904569,3.9000000000000004,0.4844171029206646,1.3932597195549465,31.200000000000003,3.630537047268497,10.441995127367685,66.30000000000001,8.235090749651299,23.685415232434092,PPG
WR,2022,00-0034054,River Cracraft,8.0,7.494650839904569,3.9000000000000004,0.4844171029206646,1.3932597195549465,31.200000000000003,3.630537047268497,10.441995127367685,66.30000000000001,8.235090749651299,23.685415232434092,SEASON
WR,2022,00-0034104,Cam Sims,13.0,11.408034970242035,1.3,4.554154069251936,4.510759376764341,16.900000000000002,51.95394888189615,51.458900712474765,22.1,77.42061917728292,76.6829094049938,PPG
WR,2022,00-0034104,Cam Sims,13.0,11.408034970242035,1.3,4.554154069251936,4.510759376764341,16.900000000000002,51.95394888189615,51.458900712474765,22.1,77.42061917728292,76.6829094049938,SEASON
WR,2022,00-0034272,Marquez Valdes-Scantling,17.0,10.97321451131565,7.21764705882353,7.2408823594241,7.190475354428954,122.70000000000002,79.45575538116204,78.90262850247734,122.70000000000002,123.09500011020971,122.23808102529222,PPG
WR,2022,00-0034272,Marquez Valdes-Scantling,17.0,10.97321451131565,7.21764705882353,7.2408823594241,7.190475354428954,122.70000000000002,79.45575538116204,78.90262850247734,122.70000000000002,123.09500011020971,122.23808102529222,SEASON
WR,2022,00-0034279,Equanimeous St. Brown,16.0,11.408034970242035,4.04375,2.858362358987169,2.6875297663573803,64.7,32.60829774894914,30.6594335581714,68.74375,48.592160102781875,45.68800602807546,PPG
WR,2022,00-0034279,Equanimeous St. Brown,16.0,11.408034970242035,4.04375,2.858362358987169,2.6875297663573803,64.7,32.60829774894914,30.6594335581714,68.74375,48.592160102781875,45.68800602807546,SEASON
WR,2022,00-0034297,Byron Pringle,10.0,13.147316805947575,3.5500000000000003,7.896147811776753,7.279837392921538,35.5,103.81315682801868,95.71032850052292,60.35,134.2345128002048,123.75723567966614,PPG
WR,2022,00-0034297,Byron Pringle,10.0,13.147316805947575,3.5500000000000003,7.896147811776753,7.279837392921538,35.5,103.81315682801868,95.71032850052292,60.35,134.2345128002048,123.75723567966614,SEASON
WR,2022,00-0034317,Keith Kirkwood,3.0,7.494650839904569,1.2666666666666666,1.4886638898798088,2.694438810422707,3.8,11.157016072623312,20.19387809360601,21.53333333333333,25.30728612795675,45.80545977718602,PPG
WR,2022,00-0034317,Keith Kirkwood,3.0,7.494650839904569,1.2666666666666666,1.4886638898798088,2.694438810422707,3.8,11.157016072623312,20.19387809360601,21.53333333333333,25.30728612795675,45.80545977718602,SEASON
WR,2022,00-0034348,Courtland Sutton,15.0,13.58213726487396,10.626666666666667,9.05258698752624,8.244616815220631,159.4,122.95347906679325,111.9795172806146,180.65333333333334,153.89397878794608,140.15848585875074,PPG
WR,2022,00-0034348,Courtland Sutton,15.0,13.58213726487396,10.626666666666667,9.05258698752624,8.244616815220631,159.4,122.95347906679325,111.9795172806146,180.65333333333334,153.89397878794608,140.15848585875074,SEASON
WR,2022,00-0034407,Ray-Ray McCloud,17.0,13.147316805947575,3.4176470588235297,5.824955817859932,5.11103726962428,58.10000000000001,76.58253951805199,67.1964261907557,58.10000000000001,99.02424890361884,86.88763358361275,PPG
WR,2022,00-0034407,Ray-Ray McCloud,17.0,13.147316805947575,3.4176470588235297,5.824955817859932,5.11103726962428,58.10000000000001,76.58253951805199,67.1964261907557,58.10000000000001,99.02424890361884,86.88763358361275,SEASON
WR,2022,00-0034411,Russell Gage,13.0,11.84285542916842,9.507692307692308,11.281128568973244,11.218234157015637,123.6,133.60077472021175,132.85592529209524,161.63076923076923,191.77918567254517,190.70998066926583,PPG
WR,2022,00-0034411,Russell Gage,13.0,11.84285542916842,9.507692307692308,11.281128568973244,11.218234157015637,123.6,133.60077472021175,132.85592529209524,161.63076923076923,191.77918567254517,190.70998066926583,SEASON
WR,2022,00-0034418,Cedrick Wilson Jr.,13.0,12.277675888094805,2.0307692307692307,9.837899370553922,9.360759763621274,26.4,120.78653989135294,114.92837444406095,34.52307692307692,167.24428929941666,159.13291598156167,PPG
WR,2022,00-0034418,Cedrick Wilson Jr.,13.0,12.277675888094805,2.0307692307692307,9.837899370553922,9.360759763621274,26.4,120.78653989135294,114.92837444406095,34.52307692307692,167.24428929941666,159.13291598156167,SEASON
WR,2022,00-0034419,Braxton Berrios,17.0,13.147316805947575,3.152941176470588,7.491998954167771,6.809608929954492,53.6,98.4996837602716,89.52808592672137,53.6,127.36398222085211,115.76335180922636,PPG
WR,2022,00-0034419,Braxton Berrios,17.0,13.147316805947575,3.152941176470588,7.491998954167771,6.809608929954492,53.6,98.4996837602716,89.52808592672137,53.6,127.36398222085211,115.76335180922636,SEASON
WR,2022,00-0034487,Trent Sherfield,16.0,11.408034970242035,5.23125,3.389476681343324,2.858038137340967,83.7,38.66726851158456,32.60459901707116,88.93125,57.62110358283651,48.58664833479644,PPG
WR,2022,00-0034487,Trent Sherfield,16.0,11.408034970242035,5.23125,3.389476681343324,2.858038137340967,83.7,38.66726851158456,32.60459901707116,88.93125,57.62110358283651,48.58664833479644,SEASON
WR,2022,00-0034521,Allen Lazard,15.0,12.277675888094805,11.653333333333334,9.271345173679409,8.689336790260604,174.8,113.83057108908783,106.68486079331772,198.10666666666668,157.61286795254995,147.71872543443027,PPG
WR,2022,00-0034521,Allen Lazard,15.0,12.277675888094805,11.653333333333334,9.271345173679409,8.689336790260604,174.8,113.83057108908783,106.68486079331772,198.10666666666668,157.61286795254995,147.71872543443027,SEASON
WR,2022,00-0034646,Brandon Powell,17.0,8.799112216683724,2.8000000000000003,0.9359186722072694,1.367027549379045,47.6,8.235253422441394,12.028628810284367,47.6,15.91061742752358,23.239468339443764,PPG
WR,2022,00-0034646,Brandon Powell,17.0,8.799112216683724,2.8000000000000003,0.9359186722072694,1.367027549379045,47.6,8.235253422441394,12.028628810284367,47.6,15.91061742752358,23.239468339443764,SEASON
WR,2022,00-0034676,James Washington,1.0,12.71249634702119,0.0,5.5966025888070385,5.0588718919728635,0.0,71.14678996593881,64.3108904467532,0.0,95.14224400971966,86.00082216353869,PPG
WR,2022,00-0034676,James Washington,1.0,12.71249634702119,0.0,5.5966025888070385,5.0588718919728635,0.0,71.14678996593881,64.3108904467532,0.0,95.14224400971966,86.00082216353869,SEASON
WR,2022,00-0034764,Michael Gallup,14.0,10.10357359346288,7.5285714285714285,8.541934564897362,9.030043206115263,105.4,86.30406450698482,91.23570608513505,127.98571428571428,145.21288760325515,153.51073450395947,PPG
WR,2022,00-0034764,Michael Gallup,14.0,10.10357359346288,7.5285714285714285,8.541934564897362,9.030043206115263,105.4,86.30406450698482,91.23570608513505,127.98571428571428,145.21288760325515,153.51073450395947,SEASON
WR,2022,00-0034765,Tre'Quan Smith,10.0,10.538394052389265,5.28,7.731094881004342,8.062801932091649,52.800000000000004,81.47332431243325,84.9689839267473,89.76,131.4286129770738,137.06763284555802,PPG
WR,2022,00-0034765,Tre'Quan Smith,10.0,10.538394052389265,5.28,7.731094881004342,8.062801932091649,52.800000000000004,81.47332431243325,84.9689839267473,89.76,131.4286129770738,137.06763284555802,SEASON
WR,2022,00-0034775,Christian Kirk,17.0,13.58213726487396,14.229411764705882,11.547257543101649,10.519145810017541,241.89999999999998,156.83643698325784,142.872482300882,241.89999999999998,196.30337823272802,178.8254787702982,PPG
WR,2022,00-0034775,Christian Kirk,17.0,13.58213726487396,14.229411764705882,11.547257543101649,10.519145810017541,241.89999999999998,156.83643698325784,142.872482300882,241.89999999999998,196.30337823272802,178.8254787702982,SEASON
WR,2022,00-0034777,DJ Chark,11.0,7.494650839904569,8.927272727272726,8.890434292841672,10.366201059445423,98.19999999999999,66.63070083996222,77.69105747679227,151.76363636363635,151.1373829783084,176.22541801057218,PPG
WR,2022,00-0034777,DJ Chark,11.0,7.494650839904569,8.927272727272726,8.890434292841672,10.366201059445423,98.19999999999999,66.63070083996222,77.69105747679227,151.76363636363635,151.1373829783084,176.22541801057218,SEASON
WR,2022,00-0034827,DJ Moore,17.0,13.58213726487396,11.711764705882354,12.884476213392036,12.409674705256412,199.10000000000002,174.99872451629412,168.5499052592269,199.10000000000002,219.03609562766462,210.964469989359,PPG
WR,2022,00-0034827,DJ Moore,17.0,13.58213726487396,11.711764705882354,12.884476213392036,12.409674705256412,199.10000000000002,174.99872451629412,168.5499052592269,199.10000000000002,219.03609562766462,210.964469989359,SEASON
WR,2022,00-0034854,KhaDarel Hodge,13.0,11.408034970242035,3.1692307692307695,3.876667510126498,3.2717065301673003,41.2,44.22515852352421,37.32374250851779,53.876923076923084,65.90334767215046,55.619011012844105,PPG
WR,2022,00-0034854,KhaDarel Hodge,13.0,11.408034970242035,3.1692307692307695,3.876667510126498,3.2717065301673003,41.2,44.22515852352421,37.32374250851779,53.876923076923084,65.90334767215046,55.619011012844105,SEASON
WR,2022,00-0034860,Dante Pettis,17.0,7.494650839904569,3.8352941176470594,6.488311624150335,7.7490876854850175,65.20000000000002,48.62763016350089,58.076706530514436,65.20000000000002,110.30129761055571,131.7344906532453,PPG
WR,2022,00-0034860,Dante Pettis,17.0,7.494650839904569,3.8352941176470594,6.488311624150335,7.7490876854850175,65.20000000000002,48.62763016350089,58.076706530514436,65.20000000000002,110.30129761055571,131.7344906532453,SEASON
WR,2022,00-0034867,Malik Turner,2.0,9.23393267561011,0.0,5.116631417776791,5.962477509368331,0.0,47.24663003766239,55.05711590134662,0.0,86.98273410220544,101.36211765926163,PPG
WR,2022,00-0034867,Malik Turner,2.0,9.23393267561011,0.0,5.116631417776791,5.962477509368331,0.0,47.24663003766239,55.05711590134662,0.0,86.98273410220544,101.36211765926163,SEASON
WR,2022,00-0034930,Trinity Benson,1.0,9.23393267561011,0.0,3.063170624574422,3.6963046556640866,0.0,28.285111321226783,34.131428338946385,0.0,52.073900617765176,62.83717914628947,PPG
WR,2022,00-0034930,Trinity Benson,1.0,9.23393267561011,0.0,3.063170624574422,3.6963046556640866,0.0,28.285111321226783,34.131428338946385,0.0,52.073900617765176,62.83717914628947,SEASON
WR,2022,00-0034960,Jakobi Meyers,14.0,13.147316805947575,13.100000000000001,11.41708129570743,10.673364613752018,183.40000000000003,150.103984793924,140.32610596238806,222.70000000000002,194.0903820270263,181.4471984337843,PPG
WR,2022,00-0034960,Jakobi Meyers,14.0,13.147316805947575,13.100000000000001,11.41708129570743,10.673364613752018,183.40000000000003,150.103984793924,140.32610596238806,222.70000000000002,194.0903820270263,181.4471984337843,SEASON
WR,2022,00-0034983,Hunter Renfrow,10.0,13.58213726487396,7.9,13.353011766297767,13.788537029987225,79.0,181.36243870933336,187.277802623084,134.3,227.00120002706203,234.40512950978282,PPG
WR,2022,00-0034983,Hunter Renfrow,10.0,13.58213726487396,7.9,13.353011766297767,13.788537029987225,79.0,181.36243870933336,187.277802623084,134.3,227.00120002706203,234.40512950978282,SEASON
WR,2022,00-0035021,Ashton Dulin,10.0,13.147316805947575,4.25,4.494180493215904,3.5012731187770143,42.5,59.08641472741922,46.03234691670952,72.25,76.40106838467037,59.52164301920924,PPG
WR,2022,00-0035021,Ashton Dulin,10.0,13.147316805947575,4.25,4.494180493215904,3.5012731187770143,42.5,59.08641472741922,46.03234691670952,72.25,76.40106838467037,59.52164301920924,SEASON
WR,2022,00-0035022,Penny Hart,4.0,10.97321451131565,1.25,2.4689062931159977,2.299224312858259,5.0,27.091838362698997,25.229881594626,21.25,41.97140698297196,39.0868133185904,PPG
WR,2022,00-0035022,Penny Hart,4.0,10.97321451131565,1.25,2.4689062931159977,2.299224312858259,5.0,27.091838362698997,25.229881594626,21.25,41.97140698297196,39.0868133185904,SEASON
WR,2022,00-0035140,Mecole Hardman,8.0,13.58213726487396,11.725,8.804431216013382,7.585008576036559,93.8,119.58299331503493,103.02062763497473,199.325,149.6753306722275,128.9451457926215,PPG
WR,2022,00-0035140,Mecole Hardman,8.0,13.58213726487396,11.725,8.804431216013382,7.585008576036559,93.8,119.58299331503493,103.02062763497473,199.325,149.6753306722275,128.9451457926215,SEASON
WR,2022,00-0035208,Olamide Zaccheaus,16.0,12.71249634702119,6.875000000000001,6.089673127429016,5.657760762527265,110.00000000000001,77.41494738699447,71.92426302594768,116.87500000000001,103.52444316629328,96.1819329629635,PPG
WR,2022,00-0035208,Olamide Zaccheaus,16.0,12.71249634702119,6.875000000000001,6.089673127429016,5.657760762527265,110.00000000000001,77.41494738699447,71.92426302594768,116.87500000000001,103.52444316629328,96.1819329629635,SEASON
WR,2022,00-0035215,Deonte Harty,4.0,11.84285542916842,0.825,8.722294098578836,8.254354339201894,3.3,103.29686802015803,97.75512510029706,14.024999999999999,148.2789996758402,140.3240237664322,PPG
WR,2022,00-0035215,Deonte Harty,4.0,11.84285542916842,0.825,8.722294098578836,8.254354339201894,3.3,103.29686802015803,97.75512510029706,14.024999999999999,148.2789996758402,140.3240237664322,SEASON
WR,2022,00-0035216,Diontae Johnson,17.0,13.147316805947575,10.629411764705882,15.058627289625553,14.563334511169302,180.7,197.98054363939482,191.4687725693325,180.7,255.9966639236344,247.57668668987813,PPG
WR,2022,00-0035216,Diontae Johnson,17.0,13.147316805947575,10.629411764705882,15.058627289625553,14.563334511169302,180.7,197.98054363939482,191.4687725693325,180.7,255.9966639236344,247.57668668987813,SEASON
WR,2022,00-0035298,Scott Miller,12.0,8.799112216683724,3.5250000000000004,2.6200715857605075,3.5973925805074725,42.300000000000004,23.05430389885118,31.653861003350688,59.925000000000004,44.541216957928626,61.155673868627034,PPG
WR,2022,00-0035298,Scott Miller,12.0,8.799112216683724,3.5250000000000004,2.6200715857605075,3.5973925805074725,42.300000000000004,23.05430389885118,31.653861003350688,59.925000000000004,44.541216957928626,61.155673868627034,SEASON
WR,2022,00-0035341,Trenton Irwin,9.0,8.36429175775734,7.022222222222222,1.7616261137931453,2.202628095717833,63.2,14.734754783850098,18.423424026417415,119.37777777777778,29.94764393448347,37.44467762720316,PPG
WR,2022,00-0035341,Trenton Irwin,9.0,8.36429175775734,7.022222222222222,1.7616261137931453,2.202628095717833,63.2,14.734754783850098,18.423424026417415,119.37777777777778,29.94764393448347,37.44467762720316,SEASON
WR,2022,00-0035359,David Sills,7.0,7.929471298830954,3.0857142857142854,2.0389401658746973,2.156203703851626,21.599999999999998,16.167717525337036,17.097555384124465,52.457142857142856,34.661982819869856,36.65546296547764,PPG
WR,2022,00-0035359,David Sills,7.0,7.929471298830954,3.0857142857142854,2.0389401658746973,2.156203703851626,21.599999999999998,16.167717525337036,17.097555384124465,52.457142857142856,34.661982819869856,36.65546296547764,SEASON
WR,2022,00-0035399,Stanley Morgan,9.0,10.97321451131565,0.0,1.353629318780243,1.5996888765873185,0.0,14.853664883781681,17.553729194158194,0.0,23.011698419264132,27.194710901984415,PPG
WR,2022,00-0035399,Stanley Morgan,9.0,10.97321451131565,0.0,1.353629318780243,1.5996888765873185,0.0,14.853664883781681,17.553729194158194,0.0,23.011698419264132,27.194710901984415,SEASON
WR,2022,00-0035406,Lil'Jordan Humphrey,4.0,9.668753134536495,1.0,5.78879050507128,6.17931340405071,4.0,55.970386341083035,59.74625584469868,17.0,98.40943858621175,105.04832786886206,PPG
WR,2022,00-0035406,Lil'Jordan Humphrey,4.0,9.668753134536495,1.0,5.78879050507128,6.17931340405071,4.0,55.970386341083035,59.74625584469868,17.0,98.40943858621175,105.04832786886206,SEASON
WR,2022,00-0035414,Jalen Guyton,2.0,13.147316805947575,4.2,6.51464880480142,5.607264698983472,8.4,85.650151716212,73.72048541234197,71.4,110.74902968162415,95.32349988271902,PPG
WR,2022,00-0035414,Jalen Guyton,2.0,13.147316805947575,4.2,6.51464880480142,5.607264698983472,8.4,85.650151716212,73.72048541234197,71.4,110.74902968162415,95.32349988271902,SEASON
WR,2022,00-0035457,Tyron Johnson,2.0,9.23393267561011,0.9,1.5481789078402157,1.8495909391023166,1.8,14.29577980479614,17.07899820908927,15.3,26.31904143328367,31.443045964739383,PPG
WR,2022,00-0035457,Tyron Johnson,2.0,9.23393267561011,0.9,1.5481789078402157,1.8495909391023166,1.8,14.29577980479614,17.07899820908927,15.3,26.31904143328367,31.443045964739383,SEASON
WR,2022,00-0035500,Greg Dortch,16.0,8.36429175775734,7.1937500000000005,2.4601372411311946,2.4324378726473928,115.10000000000001,20.57730564894553,20.345620049441383,122.29375,41.822333099230306,41.351443835005675,PPG
WR,2022,00-0035500,Greg Dortch,16.0,8.36429175775734,7.1937500000000005,2.4601372411311946,2.4324378726473928,115.10000000000001,20.57730564894553,20.345620049441383,122.29375,41.822333099230306,41.351443835005675,SEASON
WR,2022,00-0035510,Jeff Smith,7.0,10.10357359346288,3.057142857142857,2.579024870646497,3.1018539143946566,21.4,26.057367579947968,31.339809300257322,51.97142857142857,43.84342280099045,52.731516544709166,PPG
WR,2022,00-0035510,Jeff Smith,7.0,10.10357359346288,3.057142857142857,2.579024870646497,3.1018539143946566,21.4,26.057367579947968,31.339809300257322,51.97142857142857,43.84342280099045,52.731516544709166,SEASON
WR,2022,00-0035527,Andy Isabella,4.0,7.494650839904569,1.0499999999999998,1.1541064827564333,2.095386588813701,4.199999999999999,8.64962512032981,15.704190857777373,17.849999999999998,19.619810206859366,35.62157200983292,PPG
WR,2022,00-0035527,Andy Isabella,4.0,7.494650839904569,1.0499999999999998,1.1541064827564333,2.095386588813701,4.199999999999999,8.64962512032981,15.704190857777373,17.849999999999998,19.619810206859366,35.62157200983292,SEASON
WR,2022,00-0035535,Darius Slayton,13.0,11.84285542916842,9.876923076923077,4.461193376408029,5.501650924068653,128.4,52.83326819836402,65.1552565154959,167.90769230769232,75.8402873989365,93.52806570916711,PPG
WR,2022,00-0035535,Darius Slayton,13.0,11.84285542916842,9.876923076923077,4.461193376408029,5.501650924068653,128.4,52.83326819836402,65.1552565154959,167.90769230769232,75.8402873989365,93.52806570916711,SEASON
WR,2022,00-0035544,Tom Kennedy,5.0,8.799112216683724,4.42,2.656794391872252,3.361256826098378,22.1,23.37743199073994,29.5760760019338,75.14,45.16550466182829,57.14136604367243,PPG
WR,2022,00-0035544,Tom Kennedy,5.0,8.799112216683724,4.42,2.656794391872252,3.361256826098378,22.1,23.37743199073994,29.5760760019338,75.14,45.16550466182829,57.14136604367243,SEASON
WR,2022,00-0035593,Juwann Winfree,3.0,8.36429175775734,0.9000000000000001,2.35286494344716,3.3892358959187456,2.7,19.680048853591266,28.348557869328474,15.300000000000002,39.998704038601716,57.617010230618675,PPG
WR,2022,00-0035593,Juwann Winfree,3.0,8.36429175775734,0.9000000000000001,2.35286494344716,3.3892358959187456,2.7,19.680048853591266,28.348557869328474,15.300000000000002,39.998704038601716,57.617010230618675,SEASON
WR,2022,00-0035621,Nsimba Webster,1.0,8.799112216683724,3.4000000000000004,1.0707859223446887,1.50086572072615,3.4000000000000004,9.4219654907561,13.206285898843289,57.800000000000004,18.20336067985971,25.51471725234455,PPG
WR,2022,00-0035621,Nsimba Webster,1.0,8.799112216683724,3.4000000000000004,1.0707859223446887,1.50086572072615,3.4000000000000004,9.4219654907561,13.206285898843289,57.800000000000004,18.20336067985971,25.51471725234455,SEASON
WR,2022,00-0035639,Parris Campbell,17.0,8.799112216683724,8.770588235294118,4.850448061080561,5.519685055765479,149.10000000000002,42.67963679064385,48.56832820643261,149.10000000000002,82.45761703836953,93.83464594801315,PPG
WR,2022,00-0035639,Parris Campbell,17.0,8.799112216683724,8.770588235294118,4.850448061080561,5.519685055765479,149.10000000000002,42.67963679064385,48.56832820643261,149.10000000000002,82.45761703836953,93.83464594801315,SEASON
WR,2022,00-0035640,DK Metcalf,17.0,13.58213726487396,13.341176470588234,13.078603388850281,12.977176204705431,226.79999999999998,177.63538646021027,176.25778852276528,226.79999999999998,222.33625761045477,220.61199547999234,PPG
WR,2022,00-0035640,DK Metcalf,17.0,13.58213726487396,13.341176470588234,13.078603388850281,12.977176204705431,226.79999999999998,177.63538646021027,176.25778852276528,226.79999999999998,222.33625761045477,220.61199547999234,SEASON
WR,2022,00-0035645,Gunner Olszewski,15.0,13.147316805947575,0.9466666666666667,3.437329482703593,1.7788083503841094,14.2,45.19165967552804,23.386556919564885,16.093333333333334,58.43460120596109,30.239741956529862,PPG
WR,2022,00-0035645,Gunner Olszewski,15.0,13.147316805947575,0.9466666666666667,3.437329482703593,1.7788083503841094,14.2,45.19165967552804,23.386556919564885,16.093333333333334,58.43460120596109,30.239741956529862,SEASON
WR,2022,00-0035659,Terry McLaurin,17.0,13.58213726487396,13.470588235294118,12.02787236493181,10.968006824404608,229.0,163.36421346488802,148.96897421113772,229.0,204.47383020384075,186.45611601487832,PPG
WR,2022,00-0035659,Terry McLaurin,17.0,13.58213726487396,13.470588235294118,12.02787236493181,10.968006824404608,229.0,163.36421346488802,148.96897421113772,229.0,204.47383020384075,186.45611601487832,SEASON
WR,2022,00-0035662,Marquise Brown,12.0,13.147316805947575,13.0,12.727338481116133,12.335974405781794,156.0,167.33035110776143,162.18496362287414,221.0,216.36475417897427,209.7115648982905,PPG
WR,2022,00-0035662,Marquise Brown,12.0,13.147316805947575,13.0,12.727338481116133,12.335974405781794,156.0,167.33035110776143,162.18496362287414,221.0,216.36475417897427,209.7115648982905,SEASON
WR,2022,00-0035676,A.J. Brown,17.0,11.84285542916842,17.623529411764707,12.377966310417245,12.307196514774063,299.6,146.59046552138867,145.75234906283467,299.6,210.42542727709315,209.22234075115907,PPG
WR,2022,00-0035676,A.J. Brown,17.0,11.84285542916842,17.623529411764707,12.377966310417245,12.307196514774063,299.6,146.59046552138867,145.75234906283467,299.6,210.42542727709315,209.22234075115907,SEASON
WR,2022,00-0035719,Deebo Samuel Sr.,13.0,13.147316805947575,12.953846153846156,17.545359728747215,16.34164847803953,168.40000000000003,230.67440282815406,214.84882967221674,220.21538461538464,298.27111538870264,277.808024126672,PPG
WR,2022,00-0035719,Deebo Samuel Sr.,13.0,13.147316805947575,12.953846153846156,17.545359728747215,16.34164847803953,168.40000000000003,230.67440282815406,214.84882967221674,220.21538461538464,298.27111538870264,277.808024126672,SEASON
WR,2022,00-0035864,Kendall Hinton,11.0,10.97321451131565,5.127272727272728,4.153365535025988,4.0106486240137915,56.400000000000006,45.57577095974546,44.009707680816284,87.16363636363637,70.60721409544179,68.18102660823446,PPG
WR,2022,00-0035864,Kendall Hinton,11.0,10.97321451131565,5.127272727272728,4.153365535025988,4.0106486240137915,56.400000000000006,45.57577095974546,44.009707680816284,87.16363636363637,70.60721409544179,68.18102660823446,SEASON
WR,2022,00-0035891,Cody White,1.0,8.799112216683724,1.2,1.3325736341650893,2.4249689875033646,1.2,11.725464944012666,21.33757424302002,20.4,22.65375178080652,41.2244727875572,PPG
WR,2022,00-0035891,Cody White,1.0,8.799112216683724,1.2,1.3325736341650893,2.4249689875033646,1.2,11.725464944012666,21.33757424302002,20.4,22.65375178080652,41.2244727875572,SEASON
WR,2022,00-0036133,James Proche,11.0,9.23393267561011,1.290909090909091,4.83535108182408,5.34610212631664,14.200000000000001,44.649306352502066,49.36554711134391,21.945454545454545,82.20096839100937,90.88373614738288,PPG
WR,2022,00-0036133,James Proche,11.0,9.23393267561011,1.290909090909091,4.83535108182408,5.34610212631664,14.200000000000001,44.649306352502066,49.36554711134391,21.945454545454545,82.20096839100937,90.88373614738288,SEASON
WR,2022,00-0036182,Nick Westbrook-Ikhine,16.0,12.71249634702119,5.16875,7.160640629209698,6.891485055334932,82.7,91.02961784115979,87.60797859149645,87.86875,121.73089069656486,117.15524594069383,PPG
WR,2022,00-0036182,Nick Westbrook-Ikhine,16.0,12.71249634702119,5.16875,7.160640629209698,6.891485055334932,82.7,91.02961784115979,87.60797859149645,87.86875,121.73089069656486,117.15524594069383,SEASON
WR,2022,00-0036196,Gabe Davis,15.0,12.71249634702119,11.440000000000001,8.077174142355885,7.757550030085995,171.60000000000002,102.6810467789532,98.61782641930233,194.48000000000002,137.31196042005004,131.87835051146192,PPG
WR,2022,00-0036196,Gabe Davis,15.0,12.71249634702119,11.440000000000001,8.077174142355885,7.757550030085995,171.60000000000002,102.6810467789532,98.61782641930233,194.48000000000002,137.31196042005004,131.87835051146192,SEASON
WR,2022,00-0036219,Marquez Callaway,10.0,13.58213726487396,3.7800000000000002,8.965929471884854,8.421568358336796,37.800000000000004,121.77648479431899,114.38289742844961,64.26,152.42080102204253,143.16666209172553,PPG
WR,2022,00-0036219,Marquez Callaway,10.0,13.58213726487396,3.7800000000000002,8.965929471884854,8.421568358336796,37.800000000000004,121.77648479431899,114.38289742844961,64.26,152.42080102204253,143.16666209172553,SEASON
WR,2022,00-0036228,Dezmon Patmon,1.0,7.929471298830954,4.4,1.5362762065939584,3.1659443926783046,4.4,12.181858087263686,25.104265195437414,74.80000000000001,26.11669551209729,53.82105467553118,PPG
WR,2022,00-0036228,Dezmon Patmon,1.0,7.929471298830954,4.4,1.5362762065939584,3.1659443926783046,4.4,12.181858087263686,25.104265195437414,74.80000000000001,26.11669551209729,53.82105467553118,SEASON
WR,2022,00-0036233,Donovan Peoples-Jones,17.0,11.84285542916842,9.476470588235294,8.062658806198632,8.090783414018144,161.1,95.48490261652205,95.81797828093059,161.1,137.06519970537676,137.54331803830846,PPG
WR,2022,00-0036233,Donovan Peoples-Jones,17.0,11.84285542916842,9.476470588235294,8.062658806198632,8.090783414018144,161.1,95.48490261652205,95.81797828093059,161.1,137.06519970537676,137.54331803830846,SEASON
WR,2022,00-0036247,Freddie Swain,3.0,13.58213726487396,3.8,5.833377699628753,5.201005668370518,11.399999999999999,79.22973663421243,70.64077290319592,64.6,99.1674208936888,88.4170963622988,PPG
WR,2022,00-0036247,Freddie Swain,3.0,13.58213726487396,3.8,5.833377699628753,5.201005668370518,11.399999999999999,79.22973663421243,70.64077290319592,64.6,99.1674208936888,88.4170963622988,SEASON
WR,2022,00-0036252,Michael Pittman,16.0,13.58213726487396,13.53125,13.090526147302567,12.341078081661506,216.5,177.79732300208516,167.618216501654,230.03125,222.53894450414364,209.79832738824558,PPG
WR,2022,00-0036252,Michael Pittman,16.0,13.58213726487396,13.53125,13.090526147302567,12.341078081661506,216.5,177.79732300208516,167.618216501654,230.03125,222.53894450414364,209.79832738824558,SEASON
WR,2022,00-0036255,Denzel Mims,9.0,10.538394052389265,3.288888888888889,3.1494842677230195,3.113778934581541,29.6,33.19050627506583,32.81422940464909,55.91111111111112,53.54123255129133,52.934241887886195,PPG
WR,2022,00-0036255,Denzel Mims,9.0,10.538394052389265,3.288888888888889,3.1494842677230195,3.113778934581541,29.6,33.19050627506583,32.81422940464909,55.91111111111112,53.54123255129133,52.934241887886195,SEASON
WR,2022,00-0036259,Jauan Jennings,16.0,11.84285542916842,5.1625,6.232687006736348,6.153763038116323,82.6,73.81281115603502,72.87812600577185,87.76249999999999,105.9556791145179,104.6139716479775,PPG
WR,2022,00-0036259,Jauan Jennings,16.0,11.84285542916842,5.1625,6.232687006736348,6.153763038116323,82.6,73.81281115603502,72.87812600577185,87.76249999999999,105.9556791145179,104.6139716479775,SEASON
WR,2022,00-0036261,Brandon Aiyuk,17.0,13.58213726487396,13.4,9.458192744840487,9.197669654153476,227.8,128.4624721380585,124.92401175967831,227.8,160.78927666228827,156.3603841206091,PPG
WR,2022,00-0036261,Brandon Aiyuk,17.0,13.58213726487396,13.4,9.458192744840487,9.197669654153476,227.8,128.4624721380585,124.92401175967831,227.8,160.78927666228827,156.3603841206091,SEASON
WR,2022,00-0036268,Laviska Shenault Jr.,13.0,13.147316805947575,5.592307692307693,8.291761103070455,7.716923148441707,72.7,109.0144101013006,101.45683339971353,95.06923076923078,140.95993875219773,131.187693523509,PPG
WR,2022,00-0036268,Laviska Shenault Jr.,13.0,13.147316805947575,5.592307692307693,8.291761103070455,7.716923148441707,72.7,109.0144101013006,101.45683339971353,95.06923076923078,140.95993875219773,131.187693523509,SEASON
WR,2022,00-0036271,Quez Watkins,17.0,13.58213726487396,4.970588235294118,7.616350599658158,6.669092108449887,84.5,103.4463193019622,90.58052444905407,84.5,129.47796019418868,113.37456584364809,PPG
WR,2022,00-0036271,Quez Watkins,17.0,13.58213726487396,4.970588235294118,7.616350599658158,6.669092108449887,84.5,103.4463193019622,90.58052444905407,84.5,129.47796019418868,113.37456584364809,SEASON
WR,2022,00-0036277,Quintez Cephus,3.0,8.36429175775734,1.1666666666666665,7.250979847422199,8.4793937651636,3.4999999999999996,60.64931097345807,70.92412338073687,19.833333333333332,123.26665740617739,144.1496940077812,PPG
WR,2022,00-0036277,Quintez Cephus,3.0,8.36429175775734,1.1666666666666665,7.250979847422199,8.4793937651636,3.4999999999999996,60.64931097345807,70.92412338073687,19.833333333333332,123.26665740617739,144.1496940077812,SEASON
WR,2022,00-0036309,Darnell Mooney,11.0,13.58213726487396,9.227272727272727,11.62032169618983,11.238134911180678,101.5,157.82880433964328,152.6378909648281,156.86363636363635,197.5454688352271,191.04829349007153,PPG
WR,2022,00-0036309,Darnell Mooney,11.0,13.58213726487396,9.227272727272727,11.62032169618983,11.238134911180678,101.5,157.82880433964328,152.6378909648281,156.86363636363635,197.5454688352271,191.04829349007153,SEASON
WR,2022,00-0036322,Justin Jefferson,17.0,13.58213726487396,21.605882352941173,16.826104996773832,16.55858220247929,367.29999999999995,228.53446769936383,224.9009363857727,367.29999999999995,286.04378494515515,281.4958974421479,PPG
WR,2022,00-0036322,Justin Jefferson,17.0,13.58213726487396,21.605882352941173,16.826104996773832,16.55858220247929,367.29999999999995,228.53446769936383,224.9009363857727,367.29999999999995,286.04378494515515,281.4958974421479,SEASON
WR,2022,00-0036326,Chase Claypool,15.0,12.71249634702119,6.733333333333333,10.618152075780591,9.64483975079272,101.0,134.98321947547623,122.60999009955722,114.46666666666667,180.50858528827004,163.96227576347624,PPG
WR,2022,00-0036326,Chase Claypool,15.0,12.71249634702119,6.733333333333333,10.618152075780591,9.64483975079272,101.0,134.98321947547623,122.60999009955722,114.46666666666667,180.50858528827004,163.96227576347624,SEASON
WR,2022,00-0036331,Devin Duvernay,14.0,13.147316805947575,7.864285714285714,5.8332753039298035,5.038215079026139,110.1,76.69191843707526,66.23900978045884,133.69285714285712,99.16568016680667,85.64965634344436,PPG
WR,2022,00-0036331,Devin Duvernay,14.0,13.147316805947575,7.864285714285714,5.8332753039298035,5.038215079026139,110.1,76.69191843707526,66.23900978045884,133.69285714285712,99.16568016680667,85.64965634344436,SEASON
WR,2022,00-0036345,K.J. Osborn,17.0,13.58213726487396,9.152941176470588,9.363390445293533,9.34881355580279,155.6,127.17485429258608,126.97686897862792,155.6,159.17763756999005,158.92983044864744,PPG
WR,2022,00-0036345,K.J. Osborn,17.0,13.58213726487396,9.152941176470588,9.363390445293533,9.34881355580279,155.6,127.17485429258608,126.97686897862792,155.6,159.17763756999005,158.92983044864744,SEASON
WR,2022,00-0036358,CeeDee Lamb,17.0,13.147316805947575,17.741176470588236,12.726698953013987,12.119755214542927,301.6,167.3219430291962,159.34226141613098,301.6,216.35388220123778,206.03583864722975,PPG
WR,2022,00-0036358,CeeDee Lamb,17.0,13.147316805947575,17.741176470588236,12.726698953013987,12.119755214542927,301.6,167.3219430291962,159.34226141613098,301.6,216.35388220123778,206.03583864722975,SEASON
WR,2022,00-0036365,Bryan Edwards,4.0,13.147316805947575,1.125,6.80344407630207,6.573672288157281,4.5,89.44703464269068,86.42615215088207,19.125,115.6585492971352,111.75242889867378,PPG
WR,2022,00-0036365,Bryan Edwards,4.0,13.147316805947575,1.125,6.80344407630207,6.573672288157281,4.5,89.44703464269068,86.42615215088207,19.125,115.6585492971352,111.75242889867378,SEASON
WR,2022,00-0036387,Jalen Reagor,17.0,13.58213726487396,1.5823529411764705,5.666913917077196,4.958984940670557,26.9,76.96880268996705,67.35361415863035,26.9,96.33753659031233,84.30274399139947,PPG
WR,2022,00-0036387,Jalen Reagor,17.0,13.58213726487396,1.5823529411764705,5.666913917077196,4.958984940670557,26.9,76.96880268996705,67.35361415863035,26.9,96.33753659031233,84.30274399139947,SEASON
WR,2022,00-0036407,Jerry Jeudy,15.0,10.538394052389265,13.613333333333335,7.653286074944354,8.13424710127792,204.20000000000002,80.65334445342717,85.72190127277185,231.4266666666667,130.10586327405403,138.28220072172462,PPG
WR,2022,00-0036407,Jerry Jeudy,15.0,10.538394052389265,13.613333333333335,7.653286074944354,8.13424710127792,204.20000000000002,80.65334445342717,85.72190127277185,231.4266666666667,130.10586327405403,138.28220072172462,SEASON
WR,2022,00-0036410,Tee Higgins,14.0,12.277675888094805,15.778571428571428,13.407461839018595,13.622780882679304,220.9,164.61247094146984,167.25608837207056,268.23571428571427,227.9268512633161,231.58727500554818,PPG
WR,2022,00-0036410,Tee Higgins,14.0,12.277675888094805,15.778571428571428,13.407461839018595,13.622780882679304,220.9,164.61247094146984,167.25608837207056,268.23571428571427,227.9268512633161,231.58727500554818,SEASON
WR,2022,00-0036412,KJ Hamler,6.0,7.494650839904569,4.300000000000001,3.629663293141923,4.753300595950339,25.800000000000004,27.2030590485169,35.6243283037581,73.10000000000001,61.70427598341269,80.80611013115576,PPG
WR,2022,00-0036412,KJ Hamler,6.0,7.494650839904569,4.300000000000001,3.629663293141923,4.753300595950339,25.800000000000004,27.2030590485169,35.6243283037581,73.10000000000001,61.70427598341269,80.80611013115576,SEASON
WR,2022,00-0036415,Van Jefferson,10.0,13.58213726487396,7.889999999999999,9.74345112998676,8.492749088045564,78.89999999999999,132.33689068107145,115.34968386996799,134.12999999999997,165.63866920977492,144.3767344967746,PPG
WR,2022,00-0036415,Van Jefferson,10.0,13.58213726487396,7.889999999999999,9.74345112998676,8.492749088045564,78.89999999999999,132.33689068107145,115.34968386996799,134.12999999999997,165.63866920977492,144.3767344967746,SEASON
WR,2022,00-0036439,Tyrie Cleveland,5.0,7.929471298830954,0.96,0.8648715993251357,1.4409157981154532,4.8,6.857974524022688,11.425700465188584,16.32,14.702817188527307,24.495568567962707,PPG
WR,2022,00-0036439,Tyrie Cleveland,5.0,7.929471298830954,0.96,0.8648715993251357,1.4409157981154532,4.8,6.857974524022688,11.425700465188584,16.32,14.702817188527307,24.495568567962707,SEASON
WR,2022,00-0036550,Rashod Bateman,6.0,11.408034970242035,8.916666666666666,7.916549001981452,8.14758207252166,53.5,90.31226785823908,92.94790120624417,151.58333333333331,134.5813330336847,138.5088952328682,PPG
WR,2022,00-0036550,Rashod Bateman,6.0,11.408034970242035,8.916666666666666,7.916549001981452,8.14758207252166,53.5,90.31226785823908,92.94790120624417,151.58333333333331,134.5813330336847,138.5088952328682,SEASON
WR,2022,00-0036554,Nico Collins,10.0,12.277675888094805,9.71,6.716193512687186,6.582459170078226,97.10000000000001,82.45924715049821,80.81730023683798,165.07000000000002,114.17528971568215,111.90180589132984,PPG
WR,2022,00-0036554,Nico Collins,10.0,12.277675888094805,9.71,6.716193512687186,6.582459170078226,97.10000000000001,82.45924715049821,80.81730023683798,165.07000000000002,114.17528971568215,111.90180589132984,SEASON
WR,2022,00-0036572,Shi Smith,17.0,8.36429175775734,3.623529411764706,3.0294388024893912,3.933739647430489,61.6,25.33911000629228,32.9029461101661,61.6,51.500459642319655,66.87357400631831,PPG
WR,2022,00-0036572,Shi Smith,17.0,8.36429175775734,3.623529411764706,3.0294388024893912,3.933739647430489,61.6,25.33911000629228,32.9029461101661,61.6,51.500459642319655,66.87357400631831,SEASON
WR,2022,00-0036613,Jaylen Waddle,17.0,13.147316805947575,15.24705882352941,12.196715650625087,13.203889470671836,259.2,160.35408465082702,173.59571794163807,259.2,207.3441660606265,224.46612100142121,PPG
WR,2022,00-0036613,Jaylen Waddle,17.0,13.147316805947575,15.24705882352941,12.196715650625087,13.203889470671836,259.2,160.35408465082702,173.59571794163807,259.2,207.3441660606265,224.46612100142121,SEASON
WR,2022,00-0036620,Dee Eskridge,9.0,9.668753134536495,1.5333333333333334,4.049334501945852,4.2939882414041834,13.8,39.15201565847573,41.51751226873955,26.06666666666667,68.83868653307948,72.99780010387111,PPG
WR,2022,00-0036620,Dee Eskridge,9.0,9.668753134536495,1.5333333333333334,4.049334501945852,4.2939882414041834,13.8,39.15201565847573,41.51751226873955,26.06666666666667,68.83868653307948,72.99780010387111,SEASON
WR,2022,00-0036626,Dyami Brown,9.0,10.538394052389265,3.6444444444444444,3.1527705451437784,3.555799093335128,32.8,33.225138361491254,37.47241201669405,61.955555555555556,53.597099267444236,60.44858458669717,PPG
WR,2022,00-0036626,Dyami Brown,9.0,10.538394052389265,3.6444444444444444,3.1527705451437784,3.555799093335128,32.8,33.225138361491254,37.47241201669405,61.955555555555556,53.597099267444236,60.44858458669717,SEASON
WR,2022,00-0036627,Dez Fitzpatrick,1.0,7.494650839904569,0.0,3.5862248440087474,5.032650104668102,0.0,26.877503039236792,37.71795533389661,0.0,60.965822348148706,85.55505177935774,PPG
WR,2022,00-0036627,Dez Fitzpatrick,1.0,7.494650839904569,0.0,3.5862248440087474,5.032650104668102,0.0,26.877503039236792,37.71795533389661,0.0,60.965822348148706,85.55505177935774,SEASON
WR,2022,00-0036630,Tylan Wallace,5.0,10.538394052389265,1.46,1.8478308861649344,1.740639675089338,7.3,19.47317002058173,18.34354679931426,24.82,31.413125064803886,29.590874476518746,PPG
WR,2022,00-0036630,Tylan Wallace,5.0,10.538394052389265,1.46,1.8478308861649344,1.740639675089338,7.3,19.47317002058173,18.34354679931426,24.82,31.413125064803886,29.590874476518746,SEASON
WR,2022,00-0036635,Ihmir Smith-Marsette,4.0,8.799112216683724,0.125,3.7986016574689683,4.794403837288302,0.5,33.42432225055024,42.186497376398826,2.125,64.57622817697246,81.50486523390113,PPG
WR,2022,00-0036635,Ihmir Smith-Marsette,4.0,8.799112216683724,0.125,3.7986016574689683,4.794403837288302,0.5,33.42432225055024,42.186497376398826,2.125,64.57622817697246,81.50486523390113,SEASON
WR,2022,00-0036652,Racey McMath,4.0,8.799112216683724,1.6,1.0474919802444755,1.469019631081003,6.4,9.216999480247392,12.926068582393071,27.200000000000003,17.807363664156085,24.973333728377053,PPG
WR,2022,00-0036652,Racey McMath,4.0,8.799112216683724,1.6,1.0474919802444755,1.469019631081003,6.4,9.216999480247392,12.926068582393071,27.200000000000003,17.807363664156085,24.973333728377053,SEASON
WR,2022,00-0036671,Dax Milne,15.0,10.10357359346288,1.0466666666666669,2.2343468942902875,2.805978043271739,15.700000000000003,22.574888279787146,28.350405661836984,17.793333333333337,37.98389720293489,47.70162673561956,PPG
WR,2022,00-0036671,Dax Milne,15.0,10.10357359346288,1.0466666666666669,2.2343468942902875,2.805978043271739,15.700000000000003,22.574888279787146,28.350405661836984,17.793333333333337,37.98389720293489,47.70162673561956,SEASON
WR,2022,00-0036849,Tutu Atwell,12.0,8.799112216683724,5.266666666666667,0.9228687932218695,1.367027549379045,63.2,8.120426072834718,12.028628810284367,89.53333333333333,15.688769484771782,23.239468339443764,PPG
WR,2022,00-0036849,Tutu Atwell,12.0,8.799112216683724,5.266666666666667,0.9228687932218695,1.367027549379045,63.2,8.120426072834718,12.028628810284367,89.53333333333333,15.688769484771782,23.239468339443764,SEASON
WR,2022,00-0036862,Ben Skowronek,14.0,11.408034970242035,6.021428571428571,3.3667029559633823,3.02649054388604,84.3,38.40746505604749,34.526309961758784,102.36428571428571,57.2339502513775,51.45033924606268,PPG
WR,2022,00-0036862,Ben Skowronek,14.0,11.408034970242035,6.021428571428571,3.3667029559633823,3.02649054388604,84.3,38.40746505604749,34.526309961758784,102.36428571428571,57.2339502513775,51.45033924606268,SEASON
WR,2022,00-0036877,Jaelon Darden,14.0,10.10357359346288,0.34285714285714286,2.5964993395065106,2.3641224710073887,4.8,26.23392216208179,23.886085369782464,5.828571428571428,44.14048877161068,40.19008200712561,PPG
WR,2022,00-0036877,Jaelon Darden,14.0,10.10357359346288,0.34285714285714286,2.5964993395065106,2.3641224710073887,4.8,26.23392216208179,23.886085369782464,5.828571428571428,44.14048877161068,40.19008200712561,SEASON
WR,2022,00-0036900,Ja'Marr Chase,12.0,13.58213726487396,20.2,15.197956705862751,14.889965127289992,242.39999999999998,206.42073412463958,202.23755022803914,343.4,258.36526399966675,253.12940716392987,PPG
WR,2022,00-0036900,Ja'Marr Chase,12.0,13.58213726487396,20.2,15.197956705862751,14.889965127289992,242.39999999999998,206.42073412463958,202.23755022803914,343.4,258.36526399966675,253.12940716392987,SEASON
WR,2022,00-0036912,DeVonta Smith,17.0,13.58213726487396,15.094117647058823,10.627363556468696,10.300798886075738,256.6,144.34231058767693,139.90686440854145,256.6,180.66518045996784,175.11358106328754,PPG
WR,2022,00-0036912,DeVonta Smith,17.0,13.58213726487396,15.094117647058823,10.627363556468696,10.300798886075738,256.6,144.34231058767693,139.90686440854145,256.6,180.66518045996784,175.11358106328754,SEASON
WR,2022,00-0036913,Kadarius Toney,9.0,10.10357359346288,6.5888888888888895,8.238925316386277,8.806290304101967,59.300000000000004,83.24258826515319,88.97500217289283,112.01111111111112,140.06173037856672,149.70693516973344,PPG
WR,2022,00-0036913,Kadarius Toney,9.0,10.10357359346288,6.5888888888888895,8.238925316386277,8.806290304101967,59.300000000000004,83.24258826515319,88.97500217289283,112.01111111111112,140.06173037856672,149.70693516973344,SEASON
WR,2022,00-0036936,Rondale Moore,8.0,12.277675888094805,11.05,8.122250250653975,7.715804946452625,88.4,99.72235605952629,94.73215234830403,187.85000000000002,138.07825426111756,131.16868408969464,PPG
WR,2022,00-0036936,Rondale Moore,8.0,12.277675888094805,11.05,8.122250250653975,7.715804946452625,88.4,99.72235605952629,94.73215234830403,187.85000000000002,138.07825426111756,131.16868408969464,SEASON
WR,2022,00-0036951,Frank Darby,1.0,7.929471298830954,2.5,1.4779734983733017,1.9940263202401816,2.5,11.719548435783874,15.81157447545802,42.5,25.12554947234613,33.89844744408309,PPG
WR,2022,00-0036951,Frank Darby,1.0,7.929471298830954,2.5,1.4779734983733017,1.9940263202401816,2.5,11.719548435783874,15.81157447545802,42.5,25.12554947234613,33.89844744408309,SEASON
WR,2022,00-0036955,Terrace Marshall Jr.,13.0,11.408034970242035,6.384615384615385,3.564913799096135,3.4256838196123978,83.0,40.66866128598709,39.08032081113054,108.53846153846155,60.60353458463429,58.23662493341076,PPG
WR,2022,00-0036955,Terrace Marshall Jr.,13.0,11.408034970242035,6.384615384615385,3.564913799096135,3.4256838196123978,83.0,40.66866128598709,39.08032081113054,108.53846153846155,60.60353458463429,58.23662493341076,SEASON
WR,2022,00-0036963,Amon-Ra St. Brown,16.0,13.147316805947575,16.725,12.925849213207416,12.449603691842254,267.6,169.9402345919461,163.67888384514464,284.32500000000005,219.73943662452606,211.6432627613183,PPG
WR,2022,00-0036963,Amon-Ra St. Brown,16.0,13.147316805947575,16.725,12.925849213207416,12.449603691842254,267.6,169.9402345919461,163.67888384514464,284.32500000000005,219.73943662452606,211.6432627613183,SEASON
WR,2022,00-0036980,Elijah Moore,14.0,10.97321451131565,6.292857142857143,10.532132599651403,10.86252065933233,88.1,115.5713502775954,119.19676932845155,106.97857142857143,179.04625419407384,184.66285120864958,PPG
WR,2022,00-0036980,Elijah Moore,14.0,10.97321451131565,6.292857142857143,10.532132599651403,10.86252065933233,88.1,115.5713502775954,119.19676932845155,106.97857142857143,179.04625419407384,184.66285120864958,SEASON
WR,2022,00-0036988,Josh Palmer,16.0,12.71249634702119,10.58125,6.367447986228805,6.100862841850609,169.3,80.94615926478112,77.55719659070319,179.88125000000002,108.24661576588969,103.71466831146036,PPG
WR,2022,00-0036988,Josh Palmer,16.0,12.71249634702119,10.58125,6.367447986228805,6.100862841850609,169.3,80.94615926478112,77.55719659070319,179.88125000000002,108.24661576588969,103.71466831146036,SEASON
WR,2022,00-0036991,Amari Rodgers,15.0,13.147316805947575,2.873333333333334,3.4163988707588016,1.9232947980392459,43.10000000000001,44.91647828934751,25.286166021052924,48.84666666666668,58.07878080289963,32.69601156666718,PPG
WR,2022,00-0036991,Amari Rodgers,15.0,13.147316805947575,2.873333333333334,3.4163988707588016,1.9232947980392459,43.10000000000001,44.91647828934751,25.286166021052924,48.84666666666668,58.07878080289963,32.69601156666718,SEASON
WR,2022,00-0036999,Anthony Schwartz,7.0,11.84285542916842,2.685714285714286,3.9200238976028436,3.342115236716574,18.8,46.424276298195785,39.58018757605538,45.65714285714286,66.64040625924834,56.81595902418176,PPG
WR,2022,00-0036999,Anthony Schwartz,7.0,11.84285542916842,2.685714285714286,3.9200238976028436,3.342115236716574,18.8,46.424276298195785,39.58018757605538,45.65714285714286,66.64040625924834,56.81595902418176,SEASON
WR,2023,00-0026293,Matthew Slater,5.0,9.364472333133902,0.0,1.1957193979942382,1.1134796087678291,0.0,11.197281220708568,10.427148989815096,0.0,20.32722976590205,18.929153349053095,PPG
WR,2023,00-0026293,Matthew Slater,5.0,9.364472333133902,0.0,1.1957193979942382,1.1134796087678291,0.0,11.197281220708568,10.427148989815096,0.0,20.32722976590205,18.929153349053095,SEASON
WR,2023,00-0027944,Julio Jones,8.0,10.274806397294812,4.55,6.4324825032944615,6.575393594008209,36.4,66.09251237533688,67.56089616444687,77.35,109.35220255600585,111.78169109813955,PPG
WR,2023,00-0027944,Julio Jones,8.0,10.274806397294812,4.55,6.4324825032944615,6.575393594008209,36.4,66.09251237533688,67.56089616444687,77.35,109.35220255600585,111.78169109813955,SEASON
WR,2023,00-0028002,Randall Cobb,9.0,11.640307493536177,1.8777777777777778,6.480862007846025,6.001909447252838,16.9,75.439226594504,69.86407151438279,31.92222222222222,110.17465413338243,102.03246060329825,PPG
WR,2023,00-0028002,Randall Cobb,9.0,11.640307493536177,1.8777777777777778,6.480862007846025,6.001909447252838,16.9,75.439226594504,69.86407151438279,31.92222222222222,110.17465413338243,102.03246060329825,SEASON
WR,2023,00-0029293,Marvin Jones,4.0,13.005808589777542,1.625,7.615124904580151,6.987251617447843,6.5,99.04085689621742,90.87485710514018,27.625,129.45712337786256,118.78327749661332,PPG
WR,2023,00-0029293,Marvin Jones,4.0,13.005808589777542,1.625,7.615124904580151,6.987251617447843,6.5,99.04085689621742,90.87485710514018,27.625,129.45712337786256,118.78327749661332,SEASON
WR,2023,00-0030035,Adam Thielen,17.0,13.460975621857997,13.588235294117647,9.420213595112381,9.074751915283512,231.0,126.80526555650304,122.15501430604053,231.0,160.14363111691048,154.2707825598197,PPG
WR,2023,00-0030035,Adam Thielen,17.0,13.460975621857997,13.588235294117647,9.420213595112381,9.074751915283512,231.0,126.80526555650304,122.15501430604053,231.0,160.14363111691048,154.2707825598197,SEASON
WR,2023,00-0030068,Marquise Goodwin,10.0,11.640307493536177,1.4000000000000001,6.267026794239228,6.434633556366629,14.000000000000002,72.95011895517489,74.90111320433381,23.8,106.53945550206687,109.3887704582327,PPG
WR,2023,00-0030068,Marquise Goodwin,10.0,11.640307493536177,1.4000000000000001,6.267026794239228,6.434633556366629,14.000000000000002,72.95011895517489,74.90111320433381,23.8,106.53945550206687,109.3887704582327,SEASON
WR,2023,00-0030279,Keenan Allen,13.0,10.274806397294812,20.992307692307694,13.969524378163921,14.343128432870566,272.90000000000003,143.53415844792448,147.3728677792796,356.8692307692308,237.48191442878667,243.83318335879963,PPG
WR,2023,00-0030279,Keenan Allen,13.0,10.274806397294812,20.992307692307694,13.969524378163921,14.343128432870566,272.90000000000003,143.53415844792448,147.3728677792796,356.8692307692308,237.48191442878667,243.83318335879963,SEASON
WR,2023,00-0030431,Robert Woods,14.0,13.460975621857997,6.378571428571428,7.364118372930543,7.188569075687429,89.3,99.12821789449463,96.76515308387076,108.43571428571428,125.19001233981923,122.20567428668629,PPG
WR,2023,00-0030431,Robert Woods,14.0,13.460975621857997,6.378571428571428,7.364118372930543,7.188569075687429,89.3,99.12821789449463,96.76515308387076,108.43571428571428,125.19001233981923,122.20567428668629,SEASON
WR,2023,00-0030564,DeAndre Hopkins,17.0,9.819639365214357,13.15294117647059,14.252062065899514,14.729977172748182,223.60000000000002,139.9501096977851,144.64306369422692,223.60000000000002,242.28505512029173,250.4096119367191,PPG
WR,2023,00-0030564,DeAndre Hopkins,17.0,9.819639365214357,13.15294117647059,14.252062065899514,14.729977172748182,223.60000000000002,139.9501096977851,144.64306369422692,223.60000000000002,242.28505512029173,250.4096119367191,SEASON
WR,2023,00-0031236,Brandin Cooks,16.0,11.640307493536177,10.825,9.884258597302074,9.95180156278906,173.2,115.05580941822471,115.84203030551853,184.02499999999998,168.03239615413526,169.180626567414,PPG
WR,2023,00-0031236,Brandin Cooks,16.0,11.640307493536177,10.825,9.884258597302074,9.95180156278906,173.2,115.05580941822471,115.84203030551853,184.02499999999998,168.03239615413526,169.180626567414,SEASON
WR,2023,00-0031381,Davante Adams,17.0,13.460975621857997,15.611764705882354,16.648628835058886,16.46147776971973,265.40000000000003,224.1067868860898,221.58755095795462,265.40000000000003,283.0266901960011,279.8451220852354,PPG
WR,2023,00-0031381,Davante Adams,17.0,13.460975621857997,15.611764705882354,16.648628835058886,16.46147776971973,265.40000000000003,224.1067868860898,221.58755095795462,265.40000000000003,283.0266901960011,279.8451220852354,SEASON
WR,2023,00-0031408,Mike Evans,17.0,12.550641557697087,16.61764705882353,12.957066465096148,12.516442868115739,282.5,162.619496842679,157.0893880151147,282.5,220.2701299066345,212.77952875796757,PPG
WR,2023,00-0031408,Mike Evans,17.0,12.550641557697087,16.61764705882353,12.957066465096148,12.516442868115739,282.5,162.619496842679,157.0893880151147,282.5,220.2701299066345,212.77952875796757,SEASON
WR,2023,00-0031428,Allen Robinson,15.0,10.274806397294812,4.133333333333334,7.339465655095381,7.959062761644359,62.00000000000001,75.41158866569958,81.77782897981437,70.26666666666668,124.77091613662148,135.3040669479541,PPG
WR,2023,00-0031428,Allen Robinson,15.0,10.274806397294812,4.133333333333334,7.339465655095381,7.959062761644359,62.00000000000001,75.41158866569958,81.77782897981437,70.26666666666668,124.77091613662148,135.3040669479541,SEASON
WR,2023,00-0031544,Amari Cooper,15.0,13.460975621857997,15.133333333333333,13.011432556408023,12.369937531213484,227.0,175.14657644725787,166.51142755157102,257.26666666666665,221.19435345893638,210.28893803062923,PPG
WR,2023,00-0031544,Amari Cooper,15.0,13.460975621857997,15.133333333333333,13.011432556408023,12.369937531213484,227.0,175.14657644725787,166.51142755157102,257.26666666666665,221.19435345893638,210.28893803062923,SEASON
WR,2023,00-0031547,DeVante Parker,13.0,11.185140461455722,5.569230769230769,7.72393790667351,7.682862140333369,72.39999999999999,86.39333040170548,85.93389218562908,94.67692307692307,131.30694441344966,130.60865638566727,PPG
WR,2023,00-0031547,DeVante Parker,13.0,11.185140461455722,5.569230769230769,7.72393790667351,7.682862140333369,72.39999999999999,86.39333040170548,85.93389218562908,94.67692307692307,131.30694441344966,130.60865638566727,SEASON
WR,2023,00-0031549,Nelson Agholor,16.0,12.095474525616632,6.06875,5.863079811364904,5.660186056932769,97.1,70.91673250002137,68.46263626188076,103.16874999999999,99.67235679320336,96.22316296785708,PPG
WR,2023,00-0031549,Nelson Agholor,16.0,12.095474525616632,6.06875,5.863079811364904,5.660186056932769,97.1,70.91673250002137,68.46263626188076,103.16874999999999,99.67235679320336,96.22316296785708,SEASON
WR,2023,00-0031588,Stefon Diggs,17.0,13.005808589777542,16.10588235294118,16.443351516205947,16.046328907794063,273.80000000000007,213.8590823942029,208.6954823433837,273.80000000000007,279.5369757755011,272.7875914324991,PPG
WR,2023,00-0031588,Stefon Diggs,17.0,13.005808589777542,16.10588235294118,16.443351516205947,16.046328907794063,273.80000000000007,213.8590823942029,208.6954823433837,273.80000000000007,279.5369757755011,272.7875914324991,SEASON
WR,2023,00-0031763,DeAndre Carter,17.0,13.460975621857997,0.5705882352941176,6.774570334094173,6.105028572579322,9.7,91.19232611580406,82.17964078623677,9.7,115.16769567960095,103.78548573384847,PPG
WR,2023,00-0031763,DeAndre Carter,17.0,13.460975621857997,0.5705882352941176,6.774570334094173,6.105028572579322,9.7,91.19232611580406,82.17964078623677,9.7,115.16769567960095,103.78548573384847,SEASON
WR,2023,00-0031868,Damiere Byrd,1.0,11.185140461455722,0.0,4.532023815939993,4.428262240332149,0.0,50.69132295595137,49.53073515827568,0.0,77.04440487097987,75.28045808564653,PPG
WR,2023,00-0031868,Damiere Byrd,1.0,11.185140461455722,0.0,4.532023815939993,4.428262240332149,0.0,50.69132295595137,49.53073515827568,0.0,77.04440487097987,75.28045808564653,SEASON
WR,2023,00-0031941,Jamison Crowder,16.0,7.543804204812083,2.36875,3.3358184385788365,3.8300629499660896,37.9,25.1647611634407,28.893244986649155,40.26875,56.70891345584022,65.11107014942353,PPG
WR,2023,00-0031941,Jamison Crowder,16.0,7.543804204812083,2.36875,3.3358184385788365,3.8300629499660896,37.9,25.1647611634407,28.893244986649155,40.26875,56.70891345584022,65.11107014942353,SEASON
WR,2023,00-0032128,Chris Conley,1.0,7.543804204812083,9.9,2.4312295700781124,2.9286808295754554,9.9,18.340719853618737,22.09339475670386,168.3,41.33090269132791,49.78757410278274,PPG
WR,2023,00-0032128,Chris Conley,1.0,7.543804204812083,9.9,2.4312295700781124,2.9286808295754554,9.9,18.340719853618737,22.09339475670386,168.3,41.33090269132791,49.78757410278274,SEASON
WR,2023,00-0032208,Phillip Dorsett,2.0,12.550641557697087,0.0,4.171394161594434,3.9480035719522877,0.0,52.3536729180421,49.54997770008092,0.0,70.91370074710538,67.1160607231889,PPG
WR,2023,00-0032208,Phillip Dorsett,2.0,12.550641557697087,0.0,4.171394161594434,3.9480035719522877,0.0,52.3536729180421,49.54997770008092,0.0,70.91370074710538,67.1160607231889,SEASON
WR,2023,00-0032211,Tyler Lockett,17.0,13.005808589777542,11.905882352941177,12.935588214382491,12.626237941549684,202.4,168.23778431244094,164.214433876782,202.4,219.90499964450237,214.64604500634462,PPG
WR,2023,00-0032211,Tyler Lockett,17.0,13.005808589777542,11.905882352941177,12.935588214382491,12.626237941549684,202.4,168.23778431244094,164.214433876782,202.4,219.90499964450237,214.64604500634462,SEASON
WR,2023,00-0032385,Sterling Shepard,10.0,7.0886371727316275,2.23,9.144790377460293,10.130781725344496,22.3,64.82410100650353,71.81343592710725,37.91,155.46143641682497,172.22328933085643,PPG
WR,2023,00-0032385,Sterling Shepard,10.0,7.0886371727316275,2.23,9.144790377460293,10.130781725344496,22.3,64.82410100650353,71.81343592710725,37.91,155.46143641682497,172.22328933085643,SEASON
WR,2023,00-0032398,Chris Moore,15.0,12.550641557697087,4.553333333333333,7.362576533002615,7.793427413379608,68.3,92.40505900682797,97.81251397125783,77.40666666666665,125.16380106104445,132.48826602745334,PPG
WR,2023,00-0032398,Chris Moore,15.0,12.550641557697087,4.553333333333333,7.362576533002615,7.793427413379608,68.3,92.40505900682797,97.81251397125783,77.40666666666665,125.16380106104445,132.48826602745334,SEASON
WR,2023,00-0032464,Kalif Raymond,17.0,13.460975621857997,5.729411764705883,7.2938384181442615,6.334992235850559,97.40000000000002,98.1821811364112,85.27517605144406,97.40000000000002,123.99525310845245,107.69486800945951,PPG
WR,2023,00-0032464,Kalif Raymond,17.0,13.460975621857997,5.729411764705883,7.2938384181442615,6.334992235850559,97.40000000000002,98.1821811364112,85.27517605144406,97.40000000000002,123.99525310845245,107.69486800945951,SEASON
WR,2023,00-0032688,Robbie Chosen,6.0,11.185140461455722,3.7666666666666666,5.23063527547372,4.6890353396938815,22.6,58.5053902588187,52.44751890320581,64.03333333333333,88.92079968305323,79.71360077479599,PPG
WR,2023,00-0032688,Robbie Chosen,6.0,11.185140461455722,3.7666666666666666,5.23063527547372,4.6890353396938815,22.6,58.5053902588187,52.44751890320581,64.03333333333333,88.92079968305323,79.71360077479599,SEASON
WR,2023,00-0032765,Michael Thomas,10.0,7.0886371727316275,8.98,12.593197049942113,13.836886412837126,89.80000000000001,89.26860473175392,98.08466738090243,152.66,214.08434984901592,235.22706901823113,PPG
WR,2023,00-0032765,Michael Thomas,10.0,7.0886371727316275,8.98,12.593197049942113,13.836886412837126,89.80000000000001,89.26860473175392,98.08466738090243,152.66,214.08434984901592,235.22706901823113,SEASON
WR,2023,00-0032775,Demarcus Robinson,8.0,13.005808589777542,10.924999999999999,6.868939899866506,6.61043329051689,87.39999999999999,89.33611755234949,85.974030071956,185.725,116.7719782977306,112.37736593878714,PPG
WR,2023,00-0032775,Demarcus Robinson,8.0,13.005808589777542,10.924999999999999,6.868939899866506,6.61043329051689,87.39999999999999,89.33611755234949,85.974030071956,185.725,116.7719782977306,112.37736593878714,SEASON
WR,2023,00-0032951,Laquon Treadwell,3.0,7.0886371727316275,0.8666666666666667,2.9290435306509166,4.130314183032384,2.6,20.76292685192118,29.27829865290402,14.733333333333334,49.79374002106558,70.21534111155053,PPG
WR,2023,00-0032951,Laquon Treadwell,3.0,7.0886371727316275,0.8666666666666667,2.9290435306509166,4.130314183032384,2.6,20.76292685192118,29.27829865290402,14.733333333333334,49.79374002106558,70.21534111155053,SEASON
WR,2023,00-0033009,Tyler Boyd,17.0,13.005808589777542,8.635294117647058,9.554831737007836,8.906197071612791,146.79999999999998,124.2683126790556,115.83229437623324,146.79999999999998,162.43213952913322,151.40535021741744,PPG
WR,2023,00-0033009,Tyler Boyd,17.0,13.005808589777542,8.635294117647058,9.554831737007836,8.906197071612791,146.79999999999998,124.2683126790556,115.83229437623324,146.79999999999998,162.43213952913322,151.40535021741744,SEASON
WR,2023,00-0033040,Tyreek Hill,16.0,13.460975621857997,23.525,17.317028083830202,16.909214109793922,376.4,233.10409287946865,227.61451891671325,399.92499999999995,294.38947742511345,287.4566398664967,PPG
WR,2023,00-0033040,Tyreek Hill,16.0,13.460975621857997,23.525,17.317028083830202,16.909214109793922,376.4,233.10409287946865,227.61451891671325,399.92499999999995,294.38947742511345,287.4566398664967,SEASON
WR,2023,00-0033251,Zach Pascal,10.0,12.550641557697087,0.5900000000000001,3.2578733208662776,2.9968910493210488,5.9,40.88840029057692,37.612905347499186,10.030000000000001,55.38384645472672,50.94714783845783,PPG
WR,2023,00-0033251,Zach Pascal,10.0,12.550641557697087,0.5900000000000001,3.2578733208662776,2.9968910493210488,5.9,40.88840029057692,37.612905347499186,10.030000000000001,55.38384645472672,50.94714783845783,SEASON
WR,2023,00-0033282,Curtis Samuel,16.0,13.460975621857997,9.825000000000001,8.972264743481034,9.205118202088538,157.20000000000002,120.7754369848542,123.90987171463513,167.025,152.5285006391776,156.48700943550514,PPG
WR,2023,00-0033282,Curtis Samuel,16.0,13.460975621857997,9.825000000000001,8.972264743481034,9.205118202088538,157.20000000000002,120.7754369848542,123.90987171463513,167.025,152.5285006391776,156.48700943550514,SEASON
WR,2023,00-0033292,Trent Taylor,15.0,13.005808589777542,0.0,3.042321077252412,1.9825183625080445,0.0,39.56784559939069,25.784254348498834,0.0,51.719458313291,33.702812162636754,PPG
WR,2023,00-0033292,Trent Taylor,15.0,13.005808589777542,0.0,3.042321077252412,1.9825183625080445,0.0,39.56784559939069,25.784254348498834,0.0,51.719458313291,33.702812162636754,SEASON
WR,2023,00-0033307,Kendrick Bourne,8.0,13.005808589777542,12.5,6.182408115283211,5.7198569740660385,100.0,80.40721657126078,74.39136496560707,212.5,105.10093795981459,97.23756855912265,PPG
WR,2023,00-0033307,Kendrick Bourne,8.0,13.005808589777542,12.5,6.182408115283211,5.7198569740660385,100.0,80.40721657126078,74.39136496560707,212.5,105.10093795981459,97.23756855912265,SEASON
WR,2023,00-0033466,Isaiah McKenzie,13.0,12.550641557697087,1.5846153846153848,7.6013296357919335,7.331074241378343,20.6,95.4015636207247,92.00968503640568,26.938461538461542,129.22260380846288,124.62826210343184,PPG
WR,2023,00-0033466,Isaiah McKenzie,13.0,12.550641557697087,1.5846153846153848,7.6013296357919335,7.331074241378343,20.6,95.4015636207247,92.00968503640568,26.938461538461542,129.22260380846288,124.62826210343184,SEASON
WR,2023,00-0033536,Mike Williams,3.0,11.640307493536177,16.733333333333334,11.793071170482838,11.647792774961143,50.2,137.27497471757684,135.58388952153675,284.4666666666667,200.48220989820825,198.01247717433944,PPG
WR,2023,00-0033536,Mike Williams,3.0,11.640307493536177,16.733333333333334,11.793071170482838,11.647792774961143,50.2,137.27497471757684,135.58388952153675,284.4666666666667,200.48220989820825,198.01247717433944,SEASON
WR,2023,00-0033555,Mack Hollins,12.0,13.460975621857997,3.591666666666667,8.718239750523269,8.519645641763619,43.1,117.35601274730708,114.6827422906488,61.05833333333334,148.21007575889558,144.83397590998152,PPG
WR,2023,00-0033555,Mack Hollins,12.0,13.460975621857997,3.591666666666667,8.718239750523269,8.519645641763619,43.1,117.35601274730708,114.6827422906488,61.05833333333334,148.21007575889558,144.83397590998152,SEASON
WR,2023,00-0033572,Jamal Agnew,11.0,12.550641557697087,3.6818181818181817,4.85781327523291,4.4288513191050445,40.5,60.968673171670765,55.584925418421335,62.590909090909086,82.58282567895948,75.29047242478576,PPG
WR,2023,00-0033572,Jamal Agnew,11.0,12.550641557697087,3.6818181818181817,4.85781327523291,4.4288513191050445,40.5,60.968673171670765,55.584925418421335,62.590909090909086,82.58282567895948,75.29047242478576,SEASON
WR,2023,00-0033591,Noah Brown,10.0,13.005808589777542,10.170000000000002,7.310181302384005,7.067739313376965,101.70000000000002,95.07481877537707,91.92166467222656,172.89000000000004,124.27308214052809,120.1515683274084,PPG
WR,2023,00-0033591,Noah Brown,10.0,13.005808589777542,10.170000000000002,7.310181302384005,7.067739313376965,101.70000000000002,95.07481877537707,91.92166467222656,172.89000000000004,124.27308214052809,120.1515683274084,SEASON
WR,2023,00-0033857,JuJu Smith-Schuster,11.0,13.005808589777542,5.545454545454545,10.509447533834155,10.386089542511252,60.99999999999999,136.68386300935666,135.07949258619155,94.27272727272727,178.66060807518065,176.5635222226913,PPG
WR,2023,00-0033857,JuJu Smith-Schuster,11.0,13.005808589777542,5.545454545454545,10.509447533834155,10.386089542511252,60.99999999999999,136.68386300935666,135.07949258619155,94.27272727272727,178.66060807518065,176.5635222226913,SEASON
WR,2023,00-0033891,Zay Jones,9.0,13.005808589777542,8.677777777777777,10.96915269127505,10.82232554493093,78.1,142.6627002947665,140.7530945336316,147.5222222222222,186.47559575167585,183.9795342638258,PPG
WR,2023,00-0033891,Zay Jones,9.0,13.005808589777542,8.677777777777777,10.96915269127505,10.82232554493093,78.1,142.6627002947665,140.7530945336316,147.5222222222222,186.47559575167585,183.9795342638258,SEASON
WR,2023,00-0033908,Cooper Kupp,12.0,9.819639365214357,13.725000000000001,17.36695749033488,18.49130772135592,164.70000000000002,170.5372594260967,181.57797321491879,233.32500000000002,295.23827733569294,314.3522312630506,PPG
WR,2023,00-0033908,Cooper Kupp,12.0,9.819639365214357,13.725000000000001,17.36695749033488,18.49130772135592,164.70000000000002,170.5372594260967,181.57797321491879,233.32500000000002,295.23827733569294,314.3522312630506,SEASON
WR,2023,00-0033921,Chris Godwin Jr.,17.0,12.550641557697087,12.305882352941177,13.024446727798864,12.741476932760145,209.20000000000002,163.46516236792428,159.9137098987383,209.20000000000002,221.4155943725807,216.60510785692247,PPG
WR,2023,00-0033921,Chris Godwin Jr.,17.0,12.550641557697087,12.305882352941177,13.024446727798864,12.741476932760145,209.20000000000002,163.46516236792428,159.9137098987383,209.20000000000002,221.4155943725807,216.60510785692247,SEASON
WR,2023,00-0033943,Josh Reynolds,16.0,11.185140461455722,8.05,7.815861458403631,7.680448667846662,128.8,87.42150823952278,85.9068971568654,136.85000000000002,132.86964479286172,130.56762735339325,PPG
WR,2023,00-0033943,Josh Reynolds,16.0,11.185140461455722,8.05,7.815861458403631,7.680448667846662,128.8,87.42150823952278,85.9068971568654,136.85000000000002,132.86964479286172,130.56762735339325,SEASON
WR,2023,00-0034054,River Cracraft,6.0,9.364472333133902,4.5166666666666675,3.5881870507888998,4.016904231809904,27.100000000000005,33.601478363221986,37.61618854363233,76.78333333333335,60.9991798634113,68.28737194076837,PPG
WR,2023,00-0034054,River Cracraft,6.0,9.364472333133902,4.5166666666666675,3.5881870507888998,4.016904231809904,27.100000000000005,33.601478363221986,37.61618854363233,76.78333333333335,60.9991798634113,68.28737194076837,SEASON
WR,2023,00-0034272,Marquez Valdes-Scantling,16.0,13.460975621857997,3.53125,7.3305943545399135,6.7221304454757655,56.5,98.67695190019164,90.48643405349873,60.03125,124.62010402717853,114.27621757308802,PPG
WR,2023,00-0034272,Marquez Valdes-Scantling,16.0,13.460975621857997,3.53125,7.3305943545399135,6.7221304454757655,56.5,98.67695190019164,90.48643405349873,60.03125,124.62010402717853,114.27621757308802,SEASON
WR,2023,00-0034279,Equanimeous St. Brown,5.0,13.005808589777542,2.24,5.6646567187137675,4.552266873113456,11.200000000000001,73.67344101038859,59.20591160129874,38.080000000000005,96.29916421813405,77.38853684292874,PPG
WR,2023,00-0034279,Equanimeous St. Brown,5.0,13.005808589777542,2.24,5.6646567187137675,4.552266873113456,11.200000000000001,73.67344101038859,59.20591160129874,38.080000000000005,96.29916421813405,77.38853684292874,SEASON
WR,2023,00-0034286,Richie James,9.0,13.005808589777542,2.3777777777777778,8.444403102422864,8.495106183424674,21.4,109.82629040503542,110.48572497145695,40.422222222222224,143.55485274118868,144.41680511821946,PPG
WR,2023,00-0034286,Richie James,9.0,13.005808589777542,2.3777777777777778,8.444403102422864,8.495106183424674,21.4,109.82629040503542,110.48572497145695,40.422222222222224,143.55485274118868,144.41680511821946,SEASON
WR,2023,00-0034297,Byron Pringle,13.0,10.274806397294812,2.315384615384615,3.173331215919578,4.002947745787969,30.099999999999998,32.6053638780658,41.12951310645907,39.36153846153846,53.94663067063282,68.05011167839547,PPG
WR,2023,00-0034297,Byron Pringle,13.0,10.274806397294812,2.315384615384615,3.173331215919578,4.002947745787969,30.099999999999998,32.6053638780658,41.12951310645907,39.36153846153846,53.94663067063282,68.05011167839547,SEASON
WR,2023,00-0034317,Keith Kirkwood,7.0,7.0886371727316275,2.1,1.5153779486111092,2.187524479116826,14.700000000000001,10.741964457262506,15.506567338927924,35.7,25.761425126388858,37.18791614498604,PPG
WR,2023,00-0034317,Keith Kirkwood,7.0,7.0886371727316275,2.1,1.5153779486111092,2.187524479116826,14.700000000000001,10.741964457262506,15.506567338927924,35.7,25.761425126388858,37.18791614498604,SEASON
WR,2023,00-0034348,Courtland Sutton,16.0,12.550641557697087,11.8875,10.20186707083758,9.746217601593534,190.2,128.03997682535558,122.32128366091864,202.08749999999998,173.43174020423885,165.68569922709008,PPG
WR,2023,00-0034348,Courtland Sutton,16.0,12.550641557697087,11.8875,10.20186707083758,9.746217601593534,190.2,128.03997682535558,122.32128366091864,202.08749999999998,173.43174020423885,165.68569922709008,SEASON
WR,2023,00-0034386,Justin Watson,15.0,13.460975621857997,5.933333333333334,4.384322749402221,3.8833214371413627,89.0,59.01726164806073,52.27329519719844,100.86666666666667,74.53348673983776,66.01646443140316,PPG
WR,2023,00-0034386,Justin Watson,15.0,13.460975621857997,5.933333333333334,4.384322749402221,3.8833214371413627,89.0,59.01726164806073,52.27329519719844,100.86666666666667,74.53348673983776,66.01646443140316,SEASON
WR,2023,00-0034407,Ray-Ray McCloud,12.0,13.460975621857997,2.375,4.2835060824099225,3.9313205168135057,28.5,57.660170951400424,52.919409638536784,40.375,72.81960340096869,66.8324487858296,PPG
WR,2023,00-0034407,Ray-Ray McCloud,12.0,13.460975621857997,2.375,4.2835060824099225,3.9313205168135057,28.5,57.660170951400424,52.919409638536784,40.375,72.81960340096869,66.8324487858296,SEASON
WR,2023,00-0034418,Cedrick Wilson Jr.,11.0,11.640307493536177,6.327272727272728,3.364474040401872,2.779014374009427,69.60000000000001,39.16351238429785,32.34858184242668,107.56363636363638,57.196058686831826,47.24324435816026,PPG
WR,2023,00-0034418,Cedrick Wilson Jr.,11.0,11.640307493536177,6.327272727272728,3.364474040401872,2.779014374009427,69.60000000000001,39.16351238429785,32.34858184242668,107.56363636363638,57.196058686831826,47.24324435816026,SEASON
WR,2023,00-0034419,Braxton Berrios,16.0,13.460975621857997,3.61875,4.150371733267161,3.8158984497937944,57.9,55.868052723157774,51.36571600815999,61.51875,70.55631946554173,64.87027364649451,PPG
WR,2023,00-0034419,Braxton Berrios,16.0,13.460975621857997,3.61875,4.150371733267161,3.8158984497937944,57.9,55.868052723157774,51.36571600815999,61.51875,70.55631946554173,64.87027364649451,SEASON
WR,2023,00-0034487,Trent Sherfield,11.0,13.005808589777542,2.327272727272727,5.762143603643616,5.264847609909142,25.599999999999998,74.94133677579987,68.47360026882609,39.56363636363636,97.95644126194148,89.50240936845542,PPG
WR,2023,00-0034487,Trent Sherfield,11.0,13.005808589777542,2.327272727272727,5.762143603643616,5.264847609909142,25.599999999999998,74.94133677579987,68.47360026882609,39.56363636363636,97.95644126194148,89.50240936845542,SEASON
WR,2023,00-0034521,Allen Lazard,14.0,12.550641557697087,4.292857142857143,10.404143066974854,10.583250509165476,60.099999999999994,130.57867034860064,132.82658365585107,72.97857142857143,176.8704321385725,179.9152586558131,PPG
WR,2023,00-0034521,Allen Lazard,14.0,12.550641557697087,4.292857142857143,10.404143066974854,10.583250509165476,60.099999999999994,130.57867034860064,132.82658365585107,72.97857142857143,176.8704321385725,179.9152586558131,SEASON
WR,2023,00-0034646,Brandon Powell,17.0,13.460975621857997,4.064705882352941,3.82656328202669,3.450797968689098,69.1,51.50927505485821,46.451107332481044,69.1,65.05157579445373,58.66356546771466,PPG
WR,2023,00-0034646,Brandon Powell,17.0,13.460975621857997,4.064705882352941,3.82656328202669,3.450797968689098,69.1,51.50927505485821,46.451107332481044,69.1,65.05157579445373,58.66356546771466,SEASON
WR,2023,00-0034764,Michael Gallup,16.0,12.095474525616632,5.487500000000001,6.953573516319504,6.91015286152318,87.80000000000001,84.10677132864502,83.5815779046705,93.28750000000001,118.21074977743157,117.47259864589407,PPG
WR,2023,00-0034764,Michael Gallup,16.0,12.095474525616632,5.487500000000001,6.953573516319504,6.91015286152318,87.80000000000001,84.10677132864502,83.5815779046705,93.28750000000001,118.21074977743157,117.47259864589407,SEASON
WR,2023,00-0034775,Christian Kirk,12.0,13.460975621857997,12.525000000000002,12.442342096979468,12.150412590980274,150.3,167.48606364625815,163.55640768270194,212.92500000000004,211.51981564865096,206.55701404666465,PPG
WR,2023,00-0034775,Christian Kirk,12.0,13.460975621857997,12.525000000000002,12.442342096979468,12.150412590980274,150.3,167.48606364625815,163.55640768270194,212.92500000000004,211.51981564865096,206.55701404666465,SEASON
WR,2023,00-0034777,DJ Chark,14.0,10.729973429375267,8.25,7.738857620993545,8.061513088819353,115.5,83.03773664697903,86.49982124359259,140.25,131.56057955689027,137.04572250992902,PPG
WR,2023,00-0034777,DJ Chark,14.0,10.729973429375267,8.25,7.738857620993545,8.061513088819353,115.5,83.03773664697903,86.49982124359259,140.25,131.56057955689027,137.04572250992902,SEASON
WR,2023,00-0034827,DJ Moore,17.0,13.460975621857997,16.852941176470587,10.796380024073366,10.623517056531378,286.5,145.32980830836624,143.00290411636152,286.5,183.53846040924722,180.59978996103342,PPG
WR,2023,00-0034827,DJ Moore,17.0,13.460975621857997,16.852941176470587,10.796380024073366,10.623517056531378,286.5,145.32980830836624,143.00290411636152,286.5,183.53846040924722,180.59978996103342,SEASON
WR,2023,00-0034854,KhaDarel Hodge,14.0,11.640307493536177,2.6571428571428575,4.236007255455077,3.498706986887543,37.2,49.30842699834735,40.726025157154446,45.17142857142858,72.01212334273632,59.47801877708823,PPG
WR,2023,00-0034854,KhaDarel Hodge,14.0,11.640307493536177,2.6571428571428575,4.236007255455077,3.498706986887543,37.2,49.30842699834735,40.726025157154446,45.17142857142858,72.01212334273632,59.47801877708823,SEASON
WR,2023,00-0034928,Steven Sims,3.0,11.185140461455722,1.866666666666667,3.3616943131887025,3.703890845381214,5.6000000000000005,37.60102308149256,41.42853935948885,31.733333333333338,57.14880332420794,62.96614437148064,PPG
WR,2023,00-0034928,Steven Sims,3.0,11.185140461455722,1.866666666666667,3.3616943131887025,3.703890845381214,5.6000000000000005,37.60102308149256,41.42853935948885,31.733333333333338,57.14880332420794,62.96614437148064,SEASON
WR,2023,00-0034960,Jakobi Meyers,16.0,12.095474525616632,13.38125,11.074811547200222,11.412573460661374,214.1,133.9551009451652,138.0404915651581,227.48125,188.27179630240377,194.01374883124336,PPG
WR,2023,00-0034960,Jakobi Meyers,16.0,12.095474525616632,13.38125,11.074811547200222,11.412573460661374,214.1,133.9551009451652,138.0404915651581,227.48125,188.27179630240377,194.01374883124336,SEASON
WR,2023,00-0034983,Hunter Renfrow,14.0,10.274806397294812,3.4642857142857144,7.3279562839165555,7.383710216408442,48.5,75.29333210508254,75.86619296732452,58.892857142857146,124.57525682658144,125.52307367894352,PPG
WR,2023,00-0034983,Hunter Renfrow,14.0,10.274806397294812,3.4642857142857144,7.3279562839165555,7.383710216408442,48.5,75.29333210508254,75.86619296732452,58.892857142857146,124.57525682658144,125.52307367894352,SEASON
WR,2023,00-0035140,Mecole Hardman,7.0,9.364472333133902,3.9571428571428573,8.618074115283312,9.57960397152009,27.700000000000003,80.703716617468,89.70793635367953,67.27142857142857,146.5072599598163,162.85326751584154,PPG
WR,2023,00-0035140,Mecole Hardman,7.0,9.364472333133902,3.9571428571428573,8.618074115283312,9.57960397152009,27.700000000000003,80.703716617468,89.70793635367953,67.27142857142857,146.5072599598163,162.85326751584154,SEASON
WR,2023,00-0035208,Olamide Zaccheaus,11.0,13.005808589777542,3.490909090909091,7.022680721976836,7.054294636878676,38.400000000000006,91.33564125715148,91.74680578313833,59.34545454545455,119.38557227360621,119.92300882693749,PPG
WR,2023,00-0035208,Olamide Zaccheaus,11.0,13.005808589777542,3.490909090909091,7.022680721976836,7.054294636878676,38.400000000000006,91.33564125715148,91.74680578313833,59.34545454545455,119.38557227360621,119.92300882693749,SEASON
WR,2023,00-0035215,Deonte Harty,16.0,7.543804204812083,2.25,1.4309450523120124,2.1411021836460566,36.0,10.794769302486404,16.152055655921455,38.25,24.32606588930421,36.39873712198296,PPG
WR,2023,00-0035215,Deonte Harty,16.0,7.543804204812083,2.25,1.4309450523120124,2.1411021836460566,36.0,10.794769302486404,16.152055655921455,38.25,24.32606588930421,36.39873712198296,SEASON
WR,2023,00-0035216,Diontae Johnson,13.0,13.460975621857997,11.746153846153845,10.60997151369127,10.205735094062248,152.7,142.820567894406,137.37915130431256,199.68461538461537,180.3695157327516,173.49749659905822,PPG
WR,2023,00-0035216,Diontae Johnson,13.0,13.460975621857997,11.746153846153845,10.60997151369127,10.205735094062248,152.7,142.820567894406,137.37915130431256,199.68461538461537,180.3695157327516,173.49749659905822,SEASON
WR,2023,00-0035298,Scott Miller,11.0,11.185140461455722,3.5545454545454547,4.485010326649477,3.8868526044616583,39.1,50.165470474653816,43.474992333878646,60.42727272727273,76.24517555304111,66.07649427584819,PPG
WR,2023,00-0035298,Scott Miller,11.0,11.185140461455722,3.5545454545454547,4.485010326649477,3.8868526044616583,39.1,50.165470474653816,43.474992333878646,60.42727272727273,76.24517555304111,66.07649427584819,SEASON
WR,2023,00-0035341,Trenton Irwin,12.0,9.819639365214357,5.216666666666667,5.654393781788761,6.027859071989774,62.6,55.52410776607619,59.19140223127527,88.68333333333334,96.12469429040893,102.47360422382617,PPG
WR,2023,00-0035341,Trenton Irwin,12.0,9.819639365214357,5.216666666666667,5.654393781788761,6.027859071989774,62.6,55.52410776607619,59.19140223127527,88.68333333333334,96.12469429040893,102.47360422382617,SEASON
WR,2023,00-0035399,Stanley Morgan,1.0,9.819639365214357,0.0,1.7158655441628712,1.1134796087678291,0.0,16.849180842876684,10.933968198620056,0.0,29.16971425076881,18.929153349053095,PPG
WR,2023,00-0035399,Stanley Morgan,1.0,9.819639365214357,0.0,1.7158655441628712,1.1134796087678291,0.0,16.849180842876684,10.933968198620056,0.0,29.16971425076881,18.929153349053095,SEASON
WR,2023,00-0035406,Lil'Jordan Humphrey,11.0,7.543804204812083,4.290909090909091,1.292815625729057,2.0354055562181093,47.2,9.752747953421624,15.35470099349605,72.94545454545455,21.97786563739397,34.60189445570786,PPG
WR,2023,00-0035406,Lil'Jordan Humphrey,11.0,7.543804204812083,4.290909090909091,1.292815625729057,2.0354055562181093,47.2,9.752747953421624,15.35470099349605,72.94545454545455,21.97786563739397,34.60189445570786,SEASON
WR,2023,00-0035500,Greg Dortch,16.0,13.005808589777542,4.03125,7.797650976754214,6.917320555429793,64.5,101.4147560535572,89.96534709805356,68.53125,132.56006660482166,117.59444944230648,PPG
WR,2023,00-0035500,Greg Dortch,16.0,13.005808589777542,4.03125,7.797650976754214,6.917320555429793,64.5,101.4147560535572,89.96534709805356,68.53125,132.56006660482166,117.59444944230648,SEASON
WR,2023,00-0035527,Andy Isabella,1.0,7.543804204812083,0.0,1.1524355116691414,2.0330597802327337,0.0,8.693747858704432,15.337004918754024,0.0,19.5914036983754,34.56201626395647,PPG
WR,2023,00-0035527,Andy Isabella,1.0,7.543804204812083,0.0,1.1524355116691414,2.0330597802327337,0.0,8.693747858704432,15.337004918754024,0.0,19.5914036983754,34.56201626395647,SEASON
WR,2023,00-0035535,Darius Slayton,17.0,11.640307493536177,8.882352941176471,8.850492914543914,9.160005700705314,151.0,103.02245899465436,106.62528299875417,151.0,150.45837954724652,155.72009691199034,PPG
WR,2023,00-0035535,Darius Slayton,17.0,11.640307493536177,8.882352941176471,8.850492914543914,9.160005700705314,151.0,103.02245899465436,106.62528299875417,151.0,150.45837954724652,155.72009691199034,SEASON
WR,2023,00-0035593,Juwann Winfree,1.0,7.0886371727316275,0.0,1.670460070675398,2.00566621486294,0.0,11.841285352553529,14.217440086769376,0.0,28.397821201481765,34.09632565266998,PPG
WR,2023,00-0035593,Juwann Winfree,1.0,7.0886371727316275,0.0,1.670460070675398,2.00566621486294,0.0,11.841285352553529,14.217440086769376,0.0,28.397821201481765,34.09632565266998,SEASON
WR,2023,00-0035639,Parris Campbell,10.0,13.460975621857997,3.04,8.515767506384897,8.222398219669543,30.4,114.63053880485757,110.68150198818032,51.68,144.76804760854324,139.78076973438223,PPG
WR,2023,00-0035639,Parris Campbell,10.0,13.460975621857997,3.04,8.515767506384897,8.222398219669543,30.4,114.63053880485757,110.68150198818032,51.68,144.76804760854324,139.78076973438223,SEASON
WR,2023,00-0035640,DK Metcalf,16.0,13.460975621857997,14.0875,12.169296705561086,11.743074774068777,225.4,163.8106062887146,158.0732432593954,239.4875,206.87804399453847,199.63227115916922,PPG
WR,2023,00-0035640,DK Metcalf,16.0,13.460975621857997,14.0875,12.169296705561086,11.743074774068777,225.4,163.8106062887146,158.0732432593954,239.4875,206.87804399453847,199.63227115916922,SEASON
WR,2023,00-0035645,Gunner Olszewski,12.0,12.550641557697087,-0.08333333333333333,2.614231298484061,2.0624572420035077,-1.0,32.81027997618648,25.885161572462543,-1.4166666666666665,44.441932074229044,35.06177311405963,PPG
WR,2023,00-0035645,Gunner Olszewski,12.0,12.550641557697087,-0.08333333333333333,2.614231298484061,2.0624572420035077,-1.0,32.81027997618648,25.885161572462543,-1.4166666666666665,44.441932074229044,35.06177311405963,SEASON
WR,2023,00-0035659,Terry McLaurin,17.0,13.460975621857997,11.952941176470588,12.132410218079794,11.729048564890748,203.2,163.314078179953,157.8844367995829,203.2,206.2509737073565,199.39382560314272,PPG
WR,2023,00-0035659,Terry McLaurin,17.0,13.460975621857997,11.952941176470588,12.132410218079794,11.729048564890748,203.2,163.314078179953,157.8844367995829,203.2,206.2509737073565,199.39382560314272,SEASON
WR,2023,00-0035662,Marquise Brown,13.0,11.185140461455722,10.36153846153846,11.335721659257153,11.515006766197807,134.7,126.79163899075718,128.79696809453552,176.14615384615382,192.7072682073716,195.75511502536273,PPG
WR,2023,00-0035662,Marquise Brown,13.0,11.185140461455722,10.36153846153846,11.335721659257153,11.515006766197807,134.7,126.79163899075718,128.79696809453552,176.14615384615382,192.7072682073716,195.75511502536273,SEASON
WR,2023,00-0035676,A.J. Brown,17.0,13.460975621857997,17.03529411764706,15.344138380773893,14.905912804584124,289.6,206.54707268201304,200.64812888404788,289.6,260.8503524731562,253.4005176779301,PPG
WR,2023,00-0035676,A.J. Brown,17.0,13.460975621857997,17.03529411764706,15.344138380773893,14.905912804584124,289.6,206.54707268201304,200.64812888404788,289.6,260.8503524731562,253.4005176779301,SEASON
WR,2023,00-0035703,Miles Boykin,8.0,10.274806397294812,0.5875,1.5876402078855405,1.386919386636594,4.7,16.312695764584817,14.250328186345874,9.9875,26.98988353405419,23.5776295728221,PPG
WR,2023,00-0035703,Miles Boykin,8.0,10.274806397294812,0.5875,1.5876402078855405,1.386919386636594,4.7,16.312695764584817,14.250328186345874,9.9875,26.98988353405419,23.5776295728221,SEASON
WR,2023,00-0035719,Deebo Samuel Sr.,15.0,11.640307493536177,16.246666666666666,10.46950625066259,11.875364842866002,243.7,121.86827206321159,138.23289836888918,276.1933333333333,177.98160626126403,201.88120232872203,PPG
WR,2023,00-0035719,Deebo Samuel Sr.,15.0,11.640307493536177,16.246666666666666,10.46950625066259,11.875364842866002,243.7,121.86827206321159,138.23289836888918,276.1933333333333,177.98160626126403,201.88120232872203,SEASON
WR,2023,00-0035876,Andre Baccellia,1.0,7.998971236892538,0.0,2.522723322665054,3.0086370519076624,0.0,20.17919129663574,24.06600124045855,0.0,42.88629648530591,51.14682988243026,PPG
WR,2023,00-0035876,Andre Baccellia,1.0,7.998971236892538,0.0,2.522723322665054,3.0086370519076624,0.0,20.17919129663574,24.06600124045855,0.0,42.88629648530591,51.14682988243026,SEASON
WR,2023,00-0036133,James Proche,10.0,10.729973429375267,0.0,2.6535675441147255,2.119573166946643,0.0,28.472709241403585,22.74296376295427,0.0,45.11064824995033,36.032743838092934,PPG
WR,2023,00-0036133,James Proche,10.0,10.729973429375267,0.0,2.6535675441147255,2.119573166946643,0.0,28.472709241403585,22.74296376295427,0.0,45.11064824995033,36.032743838092934,SEASON
WR,2023,00-0036165,Isaiah Hodgins,14.0,9.819639365214357,4.285714285714286,9.002613103577557,9.850624812542971,60.0,88.40241402168478,96.72958318120426,72.85714285714286,153.04442276081846,167.46062181323052,PPG
WR,2023,00-0036165,Isaiah Hodgins,14.0,9.819639365214357,4.285714285714286,9.002613103577557,9.850624812542971,60.0,88.40241402168478,96.72958318120426,72.85714285714286,153.04442276081846,167.46062181323052,SEASON
WR,2023,00-0036182,Nick Westbrook-Ikhine,13.0,13.005808589777542,6.538461538461538,5.44479542573449,5.33182128749536,85.0,70.8139671175991,69.3446471000659,111.15384615384615,92.56152223748634,90.64096188742111,PPG
WR,2023,00-0036182,Nick Westbrook-Ikhine,13.0,13.005808589777542,6.538461538461538,5.44479542573449,5.33182128749536,85.0,70.8139671175991,69.3446471000659,111.15384615384615,92.56152223748634,90.64096188742111,SEASON
WR,2023,00-0036196,Gabe Davis,16.0,12.550641557697087,10.100000000000001,10.31888127959408,10.101274923831964,161.60000000000002,129.50858021661597,126.77748084476893,171.70000000000002,175.42098175309937,171.7216737051434,PPG
WR,2023,00-0036196,Gabe Davis,16.0,12.550641557697087,10.100000000000001,10.31888127959408,10.101274923831964,161.60000000000002,129.50858021661597,126.77748084476893,171.70000000000002,175.42098175309937,171.7216737051434,SEASON
WR,2023,00-0036233,Donovan Peoples-Jones,14.0,13.460975621857997,2.0357142857142856,8.898974930271446,8.766793447826108,28.5,119.78888459590941,118.00959288305167,34.607142857142854,151.28257381461458,149.03548861304384,PPG
WR,2023,00-0036233,Donovan Peoples-Jones,14.0,13.460975621857997,2.0357142857142856,8.898974930271446,8.766793447826108,28.5,119.78888459590941,118.00959288305167,34.607142857142854,151.28257381461458,149.03548861304384,SEASON
WR,2023,00-0036252,Michael Pittman,16.0,13.005808589777542,15.7625,12.422786747514916,12.256817657826858,252.2,161.5683865898041,159.4098243775016,267.9625,211.18737470775358,208.36590018305657,PPG
WR,2023,00-0036252,Michael Pittman,16.0,13.005808589777542,15.7625,12.422786747514916,12.256817657826858,252.2,161.5683865898041,159.4098243775016,267.9625,211.18737470775358,208.36590018305657,SEASON
WR,2023,00-0036259,Jauan Jennings,13.0,13.005808589777542,3.9615384615384612,5.646075072940994,5.418577698640174,51.49999999999999,73.43177168218484,70.47298437735141,67.34615384615384,95.9832762399969,92.11582087688296,PPG
WR,2023,00-0036259,Jauan Jennings,13.0,13.005808589777542,3.9615384615384612,5.646075072940994,5.418577698640174,51.49999999999999,73.43177168218484,70.47298437735141,67.34615384615384,95.9832762399969,92.11582087688296,SEASON
WR,2023,00-0036261,Brandon Aiyuk,16.0,13.460975621857997,15.575000000000001,12.265666458704732,11.685899765262976,249.20000000000002,165.10783718646573,157.303611859681,264.77500000000003,208.51632979798046,198.66029600947058,PPG
WR,2023,00-0036261,Brandon Aiyuk,16.0,13.460975621857997,15.575000000000001,12.265666458704732,11.685899765262976,249.20000000000002,165.10783718646573,157.303611859681,264.77500000000003,208.51632979798046,198.66029600947058,SEASON
WR,2023,00-0036268,Laviska Shenault Jr.,8.0,11.640307493536177,2.6875,5.349309786495885,5.6257474461727615,21.5,62.26761079299446,65.48543015442681,45.6875,90.93826637043004,95.63770658493695,PPG
WR,2023,00-0036268,Laviska Shenault Jr.,8.0,11.640307493536177,2.6875,5.349309786495885,5.6257474461727615,21.5,62.26761079299446,65.48543015442681,45.6875,90.93826637043004,95.63770658493695,SEASON
WR,2023,00-0036271,Quez Watkins,5.0,13.460975621857997,7.04,5.386555847210022,5.1624328687200975,35.2,72.50829694507075,69.49138299531968,119.68,91.57144940257037,87.76135876824166,PPG
WR,2023,00-0036271,Quez Watkins,5.0,13.460975621857997,7.04,5.386555847210022,5.1624328687200975,35.2,72.50829694507075,69.49138299531968,119.68,91.57144940257037,87.76135876824166,SEASON
WR,2023,00-0036309,Darnell Mooney,14.0,10.729973429375267,5.635714285714285,8.251306585018282,8.867829098746078,78.89999999999999,88.53630041487534,95.15157060578625,95.80714285714285,140.2722119453108,150.75309467868334,PPG
WR,2023,00-0036309,Darnell Mooney,14.0,10.729973429375267,5.635714285714285,8.251306585018282,8.867829098746078,78.89999999999999,88.53630041487534,95.15157060578625,95.80714285714285,140.2722119453108,150.75309467868334,SEASON
WR,2023,00-0036322,Justin Jefferson,10.0,13.460975621857997,20.340000000000003,17.786830734532387,17.908005566639652,203.40000000000003,239.42809490765504,241.05922636863366,345.7800000000001,302.37612248705057,304.4360946328741,PPG
WR,2023,00-0036322,Justin Jefferson,10.0,13.460975621857997,20.340000000000003,17.786830734532387,17.908005566639652,203.40000000000003,239.42809490765504,241.05922636863366,345.7800000000001,302.37612248705057,304.4360946328741,SEASON
WR,2023,00-0036326,Chase Claypool,11.0,12.550641557697087,1.9727272727272727,7.679312976774913,6.90851392230871,21.7,96.38030458087376,86.70628193525661,33.53636363636363,130.54832060517353,117.44473667924808,PPG
WR,2023,00-0036326,Chase Claypool,11.0,12.550641557697087,1.9727272727272727,7.679312976774913,6.90851392230871,21.7,96.38030458087376,86.70628193525661,33.53636363636363,130.54832060517353,117.44473667924808,SEASON
WR,2023,00-0036331,Devin Duvernay,13.0,12.095474525616632,0.5615384615384615,6.676413818903077,7.150726161909494,7.3,80.75439326901703,86.49142613103669,9.546153846153846,113.4990349213523,121.5623447524614,PPG
WR,2023,00-0036331,Devin Duvernay,13.0,12.095474525616632,0.5615384615384615,6.676413818903077,7.150726161909494,7.3,80.75439326901703,86.49142613103669,9.546153846153846,113.4990349213523,121.5623447524614,SEASON
WR,2023,00-0036345,K.J. Osborn,15.0,13.460975621857997,8.0,8.613859454414404,8.323434333382382,120.0,115.95095212598333,112.04154665179611,136.0,146.43561072504488,141.4983836675005,PPG
WR,2023,00-0036345,K.J. Osborn,15.0,13.460975621857997,8.0,8.613859454414404,8.323434333382382,120.0,115.95095212598333,112.04154665179611,136.0,146.43561072504488,141.4983836675005,SEASON
WR,2023,00-0036358,CeeDee Lamb,17.0,13.460975621857997,23.71764705882353,15.34779311518802,14.924296556651633,403.20000000000005,206.59626897286594,200.8955921224669,403.20000000000005,260.91248295819634,253.71304146307776,PPG
WR,2023,00-0036358,CeeDee Lamb,17.0,13.460975621857997,23.71764705882353,15.34779311518802,14.924296556651633,403.20000000000005,206.59626897286594,200.8955921224669,403.20000000000005,260.91248295819634,253.71304146307776,SEASON
WR,2023,00-0036387,Jalen Reagor,9.0,13.460975621857997,2.5,3.2319231099968624,2.5059943950739716,22.5,43.50483819538725,33.733129460603514,42.5,54.94269286994666,42.601904716257515,PPG
WR,2023,00-0036387,Jalen Reagor,9.0,13.460975621857997,2.5,3.2319231099968624,2.5059943950739716,22.5,43.50483819538725,33.733129460603514,42.5,54.94269286994666,42.601904716257515,SEASON
WR,2023,00-0036407,Jerry Jeudy,16.0,12.550641557697087,8.8625,12.419473246853224,12.174473370842646,141.8,155.87235705666325,152.79745143117427,150.66250000000002,211.1310451965048,206.96604730432497,PPG
WR,2023,00-0036407,Jerry Jeudy,16.0,12.550641557697087,8.8625,12.419473246853224,12.174473370842646,141.8,155.87235705666325,152.79745143117427,150.66250000000002,211.1310451965048,206.96604730432497,SEASON
WR,2023,00-0036410,Tee Higgins,12.0,12.095474525616632,11.466666666666667,13.167969344283545,13.131161506464343,137.6,159.27283775788237,158.82762949319718,194.93333333333334,223.85547885282026,223.22974560989383,PPG
WR,2023,00-0036410,Tee Higgins,12.0,12.095474525616632,11.466666666666667,13.167969344283545,13.131161506464343,137.6,159.27283775788237,158.82762949319718,194.93333333333334,223.85547885282026,223.22974560989383,SEASON
WR,2023,00-0036415,Van Jefferson,14.0,10.274806397294812,2.95,6.929100342499104,7.294003530154846,41.300000000000004,71.19516452660747,74.94447413352596,50.150000000000006,117.79470582248476,123.99806001263238,PPG
WR,2023,00-0036415,Van Jefferson,14.0,10.274806397294812,2.95,6.929100342499104,7.294003530154846,41.300000000000004,71.19516452660747,74.94447413352596,50.150000000000006,117.79470582248476,123.99806001263238,SEASON
WR,2023,00-0036482,Mike Strachan,2.0,7.998971236892538,2.75,2.4945577484892354,2.672995277693019,5.5,19.953895678932803,21.381212342616042,46.75,42.407481724317,45.440919720781324,PPG
WR,2023,00-0036482,Mike Strachan,2.0,7.998971236892538,2.75,2.4945577484892354,2.672995277693019,5.5,19.953895678932803,21.381212342616042,46.75,42.407481724317,45.440919720781324,SEASON
WR,2023,00-0036497,Tim Jones,10.0,8.909305301053447,1.9300000000000002,1.672204175399885,1.850460771254975,19.3,14.898177524333905,16.4863199587334,32.81,28.427470981798045,31.457833111334576,PPG
WR,2023,00-0036497,Tim Jones,10.0,8.909305301053447,1.9300000000000002,1.672204175399885,1.850460771254975,19.3,14.898177524333905,16.4863199587334,32.81,28.427470981798045,31.457833111334576,SEASON
WR,2023,00-0036527,DJ Turner,7.0,7.998971236892538,0.0,1.8718063095827997,1.7140461768005628,0.0,14.972524831386783,13.710606066933323,0.0,31.820707262907597,29.138785005609567,PPG
WR,2023,00-0036527,DJ Turner,7.0,7.998971236892538,0.0,1.8718063095827997,1.7140461768005628,0.0,14.972524831386783,13.710606066933323,0.0,31.820707262907597,29.138785005609567,SEASON
WR,2023,00-0036550,Rashod Bateman,15.0,8.454138268972994,5.1000000000000005,7.786636574529163,8.495979375659136,76.50000000000001,65.82930225131177,71.82618437216519,86.7,132.37282176699577,144.43164938620532,PPG
WR,2023,00-0036550,Rashod Bateman,15.0,8.454138268972994,5.1000000000000005,7.786636574529163,8.495979375659136,76.50000000000001,65.82930225131177,71.82618437216519,86.7,132.37282176699577,144.43164938620532,SEASON
WR,2023,00-0036554,Nico Collins,15.0,10.274806397294812,17.36,8.818378551345525,8.970940325821052,260.4,90.60713235313236,92.17467504949616,295.12,149.91243537287392,152.5059855389579,PPG
WR,2023,00-0036554,Nico Collins,15.0,10.274806397294812,17.36,8.818378551345525,8.970940325821052,260.4,90.60713235313236,92.17467504949616,295.12,149.91243537287392,152.5059855389579,SEASON
WR,2023,00-0036613,Jaylen Waddle,14.0,13.460975621857997,14.185714285714287,13.528960701596022,12.945430986245265,198.60000000000002,182.11301019325893,174.25813092029264,241.15714285714287,229.99233192713237,220.0723267661695,PPG
WR,2023,00-0036613,Jaylen Waddle,14.0,13.460975621857997,14.185714285714287,13.528960701596022,12.945430986245265,198.60000000000002,182.11301019325893,174.25813092029264,241.15714285714287,229.99233192713237,220.0723267661695,SEASON
WR,2023,00-0036620,Dee Eskridge,4.0,9.819639365214357,0.125,2.3522006909464093,2.4031157323407943,0.5,23.09776249970177,23.597729844459593,2.125,39.98741174608896,40.8529674497935,PPG
WR,2023,00-0036620,Dee Eskridge,4.0,9.819639365214357,0.125,2.3522006909464093,2.4031157323407943,0.5,23.09776249970177,23.597729844459593,2.125,39.98741174608896,40.8529674497935,SEASON
WR,2023,00-0036626,Dyami Brown,16.0,9.819639365214357,2.175,3.9850135845603636,3.846841145823083,34.8,39.13139626586292,37.77459274725065,36.974999999999994,67.74523093752619,65.3962994789924,PPG
WR,2023,00-0036626,Dyami Brown,16.0,9.819639365214357,2.175,3.9850135845603636,3.846841145823083,34.8,39.13139626586292,37.77459274725065,36.974999999999994,67.74523093752619,65.3962994789924,SEASON
WR,2023,00-0036630,Tylan Wallace,6.0,7.998971236892538,0.35,2.0965358802363814,2.3931732929393332,2.0999999999999996,16.770130203123994,19.142924335121126,5.949999999999999,35.64110996401848,40.68394597996866,PPG
WR,2023,00-0036630,Tylan Wallace,6.0,7.998971236892538,0.35,2.0965358802363814,2.3931732929393332,2.0999999999999996,16.770130203123994,19.142924335121126,5.949999999999999,35.64110996401848,40.68394597996866,SEASON
WR,2023,00-0036635,Ihmir Smith-Marsette,17.0,7.543804204812083,1.5588235294117647,1.1956383224457843,1.597416297392056,26.5,9.019661404300972,12.05059578110154,26.5,20.325851481578333,27.15607705566495,PPG
WR,2023,00-0036635,Ihmir Smith-Marsette,17.0,7.543804204812083,1.5588235294117647,1.1956383224457843,1.597416297392056,26.5,9.019661404300972,12.05059578110154,26.5,20.325851481578333,27.15607705566495,SEASON
WR,2023,00-0036646,Simi Fehoko,2.0,7.0886371727316275,3.95,2.0571332671238185,2.5940679501275223,7.9,14.58227134659676,18.388406499865688,67.15,34.97126554110491,44.09915515216788,PPG
WR,2023,00-0036646,Simi Fehoko,2.0,7.0886371727316275,3.95,2.0571332671238185,2.5940679501275223,7.9,14.58227134659676,18.388406499865688,67.15,34.97126554110491,44.09915515216788,SEASON
WR,2023,00-0036849,Tutu Atwell,14.0,11.185140461455722,7.885714285714285,4.558774662777427,5.791601323381827,110.39999999999999,50.99053493529097,64.77987429877858,134.05714285714285,77.49916926721626,98.45722249749106,PPG
WR,2023,00-0036849,Tutu Atwell,14.0,11.185140461455722,7.885714285714285,4.558774662777427,5.791601323381827,110.39999999999999,50.99053493529097,64.77987429877858,134.05714285714285,77.49916926721626,98.45722249749106,SEASON
WR,2023,00-0036862,Ben Skowronek,13.0,12.095474525616632,1.653846153846154,4.479648544664617,6.208546729504897,21.5,54.18347485570649,75.09531880782693,28.115384615384617,76.15402525929848,105.54529440158325,PPG
WR,2023,00-0036862,Ben Skowronek,13.0,12.095474525616632,1.653846153846154,4.479648544664617,6.208546729504897,21.5,54.18347485570649,75.09531880782693,28.115384615384617,76.15402525929848,105.54529440158325,SEASON
WR,2023,00-0036877,Jaelon Darden,1.0,12.095474525616632,0.0,1.954205650645405,1.3730953327707112,0.0,23.637044665197575,16.60823961877123,0.0,33.22149606097189,23.34262065710209,PPG
WR,2023,00-0036877,Jaelon Darden,1.0,12.095474525616632,0.0,1.954205650645405,1.3730953327707112,0.0,23.637044665197575,16.60823961877123,0.0,33.22149606097189,23.34262065710209,SEASON
WR,2023,00-0036900,Ja'Marr Chase,16.0,11.185140461455722,16.475,16.67763055269157,16.88082015900479,263.6,186.54164029612065,188.8143445830419,280.07500000000005,283.51971939575674,286.97394270308143,PPG
WR,2023,00-0036900,Ja'Marr Chase,16.0,11.185140461455722,16.475,16.67763055269157,16.88082015900479,263.6,186.54164029612065,188.8143445830419,280.07500000000005,283.51971939575674,286.97394270308143,SEASON
WR,2023,00-0036912,DeVonta Smith,16.0,13.460975621857997,14.225000000000001,13.516176313868453,13.347349703787517,227.60000000000002,181.94091986171773,179.66834897909732,241.82500000000002,229.7749973357637,226.9049449643878,PPG
WR,2023,00-0036912,DeVonta Smith,16.0,13.460975621857997,14.225000000000001,13.516176313868453,13.347349703787517,227.60000000000002,181.94091986171773,179.66834897909732,241.82500000000002,229.7749973357637,226.9049449643878,SEASON
WR,2023,00-0036913,Kadarius Toney,13.0,9.819639365214357,4.0769230769230775,5.3144859142312635,6.201440721633073,53.00000000000001,52.18633508926253,60.89591143119146,69.30769230769232,90.34626054193149,105.42449226776225,PPG
WR,2023,00-0036913,Kadarius Toney,13.0,9.819639365214357,4.0769230769230775,5.3144859142312635,6.201440721633073,53.00000000000001,52.18633508926253,60.89591143119146,69.30769230769232,90.34626054193149,105.42449226776225,SEASON
WR,2023,00-0036936,Rondale Moore,17.0,9.364472333133902,6.176470588235294,9.289821372413337,10.029540524847034,105.0,86.99427522172071,93.92135475897533,105.0,157.92696333102674,170.50218892239957,PPG
WR,2023,00-0036936,Rondale Moore,17.0,9.364472333133902,6.176470588235294,9.289821372413337,10.029540524847034,105.0,86.99427522172071,93.92135475897533,105.0,157.92696333102674,170.50218892239957,SEASON
WR,2023,00-0036955,Terrace Marshall Jr.,8.0,11.640307493536177,4.1125,6.576561175373767,6.25072140003271,32.9,76.55319433140235,72.7603191528077,69.9125,111.80153998135404,106.26226380055607,PPG
WR,2023,00-0036955,Terrace Marshall Jr.,8.0,11.640307493536177,4.1125,6.576561175373767,6.25072140003271,32.9,76.55319433140235,72.7603191528077,69.9125,111.80153998135404,106.26226380055607,SEASON
WR,2023,00-0036959,Michael Bandy,1.0,9.364472333133902,0.0,2.934986855094683,3.118235921980087,0.0,27.48460320264584,29.200634019566806,0.0,49.89477653660961,53.010010673661476,PPG
WR,2023,00-0036959,Michael Bandy,1.0,9.364472333133902,0.0,2.934986855094683,3.118235921980087,0.0,27.48460320264584,29.200634019566806,0.0,49.89477653660961,53.010010673661476,SEASON
WR,2023,00-0036963,Amon-Ra St. Brown,16.0,13.005808589777542,20.68125,14.757923979500028,14.403128944825486,330.9,191.93873445986543,187.32433815028486,351.58124999999995,250.88470765150046,244.85319206203326,PPG
WR,2023,00-0036963,Amon-Ra St. Brown,16.0,13.005808589777542,20.68125,14.757923979500028,14.403128944825486,330.9,191.93873445986543,187.32433815028486,351.58124999999995,250.88470765150046,244.85319206203326,SEASON
WR,2023,00-0036980,Elijah Moore,16.0,12.095474525616632,8.25625,6.305808023166476,6.308578311100763,132.1,76.27174030763908,76.30524825477687,140.35625,107.19873639383009,107.24583128871296,PPG
WR,2023,00-0036980,Elijah Moore,16.0,12.095474525616632,8.25625,6.305808023166476,6.308578311100763,132.1,76.27174030763908,76.30524825477687,140.35625,107.19873639383009,107.24583128871296,SEASON
WR,2023,00-0036988,Josh Palmer,10.0,13.005808589777542,10.67,9.649543237293388,9.195637784559564,106.7,125.50011232302015,119.5967048869077,181.39,164.0422350339876,156.32584233751257,PPG
WR,2023,00-0036988,Josh Palmer,10.0,13.005808589777542,10.67,9.649543237293388,9.195637784559564,106.7,125.50011232302015,119.5967048869077,181.39,164.0422350339876,156.32584233751257,SEASON
WR,2023,00-0036991,Amari Rodgers,1.0,12.550641557697087,0.0,3.9815153039073157,3.845693112997579,0.0,49.9705714358261,48.265915802136895,0.0,67.68576016642437,65.37678292095885,PPG
WR,2023,00-0036991,Amari Rodgers,1.0,12.550641557697087,0.0,3.9815153039073157,3.845693112997579,0.0,49.9705714358261,48.265915802136895,0.0,67.68576016642437,65.37678292095885,SEASON
WR,2023,00-0037093,Dareke Young,1.0,8.454138268972994,0.0,1.2694395901178916,1.6649762467528368,0.0,10.732017818965058,14.07593940460418,0.0,21.580473032004157,28.304596194798226,PPG
WR,2023,00-0037093,Dareke Young,1.0,8.454138268972994,0.0,1.2694395901178916,1.6649762467528368,0.0,10.732017818965058,14.07593940460418,0.0,21.580473032004157,28.304596194798226,SEASON
WR,2023,00-0037098,Samori Toure,8.0,7.543804204812083,2.225,3.937706487893109,4.8132117187905,17.8,29.705286760683855,36.30992680286256,37.825,66.94101029418285,81.8245992194385,PPG
WR,2023,00-0037098,Samori Toure,8.0,7.543804204812083,2.225,3.937706487893109,4.8132117187905,17.8,29.705286760683855,36.30992680286256,37.825,66.94101029418285,81.8245992194385,SEASON
WR,2023,00-0037132,Britain Covey,15.0,13.460975621857997,0.5466666666666666,2.368555801158968,1.2077577921873208,8.2,31.883071898411202,16.257598197742563,9.293333333333333,40.265448619702454,20.531882467184452,PPG
WR,2023,00-0037132,Britain Covey,15.0,13.460975621857997,0.5466666666666666,2.368555801158968,1.2077577921873208,8.2,31.883071898411202,16.257598197742563,9.293333333333333,40.265448619702454,20.531882467184452,SEASON
WR,2023,00-0037238,Drake London,16.0,13.460975621857997,10.84375,10.540445929881022,10.337320934382795,173.5,141.88468570564078,139.15042509304914,184.34375,179.18758080797738,175.73445588450753,PPG
WR,2023,00-0037238,Drake London,16.0,13.460975621857997,10.84375,10.540445929881022,10.337320934382795,173.5,141.88468570564078,139.15042509304914,184.34375,179.18758080797738,175.73445588450753,SEASON
WR,2023,00-0037239,Chris Olave,16.0,12.550641557697087,14.45625,12.49202224581704,11.76212552210067,231.3,156.78289353802785,147.62222138452623,245.75625000000002,212.3643781788897,199.95613387571137,PPG
WR,2023,00-0037239,Chris Olave,16.0,12.550641557697087,14.45625,12.49202224581704,11.76212552210067,231.3,156.78289353802785,147.62222138452623,245.75625000000002,212.3643781788897,199.95613387571137,SEASON
WR,2023,00-0037240,Jameson Williams,12.0,8.454138268972994,6.691666666666666,3.7388850692821145,3.1114640116323375,80.3,31.609051347509666,26.304746973273176,113.75833333333333,63.561046177795944,52.89488819774974,PPG
WR,2023,00-0037240,Jameson Williams,12.0,8.454138268972994,6.691666666666666,3.7388850692821145,3.1114640116323375,80.3,31.609051347509666,26.304746973273176,113.75833333333333,63.561046177795944,52.89488819774974,SEASON
WR,2023,00-0037247,George Pickens,17.0,13.460975621857997,12.282352941176471,8.912149810387206,8.770487285362815,208.8,119.96623133596854,118.05931554008438,208.8,151.5065467765825,149.09828385116785,PPG
WR,2023,00-0037247,George Pickens,17.0,13.460975621857997,12.282352941176471,8.912149810387206,8.770487285362815,208.8,119.96623133596854,118.05931554008438,208.8,151.5065467765825,149.09828385116785,SEASON
WR,2023,00-0037257,David Bell,9.0,12.550641557697087,5.411111111111111,3.9138960792929103,3.5496931585504456,48.7,49.1219067852813,44.55092647277626,91.9888888888889,66.53623334797948,60.34478369535758,PPG
WR,2023,00-0037257,David Bell,9.0,12.550641557697087,5.411111111111111,3.9138960792929103,3.5496931585504456,48.7,49.1219067852813,44.55092647277626,91.9888888888889,66.53623334797948,60.34478369535758,SEASON
WR,2023,00-0037261,Khalil Shakir,16.0,10.274806397294812,7.06875,3.7467214614715116,3.6583331939079007,113.1,38.496837641209254,37.58866530420086,120.16874999999999,63.694264845015695,62.19166429643431,PPG
WR,2023,00-0037261,Khalil Shakir,16.0,10.274806397294812,7.06875,3.7467214614715116,3.6583331939079007,113.1,38.496837641209254,37.58866530420086,120.16874999999999,63.694264845015695,62.19166429643431,SEASON
WR,2023,00-0037272,Montrell Washington,4.0,12.550641557697087,0.0,2.3200556451747927,1.8254729446882005,0.0,29.11818679650048,22.910856602055407,0.0,39.44094596797147,31.03304005969941,PPG
WR,2023,00-0037272,Montrell Washington,4.0,12.550641557697087,0.0,2.3200556451747927,1.8254729446882005,0.0,29.11818679650048,22.910856602055407,0.0,39.44094596797147,31.03304005969941,SEASON
WR,2023,00-0037273,Kyle Philips,8.0,7.543804204812083,4.1375,4.460715022678426,4.940816712246069,33.1,33.650760744549935,37.27255388904771,70.3375,75.83215538553324,83.99388410818318,PPG
WR,2023,00-0037273,Kyle Philips,8.0,7.543804204812083,4.1375,4.460715022678426,4.940816712246069,33.1,33.650760744549935,37.27255388904771,70.3375,75.83215538553324,83.99388410818318,SEASON
WR,2023,00-0037291,Jalen Nailor,3.0,9.364472333133902,1.9666666666666668,4.143335749609927,4.205672714600163,5.9,38.800152994106774,39.38390577808938,33.43333333333334,70.43670774336876,71.49643614820278,PPG
WR,2023,00-0037291,Jalen Nailor,3.0,9.364472333133902,1.9666666666666668,4.143335749609927,4.205672714600163,5.9,38.800152994106774,39.38390577808938,33.43333333333334,70.43670774336876,71.49643614820278,SEASON
WR,2023,00-0037382,Brandon Johnson,10.0,7.998971236892538,7.34,2.9904442468891155,3.7884639812509517,73.4,23.9204775163968,30.303814418029752,124.78,50.83755219711496,64.40388768126618,PPG
WR,2023,00-0037382,Brandon Johnson,10.0,7.998971236892538,7.34,2.9904442468891155,3.7884639812509517,73.4,23.9204775163968,30.303814418029752,124.78,50.83755219711496,64.40388768126618,SEASON
WR,2023,00-0037487,Deven Thompkins,17.0,7.998971236892538,2.0529411764705885,2.885370925691022,2.952764926252002,34.900000000000006,23.07999904236848,23.619081714394877,34.900000000000006,49.05130573674737,50.19700374628403,PPG
WR,2023,00-0037487,Deven Thompkins,17.0,7.998971236892538,2.0529411764705885,2.885370925691022,2.952764926252002,34.900000000000006,23.07999904236848,23.619081714394877,34.900000000000006,49.05130573674737,50.19700374628403,SEASON
WR,2023,00-0037545,Rashid Shaheed,15.0,11.185140461455722,10.106666666666666,7.197845801264284,8.15910322789721,151.6,80.50891630704032,91.26071564354707,171.8133333333333,122.36337862149283,138.7047548742526,PPG
WR,2023,00-0037545,Rashid Shaheed,15.0,11.185140461455722,10.106666666666666,7.197845801264284,8.15910322789721,151.6,80.50891630704032,91.26071564354707,171.8133333333333,122.36337862149283,138.7047548742526,SEASON
WR,2023,00-0037664,Alec Pierce,17.0,13.005808589777542,5.6117647058823525,7.185042856140202,6.9543933756366645,95.39999999999999,93.44729209630802,90.44750910154737,95.39999999999999,122.14572855438344,118.2246873858233,PPG
WR,2023,00-0037664,Alec Pierce,17.0,13.005808589777542,5.6117647058823525,7.185042856140202,6.9543933756366645,95.39999999999999,93.44729209630802,90.44750910154737,95.39999999999999,122.14572855438344,118.2246873858233,SEASON
WR,2023,00-0037666,Jalen Tolbert,14.0,7.0886371727316275,4.3428571428571425,1.3373711701590836,2.0291365648648187,60.8,9.480138990529275,14.383812882249716,73.82857142857142,22.73530989270442,34.49532160270192,PPG
WR,2023,00-0037666,Jalen Tolbert,14.0,7.0886371727316275,4.3428571428571425,1.3373711701590836,2.0291365648648187,60.8,9.480138990529275,14.383812882249716,73.82857142857142,22.73530989270442,34.49532160270192,SEASON
WR,2023,00-0037740,Garrett Wilson,17.0,13.460975621857997,12.541176470588235,11.923818508655069,11.480975979838167,213.2,160.50623026446507,154.5451377797388,213.2,202.70491464713618,195.17659165724885,PPG
WR,2023,00-0037740,Garrett Wilson,17.0,13.460975621857997,12.541176470588235,11.923818508655069,11.480975979838167,213.2,160.50623026446507,154.5451377797388,213.2,202.70491464713618,195.17659165724885,SEASON
WR,2023,00-0037741,Jahan Dotson,17.0,11.185140461455722,7.341176470588235,9.006224919622687,9.611353647173786,124.8,100.73589075344252,107.50434056836353,124.8,153.1058236335857,163.39301200195436,PPG
WR,2023,00-0037741,Jahan Dotson,17.0,11.185140461455722,7.341176470588235,9.006224919622687,9.611353647173786,124.8,100.73589075344252,107.50434056836353,124.8,153.1058236335857,163.39301200195436,SEASON
WR,2023,00-0037742,Treylon Burks,9.0,10.729973429375267,4.433333333333334,7.585304852610901,7.590171128595916,39.900000000000006,81.39011952222624,81.44233453424546,75.36666666666667,128.9501824943853,129.03290918613058,PPG
WR,2023,00-0037742,Treylon Burks,9.0,10.729973429375267,4.433333333333334,7.585304852610901,7.590171128595916,39.900000000000006,81.39011952222624,81.44233453424546,75.36666666666667,128.9501824943853,129.03290918613058,SEASON
WR,2023,00-0037745,Velus Jones Jr.,13.0,10.729973429375267,0.8538461538461539,3.564888193722173,4.105471671463342,11.100000000000001,38.251155597332506,44.05160194985453,14.515384615384617,60.60309929327694,69.79301841487683,PPG
WR,2023,00-0037745,Velus Jones Jr.,13.0,10.729973429375267,0.8538461538461539,3.564888193722173,4.105471671463342,11.100000000000001,38.251155597332506,44.05160194985453,14.515384615384617,60.60309929327694,69.79301841487683,SEASON
WR,2023,00-0037801,KaVontae Turpin,16.0,13.460975621857997,3.73125,2.2579017893236046,1.423075248013148,59.7,30.393560942634593,19.15598122157451,63.431250000000006,38.38433041850128,24.19227921622352,PPG
WR,2023,00-0037801,KaVontae Turpin,16.0,13.460975621857997,3.73125,2.2579017893236046,1.423075248013148,59.7,30.393560942634593,19.15598122157451,63.431250000000006,38.38433041850128,24.19227921622352,SEASON
WR,2023,00-0037816,Romeo Doubs,17.0,11.640307493536177,10.258823529411764,7.738524004794033,7.101773083572491,174.39999999999998,90.07879896191356,82.66682244210239,174.39999999999998,131.55490808149855,120.73014242073235,PPG
WR,2023,00-0037816,Romeo Doubs,17.0,11.640307493536177,10.258823529411764,7.738524004794033,7.101773083572491,174.39999999999998,90.07879896191356,82.66682244210239,174.39999999999998,131.55490808149855,120.73014242073235,SEASON
WR,2023,00-0038090,Skyy Moore,13.0,13.005808589777542,4.130769230769231,4.340785014689026,3.678521235972843,53.7,56.455419030420174,47.8421430884947,70.22307692307693,73.79334524971345,62.53486101153833,PPG
WR,2023,00-0038090,Skyy Moore,13.0,13.005808589777542,4.130769230769231,4.340785014689026,3.678521235972843,53.7,56.455419030420174,47.8421430884947,70.22307692307693,73.79334524971345,62.53486101153833,SEASON
WR,2023,00-0038104,Tyquan Thornton,9.0,11.185140461455722,3.0222222222222226,4.860403487202296,5.823275705337633,27.200000000000003,54.364295703706894,65.13415670998407,51.37777777777779,82.62685928243903,98.99568699073977,PPG
WR,2023,00-0038104,Tyquan Thornton,9.0,11.185140461455722,3.0222222222222226,4.860403487202296,5.823275705337633,27.200000000000003,54.364295703706894,65.13415670998407,51.37777777777779,82.62685928243903,98.99568699073977,SEASON
WR,2023,00-0038117,Wan'Dale Robinson,15.0,8.454138268972994,8.88,7.4077622017775155,8.295635587893564,133.20000000000002,62.626245917498935,70.13245028906526,150.96,125.93195743021776,141.0258049941906,PPG
WR,2023,00-0038117,Wan'Dale Robinson,15.0,8.454138268972994,8.88,7.4077622017775155,8.295635587893564,133.20000000000002,62.626245917498935,70.13245028906526,150.96,125.93195743021776,141.0258049941906,SEASON
WR,2023,00-0038124,Christian Watson,9.0,12.095474525616632,11.255555555555555,9.453819342659356,10.154899050429242,101.3,114.34843102891801,122.82832277467541,191.34444444444443,160.71492882520906,172.6332838572971,PPG
WR,2023,00-0038124,Christian Watson,9.0,12.095474525616632,11.255555555555555,9.453819342659356,10.154899050429242,101.3,114.34843102891801,122.82832277467541,191.34444444444443,160.71492882520906,172.6332838572971,SEASON
WR,2024,00-0030035,Adam Thielen,10.0,13.55116824453052,13.95,12.315936442664896,11.926215941409273,139.5,166.89532682349673,161.614158742639,237.14999999999998,209.37091952530324,202.74567100395765,PPG
WR,2024,00-0030035,Adam Thielen,10.0,13.55116824453052,13.95,12.315936442664896,11.926215941409273,139.5,166.89532682349673,161.614158742639,237.14999999999998,209.37091952530324,202.74567100395765,SEASON
WR,2024,00-0030279,Keenan Allen,15.0,11.749530331303522,12.426666666666668,18.058237970044363,18.197907478564993,186.4,212.17581475893317,213.81686588565458,211.25333333333336,306.9900454907542,309.3644271356049,PPG
WR,2024,00-0030279,Keenan Allen,15.0,11.749530331303522,12.426666666666668,18.058237970044363,18.197907478564993,186.4,212.17581475893317,213.81686588565458,211.25333333333336,306.9900454907542,309.3644271356049,SEASON
WR,2024,00-0030431,Robert Woods,14.0,12.199939809610271,2.7357142857142858,6.137930642043528,6.0615214951238885,38.3,74.88238438849356,73.95019739517029,46.50714285714286,104.34482091473997,103.0458654171061,PPG
WR,2024,00-0030431,Robert Woods,14.0,12.199939809610271,2.7357142857142858,6.137930642043528,6.0615214951238885,38.3,74.88238438849356,73.95019739517029,46.50714285714286,104.34482091473997,103.0458654171061,SEASON
WR,2024,00-0030564,DeAndre Hopkins,16.0,13.55116824453052,9.1875,12.538226287714215,11.690319257146168,147.0,169.90761391281066,158.41748308586278,156.1875,213.14984689114166,198.73542737148486,PPG
WR,2024,00-0030564,DeAndre Hopkins,16.0,13.55116824453052,9.1875,12.538226287714215,11.690319257146168,147.0,169.90761391281066,158.41748308586278,156.1875,213.14984689114166,198.73542737148486,SEASON
WR,2024,00-0031235,Odell Beckham Jr.,8.0,12.199939809610271,1.8125,7.571897373536319,7.208347002744883,14.5,92.3766922016892,87.94139956027217,30.8125,128.72225535011742,122.54189904666302,PPG
WR,2024,00-0031235,Odell Beckham Jr.,8.0,12.199939809610271,1.8125,7.571897373536319,7.208347002744883,14.5,92.3766922016892,87.94139956027217,30.8125,128.72225535011742,122.54189904666302,SEASON
WR,2024,00-0031236,Brandin Cooks,10.0,13.100758766223771,6.99,9.309417770676209,9.109965685677917,69.9,121.9604364676257,119.34746281664272,118.83,158.26010210149556,154.86941665652458,PPG
WR,2024,00-0031236,Brandin Cooks,10.0,13.100758766223771,6.99,9.309417770676209,9.109965685677917,69.9,121.9604364676257,119.34746281664272,118.83,158.26010210149556,154.86941665652458,SEASON
WR,2024,00-0031381,Davante Adams,14.0,13.55116824453052,17.235714285714288,14.422094174853214,13.74241940174367,241.3,195.43622460189948,186.22583739992893,293.00714285714287,245.17560097250464,233.62112982964237,PPG
WR,2024,00-0031381,Davante Adams,14.0,13.55116824453052,17.235714285714288,14.422094174853214,13.74241940174367,241.3,195.43622460189948,186.22583739992893,293.00714285714287,245.17560097250464,233.62112982964237,SEASON
WR,2024,00-0031408,Mike Evans,14.0,13.55116824453052,17.17142857142857,14.531444139977086,13.745647622537344,240.39999999999998,196.91804437682663,186.2695835630345,291.9142857142857,247.03455037961047,233.67600958313486,PPG
WR,2024,00-0031408,Mike Evans,14.0,13.55116824453052,17.17142857142857,14.531444139977086,13.745647622537344,240.39999999999998,196.91804437682663,186.2695835630345,291.9142857142857,247.03455037961047,233.67600958313486,SEASON
WR,2024,00-0031428,Allen Robinson,6.0,12.65034928791702,1.0,4.602709778057978,4.436332930412416,6.0,58.22588636334445,56.12116112720553,17.0,78.24606622698562,75.41765981701107,PPG
WR,2024,00-0031428,Allen Robinson,6.0,12.65034928791702,1.0,4.602709778057978,4.436332930412416,6.0,58.22588636334445,56.12116112720553,17.0,78.24606622698562,75.41765981701107,SEASON
WR,2024,00-0031544,Amari Cooper,13.0,12.65034928791702,9.438461538461539,13.978908539858951,13.127498174909192,122.7,176.83807569306182,166.06743718909448,160.45384615384614,237.64144517760218,223.16746897345627,PPG
WR,2024,00-0031544,Amari Cooper,13.0,12.65034928791702,9.438461538461539,13.978908539858951,13.127498174909192,122.7,176.83807569306182,166.06743718909448,160.45384615384614,237.64144517760218,223.16746897345627,SEASON
WR,2024,00-0031549,Nelson Agholor,13.0,13.100758766223771,3.776923076923077,5.540361932611551,5.528568935060077,49.1,72.58294515671327,72.42844794066073,64.20769230769231,94.18615285439637,93.98567189602132,PPG
WR,2024,00-0031549,Nelson Agholor,13.0,13.100758766223771,3.776923076923077,5.540361932611551,5.528568935060077,49.1,72.58294515671327,72.42844794066073,64.20769230769231,94.18615285439637,93.98567189602132,SEASON
WR,2024,00-0031588,Stefon Diggs,8.0,13.55116824453052,15.174999999999999,14.884102932012794,13.94088092012229,121.39999999999999,201.6969830006154,188.9152228255426,257.97499999999997,253.02974984421752,236.9949756420789,PPG
WR,2024,00-0031588,Stefon Diggs,8.0,13.55116824453052,15.174999999999999,14.884102932012794,13.94088092012229,121.39999999999999,201.6969830006154,188.9152228255426,257.97499999999997,253.02974984421752,236.9949756420789,SEASON
WR,2024,00-0031763,DeAndre Carter,13.0,13.55116824453052,1.2461538461538462,2.8230816177751903,1.320791891750169,16.2,38.25605397051301,17.898273141118285,21.184615384615384,47.99238750217823,22.453462159752874,PPG
WR,2024,00-0031763,DeAndre Carter,13.0,13.55116824453052,1.2461538461538462,2.8230816177751903,1.320791891750169,16.2,38.25605397051301,17.898273141118285,21.184615384615384,47.99238750217823,22.453462159752874,SEASON
WR,2024,00-0031941,Jamison Crowder,5.0,13.100758766223771,5.640000000000001,3.407440078645832,2.672787479513334,28.200000000000003,44.640050480701596,35.01554400248745,95.88000000000001,57.926481336979144,45.437387151726675,PPG
WR,2024,00-0031941,Jamison Crowder,5.0,13.100758766223771,5.640000000000001,3.407440078645832,2.672787479513334,28.200000000000003,44.640050480701596,35.01554400248745,95.88000000000001,57.926481336979144,45.437387151726675,SEASON
WR,2024,00-0032211,Tyler Lockett,17.0,13.55116824453052,7.117647058823529,11.060925172056175,10.533085003948267,121.0,149.88845794669592,142.73560702244438,121.0,188.03572792495498,179.06244506712054,PPG
WR,2024,00-0032211,Tyler Lockett,17.0,13.55116824453052,7.117647058823529,11.060925172056175,10.533085003948267,121.0,149.88845794669592,142.73560702244438,121.0,188.03572792495498,179.06244506712054,SEASON
WR,2024,00-0032385,Sterling Shepard,13.0,10.398301896383272,6.176923076923077,3.2094096142950983,2.8758746719025807,80.3,33.37241007859542,29.904213054605226,105.00769230769231,54.55996344301667,48.88986942234387,PPG
WR,2024,00-0032385,Sterling Shepard,13.0,10.398301896383272,6.176923076923077,3.2094096142950983,2.8758746719025807,80.3,33.37241007859542,29.904213054605226,105.00769230769231,54.55996344301667,48.88986942234387,SEASON
WR,2024,00-0032464,Kalif Raymond,12.0,13.55116824453052,4.208333333333334,6.518515242270697,5.541967230193261,50.50000000000001,88.33349675254684,75.10013034202369,71.54166666666667,110.81475911860184,94.21344291328545,PPG
WR,2024,00-0032464,Kalif Raymond,12.0,13.55116824453052,4.208333333333334,6.518515242270697,5.541967230193261,50.50000000000001,88.33349675254684,75.10013034202369,71.54166666666667,110.81475911860184,94.21344291328545,SEASON
WR,2024,00-0032543,Alex Erickson,3.0,9.497482939769771,0.0,5.06608322084657,5.607718185748876,0.0,48.11503896144419,53.259207800186644,0.0,86.12341475439169,95.3312091577309,PPG
WR,2024,00-0032543,Alex Erickson,3.0,9.497482939769771,0.0,5.06608322084657,5.607718185748876,0.0,48.11503896144419,53.259207800186644,0.0,86.12341475439169,95.3312091577309,SEASON
WR,2024,00-0032688,Robbie Chosen,1.0,8.596663983156272,1.5,3.088017051576922,3.6959945946614066,1.5,26.546644966663752,31.77322361386598,25.5,52.49628987680767,62.83190810924391,PPG
WR,2024,00-0032688,Robbie Chosen,1.0,8.596663983156272,1.5,3.088017051576922,3.6959945946614066,1.5,26.546644966663752,31.77322361386598,25.5,52.49628987680767,62.83190810924391,SEASON
WR,2024,00-0032775,Demarcus Robinson,17.0,9.497482939769771,7.264705882352941,9.512377632835493,9.413759921093092,123.5,90.34364428450266,89.40702424967007,123.5,161.7104197582034,160.03391865858256,PPG
WR,2024,00-0032775,Demarcus Robinson,17.0,9.497482939769771,7.264705882352941,9.512377632835493,9.413759921093092,123.5,90.34364428450266,89.40702424967007,123.5,161.7104197582034,160.03391865858256,SEASON
WR,2024,00-0033009,Tyler Boyd,15.0,13.55116824453052,5.22,8.126061591057153,7.802489725700596,78.3,110.11762778583285,105.73285099918957,88.74,138.1430470479716,132.64232533691012,PPG
WR,2024,00-0033009,Tyler Boyd,15.0,13.55116824453052,5.22,8.126061591057153,7.802489725700596,78.3,110.11762778583285,105.73285099918957,88.74,138.1430470479716,132.64232533691012,SEASON
WR,2024,00-0033040,Tyreek Hill,17.0,13.100758766223771,12.83529411764706,20.77220391439823,19.46864205941186,218.20000000000002,272.13163252534036,255.05398312631274,218.20000000000002,353.1274665447699,330.9669150100016,PPG
WR,2024,00-0033040,Tyreek Hill,17.0,13.100758766223771,12.83529411764706,20.77220391439823,19.46864205941186,218.20000000000002,272.13163252534036,255.05398312631274,218.20000000000002,353.1274665447699,330.9669150100016,SEASON
WR,2024,00-0033251,Zach Pascal,3.0,10.398301896383272,0.0,1.8586751540739166,1.3461584076559803,0.0,19.327065379367276,13.997761523161465,0.0,31.597477619256583,22.884692930151665,PPG
WR,2024,00-0033251,Zach Pascal,3.0,10.398301896383272,0.0,1.8586751540739166,1.3461584076559803,0.0,19.327065379367276,13.997761523161465,0.0,31.597477619256583,22.884692930151665,SEASON
WR,2024,00-0033282,Curtis Samuel,14.0,13.100758766223771,4.55,8.70447991894173,8.85138781336053,63.699999999999996,114.03529160349467,115.95989648912922,77.35,147.97615862200942,150.473592827129,PPG
WR,2024,00-0033282,Curtis Samuel,14.0,13.100758766223771,4.55,8.70447991894173,8.85138781336053,63.699999999999996,114.03529160349467,115.95989648912922,77.35,147.97615862200942,150.473592827129,SEASON
WR,2024,00-0033292,Trent Taylor,2.0,12.65034928791702,1.05,1.8060151586494935,0.8929020525384956,2.1,22.846722576188963,11.295522844510003,17.85,30.70225769704139,15.179334893154426,PPG
WR,2024,00-0033292,Trent Taylor,2.0,12.65034928791702,1.05,1.8060151586494935,0.8929020525384956,2.1,22.846722576188963,11.295522844510003,17.85,30.70225769704139,15.179334893154426,SEASON
WR,2024,00-0033307,Kendrick Bourne,12.0,9.497482939769771,5.425,10.121067747733637,10.806802635859704,65.1,96.12466826635428,102.63742366753652,92.225,172.05815171147182,183.71564480961496,PPG
WR,2024,00-0033307,Kendrick Bourne,12.0,9.497482939769771,5.425,10.121067747733637,10.806802635859704,65.1,96.12466826635428,102.63742366753652,92.225,172.05815171147182,183.71564480961496,SEASON
WR,2024,00-0033536,Mike Williams,14.0,7.2454355482360215,4.057142857142857,13.236684334315978,14.44684635091663,56.8,95.90554321663184,104.6736941108352,68.97142857142856,225.02363368337163,245.59638796558272,PPG
WR,2024,00-0033536,Mike Williams,14.0,7.2454355482360215,4.057142857142857,13.236684334315978,14.44684635091663,56.8,95.90554321663184,104.6736941108352,68.97142857142856,225.02363368337163,245.59638796558272,SEASON
WR,2024,00-0033555,Mack Hollins,17.0,11.299120852996772,5.811764705882353,4.2787399061413085,3.833913051628694,98.8,48.34599929803071,43.31984691023427,98.8,72.73857840440225,65.1765218776878,PPG
WR,2024,00-0033555,Mack Hollins,17.0,11.299120852996772,5.811764705882353,4.2787399061413085,3.833913051628694,98.8,48.34599929803071,43.31984691023427,98.8,72.73857840440225,65.1765218776878,SEASON
WR,2024,00-0033589,David Moore,15.0,8.596663983156272,5.673333333333334,2.4685680894217503,3.407877645120337,85.10000000000001,21.22145038430085,29.296379010809414,96.44666666666667,41.965657520169756,57.93391996704573,PPG
WR,2024,00-0033589,David Moore,15.0,8.596663983156272,5.673333333333334,2.4685680894217503,3.407877645120337,85.10000000000001,21.22145038430085,29.296379010809414,96.44666666666667,41.965657520169756,57.93391996704573,SEASON
WR,2024,00-0033591,Noah Brown,11.0,10.398301896383272,7.845454545454546,8.97053031782426,9.329913901186762,86.3,93.27828241539562,97.01526141180295,133.37272727272727,152.4990154030124,158.60853632017495,PPG
WR,2024,00-0033591,Noah Brown,11.0,10.398301896383272,7.845454545454546,8.97053031782426,9.329913901186762,86.3,93.27828241539562,97.01526141180295,133.37272727272727,152.4990154030124,158.60853632017495,SEASON
WR,2024,00-0033857,JuJu Smith-Schuster,11.0,10.848711374690021,4.827272727272728,5.05082438833379,5.394307762596962,53.10000000000001,54.79493599327856,58.52128798266434,82.06363636363638,85.86401460167444,91.70323196414836,PPG
WR,2024,00-0033857,JuJu Smith-Schuster,11.0,10.848711374690021,4.827272727272728,5.05082438833379,5.394307762596962,53.10000000000001,54.79493599327856,58.52128798266434,82.06363636363638,85.86401460167444,91.70323196414836,SEASON
WR,2024,00-0033891,Zay Jones,6.0,9.947892418076522,2.7333333333333334,7.689915036799568,7.968803376709653,16.4,76.49844749023106,79.27279869231255,46.46666666666667,130.72855562559266,135.4696574040641,PPG
WR,2024,00-0033891,Zay Jones,6.0,9.947892418076522,2.7333333333333334,7.689915036799568,7.968803376709653,16.4,76.49844749023106,79.27279869231255,46.46666666666667,130.72855562559266,135.4696574040641,SEASON
WR,2024,00-0033908,Cooper Kupp,12.0,11.299120852996772,14.583333333333334,11.301538927270347,11.985370110560542,175.0,127.69745416407514,135.42414534711884,247.91666666666669,192.1261617635959,203.75129187952922,PPG
WR,2024,00-0033908,Cooper Kupp,12.0,11.299120852996772,14.583333333333334,11.301538927270347,11.985370110560542,175.0,127.69745416407514,135.42414534711884,247.91666666666669,192.1261617635959,203.75129187952922,SEASON
WR,2024,00-0033921,Chris Godwin Jr.,7.0,13.55116824453052,19.685714285714287,11.125692595877679,11.468433109658996,137.8,150.76613220366593,155.4106665701334,334.6571428571429,189.13677412992052,194.96336286420294,PPG
WR,2024,00-0033921,Chris Godwin Jr.,7.0,13.55116824453052,19.685714285714287,11.125692595877679,11.468433109658996,137.8,150.76613220366593,155.4106665701334,334.6571428571429,189.13677412992052,194.96336286420294,SEASON
WR,2024,00-0033943,Josh Reynolds,8.0,13.100758766223771,4.800000000000001,7.324250010520714,7.099997375289632,38.400000000000006,95.9532325313438,93.01535285449143,81.60000000000001,124.51225017885214,120.69995537992375,PPG
WR,2024,00-0033943,Josh Reynolds,8.0,13.100758766223771,4.800000000000001,7.324250010520714,7.099997375289632,38.400000000000006,95.9532325313438,93.01535285449143,81.60000000000001,124.51225017885214,120.69995537992375,SEASON
WR,2024,00-0034054,River Cracraft,5.0,8.596663983156272,2.7199999999999998,3.749059190507942,4.328076742427172,13.599999999999998,32.229402113760635,37.20702144796,46.239999999999995,63.73400623863501,73.57730462126193,PPG
WR,2024,00-0034054,River Cracraft,5.0,8.596663983156272,2.7199999999999998,3.749059190507942,4.328076742427172,13.599999999999998,32.229402113760635,37.20702144796,46.239999999999995,63.73400623863501,73.57730462126193,SEASON
WR,2024,00-0034272,Marquez Valdes-Scantling,13.0,13.100758766223771,6.5,4.11493209636831,3.832078001583788,84.5,53.9087327339127,50.20312947210208,110.5,69.95384563826127,65.1453260269244,PPG
WR,2024,00-0034272,Marquez Valdes-Scantling,13.0,13.100758766223771,6.5,4.11493209636831,3.832078001583788,84.5,53.9087327339127,50.20312947210208,110.5,69.95384563826127,65.1453260269244,SEASON
WR,2024,00-0034348,Courtland Sutton,16.0,13.100758766223771,14.693750000000001,10.192008813136308,9.938075176769388,235.10000000000002,133.52304880412544,130.19632549145243,249.79375000000002,173.26414982331724,168.9472780050796,PPG
WR,2024,00-0034348,Courtland Sutton,16.0,13.100758766223771,14.693750000000001,10.192008813136308,9.938075176769388,235.10000000000002,133.52304880412544,130.19632549145243,249.79375000000002,173.26414982331724,168.9472780050796,SEASON
WR,2024,00-0034386,Justin Watson,15.0,12.65034928791702,4.193333333333333,6.023163651301206,5.6078576938286595,62.9,76.1951240072459,70.94135858386537,71.28666666666666,102.3937820721205,95.33358079508722,PPG
WR,2024,00-0034386,Justin Watson,15.0,12.65034928791702,4.193333333333333,6.023163651301206,5.6078576938286595,62.9,76.1951240072459,70.94135858386537,71.28666666666666,102.3937820721205,95.33358079508722,SEASON
WR,2024,00-0034407,Ray-Ray McCloud,17.0,11.299120852996772,8.382352941176471,3.4507533091412976,2.825333776284464,142.5,38.99047867386605,31.923787788291904,142.5,58.66280625540206,48.03067419683589,PPG
WR,2024,00-0034407,Ray-Ray McCloud,17.0,11.299120852996772,8.382352941176471,3.4507533091412976,2.825333776284464,142.5,38.99047867386605,31.923787788291904,142.5,58.66280625540206,48.03067419683589,SEASON
WR,2024,00-0034418,Cedrick Wilson Jr.,13.0,10.848711374690021,3.623076923076923,5.118581578627513,5.827063009576196,47.1,55.5300141943351,63.216124753024744,61.59230769230769,87.01588683666772,99.06007116279532,PPG
WR,2024,00-0034418,Cedrick Wilson Jr.,13.0,10.848711374690021,3.623076923076923,5.118581578627513,5.827063009576196,47.1,55.5300141943351,63.216124753024744,61.59230769230769,87.01588683666772,99.06007116279532,SEASON
WR,2024,00-0034419,Braxton Berrios,6.0,13.100758766223771,0.0,4.264220075385432,3.713770691491611,0.0,55.86451853371309,48.65321394230364,0.0,72.49174128155235,63.134101755357385,PPG
WR,2024,00-0034419,Braxton Berrios,6.0,13.100758766223771,0.0,4.264220075385432,3.713770691491611,0.0,55.86451853371309,48.65321394230364,0.0,72.49174128155235,63.134101755357385,SEASON
WR,2024,00-0034487,Trent Sherfield,13.0,10.848711374690021,1.7153846153846155,2.839603797090201,2.695049049407316,22.3,30.806042013105436,29.237809277652676,29.161538461538463,48.27326455053341,45.81583383992437,PPG
WR,2024,00-0034487,Trent Sherfield,13.0,10.848711374690021,1.7153846153846155,2.839603797090201,2.695049049407316,22.3,30.806042013105436,29.237809277652676,29.161538461538463,48.27326455053341,45.81583383992437,SEASON
WR,2024,00-0034521,Allen Lazard,12.0,12.199939809610271,10.5,4.466470871168545,4.30352228015181,126.0,54.4906757896338,52.50271278716883,178.5,75.93000480986525,73.15987876258077,PPG
WR,2024,00-0034521,Allen Lazard,12.0,12.199939809610271,10.5,4.466470871168545,4.30352228015181,126.0,54.4906757896338,52.50271278716883,178.5,75.93000480986525,73.15987876258077,SEASON
WR,2024,00-0034646,Brandon Powell,16.0,13.55116824453052,0.8812500000000001,5.053285783221962,4.146712359772546,14.100000000000001,68.47792583613499,56.19279684895194,14.981250000000001,85.90585831477335,70.49411011613329,PPG
WR,2024,00-0034646,Brandon Powell,16.0,13.55116824453052,0.8812500000000001,5.053285783221962,4.146712359772546,14.100000000000001,68.47792583613499,56.19279684895194,14.981250000000001,85.90585831477335,70.49411011613329,SEASON
WR,2024,00-0034775,Christian Kirk,8.0,11.299120852996772,8.8625,11.31873056141556,11.388089956467228,70.9,127.89170451594241,128.67540470292195,150.66250000000002,192.4184195440645,193.5975292599429,PPG
WR,2024,00-0034775,Christian Kirk,8.0,11.299120852996772,8.8625,11.31873056141556,11.388089956467228,70.9,127.89170451594241,128.67540470292195,150.66250000000002,192.4184195440645,193.5975292599429,SEASON
WR,2024,00-0034777,DJ Chark,4.0,12.199939809610271,3.275,7.8423815491677065,7.444024526962879,13.1,95.67658286384417,90.8166511702097,55.675,133.320486335851,126.54841695836895,PPG
WR,2024,00-0034777,DJ Chark,4.0,12.199939809610271,3.275,7.8423815491677065,7.444024526962879,13.1,95.67658286384417,90.8166511702097,55.675,133.320486335851,126.54841695836895,SEASON
WR,2024,00-0034827,DJ Moore,17.0,13.55116824453052,14.005882352941178,14.610034025296462,14.636832584582221,238.10000000000002,197.98302913510784,198.3461809207002,238.10000000000002,248.37057843003987,248.82615393789774,PPG
WR,2024,00-0034827,DJ Moore,17.0,13.55116824453052,14.005882352941178,14.610034025296462,14.636832584582221,238.10000000000002,197.98302913510784,198.3461809207002,238.10000000000002,248.37057843003987,248.82615393789774,SEASON
WR,2024,00-0034837,Calvin Ridley,17.0,13.55116824453052,11.71764705882353,12.11884958193451,11.828125133782166,199.20000000000002,164.2245696149529,160.2849137052422,199.20000000000002,206.02044289288668,201.07812727429683,PPG
WR,2024,00-0034837,Calvin Ridley,17.0,13.55116824453052,11.71764705882353,12.11884958193451,11.828125133782166,199.20000000000002,164.2245696149529,160.2849137052422,199.20000000000002,206.02044289288668,201.07812727429683,SEASON
WR,2024,00-0034854,KhaDarel Hodge,11.0,12.199939809610271,2.3727272727272726,4.785114914899293,3.099114528223926,26.099999999999998,58.37811394383975,37.809010707420626,40.336363636363636,81.34695355328799,52.684946979806746,PPG
WR,2024,00-0034854,KhaDarel Hodge,11.0,12.199939809610271,2.3727272727272726,4.785114914899293,3.099114528223926,26.099999999999998,58.37811394383975,37.809010707420626,40.336363636363636,81.34695355328799,52.684946979806746,SEASON
WR,2024,00-0034928,Steven Sims,9.0,7.2454355482360215,0.0,1.5230193807718788,2.4233067674309496,0.0,11.034938762096983,17.557912997025124,0.0,25.89132947312194,41.196215046326145,PPG
WR,2024,00-0034928,Steven Sims,9.0,7.2454355482360215,0.0,1.5230193807718788,2.4233067674309496,0.0,11.034938762096983,17.557912997025124,0.0,25.89132947312194,41.196215046326145,SEASON
WR,2024,00-0034960,Jakobi Meyers,15.0,13.100758766223771,14.533333333333335,9.558333297450124,11.311391548814681,218.00000000000003,125.22141873705829,148.18781199132343,247.0666666666667,162.49166605665212,192.29365632984957,PPG
WR,2024,00-0034960,Jakobi Meyers,15.0,13.100758766223771,14.533333333333335,9.558333297450124,11.311391548814681,218.00000000000003,125.22141873705829,148.18781199132343,247.0666666666667,162.49166605665212,192.29365632984957,SEASON
WR,2024,00-0035140,Mecole Hardman,12.0,9.047073461463022,2.7666666666666666,4.253384145804577,4.240422191207137,33.2,38.480678826916154,38.36341107146897,47.03333333333333,72.3075304786778,72.08717725052132,PPG
WR,2024,00-0035140,Mecole Hardman,12.0,9.047073461463022,2.7666666666666666,4.253384145804577,4.240422191207137,33.2,38.480678826916154,38.36341107146897,47.03333333333333,72.3075304786778,72.08717725052132,SEASON
WR,2024,00-0035208,Olamide Zaccheaus,16.0,10.848711374690021,7.1499999999999995,3.311282869254387,3.421332761178229,114.39999999999999,35.92315212849628,37.11705164279387,121.55,56.291808777324576,58.16265694002989,PPG
WR,2024,00-0035208,Olamide Zaccheaus,16.0,10.848711374690021,7.1499999999999995,3.311282869254387,3.421332761178229,114.39999999999999,35.92315212849628,37.11705164279387,121.55,56.291808777324576,58.16265694002989,SEASON
WR,2024,00-0035215,Deonte Harty,5.0,13.100758766223771,0.0,3.059142999688493,2.5749588043443388,0.0,40.077094470301105,33.733914128679174,0.0,52.005430994704376,43.77429967385376,PPG
WR,2024,00-0035215,Deonte Harty,5.0,13.100758766223771,0.0,3.059142999688493,2.5749588043443388,0.0,40.077094470301105,33.733914128679174,0.0,52.005430994704376,43.77429967385376,SEASON
WR,2024,00-0035216,Diontae Johnson,11.0,11.749530331303522,8.100000000000001,10.93538374638545,10.382655177861048,89.10000000000002,128.48562301259938,121.99132193174394,137.70000000000002,185.90152368855263,176.5051380236378,PPG
WR,2024,00-0035216,Diontae Johnson,11.0,11.749530331303522,8.100000000000001,10.93538374638545,10.382655177861048,89.10000000000002,128.48562301259938,121.99132193174394,137.70000000000002,185.90152368855263,176.5051380236378,SEASON
WR,2024,00-0035298,Scott Miller,6.0,10.848711374690021,1.9833333333333334,3.5255883853003365,3.519621622437088,11.9,38.24809081808279,38.18335912993818,33.71666666666667,59.93500255010572,59.83356758143049,PPG
WR,2024,00-0035298,Scott Miller,6.0,10.848711374690021,1.9833333333333334,3.5255883853003365,3.519621622437088,11.9,38.24809081808279,38.18335912993818,33.71666666666667,59.93500255010572,59.83356758143049,SEASON
WR,2024,00-0035341,Trenton Irwin,6.0,11.299120852996772,0.75,5.19724279122531,5.06171309862781,4.5,58.72427440042105,57.1929080245924,12.75,88.35312745083027,86.04912267667277,PPG
WR,2024,00-0035341,Trenton Irwin,6.0,11.299120852996772,0.75,5.19724279122531,5.06171309862781,4.5,58.72427440042105,57.1929080245924,12.75,88.35312745083027,86.04912267667277,SEASON
WR,2024,00-0035406,Lil'Jordan Humphrey,14.0,10.848711374690021,4.592857142857143,3.1074308018669075,4.057575409883385,64.30000000000001,33.71161988627565,44.0194645028644,78.07857142857144,52.826323631737424,68.97878196801754,PPG
WR,2024,00-0035406,Lil'Jordan Humphrey,14.0,10.848711374690021,4.592857142857143,3.1074308018669075,4.057575409883385,64.30000000000001,33.71161988627565,44.0194645028644,78.07857142857144,52.826323631737424,68.97878196801754,SEASON
WR,2024,00-0035500,Greg Dortch,17.0,13.100758766223771,5.311764705882353,4.437992357759703,4.311017018980812,90.3,58.14106728535454,56.477594002752745,90.3,75.44587008191495,73.2872893226738,PPG
WR,2024,00-0035500,Greg Dortch,17.0,13.100758766223771,5.311764705882353,4.437992357759703,4.311017018980812,90.3,58.14106728535454,56.477594002752745,90.3,75.44587008191495,73.2872893226738,SEASON
WR,2024,00-0035535,Darius Slayton,16.0,13.55116824453052,6.875000000000001,8.279012939844938,8.054046106845222,110.00000000000001,112.190297246484,109.14173384306564,116.87500000000001,140.74321997736394,136.91878381636877,PPG
WR,2024,00-0035535,Darius Slayton,16.0,13.55116824453052,6.875000000000001,8.279012939844938,8.054046106845222,110.00000000000001,112.190297246484,109.14173384306564,116.87500000000001,140.74321997736394,136.91878381636877,SEASON
WR,2024,00-0035639,Parris Campbell,4.0,10.398301896383272,3.75,3.8323691803888082,3.200942090923367,15.0,39.85013171607775,33.284362214261485,63.75,65.15027606660973,54.41601554569724,PPG
WR,2024,00-0035639,Parris Campbell,4.0,10.398301896383272,3.75,3.8323691803888082,3.200942090923367,15.0,39.85013171607775,33.284362214261485,63.75,65.15027606660973,54.41601554569724,SEASON
WR,2024,00-0035640,DK Metcalf,15.0,13.100758766223771,12.746666666666668,12.40023613313819,12.066994908732147,191.20000000000002,162.4525022244549,158.0867893325503,216.69333333333336,210.80401426334922,205.1389134484465,PPG
WR,2024,00-0035640,DK Metcalf,15.0,13.100758766223771,12.746666666666668,12.40023613313819,12.066994908732147,191.20000000000002,162.4525022244549,158.0867893325503,216.69333333333336,210.80401426334922,205.1389134484465,SEASON
WR,2024,00-0035659,Terry McLaurin,17.0,13.55116824453052,15.752941176470587,11.414658967434981,10.776233016505664,267.8,154.68196412165045,146.0305466489329,267.8,194.04920244639467,183.1959612805963,PPG
WR,2024,00-0035659,Terry McLaurin,17.0,13.55116824453052,15.752941176470587,11.414658967434981,10.776233016505664,267.8,154.68196412165045,146.0305466489329,267.8,194.04920244639467,183.1959612805963,SEASON
WR,2024,00-0035662,Marquise Brown,2.0,11.749530331303522,9.05,9.58523471082714,9.421051759012425,18.1,112.62200596752682,110.69293339529688,153.85000000000002,162.94899008406136,160.1578799032112,PPG
WR,2024,00-0035662,Marquise Brown,2.0,11.749530331303522,9.05,9.58523471082714,9.421051759012425,18.1,112.62200596752682,110.69293339529688,153.85000000000002,162.94899008406136,160.1578799032112,SEASON
WR,2024,00-0035676,A.J. Brown,13.0,13.55116824453052,16.684615384615384,15.463533108233412,15.05165826533109,216.89999999999998,209.54893880453895,203.96755351268,283.6384615384615,262.880062839968,255.87819051062854,PPG
WR,2024,00-0035676,A.J. Brown,13.0,13.55116824453052,16.684615384615384,15.463533108233412,15.05165826533109,216.89999999999998,209.54893880453895,203.96755351268,283.6384615384615,262.880062839968,255.87819051062854,SEASON
WR,2024,00-0035719,Deebo Samuel Sr.,15.0,12.65034928791702,10.373333333333333,12.780140737164675,13.815330478691784,155.6,161.67324427387047,174.7687560834569,176.34666666666666,217.2623925317995,234.86061813776033,PPG
WR,2024,00-0035719,Deebo Samuel Sr.,15.0,12.65034928791702,10.373333333333333,12.780140737164675,13.815330478691784,155.6,161.67324427387047,174.7687560834569,176.34666666666666,217.2623925317995,234.86061813776033,SEASON
WR,2024,00-0036133,James Proche,9.0,10.398301896383272,0.5666666666666667,1.7812237503870547,0.851867400860514,5.1,18.521702301532635,8.857974409834972,9.633333333333333,30.28080375657993,14.481745814628738,PPG
WR,2024,00-0036133,James Proche,9.0,10.398301896383272,0.5666666666666667,1.7812237503870547,0.851867400860514,5.1,18.521702301532635,8.857974409834972,9.633333333333333,30.28080375657993,14.481745814628738,SEASON
WR,2024,00-0036165,Isaiah Hodgins,2.0,12.199939809610271,1.6,4.428157055086876,4.171561620679308,3.2,54.02324953956096,50.89280068436783,27.200000000000003,75.27866993647689,70.91654755154823,PPG
WR,2024,00-0036165,Isaiah Hodgins,2.0,12.199939809610271,1.6,4.428157055086876,4.171561620679308,3.2,54.02324953956096,50.89280068436783,27.200000000000003,75.27866993647689,70.91654755154823,SEASON
WR,2024,00-0036176,Mason Kinsey,6.0,8.596663983156272,0.6166666666666667,0.5990745504141777,1.0118659451745422,3.7,5.150042610771098,8.698671526664366,10.483333333333334,10.184267357041021,17.201721067967217,PPG
WR,2024,00-0036176,Mason Kinsey,6.0,8.596663983156272,0.6166666666666667,0.5990745504141777,1.0118659451745422,3.7,5.150042610771098,8.698671526664366,10.483333333333334,10.184267357041021,17.201721067967217,SEASON
WR,2024,00-0036182,Nick Westbrook-Ikhine,14.0,11.749530331303522,9.692857142857143,5.709913569377357,5.9721331629151795,135.7,67.08880267252081,70.16975974025554,164.77857142857144,97.06853067941508,101.52626376955806,PPG
WR,2024,00-0036182,Nick Westbrook-Ikhine,14.0,11.749530331303522,9.692857142857143,5.709913569377357,5.9721331629151795,135.7,67.08880267252081,70.16975974025554,164.77857142857144,97.06853067941508,101.52626376955806,SEASON
WR,2024,00-0036196,Gabe Davis,10.0,13.100758766223771,5.390000000000001,8.706251833574733,8.659416708333032,53.900000000000006,114.05850502965596,113.44492935207856,91.63000000000001,148.00628117077045,147.21008404166153,PPG
WR,2024,00-0036196,Gabe Davis,10.0,13.100758766223771,5.390000000000001,8.706251833574733,8.659416708333032,53.900000000000006,114.05850502965596,113.44492935207856,91.63000000000001,148.00628117077045,147.21008404166153,SEASON
WR,2024,00-0036252,Michael Pittman,16.0,13.100758766223771,10.3625,14.516389926432714,13.90835209246478,165.8,190.1757225826358,182.20996559908468,176.16250000000002,246.77862874935613,236.44198557190126,PPG
WR,2024,00-0036252,Michael Pittman,16.0,13.100758766223771,10.3625,14.516389926432714,13.90835209246478,165.8,190.1757225826358,182.20996559908468,176.16250000000002,246.77862874935613,236.44198557190126,SEASON
WR,2024,00-0036259,Jauan Jennings,15.0,11.749530331303522,14.033333333333335,4.466013123602975,4.091811400239208,210.50000000000003,52.47355665577274,48.07686215708411,238.5666666666667,75.92222310125058,69.56079380406653,PPG
WR,2024,00-0036259,Jauan Jennings,15.0,11.749530331303522,14.033333333333335,4.466013123602975,4.091811400239208,210.50000000000003,52.47355665577274,48.07686215708411,238.5666666666667,75.92222310125058,69.56079380406653,SEASON
WR,2024,00-0036261,Brandon Aiyuk,7.0,13.100758766223771,8.914285714285715,13.806390225805723,13.57425351721425,62.400000000000006,180.8741877806305,177.83302076058845,151.54285714285714,234.7086338386973,230.76230979264227,PPG
WR,2024,00-0036261,Brandon Aiyuk,7.0,13.100758766223771,8.914285714285715,13.806390225805723,13.57425351721425,62.400000000000006,180.8741877806305,177.83302076058845,151.54285714285714,234.7086338386973,230.76230979264227,SEASON
WR,2024,00-0036268,Laviska Shenault Jr.,10.0,9.497482939769771,0.8700000000000001,2.7890668590209384,3.0512969496028743,8.700000000000001,26.489114911428626,28.979640723024843,14.790000000000003,47.414136603355956,51.87204814324886,PPG
WR,2024,00-0036268,Laviska Shenault Jr.,10.0,9.497482939769771,0.8700000000000001,2.7890668590209384,3.0512969496028743,8.700000000000001,26.489114911428626,28.979640723024843,14.790000000000003,47.414136603355956,51.87204814324886,SEASON
WR,2024,00-0036309,Darnell Mooney,16.0,12.199939809610271,12.075,5.531945572680888,5.682435595954864,193.2,67.48940301674685,69.3253722426362,205.27499999999998,94.04307473557509,96.6014051312327,PPG
WR,2024,00-0036309,Darnell Mooney,16.0,12.199939809610271,12.075,5.531945572680888,5.682435595954864,193.2,67.48940301674685,69.3253722426362,205.27499999999998,94.04307473557509,96.6014051312327,SEASON
WR,2024,00-0036322,Justin Jefferson,17.0,10.398301896383272,18.623529411764707,16.43863780842593,17.249045125410447,316.6,170.9339186973131,179.36077863835607,316.6,279.4568427432408,293.23376713197763,PPG
WR,2024,00-0036322,Justin Jefferson,17.0,10.398301896383272,18.623529411764707,16.43863780842593,17.249045125410447,316.6,170.9339186973131,179.36077863835607,316.6,279.4568427432408,293.23376713197763,SEASON
WR,2024,00-0036331,Devin Duvernay,13.0,11.749530331303522,1.476923076923077,2.0611009012433477,1.2322493971200714,19.200000000000003,24.216967555035737,14.478351667192758,25.10769230769231,35.03871532113691,20.948239751041214,PPG
WR,2024,00-0036331,Devin Duvernay,13.0,11.749530331303522,1.476923076923077,2.0611009012433477,1.2322493971200714,19.200000000000003,24.216967555035737,14.478351667192758,25.10769230769231,35.03871532113691,20.948239751041214,SEASON
WR,2024,00-0036345,K.J. Osborn,7.0,12.65034928791702,2.6714285714285717,7.444801406931896,7.3477025861529786,18.700000000000003,94.17933817686455,92.95100417856638,45.41428571428572,126.56162391784224,124.91094396460063,PPG
WR,2024,00-0036345,K.J. Osborn,7.0,12.65034928791702,2.6714285714285717,7.444801406931896,7.3477025861529786,18.700000000000003,94.17933817686455,92.95100417856638,45.41428571428572,126.56162391784224,124.91094396460063,SEASON
WR,2024,00-0036358,CeeDee Lamb,15.0,13.55116824453052,17.56,20.242649836949028,19.769046230717535,263.4,274.3115536556146,267.89367150635525,298.52,344.12504722813344,336.0737859221981,PPG
WR,2024,00-0036358,CeeDee Lamb,15.0,13.55116824453052,17.56,20.242649836949028,19.769046230717535,263.4,274.3115536556146,267.89367150635525,298.52,344.12504722813344,336.0737859221981,SEASON
WR,2024,00-0036387,Jalen Reagor,7.0,9.947892418076522,2.1428571428571432,3.3563970176105404,3.0698812967646942,15.000000000000004,33.38907644354255,30.538848876480422,36.42857142857144,57.05874929937919,52.1879820449998,PPG
WR,2024,00-0036387,Jalen Reagor,7.0,9.947892418076522,2.1428571428571432,3.3563970176105404,3.0698812967646942,15.000000000000004,33.38907644354255,30.538848876480422,36.42857142857144,57.05874929937919,52.1879820449998,SEASON
WR,2024,00-0036407,Jerry Jeudy,17.0,13.100758766223771,14.170588235294119,8.928714108776045,8.346544388112864,240.90000000000003,116.97292963165364,109.34606456024544,240.90000000000003,151.78813984919276,141.8912545979187,PPG
WR,2024,00-0036407,Jerry Jeudy,17.0,13.100758766223771,14.170588235294119,8.928714108776045,8.346544388112864,240.90000000000003,116.97292963165364,109.34606456024544,240.90000000000003,151.78813984919276,141.8912545979187,SEASON
WR,2024,00-0036410,Tee Higgins,12.0,11.299120852996772,18.508333333333333,9.846323995629492,9.88846134287906,222.1,111.25480478437969,111.73091976337724,314.64166666666665,167.38750792570136,168.103842828944,PPG
WR,2024,00-0036410,Tee Higgins,12.0,11.299120852996772,18.508333333333333,9.846323995629492,9.88846134287906,222.1,111.25480478437969,111.73091976337724,314.64166666666665,167.38750792570136,168.103842828944,SEASON
WR,2024,00-0036415,Van Jefferson,15.0,12.199939809610271,4.24,3.931769706484676,3.471460275100322,63.6,47.96735376436209,42.35160640767704,72.08,66.84008501023949,59.01482467670547,PPG
WR,2024,00-0036415,Van Jefferson,15.0,12.199939809610271,4.24,3.931769706484676,3.471460275100322,63.6,47.96735376436209,42.35160640767704,72.08,66.84008501023949,59.01482467670547,SEASON
WR,2024,00-0036497,Tim Jones,8.0,10.398301896383272,0.8875000000000001,2.3159767181306465,2.5042038461991907,7.1000000000000005,24.08222510011741,26.039467602863326,15.0875,39.371604208220994,42.57146538538624,PPG
WR,2024,00-0036497,Tim Jones,8.0,10.398301896383272,0.8875000000000001,2.3159767181306465,2.5042038461991907,7.1000000000000005,24.08222510011741,26.039467602863326,15.0875,39.371604208220994,42.57146538538624,SEASON
WR,2024,00-0036527,DJ Turner,12.0,9.047073461463022,3.925,0.8456663647948867,0.8288977648151091,47.099999999999994,7.650805726187726,7.499098970324791,66.725,14.376328201513074,14.091262001856855,PPG
WR,2024,00-0036527,DJ Turner,12.0,9.047073461463022,3.925,0.8456663647948867,0.8288977648151091,47.099999999999994,7.650805726187726,7.499098970324791,66.725,14.376328201513074,14.091262001856855,SEASON
WR,2024,00-0036550,Rashod Bateman,16.0,12.65034928791702,10.912500000000001,6.609968134262851,5.300405676634862,174.60000000000002,83.61840568042625,67.05198317708917,185.51250000000002,112.36945828246847,90.10689650279267,PPG
WR,2024,00-0036550,Rashod Bateman,16.0,12.65034928791702,10.912500000000001,6.609968134262851,5.300405676634862,174.60000000000002,83.61840568042625,67.05198317708917,185.51250000000002,112.36945828246847,90.10689650279267,SEASON
WR,2024,00-0036554,Nico Collins,12.0,12.65034928791702,17.55,15.543508686558912,14.67809235602732,210.60000000000002,196.63081404474255,185.68299518405047,298.35,264.23964767150153,249.52757005246445,PPG
WR,2024,00-0036554,Nico Collins,12.0,12.65034928791702,17.55,15.543508686558912,14.67809235602732,210.60000000000002,196.63081404474255,185.68299518405047,298.35,264.23964767150153,249.52757005246445,SEASON
WR,2024,00-0036613,Jaylen Waddle,15.0,12.199939809610271,9.973333333333334,13.252032258551369,12.797109507194115,149.60000000000002,161.67399590934036,156.12396572475956,169.54666666666668,225.28454839537326,217.55086162229995,PPG
WR,2024,00-0036613,Jaylen Waddle,15.0,12.199939809610271,9.973333333333334,13.252032258551369,12.797109507194115,149.60000000000002,161.67399590934036,156.12396572475956,169.54666666666668,225.28454839537326,217.55086162229995,SEASON
WR,2024,00-0036620,Dee Eskridge,5.0,7.695845026542772,1.48,0.9840592284823506,0.8987252727047438,7.4,7.573167319339415,6.916450420173099,25.16,16.72900688419996,15.278329635980644,PPG
WR,2024,00-0036620,Dee Eskridge,5.0,7.695845026542772,1.48,0.9840592284823506,0.8987252727047438,7.4,7.573167319339415,6.916450420173099,25.16,16.72900688419996,15.278329635980644,SEASON
WR,2024,00-0036626,Dyami Brown,15.0,13.100758766223771,4.493333333333334,2.922322431690675,2.50732855809193,67.4,38.28464121470398,32.847906587226056,76.38666666666668,49.679481338741475,42.624585487562804,PPG
WR,2024,00-0036626,Dyami Brown,15.0,13.100758766223771,4.493333333333334,2.922322431690675,2.50732855809193,67.4,38.28464121470398,32.847906587226056,76.38666666666668,49.679481338741475,42.624585487562804,SEASON
WR,2024,00-0036630,Tylan Wallace,12.0,8.596663983156272,3.025,1.1001192256264924,1.0492752555671068,36.3,9.457355324121037,9.020266797950839,51.425,18.702026835650372,17.837679344640815,PPG
WR,2024,00-0036630,Tylan Wallace,12.0,8.596663983156272,3.025,1.1001192256264924,1.0492752555671068,36.3,9.457355324121037,9.020266797950839,51.425,18.702026835650372,17.837679344640815,SEASON
WR,2024,00-0036635,Ihmir Smith-Marsette,15.0,13.55116824453052,0.0,2.490943120991292,2.1908828176484736,0.0,33.75518932010894,29.689021666005548,0.0,42.34603305685196,37.24500790002405,PPG
WR,2024,00-0036635,Ihmir Smith-Marsette,15.0,13.55116824453052,0.0,2.490943120991292,2.1908828176484736,0.0,33.75518932010894,29.689021666005548,0.0,42.34603305685196,37.24500790002405,SEASON
WR,2024,00-0036841,Austin Trammell,1.0,12.65034928791702,6.0,2.378793390641045,1.2902700165153795,6.0,30.092567275397656,16.322366384646013,102.0,40.43948764089776,21.93459028076145,PPG
WR,2024,00-0036841,Austin Trammell,1.0,12.65034928791702,6.0,2.378793390641045,1.2902700165153795,6.0,30.092567275397656,16.322366384646013,102.0,40.43948764089776,21.93459028076145,SEASON
WR,2024,00-0036849,Tutu Atwell,15.0,12.199939809610271,6.593333333333334,7.57911515159399,6.974801315328467,98.9,92.4647486595519,85.09215623099784,112.08666666666667,128.84495757709783,118.57162236058393,PPG
WR,2024,00-0036849,Tutu Atwell,15.0,12.199939809610271,6.593333333333334,7.57911515159399,6.974801315328467,98.9,92.4647486595519,85.09215623099784,112.08666666666667,128.84495757709783,118.57162236058393,SEASON
WR,2024,00-0036862,Ben Skowronek,9.0,11.749530331303522,1.3222222222222224,2.0900927483610183,2.0291515934415627,11.900000000000002,24.557608142105323,23.84157819395451,22.47777777777778,35.53157672213731,34.495577088506565,PPG
WR,2024,00-0036862,Ben Skowronek,9.0,11.749530331303522,1.3222222222222224,2.0900927483610183,2.0291515934415627,11.900000000000002,24.557608142105323,23.84157819395451,22.47777777777778,35.53157672213731,34.495577088506565,SEASON
WR,2024,00-0036900,Ja'Marr Chase,17.0,13.100758766223771,23.705882352941174,13.844294182752376,13.894482076133848,402.99999999999994,181.37075837687397,182.02825786104958,402.99999999999994,235.3530011067904,236.2061952942754,PPG
WR,2024,00-0036900,Ja'Marr Chase,17.0,13.100758766223771,23.705882352941174,13.844294182752376,13.894482076133848,402.99999999999994,181.37075837687397,182.02825786104958,402.99999999999994,235.3530011067904,236.2061952942754,SEASON
WR,2024,00-0036912,DeVonta Smith,13.0,13.100758766223771,15.338461538461539,12.391056475304875,12.317882592781583,199.4,162.33224174162416,161.37360835869853,260.75384615384615,210.64796008018288,209.4040040772869,PPG
WR,2024,00-0036912,DeVonta Smith,13.0,13.100758766223771,15.338461538461539,12.391056475304875,12.317882592781583,199.4,162.33224174162416,161.37360835869853,260.75384615384615,210.64796008018288,209.4040040772869,SEASON
WR,2024,00-0036913,Kadarius Toney,3.0,11.749530331303522,0.0,3.8481181590244495,3.938814863290633,0.0,45.21358102789764,46.279224705622426,0.0,65.41800870341564,66.95985267594077,PPG
WR,2024,00-0036913,Kadarius Toney,3.0,11.749530331303522,0.0,3.8481181590244495,3.938814863290633,0.0,45.21358102789764,46.279224705622426,0.0,65.41800870341564,66.95985267594077,SEASON
WR,2024,00-0036955,Terrace Marshall Jr.,5.0,9.497482939769771,1.42,3.721528130045853,4.180536661462454,7.1,35.34514992498379,39.70457562132173,24.14,63.2659782107795,71.06912324486171,PPG
WR,2024,00-0036955,Terrace Marshall Jr.,5.0,9.497482939769771,1.42,3.721528130045853,4.180536661462454,7.1,35.34514992498379,39.70457562132173,24.14,63.2659782107795,71.06912324486171,SEASON
WR,2024,00-0036963,Amon-Ra St. Brown,17.0,13.100758766223771,18.347058823529412,17.946476321315785,17.378202422883508,311.90000000000003,235.11245698930512,227.6676377328023,311.90000000000003,305.09009746236836,295.42944118901966,PPG
WR,2024,00-0036963,Amon-Ra St. Brown,17.0,13.100758766223771,18.347058823529412,17.946476321315785,17.378202422883508,311.90000000000003,235.11245698930512,227.6676377328023,311.90000000000003,305.09009746236836,295.42944118901966,SEASON
WR,2024,00-0036980,Elijah Moore,17.0,13.100758766223771,7.111764705882353,7.756627230783727,7.740228119502572,120.9,101.61770219001993,101.40286138914506,120.9,131.86266292332337,131.58387803154372,PPG
WR,2024,00-0036980,Elijah Moore,17.0,13.100758766223771,7.111764705882353,7.756627230783727,7.740228119502572,120.9,101.61770219001993,101.40286138914506,120.9,131.86266292332337,131.58387803154372,SEASON
WR,2024,00-0036988,Josh Palmer,15.0,10.398301896383272,7.16,9.50868382716964,9.747616571235968,107.4,98.87416507216702,101.35865987789997,121.72,161.6476250618839,165.70948171101145,PPG
WR,2024,00-0036988,Josh Palmer,15.0,10.398301896383272,7.16,9.50868382716964,9.747616571235968,107.4,98.87416507216702,101.35865987789997,121.72,161.6476250618839,165.70948171101145,SEASON
WR,2024,00-0037091,Bo Melton,13.0,7.695845026542772,1.730769230769231,9.61697309537174,10.240508713607573,22.500000000000004,74.01073456641225,78.80936805288476,29.423076923076927,163.4885426213196,174.08864813132874,PPG
WR,2024,00-0037091,Bo Melton,13.0,7.695845026542772,1.730769230769231,9.61697309537174,10.240508713607573,22.500000000000004,74.01073456641225,78.80936805288476,29.423076923076927,163.4885426213196,174.08864813132874,SEASON
WR,2024,00-0037132,Britain Covey,5.0,12.65034928791702,2.08,2.419540237785039,1.3362631580286928,10.4,30.608029124150544,16.904195689638023,35.36,41.132184042345656,22.716473686487777,PPG
WR,2024,00-0037132,Britain Covey,5.0,12.65034928791702,2.08,2.419540237785039,1.3362631580286928,10.4,30.608029124150544,16.904195689638023,35.36,41.132184042345656,22.716473686487777,SEASON
WR,2024,00-0037156,Irvin Charles,8.0,8.596663983156272,0.0,1.424155027880738,0.7714736747015969,0.0,12.242982234613256,6.632099953260436,0.0,24.210635473972545,13.115052469927146,PPG
WR,2024,00-0037156,Irvin Charles,8.0,8.596663983156272,0.0,1.424155027880738,0.7714736747015969,0.0,12.242982234613256,6.632099953260436,0.0,24.210635473972545,13.115052469927146,SEASON
WR,2024,00-0037216,Justyn Ross,1.0,8.596663983156272,0.0,2.2623807736134287,2.3876626995173,0.0,19.448927312707788,20.52593393286605,0.0,38.46047315142829,40.5902658917941,PPG
WR,2024,00-0037216,Justyn Ross,1.0,8.596663983156272,0.0,2.2623807736134287,2.3876626995173,0.0,19.448927312707788,20.52593393286605,0.0,38.46047315142829,40.5902658917941,SEASON
WR,2024,00-0037238,Drake London,17.0,13.100758766223771,16.53529411764706,10.373510302796465,10.067412117296175,281.1,135.9008560358734,131.8907375488553,281.1,176.3496751475399,171.146005994035,PPG
WR,2024,00-0037238,Drake London,17.0,13.100758766223771,16.53529411764706,10.373510302796465,10.067412117296175,281.1,135.9008560358734,131.8907375488553,281.1,176.3496751475399,171.146005994035,SEASON
WR,2024,00-0037239,Chris Olave,8.0,13.100758766223771,9.5875,13.227168592284237,12.677439441977883,76.7,173.28594488768746,166.08407590276275,162.9875,224.86186606883203,215.51647051362403,PPG
WR,2024,00-0037239,Chris Olave,8.0,13.100758766223771,9.5875,13.227168592284237,12.677439441977883,76.7,173.28594488768746,166.08407590276275,162.9875,224.86186606883203,215.51647051362403,SEASON
WR,2024,00-0037240,Jameson Williams,15.0,11.299120852996772,14.146666666666667,5.195253429168406,6.198978269984369,212.2,58.70179635811972,70.04300463765425,240.49333333333334,88.3193082958629,105.38263058973428,PPG
WR,2024,00-0037240,Jameson Williams,15.0,11.299120852996772,14.146666666666667,5.195253429168406,6.198978269984369,212.2,58.70179635811972,70.04300463765425,240.49333333333334,88.3193082958629,105.38263058973428,SEASON
WR,2024,00-0037247,George Pickens,14.0,13.55116824453052,11.785714285714286,11.536093970631358,11.215270527687135,165.0,156.32755028073967,151.98001782861297,200.35714285714286,196.11359750073308,190.6595989706813,PPG
WR,2024,00-0037247,George Pickens,14.0,13.55116824453052,11.785714285714286,11.536093970631358,11.215270527687135,165.0,156.32755028073967,151.98001782861297,200.35714285714286,196.11359750073308,190.6595989706813,SEASON
WR,2024,00-0037257,David Bell,1.0,9.947892418076522,5.7,4.218837003853769,4.795116394798809,5.7,41.96853664373758,47.7013020276135,96.9,71.72022906551406,81.51697871157975,PPG
WR,2024,00-0037257,David Bell,1.0,9.947892418076522,5.7,4.218837003853769,4.795116394798809,5.7,41.96853664373758,47.7013020276135,96.9,71.72022906551406,81.51697871157975,SEASON
WR,2024,00-0037261,Khalil Shakir,15.0,13.100758766223771,12.166666666666668,6.997959102184815,6.662268786985523,182.50000000000003,91.67857405362315,87.2807762140396,206.83333333333334,118.96530473714185,113.25856937875389,PPG
WR,2024,00-0037261,Khalil Shakir,15.0,13.100758766223771,12.166666666666668,6.997959102184815,6.662268786985523,182.50000000000003,91.67857405362315,87.2807762140396,206.83333333333334,118.96530473714185,113.25856937875389,SEASON
WR,2024,00-0037272,Montrell Washington,1.0,7.695845026542772,0.0,0.9998233559609012,1.1735014774154562,0.0,7.694485601393005,9.031085508608333,0.0,16.99699705133532,19.949525116062755,PPG
WR,2024,00-0037272,Montrell Washington,1.0,7.695845026542772,0.0,0.9998233559609012,1.1735014774154562,0.0,7.694485601393005,9.031085508608333,0.0,16.99699705133532,19.949525116062755,SEASON
WR,2024,00-0037291,Jalen Nailor,15.0,7.2454355482360215,7.026666666666667,1.9268054819572067,2.572656137233449,105.4,13.960544933508785,18.6400142300988,119.45333333333335,32.75569319327251,43.735154332968634,PPG
WR,2024,00-0037291,Jalen Nailor,15.0,7.2454355482360215,7.026666666666667,1.9268054819572067,2.572656137233449,105.4,13.960544933508785,18.6400142300988,119.45333333333335,32.75569319327251,43.735154332968634,SEASON
WR,2024,00-0037382,Brandon Johnson,1.0,10.398301896383272,1.9,5.94171861552711,6.327466819314009,1.9,61.78378394761133,65.79491022657508,32.3,101.00921646396087,107.56693592833815,PPG
WR,2024,00-0037382,Brandon Johnson,1.0,10.398301896383272,1.9,5.94171861552711,6.327466819314009,1.9,61.78378394761133,65.79491022657508,32.3,101.00921646396087,107.56693592833815,SEASON
WR,2024,00-0037487,Deven Thompkins,5.0,13.55116824453052,1.34,3.7199925051888525,2.469857277614379,6.7,50.410244306206714,33.469451508930575,22.78,63.239872588210496,41.98757371944444,PPG
WR,2024,00-0037487,Deven Thompkins,5.0,13.55116824453052,1.34,3.7199925051888525,2.469857277614379,6.7,50.410244306206714,33.469451508930575,22.78,63.239872588210496,41.98757371944444,SEASON
WR,2024,00-0037545,Rashid Shaheed,6.0,12.65034928791702,12.633333333333333,8.974636461111269,8.923777220815131,75.8,113.53228596513307,112.88889881086882,214.76666666666665,152.56881983889156,151.70421275385723,PPG
WR,2024,00-0037545,Rashid Shaheed,6.0,12.65034928791702,12.633333333333333,8.974636461111269,8.923777220815131,75.8,113.53228596513307,112.88889881086882,214.76666666666665,152.56881983889156,151.70421275385723,SEASON
WR,2024,00-0037614,John Metchie III,10.0,12.199939809610271,5.54,3.689943979826352,2.9159477880582156,55.4,45.01709445471527,35.57438750227644,94.18,62.729047657047985,49.57111239698967,PPG
WR,2024,00-0037614,John Metchie III,10.0,12.199939809610271,5.54,3.689943979826352,2.9159477880582156,55.4,45.01709445471527,35.57438750227644,94.18,62.729047657047985,49.57111239698967,SEASON
WR,2024,00-0037664,Alec Pierce,16.0,13.55116824453052,10.0875,5.488927594262262,5.565170875386359,161.4,74.38138131189407,75.41456684192175,171.4875,93.31176910245846,94.6079048815681,PPG
WR,2024,00-0037664,Alec Pierce,16.0,13.55116824453052,10.0875,5.488927594262262,5.565170875386359,161.4,74.38138131189407,75.41456684192175,171.4875,93.31176910245846,94.6079048815681,SEASON
WR,2024,00-0037666,Jalen Tolbert,17.0,12.199939809610271,8.941176470588236,4.444151630919804,4.193950980767579,152.0,54.21838240200293,51.16594952982043,152.0,75.55057772563667,71.29716667304885,PPG
WR,2024,00-0037666,Jalen Tolbert,17.0,12.199939809610271,8.941176470588236,4.444151630919804,4.193950980767579,152.0,54.21838240200293,51.16594952982043,152.0,75.55057772563667,71.29716667304885,SEASON
WR,2024,00-0037740,Garrett Wilson,17.0,13.55116824453052,14.817647058823528,11.31498822252404,11.502972996782676,251.89999999999998,153.3313090883046,155.8787223916935,251.89999999999998,192.35479978290869,195.5505409453055,PPG
WR,2024,00-0037740,Garrett Wilson,17.0,13.55116824453052,14.817647058823528,11.31498822252404,11.502972996782676,251.89999999999998,153.3313090883046,155.8787223916935,251.89999999999998,192.35479978290869,195.5505409453055,SEASON
WR,2024,00-0037741,Jahan Dotson,14.0,13.55116824453052,2.9928571428571433,6.459870980294102,6.583682304563085,41.900000000000006,87.53879849192569,89.21658657767279,50.87857142857143,109.81780666499974,111.92259917757244,PPG
WR,2024,00-0037741,Jahan Dotson,14.0,13.55116824453052,2.9928571428571433,6.459870980294102,6.583682304563085,41.900000000000006,87.53879849192569,89.21658657767279,50.87857142857143,109.81780666499974,111.92259917757244,SEASON
WR,2024,00-0037742,Treylon Burks,5.0,9.947892418076522,1.5,4.113237079348932,4.691525965794914,7.5,40.918039955406456,46.670795584340354,25.5,69.92503034893184,79.75594141851353,PPG
WR,2024,00-0037742,Treylon Burks,5.0,9.947892418076522,1.5,4.113237079348932,4.691525965794914,7.5,40.918039955406456,46.670795584340354,25.5,69.92503034893184,79.75594141851353,SEASON
WR,2024,00-0037745,Velus Jones Jr.,2.0,11.749530331303522,1.4500000000000002,1.8205697504704084,1.5135734861289767,2.9000000000000004,21.390839503405747,17.783777583929222,24.650000000000002,30.949685757996942,25.730749264192603,PPG
WR,2024,00-0037745,Velus Jones Jr.,2.0,11.749530331303522,1.4500000000000002,1.8205697504704084,1.5135734861289767,2.9000000000000004,21.390839503405747,17.783777583929222,24.650000000000002,30.949685757996942,25.730749264192603,SEASON
WR,2024,00-0037801,KaVontae Turpin,17.0,13.100758766223771,5.423529411764706,3.339436214889137,3.4542144576168434,92.2,43.749148266453986,45.25283033604075,92.2,56.77041565311532,58.72164577948634,PPG
WR,2024,00-0037801,KaVontae Turpin,17.0,13.100758766223771,5.423529411764706,3.339436214889137,3.4542144576168434,92.2,43.749148266453986,45.25283033604075,92.2,56.77041565311532,58.72164577948634,SEASON
WR,2024,00-0037816,Romeo Doubs,13.0,13.55116824453052,10.161538461538463,8.958337727946041,8.778135026691015,132.10000000000002,121.39594174272209,118.95398461989635,172.74615384615387,152.2917413750827,149.22829545374725,PPG
WR,2024,00-0037816,Romeo Doubs,13.0,13.55116824453052,10.161538461538463,8.958337727946041,8.778135026691015,132.10000000000002,121.39594174272209,118.95398461989635,172.74615384615387,152.2917413750827,149.22829545374725,SEASON
WR,2024,00-0037837,Calvin Austin III,17.0,13.100758766223771,6.752941176470588,3.684968303839329,3.442360613413954,114.8,48.27588080977983,45.0975359826863,114.8,62.64446116526859,58.52013042803722,PPG
WR,2024,00-0037837,Calvin Austin III,17.0,13.100758766223771,6.752941176470588,3.684968303839329,3.442360613413954,114.8,48.27588080977983,45.0975359826863,114.8,62.64446116526859,58.52013042803722,SEASON
WR,2024,00-0038090,Skyy Moore,3.0,11.749530331303522,0.0,4.240529963731086,4.2190482485184875,0.0,49.824235429659815,49.57183536520097,0.0,72.08900938342846,71.72382022481429,PPG
WR,2024,00-0038090,Skyy Moore,3.0,11.749530331303522,0.0,4.240529963731086,4.2190482485184875,0.0,49.824235429659815,49.57183536520097,0.0,72.08900938342846,71.72382022481429,SEASON
WR,2024,00-0038104,Tyquan Thornton,4.0,9.947892418076522,2.175,4.3813479030362075,3.4132437572129017,8.7,43.585177585569355,33.95458169342525,36.974999999999994,74.48291435161553,58.02514387261933,PPG
WR,2024,00-0038104,Tyquan Thornton,4.0,9.947892418076522,2.175,4.3813479030362075,3.4132437572129017,8.7,43.585177585569355,33.95458169342525,36.974999999999994,74.48291435161553,58.02514387261933,SEASON
WR,2024,00-0038117,Wan'Dale Robinson,17.0,12.65034928791702,10.74705882352941,8.035315636546722,8.429290969854199,182.7,101.64954944097732,106.63347501814043,182.7,136.60036582129428,143.2979464875214,PPG
WR,2024,00-0038117,Wan'Dale Robinson,17.0,12.65034928791702,10.74705882352941,8.035315636546722,8.429290969854199,182.7,101.64954944097732,106.63347501814043,182.7,136.60036582129428,143.2979464875214,SEASON
WR,2024,00-0038124,Christian Watson,14.0,9.947892418076522,7.521428571428572,8.939138382688206,9.492559751636755,105.30000000000001,88.92558694128083,94.43096318144562,127.86428571428573,151.9653525056995,161.37351577782482,PPG
WR,2024,00-0038124,Christian Watson,14.0,9.947892418076522,7.521428571428572,8.939138382688206,9.492559751636755,105.30000000000001,88.92558694128083,94.43096318144562,127.86428571428573,151.9653525056995,161.37351577782482,SEASON
WR,2024,00-0038393,Dontayvion Wicks,17.0,12.65034928791702,6.5,7.041556375759769,7.229342787836762,110.5,89.07814768392015,91.45371138821884,110.5,119.70645838791607,122.89882739322495,PPG
WR,2024,00-0038393,Dontayvion Wicks,17.0,12.65034928791702,6.5,7.041556375759769,7.229342787836762,110.5,89.07814768392015,91.45371138821884,110.5,119.70645838791607,122.89882739322495,SEASON
WR,2024,00-0038465,Malik Heath,5.0,11.299120852996772,6.34,2.8412739553207977,3.0217968178943813,31.7,32.10389779764184,34.143647438589696,107.78,48.301657240453565,51.370545904204484,PPG
WR,2024,00-0038465,Malik Heath,5.0,11.299120852996772,6.34,2.8412739553207977,3.0217968178943813,31.7,32.10389779764184,34.143647438589696,107.78,48.301657240453565,51.370545904204484,SEASON
WR,2024,00-0038496,Xavier Gipson,17.0,13.55116824453052,0.9647058823529411,4.557045838220098,3.8763631841483375,16.4,61.75329485175816,52.52924968529817,16.4,77.46977924974166,65.89817413052174,PPG
WR,2024,00-0038496,Xavier Gipson,17.0,13.55116824453052,0.9647058823529411,4.557045838220098,3.8763631841483375,16.4,61.75329485175816,52.52924968529817,16.4,77.46977924974166,65.89817413052174,SEASON
WR,2024,00-0038543,Jaxon Smith-Njigba,17.0,13.55116824453052,14.8,8.246281710019893,7.921410740334616,251.60000000000002,111.74675084427442,107.34436967630545,251.60000000000002,140.1867890703382,134.66398258568847,PPG
WR,2024,00-0038543,Jaxon Smith-Njigba,17.0,13.55116824453052,14.8,8.246281710019893,7.921410740334616,251.60000000000002,111.74675084427442,107.34436967630545,251.60000000000002,140.1867890703382,134.66398258568847,SEASON
WR,2024,00-0038544,Quentin Johnston,15.0,13.55116824453052,11.646666666666667,5.190619079427012,5.479230922912209,174.7,70.33895243858558,74.24998008701759,197.99333333333334,88.24052435025921,93.14692568950755,PPG
WR,2024,00-0038544,Quentin Johnston,15.0,13.55116824453052,11.646666666666667,5.190619079427012,5.479230922912209,174.7,70.33895243858558,74.24998008701759,197.99333333333334,88.24052435025921,93.14692568950755,SEASON
WR,2024,00-0038559,Michael Wilson,16.0,11.749530331303522,7.781250000000001,7.529621062977392,7.943349611950739,124.50000000000001,88.46951106267473,93.33062719776326,132.28125000000003,128.00355807061567,135.03694340316258,PPG
WR,2024,00-0038559,Michael Wilson,16.0,11.749530331303522,7.781250000000001,7.529621062977392,7.943349611950739,124.50000000000001,88.46951106267473,93.33062719776326,132.28125000000003,128.00355807061567,135.03694340316258,SEASON
WR,2024,00-0038563,Tre Tucker,17.0,11.749530331303522,7.605882352941176,5.164254823768383,5.246176018235494,129.29999999999998,60.67756869044714,61.64010424961508,129.29999999999998,87.79233200406252,89.1849923100034,PPG
WR,2024,00-0038563,Tre Tucker,17.0,11.749530331303522,7.605882352941176,5.164254823768383,5.246176018235494,129.29999999999998,60.67756869044714,61.64010424961508,129.29999999999998,87.79233200406252,89.1849923100034,SEASON
WR,2024,00-0038573,Derius Davis,15.0,13.55116824453052,2.673333333333334,3.2849804001908285,2.460760428310314,40.10000000000001,44.51532208297112,33.34617857351605,45.44666666666667,55.84466680324408,41.83292728127534,PPG
WR,2024,00-0038573,Derius Davis,15.0,13.55116824453052,2.673333333333334,3.2849804001908285,2.460760428310314,40.10000000000001,44.51532208297112,33.34617857351605,45.44666666666667,55.84466680324408,41.83292728127534,SEASON
WR,2024,00-0038576,Charlie Jones,7.0,10.848711374690021,0.2142857142857143,2.3794717383498334,1.9172944911980925,1.5,25.814202113589275,20.800174555291264,3.6428571428571432,40.45101955194717,32.59400635036757,PPG
WR,2024,00-0038576,Charlie Jones,7.0,10.848711374690021,0.2142857142857143,2.3794717383498334,1.9172944911980925,1.5,25.814202113589275,20.800174555291264,3.6428571428571432,40.45101955194717,32.59400635036757,SEASON
WR,2024,00-0038606,Parker Washington,14.0,9.497482939769771,6.5,3.771037171221195,4.697934324140971,91.0,35.815361198910956,44.6185510956877,110.5,64.10763191076032,79.86488351039651,PPG
WR,2024,00-0038606,Parker Washington,14.0,9.497482939769771,6.5,3.771037171221195,4.697934324140971,91.0,35.815361198910956,44.6185510956877,110.5,64.10763191076032,79.86488351039651,SEASON
WR,2024,00-0038608,Kayshon Boutte,15.0,7.2454355482360215,8.126666666666667,1.5268843366309213,2.0042903029705172,121.9,11.062942050670452,14.521956210127332,138.15333333333334,25.95703372272566,34.07293515049879,PPG
WR,2024,00-0038608,Kayshon Boutte,15.0,7.2454355482360215,8.126666666666667,1.5268843366309213,2.0042903029705172,121.9,11.062942050670452,14.521956210127332,138.15333333333334,25.95703372272566,34.07293515049879,SEASON
WR,2024,00-0038618,Xavier Hutchinson,14.0,11.299120852996772,1.692857142857143,2.8465369609913203,2.5088722655604196,23.700000000000003,32.16336513476308,28.348050933298993,28.778571428571432,48.39112833685245,42.650828514527134,PPG
WR,2024,00-0038618,Xavier Hutchinson,14.0,11.299120852996772,1.692857142857143,2.8465369609913203,2.5088722655604196,23.700000000000003,32.16336513476308,28.348050933298993,28.778571428571432,48.39112833685245,42.650828514527134,SEASON
WR,2024,00-0038619,Andrei Iosivas,17.0,10.848711374690021,7.052941176470588,3.7857393149743745,4.111738670180837,119.89999999999999,41.070393167973705,44.60706608094367,119.89999999999999,64.35756835456436,69.89955739307423,PPG
WR,2024,00-0038619,Andrei Iosivas,17.0,10.848711374690021,7.052941176470588,3.7857393149743745,4.111738670180837,119.89999999999999,41.070393167973705,44.60706608094367,119.89999999999999,64.35756835456436,69.89955739307423,SEASON
WR,2024,00-0038621,DeMario Douglas,16.0,12.199939809610271,9.23125,7.459245203636691,7.835866749476269,147.7,91.00234250949174,95.59710269973696,156.93124999999998,126.80716846182375,133.20973474109658,PPG
WR,2024,00-0038621,DeMario Douglas,16.0,12.199939809610271,9.23125,7.459245203636691,7.835866749476269,147.7,91.00234250949174,95.59710269973696,156.93124999999998,126.80716846182375,133.20973474109658,SEASON
WR,2024,00-0038640,Jalen Brooks,12.0,7.2454355482360215,2.975,3.6178754304441383,4.276351112959593,35.7,26.21308325282966,30.984026370576107,50.575,61.50388231755035,72.69796892031307,PPG
WR,2024,00-0038640,Jalen Brooks,12.0,7.2454355482360215,2.975,3.6178754304441383,4.276351112959593,35.7,26.21308325282966,30.984026370576107,50.575,61.50388231755035,72.69796892031307,SEASON
WR,2024,00-0038647,Ronnie Bell,4.0,11.749530331303522,1.05,2.4282990732257654,2.4379408367530333,4.2,28.53137361434236,28.644659807353253,17.85,41.28108424483801,41.44499422480157,PPG
WR,2024,00-0038647,Ronnie Bell,4.0,11.749530331303522,1.05,2.4282990732257654,2.4379408367530333,4.2,28.53137361434236,28.644659807353253,17.85,41.28108424483801,41.44499422480157,SEASON
WR,2024,00-0038752,Jake Bobo,12.0,12.199939809610271,2.4749999999999996,1.7375740132990982,3.855762373272983,29.699999999999996,21.198298376991954,47.040068874090444,42.074999999999996,29.53875822608467,65.54796034564072,PPG
WR,2024,00-0038752,Jake Bobo,12.0,12.199939809610271,2.4749999999999996,1.7375740132990982,3.855762373272983,29.699999999999996,21.198298376991954,47.040068874090444,42.074999999999996,29.53875822608467,65.54796034564072,SEASON
WR,2024,00-0038821,Rakim Jarrett,8.0,9.047073461463022,2.675,1.9711981032803036,2.061565791780196,21.4,17.83357404747348,18.651137163874612,45.474999999999994,33.51036775576516,35.04661846026333,PPG
WR,2024,00-0038821,Rakim Jarrett,8.0,9.047073461463022,2.675,1.9711981032803036,2.061565791780196,21.4,17.83357404747348,18.651137163874612,45.474999999999994,33.51036775576516,35.04661846026333,SEASON
WR,2024,00-0038938,Jalin Hyatt,10.0,11.749530331303522,1.4200000000000002,5.052159003558593,5.042943921230232,14.200000000000001,59.36049545087987,59.252222561557325,24.140000000000004,85.88670306049607,85.73004666091394,PPG
WR,2024,00-0038938,Jalin Hyatt,10.0,11.749530331303522,1.4200000000000002,5.052159003558593,5.042943921230232,14.200000000000001,59.36049545087987,59.252222561557325,24.140000000000004,85.88670306049607,85.73004666091394,SEASON
WR,2024,00-0038941,Tyler Scott,4.0,11.749530331303522,0.375,3.6753697509439944,3.3550999989517614,1.5,43.18386836747193,39.420849202240134,6.375,62.481285766047904,57.03669998217994,PPG
WR,2024,00-0038941,Tyler Scott,4.0,11.749530331303522,0.375,3.6753697509439944,3.3550999989517614,1.5,43.18386836747193,39.420849202240134,6.375,62.481285766047904,57.03669998217994,SEASON
WR,2024,00-0038976,Marvin Mims Jr.,17.0,13.100758766223771,7.61764705882353,4.736126547953174,4.515290223453607,129.5,62.04685139104267,59.153727976954336,129.5,80.51415131520396,76.75993379871132,PPG
WR,2024,00-0038976,Marvin Mims Jr.,17.0,13.100758766223771,7.61764705882353,4.736126547953174,4.515290223453607,129.5,62.04685139104267,59.153727976954336,129.5,80.51415131520396,76.75993379871132,SEASON
WR,2024,00-0038977,Tank Dell,14.0,10.398301896383272,10.0,13.607626851277573,14.02792749907769,140.0,141.4962120929155,145.86662511598658,170.0,231.32965647171875,238.47476748432072,PPG
WR,2024,00-0038977,Tank Dell,14.0,10.398301896383272,10.0,13.607626851277573,14.02792749907769,140.0,141.4962120929155,145.86662511598658,170.0,231.32965647171875,238.47476748432072,SEASON
WR,2024,00-0038979,Cedric Tillman,9.0,10.848711374690021,8.988888888888889,4.576656915531292,4.385772268519204,80.9,49.65082993757808,47.57997749628435,152.8111111111111,77.80316756403197,74.55812856482648,PPG
WR,2024,00-0038979,Cedric Tillman,9.0,10.848711374690021,8.988888888888889,4.576656915531292,4.385772268519204,80.9,49.65082993757808,47.57997749628435,152.8111111111111,77.80316756403197,74.55812856482648,SEASON
WR,2024,00-0038994,Jordan Addison,15.0,13.55116824453052,14.166666666666666,10.88528004809023,10.712845860293355,212.5,147.508261320502,145.17157663055755,240.83333333333331,185.04976081753392,182.11837962498703,PPG
WR,2024,00-0038994,Jordan Addison,15.0,13.55116824453052,14.166666666666666,10.88528004809023,10.712845860293355,212.5,147.508261320502,145.17157663055755,240.83333333333331,185.04976081753392,182.11837962498703,SEASON
WR,2024,00-0038997,Josh Downs,14.0,13.55116824453052,13.107142857142858,8.935705386735348,8.41230083452399,183.5,121.08924707920836,113.9965039322391,222.82142857142858,151.90699157450092,143.00911418690782,PPG
WR,2024,00-0038997,Josh Downs,14.0,13.55116824453052,13.107142857142858,8.935705386735348,8.41230083452399,183.5,121.08924707920836,113.9965039322391,222.82142857142858,151.90699157450092,143.00911418690782,SEASON
WR,2024,00-0039052,Trey Palmer,15.0,13.55116824453052,2.3466666666666667,6.226746939110686,5.390874918255417,35.2,84.37969538800435,73.05265300249887,39.89333333333333,105.85469796488167,91.64487361034209,PPG
WR,2024,00-0039052,Trey Palmer,15.0,13.55116824453052,2.3466666666666667,6.226746939110686,5.390874918255417,35.2,84.37969538800435,73.05265300249887,39.89333333333333,105.85469796488167,91.64487361034209,SEASON
WR,2024,00-0039062,Jonathan Mingo,14.0,12.65034928791702,2.3,5.686110172922427,5.989830638650094,32.199999999999996,71.93127977704695,75.77344975439077,39.099999999999994,96.66387293968126,101.8271208570516,PPG
WR,2024,00-0039062,Jonathan Mingo,14.0,12.65034928791702,2.3,5.686110172922427,5.989830638650094,32.199999999999996,71.93127977704695,75.77344975439077,39.099999999999994,96.66387293968126,101.8271208570516,SEASON
WR,2024,00-0039064,Zay Flowers,17.0,13.100758766223771,12.323529411764707,11.118290771753935,11.33065437146182,209.5,145.65804529348023,148.44016958398015,209.5,189.01094311981691,192.62112431485096,PPG
WR,2024,00-0039064,Zay Flowers,17.0,13.100758766223771,12.323529411764707,11.118290771753935,11.33065437146182,209.5,145.65804529348023,148.44016958398015,209.5,189.01094311981691,192.62112431485096,SEASON
WR,2024,00-0039067,Rashee Rice,4.0,13.100758766223771,16.224999999999998,11.343618611661883,11.658351758325423,64.89999999999999,148.61001096742854,152.7332539976021,275.825,192.84151639825203,198.19197989153218,PPG
WR,2024,00-0039067,Rashee Rice,4.0,13.100758766223771,16.224999999999998,11.343618611661883,11.658351758325423,64.89999999999999,148.61001096742854,152.7332539976021,275.825,192.84151639825203,198.19197989153218,SEASON
WR,2024,00-0039075,Puka Nacua,11.0,13.55116824453052,18.781818181818185,15.670777598221557,15.244833520728555,206.60000000000002,212.35734375612023,206.58530389925122,319.29090909090917,266.4032191697665,259.16216985238543,PPG
WR,2024,00-0039075,Puka Nacua,11.0,13.55116824453052,18.781818181818185,15.670777598221557,15.244833520728555,206.60000000000002,212.35734375612023,206.58530389925122,319.29090909090917,266.4032191697665,259.16216985238543,SEASON
WR,2024,00-0039146,Jayden Reed,17.0,13.100758766223771,11.588235294117649,12.014434752485494,11.51229672523351,197.00000000000003,157.39821140484787,150.81982224247213,197.00000000000003,204.2453907922534,195.70904432896967,PPG
WR,2024,00-0039146,Jayden Reed,17.0,13.100758766223771,11.588235294117649,12.014434752485494,11.51229672523351,197.00000000000003,157.39821140484787,150.81982224247213,197.00000000000003,204.2453907922534,195.70904432896967,SEASON
WR,2025,00-0030035,Adam Thielen,14.0,10.347804637005893,2.8285714285714287,11.398072889826073,12.165551972525144,39.6,117.94503150227341,125.88675511303188,48.08571428571429,193.76723912704324,206.81438353292745,PPG
WR,2025,00-0030035,Adam Thielen,14.0,10.347804637005893,2.8285714285714287,11.398072889826073,12.165551972525144,39.6,117.94503150227341,125.88675511303188,48.08571428571429,193.76723912704324,206.81438353292745,SEASON
WR,2025,00-0030279,Keenan Allen,17.0,12.552687552848322,10.74705882352941,11.14459992412792,11.069879596475772,182.7,139.8946807490749,138.95673982221103,182.7,189.45819871017466,188.18795314008813,PPG
WR,2025,00-0030279,Keenan Allen,17.0,12.552687552848322,10.74705882352941,11.14459992412792,11.069879596475772,182.7,139.8946807490749,138.95673982221103,182.7,189.45819871017466,188.18795314008813,SEASON
WR,2025,00-0030564,DeAndre Hopkins,17.0,12.993664136016807,3.9411764705882355,8.680224189963019,8.186978037190688,67.0,112.78791774970801,106.37884290420192,67.0,147.5638112293713,139.1786266322417,PPG
WR,2025,00-0030564,DeAndre Hopkins,17.0,12.993664136016807,3.9411764705882355,8.680224189963019,8.186978037190688,67.0,112.78791774970801,106.37884290420192,67.0,147.5638112293713,139.1786266322417,SEASON
WR,2025,00-0031236,Brandin Cooks,13.0,10.347804637005893,3.9923076923076923,6.070942731278207,6.445810356343621,51.9,62.82092934571786,66.69998629463313,67.86923076923077,103.20602643172953,109.57877605784157,PPG
WR,2025,00-0031236,Brandin Cooks,13.0,10.347804637005893,3.9923076923076923,6.070942731278207,6.445810356343621,51.9,62.82092934571786,66.69998629463313,67.86923076923077,103.20602643172953,109.57877605784157,SEASON
WR,2025,00-0031381,Davante Adams,14.0,12.111710969679836,15.92142857142857,14.985147015589467,14.757035382074287,222.89999999999998,181.49576949098,178.7329473170226,270.6642857142857,254.74749926502093,250.86960149526288,PPG
WR,2025,00-0031381,Davante Adams,14.0,12.111710969679836,15.92142857142857,14.985147015589467,14.757035382074287,222.89999999999998,181.49576949098,178.7329473170226,270.6642857142857,254.74749926502093,250.86960149526288,SEASON
WR,2025,00-0031408,Mike Evans,8.0,12.111710969679836,10.600000000000001,14.696776685563458,14.127044147287698,84.80000000000001,178.0031114014738,171.10267556785573,180.20000000000002,249.8452036545788,240.15975050389088,PPG
WR,2025,00-0031408,Mike Evans,8.0,12.111710969679836,10.600000000000001,14.696776685563458,14.127044147287698,84.80000000000001,178.0031114014738,171.10267556785573,180.20000000000002,249.8452036545788,240.15975050389088,SEASON
WR,2025,00-0031588,Stefon Diggs,17.0,9.465851470668921,12.370588235294118,11.693759103499499,12.932749888117991,210.3,110.69138680750882,122.41948954823502,210.3,198.79390475949148,219.85674809800585,PPG
WR,2025,00-0031588,Stefon Diggs,17.0,9.465851470668921,12.370588235294118,11.693759103499499,12.932749888117991,210.3,110.69138680750882,122.41948954823502,210.3,198.79390475949148,219.85674809800585,SEASON
WR,2025,00-0031763,DeAndre Carter,4.0,11.67073438651135,0.0,2.6441804058569374,1.9205972329826841,0.0,30.8595271867741,22.414780169609564,0.0,44.951066899567934,32.65015296070563,PPG
WR,2025,00-0031763,DeAndre Carter,4.0,11.67073438651135,0.0,2.6441804058569374,1.9205972329826841,0.0,30.8595271867741,22.414780169609564,0.0,44.951066899567934,32.65015296070563,SEASON
WR,2025,00-0032211,Tyler Lockett,17.0,13.434640719185293,3.947058823529412,7.255994807347577,6.752782918278399,67.10000000000001,97.48168329698879,90.72121236172187,67.10000000000001,123.3519117249088,114.79730961073278,PPG
WR,2025,00-0032211,Tyler Lockett,17.0,13.434640719185293,3.947058823529412,7.255994807347577,6.752782918278399,67.10000000000001,97.48168329698879,90.72121236172187,67.10000000000001,123.3519117249088,114.79730961073278,SEASON
WR,2025,00-0032385,Sterling Shepard,13.0,11.67073438651135,6.307692307692309,6.088615449973786,6.036715206839681,82.00000000000001,71.05861369825334,70.45289974603985,107.23076923076925,103.50646264955436,102.62415851627459,PPG
WR,2025,00-0032385,Sterling Shepard,13.0,11.67073438651135,6.307692307692309,6.088615449973786,6.036715206839681,82.00000000000001,71.05861369825334,70.45289974603985,107.23076923076925,103.50646264955436,102.62415851627459,SEASON
WR,2025,00-0032464,Kalif Raymond,15.0,11.229757803342865,4.053333333333334,3.792247776098486,4.03504596355016,60.800000000000004,42.5860240558516,45.312588896024536,68.90666666666667,64.46821219367426,68.59578138035272,PPG
WR,2025,00-0032464,Kalif Raymond,15.0,11.229757803342865,4.053333333333334,3.792247776098486,4.03504596355016,60.800000000000004,42.5860240558516,45.312588896024536,68.90666666666667,64.46821219367426,68.59578138035272,SEASON
WR,2025,00-0032775,Demarcus Robinson,14.0,13.434640719185293,4.157142857142857,6.6262964532744055,6.130150751564445,58.19999999999999,89.02191214855341,82.35637290171202,70.67142857142856,112.6470397056649,104.21256277659556,PPG
WR,2025,00-0032775,Demarcus Robinson,14.0,13.434640719185293,4.157142857142857,6.6262964532744055,6.130150751564445,58.19999999999999,89.02191214855341,82.35637290171202,70.67142857142856,112.6470397056649,104.21256277659556,SEASON
WR,2025,00-0033040,Tyreek Hill,4.0,13.434640719185293,13.375,11.730845478803317,11.462841248375732,53.5,157.59969434000175,153.99915379298537,227.375,199.42437313965638,194.86830122238743,PPG
WR,2025,00-0033040,Tyreek Hill,4.0,13.434640719185293,13.375,11.730845478803317,11.462841248375732,53.5,157.59969434000175,153.99915379298537,227.375,199.42437313965638,194.86830122238743,SEASON
WR,2025,00-0033282,Curtis Samuel,6.0,12.111710969679836,3.516666666666667,4.646086154652727,4.531760926969411,21.1,56.27205264538503,54.88737853114187,59.78333333333334,78.98346462909635,77.03993575847998,PPG
WR,2025,00-0033282,Curtis Samuel,6.0,12.111710969679836,3.516666666666667,4.646086154652727,4.531760926969411,21.1,56.27205264538503,54.88737853114187,59.78333333333334,78.98346462909635,77.03993575847998,SEASON
WR,2025,00-0033307,Kendrick Bourne,14.0,11.229757803342865,6.578571428571428,5.233244390307278,5.423492312259593,92.1,58.76806702885343,60.9045051149672,111.83571428571427,88.96515463522373,92.19936930841308,PPG
WR,2025,00-0033307,Kendrick Bourne,14.0,11.229757803342865,6.578571428571428,5.233244390307278,5.423492312259593,92.1,58.76806702885343,60.9045051149672,111.83571428571427,88.96515463522373,92.19936930841308,SEASON
WR,2025,00-0033375,Tim Patrick,13.0,12.552687552848322,3.976923076923077,5.558634331670168,5.600582041871961,51.7,69.77579998599147,70.30235648571201,67.6076923076923,94.49678363839286,95.20989471182334,PPG
WR,2025,00-0033375,Tim Patrick,13.0,12.552687552848322,3.976923076923077,5.558634331670168,5.600582041871961,51.7,69.77579998599147,70.30235648571201,67.6076923076923,94.49678363839286,95.20989471182334,SEASON
WR,2025,00-0033555,Mack Hollins,14.0,13.434640719185293,8.1,5.6484120871417565,5.384530262142334,113.39999999999999,75.88438702465302,72.33922951346287,137.7,96.02300548140985,91.53701445641968,PPG
WR,2025,00-0033555,Mack Hollins,14.0,13.434640719185293,8.1,5.6484120871417565,5.384530262142334,113.39999999999999,75.88438702465302,72.33922951346287,137.7,96.02300548140985,91.53701445641968,SEASON
WR,2025,00-0033589,David Moore,3.0,12.552687552848322,0.9,5.46540988809823,5.464710116760741,2.7,68.60558267354479,68.59679866258685,15.3,92.91196809766991,92.9000719849326,PPG
WR,2025,00-0033589,David Moore,3.0,12.552687552848322,0.9,5.46540988809823,5.464710116760741,2.7,68.60558267354479,68.59679866258685,15.3,92.91196809766991,92.9000719849326,SEASON
WR,2025,00-0033591,Noah Brown,4.0,10.788781220174378,3.325,7.417116040332013,7.697287300389214,13.3,80.02164224378818,83.04434867272589,56.525000000000006,126.09097268564423,130.85388410661665,PPG
WR,2025,00-0033591,Noah Brown,4.0,10.788781220174378,3.325,7.417116040332013,7.697287300389214,13.3,80.02164224378818,83.04434867272589,56.525000000000006,126.09097268564423,130.85388410661665,SEASON
WR,2025,00-0033857,JuJu Smith-Schuster,17.0,10.788781220174378,4.323529411764706,4.236633045388959,4.571170867743431,73.5,45.708107036862586,49.31736241211855,73.5,72.0227617716123,77.70990475163833,PPG
WR,2025,00-0033857,JuJu Smith-Schuster,17.0,10.788781220174378,4.323529411764706,4.236633045388959,4.571170867743431,73.5,45.708107036862586,49.31736241211855,73.5,72.0227617716123,77.70990475163833,SEASON
WR,2025,00-0033891,Zay Jones,6.0,8.583898304331951,5.050000000000001,2.5823795828841116,3.126292146067347,30.300000000000004,22.166883722660376,26.835773851473796,85.85000000000001,43.900452909029894,53.1469664831449,PPG
WR,2025,00-0033891,Zay Jones,6.0,8.583898304331951,5.050000000000001,2.5823795828841116,3.126292146067347,30.300000000000004,22.166883722660376,26.835773851473796,85.85000000000001,43.900452909029894,53.1469664831449,SEASON
WR,2025,00-0033908,Cooper Kupp,16.0,11.229757803342865,7.393750000000001,11.92872402902601,12.218859290614684,118.30000000000001,133.9566817488784,137.21483046672873,125.69375000000001,202.78830849344217,207.72060794044964,PPG
WR,2025,00-0033908,Cooper Kupp,16.0,11.229757803342865,7.393750000000001,11.92872402902601,12.218859290614684,118.30000000000001,133.9566817488784,137.21483046672873,125.69375000000001,202.78830849344217,207.72060794044964,SEASON
WR,2025,00-0033921,Chris Godwin Jr.,9.0,9.024874887500436,9.222222222222221,14.958622529562295,16.15420791604517,83.0,134.999696818645,145.7897053489768,156.77777777777777,254.296583002559,274.62153457276787,PPG
WR,2025,00-0033921,Chris Godwin Jr.,9.0,9.024874887500436,9.222222222222221,14.958622529562295,16.15420791604517,83.0,134.999696818645,145.7897053489768,156.77777777777777,254.296583002559,274.62153457276787,SEASON
WR,2025,00-0033943,Josh Reynolds,5.0,9.465851470668921,4.62,4.371564748046583,4.654743898129767,23.1,41.38058259942116,44.06111437369884,78.54,74.31660071679191,79.13064626820604,PPG
WR,2025,00-0033943,Josh Reynolds,5.0,9.465851470668921,4.62,4.371564748046583,4.654743898129767,23.1,41.38058259942116,44.06111437369884,78.54,74.31660071679191,79.13064626820604,SEASON
WR,2025,00-0034054,River Cracraft,2.0,8.142921721163464,0.0,2.4448987271131872,3.125819423023704,0.0,19.908618951054876,25.453302876174366,0.0,41.56327836092418,53.13893019140297,PPG
WR,2025,00-0034054,River Cracraft,2.0,8.142921721163464,0.0,2.4448987271131872,3.125819423023704,0.0,19.908618951054876,25.453302876174366,0.0,41.56327836092418,53.13893019140297,SEASON
WR,2025,00-0034272,Marquez Valdes-Scantling,9.0,11.67073438651135,3.555555555555556,6.083490291047778,6.149184948129837,32.0,70.99879932973924,71.7655042231569,60.44444444444445,103.41933494781223,104.53614411820723,PPG
WR,2025,00-0034272,Marquez Valdes-Scantling,9.0,11.67073438651135,3.555555555555556,6.083490291047778,6.149184948129837,32.0,70.99879932973924,71.7655042231569,60.44444444444445,103.41933494781223,104.53614411820723,SEASON
WR,2025,00-0034348,Courtland Sutton,17.0,12.993664136016807,12.923529411764704,13.244696511300077,12.97866797786189,219.7,172.09713805130673,168.64045263721383,219.7,225.1598406921013,220.63735562365216,PPG
WR,2025,00-0034348,Courtland Sutton,17.0,12.993664136016807,12.923529411764704,13.244696511300077,12.97866797786189,219.7,172.09713805130673,168.64045263721383,219.7,225.1598406921013,220.63735562365216,SEASON
WR,2025,00-0034386,Justin Watson,3.0,12.552687552848322,2.0,4.350827609526912,4.008407290977552,6.0,54.614579578697295,50.31628430820039,34.0,73.96406936195751,68.1429239466184,PPG
WR,2025,00-0034386,Justin Watson,3.0,12.552687552848322,2.0,4.350827609526912,4.008407290977552,6.0,54.614579578697295,50.31628430820039,34.0,73.96406936195751,68.1429239466184,SEASON
WR,2025,00-0034407,Ray-Ray McCloud,6.0,13.434640719185293,2.316666666666667,8.20403678010712,7.9645382598458605,13.900000000000002,110.21828658772093,107.00071001523438,39.38333333333334,139.46862526182105,135.39715041737963,PPG
WR,2025,00-0034407,Ray-Ray McCloud,6.0,13.434640719185293,2.316666666666667,8.20403678010712,7.9645382598458605,13.900000000000002,110.21828658772093,107.00071001523438,39.38333333333334,139.46862526182105,135.39715041737963,SEASON
WR,2025,00-0034418,Cedrick Wilson Jr.,6.0,11.67073438651135,1.5666666666666669,4.276623351191219,3.9806333055081375,9.400000000000002,49.911335202904766,46.45691399868616,26.633333333333336,72.70259697025072,67.67076619363834,PPG
WR,2025,00-0034418,Cedrick Wilson Jr.,6.0,11.67073438651135,1.5666666666666669,4.276623351191219,3.9806333055081375,9.400000000000002,49.911335202904766,46.45691399868616,26.633333333333336,72.70259697025072,67.67076619363834,SEASON
WR,2025,00-0034419,Braxton Berrios,4.0,8.583898304331951,2.425,1.2827119315465991,0.9330111576202077,9.7,11.010668774149215,8.008872893818891,41.224999999999994,21.806102836292187,15.86118967954353,PPG
WR,2025,00-0034419,Braxton Berrios,4.0,8.583898304331951,2.425,1.2827119315465991,0.9330111576202077,9.7,11.010668774149215,8.008872893818891,41.224999999999994,21.806102836292187,15.86118967954353,SEASON
WR,2025,00-0034487,Trent Sherfield,4.0,11.67073438651135,1.275,2.0075059336753753,2.1089791482773257,5.1,23.429068531270776,24.613335466235604,21.674999999999997,34.12760087248138,35.85264552071454,PPG
WR,2025,00-0034487,Trent Sherfield,4.0,11.67073438651135,1.275,2.0075059336753753,2.1089791482773257,5.1,23.429068531270776,24.613335466235604,21.674999999999997,34.12760087248138,35.85264552071454,SEASON
WR,2025,00-0034521,Allen Lazard,9.0,11.229757803342865,2.5555555555555554,8.424384169831464,8.700667741530909,23.0,94.60379386952299,97.70639146475027,43.44444444444444,143.21453088713488,147.91135160602545,PPG
WR,2025,00-0034521,Allen Lazard,9.0,11.229757803342865,2.5555555555555554,8.424384169831464,8.700667741530909,23.0,94.60379386952299,97.70639146475027,43.44444444444444,143.21453088713488,147.91135160602545,SEASON
WR,2025,00-0034775,Christian Kirk,11.0,9.465851470668921,5.263636363636364,7.843737277480843,8.436677103796743,57.9,74.24765204358268,79.86033237053321,89.48181818181818,133.34353371717432,143.42351076454463,PPG
WR,2025,00-0034775,Christian Kirk,11.0,9.465851470668921,5.263636363636364,7.843737277480843,8.436677103796743,57.9,74.24765204358268,79.86033237053321,89.48181818181818,133.34353371717432,143.42351076454463,SEASON
WR,2025,00-0034827,DJ Moore,17.0,13.434640719185293,9.888235294117647,12.02823748958884,12.34052823098153,168.1,161.5950491576613,165.7905630682001,168.1,204.48003732301027,209.788979926686,PPG
WR,2025,00-0034827,DJ Moore,17.0,13.434640719185293,9.888235294117647,12.02823748958884,12.34052823098153,168.1,161.5950491576613,165.7905630682001,168.1,204.48003732301027,209.788979926686,SEASON
WR,2025,00-0034837,Calvin Ridley,7.0,13.434640719185293,6.757142857142856,10.643835512814235,10.627289685669691,47.3,142.99610598876458,142.7738187456759,114.87142857142855,180.945203717842,180.66392465638475,PPG
WR,2025,00-0034837,Calvin Ridley,7.0,13.434640719185293,6.757142857142856,10.643835512814235,10.627289685669691,47.3,142.99610598876458,142.7738187456759,114.87142857142855,180.945203717842,180.66392465638475,SEASON
WR,2025,00-0034854,KhaDarel Hodge,8.0,10.788781220174378,0.7625,2.6667816773642428,2.8787978222922024,6.1,28.77132407905247,31.05871988182501,12.962499999999999,45.335288515192126,48.93956297896744,PPG
WR,2025,00-0034854,KhaDarel Hodge,8.0,10.788781220174378,0.7625,2.6667816773642428,2.8787978222922024,6.1,28.77132407905247,31.05871988182501,12.962499999999999,45.335288515192126,48.93956297896744,SEASON
WR,2025,00-0034860,Dante Pettis,8.0,9.465851470668921,2.4625000000000004,4.214687497166087,4.253151154458538,19.700000000000003,39.89560584345951,40.259697110408574,41.862500000000004,71.64968745182347,72.30356962579515,PPG
WR,2025,00-0034860,Dante Pettis,8.0,9.465851470668921,2.4625000000000004,4.214687497166087,4.253151154458538,19.700000000000003,39.89560584345951,40.259697110408574,41.862500000000004,71.64968745182347,72.30356962579515,SEASON
WR,2025,00-0034928,Steven Sims,3.0,9.906828053837408,0.0,0.922691028975139,1.0463472273217767,0.0,9.140941370875012,10.365982065686365,0.0,15.685747492577363,17.787902864470205,PPG
WR,2025,00-0034928,Steven Sims,3.0,9.906828053837408,0.0,0.922691028975139,1.0463472273217767,0.0,9.140941370875012,10.365982065686365,0.0,15.685747492577363,17.787902864470205,SEASON
WR,2025,00-0034960,Jakobi Meyers,16.0,12.552687552848322,10.9875,13.104211083120045,12.783108924177675,175.8,164.49306735297802,160.4623722792294,186.78750000000002,222.77158841304077,217.31285171102047,PPG
WR,2025,00-0034960,Jakobi Meyers,16.0,12.552687552848322,10.9875,13.104211083120045,12.783108924177675,175.8,164.49306735297802,160.4623722792294,186.78750000000002,222.77158841304077,217.31285171102047,SEASON
WR,2025,00-0035021,Ashton Dulin,12.0,11.67073438651135,1.6666666666666667,2.7610727903170003,1.9784497783828976,20.0,32.22374715761346,23.089961860559043,28.333333333333336,46.938237435389006,33.63364623250926,PPG
WR,2025,00-0035021,Ashton Dulin,12.0,11.67073438651135,1.6666666666666667,2.7610727903170003,1.9784497783828976,20.0,32.22374715761346,23.089961860559043,28.333333333333336,46.938237435389006,33.63364623250926,SEASON
WR,2025,00-0035140,Mecole Hardman,2.0,11.229757803342865,0.0,2.8756436234343044,3.025140637019459,0.0,32.29278141989453,33.97159667477887,0.0,48.88594159838318,51.427390829330804,PPG
WR,2025,00-0035140,Mecole Hardman,2.0,11.229757803342865,0.0,2.8756436234343044,3.025140637019459,0.0,32.29278141989453,33.97159667477887,0.0,48.88594159838318,51.427390829330804,SEASON
WR,2025,00-0035208,Olamide Zaccheaus,14.0,12.993664136016807,6.057142857142857,7.426757194419363,6.951617873029033,84.8,96.50078860403168,90.32698784407079,102.97142857142856,126.25487230512917,118.17750384149356,PPG
WR,2025,00-0035208,Olamide Zaccheaus,14.0,12.993664136016807,6.057142857142857,7.426757194419363,6.951617873029033,84.8,96.50078860403168,90.32698784407079,102.97142857142856,126.25487230512917,118.17750384149356,SEASON
WR,2025,00-0035298,Scott Miller,5.0,8.583898304331951,3.04,2.4247779199023474,2.773615103663081,15.2,20.814047075031315,23.808429985203013,51.68,41.221224638339905,47.15145676227238,PPG
WR,2025,00-0035298,Scott Miller,5.0,8.583898304331951,3.04,2.4247779199023474,2.773615103663081,15.2,20.814047075031315,23.808429985203013,51.68,41.221224638339905,47.15145676227238,SEASON
WR,2025,00-0035406,Lil'Jordan Humphrey,7.0,12.111710969679836,4.942857142857143,5.051214372607028,4.689431075501605,34.6,61.178848526908986,56.797033798710295,84.02857142857144,85.87064433431948,79.72032828352728,PPG
WR,2025,00-0035406,Lil'Jordan Humphrey,7.0,12.111710969679836,4.942857142857143,5.051214372607028,4.689431075501605,34.6,61.178848526908986,56.797033798710295,84.02857142857144,85.87064433431948,79.72032828352728,SEASON
WR,2025,00-0035500,Greg Dortch,12.0,13.434640719185293,6.258333333333333,5.567559415584343,4.9188716232135015,75.1,74.79816043109288,66.08327300166917,106.39166666666665,94.64851006493383,83.62081759462953,PPG
WR,2025,00-0035500,Greg Dortch,12.0,13.434640719185293,6.258333333333333,5.567559415584343,4.9188716232135015,75.1,74.79816043109288,66.08327300166917,106.39166666666665,94.64851006493383,83.62081759462953,SEASON
WR,2025,00-0035535,Darius Slayton,14.0,12.993664136016807,7.057142857142857,6.689322601069932,6.356019515578815,98.8,86.91881117576905,82.58798282739937,119.97142857142856,113.71848421818885,108.05233176483986,PPG
WR,2025,00-0035535,Darius Slayton,14.0,12.993664136016807,7.057142857142857,6.689322601069932,6.356019515578815,98.8,86.91881117576905,82.58798282739937,119.97142857142856,113.71848421818885,108.05233176483986,SEASON
WR,2025,00-0035544,Tom Kennedy,6.0,7.260968554826494,1.2666666666666666,1.0987120245284898,1.0125124030795676,7.6,7.97771346091112,7.351820720132548,21.53333333333333,18.678104416984326,17.21271085235265,PPG
WR,2025,00-0035544,Tom Kennedy,6.0,7.260968554826494,1.2666666666666666,1.0987120245284898,1.0125124030795676,7.6,7.97771346091112,7.351820720132548,21.53333333333333,18.678104416984326,17.21271085235265,SEASON
WR,2025,00-0035602,Alex Bachman,11.0,8.142921721163464,0.2909090909090909,0.9101461796122003,1.8949718310634978,3.1999999999999997,7.41124909539813,15.430607284159858,4.945454545454545,15.472485053407405,32.21452112807946,PPG
WR,2025,00-0035602,Alex Bachman,11.0,8.142921721163464,0.2909090909090909,0.9101461796122003,1.8949718310634978,3.1999999999999997,7.41124909539813,15.430607284159858,4.945454545454545,15.472485053407405,32.21452112807946,SEASON
WR,2025,00-0035639,Parris Campbell,1.0,7.701945137994979,0.0,2.1339381119535807,3.6421438626971625,0.0,16.435474266143068,28.051592215178665,0.0,36.276947903210875,61.91644566585176,PPG
WR,2025,00-0035639,Parris Campbell,1.0,7.701945137994979,0.0,2.1339381119535807,3.6421438626971625,0.0,16.435474266143068,28.051592215178665,0.0,36.276947903210875,61.91644566585176,SEASON
WR,2025,00-0035640,DK Metcalf,15.0,12.552687552848322,12.48,11.228927035061893,11.064449680382339,187.20000000000002,140.95321262486345,138.88857978205198,212.16,190.8917595960522,188.09564456649974,PPG
WR,2025,00-0035640,DK Metcalf,15.0,12.552687552848322,12.48,11.228927035061893,11.064449680382339,187.20000000000002,140.95321262486345,138.88857978205198,212.16,190.8917595960522,188.09564456649974,SEASON
WR,2025,00-0035659,Terry McLaurin,10.0,13.434640719185293,11.42,13.278387607963921,13.045063078452142,114.2,178.3903668430775,175.2557356181138,194.14,225.73258933538665,221.7660723336864,PPG
WR,2025,00-0035659,Terry McLaurin,10.0,13.434640719185293,11.42,13.278387607963921,13.045063078452142,114.2,178.3903668430775,175.2557356181138,194.14,225.73258933538665,221.7660723336864,SEASON
WR,2025,00-0035676,A.J. Brown,15.0,11.67073438651135,14.686666666666667,14.413158257186108,14.631545335302922,220.3,168.2121416903719,170.76087927251956,249.67333333333335,245.02369037216383,248.73627070014967,PPG
WR,2025,00-0035676,A.J. Brown,15.0,11.67073438651135,14.686666666666667,14.413158257186108,14.631545335302922,220.3,168.2121416903719,170.76087927251956,249.67333333333335,245.02369037216383,248.73627070014967,SEASON
WR,2025,00-0035719,Deebo Samuel Sr.,16.0,12.552687552848322,11.7625,7.649974390622644,9.440291147993022,188.2,96.02773831277729,118.50102518867621,199.96249999999998,130.04956464058495,160.4849495158814,PPG
WR,2025,00-0035719,Deebo Samuel Sr.,16.0,12.552687552848322,11.7625,7.649974390622644,9.440291147993022,188.2,96.02773831277729,118.50102518867621,199.96249999999998,130.04956464058495,160.4849495158814,SEASON
WR,2025,00-0036133,James Proche,6.0,9.906828053837408,2.0833333333333335,1.1621403700793849,1.4413403121345978,12.5,11.513124820799439,14.2791106393818,35.41666666666667,19.756386291349543,24.502785306288164,PPG
WR,2025,00-0036133,James Proche,6.0,9.906828053837408,2.0833333333333335,1.1621403700793849,1.4413403121345978,12.5,11.513124820799439,14.2791106393818,35.41666666666667,19.756386291349543,24.502785306288164,SEASON
WR,2025,00-0036176,Mason Kinsey,6.0,8.583898304331951,1.1333333333333333,0.5187476927693592,1.4043436677672012,6.8,4.452877440339014,12.054743228446192,19.266666666666666,8.818710777079106,23.87384235204242,PPG
WR,2025,00-0036176,Mason Kinsey,6.0,8.583898304331951,1.1333333333333333,0.5187476927693592,1.4043436677672012,6.8,4.452877440339014,12.054743228446192,19.266666666666666,8.818710777079106,23.87384235204242,SEASON
WR,2025,00-0036182,Nick Westbrook-Ikhine,13.0,12.111710969679836,1.5307692307692307,7.898333645875836,7.897454761719877,19.9,95.6623342609457,95.65168947007288,26.02307692307692,134.27167197988922,134.25673094923792,PPG
WR,2025,00-0036182,Nick Westbrook-Ikhine,13.0,12.111710969679836,1.5307692307692307,7.898333645875836,7.897454761719877,19.9,95.6623342609457,95.65168947007288,26.02307692307692,134.27167197988922,134.25673094923792,SEASON
WR,2025,00-0036196,Gabe Davis,6.0,10.347804637005893,5.15,5.167233195271347,5.498766323779785,30.900000000000002,53.46951961851963,56.90015966302031,87.55000000000001,87.8429643196129,93.47902750425635,PPG
WR,2025,00-0036196,Gabe Davis,6.0,10.347804637005893,5.15,5.167233195271347,5.498766323779785,30.900000000000002,53.46951961851963,56.90015966302031,87.55000000000001,87.8429643196129,93.47902750425635,SEASON
WR,2025,00-0036252,Michael Pittman,17.0,12.993664136016807,11.905882352941177,9.970618567852734,9.815925386446015,202.4,129.55486889901132,127.54483765568051,202.4,169.50051565349648,166.87073156958226,PPG
WR,2025,00-0036252,Michael Pittman,17.0,12.993664136016807,11.905882352941177,9.970618567852734,9.815925386446015,202.4,129.55486889901132,127.54483765568051,202.4,169.50051565349648,166.87073156958226,SEASON
WR,2025,00-0036259,Jauan Jennings,15.0,12.552687552848322,11.553333333333333,12.440799599315554,12.244062646423915,173.29999999999998,156.16547027780874,153.69589277806057,196.40666666666667,211.4935931883644,208.14906498920655,PPG
WR,2025,00-0036259,Jauan Jennings,15.0,12.552687552848322,11.553333333333333,12.440799599315554,12.244062646423915,173.29999999999998,156.16547027780874,153.69589277806057,196.40666666666667,211.4935931883644,208.14906498920655,SEASON
WR,2025,00-0036309,Darnell Mooney,15.0,12.993664136016807,5.486666666666666,10.761557371217899,10.523298111868055,82.3,139.83206206208132,136.73620126879334,93.27333333333333,182.94647531070427,178.89606790175694,PPG
WR,2025,00-0036309,Darnell Mooney,15.0,12.993664136016807,5.486666666666666,10.761557371217899,10.523298111868055,82.3,139.83206206208132,136.73620126879334,93.27333333333333,182.94647531070427,178.89606790175694,SEASON
WR,2025,00-0036322,Justin Jefferson,17.0,13.434640719185293,11.852941176470589,16.218138902876653,15.880168109848197,201.5,217.88486929398977,213.34435311607433,201.5,275.7083613489031,269.96285786741936,PPG
WR,2025,00-0036322,Justin Jefferson,17.0,13.434640719185293,11.852941176470589,16.218138902876653,15.880168109848197,201.5,217.88486929398977,213.34435311607433,201.5,275.7083613489031,269.96285786741936,SEASON
WR,2025,00-0036331,Devin Duvernay,17.0,11.67073438651135,0.2705882352941177,2.3874648813785986,2.3236454647049496,4.6000000000000005,27.863468487693453,27.1186490269932,4.6000000000000005,40.586902983436175,39.501972899984146,PPG
WR,2025,00-0036331,Devin Duvernay,17.0,11.67073438651135,0.2705882352941177,2.3874648813785986,2.3236454647049496,4.6000000000000005,27.863468487693453,27.1186490269932,4.6000000000000005,40.586902983436175,39.501972899984146,SEASON
WR,2025,00-0036358,CeeDee Lamb,13.0,12.552687552848322,15.453846153846152,15.358935400184938,15.214766491946738,200.89999999999998,192.79591722290294,190.98620996295355,262.7153846153846,261.10190180314396,258.65103036309455,PPG
WR,2025,00-0036358,CeeDee Lamb,13.0,12.552687552848322,15.453846153846152,15.358935400184938,15.214766491946738,200.89999999999998,192.79591722290294,190.98620996295355,262.7153846153846,261.10190180314396,258.65103036309455,SEASON
WR,2025,00-0036407,Jerry Jeudy,17.0,13.434640719185293,7.1,13.263905715889853,12.586997131911618,120.69999999999999,178.19580782612837,169.10178420064832,120.69999999999999,225.4863971701275,213.97895124249752,PPG
WR,2025,00-0036407,Jerry Jeudy,17.0,13.434640719185293,7.1,13.263905715889853,12.586997131911618,120.69999999999999,178.19580782612837,169.10178420064832,120.69999999999999,225.4863971701275,213.97895124249752,SEASON
WR,2025,00-0036410,Tee Higgins,15.0,11.229757803342865,14.106666666666666,15.124991628884802,15.065030977582953,211.6,169.84999276996462,169.17664917811416,239.8133333333333,257.12485769104165,256.10552661891023,PPG
WR,2025,00-0036410,Tee Higgins,15.0,11.229757803342865,14.106666666666666,15.124991628884802,15.065030977582953,211.6,169.84999276996462,169.17664917811416,239.8133333333333,257.12485769104165,256.10552661891023,SEASON
WR,2025,00-0036415,Van Jefferson,14.0,12.552687552848322,5.0,4.495341033067861,4.1670051918591815,70.0,56.42861143159926,52.30711420450508,85.0,76.42079756215364,70.83908826160608,PPG
WR,2025,00-0036415,Van Jefferson,14.0,12.552687552848322,5.0,4.495341033067861,4.1670051918591815,70.0,56.42861143159926,52.30711420450508,85.0,76.42079756215364,70.83908826160608,SEASON
WR,2025,00-0036427,Tyler Johnson,9.0,10.788781220174378,4.188888888888889,5.581153653192274,5.269741310106036,37.7,60.213845720468434,56.85408608164912,71.21111111111111,94.87961210426866,89.58560227180261,PPG
WR,2025,00-0036427,Tyler Johnson,9.0,10.788781220174378,4.188888888888889,5.581153653192274,5.269741310106036,37.7,60.213845720468434,56.85408608164912,71.21111111111111,94.87961210426866,89.58560227180261,SEASON
WR,2025,00-0036497,Tim Jones,2.0,9.465851470668921,1.25,1.621828867277909,1.6828637088975007,2.5,15.351991168495907,15.929737913802763,21.25,27.571090743724454,28.60868305125751,PPG
WR,2025,00-0036497,Tim Jones,2.0,9.465851470668921,1.25,1.621828867277909,1.6828637088975007,2.5,15.351991168495907,15.929737913802763,21.25,27.571090743724454,28.60868305125751,SEASON
WR,2025,00-0036527,DJ Turner,1.0,11.229757803342865,0.0,3.7570987598411243,3.8880607725409972,0.0,42.19130911625567,43.66198080031355,0.0,63.87067891729912,66.09703313319696,PPG
WR,2025,00-0036527,DJ Turner,1.0,11.229757803342865,0.0,3.7570987598411243,3.8880607725409972,0.0,42.19130911625567,43.66198080031355,0.0,63.87067891729912,66.09703313319696,SEASON
WR,2025,00-0036550,Rashod Bateman,13.0,12.993664136016807,4.2615384615384615,9.564125450898441,9.186532371815101,55.4,124.27303386370465,119.3667162140113,72.44615384615385,162.5901326652735,156.17105032085672,PPG
WR,2025,00-0036550,Rashod Bateman,13.0,12.993664136016807,4.2615384615384615,9.564125450898441,9.186532371815101,55.4,124.27303386370465,119.3667162140113,72.44615384615385,162.5901326652735,156.17105032085672,SEASON
WR,2025,00-0036554,Nico Collins,15.0,11.229757803342865,15.080000000000002,14.76102975134562,14.79827527075123,226.20000000000002,165.76278903554967,166.1810471977344,256.36,250.93750577287554,251.5706796027709,PPG
WR,2025,00-0036554,Nico Collins,15.0,11.229757803342865,15.080000000000002,14.76102975134562,14.79827527075123,226.20000000000002,165.76278903554967,166.1810471977344,256.36,250.93750577287554,251.5706796027709,SEASON
WR,2025,00-0036613,Jaylen Waddle,16.0,12.552687552848322,12.1125,8.968525936988334,8.95175334064812,193.8,112.5791038966308,112.36856273532204,205.91250000000002,152.46494092880167,152.17980679101802,PPG
WR,2025,00-0036613,Jaylen Waddle,16.0,12.552687552848322,12.1125,8.968525936988334,8.95175334064812,193.8,112.5791038966308,112.36856273532204,205.91250000000002,152.46494092880167,152.17980679101802,SEASON
WR,2025,00-0036620,Dee Eskridge,11.0,8.142921721163464,0.9272727272727274,1.458104986558095,2.09555286191961,10.200000000000001,11.873234766780673,17.063922917171453,15.763636363636365,24.787784771487615,35.62439865263337,PPG
WR,2025,00-0036620,Dee Eskridge,11.0,8.142921721163464,0.9272727272727274,1.458104986558095,2.09555286191961,10.200000000000001,11.873234766780673,17.063922917171453,15.763636363636365,24.787784771487615,35.62439865263337,SEASON
WR,2025,00-0036626,Dyami Brown,11.0,12.552687552848322,4.5181818181818185,4.9925276544224495,4.797922734855156,49.7,62.669639744919714,60.2268249933443,76.80909090909091,84.87297012518164,81.56468649253765,PPG
WR,2025,00-0036626,Dyami Brown,11.0,12.552687552848322,4.5181818181818185,4.9925276544224495,4.797922734855156,49.7,62.669639744919714,60.2268249933443,76.80909090909091,84.87297012518164,81.56468649253765,SEASON
WR,2025,00-0036630,Tylan Wallace,11.0,11.229757803342865,1.3181818181818181,2.9489756226129633,3.403162533650966,14.5,33.11628200990581,38.21669101831101,22.409090909090907,50.132585584420376,57.85376307206642,PPG
WR,2025,00-0036630,Tylan Wallace,11.0,11.229757803342865,1.3181818181818181,2.9489756226129633,3.403162533650966,14.5,33.11628200990581,38.21669101831101,22.409090909090907,50.132585584420376,57.85376307206642,SEASON
WR,2025,00-0036646,Simi Fehoko,7.0,8.583898304331951,0.0,3.075226915698467,3.410223514266432,0.0,26.397435107100048,29.273011841504573,0.0,52.27885756687394,57.973799742529344,PPG
WR,2025,00-0036646,Simi Fehoko,7.0,8.583898304331951,0.0,3.075226915698467,3.410223514266432,0.0,26.397435107100048,29.273011841504573,0.0,52.27885756687394,57.973799742529344,SEASON
WR,2025,00-0036849,Tutu Atwell,8.0,12.552687552848322,3.9000000000000004,7.1671331308073185,6.40912423706697,31.200000000000003,89.96678284069185,80.45173403528905,66.30000000000001,121.84126322372441,108.9551120301385,PPG
WR,2025,00-0036849,Tutu Atwell,8.0,12.552687552848322,3.9000000000000004,7.1671331308073185,6.40912423706697,31.200000000000003,89.96678284069185,80.45173403528905,66.30000000000001,121.84126322372441,108.9551120301385,SEASON
WR,2025,00-0036862,Ben Skowronek,16.0,9.906828053837408,1.05625,1.6824990879405808,2.0468533094119676,16.9,16.6682291649656,20.277823787772423,17.956249999999997,28.602484494989874,34.79650626000345,PPG
WR,2025,00-0036862,Ben Skowronek,16.0,9.906828053837408,1.05625,1.6824990879405808,2.0468533094119676,16.9,16.6682291649656,20.277823787772423,17.956249999999997,28.602484494989874,34.79650626000345,SEASON
WR,2025,00-0036900,Ja'Marr Chase,16.0,13.434640719185293,19.6,19.717888530098644,19.19101918126758,313.6,264.90274814281986,257.8244477353234,333.20000000000005,335.204105011677,326.24732608154886,PPG
WR,2025,00-0036900,Ja'Marr Chase,16.0,13.434640719185293,19.6,19.717888530098644,19.19101918126758,313.6,264.90274814281986,257.8244477353234,333.20000000000005,335.204105011677,326.24732608154886,SEASON
WR,2025,00-0036912,DeVonta Smith,17.0,11.67073438651135,11.870588235294118,12.804527620836684,13.109157218648685,201.8,149.43824080753305,152.9934919298667,201.8,217.67696955422363,222.85567271702763,PPG
WR,2025,00-0036912,DeVonta Smith,17.0,11.67073438651135,11.870588235294118,12.804527620836684,13.109157218648685,201.8,149.43824080753305,152.9934919298667,201.8,217.67696955422363,222.85567271702763,SEASON
WR,2025,00-0036963,Amon-Ra St. Brown,17.0,13.434640719185293,19.058823529411768,15.596939369600593,15.26637168577825,324.00000000000006,209.53927674950032,205.0982186839739,324.00000000000006,265.1479692832101,259.52831865823026,PPG
WR,2025,00-0036963,Amon-Ra St. Brown,17.0,13.434640719185293,19.058823529411768,15.596939369600593,15.26637168577825,324.00000000000006,209.53927674950032,205.0982186839739,324.00000000000006,265.1479692832101,259.52831865823026,SEASON
WR,2025,00-0036980,Elijah Moore,9.0,13.434640719185293,3.1777777777777776,7.1183125070128,6.7944832590532735,28.599999999999998,95.63197105860012,91.2814414578999,54.02222222222222,121.0113126192176,115.50621540390566,PPG
WR,2025,00-0036980,Elijah Moore,9.0,13.434640719185293,3.1777777777777776,7.1183125070128,6.7944832590532735,28.599999999999998,95.63197105860012,91.2814414578999,54.02222222222222,121.0113126192176,115.50621540390566,SEASON
WR,2025,00-0036988,Josh Palmer,12.0,12.552687552848322,4.358333333333333,7.4838218479079455,6.923843460284782,52.3,93.9420773579684,86.91284362178703,74.09166666666667,127.22497141443507,117.70533882484129,PPG
WR,2025,00-0036988,Josh Palmer,12.0,12.552687552848322,4.358333333333333,7.4838218479079455,6.923843460284782,52.3,93.9420773579684,86.91284362178703,74.09166666666667,127.22497141443507,117.70533882484129,SEASON
WR,2025,00-0037091,Bo Melton,13.0,11.67073438651135,1.8615384615384616,2.8496408866543437,2.5106098029054085,24.2,33.25740188508554,29.300660157880635,31.646153846153847,48.44389507312384,42.68036664939194,PPG
WR,2025,00-0037091,Bo Melton,13.0,11.67073438651135,1.8615384615384616,2.8496408866543437,2.5106098029054085,24.2,33.25740188508554,29.300660157880635,31.646153846153847,48.44389507312384,42.68036664939194,SEASON
WR,2025,00-0037093,Dareke Young,8.0,9.024874887500436,0.8500000000000001,1.6309385657081554,0.8737725984098605,6.800000000000001,14.719016504715512,7.8856883807751545,14.450000000000001,27.725955617038643,14.85413417296763,PPG
WR,2025,00-0037093,Dareke Young,8.0,9.024874887500436,0.8500000000000001,1.6309385657081554,0.8737725984098605,6.800000000000001,14.719016504715512,7.8856883807751545,14.450000000000001,27.725955617038643,14.85413417296763,SEASON
WR,2025,00-0037132,Britain Covey,6.0,8.142921721163464,0.6666666666666667,1.9909683924544737,2.665130963509827,4.0,16.21229976906744,21.701952812509482,11.333333333333334,33.84646267172605,45.30722637966706,PPG
WR,2025,00-0037132,Britain Covey,6.0,8.142921721163464,0.6666666666666667,1.9909683924544737,2.665130963509827,4.0,16.21229976906744,21.701952812509482,11.333333333333334,33.84646267172605,45.30722637966706,SEASON
WR,2025,00-0037231,Kevin Austin Jr.,5.0,9.465851470668921,6.6000000000000005,3.4885691362897986,3.9828412440206793,33.0,33.022277289278996,37.70098364715398,112.2,59.305675316926575,67.70830114835155,PPG
WR,2025,00-0037231,Kevin Austin Jr.,5.0,9.465851470668921,6.6000000000000005,3.4885691362897986,3.9828412440206793,33.0,33.022277289278996,37.70098364715398,112.2,59.305675316926575,67.70830114835155,SEASON
WR,2025,00-0037238,Drake London,12.0,13.434640719185293,16.825000000000003,14.475870074387013,14.111992863974637,201.90000000000003,194.4781135469956,189.58955395920592,286.02500000000003,246.08979126457922,239.90387868756883,PPG
WR,2025,00-0037238,Drake London,12.0,13.434640719185293,16.825000000000003,14.475870074387013,14.111992863974637,201.90000000000003,194.4781135469956,189.58955395920592,286.02500000000003,246.08979126457922,239.90387868756883,SEASON
WR,2025,00-0037239,Chris Olave,16.0,9.465851470668921,16.89375,8.497615710677687,9.148164651571356,270.3,80.43716817209771,86.59516782099817,287.19375,144.45946708152067,155.51879907671307,PPG
WR,2025,00-0037239,Chris Olave,16.0,9.465851470668921,16.89375,8.497615710677687,9.148164651571356,270.3,80.43716817209771,86.59516782099817,287.19375,144.45946708152067,155.51879907671307,SEASON
WR,2025,00-0037240,Jameson Williams,17.0,12.552687552848322,12.935294117647059,11.874400118414043,11.926342090171154,219.9,149.0556345639566,149.7076459063025,219.9,201.8648020130387,202.7478155329096,PPG
WR,2025,00-0037240,Jameson Williams,17.0,12.552687552848322,12.935294117647059,11.874400118414043,11.926342090171154,219.9,149.0556345639566,149.7076459063025,219.9,201.8648020130387,202.7478155329096,SEASON
WR,2025,00-0037247,George Pickens,17.0,12.111710969679836,17.17058823529412,10.363324963706544,10.79329507499979,291.90000000000003,125.51759664528143,130.7252703588663,291.90000000000003,176.17652438301124,183.48601627499642,PPG
WR,2025,00-0037247,George Pickens,17.0,12.111710969679836,17.17058823529412,10.363324963706544,10.79329507499979,291.90000000000003,125.51759664528143,130.7252703588663,291.90000000000003,176.17652438301124,183.48601627499642,SEASON
WR,2025,00-0037261,Khalil Shakir,16.0,12.552687552848322,10.4,10.89722494463419,10.991835680636306,166.4,136.78945992309784,137.97707893127742,176.8,185.25282405878121,186.86120657081722,PPG
WR,2025,00-0037261,Khalil Shakir,16.0,12.552687552848322,10.4,10.89722494463419,10.991835680636306,166.4,136.78945992309784,137.97707893127742,176.8,185.25282405878121,186.86120657081722,SEASON
WR,2025,00-0037291,Jalen Nailor,17.0,12.552687552848322,5.923529411764706,5.946635426296009,6.082829746510001,100.7,74.64625649699279,76.3558612451116,100.7,101.09280224703215,103.40810569067001,PPG
WR,2025,00-0037291,Jalen Nailor,17.0,12.552687552848322,5.923529411764706,5.946635426296009,6.082829746510001,100.7,74.64625649699279,76.3558612451116,100.7,101.09280224703215,103.40810569067001,SEASON
WR,2025,00-0037487,Deven Thompkins,7.0,8.142921721163464,0.8857142857142857,0.9059287302842006,2.007980126364512,6.199999999999999,7.376906735657255,16.350824986638145,15.057142857142857,15.40078841483141,34.13566214819671,PPG
WR,2025,00-0037487,Deven Thompkins,7.0,8.142921721163464,0.8857142857142857,0.9059287302842006,2.007980126364512,6.199999999999999,7.376906735657255,16.350824986638145,15.057142857142857,15.40078841483141,34.13566214819671,SEASON
WR,2025,00-0037545,Rashid Shaheed,18.0,8.583898304331951,8.033333333333333,10.079743234694618,11.317080746733543,144.6,86.52349086039659,97.14467023187383,136.56666666666666,171.3556349898085,192.39037269447024,PPG
WR,2025,00-0037545,Rashid Shaheed,18.0,8.583898304331951,8.033333333333333,10.079743234694618,11.317080746733543,144.6,86.52349086039659,97.14467023187383,136.56666666666666,171.3556349898085,192.39037269447024,SEASON
WR,2025,00-0037614,John Metchie III,13.0,10.347804637005893,5.569230769230769,5.388798881244967,5.5914858732042045,72.39999999999999,55.76223805123884,57.85960344649541,94.67692307692307,91.60958098116444,95.05525984447148,PPG
WR,2025,00-0037614,John Metchie III,13.0,10.347804637005893,5.569230769230769,5.388798881244967,5.5914858732042045,72.39999999999999,55.76223805123884,57.85960344649541,94.67692307692307,91.60958098116444,95.05525984447148,SEASON
WR,2025,00-0037664,Alec Pierce,15.0,12.993664136016807,12.219999999999999,9.240012913958692,8.91189553925175,183.29999999999998,120.06162441643721,115.79817745230363,207.73999999999998,157.08021953729775,151.50222416727976,PPG
WR,2025,00-0037664,Alec Pierce,15.0,12.993664136016807,12.219999999999999,9.240012913958692,8.91189553925175,183.29999999999998,120.06162441643721,115.79817745230363,207.73999999999998,157.08021953729775,151.50222416727976,SEASON
WR,2025,00-0037666,Jalen Tolbert,12.0,13.434640719185293,3.858333333333334,8.35319180947469,7.652446741346048,46.300000000000004,112.22213081873376,102.80787259268442,65.59166666666667,142.00426076106973,130.09159460288282,PPG
WR,2025,00-0037666,Jalen Tolbert,12.0,13.434640719185293,3.858333333333334,8.35319180947469,7.652446741346048,46.300000000000004,112.22213081873376,102.80787259268442,65.59166666666667,142.00426076106973,130.09159460288282,SEASON
WR,2025,00-0037740,Garrett Wilson,7.0,13.434640719185293,14.214285714285715,12.732129978959433,12.670646517641776,99.5,171.05159185728817,170.22558364431353,241.64285714285717,216.44620964231035,215.4009907999102,PPG
WR,2025,00-0037740,Garrett Wilson,7.0,13.434640719185293,14.214285714285715,12.732129978959433,12.670646517641776,99.5,171.05159185728817,170.22558364431353,241.64285714285717,216.44620964231035,215.4009907999102,SEASON
WR,2025,00-0037741,Jahan Dotson,15.0,12.111710969679836,3.3466666666666667,4.289600561854635,3.435759557682393,50.2,51.95440218055957,41.61292672396418,56.89333333333333,72.9232095515288,58.407912480600686,PPG
WR,2025,00-0037741,Jahan Dotson,15.0,12.111710969679836,3.3466666666666667,4.289600561854635,3.435759557682393,50.2,51.95440218055957,41.61292672396418,56.89333333333333,72.9232095515288,58.407912480600686,SEASON
WR,2025,00-0037742,Treylon Burks,8.0,8.142921721163464,3.625,1.4377315413734584,2.2681402314723123,29.0,11.707335397451763,18.46928835750062,61.625,24.441436203348793,38.55838393502931,PPG
WR,2025,00-0037742,Treylon Burks,8.0,8.142921721163464,3.625,1.4377315413734584,2.2681402314723123,29.0,11.707335397451763,18.46928835750062,61.625,24.441436203348793,38.55838393502931,SEASON
WR,2025,00-0037801,KaVontae Turpin,15.0,13.434640719185293,5.633333333333335,5.555851961510107,5.3772674777532785,84.50000000000001,74.64087499186915,72.24165661457499,95.7666666666667,94.44948334567181,91.41354712180573,PPG
WR,2025,00-0037801,KaVontae Turpin,15.0,13.434640719185293,5.633333333333335,5.555851961510107,5.3772674777532785,84.50000000000001,74.64087499186915,72.24165661457499,95.7666666666667,94.44948334567181,91.41354712180573,SEASON
WR,2025,00-0037816,Romeo Doubs,16.0,11.67073438651135,10.3375,9.277069458495422,8.951386639270877,165.4,108.27021353531676,104.4692558578969,175.7375,157.71018079442217,152.17357286760492,PPG
WR,2025,00-0037816,Romeo Doubs,16.0,11.67073438651135,10.3375,9.277069458495422,8.951386639270877,165.4,108.27021353531676,104.4692558578969,175.7375,157.71018079442217,152.17357286760492,SEASON
WR,2025,00-0037837,Calvin Austin III,14.0,13.434640719185293,6.1571428571428575,6.770782431021826,6.472368635132709,86.2,90.96302934855021,86.95394721513163,104.67142857142858,115.10330132737104,110.03026679725606,PPG
WR,2025,00-0037837,Calvin Austin III,14.0,13.434640719185293,6.1571428571428575,6.770782431021826,6.472368635132709,86.2,90.96302934855021,86.95394721513163,104.67142857142858,115.10330132737104,110.03026679725606,SEASON
WR,2025,00-0038090,Skyy Moore,17.0,7.260968554826494,0.8705882352941177,0.9730958112280514,1.0329062121240367,14.8,7.06561808616026,7.4998995263175745,14.8,16.542628790876876,17.559405606108623,PPG
WR,2025,00-0038090,Skyy Moore,17.0,7.260968554826494,0.8705882352941177,0.9730958112280514,1.0329062121240367,14.8,7.06561808616026,7.4998995263175745,14.8,16.542628790876876,17.559405606108623,SEASON
WR,2025,00-0038104,Tyquan Thornton,12.0,7.701945137994979,6.733333333333333,2.2992087359460633,2.8876665594437574,80.8,17.708379545055365,22.24064941765854,114.46666666666667,39.08654851108308,49.09033151054388,PPG
WR,2025,00-0038104,Tyquan Thornton,12.0,7.701945137994979,6.733333333333333,2.2992087359460633,2.8876665594437574,80.8,17.708379545055365,22.24064941765854,114.46666666666667,39.08654851108308,49.09033151054388,SEASON
WR,2025,00-0038117,Wan'Dale Robinson,16.0,13.434640719185293,13.61875,10.64540183868838,9.921051561310238,217.9,143.0171490141329,133.28576328271535,231.51875,180.97183125770246,168.65787654227404,PPG
WR,2025,00-0038117,Wan'Dale Robinson,16.0,13.434640719185293,13.61875,10.64540183868838,9.921051561310238,217.9,143.0171490141329,133.28576328271535,231.51875,180.97183125770246,168.65787654227404,SEASON
WR,2025,00-0038124,Christian Watson,10.0,12.111710969679836,13.24,7.5824210214646675,7.342078865288929,132.4,91.8360918624046,88.9251371329744,225.08,128.90115736489935,124.8153407099118,PPG
WR,2025,00-0038124,Christian Watson,10.0,12.111710969679836,13.24,7.5824210214646675,7.342078865288929,132.4,91.8360918624046,88.9251371329744,225.08,128.90115736489935,124.8153407099118,SEASON
WR,2025,00-0038359,Xavier Smith,16.0,12.111710969679836,3.01875,1.4736447405721016,1.2227934510561245,48.3,17.84835916979812,14.810120854809126,51.318749999999994,25.051960589725727,20.787488667954115,PPG
WR,2025,00-0038359,Xavier Smith,16.0,12.111710969679836,3.01875,1.4736447405721016,1.2227934510561245,48.3,17.84835916979812,14.810120854809126,51.318749999999994,25.051960589725727,20.787488667954115,SEASON
WR,2025,00-0038393,Dontayvion Wicks,13.0,13.434640719185293,5.830769230769231,6.872394666269462,6.259225455046533,75.80000000000001,92.32815322177552,84.09044516892924,99.12307692307694,116.83070932658084,106.40683273579106,PPG
WR,2025,00-0038393,Dontayvion Wicks,13.0,13.434640719185293,5.830769230769231,6.872394666269462,6.259225455046533,75.80000000000001,92.32815322177552,84.09044516892924,99.12307692307694,116.83070932658084,106.40683273579106,SEASON
WR,2025,00-0038465,Malik Heath,7.0,8.142921721163464,2.085714285714286,4.285039103628484,5.417986055382975,14.600000000000001,34.8927379929712,44.11823633533878,35.45714285714286,72.84566476168422,92.10576294151056,PPG
WR,2025,00-0038465,Malik Heath,7.0,8.142921721163464,2.085714285714286,4.285039103628484,5.417986055382975,14.600000000000001,34.8927379929712,44.11823633533878,35.45714285714286,72.84566476168422,92.10576294151056,SEASON
WR,2025,00-0038496,Xavier Gipson,6.0,13.434640719185293,0.43333333333333335,2.439233376864652,1.705127814363697,2.6,32.7702240484217,22.907779566265944,7.366666666666667,41.466967406699084,28.987172844182847,PPG
WR,2025,00-0038496,Xavier Gipson,6.0,13.434640719185293,0.43333333333333335,2.439233376864652,1.705127814363697,2.6,32.7702240484217,22.907779566265944,7.366666666666667,41.466967406699084,28.987172844182847,SEASON
WR,2025,00-0038519,Nikko Remigio,14.0,8.142921721163464,0.30000000000000004,2.390811855756781,2.117778236358028,4.200000000000001,19.468193791457022,17.244902401447042,5.1000000000000005,40.64380154786527,36.00223001808648,PPG
WR,2025,00-0038519,Nikko Remigio,14.0,8.142921721163464,0.30000000000000004,2.390811855756781,2.117778236358028,4.200000000000001,19.468193791457022,17.244902401447042,5.1000000000000005,40.64380154786527,36.00223001808648,SEASON
WR,2025,00-0038543,Jaxon Smith-Njigba,17.0,13.434640719185293,21.17058823529412,13.088983519275107,13.098299574170392,359.90000000000003,175.84579096079858,175.97094881123692,359.90000000000003,222.51271982767682,222.67109276089667,PPG
WR,2025,00-0038543,Jaxon Smith-Njigba,17.0,13.434640719185293,21.17058823529412,13.088983519275107,13.098299574170392,359.90000000000003,175.84579096079858,175.97094881123692,359.90000000000003,222.51271982767682,222.67109276089667,SEASON
WR,2025,00-0038544,Quentin Johnston,13.0,12.552687552848322,13.16923076923077,10.445559170345453,10.152879799651569,171.20000000000002,131.119840580136,127.44592788665142,223.8769230769231,177.5745058958727,172.59895659407667,PPG
WR,2025,00-0038544,Quentin Johnston,13.0,12.552687552848322,13.16923076923077,10.445559170345453,10.152879799651569,171.20000000000002,131.119840580136,127.44592788665142,223.8769230769231,177.5745058958727,172.59895659407667,SEASON
WR,2025,00-0038559,Michael Wilson,17.0,12.993664136016807,12.976470588235294,7.155120350449291,7.053879197253754,220.6,92.97123068651696,91.65573714515114,220.6,121.63704595763795,119.91594635331381,PPG
WR,2025,00-0038559,Michael Wilson,17.0,12.993664136016807,12.976470588235294,7.155120350449291,7.053879197253754,220.6,92.97123068651696,91.65573714515114,220.6,121.63704595763795,119.91594635331381,SEASON
WR,2025,00-0038563,Tre Tucker,17.0,13.434640719185293,9.511764705882353,7.043926216427612,7.02842095118396,161.7,94.63261797015518,94.42431030235105,161.7,119.7467456792694,119.48315617012732,PPG
WR,2025,00-0038563,Tre Tucker,17.0,13.434640719185293,9.511764705882353,7.043926216427612,7.02842095118396,161.7,94.63261797015518,94.42431030235105,161.7,119.7467456792694,119.48315617012732,SEASON
WR,2025,00-0038573,Derius Davis,11.0,12.552687552848322,0.3181818181818182,2.9045411654429376,3.1027388173038166,3.5,36.45979773419112,38.94771093170895,5.409090909090909,49.37719981252994,52.74655989416488,PPG
WR,2025,00-0038573,Derius Davis,11.0,12.552687552848322,0.3181818181818182,2.9045411654429376,3.1027388173038166,3.5,36.45979773419112,38.94771093170895,5.409090909090909,49.37719981252994,52.74655989416488,SEASON
WR,2025,00-0038576,Charlie Jones,14.0,9.024874887500436,0.0,0.5775442068177506,1.1451802928105534,0.0,5.212264208530876,10.33510886624636,0.0,9.81825151590176,19.46806497777941,PPG
WR,2025,00-0038576,Charlie Jones,14.0,9.024874887500436,0.0,0.5775442068177506,1.1451802928105534,0.0,5.212264208530876,10.33510886624636,0.0,9.81825151590176,19.46806497777941,SEASON
WR,2025,00-0038606,Parker Washington,16.0,12.111710969679836,10.79375,5.949736407774897,6.037928495123202,172.7,72.06148771675072,73.12964478852615,183.49374999999998,101.14551893217325,102.64478441709443,PPG
WR,2025,00-0038606,Parker Washington,16.0,12.111710969679836,10.79375,5.949736407774897,6.037928495123202,172.7,72.06148771675072,73.12964478852615,183.49374999999998,101.14551893217325,102.64478441709443,SEASON
WR,2025,00-0038608,Kayshon Boutte,14.0,12.552687552848322,8.864285714285714,7.8682101792872166,7.71373409507188,124.1,98.76718398073311,96.8280939611905,150.69285714285712,133.75957304788267,131.13347961622196,PPG
WR,2025,00-0038608,Kayshon Boutte,14.0,12.552687552848322,8.864285714285714,7.8682101792872166,7.71373409507188,124.1,98.76718398073311,96.8280939611905,150.69285714285712,133.75957304788267,131.13347961622196,SEASON
WR,2025,00-0038618,Xavier Hutchinson,16.0,12.111710969679836,6.125000000000001,2.8946615016654174,2.4074668148287106,98.00000000000001,35.05930346323094,29.158542230301066,104.12500000000001,49.209245528312096,40.92693585208808,PPG
WR,2025,00-0038618,Xavier Hutchinson,16.0,12.111710969679836,6.125000000000001,2.8946615016654174,2.4074668148287106,98.00000000000001,35.05930346323094,29.158542230301066,104.12500000000001,49.209245528312096,40.92693585208808,SEASON
WR,2025,00-0038619,Andrei Iosivas,15.0,13.434640719185293,5.993333333333334,6.445028807300612,6.159935595825425,89.9,86.58664645088302,82.75652158323517,101.88666666666668,109.5654897241104,104.71890512903224,PPG
WR,2025,00-0038619,Andrei Iosivas,15.0,13.434640719185293,5.993333333333334,6.445028807300612,6.159935595825425,89.9,86.58664645088302,82.75652158323517,101.88666666666668,109.5654897241104,104.71890512903224,SEASON
WR,2025,00-0038621,DeMario Douglas,16.0,12.993664136016807,5.9875,8.51610882834966,8.341522078557617,95.8,110.6554578613431,108.38693627194648,101.7875,144.77385008194423,141.80587533547947,PPG
WR,2025,00-0038621,DeMario Douglas,16.0,12.993664136016807,5.9875,8.51610882834966,8.341522078557617,95.8,110.6554578613431,108.38693627194648,101.7875,144.77385008194423,141.80587533547947,SEASON
WR,2025,00-0038640,Jalen Brooks,5.0,11.229757803342865,1.62,3.8535708497354797,3.3827904217527243,8.100000000000001,43.2746673205516,37.98791713575116,27.540000000000003,65.51070444550315,57.50743716979631,PPG
WR,2025,00-0038640,Jalen Brooks,5.0,11.229757803342865,1.62,3.8535708497354797,3.3827904217527243,8.100000000000001,43.2746673205516,37.98791713575116,27.540000000000003,65.51070444550315,57.50743716979631,SEASON
WR,2025,00-0038647,Ronnie Bell,2.0,7.701945137994979,5.15,1.5328282761909549,2.1332435688267872,10.3,11.80575928919015,16.43012493308453,87.55000000000001,26.058080695246232,36.26514067005538,PPG
WR,2025,00-0038647,Ronnie Bell,2.0,7.701945137994979,5.15,1.5328282761909549,2.1332435688267872,10.3,11.80575928919015,16.43012493308453,87.55000000000001,26.058080695246232,36.26514067005538,SEASON
WR,2025,00-0038752,Jake Bobo,5.0,11.229757803342865,0.8,2.7190337935090882,2.734074655446232,4.0,30.534090960211635,30.70299619691928,13.600000000000001,46.2235744896545,46.47926914258595,PPG
WR,2025,00-0038752,Jake Bobo,5.0,11.229757803342865,0.8,2.7190337935090882,2.734074655446232,4.0,30.534090960211635,30.70299619691928,13.600000000000001,46.2235744896545,46.47926914258595,SEASON
WR,2025,00-0038824,Ryan Miller,9.0,9.906828053837408,1.2666666666666666,3.570423493205306,3.8211562658618483,11.399999999999999,35.37157162656648,37.85553809273675,21.53333333333333,60.6971993844902,64.95965651965142,PPG
WR,2025,00-0038824,Ryan Miller,9.0,9.906828053837408,1.2666666666666666,3.570423493205306,3.8211562658618483,11.399999999999999,35.37157162656648,37.85553809273675,21.53333333333333,60.6971993844902,64.95965651965142,SEASON
WR,2025,00-0038938,Jalin Hyatt,6.0,10.347804637005893,1.4166666666666667,2.4997777217197226,2.2309565701756746,8.5,25.867211500295372,23.08550274182261,24.083333333333336,42.496221269235285,37.92626169298647,PPG
WR,2025,00-0038938,Jalin Hyatt,6.0,10.347804637005893,1.4166666666666667,2.4997777217197226,2.2309565701756746,8.5,25.867211500295372,23.08550274182261,24.083333333333336,42.496221269235285,37.92626169298647,SEASON
WR,2025,00-0038976,Marvin Mims Jr.,15.0,13.434640719185293,5.933333333333334,7.107995321990714,6.922413848778244,89.0,95.49336338459501,93.00014296784838,100.86666666666667,120.83592047384214,117.68103542923015,PPG
WR,2025,00-0038976,Marvin Mims Jr.,15.0,13.434640719185293,5.933333333333334,7.107995321990714,6.922413848778244,89.0,95.49336338459501,93.00014296784838,100.86666666666667,120.83592047384214,117.68103542923015,SEASON
WR,2025,00-0038979,Cedric Tillman,12.0,9.906828053837408,5.0,7.016906334038018,8.186706118692628,60.0,69.51528452119724,81.10428984518649,85.0,119.2874076786463,139.17400401777468,PPG
WR,2025,00-0038979,Cedric Tillman,12.0,9.906828053837408,5.0,7.016906334038018,8.186706118692628,60.0,69.51528452119724,81.10428984518649,85.0,119.2874076786463,139.17400401777468,SEASON
WR,2025,00-0038994,Jordan Addison,14.0,12.552687552848322,9.65,11.434159629907853,12.099721824509173,135.1,143.5294332636251,151.88402753944348,164.05,194.38071370843352,205.69527101665594,PPG
WR,2025,00-0038994,Jordan Addison,14.0,12.552687552848322,9.65,11.434159629907853,12.099721824509173,135.1,143.5294332636251,151.88402753944348,164.05,194.38071370843352,205.69527101665594,SEASON
WR,2025,00-0038997,Josh Downs,16.0,12.111710969679836,8.6625,12.10807881943829,11.429618167883627,138.6,146.64955105913882,138.43223174320806,147.2625,205.83733993045092,194.30350885402166,PPG
WR,2025,00-0038997,Josh Downs,16.0,12.111710969679836,8.6625,12.10807881943829,11.429618167883627,138.6,146.64955105913882,138.43223174320806,147.2625,205.83733993045092,194.30350885402166,SEASON
WR,2025,00-0039062,Jonathan Mingo,5.0,12.111710969679836,0.7,3.859719527262952,3.022508611452949,3.5,46.74780733823817,36.60775070528645,11.899999999999999,65.61523196347018,51.38264639470013,PPG
WR,2025,00-0039062,Jonathan Mingo,5.0,12.111710969679836,0.7,3.859719527262952,3.022508611452949,3.5,46.74780733823817,36.60775070528645,11.899999999999999,65.61523196347018,51.38264639470013,SEASON
WR,2025,00-0039064,Zay Flowers,17.0,13.434640719185293,14.311764705882354,11.852313507139037,11.34001935996349,243.3,159.23157365955996,152.34908584971504,243.3,201.48932962136362,192.78032911937933,PPG
WR,2025,00-0039064,Zay Flowers,17.0,13.434640719185293,14.311764705882354,11.852313507139037,11.34001935996349,243.3,159.23157365955996,152.34908584971504,243.3,201.48932962136362,192.78032911937933,SEASON
WR,2025,00-0039067,Rashee Rice,8.0,7.701945137994979,18.7625,12.48359473257851,13.995478804028965,150.1,96.1479617552828,107.79240992860267,318.9625,212.22111045383468,237.9231396684924,PPG
WR,2025,00-0039067,Rashee Rice,8.0,7.701945137994979,18.7625,12.48359473257851,13.995478804028965,150.1,96.1479617552828,107.79240992860267,318.9625,212.22111045383468,237.9231396684924,SEASON
WR,2025,00-0039075,Puka Nacua,16.0,10.788781220174378,23.4375,15.989088839069908,16.807235208283423,375.0,172.50278139465718,181.3295835781818,398.4375,271.8145102641884,285.7229985408182,PPG
WR,2025,00-0039075,Puka Nacua,16.0,10.788781220174378,23.4375,15.989088839069908,16.807235208283423,375.0,172.50278139465718,181.3295835781818,398.4375,271.8145102641884,285.7229985408182,SEASON
WR,2025,00-0039146,Jayden Reed,5.0,13.434640719185293,9.700000000000001,10.011367405168839,10.112015836953756,48.50000000000001,134.49912419620568,135.85129971618548,164.9,170.19324588787026,171.90426922821385,PPG
WR,2025,00-0039146,Jayden Reed,5.0,13.434640719185293,9.700000000000001,10.011367405168839,10.112015836953756,48.50000000000001,134.49912419620568,135.85129971618548,164.9,170.19324588787026,171.90426922821385,SEASON
WR,2025,00-0039337,Malik Nabers,4.0,12.552687552848322,14.275,15.942008366402746,15.677736484888545,57.1,200.11504998834758,196.79772763069644,242.675,271.0141422288467,266.5215202431053,PPG
WR,2025,00-0039337,Malik Nabers,4.0,12.552687552848322,14.275,15.942008366402746,15.677736484888545,57.1,200.11504998834758,196.79772763069644,242.675,271.0141422288467,266.5215202431053,SEASON
WR,2025,00-0039342,Xavier Legette,15.0,12.552687552848322,5.953333333333333,8.003027926161495,7.791473302687525,89.3,100.45950903382493,97.8039299449957,101.20666666666666,136.05147474474543,132.45504614568793,PPG
WR,2025,00-0039342,Xavier Legette,15.0,12.552687552848322,5.953333333333333,8.003027926161495,7.791473302687525,89.3,100.45950903382493,97.8039299449957,101.20666666666666,136.05147474474543,132.45504614568793,SEASON
WR,2025,00-0039355,Luke McCaffrey,9.0,11.67073438651135,5.700000000000001,3.6023225954081983,3.1442077320033315,51.30000000000001,42.041750185537275,36.69521329622614,96.90000000000002,61.23948412193937,53.451531444056634,PPG
WR,2025,00-0039355,Luke McCaffrey,9.0,11.67073438651135,5.700000000000001,3.6023225954081983,3.1442077320033315,51.30000000000001,42.041750185537275,36.69521329622614,96.90000000000002,61.23948412193937,53.451531444056634,SEASON
WR,2025,00-0039379,Jamari Thrash,8.0,8.583898304331951,2.5875000000000004,1.354559866680277,1.6528331482423686,20.700000000000003,11.627404142712944,14.187751658541309,43.987500000000004,23.027517733564707,28.098163520120266,PPG
WR,2025,00-0039379,Jamari Thrash,8.0,8.583898304331951,2.5875000000000004,1.354559866680277,1.6528331482423686,20.700000000000003,11.627404142712944,14.187751658541309,43.987500000000004,23.027517733564707,28.098163520120266,SEASON
WR,2025,00-0039410,Ryan Flournoy,15.0,9.906828053837408,7.6000000000000005,2.7682867356064595,2.7657336690071284,114.00000000000001,27.424940693372054,27.399647901562485,129.20000000000002,47.06087450530981,47.01747237312118,PPG
WR,2025,00-0039410,Ryan Flournoy,15.0,9.906828053837408,7.6000000000000005,2.7682867356064595,2.7657336690071284,114.00000000000001,27.424940693372054,27.399647901562485,129.20000000000002,47.06087450530981,47.01747237312118,SEASON
WR,2025,00-0039424,Devaughn Vele,9.0,11.67073438651135,7.366666666666667,7.240937000288678,7.281851405858558,66.30000000000001,84.50705243983143,84.98455359981949,125.23333333333335,123.09592900490753,123.79147389959549,PPG
WR,2025,00-0039424,Devaughn Vele,9.0,11.67073438651135,7.366666666666667,7.240937000288678,7.281851405858558,66.30000000000001,84.50705243983143,84.98455359981949,125.23333333333335,123.09592900490753,123.79147389959549,SEASON
WR,2025,00-0039451,Isaiah Williams,15.0,9.465851470668921,3.246666666666667,1.0918563167509137,1.1125240006020227,48.7,10.335349721675788,10.53098694725313,55.19333333333334,18.561557384765532,18.912908010234386,PPG
WR,2025,00-0039451,Isaiah Williams,15.0,9.465851470668921,3.246666666666667,1.0918563167509137,1.1125240006020227,48.7,10.335349721675788,10.53098694725313,55.19333333333334,18.561557384765532,18.912908010234386,SEASON
WR,2025,00-0039491,Jalen Coker,11.0,10.788781220174378,8.218181818181819,7.3479041989322,8.012686292789013,90.4,79.27493082908018,86.44711939879076,139.70909090909092,124.9143713818474,136.2156669774132,PPG
WR,2025,00-0039491,Jalen Coker,11.0,10.788781220174378,8.218181818181819,7.3479041989322,8.012686292789013,90.4,79.27493082908018,86.44711939879076,139.70909090909092,124.9143713818474,136.2156669774132,SEASON
WR,2025,00-0039589,Kameron Johnson,17.0,7.701945137994979,1.0411764705882351,1.113512076425833,1.1306667710175229,17.699999999999996,8.57620892312664,8.708333439730893,17.699999999999996,18.929705299239163,19.22133510729789,PPG
WR,2025,00-0039589,Kameron Johnson,17.0,7.701945137994979,1.0411764705882351,1.113512076425833,1.1306667710175229,17.699999999999996,8.57620892312664,8.708333439730893,17.699999999999996,18.929705299239163,19.22133510729789,SEASON
WR,2025,00-0039623,Mason Tipton,8.0,9.906828053837408,2.5500000000000003,2.851790231923652,3.3316154065727615,20.400000000000002,28.252195473280725,33.00574097443196,43.35,48.480433942702085,56.63746191173694,PPG
WR,2025,00-0039623,Mason Tipton,8.0,9.906828053837408,2.5500000000000003,2.851790231923652,3.3316154065727615,20.400000000000002,28.252195473280725,33.00574097443196,43.35,48.480433942702085,56.63746191173694,SEASON
WR,2025,00-0039650,Bryce Oliver,2.0,9.465851470668921,0.9,2.607061361217607,2.487020621441655,1.8,24.678055620205804,23.541767807057422,15.3,44.32004314069931,42.279350564508135,PPG
WR,2025,00-0039650,Bryce Oliver,2.0,9.465851470668921,0.9,2.607061361217607,2.487020621441655,1.8,24.678055620205804,23.541767807057422,15.3,44.32004314069931,42.279350564508135,SEASON
WR,2025,00-0039751,Jordan Whittington,15.0,12.111710969679836,2.42,4.262560279123208,3.8420376408936296,36.3,51.6268980915781,46.53364944113421,41.14,72.46352474509453,65.3146398951917,PPG
WR,2025,00-0039751,Jordan Whittington,15.0,12.111710969679836,2.42,4.262560279123208,3.8420376408936296,36.3,51.6268980915781,46.53364944113421,41.14,72.46352474509453,65.3146398951917,SEASON
WR,2025,00-0039792,Devontez Walker,8.0,7.260968554826494,4.7,1.5110369370178778,2.8186732823653013,37.6,10.971591684868152,20.46629806958403,79.9,25.687627929303922,47.917445800210125,PPG
WR,2025,00-0039792,Devontez Walker,8.0,7.260968554826494,4.7,1.5110369370178778,2.8186732823653013,37.6,10.971591684868152,20.46629806958403,79.9,25.687627929303922,47.917445800210125,SEASON
WR,2025,00-0039816,Anthony Gould,11.0,9.465851470668921,0.23636363636363636,1.128149852517657,1.2308346861727917,2.6,10.67889894058919,11.65089832425904,4.0181818181818185,19.17854749280017,20.924189664937458,PPG
WR,2025,00-0039816,Anthony Gould,11.0,9.465851470668921,0.23636363636363636,1.128149852517657,1.2308346861727917,2.6,10.67889894058919,11.65089832425904,4.0181818181818185,19.17854749280017,20.924189664937458,SEASON
WR,2025,00-0039849,Marvin Harrison Jr.,12.0,13.434640719185293,10.649999999999999,10.686819014621133,10.07567228614342,127.79999999999998,143.57357389239272,135.36303716858916,181.04999999999998,181.67592324855926,171.28642886443814,PPG
WR,2025,00-0039849,Marvin Harrison Jr.,12.0,13.434640719185293,10.649999999999999,10.686819014621133,10.07567228614342,127.79999999999998,143.57357389239272,135.36303716858916,181.04999999999998,181.67592324855926,171.28642886443814,SEASON
WR,2025,00-0039855,Jalen McMillan,4.0,11.67073438651135,7.4750000000000005,8.586969710504837,8.873658781221325,29.900000000000002,100.21624267632022,103.56211467216812,127.075,145.97848507858222,150.85219928076253,PPG
WR,2025,00-0039855,Jalen McMillan,4.0,11.67073438651135,7.4750000000000005,8.586969710504837,8.873658781221325,29.900000000000002,100.21624267632022,103.56211467216812,127.075,145.97848507858222,150.85219928076253,SEASON
WR,2025,00-0039868,Troy Franklin,17.0,12.993664136016807,10.41764705882353,5.001973662712766,4.368591071610673,177.1,64.9939657904915,56.76400513211084,177.1,85.03355226611703,74.26604821738144,PPG
WR,2025,00-0039868,Troy Franklin,17.0,12.993664136016807,10.41764705882353,5.001973662712766,4.368591071610673,177.1,64.9939657904915,56.76400513211084,177.1,85.03355226611703,74.26604821738144,SEASON
WR,2025,00-0039880,Malik Washington,17.0,12.111710969679836,6.511764705882354,4.07415974381746,4.481161882307121,110.70000000000002,49.345045261421916,54.274537526850295,110.70000000000002,69.26071564489682,76.17975199922105,PPG
WR,2025,00-0039880,Malik Washington,17.0,12.111710969679836,6.511764705882354,4.07415974381746,4.481161882307121,110.70000000000002,49.345045261421916,54.274537526850295,110.70000000000002,69.26071564489682,76.17975199922105,SEASON
WR,2025,00-0039890,Adonai Mitchell,16.0,13.434640719185293,5.518750000000001,4.576219640674916,3.7346690779298592,88.30000000000001,61.47986672454671,50.173937267038674,93.81875000000001,77.79573389147357,63.489374324807606,PPG
WR,2025,00-0039890,Adonai Mitchell,16.0,13.434640719185293,5.518750000000001,4.576219640674916,3.7346690779298592,88.30000000000001,61.47986672454671,50.173937267038674,93.81875000000001,77.79573389147357,63.489374324807606,SEASON
WR,2025,00-0039893,Brian Thomas Jr.,14.0,13.434640719185293,9.914285714285715,14.99672947741414,14.651569687239556,138.8,201.47567249187438,196.83857472016948,168.54285714285714,254.94440111604038,249.07668468307244,PPG
WR,2025,00-0039893,Brian Thomas Jr.,14.0,13.434640719185293,9.914285714285715,14.99672947741414,14.651569687239556,138.8,201.47567249187438,196.83857472016948,168.54285714285714,254.94440111604038,249.07668468307244,SEASON
WR,2025,00-0039894,Xavier Worthy,14.0,12.993664136016807,7.85,9.434160856316497,10.192582893935937,109.89999999999999,122.58431757213329,132.4389988023138,133.45,160.38073455738046,173.27390919691092,PPG
WR,2025,00-0039894,Xavier Worthy,14.0,12.993664136016807,7.85,9.434160856316497,10.192582893935937,109.89999999999999,122.58431757213329,132.4389988023138,133.45,160.38073455738046,173.27390919691092,SEASON
WR,2025,00-0039901,Keon Coleman,12.0,11.67073438651135,8.533333333333333,7.929689862467249,7.606085066392079,102.4,92.545304152267,88.7685985310725,145.06666666666666,134.80472766194325,129.30344612866534,PPG
WR,2025,00-0039901,Keon Coleman,12.0,11.67073438651135,8.533333333333333,7.929689862467249,7.606085066392079,102.4,92.545304152267,88.7685985310725,145.06666666666666,134.80472766194325,129.30344612866534,SEASON
WR,2025,00-0039915,Ladd McConkey,16.0,12.993664136016807,11.30625,13.181135675841,13.076815942367558,180.9,171.27124990314687,169.91575432363416,192.20625,224.079306489297,222.30587102024847,PPG
WR,2025,00-0039915,Ladd McConkey,16.0,12.993664136016807,11.30625,13.181135675841,13.076815942367558,180.9,171.27124990314687,169.91575432363416,192.20625,224.079306489297,222.30587102024847,SEASON
WR,2025,00-0039916,Ricky Pearsall,9.0,10.788781220174378,9.866666666666667,7.497499490955642,7.631341556974164,88.80000000000001,80.8888817062892,82.33287447461916,167.73333333333335,127.45749134624592,129.7328064685608,PPG
WR,2025,00-0039916,Ricky Pearsall,9.0,10.788781220174378,9.866666666666667,7.497499490955642,7.631341556974164,88.80000000000001,80.8888817062892,82.33287447461916,167.73333333333335,127.45749134624592,129.7328064685608,SEASON
WR,2025,00-0039919,Rome Odunze,12.0,13.434640719185293,12.175,8.414578671693112,8.154104630364122,146.10000000000002,113.04684125751638,109.54746609558717,206.97500000000002,143.0478374187829,138.61977871619007,PPG
WR,2025,00-0039919,Rome Odunze,12.0,13.434640719185293,12.175,8.414578671693112,8.154104630364122,146.10000000000002,113.04684125751638,109.54746609558717,206.97500000000002,143.0478374187829,138.61977871619007,SEASON
WR,2025,00-0039920,Malachi Corley,12.0,8.142921721163464,2.6333333333333333,1.486810118993918,1.834607157950869,31.6,12.10697841320121,14.939062476280101,44.766666666666666,25.275772022896607,31.188321685164773,PPG
WR,2025,00-0039920,Malachi Corley,12.0,8.142921721163464,2.6333333333333333,1.486810118993918,1.834607157950869,31.6,12.10697841320121,14.939062476280101,44.766666666666666,25.275772022896607,31.188321685164773,SEASON
TE,2022,00-0024243,Marcedes Lewis,6.0,11.52530750828976,4.433333333333334,4.504647332709841,4.3530292516754425,26.6,51.917445725878174,50.17000071813993,75.36666666666667,76.5790046560673,74.00149727848252,PPG
TE,2022,00-0024243,Marcedes Lewis,6.0,11.52530750828976,4.433333333333334,4.504647332709841,4.3530292516754425,26.6,51.917445725878174,50.17000071813993,75.36666666666667,76.5790046560673,74.00149727848252,SEASON
TE,2022,00-0027981,Kyle Rudolph,5.0,12.197988700299526,2.3600000000000003,4.990025823112639,3.883826221087538,11.8,60.86827860453081,47.3748683587528,40.120000000000005,84.83043899291485,66.02504575848815,PPG
TE,2022,00-0027981,Kyle Rudolph,5.0,12.197988700299526,2.3600000000000003,4.990025823112639,3.883826221087538,11.8,60.86827860453081,47.3748683587528,40.120000000000005,84.83043899291485,66.02504575848815,SEASON
TE,2022,00-0030061,Zach Ertz,10.0,12.87066989230929,11.560000000000002,10.629561682426921,9.725383665153954,115.60000000000002,136.80957951445666,125.17220273025357,196.52000000000004,180.70254860125766,165.3315223076172,PPG
TE,2022,00-0030061,Zach Ertz,10.0,12.87066989230929,11.560000000000002,10.629561682426921,9.725383665153954,115.60000000000002,136.80957951445666,125.17220273025357,196.52000000000004,180.70254860125766,165.3315223076172,SEASON
TE,2022,00-0030108,Ryan Griffin,10.0,11.861648104294643,0.66,5.254773668009103,4.870127064583894,6.6000000000000005,62.33027611763759,57.76773346329558,11.22,89.33115235615476,82.7921600979262,PPG
TE,2022,00-0030108,Ryan Griffin,10.0,11.861648104294643,0.66,5.254773668009103,4.870127064583894,6.6000000000000005,62.33027611763759,57.76773346329558,11.22,89.33115235615476,82.7921600979262,SEASON
TE,2022,00-0030506,Travis Kelce,17.0,12.534329296304408,18.60588235294118,12.589062218228468,12.627580901715806,316.30000000000007,157.79545137494006,158.27825723783047,316.30000000000007,214.01405770988396,214.6688753291687,PPG
TE,2022,00-0030506,Travis Kelce,17.0,12.534329296304408,18.60588235294118,12.589062218228468,12.627580901715806,316.30000000000007,157.79545137494006,158.27825723783047,316.30000000000007,214.01405770988396,214.6688753291687,SEASON
TE,2022,00-0031260,Logan Thomas,13.0,8.834582740250703,5.946153846153846,7.068455216895037,8.479045262109588,77.3,62.44685245941593,74.90882692643787,101.08461538461539,120.16373868721563,144.143769455863,PPG
TE,2022,00-0031260,Logan Thomas,13.0,8.834582740250703,5.946153846153846,7.068455216895037,8.479045262109588,77.3,62.44685245941593,74.90882692643787,101.08461538461539,120.16373868721563,144.143769455863,SEASON
TE,2022,00-0031273,Cameron Brate,9.0,12.534329296304408,4.155555555555556,5.614096575357782,4.668216723555777,37.400000000000006,70.3689351767893,58.512965639563355,70.64444444444445,95.43964178108229,79.35968430044821,PPG
TE,2022,00-0031273,Cameron Brate,9.0,12.534329296304408,4.155555555555556,5.614096575357782,4.668216723555777,37.400000000000006,70.3689351767893,58.512965639563355,70.64444444444445,95.43964178108229,79.35968430044821,SEASON
TE,2022,00-0031484,Chris Manhertz,7.0,10.516285720275114,1.4571428571428573,2.62706773554263,2.5364684349094238,10.200000000000001,27.62699491348244,26.674226781966542,24.771428571428572,44.660151504224714,43.1199633934602,PPG
TE,2022,00-0031484,Chris Manhertz,7.0,10.516285720275114,1.4571428571428573,2.62706773554263,2.5364684349094238,10.200000000000001,27.62699491348244,26.674226781966542,24.771428571428572,44.660151504224714,43.1199633934602,SEASON
TE,2022,00-0031558,Maxx Williams,3.0,8.834582740250703,1.6,5.854933720033373,6.981851513515495,4.800000000000001,51.72589638831868,61.68174487629724,27.200000000000003,99.53387324056735,118.69147572976341,PPG
TE,2022,00-0031558,Maxx Williams,3.0,8.834582740250703,1.6,5.854933720033373,6.981851513515495,4.800000000000001,51.72589638831868,61.68174487629724,27.200000000000003,99.53387324056735,118.69147572976341,SEASON
TE,2022,00-0031585,MyCole Pruitt,10.0,10.516285720275114,5.5,3.814285102576918,4.21366778449279,55.0,40.112111957287745,44.3121343520448,93.5,64.84284674380761,71.63235233637742,PPG
TE,2022,00-0031585,MyCole Pruitt,10.0,10.516285720275114,5.5,3.814285102576918,4.21366778449279,55.0,40.112111957287745,44.3121343520448,93.5,64.84284674380761,71.63235233637742,SEASON
TE,2022,00-0031610,Darren Waller,8.0,10.852626316279997,10.600000000000001,10.597359317760743,10.570093216816407,84.80000000000001,115.00918061500528,114.71327181035441,180.20000000000002,180.15510840193264,179.69158468587892,PPG
TE,2022,00-0031610,Darren Waller,8.0,10.852626316279997,10.600000000000001,10.597359317760743,10.570093216816407,84.80000000000001,115.00918061500528,114.71327181035441,180.20000000000002,180.15510840193264,179.69158468587892,SEASON
TE,2022,00-0031690,Eric Tomlinson,9.0,9.507263932260466,3.211111111111111,0.4280548562538701,1.4368301917161894,28.9,4.069630495891357,13.660323858486219,54.58888888888888,7.276932556315791,24.42611325917522,PPG
TE,2022,00-0031690,Eric Tomlinson,9.0,9.507263932260466,3.211111111111111,0.4280548562538701,1.4368301917161894,28.9,4.069630495891357,13.660323858486219,54.58888888888888,7.276932556315791,24.42611325917522,SEASON
TE,2022,00-0032062,Blake Bell,2.0,10.852626316279997,5.0,3.8261087399235274,2.5440540986338815,10.0,41.523328399842974,27.60966846087405,85.0,65.04384857869996,43.248919676775984,PPG
TE,2022,00-0032062,Blake Bell,2.0,10.852626316279997,5.0,3.8261087399235274,2.5440540986338815,10.0,41.523328399842974,27.60966846087405,85.0,65.04384857869996,43.248919676775984,SEASON
TE,2022,00-0032134,C.J. Uzomah,14.0,12.534329296304408,4.014285714285714,7.559485564679543,7.710167719051953,56.2,94.75308137835306,96.64178112033343,68.24285714285715,128.51125459955222,131.07285122388322,PPG
TE,2022,00-0032134,C.J. Uzomah,14.0,12.534329296304408,4.014285714285714,7.559485564679543,7.710167719051953,56.2,94.75308137835306,96.64178112033343,68.24285714285715,128.51125459955222,131.07285122388322,SEASON
TE,2022,00-0032141,Geoff Swaim,12.0,12.534329296304408,1.9833333333333334,4.610656258025622,4.947922386330047,23.8,57.79148381015981,62.01888852281713,33.71666666666667,78.38115638643558,84.1146805676108,PPG
TE,2022,00-0032141,Geoff Swaim,12.0,12.534329296304408,1.9833333333333334,4.610656258025622,4.947922386330047,23.8,57.79148381015981,62.01888852281713,33.71666666666667,78.38115638643558,84.1146805676108,SEASON
TE,2022,00-0032214,Tyler Kroft,6.0,10.179945124270231,1.6166666666666667,5.40529088115623,4.815643422668157,9.7,55.0255645508887,49.022985780814714,27.483333333333334,91.88994497965591,81.86593818535867,PPG
TE,2022,00-0032214,Tyler Kroft,6.0,10.179945124270231,1.6166666666666667,5.40529088115623,4.815643422668157,9.7,55.0255645508887,49.022985780814714,27.483333333333334,91.88994497965591,81.86593818535867,SEASON
TE,2022,00-0032392,Austin Hooper,17.0,12.197988700299526,5.7294117647058815,6.521291645001687,6.716873314706218,97.39999999999999,79.54664179708828,81.93234479412986,97.39999999999999,110.86195796502868,114.18684635000571,PPG
TE,2022,00-0032392,Austin Hooper,17.0,12.197988700299526,5.7294117647058815,6.521291645001687,6.716873314706218,97.39999999999999,79.54664179708828,81.93234479412986,97.39999999999999,110.86195796502868,114.18684635000571,SEASON
TE,2022,00-0032394,Nick Vannett,5.0,9.507263932260466,2.3,4.605107878095549,5.080347413931217,11.5,43.78197603358634,48.30020373182099,39.099999999999994,78.28683392762433,86.3659060368307,PPG
TE,2022,00-0032394,Nick Vannett,5.0,9.507263932260466,2.3,4.605107878095549,5.080347413931217,11.5,43.78197603358634,48.30020373182099,39.099999999999994,78.28683392762433,86.3659060368307,SEASON
TE,2022,00-0032725,Stephen Anderson,9.0,11.861648104294643,0.43333333333333335,3.449660482954924,3.003184150401403,3.9000000000000004,40.918658728102415,35.62271358445652,7.366666666666667,58.644228210233706,51.05413055682385,PPG
TE,2022,00-0032725,Stephen Anderson,9.0,11.861648104294643,0.43333333333333335,3.449660482954924,3.003184150401403,3.9000000000000004,40.918658728102415,35.62271358445652,7.366666666666667,58.644228210233706,51.05413055682385,SEASON
TE,2022,00-0032986,J.P. Holtz,1.0,8.834582740250703,0.0,0.9576738466957858,1.3254128093813948,0.0,8.460648836808087,11.709469129468065,0.0,16.28045539382836,22.53201775948371,PPG
TE,2022,00-0032986,J.P. Holtz,1.0,8.834582740250703,0.0,0.9576738466957858,1.3254128093813948,0.0,8.460648836808087,11.709469129468065,0.0,16.28045539382836,22.53201775948371,SEASON
TE,2022,00-0033090,Hunter Henry,16.0,12.534329296304408,6.49375,8.62509015056576,8.435140517246618,103.9,108.10972015750299,105.7288289037686,110.39375000000001,146.6265325596179,143.3973887931925,PPG
TE,2022,00-0033090,Hunter Henry,16.0,12.534329296304408,6.49375,8.62509015056576,8.435140517246618,103.9,108.10972015750299,105.7288289037686,110.39375000000001,146.6265325596179,143.3973887931925,SEASON
TE,2022,00-0033110,Tyler Higbee,16.0,12.197988700299526,9.5,8.970162816456526,8.258344566028939,152.0,109.41794467498367,100.73519369960098,161.5,152.49276787976095,140.39185762249195,PPG
TE,2022,00-0033110,Tyler Higbee,16.0,12.197988700299526,9.5,8.970162816456526,8.258344566028939,152.0,109.41794467498367,100.73519369960098,161.5,152.49276787976095,140.39185762249195,SEASON
TE,2022,00-0033217,Mo Alie-Cox,14.0,12.87066989230929,3.85,6.447378108978486,5.083804655651811,53.9,82.9820753115634,65.43197151987957,65.45,109.60542785263426,86.42467914608079,PPG
TE,2022,00-0033217,Mo Alie-Cox,14.0,12.87066989230929,3.85,6.447378108978486,5.083804655651811,53.9,82.9820753115634,65.43197151987957,65.45,109.60542785263426,86.42467914608079,SEASON
TE,2022,00-0033246,Johnny Mundt,13.0,8.161901548240937,3.0,0.5311260416313147,1.6236880101578468,39.0,4.3349984615017085,13.252381683967577,51.0,9.02914270773235,27.602696172683395,PPG
TE,2022,00-0033246,Johnny Mundt,13.0,8.161901548240937,3.0,0.5311260416313147,1.6236880101578468,39.0,4.3349984615017085,13.252381683967577,51.0,9.02914270773235,27.602696172683395,SEASON
TE,2022,00-0033288,George Kittle,15.0,11.861648104294643,13.366666666666667,9.789308317655706,11.042216983052283,200.5,116.1173304484766,130.97889214423222,227.23333333333335,166.418241400147,187.7176887118888,PPG
TE,2022,00-0033288,George Kittle,15.0,11.861648104294643,13.366666666666667,9.789308317655706,11.042216983052283,200.5,116.1173304484766,130.97889214423222,227.23333333333335,166.418241400147,187.7176887118888,SEASON
TE,2022,00-0033357,Taysom Hill,16.0,11.18896691228488,8.0125,7.712051185205166,8.174743472856363,128.2,86.28988553710799,91.46693423420663,136.21249999999998,131.1048701484878,138.97063903855818,PPG
TE,2022,00-0033357,Taysom Hill,16.0,11.18896691228488,8.0125,7.712051185205166,8.174743472856363,128.2,86.28988553710799,91.46693423420663,136.21249999999998,131.1048701484878,138.97063903855818,SEASON
TE,2022,00-0033439,Pharaoh Brown,8.0,11.52530750828976,2.9625000000000004,4.545198580837315,4.474588630470284,23.700000000000003,52.384811330392274,51.57100993926716,50.362500000000004,77.26837587423435,76.06800671799482,PPG
TE,2022,00-0033439,Pharaoh Brown,8.0,11.52530750828976,2.9625000000000004,4.545198580837315,4.474588630470284,23.700000000000003,52.384811330392274,51.57100993926716,50.362500000000004,77.26837587423435,76.06800671799482,SEASON
TE,2022,00-0033455,Anthony Firkser,8.0,12.197988700299526,2.375,5.396682863504857,5.451636565590055,19.0,65.82867658813234,66.49900122520721,40.375,91.74360867958256,92.67782161503094,PPG
TE,2022,00-0033455,Anthony Firkser,8.0,12.197988700299526,2.375,5.396682863504857,5.451636565590055,19.0,65.82867658813234,66.49900122520721,40.375,91.74360867958256,92.67782161503094,SEASON
TE,2022,00-0033576,Eric Saubert,14.0,10.516285720275114,2.557142857142857,2.126036988635438,2.4585958753453188,35.8,22.35801242436356,25.85529669582127,43.47142857142857,36.14262880680245,41.79612988087042,PPG
TE,2022,00-0033576,Eric Saubert,14.0,10.516285720275114,2.557142857142857,2.126036988635438,2.4585958753453188,35.8,22.35801242436356,25.85529669582127,43.47142857142857,36.14262880680245,41.79612988087042,SEASON
TE,2022,00-0033757,Robert Tonyan,17.0,9.843604528265349,6.588235294117647,5.520163756357538,5.988846924264302,112.0,54.33830894884731,58.95184070277609,112.0,93.84278385807814,101.81039771249314,PPG
TE,2022,00-0033757,Robert Tonyan,17.0,9.843604528265349,6.588235294117647,5.520163756357538,5.988846924264302,112.0,54.33830894884731,58.95184070277609,112.0,93.84278385807814,101.81039771249314,SEASON
TE,2022,00-0033858,Jonnu Smith,12.0,12.534329296304408,4.333333333333334,5.047271654296031,5.241010419865095,52.00000000000001,63.264164962849556,65.69255044795173,73.66666666666667,85.80361812303252,89.09717713770661,PPG
TE,2022,00-0033858,Jonnu Smith,12.0,12.534329296304408,4.333333333333334,5.047271654296031,5.241010419865095,52.00000000000001,63.264164962849556,65.69255044795173,73.66666666666667,85.80361812303252,89.09717713770661,SEASON
TE,2022,00-0033879,O.J. Howard,11.0,10.516285720275114,3.3181818181818183,3.2544327506500528,3.469106393171945,36.5,34.22454466325681,36.482114024629226,56.409090909090914,55.3253567610509,58.97480868392306,PPG
TE,2022,00-0033879,O.J. Howard,11.0,10.516285720275114,3.3181818181818183,3.2544327506500528,3.469106393171945,36.5,34.22454466325681,36.482114024629226,56.409090909090914,55.3253567610509,58.97480868392306,SEASON
TE,2022,00-0033881,Evan Engram,17.0,12.197988700299526,10.405882352941175,7.393103657835898,6.578724180592674,176.89999999999998,90.18099487842537,80.2472032172567,176.89999999999998,125.68276218321026,111.83831107007546,PPG
TE,2022,00-0033881,Evan Engram,17.0,12.197988700299526,10.405882352941175,7.393103657835898,6.578724180592674,176.89999999999998,90.18099487842537,80.2472032172567,176.89999999999998,125.68276218321026,111.83831107007546,SEASON
TE,2022,00-0033885,David Njoku,14.0,12.197988700299526,10.2,6.39705753326523,6.790130799463731,142.79999999999998,78.03123550593524,82.82593876541438,173.39999999999998,108.74997806550891,115.43222359088342,PPG
TE,2022,00-0033885,David Njoku,14.0,12.197988700299526,10.2,6.39705753326523,6.790130799463731,142.79999999999998,78.03123550593524,82.82593876541438,173.39999999999998,108.74997806550891,115.43222359088342,SEASON
TE,2022,00-0033895,Gerald Everett,15.0,12.197988700299526,9.3,7.152389547883252,7.192273973738679,139.5,87.24476688522034,87.73127666112278,158.10000000000002,121.59062231401528,122.26865755355755,PPG
TE,2022,00-0033895,Gerald Everett,15.0,12.197988700299526,9.3,7.152389547883252,7.192273973738679,139.5,87.24476688522034,87.73127666112278,158.10000000000002,121.59062231401528,122.26865755355755,SEASON
TE,2022,00-0034011,Dan Arnold,11.0,10.852626316279997,2.045454545454546,6.866067263493888,7.930861797343687,22.500000000000004,74.51486227314236,86.07067945263178,34.77272727272728,116.7231434793961,134.8246505548427,PPG
TE,2022,00-0034011,Dan Arnold,11.0,10.852626316279997,2.045454545454546,6.866067263493888,7.930861797343687,22.500000000000004,74.51486227314236,86.07067945263178,34.77272727272728,116.7231434793961,134.8246505548427,SEASON
TE,2022,00-0034073,Ross Dwelley,5.0,8.49824214424582,3.9000000000000004,2.4180694068961945,3.6548856744506653,19.5,20.549339341396735,31.06010347101695,66.30000000000001,41.10717991723531,62.13305646566131,PPG
TE,2022,00-0034073,Ross Dwelley,5.0,8.49824214424582,3.9000000000000004,2.4180694068961945,3.6548856744506653,19.5,20.549339341396735,31.06010347101695,66.30000000000001,41.10717991723531,62.13305646566131,SEASON
TE,2022,00-0034159,Will Dissly,15.0,11.52530750828976,5.793333333333333,4.140513050010151,4.142662828663004,86.89999999999999,47.720686143453726,47.745463003502614,98.48666666666666,70.38872185017257,70.42526808727106,PPG
TE,2022,00-0034159,Will Dissly,15.0,11.52530750828976,5.793333333333333,4.140513050010151,4.142662828663004,86.89999999999999,47.720686143453726,47.745463003502614,98.48666666666666,70.38872185017257,70.42526808727106,SEASON
TE,2022,00-0034193,Kevin Rader,6.0,8.161901548240937,0.0,1.24753026075029,2.3134605816994953,0.0,10.182219166695212,18.88223750356749,0.0,21.20801443275493,39.32882988889142,PPG
TE,2022,00-0034193,Kevin Rader,6.0,8.161901548240937,0.0,1.24753026075029,2.3134605816994953,0.0,10.182219166695212,18.88223750356749,0.0,21.20801443275493,39.32882988889142,SEASON
TE,2022,00-0034270,Tyler Conklin,17.0,12.87066989230929,7.735294117647059,8.155966751192128,7.1571286840677075,131.5,104.97275570724415,92.11704066941346,131.5,138.65143477026618,121.67118762915104,PPG
TE,2022,00-0034270,Tyler Conklin,17.0,12.87066989230929,7.735294117647059,8.155966751192128,7.1571286840677075,131.5,104.97275570724415,92.11704066941346,131.5,138.65143477026618,121.67118762915104,SEASON
TE,2022,00-0034351,Dallas Goedert,12.0,12.197988700299526,11.766666666666666,10.953161381612665,9.730345214905839,141.2,133.60653876546843,118.69064098143498,200.0333333333333,186.2037434874153,165.41586865339926,PPG
TE,2022,00-0034351,Dallas Goedert,12.0,12.197988700299526,11.766666666666666,10.953161381612665,9.730345214905839,141.2,133.60653876546843,118.69064098143498,200.0333333333333,186.2037434874153,165.41586865339926,SEASON
TE,2022,00-0034364,Jordan Akins,15.0,11.18896691228488,7.7666666666666675,4.1415301930525805,4.4672679846446,116.50000000000001,46.33944429629413,49.98411366849799,132.03333333333336,70.40601328189386,75.9435557389582,PPG
TE,2022,00-0034364,Jordan Akins,15.0,11.18896691228488,7.7666666666666675,4.1415301930525805,4.4672679846446,116.50000000000001,46.33944429629413,49.98411366849799,132.03333333333336,70.40601328189386,75.9435557389582,SEASON
TE,2022,00-0034365,Ian Thomas,13.0,11.861648104294643,3.1307692307692307,4.065125452826739,3.446797473883291,40.7,48.21908762124219,40.884698721975305,53.223076923076924,69.10713269805456,58.59555705601595,PPG
TE,2022,00-0034365,Ian Thomas,13.0,11.861648104294643,3.1307692307692307,4.065125452826739,3.446797473883291,40.7,48.21908762124219,40.884698721975305,53.223076923076924,69.10713269805456,58.59555705601595,SEASON
TE,2022,00-0034383,Dalton Schultz,15.0,12.87066989230929,9.513333333333334,9.989860563399096,9.491542574658247,142.70000000000002,128.57619758170867,122.16251124722571,161.72666666666666,169.82762957778465,161.3562237691902,PPG
TE,2022,00-0034383,Dalton Schultz,15.0,12.87066989230929,9.513333333333334,9.989860563399096,9.491542574658247,142.70000000000002,128.57619758170867,122.16251124722571,161.72666666666666,169.82762957778465,161.3562237691902,SEASON
TE,2022,00-0034753,Mark Andrews,15.0,12.87066989230929,12.700000000000001,15.01370121820377,13.292441857623373,190.50000000000003,193.2363922412626,171.08263121218494,215.9,255.2329207094641,225.97151157959735,PPG
TE,2022,00-0034753,Mark Andrews,15.0,12.87066989230929,12.700000000000001,15.01370121820377,13.292441857623373,190.50000000000003,193.2363922412626,171.08263121218494,215.9,255.2329207094641,225.97151157959735,SEASON
TE,2022,00-0034798,Durham Smythe,13.0,12.534329296304408,3.076923076923077,5.345612926053394,4.516701335437045,40.0,67.00367270573459,56.61382187142579,52.307692307692314,90.8754197429077,76.78392270242976,PPG
TE,2022,00-0034798,Durham Smythe,13.0,12.534329296304408,3.076923076923077,5.345612926053394,4.516701335437045,40.0,67.00367270573459,56.61382187142579,52.307692307692314,90.8754197429077,76.78392270242976,SEASON
TE,2022,00-0034829,Mike Gesicki,17.0,12.87066989230929,5.776470588235294,9.656630809262449,9.554578816291215,98.2,124.2873074179205,122.97382990453549,98.2,164.16272375746163,162.42783987695066,PPG
TE,2022,00-0034829,Mike Gesicki,17.0,12.87066989230929,5.776470588235294,9.656630809262449,9.554578816291215,98.2,124.2873074179205,122.97382990453549,98.2,164.16272375746163,162.42783987695066,SEASON
TE,2022,00-0034830,Hayden Hurst,13.0,11.18896691228488,8.107692307692307,3.994305214280126,4.7516755866173925,105.39999999999999,44.69214888014729,53.16634091657385,137.83076923076922,67.90318864276215,80.77848497249568,PPG
TE,2022,00-0034830,Hayden Hurst,13.0,11.18896691228488,8.107692307692307,3.994305214280126,4.7516755866173925,105.39999999999999,44.69214888014729,53.16634091657385,137.83076923076922,67.90318864276215,80.77848497249568,SEASON
TE,2022,00-0034981,Foster Moreau,14.0,12.197988700299526,6.228571428571429,6.175470769639218,6.146189029347175,87.2,75.3283226670892,74.97114432988175,105.88571428571429,104.9830030838667,104.48521349890197,PPG
TE,2022,00-0034981,Foster Moreau,14.0,12.197988700299526,6.228571428571429,6.175470769639218,6.146189029347175,87.2,75.3283226670892,74.97114432988175,105.88571428571429,104.9830030838667,104.48521349890197,SEASON
TE,2022,00-0035222,Zach Gentry,14.0,10.516285720275114,2.3000000000000003,3.941428141136108,3.9480521860497997,32.2,41.44918447812014,41.518844827056455,39.1,67.00427839931383,67.1168871628466,PPG
TE,2022,00-0035222,Zach Gentry,14.0,10.516285720275114,2.3000000000000003,3.941428141136108,3.9480521860497997,32.2,41.44918447812014,41.518844827056455,39.1,67.00427839931383,67.1168871628466,SEASON
TE,2022,00-0035229,T.J. Hockenson,17.0,11.18896691228488,12.788235294117648,8.709181826462231,10.849627071317677,217.4,97.4467472893587,121.39611831160379,217.4,148.05609104985794,184.44366021240052,PPG
TE,2022,00-0035229,T.J. Hockenson,17.0,11.18896691228488,12.788235294117648,8.709181826462231,10.849627071317677,217.4,97.4467472893587,121.39611831160379,217.4,148.05609104985794,184.44366021240052,SEASON
TE,2022,00-0035249,Josh Oliver,12.0,10.852626316279997,3.4083333333333337,2.5357796054250983,2.6876558866680473,40.900000000000006,27.51986847812253,29.168125004758497,57.94166666666667,43.10825329222667,45.690150073356804,PPG
TE,2022,00-0035249,Josh Oliver,12.0,10.852626316279997,3.4083333333333337,2.5357796054250983,2.6876558866680473,40.900000000000006,27.51986847812253,29.168125004758497,57.94166666666667,43.10825329222667,45.690150073356804,SEASON
TE,2022,00-0035259,Trevon Wesco,6.0,9.843604528265349,1.1,2.0316383988769307,2.0588857454875806,6.6000000000000005,19.998644942982718,20.266857047462526,18.700000000000003,34.53785278090782,35.00105767328887,PPG
TE,2022,00-0035259,Trevon Wesco,6.0,9.843604528265349,1.1,2.0316383988769307,2.0588857454875806,6.6000000000000005,19.998644942982718,20.266857047462526,18.700000000000003,34.53785278090782,35.00105767328887,SEASON
TE,2022,00-0035308,Tommy Sweeney,2.0,9.507263932260466,0.8500000000000001,2.2040875391984227,3.1044922265205663,1.7000000000000002,20.95484196496589,29.51522697318197,14.450000000000001,37.46948816637319,52.776367850849624,PPG
TE,2022,00-0035308,Tommy Sweeney,2.0,9.507263932260466,0.8500000000000001,2.2040875391984227,3.1044922265205663,1.7000000000000002,20.95484196496589,29.51522697318197,14.450000000000001,37.46948816637319,52.776367850849624,SEASON
TE,2022,00-0035329,Donald Parham,6.0,11.52530750828976,4.833333333333334,4.267221003465633,4.3935312337720935,29.000000000000004,49.18103427077423,50.636798516499084,82.16666666666667,72.54275705891577,74.69003097412559,PPG
TE,2022,00-0035329,Donald Parham,6.0,11.52530750828976,4.833333333333334,4.267221003465633,4.3935312337720935,29.000000000000004,49.18103427077423,50.636798516499084,82.16666666666667,72.54275705891577,74.69003097412559,SEASON
TE,2022,00-0035345,Chris Myarick,10.0,8.49824214424582,1.9500000000000002,2.072917668916764,2.8049415368627106,19.5,17.616156295540247,23.83707238071233,33.150000000000006,35.23960037158499,47.684006126666084,PPG
TE,2022,00-0035345,Chris Myarick,10.0,8.49824214424582,1.9500000000000002,2.072917668916764,2.8049415368627106,19.5,17.616156295540247,23.83707238071233,33.150000000000006,35.23960037158499,47.684006126666084,SEASON
TE,2022,00-0035356,Tyree Jackson,2.0,8.161901548240937,0.0,3.1193496564880565,3.139152706761552,0.0,25.459824790794706,25.62145533748184,0.0,53.02894416029696,53.365596014946384,PPG
TE,2022,00-0035356,Tyree Jackson,2.0,8.161901548240937,0.0,3.1193496564880565,3.139152706761552,0.0,25.459824790794706,25.62145533748184,0.0,53.02894416029696,53.365596014946384,SEASON
TE,2022,00-0035547,Joseph Fortson,10.0,8.49824214424582,3.18,1.9817599266076322,3.5310760135259884,31.8,16.841475728074485,30.007938992682078,54.06,33.689918752329746,60.028292229941805,PPG
TE,2022,00-0035547,Joseph Fortson,10.0,8.49824214424582,3.18,1.9817599266076322,3.5310760135259884,31.8,16.841475728074485,30.007938992682078,54.06,33.689918752329746,60.028292229941805,SEASON
TE,2022,00-0035562,Jesper Horsted,5.0,8.49824214424582,0.98,1.524014889266226,3.430618126439556,4.9,12.951447560420368,29.15422354292227,16.66,25.90825311752584,58.32050814947245,PPG
TE,2022,00-0035562,Jesper Horsted,5.0,8.49824214424582,0.98,1.524014889266226,3.430618126439556,4.9,12.951447560420368,29.15422354292227,16.66,25.90825311752584,58.32050814947245,SEASON
TE,2022,00-0035572,Parker Hesse,12.0,8.49824214424582,1.4916666666666667,2.3740840829198735,2.9074951448026978,17.9,20.175541407452858,24.708597773752388,25.358333333333334,40.35942940963785,49.42741746164586,PPG
TE,2022,00-0035572,Parker Hesse,12.0,8.49824214424582,1.4916666666666667,2.3740840829198735,2.9074951448026978,17.9,20.175541407452858,24.708597773752388,25.358333333333334,40.35942940963785,49.42741746164586,SEASON
TE,2022,00-0035603,Kendall Blanton,2.0,8.49824214424582,2.75,2.7096562028176896,3.0789281560884914,5.5,23.02731453920239,26.16547701517629,46.75,46.064155447900724,52.341778653504356,PPG
TE,2022,00-0035603,Kendall Blanton,2.0,8.49824214424582,2.75,2.7096562028176896,3.0789281560884914,5.5,23.02731453920239,26.16547701517629,46.75,46.064155447900724,52.341778653504356,SEASON
TE,2022,00-0035624,N'Keal Harry,6.0,10.516285720275114,4.1000000000000005,4.852231874170705,4.476091949954621,24.6,51.02745676980514,47.071861855946175,69.7,82.487941860902,76.09356314922856,PPG
TE,2022,00-0035624,N'Keal Harry,6.0,10.516285720275114,4.1000000000000005,4.852231874170705,4.476091949954621,24.6,51.02745676980514,47.071861855946175,69.7,82.487941860902,76.09356314922856,SEASON
TE,2022,00-0035631,Drew Sample,2.0,10.516285720275114,1.0,2.52582588332272,2.7107703757660184,2.0,26.562306668688,28.507235793612985,17.0,42.93904001648624,46.08309638802231,PPG
TE,2022,00-0035631,Drew Sample,2.0,10.516285720275114,1.0,2.52582588332272,2.7107703757660184,2.0,26.562306668688,28.507235793612985,17.0,42.93904001648624,46.08309638802231,SEASON
TE,2022,00-0035644,Noah Fant,17.0,12.534329296304408,7.211764705882354,8.571257393898026,8.8988853097881,122.60000000000002,107.4349626585018,111.54155884292992,122.60000000000002,145.71137569626646,151.28105026639773,PPG
TE,2022,00-0035644,Noah Fant,17.0,12.534329296304408,7.211764705882354,8.571257393898026,8.8988853097881,122.60000000000002,107.4349626585018,111.54155884292992,122.60000000000002,145.71137569626646,151.28105026639773,SEASON
TE,2022,00-0035689,Dawson Knox,15.0,12.197988700299526,9.046666666666667,7.205104509243474,7.447605764151489,135.7,87.88778338822905,90.84581095540548,153.79333333333335,122.48677665713905,126.60929799057531,PPG
TE,2022,00-0035689,Dawson Knox,15.0,12.197988700299526,9.046666666666667,7.205104509243474,7.447605764151489,135.7,87.88778338822905,90.84581095540548,153.79333333333335,122.48677665713905,126.60929799057531,SEASON
TE,2022,00-0035771,Mitchell Wilcox,9.0,8.49824214424582,4.1,1.9258473973550538,1.8385391128979465,36.9,16.366317515588843,15.624350573073652,69.69999999999999,32.73940575503592,31.25516491926509,PPG
TE,2022,00-0035771,Mitchell Wilcox,9.0,8.49824214424582,4.1,1.9258473973550538,1.8385391128979465,36.9,16.366317515588843,15.624350573073652,69.69999999999999,32.73940575503592,31.25516491926509,SEASON
TE,2022,00-0035823,Ben Ellefson,2.0,8.161901548240937,2.8,1.9745304425148213,1.9229080968990997,5.6,16.115923075810585,15.694586573205797,47.599999999999994,33.56701752275196,32.68943764728469,PPG
TE,2022,00-0035823,Ben Ellefson,2.0,8.161901548240937,2.8,1.9745304425148213,1.9229080968990997,5.6,16.115923075810585,15.694586573205797,47.599999999999994,33.56701752275196,32.68943764728469,SEASON
TE,2022,00-0035956,Giovanni Ricci,11.0,9.843604528265349,1.6363636363636365,2.75304450874558,1.530376030739928,18.0,27.099881392804043,15.064416426140305,27.81818181818182,46.80175664867486,26.016392522578773,PPG
TE,2022,00-0035956,Giovanni Ricci,11.0,9.843604528265349,1.6363636363636365,2.75304450874558,1.530376030739928,18.0,27.099881392804043,15.064416426140305,27.81818181818182,46.80175664867486,26.016392522578773,SEASON
TE,2022,00-0036032,Sean McKeon,3.0,8.834582740250703,1.0333333333333332,1.749089132098725,2.808930032951828,3.0999999999999996,15.452472657599477,24.81572478768806,17.566666666666663,29.734515245678324,47.75181056018108,PPG
TE,2022,00-0036032,Sean McKeon,3.0,8.834582740250703,1.0333333333333332,1.749089132098725,2.808930032951828,3.0999999999999996,15.452472657599477,24.81572478768806,17.566666666666663,29.734515245678324,47.75181056018108,SEASON
TE,2022,00-0036040,Juwan Johnson,16.0,11.52530750828976,8.425,4.018050614234979,3.3549259690745554,134.8,46.30926891293068,38.66655346113127,143.22500000000002,68.30686044199464,57.033741474267444,PPG
TE,2022,00-0036040,Juwan Johnson,16.0,11.52530750828976,8.425,4.018050614234979,3.3549259690745554,134.8,46.30926891293068,38.66655346113127,143.22500000000002,68.30686044199464,57.033741474267444,SEASON
TE,2022,00-0036232,Harrison Bryant,14.0,12.197988700299526,4.407142857142857,4.481654073434855,3.8384793898382576,61.69999999999999,54.66716574640971,46.82172822357968,74.92142857142856,76.18811924839254,65.25414962725038,PPG
TE,2022,00-0036232,Harrison Bryant,14.0,12.197988700299526,4.407142857142857,4.481654073434855,3.8384793898382576,61.69999999999999,54.66716574640971,46.82172822357968,74.92142857142856,76.18811924839254,65.25414962725038,SEASON
TE,2022,00-0036244,Colby Parkinson,14.0,8.834582740250703,4.942857142857143,2.4395311583281463,2.8097567461470256,69.2,21.552239865669645,24.82302845381349,84.02857142857144,41.472029691578484,47.765864684499434,PPG
TE,2022,00-0036244,Colby Parkinson,14.0,8.834582740250703,4.942857142857143,2.4395311583281463,2.8097567461470256,69.2,21.552239865669645,24.82302845381349,84.02857142857144,41.472029691578484,47.765864684499434,SEASON
TE,2022,00-0036250,Tyler Davis,11.0,9.843604528265349,0.6000000000000001,1.9594961417312715,2.22055007151517,6.600000000000001,19.288505093864423,21.85821673920667,10.200000000000001,33.31143440943161,37.74935121575789,PPG
TE,2022,00-0036250,Tyler Davis,11.0,9.843604528265349,0.6000000000000001,1.9594961417312715,2.22055007151517,6.600000000000001,19.288505093864423,21.85821673920667,10.200000000000001,33.31143440943161,37.74935121575789,SEASON
TE,2022,00-0036290,Cole Kmet,17.0,12.87066989230929,8.664705882352942,7.903150620059224,7.832052867749581,147.3,101.71884273998175,100.80376703991917,147.3,134.3535605410068,133.14489875174286,PPG
TE,2022,00-0036290,Cole Kmet,17.0,12.87066989230929,8.664705882352942,7.903150620059224,7.832052867749581,147.3,101.71884273998175,100.80376703991917,147.3,134.3535605410068,133.14489875174286,SEASON
TE,2022,00-0036332,Josiah Deguara,9.0,11.861648104294643,2.7111111111111112,5.348711566569861,4.766431623993855,24.400000000000002,63.44453441402222,56.537734636996746,46.08888888888889,90.92809663168764,81.02933760789553,PPG
TE,2022,00-0036332,Josiah Deguara,9.0,11.861648104294643,2.7111111111111112,5.348711566569861,4.766431623993855,24.400000000000002,63.44453441402222,56.537734636996746,46.08888888888889,90.92809663168764,81.02933760789553,SEASON
TE,2022,00-0036422,Adam Trautman,12.0,10.852626316279997,3.725,5.838171591752842,6.354855377448374,44.7,63.35949465561517,68.96687070544967,63.325,99.24891705979832,108.03254141662235,PPG
TE,2022,00-0036422,Adam Trautman,12.0,10.852626316279997,3.725,5.838171591752842,6.354855377448374,44.7,63.35949465561517,68.96687070544967,63.325,99.24891705979832,108.03254141662235,SEASON
TE,2022,00-0036423,Albert Okwuegbunam,6.0,11.861648104294643,4.25,5.054901740891219,5.799669266854902,25.5,59.959465652238016,68.79363596472535,72.25,85.93332959515072,98.59437753653334,PPG
TE,2022,00-0036423,Albert Okwuegbunam,6.0,11.861648104294643,4.25,5.054901740891219,5.799669266854902,25.5,59.959465652238016,68.79363596472535,72.25,85.93332959515072,98.59437753653334,SEASON
TE,2022,00-0036429,Charlie Woerner,5.0,9.843604528265349,0.0,1.659912742942018,2.097791634576712,0.0,16.339524592949402,20.64983123347649,0.0,28.218516630014307,35.6624577878041,PPG
TE,2022,00-0036429,Charlie Woerner,5.0,9.843604528265349,0.0,1.659912742942018,2.097791634576712,0.0,16.339524592949402,20.64983123347649,0.0,28.218516630014307,35.6624577878041,SEASON
TE,2022,00-0036510,Kenny Yeboah,3.0,8.161901548240937,0.0,2.6142865516759377,2.4904590083349403,0.0,21.337549453669297,20.32688123595954,0.0,44.44287137849094,42.33780314169398,PPG
TE,2022,00-0036510,Kenny Yeboah,3.0,8.161901548240937,0.0,2.6142865516759377,2.4904590083349403,0.0,21.337549453669297,20.32688123595954,0.0,44.44287137849094,42.33780314169398,SEASON
TE,2022,00-0036534,Shane Zylstra,8.0,8.161901548240937,5.125,3.1131858570504796,4.021860126756554,41.0,25.409516466622097,32.82602639538281,87.125,52.924159569858155,68.37162215486141,PPG
TE,2022,00-0036534,Shane Zylstra,8.0,8.161901548240937,5.125,3.1131858570504796,4.021860126756554,41.0,25.409516466622097,32.82602639538281,87.125,52.924159569858155,68.37162215486141,SEASON
TE,2022,00-0036556,Brevin Jordan,9.0,9.843604528265349,2.977777777777778,5.416477259530439,6.299362002854695,26.8,53.31766007916012,62.00842833648315,50.62222222222222,92.08011341201747,107.0891540485298,PPG
TE,2022,00-0036556,Brevin Jordan,9.0,9.843604528265349,2.977777777777778,5.416477259530439,6.299362002854695,26.8,53.31766007916012,62.00842833648315,50.62222222222222,92.08011341201747,107.0891540485298,SEASON
TE,2022,00-0036628,John Bates,9.0,11.18896691228488,3.4222222222222225,4.624131073321791,4.522142555516618,30.800000000000004,51.739249577465884,50.59810342631083,58.177777777777784,78.61022824647044,76.87642344378251,PPG
TE,2022,00-0036628,John Bates,9.0,11.18896691228488,3.4222222222222225,4.624131073321791,4.522142555516618,30.800000000000004,51.739249577465884,50.59810342631083,58.177777777777784,78.61022824647044,76.87642344378251,SEASON
TE,2022,00-0036637,Noah Gray,17.0,9.507263932260466,4.117647058823529,2.174660454075927,2.821424075542394,70.0,20.675070899949226,26.824023351015533,70.0,36.96922771929076,47.9642092842207,PPG
TE,2022,00-0036637,Noah Gray,17.0,9.507263932260466,4.117647058823529,2.174660454075927,2.821424075542394,70.0,20.675070899949226,26.824023351015533,70.0,36.96922771929076,47.9642092842207,SEASON
TE,2022,00-0036741,Jack Stoll,9.0,9.170923336255585,2.588888888888889,1.5495481506829205,2.811574810442918,23.3,14.210787295749682,25.784737040719328,44.01111111111111,26.34231856160965,47.79677177752961,PPG
TE,2022,00-0036741,Jack Stoll,9.0,9.170923336255585,2.588888888888889,1.5495481506829205,2.811574810442918,23.3,14.210787295749682,25.784737040719328,44.01111111111111,26.34231856160965,47.79677177752961,SEASON
TE,2022,00-0036754,Brock Wright,14.0,9.843604528265349,4.542857142857143,3.6189897224225844,4.396433864821513,63.599999999999994,35.62390361938471,43.27675629997618,77.22857142857143,61.522825281183934,74.73937570196573,PPG
TE,2022,00-0036754,Brock Wright,14.0,9.843604528265349,4.542857142857143,3.6189897224225844,4.396433864821513,63.599999999999994,35.62390361938471,43.27675629997618,77.22857142857143,61.522825281183934,74.73937570196573,SEASON
TE,2022,00-0036825,Feleipe Franks,5.0,8.49824214424582,0.0,1.1437461489827598,1.4309952712970009,0.0,9.719831725604148,12.160944322752654,0.0,19.443684532706918,24.326919612049014,PPG
TE,2022,00-0036825,Feleipe Franks,5.0,8.49824214424582,0.0,1.1437461489827598,1.4309952712970009,0.0,9.719831725604148,12.160944322752654,0.0,19.443684532706918,24.326919612049014,SEASON
TE,2022,00-0036876,Kylen Granson,13.0,10.516285720275114,4.707692307692308,3.5262268117640247,3.621348391673334,61.2,37.08280866700525,38.08313437949553,80.03076923076924,59.94585579998842,61.56292265844668,PPG
TE,2022,00-0036876,Kylen Granson,13.0,10.516285720275114,4.707692307692308,3.5262268117640247,3.621348391673334,61.2,37.08280866700525,38.08313437949553,80.03076923076924,59.94585579998842,61.56292265844668,SEASON
TE,2022,00-0036887,Luke Farrell,4.0,9.843604528265349,2.0,2.557510649578039,2.6012020716292117,8.0,25.17512341127324,25.605204491222516,34.0,43.47768104282667,44.2204352176966,PPG
TE,2022,00-0036887,Luke Farrell,4.0,9.843604528265349,2.0,2.557510649578039,2.6012020716292117,8.0,25.17512341127324,25.605204491222516,34.0,43.47768104282667,44.2204352176966,SEASON
TE,2022,00-0036894,Pat Freiermuth,15.0,12.534329296304408,9.879999999999999,7.532411877312198,7.090327224732531,148.2,94.41373086562557,88.8724962533497,167.95999999999998,128.05100191430736,120.53556282045302,PPG
TE,2022,00-0036894,Pat Freiermuth,15.0,12.534329296304408,9.879999999999999,7.532411877312198,7.090327224732531,148.2,94.41373086562557,88.8724962533497,167.95999999999998,128.05100191430736,120.53556282045302,SEASON
TE,2022,00-0036970,Kyle Pitts,10.0,12.87066989230929,7.5600000000000005,10.631427226336855,10.218968533012761,75.60000000000001,136.83359031429103,131.52497062830338,128.52,180.73426284772654,173.72246506121695,PPG
TE,2022,00-0036970,Kyle Pitts,10.0,12.87066989230929,7.5600000000000005,10.631427226336855,10.218968533012761,75.60000000000001,136.83359031429103,131.52497062830338,128.52,180.73426284772654,173.72246506121695,SEASON
TE,2022,00-0037004,Hunter Long,1.0,8.161901548240937,0.0,1.9700439938623484,1.988916714216887,0.0,16.07930512360786,16.23334240908909,0.0,33.49074789565992,33.81158414168708,PPG
TE,2022,00-0037004,Hunter Long,1.0,8.161901548240937,0.0,1.9700439938623484,1.988916714216887,0.0,16.07930512360786,16.23334240908909,0.0,33.49074789565992,33.81158414168708,SEASON
TE,2022,00-0037005,Tommy Tremble,15.0,12.197988700299526,3.626666666666667,6.335458210913004,4.344304133860358,54.400000000000006,77.27984766793668,52.99177273549316,61.653333333333336,107.70278958552107,73.85317027562608,PPG
TE,2022,00-0037005,Tommy Tremble,15.0,12.197988700299526,3.626666666666667,6.335458210913004,4.344304133860358,54.400000000000006,77.27984766793668,52.99177273549316,61.653333333333336,107.70278958552107,73.85317027562608,SEASON
TE,2022,00-0037011,Tre' McKitty,13.0,9.170923336255585,1.3230769230769233,2.2354637089288674,2.874880825540031,17.200000000000003,20.501266295568215,26.365311651898793,22.492307692307694,38.00288305179075,48.87297403418053,PPG
TE,2022,00-0037011,Tre' McKitty,13.0,9.170923336255585,1.3230769230769233,2.2354637089288674,2.874880825540031,17.200000000000003,20.501266295568215,26.365311651898793,22.492307692307694,38.00288305179075,48.87297403418053,SEASON
TE,2023,00-0024243,Marcedes Lewis,6.0,8.521796046430989,2.15,2.4579326486106043,3.2612548132498618,12.899999999999999,20.946000727323497,27.791748373956704,36.55,41.78485502638027,55.44133182524765,PPG
TE,2023,00-0024243,Marcedes Lewis,6.0,8.521796046430989,2.15,2.4579326486106043,3.2612548132498618,12.899999999999999,20.946000727323497,27.791748373956704,36.55,41.78485502638027,55.44133182524765,SEASON
TE,2023,00-0030061,Zach Ertz,7.0,10.265650287957106,7.385714285714286,7.888505072637433,9.26524548678997,51.7,80.98063437047156,95.11376999945874,125.55714285714286,134.10458623483638,157.5091732754295,PPG
TE,2023,00-0030061,Zach Ertz,7.0,10.265650287957106,7.385714285714286,7.888505072637433,9.26524548678997,51.7,80.98063437047156,95.11376999945874,125.55714285714286,134.10458623483638,157.5091732754295,SEASON
TE,2023,00-0030506,Travis Kelce,15.0,13.317395210627812,14.626666666666665,13.755244902918587,13.642477444949314,219.39999999999998,183.1840325911406,181.68226378646594,248.6533333333333,233.83916334961597,231.92211656413835,PPG
TE,2023,00-0030506,Travis Kelce,15.0,13.317395210627812,14.626666666666665,13.755244902918587,13.642477444949314,219.39999999999998,183.1840325911406,181.68226378646594,248.6533333333333,233.83916334961597,231.92211656413835,SEASON
TE,2023,00-0031260,Logan Thomas,16.0,11.573540969101694,7.925,6.933086192906194,7.128413713266856,126.8,80.24035709591314,82.5009881552003,134.725,117.8624652794053,121.18303312553655,PPG
TE,2023,00-0031260,Logan Thomas,16.0,11.573540969101694,7.925,6.933086192906194,7.128413713266856,126.8,80.24035709591314,82.5009881552003,134.725,117.8624652794053,121.18303312553655,SEASON
TE,2023,00-0031484,Chris Manhertz,7.0,8.957759606812518,0.5142857142857142,1.9614884644275021,2.309699829812408,3.5999999999999996,17.570542135877393,20.689735839355333,8.742857142857142,33.345303895267534,39.264897106810935,PPG
TE,2023,00-0031484,Chris Manhertz,7.0,8.957759606812518,0.5142857142857142,1.9614884644275021,2.309699829812408,3.5999999999999996,17.570542135877393,20.689735839355333,8.742857142857142,33.345303895267534,39.264897106810935,SEASON
TE,2023,00-0031585,MyCole Pruitt,10.0,10.265650287957106,2.6,4.588249519482072,4.617922157034063,26.0,47.10136500089018,47.40597392112023,44.2,78.00024183119523,78.50467666957907,PPG
TE,2023,00-0031585,MyCole Pruitt,10.0,10.265650287957106,2.6,4.588249519482072,4.617922157034063,26.0,47.10136500089018,47.40597392112023,44.2,78.00024183119523,78.50467666957907,SEASON
TE,2023,00-0031610,Darren Waller,12.0,9.393723167194047,9.433333333333334,7.955659778251753,8.22055353825536,113.2,74.73326556927734,77.22160421946836,160.36666666666667,135.2462162302798,139.7494101503411,PPG
TE,2023,00-0031610,Darren Waller,12.0,9.393723167194047,9.433333333333334,7.955659778251753,8.22055353825536,113.2,74.73326556927734,77.22160421946836,160.36666666666667,135.2462162302798,139.7494101503411,SEASON
TE,2023,00-0032134,C.J. Uzomah,8.0,12.009504529483223,2.475,4.329080155203911,3.5718564292253405,19.8,51.99010773241731,42.8962259654455,42.075,73.59436263846649,60.72155929683079,PPG
TE,2023,00-0032134,C.J. Uzomah,8.0,12.009504529483223,2.475,4.329080155203911,3.5718564292253405,19.8,51.99010773241731,42.8962259654455,42.075,73.59436263846649,60.72155929683079,SEASON
TE,2023,00-0032141,Geoff Swaim,8.0,11.137577408720164,2.425,2.2525852249298115,2.3569738944066723,19.4,25.088342312395095,26.250979199286938,41.224999999999994,38.293948823806794,40.06855620491343,PPG
TE,2023,00-0032141,Geoff Swaim,8.0,11.137577408720164,2.425,2.2525852249298115,2.3569738944066723,19.4,25.088342312395095,26.250979199286938,41.224999999999994,38.293948823806794,40.06855620491343,SEASON
TE,2023,00-0032214,Tyler Kroft,1.0,8.521796046430989,0.0,2.0711043684591077,2.3551874264779102,0.0,17.649529018880774,20.07042689956343,0.0,35.208774263804834,40.038186250124475,PPG
TE,2023,00-0032214,Tyler Kroft,1.0,8.521796046430989,0.0,2.0711043684591077,2.3551874264779102,0.0,17.649529018880774,20.07042689956343,0.0,35.208774263804834,40.038186250124475,SEASON
TE,2023,00-0032392,Austin Hooper,16.0,13.317395210627812,3.0250000000000004,6.714679000970569,6.048794399282434,48.400000000000006,89.4220339684286,80.55418556307622,51.425000000000004,114.14954301649966,102.82950478780137,PPG
TE,2023,00-0032392,Austin Hooper,16.0,13.317395210627812,3.0250000000000004,6.714679000970569,6.048794399282434,48.400000000000006,89.4220339684286,80.55418556307622,51.425000000000004,114.14954301649966,102.82950478780137,SEASON
TE,2023,00-0032394,Nick Vannett,1.0,8.08583248604946,1.3,2.653639437362755,2.8806409590884523,1.3,21.456883968889777,23.292380247642082,22.1,45.111870435166836,48.97089630450369,PPG
TE,2023,00-0032394,Nick Vannett,1.0,8.08583248604946,1.3,2.653639437362755,2.8806409590884523,1.3,21.456883968889777,23.292380247642082,22.1,45.111870435166836,48.97089630450369,SEASON
TE,2023,00-0032725,Stephen Anderson,1.0,9.829686727575577,0.0,2.128208177875766,1.640862707684101,0.0,20.91961967958322,16.12916637949613,0.0,36.17953902388802,27.894666030629715,PPG
TE,2023,00-0032725,Stephen Anderson,1.0,9.829686727575577,0.0,2.128208177875766,1.640862707684101,0.0,20.91961967958322,16.12916637949613,0.0,36.17953902388802,27.894666030629715,SEASON
TE,2023,00-0033090,Hunter Henry,13.0,12.881431650246281,9.223076923076924,6.889804360242292,6.366778845436079,119.9,88.7505439500299,82.01322652971879,156.7923076923077,117.12667412411896,108.23524037241334,PPG
TE,2023,00-0033090,Hunter Henry,13.0,12.881431650246281,9.223076923076924,6.889804360242292,6.366778845436079,119.9,88.7505439500299,82.01322652971879,156.7923076923077,117.12667412411896,108.23524037241334,SEASON
TE,2023,00-0033110,Tyler Higbee,15.0,12.881431650246281,7.233333333333334,10.045278695769824,9.826504935076905,108.50000000000001,129.39757092723409,126.57945168200092,122.96666666666668,170.769737828087,167.0505838963074,PPG
TE,2023,00-0033110,Tyler Higbee,15.0,12.881431650246281,7.233333333333334,10.045278695769824,9.826504935076905,108.50000000000001,129.39757092723409,126.57945168200092,122.96666666666668,170.769737828087,167.0505838963074,SEASON
TE,2023,00-0033217,Mo Alie-Cox,14.0,12.009504529483223,3.507142857142857,3.756709783350492,3.4358319410173572,49.1,45.11622315910167,41.262639258191086,59.621428571428574,63.864066316958365,58.40914299729507,PPG
TE,2023,00-0033217,Mo Alie-Cox,14.0,12.009504529483223,3.507142857142857,3.756709783350492,3.4358319410173572,49.1,45.11622315910167,41.262639258191086,59.621428571428574,63.864066316958365,58.40914299729507,SEASON
TE,2023,00-0033246,Johnny Mundt,10.0,11.573540969101694,4.02,2.8366569096705323,3.041312276579751,40.199999999999996,32.83016495935731,35.198752232827694,68.33999999999999,48.22316746439905,51.70230870185577,PPG
TE,2023,00-0033246,Johnny Mundt,10.0,11.573540969101694,4.02,2.8366569096705323,3.041312276579751,40.199999999999996,32.83016495935731,35.198752232827694,68.33999999999999,48.22316746439905,51.70230870185577,SEASON
TE,2023,00-0033288,George Kittle,16.0,12.445468089864752,12.7,11.028607715158847,10.942650444394651,203.2,137.25618539464566,136.186406924258,215.89999999999998,187.4863311577004,186.02505755470906,PPG
TE,2023,00-0033288,George Kittle,16.0,12.445468089864752,12.7,11.028607715158847,10.942650444394651,203.2,137.25618539464566,136.186406924258,215.89999999999998,187.4863311577004,186.02505755470906,SEASON
TE,2023,00-0033357,Taysom Hill,16.0,12.881431650246281,8.5125,9.349194880066571,9.573487111774117,136.2,120.43101483241001,123.32021988483197,144.71249999999998,158.9363129611317,162.74928090016,PPG
TE,2023,00-0033357,Taysom Hill,16.0,12.881431650246281,8.5125,9.349194880066571,9.573487111774117,136.2,120.43101483241001,123.32021988483197,144.71249999999998,158.9363129611317,162.74928090016,SEASON
TE,2023,00-0033439,Pharaoh Brown,11.0,9.393723167194047,3.4363636363636365,3.4292859247031275,3.507526757118682,37.800000000000004,32.21376263781623,32.94873535789877,58.41818181818182,58.29786071995317,59.62795487101759,PPG
TE,2023,00-0033439,Pharaoh Brown,11.0,9.393723167194047,3.4363636363636365,3.4292859247031275,3.507526757118682,37.800000000000004,32.21376263781623,32.94873535789877,58.41818181818182,58.29786071995317,59.62795487101759,SEASON
TE,2023,00-0033576,Eric Saubert,3.0,12.009504529483223,1.4,3.7002289650873235,2.793386477184227,4.199999999999999,44.43791651634123,33.547187550341164,23.799999999999997,62.9038924064845,47.48757011213186,PPG
TE,2023,00-0033576,Eric Saubert,3.0,12.009504529483223,1.4,3.7002289650873235,2.793386477184227,4.199999999999999,44.43791651634123,33.547187550341164,23.799999999999997,62.9038924064845,47.48757011213186,SEASON
TE,2023,00-0033757,Robert Tonyan,12.0,13.317395210627812,1.85,6.071529882755658,5.5091438748204995,22.200000000000003,80.85696298179384,73.36744625319406,31.450000000000003,103.21600800684618,93.65544587194849,PPG
TE,2023,00-0033757,Robert Tonyan,12.0,13.317395210627812,1.85,6.071529882755658,5.5091438748204995,22.200000000000003,80.85696298179384,73.36744625319406,31.450000000000003,103.21600800684618,93.65544587194849,SEASON
TE,2023,00-0033858,Jonnu Smith,17.0,11.137577408720164,7.305882352941177,4.869010637256353,4.648307395789593,124.20000000000002,54.22898287632452,51.77088344013303,124.20000000000002,82.773180833358,79.02122572842308,PPG
TE,2023,00-0033858,Jonnu Smith,17.0,11.137577408720164,7.305882352941177,4.869010637256353,4.648307395789593,124.20000000000002,54.22898287632452,51.77088344013303,124.20000000000002,82.773180833358,79.02122572842308,SEASON
TE,2023,00-0033881,Evan Engram,17.0,13.317395210627812,13.547058823529412,8.92242784703292,9.63496460623108,230.3,118.82349787724841,128.31263150159026,230.3,151.68127339955961,163.79439830592835,PPG
TE,2023,00-0033881,Evan Engram,17.0,13.317395210627812,13.547058823529412,8.92242784703292,9.63496460623108,230.3,118.82349787724841,128.31263150159026,230.3,151.68127339955961,163.79439830592835,SEASON
TE,2023,00-0033885,David Njoku,16.0,12.009504529483223,12.575,8.852659399609674,8.951757140265364,201.2,106.31605315758462,107.50616792285068,213.77499999999998,150.49520979336447,152.1798713845112,PPG
TE,2023,00-0033885,David Njoku,16.0,12.009504529483223,12.575,8.852659399609674,8.951757140265364,201.2,106.31605315758462,107.50616792285068,213.77499999999998,150.49520979336447,152.1798713845112,SEASON
TE,2023,00-0033895,Gerald Everett,15.0,12.445468089864752,7.406666666666666,7.708403695250205,7.471460399491683,111.1,95.93469221303197,92.98582198656189,125.91333333333333,131.0428628192535,127.01482679135862,PPG
TE,2023,00-0033895,Gerald Everett,15.0,12.445468089864752,7.406666666666666,7.708403695250205,7.471460399491683,111.1,95.93469221303197,92.98582198656189,125.91333333333333,131.0428628192535,127.01482679135862,SEASON
TE,2023,00-0034073,Ross Dwelley,2.0,8.08583248604946,1.1,3.877352881779748,3.4993375077193285,2.2,31.35162589137218,28.2950568995683,18.700000000000003,65.91499899025571,59.48873763122859,PPG
TE,2023,00-0034073,Ross Dwelley,2.0,8.08583248604946,1.1,3.877352881779748,3.4993375077193285,2.2,31.35162589137218,28.2950568995683,18.700000000000003,65.91499899025571,59.48873763122859,SEASON
TE,2023,00-0034159,Will Dissly,13.0,12.445468089864752,3.092307692307692,4.686753031263141,4.779751101213368,40.199999999999996,58.328835295662316,59.48623980764688,52.569230769230764,79.67480153147339,81.25576872062726,PPG
TE,2023,00-0034159,Will Dissly,13.0,12.445468089864752,3.092307692307692,4.686753031263141,4.779751101213368,40.199999999999996,58.328835295662316,59.48623980764688,52.569230769230764,79.67480153147339,81.25576872062726,SEASON
TE,2023,00-0034193,Kevin Rader,7.0,8.521796046430989,0.22857142857142856,0.9384047799216064,1.0773866176558458,1.5999999999999999,7.9968941434878875,9.181269018817241,3.8857142857142857,15.95288125866731,18.31557250014938,PPG
TE,2023,00-0034193,Kevin Rader,7.0,8.521796046430989,0.22857142857142856,0.9384047799216064,1.0773866176558458,1.5999999999999999,7.9968941434878875,9.181269018817241,3.8857142857142857,15.95288125866731,18.31557250014938,SEASON
TE,2023,00-0034270,Tyler Conklin,17.0,13.317395210627812,7.241176470588236,7.046426579396022,6.724503803567736,123.10000000000002,93.8400475804891,89.55287474748147,123.10000000000002,119.78925184973238,114.31656466065152,PPG
TE,2023,00-0034270,Tyler Conklin,17.0,13.317395210627812,7.241176470588236,7.046426579396022,6.724503803567736,123.10000000000002,93.8400475804891,89.55287474748147,123.10000000000002,119.78925184973238,114.31656466065152,SEASON
TE,2023,00-0034351,Dallas Goedert,14.0,11.137577408720164,9.735714285714286,8.9568466750103,10.076766044018704,136.3,99.75757318096504,112.23076184482117,165.50714285714287,152.2663934751751,171.30502274831798,PPG
TE,2023,00-0034351,Dallas Goedert,14.0,11.137577408720164,9.735714285714286,8.9568466750103,10.076766044018704,136.3,99.75757318096504,112.23076184482117,165.50714285714287,152.2663934751751,171.30502274831798,SEASON
TE,2023,00-0034364,Jordan Akins,13.0,12.445468089864752,2.169230769230769,7.225836604228903,6.363649448834979,28.2,89.92891888050748,79.19859615056114,36.87692307692308,122.83922227189134,108.18204063019463,PPG
TE,2023,00-0034364,Jordan Akins,13.0,12.445468089864752,2.169230769230769,7.225836604228903,6.363649448834979,28.2,89.92891888050748,79.19859615056114,36.87692307692308,122.83922227189134,108.18204063019463,SEASON
TE,2023,00-0034365,Ian Thomas,8.0,11.573540969101694,1.3250000000000002,4.2038767418258765,4.261999257836817,10.600000000000001,48.65373970057553,49.326423020855415,22.525000000000002,71.4659046110399,72.4539873832259,PPG
TE,2023,00-0034365,Ian Thomas,8.0,11.573540969101694,1.3250000000000002,4.2038767418258765,4.261999257836817,10.600000000000001,48.65373970057553,49.326423020855415,22.525000000000002,71.4659046110399,72.4539873832259,SEASON
TE,2023,00-0034383,Dalton Schultz,15.0,12.445468089864752,10.033333333333333,8.479152512222246,8.542077744649982,150.5,105.52702201995851,106.31015599218522,170.56666666666666,144.14559270777818,145.2153216590497,PPG
TE,2023,00-0034383,Dalton Schultz,15.0,12.445468089864752,10.033333333333333,8.479152512222246,8.542077744649982,150.5,105.52702201995851,106.31015599218522,170.56666666666666,144.14559270777818,145.2153216590497,SEASON
TE,2023,00-0034613,Tanner Hudson,12.0,8.521796046430989,6.683333333333334,4.429543519378966,5.019775948822211,80.2,37.747666450937686,42.77750683464249,113.61666666666667,75.30223982944243,85.33619112997759,PPG
TE,2023,00-0034613,Tanner Hudson,12.0,8.521796046430989,6.683333333333334,4.429543519378966,5.019775948822211,80.2,37.747666450937686,42.77750683464249,113.61666666666667,75.30223982944243,85.33619112997759,SEASON
TE,2023,00-0034753,Mark Andrews,10.0,12.445468089864752,13.54,11.995069972934973,11.394218302727113,135.39999999999998,149.28426058385705,141.8063802955432,230.17999999999998,203.91618953989453,193.70171114636094,PPG
TE,2023,00-0034753,Mark Andrews,10.0,12.445468089864752,13.54,11.995069972934973,11.394218302727113,135.39999999999998,149.28426058385705,141.8063802955432,230.17999999999998,203.91618953989453,193.70171114636094,SEASON
TE,2023,00-0034798,Durham Smythe,13.0,11.573540969101694,5.507692307692308,5.35618178409804,3.4015150960811,71.6,61.989989316214874,39.36757432151249,93.63076923076923,91.05509032966668,57.825756633378695,PPG
TE,2023,00-0034798,Durham Smythe,13.0,11.573540969101694,5.507692307692308,5.35618178409804,3.4015150960811,71.6,61.989989316214874,39.36757432151249,93.63076923076923,91.05509032966668,57.825756633378695,SEASON
TE,2023,00-0034829,Mike Gesicki,15.0,13.317395210627812,4.36,5.9754830013183975,4.736378591046131,65.4,79.57786870294552,63.07622556411785,74.12,101.58321102241275,80.51843604778423,PPG
TE,2023,00-0034829,Mike Gesicki,15.0,13.317395210627812,4.36,5.9754830013183975,4.736378591046131,65.4,79.57786870294552,63.07622556411785,74.12,101.58321102241275,80.51843604778423,SEASON
TE,2023,00-0034830,Hayden Hurst,9.0,11.573540969101694,4.71111111111111,6.937614883362942,7.257638075335709,42.39999999999999,80.29277008045068,83.9965716038102,80.08888888888887,117.93945301717001,123.37984728070705,PPG
TE,2023,00-0034830,Hayden Hurst,9.0,11.573540969101694,4.71111111111111,6.937614883362942,7.257638075335709,42.39999999999999,80.29277008045068,83.9965716038102,80.08888888888887,117.93945301717001,123.37984728070705,SEASON
TE,2023,00-0034970,Irv Smith,10.0,9.393723167194047,3.3500000000000005,5.331879329611295,5.868488048452046,33.50000000000001,50.086198383252686,55.126952137145366,56.95000000000001,90.64194860339202,99.76429682368479,PPG
TE,2023,00-0034970,Irv Smith,10.0,9.393723167194047,3.3500000000000005,5.331879329611295,5.868488048452046,33.50000000000001,50.086198383252686,55.126952137145366,56.95000000000001,90.64194860339202,99.76429682368479,SEASON
TE,2023,00-0034981,Foster Moreau,13.0,12.009504529483223,3.5615384615384618,5.7736337953450985,5.358869478963449,46.300000000000004,69.33848121677437,64.35736728052093,60.54615384615385,98.15177452086667,91.10078114237862,PPG
TE,2023,00-0034981,Foster Moreau,13.0,12.009504529483223,3.5615384615384618,5.7736337953450985,5.358869478963449,46.300000000000004,69.33848121677437,64.35736728052093,60.54615384615385,98.15177452086667,91.10078114237862,SEASON
TE,2023,00-0035229,T.J. Hockenson,15.0,13.317395210627812,14.6,10.66514501085047,11.067189577426966,219.0,142.03195108815115,147.3861374735359,248.2,181.30746518445798,188.14222281625842,PPG
TE,2023,00-0035229,T.J. Hockenson,15.0,13.317395210627812,14.6,10.66514501085047,11.067189577426966,219.0,142.03195108815115,147.3861374735359,248.2,181.30746518445798,188.14222281625842,SEASON
TE,2023,00-0035249,Josh Oliver,13.0,11.137577408720164,4.1,4.083079214582832,4.375464054299416,53.3,45.47561081835262,48.73206960383231,69.69999999999999,69.41234664790815,74.38288892309006,PPG
TE,2023,00-0035249,Josh Oliver,13.0,11.137577408720164,4.1,4.083079214582832,4.375464054299416,53.3,45.47561081835262,48.73206960383231,69.69999999999999,69.41234664790815,74.38288892309006,SEASON
TE,2023,00-0035259,Trevon Wesco,6.0,8.521796046430989,0.5166666666666667,2.122387168626746,1.8994996482933637,3.1000000000000005,18.086550582599266,16.18714859302344,8.783333333333335,36.08058186665468,32.29149402098718,PPG
TE,2023,00-0035259,Trevon Wesco,6.0,8.521796046430989,0.5166666666666667,2.122387168626746,1.8994996482933637,3.1000000000000005,18.086550582599266,16.18714859302344,8.783333333333335,36.08058186665468,32.29149402098718,SEASON
TE,2023,00-0035329,Donald Parham,14.0,8.521796046430989,5.678571428571429,3.6423731203652796,4.262048829491243,79.5,31.039560856755344,36.3203108648543,96.53571428571429,61.92034304620975,72.45483010135113,PPG
TE,2023,00-0035329,Donald Parham,14.0,8.521796046430989,5.678571428571429,3.6423731203652796,4.262048829491243,79.5,31.039560856755344,36.3203108648543,96.53571428571429,61.92034304620975,72.45483010135113,SEASON
TE,2023,00-0035562,Jesper Horsted,5.0,8.08583248604946,0.28,1.570289851865216,2.081744182935381,1.4000000000000001,12.697100696725558,16.832634742023394,4.760000000000001,26.69492748170867,35.38965110990148,PPG
TE,2023,00-0035562,Jesper Horsted,5.0,8.08583248604946,0.28,1.570289851865216,2.081744182935381,1.4000000000000001,12.697100696725558,16.832634742023394,4.760000000000001,26.69492748170867,35.38965110990148,SEASON
TE,2023,00-0035572,Parker Hesse,1.0,11.137577408720164,0.0,2.3559020896498324,2.4366851573066133,0.0,26.2390418908406,27.138769560181874,0.0,40.05033552404715,41.423647674212425,PPG
TE,2023,00-0035572,Parker Hesse,1.0,11.137577408720164,0.0,2.3559020896498324,2.4366851573066133,0.0,26.2390418908406,27.138769560181874,0.0,40.05033552404715,41.423647674212425,SEASON
TE,2023,00-0035644,Noah Fant,15.0,13.317395210627812,4.8933333333333335,6.482736042435439,5.862516928610705,73.4,86.33315792329401,78.07345486730468,83.18666666666667,110.20651272140246,99.66278778638198,PPG
TE,2023,00-0035644,Noah Fant,15.0,13.317395210627812,4.8933333333333335,6.482736042435439,5.862516928610705,73.4,86.33315792329401,78.07345486730468,83.18666666666667,110.20651272140246,99.66278778638198,SEASON
TE,2023,00-0035689,Dawson Knox,10.0,12.445468089864752,5.460000000000001,7.855601093367459,7.661478396054926,54.60000000000001,97.76663273421137,95.35068489928977,92.82000000000002,133.5452185872468,130.24513273293374,PPG
TE,2023,00-0035689,Dawson Knox,10.0,12.445468089864752,5.460000000000001,7.855601093367459,7.661478396054926,54.60000000000001,97.76663273421137,95.35068489928977,92.82000000000002,133.5452185872468,130.24513273293374,SEASON
TE,2023,00-0035771,Mitchell Wilcox,12.0,9.829686727575577,1.2166666666666668,3.3050650359486786,3.820820880885823,14.600000000000001,32.48775391763883,37.557472301287,20.683333333333337,56.18610561112754,64.95395497505899,PPG
TE,2023,00-0035771,Mitchell Wilcox,12.0,9.829686727575577,1.2166666666666668,3.3050650359486786,3.820820880885823,14.600000000000001,32.48775391763883,37.557472301287,20.683333333333337,56.18610561112754,64.95395497505899,SEASON
TE,2023,00-0035956,Giovanni Ricci,2.0,10.701613848338635,0.6,2.6394326095661853,2.4317438611290667,1.2,28.24618856629007,26.023583779871284,10.2,44.87035436262515,41.33964563919413,PPG
TE,2023,00-0035956,Giovanni Ricci,2.0,10.701613848338635,0.6,2.6394326095661853,2.4317438611290667,1.2,28.24618856629007,26.023583779871284,10.2,44.87035436262515,41.33964563919413,SEASON
TE,2023,00-0036032,Sean McKeon,8.0,7.213905365286401,0.0,1.3452543647658324,1.946954063175973,0.0,9.704537679659188,14.04514236231131,0.0,22.86932420101915,33.098219073991544,PPG
TE,2023,00-0036032,Sean McKeon,8.0,7.213905365286401,0.0,1.3452543647658324,1.946954063175973,0.0,9.704537679659188,14.04514236231131,0.0,22.86932420101915,33.098219073991544,SEASON
TE,2023,00-0036040,Juwan Johnson,13.0,12.881431650246281,7.523076923076923,8.202008586493543,8.329283670553412,97.8,105.65361300164969,107.29309829774624,127.8923076923077,139.43414597039023,141.59782239940802,PPG
TE,2023,00-0036040,Juwan Johnson,13.0,12.881431650246281,7.523076923076923,8.202008586493543,8.329283670553412,97.8,105.65361300164969,107.29309829774624,127.8923076923077,139.43414597039023,141.59782239940802,SEASON
TE,2023,00-0036145,Lawrence Cager,5.0,8.521796046430989,2.72,5.001197109699901,5.3083230232147995,13.600000000000001,42.61918175686271,45.23644615241047,46.24,85.02035086489832,90.24149139465159,PPG
TE,2023,00-0036145,Lawrence Cager,5.0,8.521796046430989,2.72,5.001197109699901,5.3083230232147995,13.600000000000001,42.61918175686271,45.23644615241047,46.24,85.02035086489832,90.24149139465159,SEASON
TE,2023,00-0036232,Harrison Bryant,14.0,12.009504529483223,2.707142857142857,4.531855884466441,4.469893985560996,37.9,54.42534377146492,53.6812120659046,46.021428571428565,77.04155003592949,75.98819775453694,PPG
TE,2023,00-0036232,Harrison Bryant,14.0,12.009504529483223,2.707142857142857,4.531855884466441,4.469893985560996,37.9,54.42534377146492,53.6812120659046,46.021428571428565,77.04155003592949,75.98819775453694,SEASON
TE,2023,00-0036244,Colby Parkinson,15.0,12.009504529483223,4.113333333333333,5.50399808365507,5.07396974143371,61.7,66.10028991592254,60.935862592208956,69.92666666666666,93.56796742213618,86.25748560437307,PPG
TE,2023,00-0036244,Colby Parkinson,15.0,12.009504529483223,4.113333333333333,5.50399808365507,5.07396974143371,61.7,66.10028991592254,60.935862592208956,69.92666666666666,93.56796742213618,86.25748560437307,SEASON
TE,2023,00-0036290,Cole Kmet,16.0,13.317395210627812,11.31875,8.099960105067035,8.168817756063053,181.1,107.87036990949608,108.78737446108552,192.41875,137.6993217861396,138.8699018530719,PPG
TE,2023,00-0036290,Cole Kmet,16.0,13.317395210627812,11.31875,8.099960105067035,8.168817756063053,181.1,107.87036990949608,108.78737446108552,192.41875,137.6993217861396,138.8699018530719,SEASON
TE,2023,00-0036332,Josiah Deguara,9.0,9.829686727575577,1.6111111111111112,3.044515485911598,3.3037141232112632,14.5,29.926633463763547,32.47447486863374,27.38888888888889,51.756763260497166,56.163140094591476,PPG
TE,2023,00-0036332,Josiah Deguara,9.0,9.829686727575577,1.6111111111111112,3.044515485911598,3.3037141232112632,14.5,29.926633463763547,32.47447486863374,27.38888888888889,51.756763260497166,56.163140094591476,SEASON
TE,2023,00-0036422,Adam Trautman,16.0,11.137577408720164,3.7750000000000004,3.8535865043953,3.816631047903573,60.400000000000006,42.919617993902,42.508023736550804,64.17500000000001,65.5109705747201,64.88272781436075,PPG
TE,2023,00-0036422,Adam Trautman,16.0,11.137577408720164,3.7750000000000004,3.8535865043953,3.816631047903573,60.400000000000006,42.919617993902,42.508023736550804,64.17500000000001,65.5109705747201,64.88272781436075,SEASON
TE,2023,00-0036423,Albert Okwuegbunam,1.0,8.521796046430989,0.0,3.8717882144648477,4.18521378272556,0.0,32.994589498644636,35.66553826709916,0.0,65.82039964590241,71.14863430633451,PPG
TE,2023,00-0036423,Albert Okwuegbunam,1.0,8.521796046430989,0.0,3.8717882144648477,4.18521378272556,0.0,32.994589498644636,35.66553826709916,0.0,65.82039964590241,71.14863430633451,SEASON
TE,2023,00-0036424,Brycen Hopkins,5.0,8.957759606812518,2.56,3.4496292554472743,3.491212092096955,12.8,30.900949602924335,31.273438657401528,43.52,58.643697342603666,59.35060556564824,PPG
TE,2023,00-0036424,Brycen Hopkins,5.0,8.957759606812518,2.56,3.4496292554472743,3.491212092096955,12.8,30.900949602924335,31.273438657401528,43.52,58.643697342603666,59.35060556564824,SEASON
TE,2023,00-0036429,Charlie Woerner,10.0,8.08583248604946,0.6200000000000001,1.9412540178387994,1.2860442861305146,6.200000000000001,15.696654801115002,10.398738667292402,10.540000000000003,33.00131830325959,21.86275286421875,PPG
TE,2023,00-0036429,Charlie Woerner,10.0,8.08583248604946,0.6200000000000001,1.9412540178387994,1.2860442861305146,6.200000000000001,15.696654801115002,10.398738667292402,10.540000000000003,33.00131830325959,21.86275286421875,SEASON
TE,2023,00-0036438,Stephen Sullivan,10.0,9.393723167194047,2.45,2.7315774489397087,1.897049552820678,24.5,25.659682365089754,17.82035833364671,41.650000000000006,46.43681663197505,32.249842397951525,PPG
TE,2023,00-0036438,Stephen Sullivan,10.0,9.393723167194047,2.45,2.7315774489397087,1.897049552820678,24.5,25.659682365089754,17.82035833364671,41.650000000000006,46.43681663197505,32.249842397951525,SEASON
TE,2023,00-0036510,Kenny Yeboah,3.0,7.213905365286401,1.6,0.6770796090593129,1.3744319552187878,4.800000000000001,4.884388224518996,9.91502205597389,27.200000000000003,11.510353354008318,23.365343238719394,PPG
TE,2023,00-0036510,Kenny Yeboah,3.0,7.213905365286401,1.6,0.6770796090593129,1.3744319552187878,4.800000000000001,4.884388224518996,9.91502205597389,27.200000000000003,11.510353354008318,23.365343238719394,SEASON
TE,2023,00-0036556,Brevin Jordan,10.0,9.829686727575577,5.09,3.9563638387416358,3.83077927394096,50.9,38.88981711513862,37.65536018532906,86.53,67.25818525860781,65.12324765699631,PPG
TE,2023,00-0036556,Brevin Jordan,10.0,9.829686727575577,5.09,3.9563638387416358,3.83077927394096,50.9,38.88981711513862,37.65536018532906,86.53,67.25818525860781,65.12324765699631,SEASON
TE,2023,00-0036590,Quintin Morris,2.0,9.829686727575577,5.3,2.2936908854519826,2.4188578709232953,10.6,22.54626285388843,23.776615109706434,90.1,38.9927450526837,41.12058380569602,PPG
TE,2023,00-0036590,Quintin Morris,2.0,9.829686727575577,5.3,2.2936908854519826,2.4188578709232953,10.6,22.54626285388843,23.776615109706434,90.1,38.9927450526837,41.12058380569602,SEASON
TE,2023,00-0036628,John Bates,15.0,9.829686727575577,2.2733333333333334,3.780395043406216,3.5075379287258754,34.1,37.16009898316258,34.477999024464665,38.64666666666667,64.26671573790567,59.62814478833988,PPG
TE,2023,00-0036628,John Bates,15.0,9.829686727575577,2.2733333333333334,3.780395043406216,3.5075379287258754,34.1,37.16009898316258,34.477999024464665,38.64666666666667,64.26671573790567,59.62814478833988,SEASON
TE,2023,00-0036637,Noah Gray,16.0,13.317395210627812,4.4125,7.721253849290879,4.156079494689135,70.6,102.8269890325879,55.34815315756154,75.01249999999999,131.26131543794494,70.6533514097153,PPG
TE,2023,00-0036637,Noah Gray,16.0,13.317395210627812,4.4125,7.721253849290879,4.156079494689135,70.6,102.8269890325879,55.34815315756154,75.01249999999999,131.26131543794494,70.6533514097153,SEASON
TE,2023,00-0036741,Jack Stoll,6.0,9.829686727575577,1.4666666666666668,2.9480693354866534,3.2862984407070344,8.8,28.97859801900571,32.30328416547025,24.933333333333337,50.117178703273105,55.867073492019586,PPG
TE,2023,00-0036741,Jack Stoll,6.0,9.829686727575577,1.4666666666666668,2.9480693354866534,3.2862984407070344,8.8,28.97859801900571,32.30328416547025,24.933333333333337,50.117178703273105,55.867073492019586,SEASON
TE,2023,00-0036754,Brock Wright,9.0,12.009504529483223,3.1222222222222222,4.286476380431147,3.90311410725382,28.1,51.47845750631072,46.874466550154615,53.077777777777776,72.87009846732951,66.35293982331494,PPG
TE,2023,00-0036754,Brock Wright,9.0,12.009504529483223,3.1222222222222222,4.286476380431147,3.90311410725382,28.1,51.47845750631072,46.874466550154615,53.077777777777776,72.87009846732951,66.35293982331494,SEASON
TE,2023,00-0036876,Kylen Granson,15.0,11.573540969101694,4.866666666666667,5.207040409104385,4.996608227601462,73.0,60.26389550253765,57.828450028696125,82.73333333333335,88.51968695477454,84.94233986922485,PPG
TE,2023,00-0036876,Kylen Granson,15.0,11.573540969101694,4.866666666666667,5.207040409104385,4.996608227601462,73.0,60.26389550253765,57.828450028696125,82.73333333333335,88.51968695477454,84.94233986922485,SEASON
TE,2023,00-0036887,Luke Farrell,10.0,7.64986892566793,2.85,1.8310786444456235,2.823982081844269,28.5,14.007511622598733,21.603092774543505,48.45,31.128336955575598,48.00769539135258,PPG
TE,2023,00-0036887,Luke Farrell,10.0,7.64986892566793,2.85,1.8310786444456235,2.823982081844269,28.5,14.007511622598733,21.603092774543505,48.45,31.128336955575598,48.00769539135258,SEASON
TE,2023,00-0036894,Pat Freiermuth,11.0,12.445468089864752,6.981818181818182,8.99845023567448,9.353468082018422,76.80000000000001,111.98992526632271,116.40828854432873,118.6909090909091,152.97365400646618,159.00895739431317,PPG
TE,2023,00-0036894,Pat Freiermuth,11.0,12.445468089864752,6.981818181818182,8.99845023567448,9.353468082018422,76.80000000000001,111.98992526632271,116.40828854432873,118.6909090909091,152.97365400646618,159.00895739431317,SEASON
TE,2023,00-0036970,Kyle Pitts,17.0,10.265650287957106,8.100000000000001,9.15213409806222,10.421906401892995,137.70000000000002,93.95260803919447,106.98764645565484,137.70000000000002,155.58627966705774,177.1724088321809,PPG
TE,2023,00-0036970,Kyle Pitts,17.0,10.265650287957106,8.100000000000001,9.15213409806222,10.421906401892995,137.70000000000002,93.95260803919447,106.98764645565484,137.70000000000002,155.58627966705774,177.1724088321809,SEASON
TE,2023,00-0037005,Tommy Tremble,15.0,12.445468089864752,4.026666666666667,4.50151737521975,4.086140674511629,60.400000000000006,56.02349084926914,50.853933375332915,68.45333333333335,76.52579537873575,69.46439146669769,PPG
TE,2023,00-0037005,Tommy Tremble,15.0,12.445468089864752,4.026666666666667,4.50151737521975,4.086140674511629,60.400000000000006,56.02349084926914,50.853933375332915,68.45333333333335,76.52579537873575,69.46439146669769,SEASON
TE,2023,00-0037011,Tre' McKitty,1.0,11.573540969101694,0.0,2.642443792538242,2.165940575179904,0.0,30.5824314914898,25.06760198348431,0.0,44.921544473150114,36.82098977805837,PPG
TE,2023,00-0037011,Tre' McKitty,1.0,11.573540969101694,0.0,2.642443792538242,2.165940575179904,0.0,30.5824314914898,25.06760198348431,0.0,44.921544473150114,36.82098977805837,SEASON
TE,2023,00-0037078,Cole Turner,8.0,8.957759606812518,2.875,2.2413876760434506,1.9103043961091775,23.0,20.077811987669403,17.11204755618317,48.875,38.10359049273866,32.475174733856015,PPG
TE,2023,00-0037078,Cole Turner,8.0,8.957759606812518,2.875,2.2413876760434506,1.9103043961091775,23.0,20.077811987669403,17.11204755618317,48.875,38.10359049273866,32.475174733856015,SEASON
TE,2023,00-0037086,Grant Calcaterra,3.0,8.521796046430989,2.6333333333333333,3.3117850187617406,2.992242721313834,7.9,28.22235647951318,25.499282192454135,44.766666666666666,56.30034531894959,50.86812626233518,PPG
TE,2023,00-0037086,Grant Calcaterra,3.0,8.521796046430989,2.6333333333333333,3.3117850187617406,2.992242721313834,7.9,28.22235647951318,25.499282192454135,44.766666666666666,56.30034531894959,50.86812626233518,SEASON
TE,2023,00-0037252,Greg Dulcich,2.0,10.265650287957106,2.75,8.442453089904864,8.015314562674533,5.5,86.66727099344624,82.28241624838661,46.75,143.5217025283827,136.26034756546704,PPG
TE,2023,00-0037252,Greg Dulcich,2.0,10.265650287957106,2.75,8.442453089904864,8.015314562674533,5.5,86.66727099344624,82.28241624838661,46.75,143.5217025283827,136.26034756546704,SEASON
TE,2023,00-0037277,Teagan Quitoriano,3.0,8.957759606812518,1.7666666666666666,3.866416159305991,3.714912805263631,5.3,34.6344264949584,33.27729586982113,30.03333333333333,65.72907470820185,63.153517689481724,PPG
TE,2023,00-0037277,Teagan Quitoriano,3.0,8.957759606812518,1.7666666666666666,3.866416159305991,3.714912805263631,5.3,34.6344264949584,33.27729586982113,30.03333333333333,65.72907470820185,63.153517689481724,SEASON
TE,2023,00-0037282,James Mitchell,2.0,9.393723167194047,2.4000000000000004,2.7308246998515644,3.3778709217470033,4.800000000000001,25.65261124854137,31.730784333405932,40.800000000000004,46.4240198974766,57.42380566969906,PPG
TE,2023,00-0037282,James Mitchell,2.0,9.393723167194047,2.4000000000000004,2.7308246998515644,3.3778709217470033,4.800000000000001,25.65261124854137,31.730784333405932,40.800000000000004,46.4240198974766,57.42380566969906,SEASON
TE,2023,00-0037311,Ko Kieft,10.0,11.573540969101694,0.7200000000000001,2.4390569920256575,2.027738008860017,7.200000000000001,28.22852602318289,23.4681089201461,12.240000000000002,41.463968864436175,34.47154615062029,PPG
TE,2023,00-0037311,Ko Kieft,10.0,11.573540969101694,0.7200000000000001,2.4390569920256575,2.027738008860017,7.200000000000001,28.22852602318289,23.4681089201461,12.240000000000002,41.463968864436175,34.47154615062029,SEASON
TE,2023,00-0037475,Stone Smartt,12.0,7.213905365286401,2.708333333333333,1.6359050781833346,2.757232921425339,32.5,11.801264420606026,19.89041736521455,46.041666666666664,27.81038632911669,46.87295966423076,PPG
TE,2023,00-0037475,Stone Smartt,12.0,7.213905365286401,2.708333333333333,1.6359050781833346,2.757232921425339,32.5,11.801264420606026,19.89041736521455,46.041666666666664,27.81038632911669,46.87295966423076,SEASON
TE,2023,00-0037569,Peyton Hendershot,8.0,11.137577408720164,0.9750000000000001,6.302523281523426,2.8754327666858126,7.800000000000001,70.19484091822818,32.025355022533624,16.575000000000003,107.14289578589823,48.88235703365881,PPG
TE,2023,00-0037569,Peyton Hendershot,8.0,11.137577408720164,0.9750000000000001,6.302523281523426,2.8754327666858126,7.800000000000001,70.19484091822818,32.025355022533624,16.575000000000003,107.14289578589823,48.88235703365881,SEASON
TE,2023,00-0037744,Trey McBride,17.0,11.137577408720164,10.676470588235293,5.5385445780079845,5.9470610350035225,181.5,61.68596896921128,66.23585263173518,181.5,94.15525782613574,101.10003759505989,PPG
TE,2023,00-0037744,Trey McBride,17.0,11.137577408720164,10.676470588235293,5.5385445780079845,5.9470610350035225,181.5,61.68596896921128,66.23585263173518,181.5,94.15525782613574,101.10003759505989,SEASON
TE,2023,00-0037809,Chig Okonkwo,17.0,12.881431650246281,6.670588235294117,6.70083874855434,5.9817225189851015,113.39999999999999,86.31639633882456,77.0531497790456,113.39999999999999,113.91425872542379,101.68928282274672,PPG
TE,2023,00-0037809,Chig Okonkwo,17.0,12.881431650246281,6.670588235294117,6.70083874855434,5.9817225189851015,113.39999999999999,86.31639633882456,77.0531497790456,113.39999999999999,113.91425872542379,101.68928282274672,SEASON
TE,2023,00-0037838,Isaiah Likely,14.0,12.009504529483223,7.2214285714285715,7.303882674353501,6.521734308163753,101.1,87.7160120604624,78.32279771397872,122.76428571428572,124.16600546400952,110.8694832387838,PPG
TE,2023,00-0037838,Isaiah Likely,14.0,12.009504529483223,7.2214285714285715,7.303882674353501,6.521734308163753,101.1,87.7160120604624,78.32279771397872,122.76428571428572,124.16600546400952,110.8694832387838,SEASON
TE,2023,00-0038041,Jake Ferguson,17.0,10.701613848338635,10.41764705882353,3.4672392477515506,3.9342015483292045,177.1,37.10505554924122,42.10230577175511,177.1,58.94306721177636,66.88142632159648,PPG
TE,2023,00-0038041,Jake Ferguson,17.0,10.701613848338635,10.41764705882353,3.4672392477515506,3.9342015483292045,177.1,37.10505554924122,42.10230577175511,177.1,58.94306721177636,66.88142632159648,SEASON
TE,2023,00-0038115,Daniel Bellinger,14.0,10.701613848338635,3.6071428571428577,8.60381990756147,6.262442198112253,50.50000000000001,92.07475827137145,67.01823815173833,61.321428571428584,146.26493842854498,106.4615173679083,PPG
TE,2023,00-0038115,Daniel Bellinger,14.0,10.701613848338635,3.6071428571428577,8.60381990756147,6.262442198112253,50.50000000000001,92.07475827137145,67.01823815173833,61.321428571428584,146.26493842854498,106.4615173679083,SEASON
TE,2023,00-0038129,Cade Otton,17.0,12.881431650246281,6.970588235294118,5.682568763428831,5.578807139763241,118.5,73.19962112393301,71.86302286076614,118.5,96.60366897829013,94.8397213759751,PPG
TE,2023,00-0038129,Cade Otton,17.0,12.881431650246281,6.970588235294118,5.682568763428831,5.578807139763241,118.5,73.19962112393301,71.86302286076614,118.5,96.60366897829013,94.8397213759751,SEASON
TE,2024,00-0024243,Marcedes Lewis,5.0,8.042560500153657,0.24000000000000002,1.4369355674174435,2.111892049423117,1.2000000000000002,11.556641235777414,16.985019577278916,4.08,24.42790464609654,35.90216484019299,PPG
TE,2024,00-0024243,Marcedes Lewis,5.0,8.042560500153657,0.24000000000000002,1.4369355674174435,2.111892049423117,1.2000000000000002,11.556641235777414,16.985019577278916,4.08,24.42790464609654,35.90216484019299,SEASON
TE,2024,00-0030061,Zach Ertz,17.0,8.549219721977895,10.435294117647059,6.399475465382026,6.9023093372628415,177.4,54.710521858957684,59.00935911331966,177.4,108.79108291149444,117.3392587334683,PPG
TE,2024,00-0030061,Zach Ertz,17.0,8.549219721977895,10.435294117647059,6.399475465382026,6.9023093372628415,177.4,54.710521858957684,59.00935911331966,177.4,108.79108291149444,117.3392587334683,SEASON
TE,2024,00-0030506,Travis Kelce,16.0,12.602493496571796,12.2125,11.228303391249291,11.258216504029251,195.4,141.50462046575424,141.8816002750259,207.6125,190.88115765123794,191.38968056849728,PPG
TE,2024,00-0030506,Travis Kelce,16.0,12.602493496571796,12.2125,11.228303391249291,11.258216504029251,195.4,141.50462046575424,141.8816002750259,207.6125,190.88115765123794,191.38968056849728,SEASON
TE,2024,00-0031484,Chris Manhertz,8.0,8.549219721977895,1.5,1.5267813721102519,1.5270095562475763,12.0,13.052789417593438,13.054740213920493,25.5,25.955283325874284,25.959162456208798,PPG
TE,2024,00-0031484,Chris Manhertz,8.0,8.549219721977895,1.5,1.5267813721102519,1.5270095562475763,12.0,13.052789417593438,13.054740213920493,25.5,25.955283325874284,25.959162456208798,SEASON
TE,2024,00-0031585,MyCole Pruitt,7.0,10.069197387450608,2.2857142857142856,2.636061120059473,2.5397415458193047,16.0,26.543019743262967,25.57315893796351,38.857142857142854,44.81303904101104,43.17560627892818,PPG
TE,2024,00-0031585,MyCole Pruitt,7.0,10.069197387450608,2.2857142857142856,2.636061120059473,2.5397415458193047,16.0,26.543019743262967,25.57315893796351,38.857142857142854,44.81303904101104,43.17560627892818,SEASON
TE,2024,00-0032134,C.J. Uzomah,2.0,9.055878943802133,0.0,2.3461709131781903,2.6091977086244826,0.0,21.246639771211395,23.628578589749225,0.0,39.884905524029236,44.35636104661621,PPG
TE,2024,00-0032134,C.J. Uzomah,2.0,9.055878943802133,0.0,2.3461709131781903,2.6091977086244826,0.0,21.246639771211395,23.628578589749225,0.0,39.884905524029236,44.35636104661621,SEASON
TE,2024,00-0032141,Geoff Swaim,3.0,9.055878943802133,0.5666666666666667,2.3837647337256915,2.9784419569141205,1.7,21.587084859124587,26.972409802955404,9.633333333333333,40.524000473336756,50.633513267540046,PPG
TE,2024,00-0032141,Geoff Swaim,3.0,9.055878943802133,0.5666666666666667,2.3837647337256915,2.9784419569141205,1.7,21.587084859124587,26.972409802955404,9.633333333333333,40.524000473336756,50.633513267540046,SEASON
TE,2024,00-0032392,Austin Hooper,17.0,13.109152718396032,6.3882352941176475,4.281151440619961,3.504438555570365,108.60000000000001,56.12226804566826,45.94022021720712,108.60000000000001,72.77957449053935,59.57545544469621,PPG
TE,2024,00-0032392,Austin Hooper,17.0,13.109152718396032,6.3882352941176475,4.281151440619961,3.504438555570365,108.60000000000001,56.12226804566826,45.94022021720712,108.60000000000001,72.77957449053935,59.57545544469621,SEASON
TE,2024,00-0033090,Hunter Henry,16.0,11.58917505292332,9.0875,7.7445566831086445,7.576621103529645,145.4,89.75302310783327,87.80678827847811,154.4875,131.65746361284695,128.80255876000396,PPG
TE,2024,00-0033090,Hunter Henry,16.0,11.58917505292332,9.0875,7.7445566831086445,7.576621103529645,145.4,89.75302310783327,87.80678827847811,154.4875,131.65746361284695,128.80255876000396,SEASON
TE,2024,00-0033110,Tyler Higbee,3.0,12.602493496571796,8.866666666666667,7.018749670418723,6.545692738716198,26.6,88.4537470755174,82.49205017022811,150.73333333333335,119.3187443971183,111.27677655817537,PPG
TE,2024,00-0033110,Tyler Higbee,3.0,12.602493496571796,8.866666666666667,7.018749670418723,6.545692738716198,26.6,88.4537470755174,82.49205017022811,150.73333333333335,119.3187443971183,111.27677655817537,SEASON
TE,2024,00-0033217,Mo Alie-Cox,12.0,12.095834274747558,2.725,4.25640484302462,3.4814502246589045,32.7,51.4847675874587,42.111044953256766,46.325,72.35888233141854,59.18465381920138,PPG
TE,2024,00-0033217,Mo Alie-Cox,12.0,12.095834274747558,2.725,4.25640484302462,3.4814502246589045,32.7,51.4847675874587,42.111044953256766,46.325,72.35888233141854,59.18465381920138,SEASON
TE,2024,00-0033246,Johnny Mundt,14.0,10.069197387450608,3.2285714285714286,4.425747045535163,4.238103314167425,45.2,44.563720588419905,42.6742988187604,54.885714285714286,75.23769977409776,72.04775634084623,PPG
TE,2024,00-0033246,Johnny Mundt,14.0,10.069197387450608,3.2285714285714286,4.425747045535163,4.238103314167425,45.2,44.563720588419905,42.6742988187604,54.885714285714286,75.23769977409776,72.04775634084623,SEASON
TE,2024,00-0033288,George Kittle,15.0,13.109152718396032,15.773333333333333,10.396236908618778,10.36712129382581,236.6,136.28585733170902,135.90417629089802,268.14666666666665,176.73602744651924,176.2410619950388,PPG
TE,2024,00-0033288,George Kittle,15.0,13.109152718396032,15.773333333333333,10.396236908618778,10.36712129382581,236.6,136.28585733170902,135.90417629089802,268.14666666666665,176.73602744651924,176.2410619950388,SEASON
TE,2024,00-0033357,Taysom Hill,8.0,13.109152718396032,12.9375,7.596175672787044,7.988175299391097,103.5,99.57942697033009,104.71820994103683,219.9375,129.13498643737975,135.79898008964864,PPG
TE,2024,00-0033357,Taysom Hill,8.0,13.109152718396032,12.9375,7.596175672787044,7.988175299391097,103.5,99.57942697033009,104.71820994103683,219.9375,129.13498643737975,135.79898008964864,SEASON
TE,2024,00-0033439,Pharaoh Brown,10.0,10.575856609274846,1.25,3.555544096638761,3.3212313296526745,12.5,37.6029245340052,35.12486630863792,21.25,60.444249642858935,56.46093260409547,PPG
TE,2024,00-0033439,Pharaoh Brown,10.0,10.575856609274846,1.25,3.555544096638761,3.3212313296526745,12.5,37.6029245340052,35.12486630863792,21.25,60.444249642858935,56.46093260409547,SEASON
TE,2024,00-0033576,Eric Saubert,12.0,6.522582834680945,2.225,0.9428608733229714,2.0974200592201586,26.700000000000003,6.149888147828698,13.680596075384898,37.825,16.028634846490515,35.65614100674269,PPG
TE,2024,00-0033576,Eric Saubert,12.0,6.522582834680945,2.225,0.9428608733229714,2.0974200592201586,26.700000000000003,6.149888147828698,13.680596075384898,37.825,16.028634846490515,35.65614100674269,SEASON
TE,2024,00-0033858,Jonnu Smith,17.0,13.61581194022027,13.08235294117647,7.12889686735517,6.888958050271253,222.4,97.0657190871334,93.79875727655987,222.4,121.19124674503789,117.1122868546113,PPG
TE,2024,00-0033858,Jonnu Smith,17.0,13.61581194022027,13.08235294117647,7.12889686735517,6.888958050271253,222.4,97.0657190871334,93.79875727655987,222.4,121.19124674503789,117.1122868546113,SEASON
TE,2024,00-0033881,Evan Engram,9.0,13.61581194022027,9.944444444444446,11.824732521167665,11.704903526086675,89.50000000000001,161.00333425162563,159.3717651896173,169.0555555555556,201.0204528598503,198.98335994347346,PPG
TE,2024,00-0033881,Evan Engram,9.0,13.61581194022027,9.944444444444446,11.824732521167665,11.704903526086675,89.50000000000001,161.00333425162563,159.3717651896173,169.0555555555556,201.0204528598503,198.98335994347346,SEASON
TE,2024,00-0033885,David Njoku,11.0,13.109152718396032,13.5,11.070517245095028,10.544007385815826,148.5,145.12510123758764,138.2230030845554,229.5,188.19879316661547,179.24812555886905,PPG
TE,2024,00-0033885,David Njoku,11.0,13.109152718396032,13.5,11.070517245095028,10.544007385815826,148.5,145.12510123758764,138.2230030845554,229.5,188.19879316661547,179.24812555886905,SEASON
TE,2024,00-0033895,Gerald Everett,10.0,12.602493496571796,1.1600000000000001,7.449697882178022,8.20935570972094,11.600000000000001,93.8847691115732,103.4583519428027,19.720000000000002,126.64486399702636,139.55904706525598,PPG
TE,2024,00-0033895,Gerald Everett,10.0,12.602493496571796,1.1600000000000001,7.449697882178022,8.20935570972094,11.600000000000001,93.8847691115732,103.4583519428027,19.720000000000002,126.64486399702636,139.55904706525598,SEASON
TE,2024,00-0034159,Will Dissly,15.0,11.58917505292332,7.340000000000001,3.4440249859998,3.0428059842585635,110.10000000000001,39.913408449393465,35.26361120365513,124.78000000000002,58.5484247619966,51.72770173239558,PPG
TE,2024,00-0034159,Will Dissly,15.0,11.58917505292332,7.340000000000001,3.4440249859998,3.0428059842585635,110.10000000000001,39.913408449393465,35.26361120365513,124.78000000000002,58.5484247619966,51.72770173239558,SEASON
TE,2024,00-0034270,Tyler Conklin,16.0,13.61581194022027,7.61875,7.616119102736974,7.207250506115904,121.9,103.69964541718578,98.13256749733151,129.51875,129.47402474652856,122.52325860397036,PPG
TE,2024,00-0034270,Tyler Conklin,16.0,13.61581194022027,7.61875,7.616119102736974,7.207250506115904,121.9,103.69964541718578,98.13256749733151,129.51875,129.47402474652856,122.52325860397036,SEASON
TE,2024,00-0034351,Dallas Goedert,10.0,12.095834274747558,10.360000000000001,9.263894147726557,9.480520610281662,103.60000000000001,112.0545283497042,114.67480614029556,176.12000000000003,157.48620051135146,161.16885037478826,PPG
TE,2024,00-0034351,Dallas Goedert,10.0,12.095834274747558,10.360000000000001,9.263894147726557,9.480520610281662,103.60000000000001,112.0545283497042,114.67480614029556,176.12000000000003,157.48620051135146,161.16885037478826,SEASON
TE,2024,00-0034364,Jordan Akins,16.0,11.58917505292332,5.6875,3.5350721991198997,2.474348393894739,91.0,40.96857054032312,28.675656678765794,96.6875,60.0962273850383,42.06392269621056,PPG
TE,2024,00-0034364,Jordan Akins,16.0,11.58917505292332,5.6875,3.5350721991198997,2.474348393894739,91.0,40.96857054032312,28.675656678765794,96.6875,60.0962273850383,42.06392269621056,SEASON
TE,2024,00-0034365,Ian Thomas,3.0,9.055878943802133,1.2333333333333334,2.441348997798166,2.098198808779151,3.7,22.108560983632852,19.001034412333834,20.96666666666667,41.50293296256882,35.66937974924557,PPG
TE,2024,00-0034365,Ian Thomas,3.0,9.055878943802133,1.2333333333333334,2.441348997798166,2.098198808779151,3.7,22.108560983632852,19.001034412333834,20.96666666666667,41.50293296256882,35.66937974924557,SEASON
TE,2024,00-0034383,Dalton Schultz,17.0,12.602493496571796,6.952941176470588,8.86416927142505,7.999250086925229,118.2,111.71063559564575,100.81049719792657,118.2,150.69087761422585,135.98725147772888,PPG
TE,2024,00-0034383,Dalton Schultz,17.0,12.602493496571796,6.952941176470588,8.86416927142505,7.999250086925229,118.2,111.71063559564575,100.81049719792657,118.2,150.69087761422585,135.98725147772888,SEASON
TE,2024,00-0034613,Tanner Hudson,9.0,11.082515831099082,4.277777777777778,6.00598491212828,6.264759661610365,38.5,66.5614228700039,69.4292981278278,72.72222222222221,102.10174350618077,106.50091424737622,PPG
TE,2024,00-0034613,Tanner Hudson,9.0,11.082515831099082,4.277777777777778,6.00598491212828,6.264759661610365,38.5,66.5614228700039,69.4292981278278,72.72222222222221,102.10174350618077,106.50091424737622,SEASON
TE,2024,00-0034753,Mark Andrews,17.0,10.069197387450608,11.105882352941178,9.806764972924086,10.91689221646178,188.8,98.74625224470932,109.92434258507683,188.8,166.71500453970947,185.58716767985027,PPG
TE,2024,00-0034753,Mark Andrews,17.0,10.069197387450608,11.105882352941178,9.806764972924086,10.91689221646178,188.8,98.74625224470932,109.92434258507683,188.8,166.71500453970947,185.58716767985027,SEASON
TE,2024,00-0034798,Durham Smythe,14.0,11.58917505292332,1.0214285714285714,5.713651299416504,5.6560057821357725,14.299999999999999,66.21650510030065,65.54844110951795,17.364285714285714,97.13207209008056,96.15209829630814,PPG
TE,2024,00-0034798,Durham Smythe,14.0,11.58917505292332,1.0214285714285714,5.713651299416504,5.6560057821357725,14.299999999999999,66.21650510030065,65.54844110951795,17.364285714285714,97.13207209008056,96.15209829630814,SEASON
TE,2024,00-0034829,Mike Gesicki,16.0,12.602493496571796,8.84375,5.027261268522227,4.5962782796856,141.5,63.356027442118645,57.92456712817197,150.34375,85.46344156487785,78.1367307546552,PPG
TE,2024,00-0034829,Mike Gesicki,16.0,12.602493496571796,8.84375,5.027261268522227,4.5962782796856,141.5,63.356027442118645,57.92456712817197,150.34375,85.46344156487785,78.1367307546552,SEASON
TE,2024,00-0034830,Hayden Hurst,7.0,9.56253816562637,2.185714285714286,4.540420543527047,4.461834396686295,15.3,43.41794473547141,42.666461707017206,37.15714285714286,77.1871492399598,75.85118474366702,PPG
TE,2024,00-0034830,Hayden Hurst,7.0,9.56253816562637,2.185714285714286,4.540420543527047,4.461834396686295,15.3,43.41794473547141,42.666461707017206,37.15714285714286,77.1871492399598,75.85118474366702,SEASON
TE,2024,00-0034981,Foster Moreau,16.0,11.58917505292332,6.456250000000001,3.758256411884245,3.9162789494274635,103.30000000000001,43.555091451098,45.38644230099351,109.75625000000001,63.89035900203217,66.57674214026687,PPG
TE,2024,00-0034981,Foster Moreau,16.0,11.58917505292332,6.456250000000001,3.758256411884245,3.9162789494274635,103.30000000000001,43.555091451098,45.38644230099351,109.75625000000001,63.89035900203217,66.57674214026687,SEASON
TE,2024,00-0035229,T.J. Hockenson,10.0,12.602493496571796,8.649999999999999,11.264708354895584,11.656873844164023,86.49999999999999,141.96341378334958,146.90567681143497,147.04999999999998,191.50004203322493,198.16685535078838,PPG
TE,2024,00-0035229,T.J. Hockenson,10.0,12.602493496571796,8.649999999999999,11.264708354895584,11.656873844164023,86.49999999999999,141.96341378334958,146.90567681143497,147.04999999999998,191.50004203322493,198.16685535078838,SEASON
TE,2024,00-0035249,Josh Oliver,12.0,11.58917505292332,5.4833333333333325,3.9396654018729667,3.6646397509961948,65.79999999999998,45.65747199225131,42.47015158019623,93.21666666666665,66.97431183184044,62.29887576693531,PPG
TE,2024,00-0035249,Josh Oliver,12.0,11.58917505292332,5.4833333333333325,3.9396654018729667,3.6646397509961948,65.79999999999998,45.65747199225131,42.47015158019623,93.21666666666665,66.97431183184044,62.29887576693531,SEASON
TE,2024,00-0035631,Drew Sample,11.0,12.095834274747558,3.354545454545454,3.6804119210857476,3.6727131613379775,36.89999999999999,44.51765266025849,44.424529738228365,57.02727272727272,62.56700265845771,62.43612374274562,PPG
TE,2024,00-0035631,Drew Sample,11.0,12.095834274747558,3.354545454545454,3.6804119210857476,3.6727131613379775,36.89999999999999,44.51765266025849,44.424529738228365,57.02727272727272,62.56700265845771,62.43612374274562,SEASON
TE,2024,00-0035644,Noah Fant,14.0,12.602493496571796,7.428571428571429,5.707696336957654,5.032264626304685,104.0,71.9312059669155,63.41908222603309,126.28571428571429,97.03083772828012,85.54849864717964,PPG
TE,2024,00-0035644,Noah Fant,14.0,12.602493496571796,7.428571428571429,5.707696336957654,5.032264626304685,104.0,71.9312059669155,63.41908222603309,126.28571428571429,97.03083772828012,85.54849864717964,SEASON
TE,2024,00-0035689,Dawson Knox,14.0,10.069197387450608,4.2214285714285715,4.576017320718741,5.102021909320798,59.1,46.076821650709874,51.37326568004874,71.76428571428572,77.79229445221858,86.73437245845356,PPG
TE,2024,00-0035689,Dawson Knox,14.0,10.069197387450608,4.2214285714285715,4.576017320718741,5.102021909320798,59.1,46.076821650709874,51.37326568004874,71.76428571428572,77.79229445221858,86.73437245845356,SEASON
TE,2024,00-0036040,Juwan Johnson,15.0,11.58917505292332,8.186666666666667,7.123898826783196,7.264924277418599,122.80000000000001,82.56011056290552,84.1944791972366,139.17333333333335,121.10628005531433,123.50371271611618,PPG
TE,2024,00-0036040,Juwan Johnson,15.0,11.58917505292332,8.186666666666667,7.123898826783196,7.264924277418599,122.80000000000001,82.56011056290552,84.1944791972366,139.17333333333335,121.10628005531433,123.50371271611618,SEASON
TE,2024,00-0036232,Harrison Bryant,6.0,12.095834274747558,2.9333333333333336,3.172561261976758,2.691436071136929,17.6,38.37477525135483,32.555164677549975,49.866666666666674,53.93354145360489,45.754413209327794,PPG
TE,2024,00-0036232,Harrison Bryant,6.0,12.095834274747558,2.9333333333333336,3.172561261976758,2.691436071136929,17.6,38.37477525135483,32.555164677549975,49.866666666666674,53.93354145360489,45.754413209327794,SEASON
TE,2024,00-0036244,Colby Parkinson,16.0,12.602493496571796,4.0875,4.525097101631487,4.006686342875568,65.4,57.0275067946667,50.49423857889238,69.48750000000001,76.92665072773528,68.11366782888466,PPG
TE,2024,00-0036244,Colby Parkinson,16.0,12.602493496571796,4.0875,4.525097101631487,4.006686342875568,65.4,57.0275067946667,50.49423857889238,69.48750000000001,76.92665072773528,68.11366782888466,SEASON
TE,2024,00-0036290,Cole Kmet,16.0,13.109152718396032,7.525,9.638818482276264,9.319387087202337,120.4,126.35674350905781,122.1692685679834,127.92500000000001,163.8599141986965,158.42958048243972,PPG
TE,2024,00-0036290,Cole Kmet,16.0,13.109152718396032,7.525,9.638818482276264,9.319387087202337,120.4,126.35674350905781,122.1692685679834,127.92500000000001,163.8599141986965,158.42958048243972,SEASON
TE,2024,00-0036332,Josiah Deguara,7.0,9.56253816562637,0.6285714285714286,1.4585292697304135,1.9572138423935774,4.4,13.947241807480237,18.71593206618082,10.685714285714285,24.79499758541703,33.27263532069082,PPG
TE,2024,00-0036332,Josiah Deguara,7.0,9.56253816562637,0.6285714285714286,1.4585292697304135,1.9572138423935774,4.4,13.947241807480237,18.71593206618082,10.685714285714285,24.79499758541703,33.27263532069082,SEASON
TE,2024,00-0036422,Adam Trautman,13.0,13.109152718396032,3.3692307692307697,3.9686285937741936,3.6332742437051566,43.800000000000004,52.02535831837919,47.629146928545744,57.27692307692308,67.46668609416129,61.765662142987665,PPG
TE,2024,00-0036422,Adam Trautman,13.0,13.109152718396032,3.3692307692307697,3.9686285937741936,3.6332742437051566,43.800000000000004,52.02535831837919,47.629146928545744,57.27692307692308,67.46668609416129,61.765662142987665,SEASON
TE,2024,00-0036429,Charlie Woerner,12.0,10.069197387450608,0.9666666666666668,1.2272813631436508,1.4073518691295723,11.600000000000001,12.357738295432869,14.170903763863219,16.433333333333337,20.863783173442062,23.92498177520273,PPG
TE,2024,00-0036429,Charlie Woerner,12.0,10.069197387450608,0.9666666666666668,1.2272813631436508,1.4073518691295723,11.600000000000001,12.357738295432869,14.170903763863219,16.433333333333337,20.863783173442062,23.92498177520273,SEASON
TE,2024,00-0036438,Stephen Sullivan,1.0,10.069197387450608,0.0,3.747287968809666,3.561099886138811,0.0,37.732182225563385,35.85741766995957,0.0,63.70389546976432,60.538698064359785,PPG
TE,2024,00-0036438,Stephen Sullivan,1.0,10.069197387450608,0.0,3.747287968809666,3.561099886138811,0.0,37.732182225563385,35.85741766995957,0.0,63.70389546976432,60.538698064359785,SEASON
TE,2024,00-0036510,Kenny Yeboah,7.0,6.522582834680945,2.242857142857143,1.9879238248165776,1.7826469204766233,15.7,12.966397816401898,11.62746220379767,38.128571428571426,33.79470502188182,30.304997648102596,PPG
TE,2024,00-0036510,Kenny Yeboah,7.0,6.522582834680945,2.242857142857143,1.9879238248165776,1.7826469204766233,15.7,12.966397816401898,11.62746220379767,38.128571428571426,33.79470502188182,30.304997648102596,SEASON
TE,2024,00-0036556,Brevin Jordan,2.0,10.069197387450608,1.35,4.1794376238097355,4.774872140026416,2.7,42.08358240267776,48.079130077764674,22.950000000000003,71.0504396047655,81.17282638044907,PPG
TE,2024,00-0036556,Brevin Jordan,2.0,10.069197387450608,1.35,4.1794376238097355,4.774872140026416,2.7,42.08358240267776,48.079130077764674,22.950000000000003,71.0504396047655,81.17282638044907,SEASON
TE,2024,00-0036628,John Bates,13.0,12.602493496571796,1.1076923076923078,3.3957795748205335,3.0157444914294698,14.4,42.79529000746711,38.005900340562114,18.83076923076923,57.72825277194907,51.26765635430099,PPG
TE,2024,00-0036628,John Bates,13.0,12.602493496571796,1.1076923076923078,3.3957795748205335,3.0157444914294698,14.4,42.79529000746711,38.005900340562114,18.83076923076923,57.72825277194907,51.26765635430099,SEASON
TE,2024,00-0036637,Noah Gray,16.0,13.109152718396032,7.10625,5.280482918304664,4.124487716869829,113.7,69.22265700293741,54.06853936559516,120.80625,89.7682096111793,70.11629118678708,PPG
TE,2024,00-0036637,Noah Gray,16.0,13.109152718396032,7.10625,5.280482918304664,4.124487716869829,113.7,69.22265700293741,54.06853936559516,120.80625,89.7682096111793,70.11629118678708,SEASON
TE,2024,00-0036741,Jack Stoll,5.0,8.042560500153657,0.6000000000000001,2.151877041917272,2.5064477102575307,3.0000000000000004,17.30660129851135,20.158257350217795,10.200000000000001,36.58190971259363,42.60961107437802,PPG
TE,2024,00-0036741,Jack Stoll,5.0,8.042560500153657,0.6000000000000001,2.151877041917272,2.5064477102575307,3.0000000000000004,17.30660129851135,20.158257350217795,10.200000000000001,36.58190971259363,42.60961107437802,SEASON
TE,2024,00-0036754,Brock Wright,11.0,9.56253816562637,3.1818181818181817,2.334371450048725,2.908081153286061,35.0,22.322516083839503,27.808637017036705,54.090909090909086,39.68431465082833,49.437379605863036,PPG
TE,2024,00-0036754,Brock Wright,11.0,9.56253816562637,3.1818181818181817,2.334371450048725,2.908081153286061,35.0,22.322516083839503,27.808637017036705,54.090909090909086,39.68431465082833,49.437379605863036,SEASON
TE,2024,00-0036876,Kylen Granson,16.0,12.602493496571796,2.0125,5.504713309026156,5.208483207100513,32.2,69.37311367749435,65.63987574448763,34.212500000000006,93.58012625344466,88.54421452070872,PPG
TE,2024,00-0036876,Kylen Granson,16.0,12.602493496571796,2.0125,5.504713309026156,5.208483207100513,32.2,69.37311367749435,65.63987574448763,34.212500000000006,93.58012625344466,88.54421452070872,SEASON
TE,2024,00-0036887,Luke Farrell,12.0,10.069197387450608,1.5583333333333333,2.7312344174113394,3.098921560298306,18.7,27.50133846031344,31.20365287887006,26.491666666666667,46.43098509599277,52.6816665250712,PPG
TE,2024,00-0036887,Luke Farrell,12.0,10.069197387450608,1.5583333333333333,2.7312344174113394,3.098921560298306,18.7,27.50133846031344,31.20365287887006,26.491666666666667,46.43098509599277,52.6816665250712,SEASON
TE,2024,00-0036894,Pat Freiermuth,17.0,10.575856609274846,10.017647058823531,6.436641930337826,7.107201173596549,170.30000000000004,68.0730021004989,75.164740505227,170.30000000000004,109.42291281574305,120.82241995114133,PPG
TE,2024,00-0036894,Pat Freiermuth,17.0,10.575856609274846,10.017647058823531,6.436641930337826,7.107201173596549,170.30000000000004,68.0730021004989,75.164740505227,170.30000000000004,109.42291281574305,120.82241995114133,SEASON
TE,2024,00-0036970,Kyle Pitts,17.0,13.61581194022027,7.717647058823529,8.000803587644496,7.476671721834623,131.2,108.93743702000711,101.8009561032631,131.2,136.01366098995643,127.10341927118859,PPG
TE,2024,00-0036970,Kyle Pitts,17.0,13.61581194022027,7.717647058823529,8.000803587644496,7.476671721834623,131.2,108.93743702000711,101.8009561032631,131.2,136.01366098995643,127.10341927118859,SEASON
TE,2024,00-0037005,Tommy Tremble,10.0,12.602493496571796,5.64,4.568313114865754,4.350609257443215,56.4,57.57213632039931,54.82852487305316,95.88,77.66132295271782,73.96035737653465,PPG
TE,2024,00-0037005,Tommy Tremble,10.0,12.602493496571796,5.64,4.568313114865754,4.350609257443215,56.4,57.57213632039931,54.82852487305316,95.88,77.66132295271782,73.96035737653465,SEASON
TE,2024,00-0037086,Grant Calcaterra,15.0,6.522582834680945,3.986666666666667,1.8889717156832884,3.1896685853365705,59.800000000000004,12.320974487913631,20.804877563037365,67.77333333333334,32.112519166615904,54.2243659507217,PPG
TE,2024,00-0037086,Grant Calcaterra,15.0,6.522582834680945,3.986666666666667,1.8889717156832884,3.1896685853365705,59.800000000000004,12.320974487913631,20.804877563037365,67.77333333333334,32.112519166615904,54.2243659507217,SEASON
TE,2024,00-0037292,Andrew Ogletree,12.0,10.575856609274846,2.158333333333333,3.6889106411091643,3.3492237975715926,25.9,39.013389984798664,35.42091063548813,36.69166666666666,62.7114808988558,56.93680455871707,PPG
TE,2024,00-0037292,Andrew Ogletree,12.0,10.575856609274846,2.158333333333333,3.6889106411091643,3.3492237975715926,25.9,39.013389984798664,35.42091063548813,36.69166666666666,62.7114808988558,56.93680455871707,SEASON
TE,2024,00-0037306,John FitzPatrick,1.0,6.522582834680945,1.2,0.6048551866644293,1.2070232251831123,1.2,3.9452180580051452,7.872908969640601,20.4,10.282538173295297,20.519394828112908,PPG
TE,2024,00-0037306,John FitzPatrick,1.0,6.522582834680945,1.2,0.6048551866644293,1.2070232251831123,1.2,3.9452180580051452,7.872908969640601,20.4,10.282538173295297,20.519394828112908,SEASON
TE,2024,00-0037311,Ko Kieft,3.0,10.069197387450608,0.0,1.796482542477856,1.2879234859108202,0.0,18.089137323318653,12.96835579956951,0.0,30.540203222123555,21.894699260483943,PPG
TE,2024,00-0037311,Ko Kieft,3.0,10.069197387450608,0.0,1.796482542477856,1.2879234859108202,0.0,18.089137323318653,12.96835579956951,0.0,30.540203222123555,21.894699260483943,SEASON
TE,2024,00-0037451,Rod Williams,1.0,8.042560500153657,0.0,1.5872260483019207,0.7932159442037583,0.0,12.765361520888009,6.379487220945234,0.0,26.982842821132653,13.484671051463891,PPG
TE,2024,00-0037451,Rod Williams,1.0,8.042560500153657,0.0,1.5872260483019207,0.7932159442037583,0.0,12.765361520888009,6.379487220945234,0.0,26.982842821132653,13.484671051463891,SEASON
TE,2024,00-0037475,Stone Smartt,9.0,11.082515831099082,3.8666666666666667,3.5880915222623515,2.9754903257378995,34.8,39.765081098904915,32.97591864027243,65.73333333333333,60.99755587845998,50.58333553754429,PPG
TE,2024,00-0037475,Stone Smartt,9.0,11.082515831099082,3.8666666666666667,3.5880915222623515,2.9754903257378995,34.8,39.765081098904915,32.97591864027243,65.73333333333333,60.99755587845998,50.58333553754429,SEASON
TE,2024,00-0037539,Lucas Krull,10.0,8.549219721977895,3.42,3.497888827800014,3.686616415420671,34.2,29.90422015191402,31.517693766081855,58.14,59.464110072600235,62.67247906215141,PPG
TE,2024,00-0037539,Lucas Krull,10.0,8.549219721977895,3.42,3.497888827800014,3.686616415420671,34.2,29.90422015191402,31.517693766081855,58.14,59.464110072600235,62.67247906215141,SEASON
TE,2024,00-0037569,Peyton Hendershot,5.0,9.055878943802133,2.02,2.0924187142073887,1.7936460126620342,10.1,18.948690575608225,16.24304115870077,34.34,35.57111814152561,30.49198221525458,PPG
TE,2024,00-0037569,Peyton Hendershot,5.0,9.055878943802133,2.02,2.0924187142073887,1.7936460126620342,10.1,18.948690575608225,16.24304115870077,34.34,35.57111814152561,30.49198221525458,SEASON
TE,2024,00-0037744,Trey McBride,16.0,13.61581194022027,15.2375,10.002885033134099,10.889795278564762,243.8,136.1974014707979,148.27340458043642,259.0375,170.0490455632797,185.12651973560094,PPG
TE,2024,00-0037744,Trey McBride,16.0,13.61581194022027,15.2375,10.002885033134099,10.889795278564762,243.8,136.1974014707979,148.27340458043642,259.0375,170.0490455632797,185.12651973560094,SEASON
TE,2024,00-0037805,Jeremy Ruckert,14.0,10.069197387450608,2.0357142857142856,3.694676334917402,4.100397150953547,28.5,37.20242529902589,41.28770827989137,34.607142857142854,62.80949769359584,69.70675156621029,PPG
TE,2024,00-0037805,Jeremy Ruckert,14.0,10.069197387450608,2.0357142857142856,3.694676334917402,4.100397150953547,28.5,37.20242529902589,41.28770827989137,34.607142857142854,62.80949769359584,69.70675156621029,SEASON
TE,2024,00-0037809,Chig Okonkwo,16.0,13.61581194022027,7.1000000000000005,7.119435843569711,7.142019783873226,113.60000000000001,96.93689956650864,97.24439825055047,120.7,121.03040934068508,121.41433632584484,PPG
TE,2024,00-0037809,Chig Okonkwo,16.0,13.61581194022027,7.1000000000000005,7.119435843569711,7.142019783873226,113.60000000000001,96.93689956650864,97.24439825055047,120.7,121.03040934068508,121.41433632584484,SEASON
TE,2024,00-0037838,Isaiah Likely,15.0,12.095834274747558,8.246666666666666,6.523132592201881,6.8213534373260165,123.69999999999999,78.90273078747839,82.5099607073751,140.19333333333333,110.89325406743197,115.96300843454227,PPG
TE,2024,00-0037838,Isaiah Likely,15.0,12.095834274747558,8.246666666666666,6.523132592201881,6.8213534373260165,123.69999999999999,78.90273078747839,82.5099607073751,140.19333333333333,110.89325406743197,115.96300843454227,SEASON
TE,2024,00-0038041,Jake Ferguson,14.0,13.61581194022027,7.457142857142857,9.367061497507581,9.620197005249606,104.4,127.5401477825413,130.98679325134887,126.77142857142857,159.2400454576289,163.5433490892433,PPG
TE,2024,00-0038041,Jake Ferguson,14.0,13.61581194022027,7.457142857142857,9.367061497507581,9.620197005249606,104.4,127.5401477825413,130.98679325134887,126.77142857142857,159.2400454576289,163.5433490892433,SEASON
TE,2024,00-0038046,Charlie Kolar,10.0,9.56253816562637,2.83,2.7075537758732007,2.380466060661319,28.3,25.891086317273267,22.763297557052116,48.11,46.02841418984441,40.46792303124242,PPG
TE,2024,00-0038046,Charlie Kolar,10.0,9.56253816562637,2.83,2.7075537758732007,2.380466060661319,28.3,25.891086317273267,22.763297557052116,48.11,46.02841418984441,40.46792303124242,SEASON
TE,2024,00-0038115,Daniel Bellinger,12.0,12.095834274747558,2.2083333333333335,4.364506793170974,4.14623777823366,26.5,52.79235086120602,50.15220502921187,37.54166666666667,74.19661548390656,70.48604222997221,PPG
TE,2024,00-0038115,Daniel Bellinger,12.0,12.095834274747558,2.2083333333333335,4.364506793170974,4.14623777823366,26.5,52.79235086120602,50.15220502921187,37.54166666666667,74.19661548390656,70.48604222997221,SEASON
TE,2024,00-0038129,Cade Otton,14.0,13.61581194022027,10.071428571428571,6.164426747917735,6.026452750510809,141.0,83.9336753189115,82.05504731757836,171.21428571428572,104.79525471460148,102.44969675868376,PPG
TE,2024,00-0038129,Cade Otton,14.0,13.61581194022027,10.071428571428571,6.164426747917735,6.026452750510809,141.0,83.9336753189115,82.05504731757836,171.21428571428572,104.79525471460148,102.44969675868376,SEASON
TE,2024,00-0038394,Will Mallory,7.0,10.575856609274846,0.9857142857142858,4.145321775495297,4.2392629549403145,6.9,43.840328696942876,44.833837140459536,16.75714285714286,70.47047018342005,72.06747023398535,PPG
TE,2024,00-0038394,Will Mallory,7.0,10.575856609274846,0.9857142857142858,4.145321775495297,4.2392629549403145,6.9,43.840328696942876,44.833837140459536,16.75714285714286,70.47047018342005,72.06747023398535,SEASON
TE,2024,00-0038547,Luke Schoonmaker,12.0,11.082515831099082,4.758333333333333,2.5455450243554556,2.2546529506800157,57.099999999999994,28.211043031194833,24.987227019545532,80.89166666666665,43.274265414042745,38.32910016156027,PPG
TE,2024,00-0038547,Luke Schoonmaker,12.0,11.082515831099082,4.758333333333333,2.5455450243554556,2.2546529506800157,57.099999999999994,28.211043031194833,24.987227019545532,80.89166666666665,43.274265414042745,38.32910016156027,SEASON
TE,2024,00-0038558,Darnell Washington,13.0,9.055878943802133,3.4615384615384617,2.1515479917015536,2.338733090377466,45.0,19.484158154629867,21.179283748322586,58.84615384615385,36.576315858926414,39.75846253641692,PPG
TE,2024,00-0038558,Darnell Washington,13.0,9.055878943802133,3.4615384615384617,2.1515479917015536,2.338733090377466,45.0,19.484158154629867,21.179283748322586,58.84615384615385,36.576315858926414,39.75846253641692,SEASON
TE,2024,00-0038589,Josh Whyle,15.0,9.56253816562637,4.053333333333334,3.328807934192043,3.3428542091060276,60.800000000000004,31.831852916751284,31.96617095670114,68.90666666666667,56.58973488126473,56.82852155480247,PPG
TE,2024,00-0038589,Josh Whyle,15.0,9.56253816562637,4.053333333333334,3.328807934192043,3.3428542091060276,60.800000000000004,31.831852916751284,31.96617095670114,68.90666666666667,56.58973488126473,56.82852155480247,SEASON
TE,2024,00-0038720,Julian Hill,14.0,10.069197387450608,1.5714285714285716,2.124432750286429,1.7619735101848388,22.000000000000004,21.39133269899862,17.741659065510355,26.71428571428572,36.115356754869296,29.95354967314226,PPG
TE,2024,00-0038720,Julian Hill,14.0,10.069197387450608,1.5714285714285716,2.124432750286429,1.7619735101848388,22.000000000000004,21.39133269899862,17.741659065510355,26.71428571428572,36.115356754869296,29.95354967314226,SEASON
TE,2024,00-0038783,Nate Adkins,15.0,7.53590127832942,2.9000000000000004,1.3919912574296154,2.0997673078941665,43.50000000000001,10.489908696287214,15.823639139753974,49.300000000000004,23.663851376303462,35.69604423420083,PPG
TE,2024,00-0038783,Nate Adkins,15.0,7.53590127832942,2.9000000000000004,1.3919912574296154,2.0997673078941665,43.50000000000001,10.489908696287214,15.823639139753974,49.300000000000004,23.663851376303462,35.69604423420083,SEASON
TE,2024,00-0038809,Ben Sims,4.0,8.042560500153657,2.05,1.5556346708095072,2.0576844241887375,8.2,12.51128595612208,16.549051471761764,34.849999999999994,26.445789403761623,34.980635211208536,PPG
TE,2024,00-0038809,Ben Sims,4.0,8.042560500153657,2.05,1.5556346708095072,2.0576844241887375,8.2,12.51128595612208,16.549051471761764,34.849999999999994,26.445789403761623,34.980635211208536,SEASON
TE,2024,00-0038933,Dalton Kincaid,13.0,13.109152718396032,7.753846153846154,8.480573930265313,8.465130088464823,100.8,111.17313879149606,110.97068311077469,131.8153846153846,144.16975681451032,143.907211503902,PPG
TE,2024,00-0038933,Dalton Kincaid,13.0,13.109152718396032,7.753846153846154,8.480573930265313,8.465130088464823,100.8,111.17313879149606,110.97068311077469,131.8153846153846,144.16975681451032,143.907211503902,SEASON
TE,2024,00-0038935,Brenton Strange,14.0,8.549219721977895,6.507142857142858,2.223601130632308,2.7056370931133227,91.10000000000001,19.010054639814072,23.13108599695936,110.62142857142858,37.80121922074924,45.99583058292649,PPG
TE,2024,00-0038935,Brenton Strange,14.0,8.549219721977895,6.507142857142858,2.223601130632308,2.7056370931133227,91.10000000000001,19.010054639814072,23.13108599695936,110.62142857142858,37.80121922074924,45.99583058292649,SEASON
TE,2024,00-0038996,Tucker Kraft,17.0,12.095834274747558,9.605882352941176,6.088774519869233,6.312296875267355,163.29999999999998,73.64880752864387,76.3524968962408,163.29999999999998,103.50916683777696,107.30904687954504,PPG
TE,2024,00-0038996,Tucker Kraft,17.0,12.095834274747558,9.605882352941176,6.088774519869233,6.312296875267355,163.29999999999998,73.64880752864387,76.3524968962408,163.29999999999998,103.50916683777696,107.30904687954504,SEASON
TE,2024,00-0039041,Elijah Higgins,15.0,10.575856609274846,3.2800000000000002,3.6940515353880503,3.789993779465343,49.2,39.067759345535606,40.0824307616691,55.760000000000005,62.79887610159685,64.42989425091083,PPG
TE,2024,00-0039041,Elijah Higgins,15.0,10.575856609274846,3.2800000000000002,3.6940515353880503,3.789993779465343,49.2,39.067759345535606,40.0824307616691,55.760000000000005,62.79887610159685,64.42989425091083,SEASON
TE,2024,00-0039050,Payne Durham,8.0,8.042560500153657,4.3125,2.1089203181117675,2.2871263682928387,34.5,16.961119248417187,18.39435218849187,73.3125,35.85164540790005,38.88114826097826,PPG
TE,2024,00-0039050,Payne Durham,8.0,8.042560500153657,4.3125,2.1089203181117675,2.2871263682928387,34.5,16.961119248417187,18.39435218849187,73.3125,35.85164540790005,38.88114826097826,SEASON
TE,2024,00-0039065,Sam LaPorta,16.0,13.61581194022027,10.912500000000001,10.819710611011383,10.551144300083205,174.60000000000002,147.31914492713673,143.66239654405996,185.51250000000002,183.9350803871935,179.36945310141448,PPG
TE,2024,00-0039065,Sam LaPorta,16.0,13.61581194022027,10.912500000000001,10.819710611011383,10.551144300083205,174.60000000000002,147.31914492713673,143.66239654405996,185.51250000000002,183.9350803871935,179.36945310141448,SEASON
TE,2024,00-0039066,Michael Mayer,11.0,11.58917505292332,3.327272727272727,5.333456679868183,5.44382625425836,36.6,61.810363100175586,63.089455418299984,56.56363636363636,90.6687635577591,92.54504632239211,PPG
TE,2024,00-0039066,Michael Mayer,11.0,11.58917505292332,3.327272727272727,5.333456679868183,5.44382625425836,36.6,61.810363100175586,63.089455418299984,56.56363636363636,90.6687635577591,92.54504632239211,SEASON
TE,2024,00-0039074,Davis Allen,7.0,8.549219721977895,1.4142857142857141,2.7638636486902293,3.164398978568093,9.899999999999999,23.62887761424029,27.053142155781046,24.04285714285714,46.9856820277339,53.79478263565758,PPG
TE,2024,00-0039074,Davis Allen,7.0,8.549219721977895,1.4142857142857141,2.7638636486902293,3.164398978568093,9.899999999999999,23.62887761424029,27.053142155781046,24.04285714285714,46.9856820277339,53.79478263565758,SEASON
TE,2024,00-0039144,Luke Musgrave,7.0,10.575856609274846,1.6428571428571428,6.041538438656171,6.354428323530814,11.5,63.894444226649895,67.20352278357663,27.928571428571427,102.70615345715491,108.02528150002384,PPG
TE,2024,00-0039144,Luke Musgrave,7.0,10.575856609274846,1.6428571428571428,6.041538438656171,6.354428323530814,11.5,63.894444226649895,67.20352278357663,27.928571428571427,102.70615345715491,108.02528150002384,SEASON
TE,2025,00-0024243,Marcedes Lewis,1.0,7.549913030275148,0.0,0.2623335397907577,1.0177844826970808,0.0,1.9805954103444454,7.684184327926541,0.0,4.459670176442881,17.302336205850374,PPG
TE,2025,00-0024243,Marcedes Lewis,1.0,7.549913030275148,0.0,0.2623335397907577,1.0177844826970808,0.0,1.9805954103444454,7.684184327926541,0.0,4.459670176442881,17.302336205850374,SEASON
TE,2025,00-0030061,Zach Ertz,13.0,13.794595800563584,9.723076923076924,8.136628356135354,7.970668173961935,126.4,112.24149935229134,109.95214572022113,165.2923076923077,138.32268205430103,135.5013589573529,PPG
TE,2025,00-0030061,Zach Ertz,13.0,13.794595800563584,9.723076923076924,8.136628356135354,7.970668173961935,126.4,112.24149935229134,109.95214572022113,165.2923076923077,138.32268205430103,135.5013589573529,SEASON
TE,2025,00-0030506,Travis Kelce,17.0,13.274205569706215,11.364705882352942,10.550118733105585,10.48632907455394,193.20000000000002,140.04444484805202,139.1976878072161,193.20000000000002,179.35201846279494,178.26759426741697,PPG
TE,2025,00-0030506,Travis Kelce,17.0,13.274205569706215,11.364705882352942,10.550118733105585,10.48632907455394,193.20000000000002,140.04444484805202,139.1976878072161,193.20000000000002,179.35201846279494,178.26759426741697,SEASON
TE,2025,00-0031484,Chris Manhertz,4.0,9.111083722847257,0.42500000000000004,1.3600416222801774,1.8323580046978227,1.7000000000000002,12.391453087151701,16.69476719103121,7.2250000000000005,23.120707578763017,31.150086079862987,PPG
TE,2025,00-0031484,Chris Manhertz,4.0,9.111083722847257,0.42500000000000004,1.3600416222801774,1.8323580046978227,1.7000000000000002,12.391453087151701,16.69476719103121,7.2250000000000005,23.120707578763017,31.150086079862987,SEASON
TE,2025,00-0032392,Austin Hooper,13.0,13.794595800563584,4.561538461538461,6.689555690112393,6.087201769540817,59.3,92.27971683046066,83.97048796729098,77.54615384615384,113.7224467319107,103.48243008219389,PPG
TE,2025,00-0032392,Austin Hooper,13.0,13.794595800563584,4.561538461538461,6.689555690112393,6.087201769540817,59.3,92.27971683046066,83.97048796729098,77.54615384615384,113.7224467319107,103.48243008219389,SEASON
TE,2025,00-0033090,Hunter Henry,17.0,13.274205569706215,10.517647058823531,8.828564756976906,9.198528113720887,178.80000000000004,117.19218346957484,122.103153120253,178.80000000000004,150.0856008686074,156.37497793325508,PPG
TE,2025,00-0033090,Hunter Henry,17.0,13.274205569706215,10.517647058823531,8.828564756976906,9.198528113720887,178.80000000000004,117.19218346957484,122.103153120253,178.80000000000004,150.0856008686074,156.37497793325508,SEASON
TE,2025,00-0033110,Tyler Higbee,10.0,6.509132568560409,7.11,5.5684640591637855,6.71003943362032,71.10000000000001,36.245870764361094,43.67653621370266,120.87,94.66388900578436,114.07067037154545,PPG
TE,2025,00-0033110,Tyler Higbee,10.0,6.509132568560409,7.11,5.5684640591637855,6.71003943362032,71.10000000000001,36.245870764361094,43.67653621370266,120.87,94.66388900578436,114.07067037154545,SEASON
TE,2025,00-0033217,Mo Alie-Cox,11.0,11.192644646276737,2.790909090909091,3.694894689720273,3.695737716212314,30.700000000000003,41.35564326745396,41.36507896340677,47.445454545454545,62.81320972524464,62.82754117560934,PPG
TE,2025,00-0033217,Mo Alie-Cox,11.0,11.192644646276737,2.790909090909091,3.694894689720273,3.695737716212314,30.700000000000003,41.35564326745396,41.36507896340677,47.445454545454545,62.81320972524464,62.82754117560934,SEASON
TE,2025,00-0033246,Johnny Mundt,12.0,12.233425107991476,1.675,3.081393310684074,2.7236103525749584,20.1,37.69599429451953,33.31908327157601,28.475,52.38368628162925,46.30137599377429,PPG
TE,2025,00-0033246,Johnny Mundt,12.0,12.233425107991476,1.675,3.081393310684074,2.7236103525749584,20.1,37.69599429451953,33.31908327157601,28.475,52.38368628162925,46.30137599377429,SEASON
TE,2025,00-0033288,George Kittle,11.0,12.753815338848845,14.70909090909091,11.784187354140016,12.333090753826973,161.8,150.29334943309954,157.2939620315733,250.0545454545455,200.33118502038027,209.66254281505854,PPG
TE,2025,00-0033288,George Kittle,11.0,12.753815338848845,14.70909090909091,11.784187354140016,12.333090753826973,161.8,150.29334943309954,157.2939620315733,250.0545454545455,200.33118502038027,209.66254281505854,SEASON
TE,2025,00-0033357,Taysom Hill,13.0,9.111083722847257,2.730769230769231,14.19018915771984,15.319098337757092,35.5,129.28800145902485,139.5735875138351,46.42307692307693,241.23321568123725,260.42467174187055,PPG
TE,2025,00-0033357,Taysom Hill,13.0,9.111083722847257,2.730769230769231,14.19018915771984,15.319098337757092,35.5,129.28800145902485,139.5735875138351,46.42307692307693,241.23321568123725,260.42467174187055,SEASON
TE,2025,00-0033439,Pharaoh Brown,5.0,10.151864184561997,0.42000000000000004,2.2261305780773855,2.2434145400172274,2.1,22.599375285742106,22.77483971992652,7.140000000000001,37.844219827315555,38.138047180292865,PPG
TE,2025,00-0033439,Pharaoh Brown,5.0,10.151864184561997,0.42000000000000004,2.2261305780773855,2.2434145400172274,2.1,22.599375285742106,22.77483971992652,7.140000000000001,37.844219827315555,38.138047180292865,SEASON
TE,2025,00-0033576,Eric Saubert,9.0,11.192644646276737,1.011111111111111,2.4750090891533465,2.1352352855129175,9.1,27.701897231198465,23.898929786937334,17.18888888888889,42.07515451560689,36.2989998537196,PPG
TE,2025,00-0033576,Eric Saubert,9.0,11.192644646276737,1.011111111111111,2.4750090891533465,2.1352352855129175,9.1,27.701897231198465,23.898929786937334,17.18888888888889,42.07515451560689,36.2989998537196,SEASON
TE,2025,00-0033858,Jonnu Smith,17.0,13.794595800563584,5.011764705882353,10.922722047336931,10.207442792747452,85.2,150.67453568491732,140.80754748332703,85.2,185.68627480472782,173.5265274767067,PPG
TE,2025,00-0033858,Jonnu Smith,17.0,13.794595800563584,5.011764705882353,10.922722047336931,10.207442792747452,85.2,150.67453568491732,140.80754748332703,85.2,185.68627480472782,173.5265274767067,SEASON
TE,2025,00-0033881,Evan Engram,16.0,9.631473953704628,6.425,9.161418734987844,10.609900877790473,102.8,88.23796592501702,102.18898395582681,109.225,155.74411849479336,180.36831492243803,PPG
TE,2025,00-0033881,Evan Engram,16.0,9.631473953704628,6.425,9.161418734987844,10.609900877790473,102.8,88.23796592501702,102.18898395582681,109.225,155.74411849479336,180.36831492243803,SEASON
TE,2025,00-0033885,David Njoku,11.0,10.672254415419367,7.845454545454546,11.084981817216084,11.49819257434838,86.3,118.30174614362775,122.71163647093168,133.37272727272727,188.44469089267344,195.46927376392244,PPG
TE,2025,00-0033885,David Njoku,11.0,10.672254415419367,7.845454545454546,11.084981817216084,11.49819257434838,86.3,118.30174614362775,122.71163647093168,133.37272727272727,188.44469089267344,195.46927376392244,SEASON
TE,2025,00-0034073,Ross Dwelley,4.0,7.029522799417778,0.675,0.3020874939948463,1.2121074814299024,2.7,2.123530926455753,8.52053717605636,11.475000000000001,5.135487397912387,20.605827184308342,PPG
TE,2025,00-0034073,Ross Dwelley,4.0,7.029522799417778,0.675,0.3020874939948463,1.2121074814299024,2.7,2.123530926455753,8.52053717605636,11.475000000000001,5.135487397912387,20.605827184308342,SEASON
TE,2025,00-0034159,Will Dissly,8.0,12.753815338848845,2.5875000000000004,6.281824221271545,5.840442347564198,20.700000000000003,80.11722610920523,74.48792319802664,43.987500000000004,106.79101176161628,99.28751990859136,PPG
TE,2025,00-0034159,Will Dissly,8.0,12.753815338848845,2.5875000000000004,6.281824221271545,5.840442347564198,20.700000000000003,80.11722610920523,74.48792319802664,43.987500000000004,106.79101176161628,99.28751990859136,SEASON
TE,2025,00-0034270,Tyler Conklin,6.0,13.274205569706215,2.8833333333333333,7.26343674794081,7.135417713130245,17.3,96.4163525347247,94.71700154981389,49.016666666666666,123.47842471499378,121.30210112321416,PPG
TE,2025,00-0034270,Tyler Conklin,6.0,13.274205569706215,2.8833333333333333,7.26343674794081,7.135417713130245,17.3,96.4163525347247,94.71700154981389,49.016666666666666,123.47842471499378,121.30210112321416,SEASON
TE,2025,00-0034351,Dallas Goedert,15.0,10.151864184561997,12.339999999999998,8.734886712279872,9.379041746403123,185.09999999999997,88.67538357060053,95.21475799082168,209.77999999999997,148.4930741087578,159.4437096888531,PPG
TE,2025,00-0034351,Dallas Goedert,15.0,10.151864184561997,12.339999999999998,8.734886712279872,9.379041746403123,185.09999999999997,88.67538357060053,95.21475799082168,209.77999999999997,148.4930741087578,159.4437096888531,SEASON
TE,2025,00-0034365,Ian Thomas,9.0,6.509132568560409,2.7111111111111112,2.017094767062173,2.7012731516448305,24.400000000000002,13.129537242157161,17.582945047949185,46.08888888888889,34.290611040056945,45.921643577962115,PPG
TE,2025,00-0034365,Ian Thomas,9.0,6.509132568560409,2.7111111111111112,2.017094767062173,2.7012731516448305,24.400000000000002,13.129537242157161,17.582945047949185,46.08888888888889,34.290611040056945,45.921643577962115,SEASON
TE,2025,00-0034383,Dalton Schultz,17.0,13.794595800563584,10.452941176470588,7.428553307414498,7.438450811480562,177.7,102.47389025872276,102.61042232674855,177.7,126.28540622604648,126.45366379516956,PPG
TE,2025,00-0034383,Dalton Schultz,17.0,13.794595800563584,10.452941176470588,7.428553307414498,7.438450811480562,177.7,102.47389025872276,102.61042232674855,177.7,126.28540622604648,126.45366379516956,SEASON
TE,2025,00-0034613,Tanner Hudson,10.0,9.631473953704628,4.78,3.418981828506516,3.8262312454329463,47.800000000000004,32.92983442944993,36.85224658123824,81.26,58.12269108461077,65.04593117236008,PPG
TE,2025,00-0034613,Tanner Hudson,10.0,9.631473953704628,4.78,3.418981828506516,3.8262312454329463,47.800000000000004,32.92983442944993,36.85224658123824,81.26,58.12269108461077,65.04593117236008,SEASON
TE,2025,00-0034753,Mark Andrews,17.0,13.794595800563584,7.705882352941176,9.345105900585155,8.706799350595968,131.0,128.91195861203394,120.1067777580809,131.0,158.86680030994765,148.01558896013145,PPG
TE,2025,00-0034753,Mark Andrews,17.0,13.794595800563584,7.705882352941176,9.345105900585155,8.706799350595968,131.0,128.91195861203394,120.1067777580809,131.0,158.86680030994765,148.01558896013145,SEASON
TE,2025,00-0034798,Durham Smythe,7.0,12.233425107991476,0.9285714285714286,2.39487375362783,1.8015368104351537,6.5,29.297508708100487,22.038965649748288,15.785714285714286,40.71285381167311,30.62612577739761,PPG
TE,2025,00-0034798,Durham Smythe,7.0,12.233425107991476,0.9285714285714286,2.39487375362783,1.8015368104351537,6.5,29.297508708100487,22.038965649748288,15.785714285714286,40.71285381167311,30.62612577739761,SEASON
TE,2025,00-0034829,Mike Gesicki,12.0,13.274205569706215,5.8916666666666675,8.125532948294422,7.3781362262188575,70.70000000000002,107.85999471908119,97.93889698812555,100.15833333333335,138.13406012100518,125.42831584572058,PPG
TE,2025,00-0034829,Mike Gesicki,12.0,13.274205569706215,5.8916666666666675,8.125532948294422,7.3781362262188575,70.70000000000002,107.85999471908119,97.93889698812555,100.15833333333335,138.13406012100518,125.42831584572058,SEASON
TE,2025,00-0034981,Foster Moreau,7.0,13.274205569706215,1.842857142857143,6.0463845387364925,5.609675201732338,12.9,80.26095132068149,74.46398180707823,31.32857142857143,102.78853715852037,95.36447842944975,PPG
TE,2025,00-0034981,Foster Moreau,7.0,13.274205569706215,1.842857142857143,6.0463845387364925,5.609675201732338,12.9,80.26095132068149,74.46398180707823,31.32857142857143,102.78853715852037,95.36447842944975,SEASON
TE,2025,00-0035229,T.J. Hockenson,15.0,10.151864184561997,7.52,7.908563221435952,8.0317852832105,112.8,80.2866597190399,81.5375933547168,127.83999999999999,134.4455747644112,136.5403498145785,PPG
TE,2025,00-0035229,T.J. Hockenson,15.0,10.151864184561997,7.52,7.908563221435952,8.0317852832105,112.8,80.2866597190399,81.5375933547168,127.83999999999999,134.4455747644112,136.5403498145785,SEASON
TE,2025,00-0035249,Josh Oliver,12.0,11.192644646276737,4.583333333333334,4.255327756456509,4.257550893014247,55.00000000000001,47.62837143145575,47.65325420894665,77.91666666666667,72.34057185976066,72.37836518124219,PPG
TE,2025,00-0035249,Josh Oliver,12.0,11.192644646276737,4.583333333333334,4.255327756456509,4.257550893014247,55.00000000000001,47.62837143145575,47.65325420894665,77.91666666666667,72.34057185976066,72.37836518124219,SEASON
TE,2025,00-0035631,Drew Sample,12.0,10.672254415419367,2.658333333333333,3.4105657916714875,2.958820951056695,31.9,36.39842582924428,31.577289959350143,45.19166666666666,57.97961845841529,50.29995616796381,PPG
TE,2025,00-0035631,Drew Sample,12.0,10.672254415419367,2.658333333333333,3.4105657916714875,2.958820951056695,31.9,36.39842582924428,31.577289959350143,45.19166666666666,57.97961845841529,50.29995616796381,SEASON
TE,2025,00-0035644,Noah Fant,13.0,12.233425107991476,5.753846153846154,7.726706764374565,7.565738786052217,74.8,94.52408853338737,92.55489882579613,97.81538461538462,131.3540149943676,128.61755936288768,PPG
TE,2025,00-0035644,Noah Fant,13.0,12.233425107991476,5.753846153846154,7.726706764374565,7.565738786052217,74.8,94.52408853338737,92.55489882579613,97.81538461538462,131.3540149943676,128.61755936288768,SEASON
TE,2025,00-0035689,Dawson Knox,16.0,12.233425107991476,6.48125,4.6743550293930145,4.202453492806124,103.7,57.183372180242735,51.41040007406092,110.18125,79.46403549968124,71.44170937770411,PPG
TE,2025,00-0035689,Dawson Knox,16.0,12.233425107991476,6.48125,4.6743550293930145,4.202453492806124,103.7,57.183372180242735,51.41040007406092,110.18125,79.46403549968124,71.44170937770411,SEASON
TE,2025,00-0036040,Juwan Johnson,17.0,12.753815338848845,10.58235294117647,7.570485464574433,7.709792778132939,179.9,96.55257364062163,98.32927339309792,179.9,128.69825289776537,131.06647722825997,PPG
TE,2025,00-0036040,Juwan Johnson,17.0,12.753815338848845,10.58235294117647,7.570485464574433,7.709792778132939,179.9,96.55257364062163,98.32927339309792,179.9,128.69825289776537,131.06647722825997,SEASON
TE,2025,00-0036232,Harrison Bryant,5.0,8.070303261132517,0.54,2.887828713803025,3.3775271459334713,2.7,23.305653486596675,27.2576683403905,9.18,49.093088134651424,57.41796148086901,PPG
TE,2025,00-0036232,Harrison Bryant,5.0,8.070303261132517,0.54,2.887828713803025,3.3775271459334713,2.7,23.305653486596675,27.2576683403905,9.18,49.093088134651424,57.41796148086901,SEASON
TE,2025,00-0036244,Colby Parkinson,14.0,13.274205569706215,9.271428571428572,4.669464157041073,4.143046326648753,129.8,61.983427120938146,54.99564862475176,157.61428571428573,79.38089066969825,70.43178755302881,PPG
TE,2025,00-0036244,Colby Parkinson,14.0,13.274205569706215,9.271428571428572,4.669464157041073,4.143046326648753,129.8,61.983427120938146,54.99564862475176,157.61428571428573,79.38089066969825,70.43178755302881,SEASON
TE,2025,00-0036290,Cole Kmet,16.0,13.274205569706215,4.91875,5.703495076467641,4.882568952999427,78.7,75.70936611083874,64.81222399037964,83.61875,96.95941629994991,83.00367220099025,PPG
TE,2025,00-0036290,Cole Kmet,16.0,13.274205569706215,4.91875,5.703495076467641,4.882568952999427,78.7,75.70936611083874,64.81222399037964,83.61875,96.95941629994991,83.00367220099025,SEASON
TE,2025,00-0036332,Josiah Deguara,7.0,8.590693491989887,1.5857142857142856,0.6149993602323643,1.2025782139728263,11.1,5.283271001526116,10.33098083638518,26.957142857142856,10.454989123950194,20.443829637538048,PPG
TE,2025,00-0036332,Josiah Deguara,7.0,8.590693491989887,1.5857142857142856,0.6149993602323643,1.2025782139728263,11.1,5.283271001526116,10.33098083638518,26.957142857142856,10.454989123950194,20.443829637538048,SEASON
TE,2025,00-0036422,Adam Trautman,13.0,11.713034877134106,3.5,3.679843820113235,3.05647123330315,45.5,43.10213900739273,35.80055415663689,59.5,62.557344941924995,51.96001096615355,PPG
TE,2025,00-0036422,Adam Trautman,13.0,11.713034877134106,3.5,3.679843820113235,3.05647123330315,45.5,43.10213900739273,35.80055415663689,59.5,62.557344941924995,51.96001096615355,SEASON
TE,2025,00-0036429,Charlie Woerner,7.0,11.192644646276737,1.8285714285714285,2.6914264872328757,2.4838381103868756,12.799999999999999,30.12418026317445,27.800717328439788,31.085714285714285,45.754250282958886,42.22524787657689,PPG
TE,2025,00-0036429,Charlie Woerner,7.0,11.192644646276737,1.8285714285714285,2.6914264872328757,2.4838381103868756,12.799999999999999,30.12418026317445,27.800717328439788,31.085714285714285,45.754250282958886,42.22524787657689,SEASON
TE,2025,00-0036590,Quintin Morris,11.0,10.151864184561997,1.5909090909090908,1.9462886043388865,1.7751748027754897,17.5,19.7584575752091,18.0213335016334,27.045454545454543,33.08690627376107,30.177971647183323,PPG
TE,2025,00-0036590,Quintin Morris,11.0,10.151864184561997,1.5909090909090908,1.9462886043388865,1.7751748027754897,17.5,19.7584575752091,18.0213335016334,27.045454545454543,33.08690627376107,30.177971647183323,SEASON
TE,2025,00-0036628,John Bates,10.0,11.713034877134106,2.7300000000000004,2.4064177317376583,1.8675266228632756,27.300000000000004,28.186454820797138,21.87440446757402,46.41000000000001,40.909101439540194,31.747952588675687,PPG
TE,2025,00-0036628,John Bates,10.0,11.713034877134106,2.7300000000000004,2.4064177317376583,1.8675266228632756,27.300000000000004,28.186454820797138,21.87440446757402,46.41000000000001,40.909101439540194,31.747952588675687,SEASON
TE,2025,00-0036637,Noah Gray,14.0,13.274205569706215,2.7714285714285714,5.940723511777694,5.426808867598394,38.8,78.85838512812413,72.03657649600568,47.114285714285714,100.9922997002208,92.2557507491727,PPG
TE,2025,00-0036637,Noah Gray,14.0,13.274205569706215,2.7714285714285714,5.940723511777694,5.426808867598394,38.8,78.85838512812413,72.03657649600568,47.114285714285714,100.9922997002208,92.2557507491727,SEASON
TE,2025,00-0036741,Jack Stoll,9.0,7.549913030275148,1.8444444444444443,1.2291979809419162,1.5305131060242905,16.599999999999998,9.280337853101276,11.55524084217968,31.355555555555554,20.896365676012575,26.018722802412938,PPG
TE,2025,00-0036741,Jack Stoll,9.0,7.549913030275148,1.8444444444444443,1.2291979809419162,1.5305131060242905,16.599999999999998,9.280337853101276,11.55524084217968,31.355555555555554,20.896365676012575,26.018722802412938,SEASON
TE,2025,00-0036754,Brock Wright,8.0,10.672254415419367,4.6,2.588452678046015,2.808271576007074,36.8,27.62462552238067,29.9705887267382,78.19999999999999,44.00369552678226,47.74061679212026,PPG
TE,2025,00-0036754,Brock Wright,8.0,10.672254415419367,4.6,2.588452678046015,2.808271576007074,36.8,27.62462552238067,29.9705887267382,78.19999999999999,44.00369552678226,47.74061679212026,SEASON
TE,2025,00-0036825,Feleipe Franks,10.0,9.631473953704628,0.04000000000000001,1.550137007971876,0.9844453761753489,0.4000000000000001,14.930104216954746,9.481659999477827,0.6800000000000002,26.35232913552189,16.73557139498093,PPG
TE,2025,00-0036825,Feleipe Franks,10.0,9.631473953704628,0.04000000000000001,1.550137007971876,0.9844453761753489,0.4000000000000001,14.930104216954746,9.481659999477827,0.6800000000000002,26.35232913552189,16.73557139498093,SEASON
TE,2025,00-0036876,Kylen Granson,12.0,13.274205569706215,0.9166666666666667,4.296361173143438,3.484402714481526,11.0,57.03078141401016,46.25267791967013,15.583333333333334,73.03813994343845,59.234846146185944,PPG
TE,2025,00-0036876,Kylen Granson,12.0,13.274205569706215,0.9166666666666667,4.296361173143438,3.484402714481526,11.0,57.03078141401016,46.25267791967013,15.583333333333334,73.03813994343845,59.234846146185944,SEASON
TE,2025,00-0036887,Luke Farrell,13.0,11.192644646276737,2.269230769230769,2.5204608114406337,2.6162812447557537,29.5,28.21062220732133,29.283106267269723,38.57692307692307,42.847833794490775,44.476781160847814,PPG
TE,2025,00-0036887,Luke Farrell,13.0,11.192644646276737,2.269230769230769,2.5204608114406337,2.6162812447557537,29.5,28.21062220732133,29.283106267269723,38.57692307692307,42.847833794490775,44.476781160847814,SEASON
TE,2025,00-0036894,Pat Freiermuth,15.0,13.794595800563584,7.573333333333334,9.26513166227769,8.541082412961917,113.60000000000001,127.80874632012454,117.82077958611194,128.74666666666667,157.50723825872075,145.19840102035258,PPG
TE,2025,00-0036894,Pat Freiermuth,15.0,13.794595800563584,7.573333333333334,9.26513166227769,8.541082412961917,113.60000000000001,127.80874632012454,117.82077958611194,128.74666666666667,157.50723825872075,145.19840102035258,SEASON
TE,2025,00-0036970,Kyle Pitts,17.0,13.794595800563584,12.4,7.30616974517954,7.223877166216093,210.8,100.78565848505839,99.65046562087169,210.8,124.20488566805219,122.80591182567359,PPG
TE,2025,00-0036970,Kyle Pitts,17.0,13.794595800563584,12.4,7.30616974517954,7.223877166216093,210.8,100.78565848505839,99.65046562087169,210.8,124.20488566805219,122.80591182567359,SEASON
TE,2025,00-0037004,Hunter Long,7.0,10.672254415419367,4.642857142857142,1.924818769723948,1.987371386456193,32.5,20.542155614068477,21.209733054185214,78.92857142857142,32.721919085307114,33.78531356975528,PPG
TE,2025,00-0037004,Hunter Long,7.0,10.672254415419367,4.642857142857142,1.924818769723948,1.987371386456193,32.5,20.542155614068477,21.209733054185214,78.92857142857142,32.721919085307114,33.78531356975528,SEASON
TE,2025,00-0037005,Tommy Tremble,15.0,10.151864184561997,4.26,4.8844160290898975,5.319004823779304,63.9,49.58592814821826,53.99781456803761,72.42,83.03507249452825,90.42308200424817,PPG
TE,2025,00-0037005,Tommy Tremble,15.0,10.151864184561997,4.26,4.8844160290898975,5.319004823779304,63.9,49.58592814821826,53.99781456803761,72.42,83.03507249452825,90.42308200424817,SEASON
TE,2025,00-0037086,Grant Calcaterra,9.0,12.753815338848845,2.511111111111111,4.727707821923423,4.1710959644414025,22.6,60.29631253684262,53.19738769110328,42.68888888888889,80.37103297269819,70.90863139550385,PPG
TE,2025,00-0037086,Grant Calcaterra,9.0,12.753815338848845,2.511111111111111,4.727707821923423,4.1710959644414025,22.6,60.29631253684262,53.19738769110328,42.68888888888889,80.37103297269819,70.90863139550385,SEASON
TE,2025,00-0037252,Greg Dulcich,9.0,7.029522799417778,7.055555555555555,2.8124491736578268,3.500960230530292,63.5,19.770175588431382,24.610079760367608,119.94444444444444,47.81163595218305,59.51632391901496,PPG
TE,2025,00-0037252,Greg Dulcich,9.0,7.029522799417778,7.055555555555555,2.8124491736578268,3.500960230530292,63.5,19.770175588431382,24.610079760367608,119.94444444444444,47.81163595218305,59.51632391901496,SEASON
TE,2025,00-0037292,Andrew Ogletree,11.0,11.192644646276737,1.1545454545454545,3.0003069400702698,2.7913005853489263,12.7,33.581369409964445,31.242035552754782,19.62727272727273,51.00521798119458,47.45210995093175,PPG
TE,2025,00-0037292,Andrew Ogletree,11.0,11.192644646276737,1.1545454545454545,3.0003069400702698,2.7913005853489263,12.7,33.581369409964445,31.242035552754782,19.62727272727273,51.00521798119458,47.45210995093175,SEASON
TE,2025,00-0037311,Ko Kieft,2.0,6.509132568560409,0.0,0.20737937205595813,0.8957262855207269,0.0,1.3498598246970435,5.830401137598603,0.0,3.525449324951288,15.227346853852357,PPG
TE,2025,00-0037311,Ko Kieft,2.0,6.509132568560409,0.0,0.20737937205595813,0.8957262855207269,0.0,1.3498598246970435,5.830401137598603,0.0,3.525449324951288,15.227346853852357,SEASON
TE,2025,00-0037348,Tanner Conner,8.0,7.029522799417778,2.2625,1.2628333493611443,2.139843165287428,18.1,8.87711582119928,15.04207631756628,38.462500000000006,21.468166939139454,36.37733380988628,PPG
TE,2025,00-0037348,Tanner Conner,8.0,7.029522799417778,2.2625,1.2628333493611443,2.139843165287428,18.1,8.87711582119928,15.04207631756628,38.462500000000006,21.468166939139454,36.37733380988628,SEASON
TE,2025,00-0037475,Stone Smartt,6.0,9.631473953704628,2.033333333333333,4.350743464347187,4.809452289495832,12.2,41.90407235611057,46.322114457864195,34.56666666666666,73.96263889390218,81.76068892142915,PPG
TE,2025,00-0037475,Stone Smartt,6.0,9.631473953704628,2.033333333333333,4.350743464347187,4.809452289495832,12.2,41.90407235611057,46.322114457864195,34.56666666666666,73.96263889390218,81.76068892142915,SEASON
TE,2025,00-0037539,Lucas Krull,2.0,10.151864184561997,1.75,3.4352452607823545,3.763937588459687,3.5,34.87414332812272,38.21098319721055,29.75,58.399169433300024,63.98693900381468,PPG
TE,2025,00-0037539,Lucas Krull,2.0,10.151864184561997,1.75,3.4352452607823545,3.763937588459687,3.5,34.87414332812272,38.21098319721055,29.75,58.399169433300024,63.98693900381468,SEASON
TE,2025,00-0037654,Tucker Fisk,4.0,8.590693491989887,0.9750000000000001,1.619800392614093,2.1309691382573757,3.9000000000000004,13.915208691152552,18.306502707658936,16.575000000000003,27.53660667443958,36.22647535037539,PPG
TE,2025,00-0037654,Tucker Fisk,4.0,8.590693491989887,0.9750000000000001,1.619800392614093,2.1309691382573757,3.9000000000000004,13.915208691152552,18.306502707658936,16.575000000000003,27.53660667443958,36.22647535037539,SEASON
TE,2025,00-0037744,Trey McBride,17.0,13.274205569706215,18.58235294117647,14.177844902759984,13.850181870629083,315.9,188.19962777464747,183.8501613285486,315.9,241.02336334691972,235.4530918006944,PPG
TE,2025,00-0037744,Trey McBride,17.0,13.274205569706215,18.58235294117647,14.177844902759984,13.850181870629083,315.9,188.19962777464747,183.8501613285486,315.9,241.02336334691972,235.4530918006944,SEASON
TE,2025,00-0037805,Jeremy Ruckert,14.0,12.233425107991476,3.3499999999999996,3.0660808246054585,2.535138882613336,46.89999999999999,37.50867014285962,31.01343165880744,56.949999999999996,52.12337401829279,43.097361004426716,PPG
TE,2025,00-0037805,Jeremy Ruckert,14.0,12.233425107991476,3.3499999999999996,3.0660808246054585,2.535138882613336,46.89999999999999,37.50867014285962,31.01343165880744,56.949999999999996,52.12337401829279,43.097361004426716,SEASON
TE,2025,00-0037809,Chig Okonkwo,17.0,13.274205569706215,7.294117647058823,7.555559146566391,7.9642106173779394,124.0,100.29404530559631,105.71856893551161,124.0,128.44450549162863,135.39158049542496,PPG
TE,2025,00-0037809,Chig Okonkwo,17.0,13.274205569706215,7.294117647058823,7.555559146566391,7.9642106173779394,124.0,100.29404530559631,105.71856893551161,124.0,128.44450549162863,135.39158049542496,SEASON
TE,2025,00-0037838,Isaiah Likely,12.0,12.753815338848845,5.1416666666666675,6.782975262975209,6.784200174877574,61.70000000000001,86.50881395196551,86.52443625217462,87.40833333333335,115.31057947057856,115.33140297291875,PPG
TE,2025,00-0037838,Isaiah Likely,12.0,12.753815338848845,5.1416666666666675,6.782975262975209,6.784200174877574,61.70000000000001,86.50881395196551,86.52443625217462,87.40833333333335,115.31057947057856,115.33140297291875,SEASON
TE,2025,00-0038041,Jake Ferguson,17.0,12.233425107991476,11.064705882352941,7.593254042370561,7.951590048643991,188.1,92.8915046532938,97.27518134953657,188.1,129.08531872029954,135.17703082694786,PPG
TE,2025,00-0038041,Jake Ferguson,17.0,12.233425107991476,11.064705882352941,7.593254042370561,7.951590048643991,188.1,92.8915046532938,97.27518134953657,188.1,129.08531872029954,135.17703082694786,SEASON
TE,2025,00-0038046,Charlie Kolar,13.0,10.151864184561997,2.784615384615385,2.668627008838892,2.741450245998446,36.2,27.09153895298636,27.8308305661103,47.338461538461544,45.366659150261164,46.60465418197358,PPG
TE,2025,00-0038046,Charlie Kolar,13.0,10.151864184561997,2.784615384615385,2.668627008838892,2.741450245998446,36.2,27.09153895298636,27.8308305661103,47.338461538461544,45.366659150261164,46.60465418197358,SEASON
TE,2025,00-0038115,Daniel Bellinger,13.0,11.192644646276737,4.584615384615384,2.941814497718881,3.052910316070186,59.599999999999994,32.92668428823252,34.17014030472598,77.93846153846154,50.01084646122098,51.899475373193155,PPG
TE,2025,00-0038115,Daniel Bellinger,13.0,11.192644646276737,4.584615384615384,2.941814497718881,3.052910316070186,59.599999999999994,32.92668428823252,34.17014030472598,77.93846153846154,50.01084646122098,51.899475373193155,SEASON
TE,2025,00-0038129,Cade Otton,15.0,12.233425107991476,8.146666666666667,8.638247627013063,8.843088623461066,122.2,105.6753554093494,108.18126239844239,138.49333333333334,146.8502096592221,150.3325065988381,PPG
TE,2025,00-0038129,Cade Otton,15.0,12.233425107991476,8.146666666666667,8.638247627013063,8.843088623461066,122.2,105.6753554093494,108.18126239844239,138.49333333333334,146.8502096592221,150.3325065988381,SEASON
TE,2025,00-0038394,Will Mallory,1.0,8.590693491989887,2.6,1.862116576832698,1.975195785104208,2.6,15.996872757923144,16.968301576500576,44.2,31.655981806155864,33.578328346771535,PPG
TE,2025,00-0038394,Will Mallory,1.0,8.590693491989887,2.6,1.862116576832698,1.975195785104208,2.6,15.996872757923144,16.968301576500576,44.2,31.655981806155864,33.578328346771535,SEASON
TE,2025,00-0038547,Luke Schoonmaker,14.0,11.192644646276737,1.942857142857143,4.037964179912761,4.304893360672677,27.200000000000003,45.1954981601578,48.18314162612531,33.02857142857143,68.64539105851694,73.18318713143552,PPG
TE,2025,00-0038547,Luke Schoonmaker,14.0,11.192644646276737,1.942857142857143,4.037964179912761,4.304893360672677,27.200000000000003,45.1954981601578,48.18314162612531,33.02857142857143,68.64539105851694,73.18318713143552,SEASON
TE,2025,00-0038558,Darnell Washington,13.0,11.713034877134106,5.6461538461538465,3.6020098937235705,3.667000643222156,73.4,42.19046751296629,42.951706428534315,95.9846153846154,61.2341681933007,62.339010934776645,PPG
TE,2025,00-0038558,Darnell Washington,13.0,11.713034877134106,5.6461538461538465,3.6020098937235705,3.667000643222156,73.4,42.19046751296629,42.951706428534315,95.9846153846154,61.2341681933007,62.339010934776645,SEASON
TE,2025,00-0038589,Josh Whyle,6.0,12.753815338848845,2.4333333333333336,4.846664524834031,4.049718964780568,14.600000000000001,61.813464359082815,51.649367851045476,41.366666666666674,82.39329692217852,68.84522240126965,PPG
TE,2025,00-0038589,Josh Whyle,6.0,12.753815338848845,2.4333333333333336,4.846664524834031,4.049718964780568,14.600000000000001,61.813464359082815,51.649367851045476,41.366666666666674,82.39329692217852,68.84522240126965,SEASON
TE,2025,00-0038643,Brayden Willis,6.0,7.549913030275148,0.0,1.4001317925913273,0.7638509158442308,0.0,10.570873264987762,5.767007982719964,0.0,23.802240474052564,12.985465569351923,PPG
TE,2025,00-0038643,Brayden Willis,6.0,7.549913030275148,0.0,1.4001317925913273,0.7638509158442308,0.0,10.570873264987762,5.767007982719964,0.0,23.802240474052564,12.985465569351923,SEASON
TE,2025,00-0038710,Blake Whiteheart,9.0,8.590693491989887,0.26666666666666666,2.0490917629738896,2.27692418345845,2.4,17.60311927266988,19.560357764590893,4.533333333333333,34.83455997055612,38.70771111879365,PPG
TE,2025,00-0038710,Blake Whiteheart,9.0,8.590693491989887,0.26666666666666666,2.0490917629738896,2.27692418345845,2.4,17.60311927266988,19.560357764590893,4.533333333333333,34.83455997055612,38.70771111879365,SEASON
TE,2025,00-0038720,Julian Hill,11.0,12.233425107991476,2.8181818181818183,2.4705322356578368,1.8089762439587007,31.0,30.223071081798892,22.129975402604483,47.909090909090914,41.99904800618322,30.75259614729791,PPG
TE,2025,00-0038720,Julian Hill,11.0,12.233425107991476,2.8181818181818183,2.4705322356578368,1.8089762439587007,31.0,30.223071081798892,22.129975402604483,47.909090909090914,41.99904800618322,30.75259614729791,SEASON
TE,2025,00-0038783,Nate Adkins,6.0,12.753815338848845,2.8,2.835484987068911,2.6320539070865685,16.799999999999997,36.1632519211551,33.56872949287771,47.599999999999994,48.20324478017149,44.74491642047167,PPG
TE,2025,00-0038783,Nate Adkins,6.0,12.753815338848845,2.8,2.835484987068911,2.6320539070865685,16.799999999999997,36.1632519211551,33.56872949287771,47.599999999999994,48.20324478017149,44.74491642047167,SEASON
TE,2025,00-0038809,Ben Sims,3.0,7.029522799417778,2.0,2.017086799733965,2.482787819088963,6.0,14.17915764713455,17.45281358040261,34.0,34.29047559547741,42.20739292451237,PPG
TE,2025,00-0038809,Ben Sims,3.0,7.029522799417778,2.0,2.017086799733965,2.482787819088963,6.0,14.17915764713455,17.45281358040261,34.0,34.29047559547741,42.20739292451237,SEASON
TE,2025,00-0038933,Dalton Kincaid,12.0,11.713034877134106,10.508333333333333,7.384682561352223,8.137231984300751,126.1,86.49704439768261,95.31168203544587,178.64166666666665,125.53960354298779,138.33294373311276,PPG
TE,2025,00-0038933,Dalton Kincaid,12.0,11.713034877134106,10.508333333333333,7.384682561352223,8.137231984300751,126.1,86.49704439768261,95.31168203544587,178.64166666666665,125.53960354298779,138.33294373311276,SEASON
TE,2025,00-0038935,Brenton Strange,12.0,12.233425107991476,9.833333333333334,6.394331945415166,5.961517116445084,118.0,78.22458096987387,72.92977317404024,167.16666666666669,108.70364307205782,101.34579097956643,PPG
TE,2025,00-0038935,Brenton Strange,12.0,12.233425107991476,9.833333333333334,6.394331945415166,5.961517116445084,118.0,78.22458096987387,72.92977317404024,167.16666666666669,108.70364307205782,101.34579097956643,SEASON
TE,2025,00-0038996,Tucker Kraft,8.0,13.794595800563584,14.65,8.370142406530851,7.793568731054192,117.2,115.46273129124965,107.50913048880382,249.05,142.29242091102446,132.49066842792126,PPG
TE,2025,00-0038996,Tucker Kraft,8.0,13.794595800563584,14.65,8.370142406530851,7.793568731054192,117.2,115.46273129124965,107.50913048880382,249.05,142.29242091102446,132.49066842792126,SEASON
TE,2025,00-0039041,Elijah Higgins,17.0,12.753815338848845,3.4176470588235297,3.268455466898944,3.0214846135679267,58.10000000000001,41.685277468080116,38.5354568106184,58.10000000000001,55.56374293728204,51.365238430654756,PPG
TE,2025,00-0039041,Elijah Higgins,17.0,12.753815338848845,3.4176470588235297,3.268455466898944,3.0214846135679267,58.10000000000001,41.685277468080116,38.5354568106184,58.10000000000001,55.56374293728204,51.365238430654756,SEASON
TE,2025,00-0039050,Payne Durham,8.0,9.111083722847257,0.2625,3.6214770335378232,3.931716193085528,2.1,32.99558045293163,35.82219540967654,4.4625,61.565109570142994,66.83917528245398,PPG
TE,2025,00-0039050,Payne Durham,8.0,9.111083722847257,0.2625,3.6214770335378232,3.931716193085528,2.1,32.99558045293163,35.82219540967654,4.4625,61.565109570142994,66.83917528245398,SEASON
TE,2025,00-0039065,Sam LaPorta,9.0,13.274205569706215,11.877777777777778,9.626453845260674,9.36920905508374,106.9,127.78352724927905,124.36880702273449,201.92222222222222,163.64971536943145,159.27655393642357,PPG
TE,2025,00-0039065,Sam LaPorta,9.0,13.274205569706215,11.877777777777778,9.626453845260674,9.36920905508374,106.9,127.78352724927905,124.36880702273449,201.92222222222222,163.64971536943145,159.27655393642357,SEASON
TE,2025,00-0039066,Michael Mayer,13.0,10.672254415419367,5.676923076923077,3.7430749717692007,4.056961367312841,73.8,39.947048394709576,43.29692386549026,96.50769230769231,63.632274520076415,68.96834324431829,PPG
TE,2025,00-0039066,Michael Mayer,13.0,10.672254415419367,5.676923076923077,3.7430749717692007,4.056961367312841,73.8,39.947048394709576,43.29692386549026,96.50769230769231,63.632274520076415,68.96834324431829,SEASON
TE,2025,00-0039074,Davis Allen,15.0,8.590693491989887,4.186666666666667,2.31367762016269,2.4278748020382053,62.80000000000001,19.87609527409427,20.857128261235847,71.17333333333335,39.33251954276573,41.27387163464949,PPG
TE,2025,00-0039074,Davis Allen,15.0,8.590693491989887,4.186666666666667,2.31367762016269,2.4278748020382053,62.80000000000001,19.87609527409427,20.857128261235847,71.17333333333335,39.33251954276573,41.27387163464949,SEASON
TE,2025,00-0039144,Luke Musgrave,13.0,8.590693491989887,3.7846153846153845,1.9740945556716154,2.33004784658976,49.199999999999996,16.958841251980814,20.0167268717237,64.33846153846153,33.55960744641746,39.61081339202592,PPG
TE,2025,00-0039144,Luke Musgrave,13.0,8.590693491989887,3.7846153846153845,1.9740945556716154,2.33004784658976,49.199999999999996,16.958841251980814,20.0167268717237,64.33846153846153,33.55960744641746,39.61081339202592,SEASON
TE,2025,00-0039338,Brock Bowers,12.0,13.794595800563584,14.683333333333335,12.794146073934076,12.313703393039123,176.20000000000002,176.4900737032881,169.86256111500305,249.6166666666667,217.5004832568793,209.3329576816651,PPG
TE,2025,00-0039338,Brock Bowers,12.0,13.794595800563584,14.683333333333335,12.794146073934076,12.313703393039123,176.20000000000002,176.4900737032881,169.86256111500305,249.6166666666667,217.5004832568793,209.3329576816651,SEASON
TE,2025,00-0039356,Ja'Tavion Sanders,12.0,12.753815338848845,4.5,4.749857909586621,4.146027336616521,54.0,60.578810664638354,52.877667041026406,76.5,80.74758446297255,70.48246472248086,PPG
TE,2025,00-0039356,Ja'Tavion Sanders,12.0,12.753815338848845,4.5,4.749857909586621,4.146027336616521,54.0,60.578810664638354,52.877667041026406,76.5,80.74758446297255,70.48246472248086,SEASON
TE,2025,00-0039359,Cade Stover,6.0,12.233425107991476,3.3166666666666664,3.2252338261386035,2.8872480182725315,19.9,39.45565646782741,35.32093239973382,56.383333333333326,54.82897504435626,49.083216310633034,PPG
TE,2025,00-0039359,Cade Stover,6.0,12.233425107991476,3.3166666666666664,3.2252338261386035,2.8872480182725315,19.9,39.45565646782741,35.32093239973382,56.383333333333326,54.82897504435626,49.083216310633034,SEASON
TE,2025,00-0039530,Brevyn Spann-Ford,16.0,10.672254415419367,1.5,2.12892119490953,2.0436131219605773,24.0,22.720388622453104,21.809959164252728,25.5,36.19166031346201,34.74142307332981,PPG
TE,2025,00-0039530,Brevyn Spann-Ford,16.0,10.672254415419367,1.5,2.12892119490953,2.0436131219605773,24.0,22.720388622453104,21.809959164252728,25.5,36.19166031346201,34.74142307332981,SEASON
TE,2025,00-0039631,Cam Grandy,2.0,7.029522799417778,1.35,1.3041101956781243,2.2982546988066686,2.7,9.167272353472555,16.155633804130517,22.950000000000003,22.169873326528112,39.07032987971336,PPG
TE,2025,00-0039631,Cam Grandy,2.0,7.029522799417778,1.35,1.3041101956781243,2.2982546988066686,2.7,9.167272353472555,16.155633804130517,22.950000000000003,22.169873326528112,39.07032987971336,SEASON
TE,2025,00-0039648,David Martin-Robinson,11.0,7.029522799417778,1.1818181818181817,0.9686322925173997,1.2852808736659167,12.999999999999998,6.809022784503371,9.034911205090163,20.090909090909086,16.466748972795795,21.849774852320586,PPG
TE,2025,00-0039648,David Martin-Robinson,11.0,7.029522799417778,1.1818181818181817,0.9686322925173997,1.2852808736659167,12.999999999999998,6.809022784503371,9.034911205090163,20.090909090909086,16.466748972795795,21.849774852320586,SEASON
TE,2025,00-0039686,Colson Yankoff,10.0,7.029522799417778,0.38,0.281429741908298,0.7638509158442308,3.8,1.9783167871786418,5.369507428283171,6.46,4.784305612441066,12.985465569351923,PPG
TE,2025,00-0039686,Colson Yankoff,10.0,7.029522799417778,0.38,0.281429741908298,0.7638509158442308,3.8,1.9783167871786418,5.369507428283171,6.46,4.784305612441066,12.985465569351923,SEASON
TE,2025,00-0039737,Tip Reiman,3.0,9.111083722847257,1.6,1.6345112528020522,1.6160063054458542,4.800000000000001,14.892168870215455,14.723568745566254,27.200000000000003,27.78669129763489,27.47210719257952,PPG
TE,2025,00-0039737,Tip Reiman,3.0,9.111083722847257,1.6,1.6345112528020522,1.6160063054458542,4.800000000000001,14.892168870215455,14.723568745566254,27.200000000000003,27.78669129763489,27.47210719257952,SEASON
TE,2025,00-0039793,AJ Barner,17.0,12.753815338848845,8.66470588235294,4.743703146582644,4.242452004396053,147.29999999999998,60.50031395383125,54.107449447996416,147.29999999999998,80.64295349190495,72.12168407473291,PPG
TE,2025,00-0039793,AJ Barner,17.0,12.753815338848845,8.66470588235294,4.743703146582644,4.242452004396053,147.29999999999998,60.50031395383125,54.107449447996416,147.29999999999998,80.64295349190495,72.12168407473291,SEASON
TE,2025,00-0039847,Theo Johnson,15.0,10.672254415419367,8.52,6.785819418650539,6.776358470725473,127.8,72.4199912529317,72.31902160966436,144.84,115.35893011705916,115.19809400233304,PPG
TE,2025,00-0039847,Theo Johnson,15.0,10.672254415419367,8.52,6.785819418650539,6.776358470725473,127.8,72.4199912529317,72.31902160966436,144.84,115.35893011705916,115.19809400233304,SEASON
TE,2025,00-0039912,Ben Sinnott,9.0,8.590693491989887,3.1555555555555554,1.1681435555311022,2.2441165357116923,28.4,10.035163240210967,19.278517318605328,53.644444444444446,19.858440444028737,38.14998110709877,PPG
TE,2025,00-0039912,Ben Sinnott,9.0,8.590693491989887,3.1555555555555554,1.1681435555311022,2.2441165357116923,28.4,10.035163240210967,19.278517318605328,53.644444444444446,19.858440444028737,38.14998110709877,SEASON
