position,test_season,canonical_player_id,full_name,actual_games,predicted_games,actual_ppg,v972_pred_ppg,m9_pred_ppg,actual_season_points,v972_pred_season_points,m9_pred_season_points,actual_full_schedule_points,v972_full_schedule_points,m9_full_schedule_points,metric
QB,2022,00-0019596,Tom Brady,17.0,14.58919095281323,16.51529411764706,18.18049372564032,17.823501573154022,280.76,265.23869457978947,260.030467898511,280.76,309.06839333588545,302.9995267436184,PPG
QB,2022,00-0019596,Tom Brady,17.0,14.58919095281323,16.51529411764706,18.18049372564032,17.823501573154022,280.76,265.23869457978947,260.030467898511,280.76,309.06839333588545,302.9995267436184,SEASON
QB,2022,00-0023459,Aaron Rodgers,17.0,13.863267680994937,14.776470588235293,17.76424050303309,16.61299494272795,251.2,246.27042124311987,230.31039587405274,251.2,301.9920885515625,282.42091402637516,PPG
QB,2022,00-0023459,Aaron Rodgers,17.0,13.863267680994937,14.776470588235293,17.76424050303309,16.61299494272795,251.2,246.27042124311987,230.31039587405274,251.2,301.9920885515625,282.42091402637516,SEASON
QB,2022,00-0026143,Matt Ryan,12.0,14.58919095281323,14.023333333333333,15.645715578952926,14.48034123825222,168.28,228.25833217474903,211.25646338675762,238.39666666666668,265.9771648421997,246.16580105028774,PPG
QB,2022,00-0026143,Matt Ryan,12.0,14.58919095281323,14.023333333333333,15.645715578952926,14.48034123825222,168.28,228.25833217474903,211.25646338675762,238.39666666666668,265.9771648421997,246.16580105028774,SEASON
QB,2022,00-0026197,Chad Henne,3.0,5.152188419175447,0.0,5.198598435909711,4.470173590475985,0.0,26.784158657437604,23.0311766045543,0.0,88.37617341046509,75.99295103809175,PPG
QB,2022,00-0026197,Chad Henne,3.0,5.152188419175447,0.0,5.198598435909711,4.470173590475985,0.0,26.784158657437604,23.0311766045543,0.0,88.37617341046509,75.99295103809175,SEASON
QB,2022,00-0026300,Josh Johnson,1.0,5.152188419175447,0.7000000000000001,8.428961591122693,6.406596860558953,0.7000000000000001,43.42759829545699,33.007994151297616,11.9,143.29234704908578,108.9121466295022,PPG
QB,2022,00-0026300,Josh Johnson,1.0,5.152188419175447,0.7000000000000001,8.428961591122693,6.406596860558953,0.7000000000000001,43.42759829545699,33.007994151297616,11.9,143.29234704908578,108.9121466295022,SEASON
QB,2022,00-0026498,Matthew Stafford,9.0,14.58919095281323,12.931111111111111,16.64474106563325,16.34109954889436,116.38,242.83330576665546,238.40342169774993,219.82888888888888,282.96059811576526,277.7986923312041,PPG
QB,2022,00-0026498,Matthew Stafford,9.0,14.58919095281323,12.931111111111111,16.64474106563325,16.34109954889436,116.38,242.83330576665546,238.40342169774993,219.82888888888888,282.96059811576526,277.7986923312041,SEASON
QB,2022,00-0026625,Brian Hoyer,1.0,5.878111690993737,1.48,10.12039220871113,4.362377904553579,1.48,59.48879575946683,25.642544561289156,25.16,172.04666754808923,74.16042437741085,PPG
QB,2022,00-0026625,Brian Hoyer,1.0,5.878111690993737,1.48,10.12039220871113,4.362377904553579,1.48,59.48879575946683,25.642544561289156,25.16,172.04666754808923,74.16042437741085,SEASON
QB,2022,00-0027688,Colt McCoy,4.0,7.32995823463032,8.950000000000001,8.896900764058547,10.66898644274815,35.800000000000004,65.21391101819972,78.20322503118105,152.15,151.2473129889953,181.37276952671854,PPG
QB,2022,00-0027688,Colt McCoy,4.0,7.32995823463032,8.950000000000001,8.896900764058547,10.66898644274815,35.800000000000004,65.21391101819972,78.20322503118105,152.15,151.2473129889953,181.37276952671854,SEASON
QB,2022,00-0027948,Blaine Gabbert,1.0,6.604034962812028,5.16,3.046269352230619,3.0203865499086504,5.16,20.117669308273758,19.946738376803925,87.72,51.78657898792052,51.34657134844706,PPG
QB,2022,00-0027948,Blaine Gabbert,1.0,6.604034962812028,5.16,3.046269352230619,3.0203865499086504,5.16,20.117669308273758,19.946738376803925,87.72,51.78657898792052,51.34657134844706,SEASON
QB,2022,00-0027973,Andy Dalton,14.0,8.05588150644861,13.088571428571429,9.973894019619573,9.981665648221556,183.24,80.34850837993172,80.41111569906141,222.5057142857143,169.55619833353273,169.68831601976646,PPG
QB,2022,00-0027973,Andy Dalton,14.0,8.05588150644861,13.088571428571429,9.973894019619573,9.981665648221556,183.24,80.34850837993172,80.41111569906141,222.5057142857143,169.55619833353273,169.68831601976646,SEASON
QB,2022,00-0028118,Tyrod Taylor,2.0,6.604034962812028,6.16,12.095292558904681,13.554430850844819,12.32,79.87773494444667,89.51393523999717,104.72,205.61997350137958,230.42532446436192,PPG
QB,2022,00-0028118,Tyrod Taylor,2.0,6.604034962812028,6.16,12.095292558904681,13.554430850844819,12.32,79.87773494444667,89.51393523999717,104.72,205.61997350137958,230.42532446436192,SEASON
QB,2022,00-0028986,Case Keenum,2.0,5.878111690993737,0.16,7.580958764510806,6.901612581823427,0.32,44.561722342612406,40.56844960392576,2.72,128.8762989966837,117.32741389099826,PPG
QB,2022,00-0028986,Case Keenum,2.0,5.878111690993737,0.16,7.580958764510806,6.901612581823427,0.32,44.561722342612406,40.56844960392576,2.72,128.8762989966837,117.32741389099826,SEASON
QB,2022,00-0029263,Russell Wilson,15.0,12.411421137358357,15.710666666666668,14.278495013568236,12.512335840187873,235.66000000000003,177.2164148210667,155.2958695246343,267.08133333333336,242.73441523066,212.70970928319383,PPG
QB,2022,00-0029263,Russell Wilson,15.0,12.411421137358357,15.710666666666668,14.278495013568236,12.512335840187873,235.66000000000003,177.2164148210667,155.2958695246343,267.08133333333336,242.73441523066,212.70970928319383,SEASON
QB,2022,00-0029604,Kirk Cousins,17.0,13.863267680994937,17.975294117647064,17.871590411659295,16.141568053595623,305.5800000000001,247.7586417619353,223.77487871799255,305.5800000000001,303.817036998208,274.4066569111256,PPG
QB,2022,00-0029604,Kirk Cousins,17.0,13.863267680994937,17.975294117647064,17.871590411659295,16.141568053595623,305.5800000000001,247.7586417619353,223.77487871799255,305.5800000000001,303.817036998208,274.4066569111256,SEASON
QB,2022,00-0029701,Ryan Tannehill,12.0,14.58919095281323,13.936666666666666,14.850974096123995,10.535901592277712,167.23999999999998,216.66369692363583,153.7102801897885,236.92333333333332,252.4665596341079,179.11032706872112,PPG
QB,2022,00-0029701,Ryan Tannehill,12.0,14.58919095281323,13.936666666666666,14.850974096123995,10.535901592277712,167.23999999999998,216.66369692363583,153.7102801897885,236.92333333333332,252.4665596341079,179.11032706872112,SEASON
QB,2022,00-0030565,Geno Smith,17.0,5.152188419175447,18.522352941176468,9.414915409536382,12.206187186200395,314.87999999999994,48.50741814052981,62.888576263029414,314.87999999999994,160.0535619621185,207.50518216540672,PPG
QB,2022,00-0030565,Geno Smith,17.0,5.152188419175447,18.522352941176468,9.414915409536382,12.206187186200395,314.87999999999994,48.50741814052981,62.888576263029414,314.87999999999994,160.0535619621185,207.50518216540672,SEASON
QB,2022,00-0031237,Teddy Bridgewater,5.0,12.411421137358357,8.404,13.811561758189857,13.060441360092707,42.019999999999996,171.42110954552794,162.09863795988394,142.868,234.79654988922758,222.02750312157602,PPG
QB,2022,00-0031237,Teddy Bridgewater,5.0,12.411421137358357,8.404,13.811561758189857,13.060441360092707,42.019999999999996,171.42110954552794,162.09863795988394,142.868,234.79654988922758,222.02750312157602,SEASON
QB,2022,00-0031280,Derek Carr,15.0,14.58919095281323,15.538666666666668,16.598273736615944,14.345688617066696,233.08,242.15538503055478,209.29199058398515,264.1573333333333,282.17065352247107,243.8767064901338,PPG
QB,2022,00-0031280,Derek Carr,15.0,14.58919095281323,15.538666666666668,16.598273736615944,14.345688617066696,233.08,242.15538503055478,209.29199058398515,264.1573333333333,282.17065352247107,243.8767064901338,SEASON
QB,2022,00-0031345,Jimmy Garoppolo,11.0,13.137344409176647,15.343636363636364,14.49721980492413,14.032490004079833,168.78,190.454969552825,184.34965410192538,260.8418181818182,246.4527366837102,238.55233006935714,PPG
QB,2022,00-0031345,Jimmy Garoppolo,11.0,13.137344409176647,15.343636363636364,14.49721980492413,14.032490004079833,168.78,190.454969552825,184.34965410192538,260.8418181818182,246.4527366837102,238.55233006935714,SEASON
QB,2022,00-0031503,Jameis Winston,3.0,7.32995823463032,16.30666666666667,15.076914532228564,18.22477823261457,48.92,110.5131538283263,133.5868632804646,277.21333333333337,256.3075470478856,309.82122995444774,PPG
QB,2022,00-0031503,Jameis Winston,3.0,7.32995823463032,16.30666666666667,15.076914532228564,18.22477823261457,48.92,110.5131538283263,133.5868632804646,277.21333333333337,256.3075470478856,309.82122995444774,SEASON
QB,2022,00-0031800,Taylor Heinicke,9.0,13.863267680994937,13.55111111111111,15.699616939382492,13.818040422043227,121.96,217.64799211974196,191.5631931975935,230.36888888888888,266.89348796950236,234.90668717473486,PPG
QB,2022,00-0031800,Taylor Heinicke,9.0,13.863267680994937,13.55111111111111,15.699616939382492,13.818040422043227,121.96,217.64799211974196,191.5631931975935,230.36888888888888,266.89348796950236,234.90668717473486,SEASON
QB,2022,00-0032156,Trevor Siemian,2.0,6.604034962812028,5.58,13.141923784042481,13.504699888932981,11.16,86.7897241484275,89.18551022879711,94.86,223.41270432872219,229.57989811186067,PPG
QB,2022,00-0032156,Trevor Siemian,2.0,6.604034962812028,5.58,13.141923784042481,13.504699888932981,11.16,86.7897241484275,89.18551022879711,94.86,223.41270432872219,229.57989811186067,SEASON
QB,2022,00-0032268,Marcus Mariota,13.0,7.32995823463032,15.812307692307693,4.090496409359073,3.885765267114729,205.56,29.983167839507292,28.482497117528094,268.8092307692308,69.53843895910424,66.0580095409504,PPG
QB,2022,00-0032268,Marcus Mariota,13.0,7.32995823463032,15.812307692307693,4.090496409359073,3.885765267114729,205.56,29.983167839507292,28.482497117528094,268.8092307692308,69.53843895910424,66.0580095409504,SEASON
QB,2022,00-0032434,Brandon Allen,1.0,5.878111690993737,0.88,5.172219680338526,4.357755671210983,0.88,30.40288497138578,25.61537455743954,14.96,87.92773456575495,74.0818464105867,PPG
QB,2022,00-0032434,Brandon Allen,1.0,5.878111690993737,0.88,5.172219680338526,4.357755671210983,0.88,30.40288497138578,25.61537455743954,14.96,87.92773456575495,74.0818464105867,SEASON
QB,2022,00-0032950,Carson Wentz,8.0,14.58919095281323,15.225,16.41145462285451,14.433792622050923,121.8,239.42984530625387,210.57735673640767,258.825,278.9947285885267,245.3744745748657,PPG
QB,2022,00-0032950,Carson Wentz,8.0,14.58919095281323,15.225,16.41145462285451,14.433792622050923,121.8,239.42984530625387,210.57735673640767,258.825,278.9947285885267,245.3744745748657,SEASON
QB,2022,00-0033077,Dak Prescott,12.0,13.863267680994937,17.799999999999997,18.659766520512502,20.012928254155803,213.59999999999997,258.68533813873233,277.44458146790856,302.59999999999997,317.21603084871253,340.2197803206486,PPG
QB,2022,00-0033077,Dak Prescott,12.0,13.863267680994937,17.799999999999997,18.659766520512502,20.012928254155803,213.59999999999997,258.68533813873233,277.44458146790856,302.59999999999997,317.21603084871253,340.2197803206486,SEASON
QB,2022,00-0033106,Jared Goff,17.0,12.411421137358357,17.048235294117646,10.9878287537697,12.93246356756263,289.82,136.37457004821118,160.5102516805637,289.82,186.79308881408488,219.8518806485647,PPG
QB,2022,00-0033106,Jared Goff,17.0,12.411421137358357,17.048235294117646,10.9878287537697,12.93246356756263,289.82,136.37457004821118,160.5102516805637,289.82,186.79308881408488,219.8518806485647,SEASON
QB,2022,00-0033119,Jacoby Brissett,14.0,9.507728050085191,12.472857142857142,7.247354130341213,7.59236574450785,174.62,68.90587215394592,72.18614875556322,212.03857142857143,123.20502021580062,129.07021765663345,PPG
QB,2022,00-0033119,Jacoby Brissett,14.0,9.507728050085191,12.472857142857142,7.247354130341213,7.59236574450785,174.62,68.90587215394592,72.18614875556322,212.03857142857143,123.20502021580062,129.07021765663345,SEASON
QB,2022,00-0033275,PJ Walker,6.0,5.878111690993737,7.023333333333333,5.407511930737488,5.4050894215116285,42.14,31.785959099256146,31.771719319454082,119.39666666666668,91.9277028225373,91.88652016569769,PPG
QB,2022,00-0033275,PJ Walker,6.0,5.878111690993737,7.023333333333333,5.407511930737488,5.4050894215116285,42.14,31.785959099256146,31.771719319454082,119.39666666666668,91.9277028225373,91.88652016569769,SEASON
QB,2022,00-0033662,Cooper Rush,8.0,5.152188419175447,7.455,7.675691602841967,7.360353182410205,59.64,39.54660938532461,37.921926427455006,126.735,130.48675724831344,125.12600410097349,PPG
QB,2022,00-0033662,Cooper Rush,8.0,5.152188419175447,7.455,7.675691602841967,7.360353182410205,59.64,39.54660938532461,37.921926427455006,126.735,130.48675724831344,125.12600410097349,SEASON
QB,2022,00-0033869,Mitchell Trubisky,7.0,5.878111690993737,11.268571428571429,3.699102836947307,4.119821732780181,78.88,21.743739632048065,24.21677229226526,191.56571428571428,62.884748228104215,70.03696945726308,PPG
QB,2022,00-0033869,Mitchell Trubisky,7.0,5.878111690993737,11.268571428571429,3.699102836947307,4.119821732780181,78.88,21.743739632048065,24.21677229226526,191.56571428571428,62.884748228104215,70.03696945726308,SEASON
QB,2022,00-0033873,Patrick Mahomes,17.0,14.58919095281323,25.16470588235294,19.29492069114374,19.978286150831696,427.8,281.49728238248304,291.4670315644276,427.8,328.01365174944357,339.63086456413885,PPG
QB,2022,00-0033873,Patrick Mahomes,17.0,14.58919095281323,25.16470588235294,19.29492069114374,19.978286150831696,427.8,281.49728238248304,291.4670315644276,427.8,328.01365174944357,339.63086456413885,SEASON
QB,2022,00-0034177,Tim Boyle,1.0,5.152188419175447,-0.6799999999999999,5.755240708619865,8.5979383915182,-0.6799999999999999,29.652084528518362,44.29819860956404,-11.559999999999999,97.8390920465377,146.1649526558094,PPG
QB,2022,00-0034177,Tim Boyle,1.0,5.152188419175447,-0.6799999999999999,5.755240708619865,8.5979383915182,-0.6799999999999999,29.652084528518362,44.29819860956404,-11.559999999999999,97.8390920465377,146.1649526558094,SEASON
QB,2022,00-0034401,Mike White,4.0,5.152188419175447,15.145,10.383497966910916,11.562793263092937,60.58,53.49773797565022,59.57368954342731,257.465,176.51946543748556,196.56748547257993,PPG
QB,2022,00-0034401,Mike White,4.0,5.152188419175447,15.145,10.383497966910916,11.562793263092937,60.58,53.49773797565022,59.57368954342731,257.465,176.51946543748556,196.56748547257993,SEASON
QB,2022,00-0034796,Lamar Jackson,12.0,10.959574593721774,20.256666666666668,21.69699565077699,22.96350227883132,243.08,237.78984229434732,251.6702161579518,344.36333333333334,368.84892606320886,390.37953874013243,PPG
QB,2022,00-0034796,Lamar Jackson,12.0,10.959574593721774,20.256666666666668,21.69699565077699,22.96350227883132,243.08,237.78984229434732,251.6702161579518,344.36333333333334,368.84892606320886,390.37953874013243,SEASON
QB,2022,00-0034855,Baker Mayfield,12.0,12.411421137358357,10.785,15.752562858679841,13.818203221036999,129.42000000000002,195.51169163178517,171.50353953789192,183.345,267.7935685975573,234.909454757629,PPG
QB,2022,00-0034855,Baker Mayfield,12.0,12.411421137358357,10.785,15.752562858679841,13.818203221036999,129.42000000000002,195.51169163178517,171.50353953789192,183.345,267.7935685975573,234.909454757629,SEASON
QB,2022,00-0034857,Josh Allen,16.0,14.58919095281323,25.595,22.912565310909578,22.767925693444546,409.52,334.27579053966423,332.165615541125,435.115,389.51361028546285,387.0547367885573,PPG
QB,2022,00-0034857,Josh Allen,16.0,14.58919095281323,25.595,22.912565310909578,22.767925693444546,409.52,334.27579053966423,332.165615541125,435.115,389.51361028546285,387.0547367885573,SEASON
QB,2022,00-0034869,Sam Darnold,6.0,10.959574593721774,14.886666666666668,12.873277234275644,13.598204960085656,89.32000000000001,141.08564211470426,149.03054160077616,253.07333333333335,218.84571298268594,231.16948432145617,PPG
QB,2022,00-0034869,Sam Darnold,6.0,10.959574593721774,14.886666666666668,12.873277234275644,13.598204960085656,89.32000000000001,141.08564211470426,149.03054160077616,253.07333333333335,218.84571298268594,231.16948432145617,SEASON
QB,2022,00-0035228,Kyler Murray,11.0,12.411421137358357,18.865454545454547,20.686650542811854,19.845811878081403,207.52,256.7507318082008,246.31472903165707,320.7127272727273,351.6730592278015,337.37880192738385,PPG
QB,2022,00-0035228,Kyler Murray,11.0,12.411421137358357,18.865454545454547,20.686650542811854,19.845811878081403,207.52,256.7507318082008,246.31472903165707,320.7127272727273,351.6730592278015,337.37880192738385,SEASON
QB,2022,00-0035289,Gardner Minshew,5.0,4.426265147357156,7.964,7.6608478480392765,11.095895624591734,39.82,33.908943828982316,49.11337608184315,135.388,130.2344134166677,188.63022561805946,PPG
QB,2022,00-0035289,Gardner Minshew,5.0,4.426265147357156,7.964,7.6608478480392765,11.095895624591734,39.82,33.908943828982316,49.11337608184315,135.388,130.2344134166677,188.63022561805946,SEASON
QB,2022,00-0035710,Daniel Jones,16.0,10.233651321903483,18.375,16.137697517135443,14.622590807440524,294.0,165.1475695287117,149.64249574621743,312.375,274.34085779130254,248.58404372648891,PPG
QB,2022,00-0035710,Daniel Jones,16.0,10.233651321903483,18.375,16.137697517135443,14.622590807440524,294.0,165.1475695287117,149.64249574621743,312.375,274.34085779130254,248.58404372648891,SEASON
QB,2022,00-0035993,Tyler Huntley,5.0,7.32995823463032,10.604000000000001,14.337033039271379,16.15491153039859,53.02,105.0898533863742,118.41482680196944,180.26800000000003,243.72956166761344,274.633496016776,PPG
QB,2022,00-0035993,Tyler Huntley,5.0,7.32995823463032,10.604000000000001,14.337033039271379,16.15491153039859,53.02,105.0898533863742,118.41482680196944,180.26800000000003,243.72956166761344,274.633496016776,SEASON
QB,2022,00-0036212,Tua Tagovailoa,13.0,11.685497865540064,18.37846153846154,11.587698464867572,13.762953959753862,238.92000000000002,135.4080256777319,160.82696912022993,312.43384615384616,196.99087390274872,233.97021731581566,PPG
QB,2022,00-0036212,Tua Tagovailoa,13.0,11.685497865540064,18.37846153846154,11.587698464867572,13.762953959753862,238.92000000000002,135.4080256777319,160.82696912022993,312.43384615384616,196.99087390274872,233.97021731581566,SEASON
QB,2022,00-0036264,Jordan Love,4.0,6.604034962812028,2.95,6.306003361634247,6.41113821797626,11.8,41.64506667584274,42.33938094293563,50.150000000000006,107.2020571477822,108.98934970559642,PPG
QB,2022,00-0036264,Jordan Love,4.0,6.604034962812028,2.95,6.306003361634247,6.41113821797626,11.8,41.64506667584274,42.33938094293563,50.150000000000006,107.2020571477822,108.98934970559642,SEASON
QB,2022,00-0036355,Justin Herbert,17.0,14.58919095281323,17.074117647058824,20.342505565984094,19.54706801193364,290.26,296.7806981608079,285.1759077937271,290.26,345.8225946217296,332.30015620287185,PPG
QB,2022,00-0036355,Justin Herbert,17.0,14.58919095281323,17.074117647058824,20.342505565984094,19.54706801193364,290.26,296.7806981608079,285.1759077937271,290.26,345.8225946217296,332.30015620287185,SEASON
QB,2022,00-0036389,Jalen Hurts,15.0,13.137344409176647,25.602666666666668,19.171450686072024,18.1321257135433,384.04,251.8619504864741,238.20798036930617,435.24533333333335,325.9146616632244,308.2461371302361,PPG
QB,2022,00-0036389,Jalen Hurts,15.0,13.137344409176647,25.602666666666668,19.171450686072024,18.1321257135433,384.04,251.8619504864741,238.20798036930617,435.24533333333335,325.9146616632244,308.2461371302361,SEASON
QB,2022,00-0036442,Joe Burrow,16.0,13.863267680994937,22.66875,19.811592253640796,17.94503393172512,362.7,274.6534065989481,248.77680894004237,385.36875,336.79706831189355,305.06557683932704,PPG
QB,2022,00-0036442,Joe Burrow,16.0,13.863267680994937,22.66875,19.811592253640796,17.94503393172512,362.7,274.6534065989481,248.77680894004237,385.36875,336.79706831189355,305.06557683932704,SEASON
QB,2022,00-0036879,Sam Ehlinger,4.0,4.426265147357156,9.655000000000001,2.6608802022558313,2.6955242470392036,38.620000000000005,11.777761300537646,11.931105028525767,164.13500000000002,45.23496343834913,45.82391219966646,PPG
QB,2022,00-0036879,Sam Ehlinger,4.0,4.426265147357156,9.655000000000001,2.6608802022558313,2.6955242470392036,38.620000000000005,11.777761300537646,11.931105028525767,164.13500000000002,45.23496343834913,45.82391219966646,SEASON
QB,2022,00-0036898,Davis Mills,15.0,11.685497865540064,13.101333333333335,13.155627013435122,12.14553083546816,196.52,153.73005138533733,141.9265746537142,222.7226666666667,223.64565922839708,206.4740242029587,PPG
QB,2022,00-0036898,Davis Mills,15.0,11.685497865540064,13.101333333333335,13.155627013435122,12.14553083546816,196.52,153.73005138533733,141.9265746537142,222.7226666666667,223.64565922839708,206.4740242029587,SEASON
QB,2022,00-0036945,Justin Fields,15.0,10.959574593721774,20.465333333333334,17.658968510319177,17.04557501446974,306.98,193.5347826370269,186.81225086396122,347.91066666666666,300.20246467542603,289.7747752459856,PPG
QB,2022,00-0036945,Justin Fields,15.0,10.959574593721774,20.465333333333334,17.658968510319177,17.04557501446974,306.98,193.5347826370269,186.81225086396122,347.91066666666666,300.20246467542603,289.7747752459856,SEASON
QB,2022,00-0036971,Trevor Lawrence,17.0,14.58919095281323,17.86,17.495070452753435,12.287542264517793,303.62,255.23892356814045,179.26530043781315,303.62,297.4161976968084,208.88821849680247,PPG
QB,2022,00-0036971,Trevor Lawrence,17.0,14.58919095281323,17.86,17.495070452753435,12.287542264517793,303.62,255.23892356814045,179.26530043781315,303.62,297.4161976968084,208.88821849680247,SEASON
QB,2022,00-0036972,Mac Jones,14.0,14.58919095281323,12.934285714285718,17.10256231308808,13.544591744460673,181.08000000000004,249.5125473680291,197.60463533783442,219.8828571428572,290.74355932249733,230.25805965583143,PPG
QB,2022,00-0036972,Mac Jones,14.0,14.58919095281323,12.934285714285718,17.10256231308808,13.544591744460673,181.08000000000004,249.5125473680291,197.60463533783442,219.8828571428572,290.74355932249733,230.25805965583143,SEASON
QB,2022,00-0037012,Trey Lance,2.0,6.604034962812029,6.73,11.744365097985897,8.870572442947195,13.46,77.56019772312818,58.58157055338018,114.41000000000001,199.65420666576026,150.79973153010232,PPG
QB,2022,00-0037012,Trey Lance,2.0,6.604034962812029,6.73,11.744365097985897,8.870572442947195,13.46,77.56019772312818,58.58157055338018,114.41000000000001,199.65420666576026,150.79973153010232,SEASON
QB,2022,00-0037013,Zach Wilson,9.0,11.685497865540064,10.968888888888888,11.265877445305957,12.999125352666503,98.71999999999998,131.6473868405587,151.90125156247217,186.4711111111111,191.51991657020127,220.98513099533056,PPG
QB,2022,00-0037013,Zach Wilson,9.0,11.685497865540064,10.968888888888888,11.265877445305957,12.999125352666503,98.71999999999998,131.6473868405587,151.90125156247217,186.4711111111111,191.51991657020127,220.98513099533056,SEASON
QB,2023,00-0023459,Aaron Rodgers,1.0,14.528296648575283,0.0,16.051470065914614,13.559386930060644,0.0,233.20051876333378,196.99479569273555,0.0,272.87499112054843,230.50957781103094,PPG
QB,2023,00-0023459,Aaron Rodgers,1.0,14.528296648575283,0.0,16.051470065914614,13.559386930060644,0.0,233.20051876333378,196.99479569273555,0.0,272.87499112054843,230.50957781103094,SEASON
QB,2023,00-0026158,Joe Flacco,5.0,5.491647322927805,21.768,8.571197556552153,10.373990296288568,108.84,47.069994115724974,56.97029603869214,370.05600000000004,145.71035846138662,176.35783503690567,PPG
QB,2023,00-0026158,Joe Flacco,5.0,5.491647322927805,21.768,8.571197556552153,10.373990296288568,108.84,47.069994115724974,56.97029603869214,370.05600000000004,145.71035846138662,176.35783503690567,SEASON
QB,2023,00-0026498,Matthew Stafford,15.0,8.503863764810298,16.80666666666667,11.431536768711807,12.380049544213415,252.10000000000002,97.21223130354493,105.2782547255927,285.71333333333337,194.3361250681007,210.46084225162807,PPG
QB,2023,00-0026498,Matthew Stafford,15.0,8.503863764810298,16.80666666666667,11.431536768711807,12.380049544213415,252.10000000000002,97.21223130354493,105.2782547255927,285.71333333333337,194.3361250681007,210.46084225162807,SEASON
QB,2023,00-0027973,Andy Dalton,2.0,12.269134317163413,11.819999999999999,12.614046814269434,11.735022250024956,23.639999999999997,154.76343464725895,143.9785642004574,200.93999999999997,214.4387958425804,199.49537825042427,PPG
QB,2023,00-0027973,Andy Dalton,2.0,12.269134317163413,11.819999999999999,12.614046814269434,11.735022250024956,23.639999999999997,154.76343464725895,143.9785642004574,200.93999999999997,214.4387958425804,199.49537825042427,SEASON
QB,2023,00-0029263,Russell Wilson,15.0,13.022188427634037,17.66,15.639222933630819,15.04329855184481,264.9,203.65690790351607,195.89666831527734,300.22,265.86678987172394,255.73607538136176,PPG
QB,2023,00-0029263,Russell Wilson,15.0,13.022188427634037,17.66,15.639222933630819,15.04329855184481,264.9,203.65690790351607,195.89666831527734,300.22,265.86678987172394,255.73607538136176,SEASON
QB,2023,00-0029604,Kirk Cousins,8.0,14.528296648575283,19.3425,17.199177703753552,15.012951650541261,154.74,249.87475579169347,218.11261514978136,328.8225,292.3860209638104,255.22017805920143,PPG
QB,2023,00-0029604,Kirk Cousins,8.0,14.528296648575283,19.3425,17.199177703753552,15.012951650541261,154.74,249.87475579169347,218.11261514978136,328.8225,292.3860209638104,255.22017805920143,SEASON
QB,2023,00-0029701,Ryan Tannehill,9.0,10.763026096222168,9.671111111111111,13.428341246636492,13.944648622274157,87.04,144.52958726652508,150.08661702418524,164.4088888888889,228.28180119282035,237.05902657866065,PPG
QB,2023,00-0029701,Ryan Tannehill,9.0,10.763026096222168,9.671111111111111,13.428341246636492,13.944648622274157,87.04,144.52958726652508,150.08661702418524,164.4088888888889,228.28180119282035,237.05902657866065,SEASON
QB,2023,00-0030565,Geno Smith,15.0,14.528296648575283,15.697333333333333,18.151491984996547,16.585686696253102,235.45999999999998,263.71026017226643,240.96177644349362,266.8546666666667,308.5753637449413,281.95667383630274,PPG
QB,2023,00-0030565,Geno Smith,15.0,14.528296648575283,15.697333333333333,18.151491984996547,16.585686696253102,235.45999999999998,263.71026017226643,240.96177644349362,266.8546666666667,308.5753637449413,281.95667383630274,SEASON
QB,2023,00-0031237,Teddy Bridgewater,1.0,5.491647322927805,0.0,5.949801248331017,8.17303815752865,0.0,32.674210097349544,44.883443117979006,0.0,101.14662122162729,138.94164867798705,PPG
QB,2023,00-0031237,Teddy Bridgewater,1.0,5.491647322927805,0.0,5.949801248331017,8.17303815752865,0.0,32.674210097349544,44.883443117979006,0.0,101.14662122162729,138.94164867798705,SEASON
QB,2023,00-0031280,Derek Carr,17.0,13.022188427634037,14.654117647058824,15.601879460478118,13.471597411721646,249.12,203.17061415957932,175.42967991666626,249.12,265.231950828128,229.01715599926797,PPG
QB,2023,00-0031280,Derek Carr,17.0,13.022188427634037,14.654117647058824,15.601879460478118,13.471597411721646,249.12,203.17061415957932,175.42967991666626,249.12,265.231950828128,229.01715599926797,SEASON
QB,2023,00-0031345,Jimmy Garoppolo,7.0,10.009971985751545,10.442857142857143,13.287797812563063,13.737743901507507,73.1,133.01048385608692,137.51443160151928,177.52857142857144,225.89256281357208,233.54164632562762,PPG
QB,2023,00-0031345,Jimmy Garoppolo,7.0,10.009971985751545,10.442857142857143,13.287797812563063,13.737743901507507,73.1,133.01048385608692,137.51443160151928,177.52857142857144,225.89256281357208,233.54164632562762,SEASON
QB,2023,00-0031503,Jameis Winston,6.0,3.985539101986558,2.5933333333333333,10.329091741697216,14.517301579969658,15.559999999999999,41.166999024540694,57.85927310230031,44.086666666666666,175.59455960885268,246.79412685948418,PPG
QB,2023,00-0031503,Jameis Winston,6.0,3.985539101986558,2.5933333333333333,10.329091741697216,14.517301579969658,15.559999999999999,41.166999024540694,57.85927310230031,44.086666666666666,175.59455960885268,246.79412685948418,SEASON
QB,2023,00-0031800,Taylor Heinicke,5.0,8.503863764810298,14.0,9.148093619902797,13.07061120318626,70.0,77.79414185138366,111.15069699469916,238.0,155.51759153834755,222.20039045416644,PPG
QB,2023,00-0031800,Taylor Heinicke,5.0,8.503863764810298,14.0,9.148093619902797,13.07061120318626,70.0,77.79414185138366,111.15069699469916,238.0,155.51759153834755,222.20039045416644,SEASON
QB,2023,00-0032268,Marcus Mariota,2.0,11.516080206692791,6.380000000000001,16.737164419111238,16.576932737652616,12.760000000000002,192.74652788308978,190.90128698775902,108.46000000000001,284.53179512489106,281.80785654009446,PPG
QB,2023,00-0032268,Marcus Mariota,2.0,11.516080206692791,6.380000000000001,16.737164419111238,16.576932737652616,12.760000000000002,192.74652788308978,190.90128698775902,108.46000000000001,284.53179512489106,281.80785654009446,SEASON
QB,2023,00-0032436,Jeff Driskel,1.0,6.997755543869051,15.940000000000001,4.058926452660693,5.97137561890762,15.940000000000001,28.403375086263107,41.786226841735285,270.98,69.0017496952318,101.51338552142954,PPG
QB,2023,00-0032436,Jeff Driskel,1.0,6.997755543869051,15.940000000000001,4.058926452660693,5.97137561890762,15.940000000000001,28.403375086263107,41.786226841735285,270.98,69.0017496952318,101.51338552142954,SEASON
QB,2023,00-0032950,Carson Wentz,1.0,7.750809654339674,27.12,13.139766631833007,13.681631495694692,27.12,101.84383006578157,106.04372148394818,461.04,223.3760327411611,232.58773542680976,PPG
QB,2023,00-0032950,Carson Wentz,1.0,7.750809654339674,27.12,13.139766631833007,13.681631495694692,27.12,101.84383006578157,106.04372148394818,461.04,223.3760327411611,232.58773542680976,SEASON
QB,2023,00-0033077,Dak Prescott,17.0,10.763026096222168,20.696470588235293,16.33531565313518,18.11787758331316,351.84,175.8174286647204,195.00318923735816,351.84,277.70036610329805,308.0039189163237,PPG
QB,2023,00-0033077,Dak Prescott,17.0,10.763026096222168,20.696470588235293,16.33531565313518,18.11787758331316,351.84,175.8174286647204,195.00318923735816,351.84,277.70036610329805,308.0039189163237,SEASON
QB,2023,00-0033106,Jared Goff,17.0,14.528296648575283,17.711764705882356,17.048826491313463,14.46503190305549,301.1,247.6904087758909,210.15227451869563,301.1,289.83005035232884,245.90554235194332,PPG
QB,2023,00-0033106,Jared Goff,17.0,14.528296648575283,17.711764705882356,17.048826491313463,14.46503190305549,301.1,247.6904087758909,210.15227451869563,301.1,289.83005035232884,245.90554235194332,SEASON
QB,2023,00-0033119,Jacoby Brissett,2.0,12.269134317163413,11.43,13.965170700402016,11.930903760827228,22.86,171.3405550853474,146.38186076673938,194.31,237.40790190683427,202.82536393406286,PPG
QB,2023,00-0033119,Jacoby Brissett,2.0,12.269134317163413,11.43,13.965170700402016,11.930903760827228,22.86,171.3405550853474,146.38186076673938,194.31,237.40790190683427,202.82536393406286,SEASON
QB,2023,00-0033275,PJ Walker,5.0,6.244701433398428,4.992000000000001,6.557884229356618,8.434722567810438,24.960000000000004,40.95202904712422,52.67232410952391,84.86400000000002,111.4840318990625,143.39028365277744,PPG
QB,2023,00-0033275,PJ Walker,5.0,6.244701433398428,4.992000000000001,6.557884229356618,8.434722567810438,24.960000000000004,40.95202904712422,52.67232410952391,84.86400000000002,111.4840318990625,143.39028365277744,SEASON
QB,2023,00-0033319,Nick Mullens,5.0,4.7385932124571815,14.948,3.0815253571205785,4.911074541427434,74.74000000000001,14.602095141266265,23.271584487879302,254.116,52.38593107104983,83.48826720426638,PPG
QB,2023,00-0033319,Nick Mullens,5.0,4.7385932124571815,14.948,3.0815253571205785,4.911074541427434,74.74000000000001,14.602095141266265,23.271584487879302,254.116,52.38593107104983,83.48826720426638,SEASON
QB,2023,00-0033537,Deshaun Watson,6.0,6.244701433398428,15.133333333333335,12.582837556184955,13.991239745962755,90.80000000000001,78.57606372332776,87.37111489663468,257.2666666666667,213.90823845514424,237.85107568136684,PPG
QB,2023,00-0033537,Deshaun Watson,6.0,6.244701433398428,15.133333333333335,12.582837556184955,13.991239745962755,90.80000000000001,78.57606372332776,87.37111489663468,257.2666666666667,213.90823845514424,237.85107568136684,SEASON
QB,2023,00-0033662,Cooper Rush,7.0,7.750809654339674,0.6800000000000002,8.304210223033133,8.563341497473209,4.760000000000002,64.36435276835142,66.37282995202291,11.560000000000002,141.17157379156325,145.57680545704454,PPG
QB,2023,00-0033662,Cooper Rush,7.0,7.750809654339674,0.6800000000000002,8.304210223033133,8.563341497473209,4.760000000000002,64.36435276835142,66.37282995202291,11.560000000000002,141.17157379156325,145.57680545704454,SEASON
QB,2023,00-0033869,Mitchell Trubisky,5.0,6.997755543869051,10.736,10.259754675562823,11.097470423663989,53.68000000000001,71.79525515965615,77.6573851801175,182.512,174.41582948456798,188.6569972022878,PPG
QB,2023,00-0033869,Mitchell Trubisky,5.0,6.997755543869051,10.736,10.259754675562823,11.097470423663989,53.68000000000001,71.79525515965615,77.6573851801175,182.512,174.41582948456798,188.6569972022878,SEASON
QB,2023,00-0033873,Patrick Mahomes,16.0,14.528296648575283,18.38875,19.553639123817558,16.511784353763524,294.22,284.08106975000914,239.8881012887804,312.60875000000004,332.4118651048985,280.7003340139799,PPG
QB,2023,00-0033873,Patrick Mahomes,16.0,14.528296648575283,18.38875,19.553639123817558,16.511784353763524,294.22,284.08106975000914,239.8881012887804,312.60875000000004,332.4118651048985,280.7003340139799,SEASON
QB,2023,00-0033936,C.J. Beathard,6.0,4.7385932124571815,3.5766666666666667,3.7006324270240216,2.885338681039115,21.46,17.535791700494975,13.672446289612106,60.803333333333335,62.910751259408364,49.05075757766495,PPG
QB,2023,00-0033936,C.J. Beathard,6.0,4.7385932124571815,3.5766666666666667,3.7006324270240216,2.885338681039115,21.46,17.535791700494975,13.672446289612106,60.803333333333335,62.910751259408364,49.05075757766495,SEASON
QB,2023,00-0033958,Nathan Peterman,1.0,3.985539101986558,0.0,4.0280602289299505,4.788687522950197,0.0,16.053991547557246,19.085501369913164,0.0,68.47702389180915,81.40768789015335,PPG
QB,2023,00-0033958,Nathan Peterman,1.0,3.985539101986558,0.0,4.0280602289299505,4.788687522950197,0.0,16.053991547557246,19.085501369913164,0.0,68.47702389180915,81.40768789015335,SEASON
QB,2023,00-0034401,Mike White,6.0,4.7385932124571815,0.6599999999999999,10.715072786355242,13.671000298031643,3.9599999999999995,50.774371176407605,64.78130921975286,11.219999999999999,182.15623736803911,232.40700506653792,PPG
QB,2023,00-0034401,Mike White,6.0,4.7385932124571815,0.6599999999999999,10.715072786355242,13.671000298031643,3.9599999999999995,50.774371176407605,64.78130921975286,11.219999999999999,182.15623736803911,232.40700506653792,SEASON
QB,2023,00-0034796,Lamar Jackson,16.0,10.763026096222168,21.13875,19.814445355216016,20.951389801674914,338.22,213.2633924403581,225.5003551875501,359.35875000000004,336.8455710386723,356.1736266284735,PPG
QB,2023,00-0034796,Lamar Jackson,16.0,10.763026096222168,21.13875,19.814445355216016,20.951389801674914,338.22,213.2633924403581,225.5003551875501,359.35875000000004,336.8455710386723,356.1736266284735,SEASON
QB,2023,00-0034855,Baker Mayfield,17.0,10.763026096222168,16.709411764705884,12.941182699986804,11.707882362534255,284.06,139.28628711593683,126.01224339945543,284.06,220.00010589977566,199.03400016308234,PPG
QB,2023,00-0034855,Baker Mayfield,17.0,10.763026096222168,16.709411764705884,12.941182699986804,11.707882362534255,284.06,139.28628711593683,126.01224339945543,284.06,220.00010589977566,199.03400016308234,SEASON
QB,2023,00-0034857,Josh Allen,17.0,13.77524253810466,24.155294117647056,22.711093837365038,20.32884067776183,410.63999999999993,312.85082591535746,280.0347108546571,410.63999999999993,386.0885952352056,345.5902915219511,PPG
QB,2023,00-0034857,Josh Allen,17.0,13.77524253810466,24.155294117647056,22.711093837365038,20.32884067776183,410.63999999999993,312.85082591535746,280.0347108546571,410.63999999999993,386.0885952352056,345.5902915219511,SEASON
QB,2023,00-0034869,Sam Darnold,10.0,6.244701433398428,2.438,11.952494104236228,14.770932649378663,24.380000000000003,74.63975706541024,92.24006428820658,41.446000000000005,203.19239977201588,251.10585503943727,PPG
QB,2023,00-0034869,Sam Darnold,10.0,6.244701433398428,2.438,11.952494104236228,14.770932649378663,24.380000000000003,74.63975706541024,92.24006428820658,41.446000000000005,203.19239977201588,251.10585503943727,SEASON
QB,2023,00-0034955,Brett Rypien,2.0,4.7385932124571815,2.89,6.2303252353783005,7.369030983097496,5.78,29.522976871764307,34.91884019889247,49.13,105.91552900143111,125.27352671265744,PPG
QB,2023,00-0034955,Brett Rypien,2.0,4.7385932124571815,2.89,6.2303252353783005,7.369030983097496,5.78,29.522976871764307,34.91884019889247,49.13,105.91552900143111,125.27352671265744,SEASON
QB,2023,00-0035228,Kyler Murray,8.0,10.009971985751545,18.92,16.704106273924634,16.950328379954183,151.36,167.2076358490022,169.67231223263073,321.64000000000004,283.9698066567188,288.1555824592211,PPG
QB,2023,00-0035228,Kyler Murray,8.0,10.009971985751545,18.92,16.704106273924634,16.950328379954183,151.36,167.2076358490022,169.67231223263073,321.64000000000004,283.9698066567188,288.1555824592211,SEASON
QB,2023,00-0035264,Jarrett Stidham,2.0,3.985539101986558,13.82,12.202127715495102,13.360666726263542,27.64,48.63205713753964,53.249459666134086,234.94,207.43617116341673,227.1313343464802,PPG
QB,2023,00-0035264,Jarrett Stidham,2.0,3.985539101986558,13.82,12.202127715495102,13.360666726263542,27.64,48.63205713753964,53.249459666134086,234.94,207.43617116341673,227.1313343464802,SEASON
QB,2023,00-0035289,Gardner Minshew,16.0,5.491647322927805,12.825,8.113152527705601,8.250973261127509,205.2,44.55457235927942,45.311435221019785,218.02499999999998,137.92359297099523,140.26654543916766,PPG
QB,2023,00-0035289,Gardner Minshew,16.0,5.491647322927805,12.825,8.113152527705601,8.250973261127509,205.2,44.55457235927942,45.311435221019785,218.02499999999998,137.92359297099523,140.26654543916766,SEASON
QB,2023,00-0035710,Daniel Jones,6.0,13.77524253810466,10.493333333333334,19.558554770617206,18.272646275157186,62.96000000000001,269.423835660056,251.71013425328493,178.38666666666668,332.4954311004925,310.63498667767215,PPG
QB,2023,00-0035710,Daniel Jones,6.0,13.77524253810466,10.493333333333334,19.558554770617206,18.272646275157186,62.96000000000001,269.423835660056,251.71013425328493,178.38666666666668,332.4954311004925,310.63498667767215,SEASON
QB,2023,00-0035993,Tyler Huntley,5.0,5.491647322927805,5.1240000000000006,9.985776470627032,11.568657971008664,25.620000000000005,54.8383626222744,63.530989576357136,87.108,169.75820000065954,196.66718550714728,PPG
QB,2023,00-0035993,Tyler Huntley,5.0,5.491647322927805,5.1240000000000006,9.985776470627032,11.568657971008664,25.620000000000005,54.8383626222744,63.530989576357136,87.108,169.75820000065954,196.66718550714728,SEASON
QB,2023,00-0036212,Tua Tagovailoa,17.0,11.516080206692791,16.72705882352941,15.410256963208019,14.916348328525656,284.36,177.46575519404962,171.7778637422694,284.36,261.9743683745363,253.57792158493615,PPG
QB,2023,00-0036212,Tua Tagovailoa,17.0,11.516080206692791,16.72705882352941,15.410256963208019,14.916348328525656,284.36,177.46575519404962,171.7778637422694,284.36,261.9743683745363,253.57792158493615,SEASON
QB,2023,00-0036264,Jordan Love,17.0,4.7385932124571815,19.415294117647058,4.059789727596558,4.516631076181902,330.06,19.237692047192443,21.402477360768735,330.06,69.01642536914149,76.78272829509234,PPG
QB,2023,00-0036264,Jordan Love,17.0,4.7385932124571815,19.415294117647058,4.059789727596558,4.516631076181902,330.06,19.237692047192443,21.402477360768735,330.06,69.01642536914149,76.78272829509234,SEASON
QB,2023,00-0036355,Justin Herbert,13.0,14.528296648575283,18.396923076923077,16.529367204067313,16.141970376514184,239.16,240.14355015392135,234.5153341225125,312.7476923076923,280.9992424691443,274.4134964007411,PPG
QB,2023,00-0036355,Justin Herbert,13.0,14.528296648575283,18.396923076923077,16.529367204067313,16.141970376514184,239.16,240.14355015392135,234.5153341225125,312.7476923076923,280.9992424691443,274.4134964007411,SEASON
QB,2023,00-0036389,Jalen Hurts,17.0,13.022188427634037,21.871764705882352,24.07317781340498,23.344631874043046,371.82,313.48545753809873,303.99819503754003,371.82,409.24402282788463,396.8587418587318,PPG
QB,2023,00-0036389,Jalen Hurts,17.0,13.022188427634037,21.871764705882352,24.07317781340498,23.344631874043046,371.82,313.48545753809873,303.99819503754003,371.82,409.24402282788463,396.8587418587318,SEASON
QB,2023,00-0036442,Joe Burrow,10.0,13.77524253810466,15.316,19.433133071754842,19.060578310883486,153.16,267.69612133868577,262.56408914895724,260.372,330.36326221983234,324.02983128501927,PPG
QB,2023,00-0036442,Joe Burrow,10.0,13.77524253810466,15.316,19.433133071754842,19.060578310883486,153.16,267.69612133868577,262.56408914895724,260.372,330.36326221983234,324.02983128501927,SEASON
QB,2023,00-0036898,Davis Mills,5.0,13.022188427634037,3.5640000000000005,13.959410826028584,12.814688130465663,17.820000000000004,181.78207811529873,166.8752834762892,60.58800000000001,237.30998404248592,217.84969821791628,PPG
QB,2023,00-0036898,Davis Mills,5.0,13.022188427634037,3.5640000000000005,13.959410826028584,12.814688130465663,17.820000000000004,181.78207811529873,166.8752834762892,60.58800000000001,237.30998404248592,217.84969821791628,SEASON
QB,2023,00-0036945,Justin Fields,13.0,13.022188427634037,18.39846153846154,21.250852845101484,21.795601641568577,239.18,276.7326099968344,283.82643147015574,312.7738461538462,361.2644983667252,370.5252279066658,PPG
QB,2023,00-0036945,Justin Fields,13.0,13.022188427634037,18.39846153846154,21.250852845101484,21.795601641568577,239.18,276.7326099968344,283.82643147015574,312.7738461538462,361.2644983667252,370.5252279066658,SEASON
QB,2023,00-0036971,Trevor Lawrence,16.0,14.528296648575283,17.28375,18.74093217044067,14.469948261222793,276.54,272.2738220429899,210.22370082858086,293.82375,318.59584689749136,245.98912044078747,PPG
QB,2023,00-0036971,Trevor Lawrence,16.0,14.528296648575283,17.28375,18.74093217044067,14.469948261222793,276.54,272.2738220429899,210.22370082858086,293.82375,318.59584689749136,245.98912044078747,SEASON
QB,2023,00-0036972,Mac Jones,11.0,12.269134317163413,10.763636363636364,14.731920347211693,13.292550119043707,118.4,180.74790948969292,163.08808282817375,182.98181818181817,250.44264590259877,225.97335202374302,PPG
QB,2023,00-0036972,Mac Jones,11.0,12.269134317163413,10.763636363636364,14.731920347211693,13.292550119043707,118.4,180.74790948969292,163.08808282817375,182.98181818181817,250.44264590259877,225.97335202374302,SEASON
QB,2023,00-0037013,Zach Wilson,12.0,8.503863764810298,10.578333333333331,11.706059180033012,12.45573109440366,126.93999999999997,99.54673248980768,105.9218403179202,179.83166666666662,199.0030060605612,211.74742860486222,PPG
QB,2023,00-0037013,Zach Wilson,12.0,8.503863764810298,10.578333333333331,11.706059180033012,12.45573109440366,126.93999999999997,99.54673248980768,105.9218403179202,179.83166666666662,199.0030060605612,211.74742860486222,SEASON
QB,2023,00-0037834,Brock Purdy,16.0,8.503863764810298,19.1625,9.628081190172981,10.40643207205312,306.6,81.87589075776361,88.49488061849227,325.76250000000005,163.6773802329407,176.90934522490303,PPG
QB,2023,00-0037834,Brock Purdy,16.0,8.503863764810298,19.1625,9.628081190172981,10.40643207205312,306.6,81.87589075776361,88.49488061849227,325.76250000000005,163.6773802329407,176.90934522490303,SEASON
QB,2023,00-0038102,Kenny Pickett,12.0,11.516080206692791,9.516666666666666,12.821630046939594,6.848890742810755,114.19999999999999,147.65492000109862,78.87237512108443,161.7833333333333,217.9677107979731,116.43114262778283,PPG
QB,2023,00-0038102,Kenny Pickett,12.0,11.516080206692791,9.516666666666666,12.821630046939594,6.848890742810755,114.19999999999999,147.65492000109862,78.87237512108443,161.7833333333333,217.9677107979731,116.43114262778283,SEASON
QB,2023,00-0038108,Bailey Zappe,10.0,4.7385932124571815,7.818,7.660475140102887,11.158465943758772,78.17999999999999,36.29987550308852,52.875430982529934,132.906,130.22807738174907,189.69392104389914,PPG
QB,2023,00-0038108,Bailey Zappe,10.0,4.7385932124571815,7.818,7.660475140102887,11.158465943758772,78.17999999999999,36.29987550308852,52.875430982529934,132.906,130.22807738174907,189.69392104389914,SEASON
QB,2023,00-0038122,Desmond Ridder,15.0,4.7385932124571815,12.582666666666666,9.163943901499957,12.429693186764661,188.74,43.42420237098608,58.899259767728296,213.90533333333332,155.78704632549926,211.30478417499924,PPG
QB,2023,00-0038122,Desmond Ridder,15.0,4.7385932124571815,12.582666666666666,9.163943901499957,12.429693186764661,188.74,43.42420237098608,58.899259767728296,213.90533333333332,155.78704632549926,211.30478417499924,SEASON
QB,2023,00-0038128,Malik Willis,2.0,6.997755543869051,1.53,8.075670761971828,6.678993851333299,3.06,56.511569845049564,46.7379662506349,26.01,137.28640295352108,113.54289547266609,PPG
QB,2023,00-0038128,Malik Willis,2.0,6.997755543869051,1.53,8.075670761971828,6.678993851333299,3.06,56.511569845049564,46.7379662506349,26.01,137.28640295352108,113.54289547266609,SEASON
QB,2024,00-0026158,Joe Flacco,7.0,5.796932660181994,15.14857142857143,15.518786874077003,18.936811804911144,106.04,89.96136247674062,109.77542283160936,257.5257142857143,263.81937685930905,321.92580068348946,PPG
QB,2024,00-0026158,Joe Flacco,7.0,5.796932660181994,15.14857142857143,15.518786874077003,18.936811804911144,106.04,89.96136247674062,109.77542283160936,257.5257142857143,263.81937685930905,321.92580068348946,SEASON
QB,2024,00-0026498,Matthew Stafford,16.0,12.654691461641345,13.911249999999999,15.080088105322615,14.129263481724298,222.57999999999998,190.8338621872253,178.80146994145733,236.49124999999998,256.36149779048446,240.19747918931307,PPG
QB,2024,00-0026498,Matthew Stafford,16.0,12.654691461641345,13.911249999999999,15.080088105322615,14.129263481724298,222.57999999999998,190.8338621872253,178.80146994145733,236.49124999999998,256.36149779048446,240.19747918931307,SEASON
QB,2024,00-0028118,Tyrod Taylor,2.0,9.22581206091167,10.03,12.169734493699735,9.900284381655313,20.06,112.27568327006779,91.33816305473101,170.51,206.8854863928955,168.30483448814033,PPG
QB,2024,00-0028118,Tyrod Taylor,2.0,9.22581206091167,10.03,12.169734493699735,9.900284381655313,20.06,112.27568327006779,91.33816305473101,170.51,206.8854863928955,168.30483448814033,SEASON
QB,2024,00-0029263,Russell Wilson,11.0,12.654691461641345,16.161818181818184,16.64870689645811,15.908783434729465,177.78000000000003,210.6842490099778,201.32074589657222,274.75090909090915,283.02801723978786,270.4493183904009,PPG
QB,2024,00-0029263,Russell Wilson,11.0,12.654691461641345,16.161818181818184,16.64870689645811,15.908783434729465,177.78000000000003,210.6842490099778,201.32074589657222,274.75090909090915,283.02801723978786,270.4493183904009,SEASON
QB,2024,00-0029604,Kirk Cousins,14.0,7.854260300619799,13.737142857142858,13.77057317110826,14.222073137527934,192.32000000000002,108.15766617461571,111.70386443659692,233.5314285714286,234.09974390884042,241.77524333797487,PPG
QB,2024,00-0029604,Kirk Cousins,14.0,7.854260300619799,13.737142857142858,13.77057317110826,14.222073137527934,192.32000000000002,108.15766617461571,111.70386443659692,233.5314285714286,234.09974390884042,241.77524333797487,SEASON
QB,2024,00-0030565,Geno Smith,17.0,12.654691461641345,16.529411764705884,15.635058614517282,14.386173430116667,281.0,197.85684275139383,182.05258607178897,281.0,265.7959964467938,244.56494831198333,PPG
QB,2024,00-0030565,Geno Smith,17.0,12.654691461641345,16.529411764705884,15.635058614517282,14.386173430116667,281.0,197.85684275139383,182.05258607178897,281.0,265.7959964467938,244.56494831198333,SEASON
QB,2024,00-0031280,Derek Carr,10.0,14.026243221933214,15.59,16.2729217413942,12.982533938927304,155.9,228.24795827628003,182.096178664397,265.03,276.6396696037014,220.70307696176417,PPG
QB,2024,00-0031280,Derek Carr,10.0,14.026243221933214,15.59,16.2729217413942,12.982533938927304,155.9,228.24795827628003,182.096178664397,265.03,276.6396696037014,220.70307696176417,SEASON
QB,2024,00-0031345,Jimmy Garoppolo,1.0,7.168484420473863,20.86,10.36201331122191,10.93459809056898,20.86,74.27993098623705,78.38449605638698,354.62,176.15422629077247,185.88816753967265,PPG
QB,2024,00-0031345,Jimmy Garoppolo,1.0,7.168484420473863,20.86,10.36201331122191,10.93459809056898,20.86,74.27993098623705,78.38449605638698,354.62,176.15422629077247,185.88816753967265,SEASON
QB,2024,00-0031503,Jameis Winston,11.0,6.482708540327929,13.012727272727272,7.421640358327711,4.900737917397921,143.14,48.112331334173476,31.77005555102441,221.2163636363636,126.16788609157108,83.31254459576465,PPG
QB,2024,00-0031503,Jameis Winston,11.0,6.482708540327929,13.012727272727272,7.421640358327711,4.900737917397921,143.14,48.112331334173476,31.77005555102441,221.2163636363636,126.16788609157108,83.31254459576465,SEASON
QB,2024,00-0031800,Taylor Heinicke,4.0,5.796932660181994,0.78,11.602960631827543,13.347363110192433,3.12,67.26158144144699,77.37376514078284,13.26,197.25033074106824,226.90517287327134,PPG
QB,2024,00-0031800,Taylor Heinicke,4.0,5.796932660181994,0.78,11.602960631827543,13.347363110192433,3.12,67.26158144144699,77.37376514078284,13.26,197.25033074106824,226.90517287327134,SEASON
QB,2024,00-0033077,Dak Prescott,8.0,14.026243221933214,15.565000000000001,18.712512725534605,17.9568391976538,124.52000000000001,262.46625478186877,251.86699408343625,264.605,318.1127163340883,305.26626636011457,PPG
QB,2024,00-0033077,Dak Prescott,8.0,14.026243221933214,15.565000000000001,18.712512725534605,17.9568391976538,124.52000000000001,262.46625478186877,251.86699408343625,264.605,318.1127163340883,305.26626636011457,SEASON
QB,2024,00-0033106,Jared Goff,17.0,14.026243221933214,19.338823529411762,17.10731790524067,14.60755467569683,328.75999999999993,239.95140181383866,204.8891147590115,328.75999999999993,290.8244043890914,248.32842948684612,PPG
QB,2024,00-0033106,Jared Goff,17.0,14.026243221933214,19.338823529411762,17.10731790524067,14.60755467569683,328.75999999999993,239.95140181383866,204.8891147590115,328.75999999999993,290.8244043890914,248.32842948684612,SEASON
QB,2024,00-0033319,Nick Mullens,4.0,5.796932660181994,0.38,12.25657678495531,15.049003979498424,1.52,71.05055026673587,87.23806267196322,6.46,208.36180534424028,255.83306765147321,PPG
QB,2024,00-0033319,Nick Mullens,4.0,5.796932660181994,0.38,12.25657678495531,15.049003979498424,1.52,71.05055026673587,87.23806267196322,6.46,208.36180534424028,255.83306765147321,SEASON
QB,2024,00-0033537,Deshaun Watson,7.0,6.482708540327929,11.38857142857143,10.66781750837048,14.68929658858429,79.72000000000001,69.15635166817312,95.22642844622528,193.6057142857143,181.35289764229816,249.71804200593292,PPG
QB,2024,00-0033537,Deshaun Watson,7.0,6.482708540327929,11.38857142857143,10.66781750837048,14.68929658858429,79.72000000000001,69.15635166817312,95.22642844622528,193.6057142857143,181.35289764229816,249.71804200593292,SEASON
QB,2024,00-0033662,Cooper Rush,12.0,7.168484420473863,9.546666666666667,6.222971180940449,4.0941091759052055,114.56,44.609271959629446,29.348557843195554,162.29333333333335,105.79051007598763,69.59985599038849,PPG
QB,2024,00-0033662,Cooper Rush,12.0,7.168484420473863,9.546666666666667,6.222971180940449,4.0941091759052055,114.56,44.609271959629446,29.348557843195554,162.29333333333335,105.79051007598763,69.59985599038849,SEASON
QB,2024,00-0033869,Mitchell Trubisky,8.0,5.796932660181994,1.9075,7.674190559833155,11.19737082277097,15.26,44.48676589675716,64.91040463068997,32.4275,130.46123951716365,190.3553039871065,PPG
QB,2024,00-0033869,Mitchell Trubisky,8.0,5.796932660181994,1.9075,7.674190559833155,11.19737082277097,15.26,44.48676589675716,64.91040463068997,32.4275,130.46123951716365,190.3553039871065,SEASON
QB,2024,00-0033873,Patrick Mahomes,16.0,13.34046734178728,18.30125,16.686200348200646,16.451525460397505,292.82,222.60171080369025,219.47103812701485,311.12125,283.665405919411,279.6759328267576,PPG
QB,2024,00-0033873,Patrick Mahomes,16.0,13.34046734178728,18.30125,16.686200348200646,16.451525460397505,292.82,222.60171080369025,219.47103812701485,311.12125,283.665405919411,279.6759328267576,SEASON
QB,2024,00-0033949,Joshua Dobbs,2.0,11.283139701349475,16.419999999999998,16.143967234301464,17.64282480307951,32.839999999999996,182.15463763863193,199.06645697957964,279.14,274.44744298312486,299.9280216523517,PPG
QB,2024,00-0033949,Joshua Dobbs,2.0,11.283139701349475,16.419999999999998,16.143967234301464,17.64282480307951,32.839999999999996,182.15463763863193,199.06645697957964,279.14,274.44744298312486,299.9280216523517,SEASON
QB,2024,00-0034177,Tim Boyle,3.0,4.425380899890123,4.9799999999999995,6.3155257845636665,7.1305966746245115,14.939999999999998,27.948607179771635,31.555606328703337,84.66,107.36393833758233,121.2201434686167,PPG
QB,2024,00-0034177,Tim Boyle,3.0,4.425380899890123,4.9799999999999995,6.3155257845636665,7.1305966746245115,14.939999999999998,27.948607179771635,31.555606328703337,84.66,107.36393833758233,121.2201434686167,SEASON
QB,2024,00-0034401,Mike White,1.0,6.482708540327929,1.12,3.0339897188202007,3.841112804030899,1.12,19.668471061462846,24.900814779054066,19.040000000000003,51.57782521994341,65.29891766852528,PPG
QB,2024,00-0034401,Mike White,1.0,6.482708540327929,1.12,3.0339897188202007,3.841112804030899,1.12,19.668471061462846,24.900814779054066,19.040000000000003,51.57782521994341,65.29891766852528,SEASON
QB,2024,00-0034577,Kyle Allen,1.0,6.482708540327929,0.76,6.314716698953508,3.3925668338003034,0.76,40.93646787405729,21.99302198711051,12.92,107.35018388220963,57.67363617460516,PPG
QB,2024,00-0034577,Kyle Allen,1.0,6.482708540327929,0.76,6.314716698953508,3.3925668338003034,0.76,40.93646787405729,21.99302198711051,12.92,107.35018388220963,57.67363617460516,SEASON
QB,2024,00-0034771,Mason Rudolph,8.0,5.111156780036059,13.100000000000001,8.56722654622874,10.605273016727656,104.80000000000001,43.78843804786194,54.20521308358103,222.70000000000002,145.64285128588858,180.28964128437016,PPG
QB,2024,00-0034771,Mason Rudolph,8.0,5.111156780036059,13.100000000000001,8.56722654622874,10.605273016727656,104.80000000000001,43.78843804786194,54.20521308358103,222.70000000000002,145.64285128588858,180.28964128437016,SEASON
QB,2024,00-0034796,Lamar Jackson,17.0,13.34046734178728,25.551764705882352,21.969978864942057,19.56139618963137,434.38,293.08978554751627,260.95816702753945,434.38,373.48964070401496,332.5437352237333,PPG
QB,2024,00-0034796,Lamar Jackson,17.0,13.34046734178728,25.551764705882352,21.969978864942057,19.56139618963137,434.38,293.08978554751627,260.95816702753945,434.38,373.48964070401496,332.5437352237333,SEASON
QB,2024,00-0034855,Baker Mayfield,17.0,14.026243221933214,22.458823529411763,15.856413664598739,12.748682600882116,381.79999999999995,222.40591468724725,178.81612291920067,381.79999999999995,269.5590322981786,216.72760421499598,PPG
QB,2024,00-0034855,Baker Mayfield,17.0,14.026243221933214,22.458823529411763,15.856413664598739,12.748682600882116,381.79999999999995,222.40591468724725,178.81612291920067,381.79999999999995,269.5590322981786,216.72760421499598,SEASON
QB,2024,00-0034857,Josh Allen,16.0,14.026243221933214,23.646250000000002,21.765070345173093,18.892956775163704,378.34000000000003,305.2821704038837,264.9972069099171,401.98625000000004,370.0061958679426,321.180265177783,PPG
QB,2024,00-0034857,Josh Allen,16.0,14.026243221933214,23.646250000000002,21.765070345173093,18.892956775163704,378.34000000000003,305.2821704038837,264.9972069099171,401.98625000000004,370.0061958679426,321.180265177783,SEASON
QB,2024,00-0034869,Sam Darnold,17.0,9.22581206091167,18.82117647058823,7.936329586638396,5.075341773292992,319.9599999999999,73.21908521977865,46.82414934529531,319.9599999999999,134.91760297285273,86.28081014598087,PPG
QB,2024,00-0034869,Sam Darnold,17.0,9.22581206091167,18.82117647058823,7.936329586638396,5.075341773292992,319.9599999999999,73.21908521977865,46.82414934529531,319.9599999999999,134.91760297285273,86.28081014598087,SEASON
QB,2024,00-0035100,Jake Browning,2.0,8.540036180765734,0.0,13.310323627339525,14.737023024031606,0.0,113.67064535518054,125.85470982200756,0.0,226.27550166477192,250.5293914085373,PPG
QB,2024,00-0035100,Jake Browning,2.0,8.540036180765734,0.0,13.310323627339525,14.737023024031606,0.0,113.67064535518054,125.85470982200756,0.0,226.27550166477192,250.5293914085373,SEASON
QB,2024,00-0035228,Kyler Murray,17.0,7.854260300619799,18.131764705882354,15.06181569309073,17.77980302686605,308.24,118.29942105349481,139.64720106675375,308.24,256.0508667825424,302.2566514567228,PPG
QB,2024,00-0035228,Kyler Murray,17.0,7.854260300619799,18.131764705882354,15.06181569309073,17.77980302686605,308.24,118.29942105349481,139.64720106675375,308.24,256.0508667825424,302.2566514567228,SEASON
QB,2024,00-0035289,Gardner Minshew,10.0,13.34046734178728,10.632000000000001,13.110033754136667,12.39502138318108,106.32000000000002,174.8939771467891,165.3553779630822,180.74400000000003,222.87057382032336,210.71536351407835,PPG
QB,2024,00-0035289,Gardner Minshew,10.0,13.34046734178728,10.632000000000001,13.110033754136667,12.39502138318108,106.32000000000002,174.8939771467891,165.3553779630822,180.74400000000003,222.87057382032336,210.71536351407835,SEASON
QB,2024,00-0035704,Drew Lock,7.0,5.111156780036059,12.162857142857142,7.134689510963006,8.997000319589267,85.13999999999999,36.46651666741072,45.98507918345527,206.76857142857142,121.2897216863711,152.94900543301753,PPG
QB,2024,00-0035704,Drew Lock,7.0,5.111156780036059,12.162857142857142,7.134689510963006,8.997000319589267,85.13999999999999,36.46651666741072,45.98507918345527,206.76857142857142,121.2897216863711,152.94900543301753,SEASON
QB,2024,00-0035710,Daniel Jones,10.0,6.482708540327929,14.229999999999999,12.23263786528831,12.64821888963325,142.29999999999998,79.30062596004333,81.9947166157625,241.90999999999997,207.9548437099013,215.01972112376527,PPG
QB,2024,00-0035710,Daniel Jones,10.0,6.482708540327929,14.229999999999999,12.23263786528831,12.64821888963325,142.29999999999998,79.30062596004333,81.9947166157625,241.90999999999997,207.9548437099013,215.01972112376527,SEASON
QB,2024,00-0035993,Tyler Huntley,5.0,5.796932660181994,12.732,4.936557040627851,6.658394264755025,63.66,28.61688873766696,38.598263177726885,216.444,83.92146969067346,113.19270250083544,PPG
QB,2024,00-0035993,Tyler Huntley,5.0,5.796932660181994,12.732,4.936557040627851,6.658394264755025,63.66,28.61688873766696,38.598263177726885,216.444,83.92146969067346,113.19270250083544,SEASON
QB,2024,00-0036212,Tua Tagovailoa,11.0,14.026243221933214,17.143636363636364,15.854908165590853,16.164066189193665,188.58,222.38479819199227,226.72112382505748,291.4418181818182,269.5334388150445,274.7891252162923,PPG
QB,2024,00-0036212,Tua Tagovailoa,11.0,14.026243221933214,17.143636363636364,15.854908165590853,16.164066189193665,188.58,222.38479819199227,226.72112382505748,291.4418181818182,269.5334388150445,274.7891252162923,SEASON
QB,2024,00-0036264,Jordan Love,15.0,14.026243221933214,16.324,17.51961080202533,16.229716028104157,244.86,245.7343222628157,227.64194443309677,277.50800000000004,297.8333836344306,275.9051724777707,PPG
QB,2024,00-0036264,Jordan Love,15.0,14.026243221933214,16.324,17.51961080202533,16.229716028104157,244.86,245.7343222628157,227.64194443309677,277.50800000000004,297.8333836344306,275.9051724777707,SEASON
QB,2024,00-0036355,Justin Herbert,17.0,11.283139701349475,16.96470588235294,16.656463295105013,17.343059274549965,288.4,187.93720228906966,195.68416064353192,288.4,283.15987601678523,294.8320076673494,PPG
QB,2024,00-0036355,Justin Herbert,17.0,11.283139701349475,16.96470588235294,16.656463295105013,17.343059274549965,288.4,187.93720228906966,195.68416064353192,288.4,283.15987601678523,294.8320076673494,SEASON
QB,2024,00-0036389,Jalen Hurts,15.0,14.026243221933214,21.341333333333335,20.680618022412006,19.545249015135987,320.12,290.07137836224626,274.146416519548,362.8026666666667,351.57050638100407,332.2692332573118,PPG
QB,2024,00-0036389,Jalen Hurts,15.0,14.026243221933214,21.341333333333335,20.680618022412006,19.545249015135987,320.12,290.07137836224626,274.146416519548,362.8026666666667,351.57050638100407,332.2692332573118,SEASON
QB,2024,00-0036442,Joe Burrow,17.0,9.22581206091167,22.46,15.463625418759246,16.275712649081118,381.82,142.66450189380933,150.1566660578252,381.82,262.8816321189072,276.687115034379,PPG
QB,2024,00-0036442,Joe Burrow,17.0,9.22581206091167,22.46,15.463625418759246,16.275712649081118,381.82,142.66450189380933,150.1566660578252,381.82,262.8816321189072,276.687115034379,SEASON
QB,2024,00-0036898,Davis Mills,4.0,5.796932660181994,2.395,4.650940539109795,5.120612546531477,9.58,26.961189111730025,29.683846111126012,40.715,79.06598916486652,87.05041329103511,PPG
QB,2024,00-0036898,Davis Mills,4.0,5.796932660181994,2.395,4.650940539109795,5.120612546531477,9.58,26.961189111730025,29.683846111126012,40.715,79.06598916486652,87.05041329103511,SEASON
QB,2024,00-0036945,Justin Fields,10.0,11.283139701349475,12.014,17.43902363428258,17.426142236942017,120.13999999999999,196.76693992074559,196.6215973150034,204.238,296.4634017828039,296.2444180280143,PPG
QB,2024,00-0036945,Justin Fields,10.0,11.283139701349475,12.014,17.43902363428258,17.426142236942017,120.13999999999999,196.76693992074559,196.6215973150034,204.238,296.4634017828039,296.2444180280143,SEASON
QB,2024,00-0036971,Trevor Lawrence,10.0,13.34046734178728,15.270000000000001,16.129820272771198,15.894085168721032,152.70000000000002,215.17934057780255,212.0345241209085,259.59000000000003,274.2069446371104,270.19944786825755,PPG
QB,2024,00-0036971,Trevor Lawrence,10.0,13.34046734178728,15.270000000000001,16.129820272771198,15.894085168721032,152.70000000000002,215.17934057780255,212.0345241209085,259.59000000000003,274.2069446371104,270.19944786825755,SEASON
QB,2024,00-0036972,Mac Jones,10.0,9.911587941057604,10.408,10.900503794603127,11.358067049511266,104.08,108.041301962041,112.5764804016596,176.93599999999998,185.30856450825317,193.08713984169154,PPG
QB,2024,00-0036972,Mac Jones,10.0,9.911587941057604,10.408,10.900503794603127,11.358067049511266,104.08,108.041301962041,112.5764804016596,176.93599999999998,185.30856450825317,193.08713984169154,SEASON
QB,2024,00-0037077,Sam Howell,1.0,14.026243221933214,0.15999999999999998,14.105681005007387,14.48163288223962,0.15999999999999998,197.84971258723695,203.12290505703862,2.7199999999999998,239.7965770851256,246.18775899807352,PPG
QB,2024,00-0037077,Sam Howell,1.0,14.026243221933214,0.15999999999999998,14.105681005007387,14.48163288223962,0.15999999999999998,197.84971258723695,203.12290505703862,2.7199999999999998,239.7965770851256,246.18775899807352,SEASON
QB,2024,00-0037834,Brock Purdy,15.0,13.34046734178728,18.590666666666667,17.265969923733437,15.606449795084002,278.86,230.33610789184732,208.1973338125609,316.04133333333334,293.52148870346844,265.309646516428,PPG
QB,2024,00-0037834,Brock Purdy,15.0,13.34046734178728,18.590666666666667,17.265969923733437,15.606449795084002,278.86,230.33610789184732,208.1973338125609,316.04133333333334,293.52148870346844,265.309646516428,SEASON
QB,2024,00-0038102,Kenny Pickett,5.0,10.59736382120354,5.228000000000001,11.897303385649485,10.438498226671186,26.140000000000004,126.08005246896424,110.62056345502253,88.876,202.25415755604124,177.45446985341016,PPG
QB,2024,00-0038102,Kenny Pickett,5.0,10.59736382120354,5.228000000000001,11.897303385649485,10.438498226671186,26.140000000000004,126.08005246896424,110.62056345502253,88.876,202.25415755604124,177.45446985341016,SEASON
QB,2024,00-0038108,Bailey Zappe,1.0,9.22581206091167,9.0,8.931453863445345,9.809518912589438,9.0,82.39991477485019,90.50077789550876,153.0,151.83471567857086,166.76182151402043,PPG
QB,2024,00-0038108,Bailey Zappe,1.0,9.22581206091167,9.0,8.931453863445345,9.809518912589438,9.0,82.39991477485019,90.50077789550876,153.0,151.83471567857086,166.76182151402043,SEASON
QB,2024,00-0038122,Desmond Ridder,5.0,12.654691461641345,4.784,14.31436326730445,12.38448717007004,23.919999999999998,181.14385061759015,156.72186404789213,81.328,243.34417554417567,210.53628189119067,PPG
QB,2024,00-0038122,Desmond Ridder,5.0,12.654691461641345,4.784,14.31436326730445,12.38448717007004,23.919999999999998,181.14385061759015,156.72186404789213,81.328,243.34417554417567,210.53628189119067,SEASON
QB,2024,00-0038416,Tyson Bagent,4.0,5.796932660181994,0.11,8.078087147393841,8.903527262999628,0.44,46.82812721652376,51.61314798170334,1.87,137.3274815056953,151.35996347099368,PPG
QB,2024,00-0038416,Tyson Bagent,4.0,5.796932660181994,0.11,8.078087147393841,8.903527262999628,0.44,46.82812721652376,51.61314798170334,1.87,137.3274815056953,151.35996347099368,SEASON
QB,2024,00-0038476,Tommy DeVito,2.0,8.540036180765734,6.74,10.556681032481968,12.034063289580684,13.48,90.15443796619937,102.77133589464376,114.58,179.46357755219347,204.57907592287162,PPG
QB,2024,00-0038476,Tommy DeVito,2.0,8.540036180765734,6.74,10.556681032481968,12.034063289580684,13.48,90.15443796619937,102.77133589464376,114.58,179.46357755219347,204.57907592287162,SEASON
QB,2024,00-0038579,Aidan O'Connell,9.0,9.911587941057604,10.831111111111111,11.57512863364121,12.316420778247014,97.48,114.7279053813888,122.07528766266442,184.1288888888889,196.77718677190057,209.37915323019925,PPG
QB,2024,00-0038579,Aidan O'Connell,9.0,9.911587941057604,10.831111111111111,11.57512863364121,12.316420778247014,97.48,114.7279053813888,122.07528766266442,184.1288888888889,196.77718677190057,209.37915323019925,SEASON
QB,2024,00-0038582,Clayton Tune,5.0,6.482708540327929,-0.336,5.312354349598989,4.414572768979203,-1.6800000000000002,34.43844491139358,28.61838859136059,-5.712000000000001,90.31002394318281,75.04773707264644,PPG
QB,2024,00-0038582,Clayton Tune,5.0,6.482708540327929,-0.336,5.312354349598989,4.414572768979203,-1.6800000000000002,34.43844491139358,28.61838859136059,-5.712000000000001,90.31002394318281,75.04773707264644,SEASON
QB,2024,00-0038583,Dorian Thompson-Robinson,6.0,7.168484420473863,3.633333333333333,7.801525045555495,6.478825236063761,21.799999999999997,55.92511074500121,46.44335776769597,61.76666666666666,132.62592577444343,110.14002901308393,PPG
QB,2024,00-0038583,Dorian Thompson-Robinson,6.0,7.168484420473863,3.633333333333333,7.801525045555495,6.478825236063761,21.799999999999997,55.92511074500121,46.44335776769597,61.76666666666666,132.62592577444343,110.14002901308393,SEASON
QB,2024,00-0039150,Bryce Young,14.0,13.34046734178728,14.572857142857142,12.752193213436884,10.49496145287504,204.01999999999998,170.12021710001613,140.00769051539586,247.73857142857142,216.78728462842705,178.41434469887568,PPG
QB,2024,00-0039150,Bryce Young,14.0,13.34046734178728,14.572857142857142,12.752193213436884,10.49496145287504,204.01999999999998,170.12021710001613,140.00769051539586,247.73857142857142,216.78728462842705,178.41434469887568,SEASON
QB,2024,00-0039152,Will Levis,12.0,8.540036180765734,10.995,11.04276882273287,11.989552858597278,131.94,94.30564528197054,102.39121520362399,186.915,187.72706998645882,203.82239859615373,PPG
QB,2024,00-0039152,Will Levis,12.0,8.540036180765734,10.995,11.04276882273287,11.989552858597278,131.94,94.30564528197054,102.39121520362399,186.915,187.72706998645882,203.82239859615373,SEASON
QB,2024,00-0039163,C.J. Stroud,17.0,12.654691461641345,13.669411764705883,16.289420393763606,16.67364091780417,232.38,206.13758917204672,210.99978135701022,232.38,276.92014669398134,283.4518956026709,PPG
QB,2024,00-0039163,C.J. Stroud,17.0,12.654691461641345,13.669411764705883,16.289420393763606,16.67364091780417,232.38,206.13758917204672,210.99978135701022,232.38,276.92014669398134,283.4518956026709,SEASON
QB,2024,00-0039164,Anthony Richardson,11.0,5.111156780036059,15.860000000000001,14.896634011109843,16.867780328877338,174.46,76.13903192559982,86.21386979210027,269.62,253.24277818886733,286.75226559091476,PPG
QB,2024,00-0039164,Anthony Richardson,11.0,5.111156780036059,15.860000000000001,14.896634011109843,16.867780328877338,174.46,76.13903192559982,86.21386979210027,269.62,253.24277818886733,286.75226559091476,SEASON
QB,2025,00-0023459,Aaron Rodgers,16.0,13.80989829846619,14.62375,16.52569643734613,13.523836137002109,233.98,228.2181871110751,186.762801657121,248.60375,280.93683943488423,229.90521432903586,PPG
QB,2025,00-0023459,Aaron Rodgers,16.0,13.80989829846619,14.62375,16.52569643734613,13.523836137002109,233.98,228.2181871110751,186.762801657121,248.60375,280.93683943488423,229.90521432903586,SEASON
QB,2025,00-0026158,Joe Flacco,13.0,7.151804628571203,12.05076923076923,12.26207456861086,13.26250471204807,156.66,87.69596165567638,94.85084258607279,204.8630769230769,208.45526766638463,225.4625801048172,PPG
QB,2025,00-0026158,Joe Flacco,13.0,7.151804628571203,12.05076923076923,12.26207456861086,13.26250471204807,156.66,87.69596165567638,94.85084258607279,204.8630769230769,208.45526766638463,225.4625801048172,SEASON
QB,2025,00-0026300,Josh Johnson,3.0,5.154376527602707,8.793333333333333,6.103599760268274,5.328371367302572,26.38,31.460251338208305,27.46443230597472,149.48666666666665,103.76119592456067,90.58231324414372,PPG
QB,2025,00-0026300,Josh Johnson,3.0,5.154376527602707,8.793333333333333,6.103599760268274,5.328371367302572,26.38,31.460251338208305,27.46443230597472,149.48666666666665,103.76119592456067,90.58231324414372,SEASON
QB,2025,00-0026498,Matthew Stafford,17.0,13.144088931476691,21.08117647058824,15.513256652513672,10.685468862865333,358.38000000000005,203.9076250574621,140.45075300802705,358.38000000000005,263.72536309273244,181.65297066871065,PPG
QB,2025,00-0026498,Matthew Stafford,17.0,13.144088931476691,21.08117647058824,15.513256652513672,10.685468862865333,358.38000000000005,203.9076250574621,140.45075300802705,358.38000000000005,263.72536309273244,181.65297066871065,SEASON
QB,2025,00-0027973,Andy Dalton,4.0,6.485995261581705,2.68,9.016715121047653,11.07626865271228,10.72,58.482371550147185,71.84062599749782,45.56,153.2841570578101,188.29656709610876,PPG
QB,2025,00-0027973,Andy Dalton,4.0,6.485995261581705,2.68,9.016715121047653,11.07626865271228,10.72,58.482371550147185,71.84062599749782,45.56,153.2841570578101,188.29656709610876,SEASON
QB,2025,00-0029263,Russell Wilson,6.0,9.815042096529197,8.806666666666667,14.82241356616136,13.555862656796185,52.84,145.4826131240392,133.05136263122267,149.71333333333334,251.98103062474314,230.44966516553515,PPG
QB,2025,00-0029263,Russell Wilson,6.0,9.815042096529197,8.806666666666667,14.82241356616136,13.555862656796185,52.84,145.4826131240392,133.05136263122267,149.71333333333334,251.98103062474314,230.44966516553515,SEASON
QB,2025,00-0029604,Kirk Cousins,10.0,11.812470197497694,10.854000000000001,15.449269890598572,12.026968503745042,108.54,182.4940401557941,142.06820701673175,184.51800000000003,262.6375881401757,204.45846456366573,PPG
QB,2025,00-0029604,Kirk Cousins,10.0,11.812470197497694,10.854000000000001,15.449269890598572,12.026968503745042,108.54,182.4940401557941,142.06820701673175,184.51800000000003,262.6375881401757,204.45846456366573,SEASON
QB,2025,00-0030565,Geno Smith,15.0,13.80989829846619,12.726666666666667,16.58733915590396,15.858026955060465,190.9,229.0694667851997,218.9977394637205,216.35333333333332,281.9847656503673,269.5864582360279,PPG
QB,2025,00-0030565,Geno Smith,15.0,13.80989829846619,12.726666666666667,16.58733915590396,15.858026955060465,190.9,229.0694667851997,218.9977394637205,216.35333333333332,281.9847656503673,269.5864582360279,SEASON
QB,2025,00-0031503,Jameis Winston,3.0,9.815042096529197,11.660000000000002,12.29358580005365,12.377594860602846,34.980000000000004,120.66206214482014,121.48661461060037,198.22000000000003,208.99095860091205,210.41911263024838,PPG
QB,2025,00-0031503,Jameis Winston,3.0,9.815042096529197,11.660000000000002,12.29358580005365,12.377594860602846,34.980000000000004,120.66206214482014,121.48661461060037,198.22000000000003,208.99095860091205,210.41911263024838,SEASON
QB,2025,00-0032268,Marcus Mariota,10.0,4.488567160613209,13.25,10.191966972532581,14.203744216944244,132.5,45.74732825496417,63.75445984992571,225.25,173.2634385330539,241.46365168805215,PPG
QB,2025,00-0032268,Marcus Mariota,10.0,4.488567160613209,13.25,10.191966972532581,14.203744216944244,132.5,45.74732825496417,63.75445984992571,225.25,173.2634385330539,241.46365168805215,SEASON
QB,2025,00-0032434,Brandon Allen,1.0,4.488567160613209,1.88,5.244631018601301,5.982390626056391,1.88,23.540878559627203,26.852362106077013,31.959999999999997,89.15872731622211,101.70064064295865,PPG
QB,2025,00-0032434,Brandon Allen,1.0,4.488567160613209,1.88,5.244631018601301,5.982390626056391,1.88,23.540878559627203,26.852362106077013,31.959999999999997,89.15872731622211,101.70064064295865,SEASON
QB,2025,00-0033077,Dak Prescott,17.0,7.817613995560702,19.045882352941177,8.768938825337814,13.506919749493106,323.78000000000003,68.55217888717652,105.59188487055255,323.78000000000003,149.07196003074284,229.6176357413828,PPG
QB,2025,00-0033077,Dak Prescott,17.0,7.817613995560702,19.045882352941177,8.768938825337814,13.506919749493106,323.78000000000003,68.55217888717652,105.59188487055255,323.78000000000003,149.07196003074284,229.6176357413828,SEASON
QB,2025,00-0033106,Jared Goff,17.0,13.80989829846619,17.94470588235294,17.994654713908947,15.79415767432599,305.06,248.5043515150978,218.11571119238124,305.06,305.9091301364521,268.50068046354187,PPG
QB,2025,00-0033106,Jared Goff,17.0,13.80989829846619,17.94470588235294,17.994654713908947,15.79415767432599,305.06,248.5043515150978,218.11571119238124,305.06,305.9091301364521,268.50068046354187,SEASON
QB,2025,00-0033119,Jacoby Brissett,14.0,7.151804628571203,16.81714285714286,7.8253783047458665,8.186342368575819,235.44000000000003,55.96557678020216,58.547121242649084,285.8914285714286,133.03143118067973,139.16782026578892,PPG
QB,2025,00-0033119,Jacoby Brissett,14.0,7.151804628571203,16.81714285714286,7.8253783047458665,8.186342368575819,235.44000000000003,55.96557678020216,58.547121242649084,285.8914285714286,133.03143118067973,139.16782026578892,SEASON
QB,2025,00-0033319,Nick Mullens,4.0,5.154376527602707,0.19,4.75446509989776,3.827892136842477,0.76,24.506303312219277,19.730397380335834,3.23,80.82590669826192,65.07416632632211,PPG
QB,2025,00-0033319,Nick Mullens,4.0,5.154376527602707,0.19,4.75446509989776,3.827892136842477,0.76,24.506303312219277,19.730397380335834,3.23,80.82590669826192,65.07416632632211,SEASON
QB,2025,00-0033662,Cooper Rush,4.0,10.480851463518697,1.5300000000000002,12.57964466344626,10.33898472569436,6.120000000000001,131.8453871814259,108.36136319359117,26.010000000000005,213.85395927858642,175.76274033680411,PPG
QB,2025,00-0033662,Cooper Rush,4.0,10.480851463518697,1.5300000000000002,12.57964466344626,10.33898472569436,6.120000000000001,131.8453871814259,108.36136319359117,26.010000000000005,213.85395927858642,175.76274033680411,SEASON
QB,2025,00-0033869,Mitchell Trubisky,4.0,7.817613995560702,7.78,7.511093714273594,4.78952017173413,31.12,58.71883134267326,37.44261992656903,132.26,127.6885931426511,81.4218429194802,PPG
QB,2025,00-0033869,Mitchell Trubisky,4.0,7.817613995560702,7.78,7.511093714273594,4.78952017173413,31.12,58.71883134267326,37.44261992656903,132.26,127.6885931426511,81.4218429194802,SEASON
QB,2025,00-0033873,Patrick Mahomes,14.0,13.144088931476691,21.191428571428574,17.58881524435174,15.786975551078111,296.68000000000006,231.1889517710722,207.50541060241895,360.25428571428574,299.00985915397956,268.3785843683279,PPG
QB,2025,00-0033873,Patrick Mahomes,14.0,13.144088931476691,21.191428571428574,17.58881524435174,15.786975551078111,296.68000000000006,231.1889517710722,207.50541060241895,360.25428571428574,299.00985915397956,268.3785843683279,SEASON
QB,2025,00-0034771,Mason Rudolph,5.0,7.817613995560702,3.4000000000000004,11.39555888150665,12.717279914696093,17.0,89.08608059930245,99.41878544659119,57.800000000000004,193.72450098561305,216.19375854983357,PPG
QB,2025,00-0034771,Mason Rudolph,5.0,7.817613995560702,3.4000000000000004,11.39555888150665,12.717279914696093,17.0,89.08608059930245,99.41878544659119,57.800000000000004,193.72450098561305,216.19375854983357,SEASON
QB,2025,00-0034796,Lamar Jackson,13.0,13.80989829846619,17.066153846153846,22.84496305336804,21.197964705696197,221.85999999999999,315.4866163992303,292.7417367201403,290.12461538461537,388.36437190725667,360.3653999968354,PPG
QB,2025,00-0034796,Lamar Jackson,13.0,13.80989829846619,17.066153846153846,22.84496305336804,21.197964705696197,221.85999999999999,315.4866163992303,292.7417367201403,290.12461538461537,388.36437190725667,360.3653999968354,SEASON
QB,2025,00-0034855,Baker Mayfield,17.0,13.80989829846619,16.642352941176473,19.881057419931874,18.018664397558066,282.92,274.5553810352258,248.83592280447047,282.92,337.9779761388419,306.3172947584871,PPG
QB,2025,00-0034855,Baker Mayfield,17.0,13.80989829846619,16.642352941176473,19.881057419931874,18.018664397558066,282.92,274.5553810352258,248.83592280447047,282.92,337.9779761388419,306.3172947584871,SEASON
QB,2025,00-0034857,Josh Allen,16.0,13.144088931476691,23.41375,21.37470027219768,19.70670432713192,374.62,280.95096126142533,259.02667422213847,398.03375,363.36990462736054,335.01397356124266,PPG
QB,2025,00-0034857,Josh Allen,16.0,13.144088931476691,23.41375,21.37470027219768,19.70670432713192,374.62,280.95096126142533,259.02667422213847,398.03375,363.36990462736054,335.01397356124266,SEASON
QB,2025,00-0034869,Sam Darnold,17.0,13.80989829846619,14.671764705882353,17.23398666420453,15.93141848047711,249.42000000000002,237.99960310978716,220.01126896569366,249.42000000000002,292.977773291477,270.8341141681109,PPG
QB,2025,00-0034869,Sam Darnold,17.0,13.80989829846619,14.671764705882353,17.23398666420453,15.93141848047711,249.42000000000002,237.99960310978716,220.01126896569366,249.42000000000002,292.977773291477,270.8341141681109,SEASON
QB,2025,00-0035228,Kyler Murray,5.0,13.80989829846619,16.156000000000002,17.336510660696234,16.682640156222835,80.78000000000002,239.4154490744899,230.38556390734547,274.65200000000004,294.720681231836,283.6048826557882,PPG
QB,2025,00-0035228,Kyler Murray,5.0,13.80989829846619,16.156000000000002,17.336510660696234,16.682640156222835,80.78000000000002,239.4154490744899,230.38556390734547,274.65200000000004,294.720681231836,283.6048826557882,SEASON
QB,2025,00-0035289,Gardner Minshew,4.0,9.1492327295397,0.16999999999999998,12.169415485224386,10.67135978180502,0.6799999999999999,111.3408144567822,97.63475418438411,2.8899999999999997,206.88006324881457,181.41311629068534,PPG
QB,2025,00-0035289,Gardner Minshew,4.0,9.1492327295397,0.16999999999999998,12.169415485224386,10.67135978180502,0.6799999999999999,111.3408144567822,97.63475418438411,2.8899999999999997,206.88006324881457,181.41311629068534,SEASON
QB,2025,00-0035704,Drew Lock,3.0,7.151804628571203,0.2,7.439126394922498,11.36395680787218,0.6000000000000001,53.203178583732935,81.2727988974235,3.4000000000000004,126.46514871368247,193.18726573382705,PPG
QB,2025,00-0035704,Drew Lock,3.0,7.151804628571203,0.2,7.439126394922498,11.36395680787218,0.6000000000000001,53.203178583732935,81.2727988974235,3.4000000000000004,126.46514871368247,193.18726573382705,SEASON
QB,2025,00-0035710,Daniel Jones,13.0,9.1492327295397,18.033846153846152,11.958844860114413,14.337164775084666,234.43999999999997,109.4142548016464,131.1740572090083,306.57538461538456,203.30036262194503,243.73180117643932,PPG
QB,2025,00-0035710,Daniel Jones,13.0,9.1492327295397,18.033846153846152,11.958844860114413,14.337164775084666,234.43999999999997,109.4142548016464,131.1740572090083,306.57538461538456,203.30036262194503,243.73180117643932,SEASON
QB,2025,00-0035993,Tyler Huntley,5.0,5.820185894592206,8.028,10.208135870804147,13.347443032121296,40.14,59.413248405335025,77.68459966442539,136.476,173.5383098036705,226.90653154606204,PPG
QB,2025,00-0035993,Tyler Huntley,5.0,5.820185894592206,8.028,10.208135870804147,13.347443032121296,40.14,59.413248405335025,77.68459966442539,136.476,173.5383098036705,226.90653154606204,SEASON
QB,2025,00-0036212,Tua Tagovailoa,14.0,9.815042096529197,12.55,14.878041156893318,14.282926324348493,175.70000000000002,146.02860026880188,140.1875231351055,213.35000000000002,252.9266996671864,242.80974751392438,PPG
QB,2025,00-0036212,Tua Tagovailoa,14.0,9.815042096529197,12.55,14.878041156893318,14.282926324348493,175.70000000000002,146.02860026880188,140.1875231351055,213.35000000000002,252.9266996671864,242.80974751392438,SEASON
QB,2025,00-0036264,Jordan Love,15.0,12.478279564487192,16.076,14.375619368694833,13.708237404264745,241.14000000000001,179.382997395231,171.05521866677572,273.29200000000003,244.38552926781216,233.04003587250065,PPG
QB,2025,00-0036264,Jordan Love,15.0,12.478279564487192,16.076,14.375619368694833,13.708237404264745,241.14000000000001,179.382997395231,171.05521866677572,273.29200000000003,244.38552926781216,233.04003587250065,SEASON
QB,2025,00-0036355,Justin Herbert,16.0,13.80989829846619,18.7425,16.35736161299406,15.614724490569998,299.88,225.89350030668288,215.63775717334096,318.6225,278.07514742089904,265.45031633968995,PPG
QB,2025,00-0036355,Justin Herbert,16.0,13.80989829846619,18.7425,16.35736161299406,15.614724490569998,299.88,225.89350030668288,215.63775717334096,318.6225,278.07514742089904,265.45031633968995,SEASON
QB,2025,00-0036389,Jalen Hurts,16.0,12.478279564487192,19.191250000000004,19.688781921191087,18.058981496681803,307.06000000000006,245.6821250968436,225.34501976549686,326.2512500000001,334.7092926602485,307.0026854435906,PPG
QB,2025,00-0036389,Jalen Hurts,16.0,12.478279564487192,19.191250000000004,19.688781921191087,18.058981496681803,307.06000000000006,245.6821250968436,225.34501976549686,326.2512500000001,334.7092926602485,307.0026854435906,SEASON
QB,2025,00-0036442,Joe Burrow,8.0,13.80989829846619,17.4325,17.931379331052906,17.7481570876785,139.46,247.63052491305933,245.10024436604198,296.3525,304.8334486278994,301.7186704905345,PPG
QB,2025,00-0036442,Joe Burrow,8.0,13.80989829846619,17.4325,17.931379331052906,17.7481570876785,139.46,247.63052491305933,245.10024436604198,296.3525,304.8334486278994,301.7186704905345,SEASON
QB,2025,00-0036898,Davis Mills,6.0,5.154376527602707,11.600000000000001,5.8163617318300185,4.9016398121746185,69.60000000000001,29.97971838659128,25.264897194635797,197.20000000000002,98.87814944111031,83.32787680696852,PPG
QB,2025,00-0036898,Davis Mills,6.0,5.154376527602707,11.600000000000001,5.8163617318300185,4.9016398121746185,69.60000000000001,29.97971838659128,25.264897194635797,197.20000000000002,98.87814944111031,83.32787680696852,SEASON
QB,2025,00-0036945,Justin Fields,9.0,9.1492327295397,15.962222222222223,11.069564859723291,11.936028913714829,143.66000000000003,101.27802511634287,109.2055063980919,271.3577777777778,188.18260261529596,202.9124915331521,PPG
QB,2025,00-0036945,Justin Fields,9.0,9.1492327295397,15.962222222222223,11.069564859723291,11.936028913714829,143.66000000000003,101.27802511634287,109.2055063980919,271.3577777777778,188.18260261529596,202.9124915331521,SEASON
QB,2025,00-0036971,Trevor Lawrence,17.0,9.1492327295397,20.598823529411767,12.136566908313988,13.789771415603656,350.18000000000006,111.04027518179478,126.16582796851196,350.18000000000006,206.3216374413378,234.42611406526217,PPG
QB,2025,00-0036971,Trevor Lawrence,17.0,9.1492327295397,20.598823529411767,12.136566908313988,13.789771415603656,350.18000000000006,111.04027518179478,126.16582796851196,350.18000000000006,206.3216374413378,234.42611406526217,SEASON
QB,2025,00-0036972,Mac Jones,11.0,9.1492327295397,12.367272727272725,8.361530387346365,11.036539343532338,136.04,76.50158748895012,100.97586698269865,210.24363636363634,142.1460165848882,187.62116884004973,PPG
QB,2025,00-0036972,Mac Jones,11.0,9.1492327295397,12.367272727272725,8.361530387346365,11.036539343532338,136.04,76.50158748895012,100.97586698269865,210.24363636363634,142.1460165848882,187.62116884004973,SEASON
QB,2025,00-0037012,Trey Lance,4.0,5.154376527602707,3.6350000000000002,4.665167981027816,4.101063918888021,14.540000000000001,24.046032338733486,21.13842760171479,61.795,79.30785567747287,69.71808662109635,PPG
QB,2025,00-0037012,Trey Lance,4.0,5.154376527602707,3.6350000000000002,4.665167981027816,4.101063918888021,14.540000000000001,24.046032338733486,21.13842760171479,61.795,79.30785567747287,69.71808662109635,SEASON
QB,2025,00-0037834,Brock Purdy,9.0,12.478279564487192,20.82,16.048658303534516,16.099650732484868,187.38,200.25964494643245,200.89594273054718,353.94,272.8271911600868,273.69406245224275,PPG
QB,2025,00-0037834,Brock Purdy,9.0,12.478279564487192,20.82,16.048658303534516,16.099650732484868,187.38,200.25964494643245,200.89594273054718,353.94,272.8271911600868,273.69406245224275,SEASON
QB,2025,00-0038102,Kenny Pickett,6.0,5.820185894592206,1.62,1.9282597037488514,6.884429799360915,9.72,11.222829928869611,40.06866121055065,27.540000000000003,32.78041496373047,117.03530658913556,PPG
QB,2025,00-0038102,Kenny Pickett,6.0,5.820185894592206,1.62,1.9282597037488514,6.884429799360915,9.72,11.222829928869611,40.06866121055065,27.540000000000003,32.78041496373047,117.03530658913556,SEASON
QB,2025,00-0038128,Malik Willis,4.0,6.485995261581705,12.794999999999998,6.6744374241801685,9.8440716060398,51.17999999999999,43.29036950695617,63.84860179144514,217.51499999999996,113.46543621106287,167.34921730267658,PPG
QB,2025,00-0038128,Malik Willis,4.0,6.485995261581705,12.794999999999998,6.6744374241801685,9.8440716060398,51.17999999999999,43.29036950695617,63.84860179144514,217.51499999999996,113.46543621106287,167.34921730267658,SEASON
QB,2025,00-0038416,Tyson Bagent,2.0,5.154376527602707,1.29,4.859952736341493,3.9130622982567127,2.58,25.05002630945714,20.169396461181506,21.93,82.61919651780539,66.52205907036412,PPG
QB,2025,00-0038416,Tyson Bagent,2.0,5.154376527602707,1.29,4.859952736341493,3.9130622982567127,2.58,25.05002630945714,20.169396461181506,21.93,82.61919651780539,66.52205907036412,SEASON
QB,2025,00-0038579,Aidan O'Connell,1.0,8.483423362550202,4.78,11.893937955344988,11.226651609450437,4.78,100.90131112309625,95.24043854682365,81.26,202.1969452408648,190.85307736065744,PPG
QB,2025,00-0038579,Aidan O'Connell,1.0,8.483423362550202,4.78,11.893937955344988,11.226651609450437,4.78,100.90131112309625,95.24043854682365,81.26,202.1969452408648,190.85307736065744,SEASON
QB,2025,00-0038582,Clayton Tune,2.0,5.820185894592206,1.4900000000000002,6.060959990920238,3.3516331878181918,2.9800000000000004,35.275913846841675,19.50712820358655,25.330000000000005,103.03631984564404,56.97776419290926,PPG
QB,2025,00-0038582,Clayton Tune,2.0,5.820185894592206,1.4900000000000002,6.060959990920238,3.3516331878181918,2.9800000000000004,35.275913846841675,19.50712820358655,25.330000000000005,103.03631984564404,56.97776419290926,SEASON
QB,2025,00-0039150,Bryce Young,16.0,11.812470197497694,14.315,13.914980166058967,14.212329828771725,229.04,164.37028851034307,167.8827225393735,243.355,236.55466282300245,241.60960708911932,PPG
QB,2025,00-0039150,Bryce Young,16.0,11.812470197497694,14.315,13.914980166058967,14.212329828771725,229.04,164.37028851034307,167.8827225393735,243.355,236.55466282300245,241.60960708911932,SEASON
QB,2025,00-0039163,C.J. Stroud,14.0,13.80989829846619,15.467142857142857,14.329767702470582,13.195864099307972,216.54,197.89263461176427,182.23354117182424,262.94142857142856,243.60605094199988,224.32968968823553,PPG
QB,2025,00-0039163,C.J. Stroud,14.0,13.80989829846619,15.467142857142857,14.329767702470582,13.195864099307972,216.54,197.89263461176427,182.23354117182424,262.94142857142856,243.60605094199988,224.32968968823553,SEASON
QB,2025,00-0039164,Anthony Richardson,2.0,9.815042096529197,0.18,15.240735771885454,16.440675230673094,0.36,149.58846318313414,161.36591948442128,3.06,259.0925081220527,279.4914789214426,PPG
QB,2025,00-0039164,Anthony Richardson,2.0,9.815042096529197,0.18,15.240735771885454,16.440675230673094,0.36,149.58846318313414,161.36591948442128,3.06,259.0925081220527,279.4914789214426,SEASON
QB,2025,00-0039376,Spencer Rattler,9.0,7.151804628571203,11.46,8.880653873531669,11.07467480108112,103.14000000000001,63.51270147746258,79.20391050229283,194.82000000000002,150.97111585003836,188.26947161837904,PPG
QB,2025,00-0039376,Spencer Rattler,9.0,7.151804628571203,11.46,8.880653873531669,11.07467480108112,103.14000000000001,63.51270147746258,79.20391050229283,194.82000000000002,150.97111585003836,188.26947161837904,SEASON
QB,2025,00-0039732,Bo Nix,17.0,13.80989829846619,18.578823529411764,19.91017096854769,17.009256136998523,315.84,274.9574361807177,234.89609738451153,315.84,338.4729064653107,289.1573543289749,PPG
QB,2025,00-0039732,Bo Nix,17.0,13.80989829846619,18.578823529411764,19.91017096854769,17.009256136998523,315.84,274.9574361807177,234.89609738451153,315.84,338.4729064653107,289.1573543289749,SEASON
QB,2025,00-0039851,Drake Maye,17.0,11.146660830508194,21.103529411764708,14.619807351482327,14.499908379575823,358.76000000000005,162.9620339543438,161.62556078057537,358.76000000000005,248.53672497519958,246.498442452789,PPG
QB,2025,00-0039851,Drake Maye,17.0,11.146660830508194,21.103529411764708,14.619807351482327,14.499908379575823,358.76000000000005,162.9620339543438,161.62556078057537,358.76000000000005,248.53672497519958,246.498442452789,SEASON
QB,2025,00-0039910,Jayden Daniels,7.0,13.80989829846619,16.754285714285714,22.90423962295334,20.63373041100242,117.28,316.30521979668526,284.9497184939124,284.8228571428572,389.3720735902068,350.7734169870412,PPG
QB,2025,00-0039910,Jayden Daniels,7.0,13.80989829846619,16.754285714285714,22.90423962295334,20.63373041100242,117.28,316.30521979668526,284.9497184939124,284.8228571428572,389.3720735902068,350.7734169870412,SEASON
QB,2025,00-0039917,Michael Penix Jr.,9.0,5.820185894592206,13.697777777777778,7.187645236125966,9.475165083725052,123.28,41.83343141863321,55.14722216922913,232.86222222222224,122.18996901414141,161.07780642332588,PPG
QB,2025,00-0039917,Michael Penix Jr.,9.0,5.820185894592206,13.697777777777778,7.187645236125966,9.475165083725052,123.28,41.83343141863321,55.14722216922913,232.86222222222224,122.18996901414141,161.07780642332588,SEASON
QB,2025,00-0039918,Caleb Williams,17.0,13.809898298466189,18.557647058823527,17.528937445418023,14.693774330010411,315.47999999999996,242.07284340139861,202.91952911805694,315.47999999999996,297.9919365721064,249.79416361017698,PPG
QB,2025,00-0039918,Caleb Williams,17.0,13.809898298466189,18.557647058823527,17.528937445418023,14.693774330010411,315.47999999999996,242.07284340139861,202.91952911805694,315.47999999999996,297.9919365721064,249.79416361017698,SEASON
RB,2022,00-0027966,Mark Ingram,10.0,11.44338065792474,5.010000000000001,7.617340241367447,7.900686811147587,50.10000000000001,87.16812398289602,90.41056663900738,85.17000000000002,129.49478410324662,134.31167578950897,PPG
RB,2022,00-0027966,Mark Ingram,10.0,11.44338065792474,5.010000000000001,7.617340241367447,7.900686811147587,50.10000000000001,87.16812398289602,90.41056663900738,85.17000000000002,129.49478410324662,134.31167578950897,SEASON
RB,2022,00-0028063,Taiwan Jones,7.0,8.351572880775356,0.0,1.5807472698795069,1.7352273199441246,0.0,13.201726030485371,14.491877427225853,0.0,26.872703587951616,29.498864439050116,PPG
RB,2022,00-0028063,Taiwan Jones,7.0,8.351572880775356,0.0,1.5807472698795069,1.7352273199441246,0.0,13.201726030485371,14.491877427225853,0.0,26.872703587951616,29.498864439050116,SEASON
RB,2022,00-0029239,Brandon Bolden,13.0,12.326754308538849,2.0999999999999996,7.528219008321422,7.372001576908405,27.299999999999997,92.79850609645014,90.87285220071087,35.699999999999996,127.97972314146418,125.32402680744288,PPG
RB,2022,00-0029239,Brandon Bolden,13.0,12.326754308538849,2.0999999999999996,7.528219008321422,7.372001576908405,27.299999999999997,92.79850609645014,90.87285220071087,35.699999999999996,127.97972314146418,125.32402680744288,SEASON
RB,2022,00-0030288,Rex Burkhead,15.0,11.885067483231794,4.76,5.97420384907032,6.8552480282680595,71.39999999999999,71.00381590478388,81.47508543025758,80.92,101.56146543419544,116.53921648055702,PPG
RB,2022,00-0030288,Rex Burkhead,15.0,11.885067483231794,4.76,5.97420384907032,6.8552480282680595,71.39999999999999,71.00381590478388,81.47508543025758,80.92,101.56146543419544,116.53921648055702,SEASON
RB,2022,00-0030456,Giovani Bernard,4.0,9.67663335669652,1.2000000000000002,6.762885561955443,6.183696065237861,4.800000000000001,65.44196401633933,59.837359612553705,20.400000000000002,114.96905455324253,105.12283310904363,PPG
RB,2022,00-0030456,Giovani Bernard,4.0,9.67663335669652,1.2000000000000002,6.762885561955443,6.183696065237861,4.800000000000001,65.44196401633933,59.837359612553705,20.400000000000002,114.96905455324253,105.12283310904363,SEASON
RB,2022,00-0030513,Latavius Murray,13.0,11.44338065792474,11.861538461538462,6.882143627856992,6.742560663240116,154.20000000000002,78.7549892760787,77.15768827860616,201.64615384615385,116.99644167356887,114.62353127508197,PPG
RB,2022,00-0030513,Latavius Murray,13.0,11.44338065792474,11.861538461538462,6.882143627856992,6.742560663240116,154.20000000000002,78.7549892760787,77.15768827860616,201.64615384615385,116.99644167356887,114.62353127508197,SEASON
RB,2022,00-0030578,Cordarrelle Patterson,13.0,12.326754308538849,11.438461538461539,11.841420877715445,11.625152358155653,148.7,145.96628582360074,143.30039691831576,194.45384615384614,201.30415492116256,197.6275900886461,PPG
RB,2022,00-0030578,Cordarrelle Patterson,13.0,12.326754308538849,11.438461538461539,11.841420877715445,11.625152358155653,148.7,145.96628582360074,143.30039691831576,194.45384615384614,201.30415492116256,197.6275900886461,SEASON
RB,2022,00-0030874,Damien Williams,1.0,10.56000700731063,0.2,5.278535762779945,5.074149841694532,0.2,55.74137464329597,53.583057884438375,3.4000000000000004,89.73510796725905,86.26054730880705,PPG
RB,2022,00-0030874,Damien Williams,1.0,10.56000700731063,0.2,5.278535762779945,5.074149841694532,0.2,55.74137464329597,53.583057884438375,3.4000000000000004,89.73510796725905,86.26054730880705,SEASON
RB,2022,00-0031376,Jerick McKinnon,17.0,9.234946531389465,11.547058823529412,5.659449540130833,4.4726378717129265,196.3,52.26471390020494,41.30457159953645,196.3,96.21064218222416,76.03484381911974,PPG
RB,2022,00-0031376,Jerick McKinnon,17.0,9.234946531389465,11.547058823529412,5.659449540130833,4.4726378717129265,196.3,52.26471390020494,41.30457159953645,196.3,96.21064218222416,76.03484381911974,SEASON
RB,2022,00-0031806,Malcolm Brown,7.0,7.9098860554683,3.257142857142857,3.9956334041359227,4.374682590686752,22.8,31.60500494613807,34.603240821173074,55.371428571428574,67.9257678703107,74.36960404167478,PPG
RB,2022,00-0031806,Malcolm Brown,7.0,7.9098860554683,3.257142857142857,3.9956334041359227,4.374682590686752,22.8,31.60500494613807,34.603240821173074,55.371428571428574,67.9257678703107,74.36960404167478,SEASON
RB,2022,00-0032058,Tevin Coleman,2.0,10.118320182003576,11.0,5.651239494808338,5.932995151460879,22.0,57.18105063365489,60.031944580755976,187.0,96.07107141174174,100.86091757483496,PPG
RB,2022,00-0032058,Tevin Coleman,2.0,10.118320182003576,11.0,5.651239494808338,5.932995151460879,22.0,57.18105063365489,60.031944580755976,187.0,96.07107141174174,100.86091757483496,SEASON
RB,2022,00-0032063,Mike Davis,5.0,12.768441133845904,0.8400000000000001,8.33983697155716,8.18094756108532,4.2,106.4867174371993,104.45794735279813,14.280000000000001,141.77722851647172,139.07610853845046,PPG
RB,2022,00-0032063,Mike Davis,5.0,12.768441133845904,0.8400000000000001,8.33983697155716,8.18094756108532,4.2,106.4867174371993,104.45794735279813,14.280000000000001,141.77722851647172,139.07610853845046,SEASON
RB,2022,00-0032104,Ameer Abdullah,16.0,12.768441133845904,3.38125,6.781713631576921,6.0198293971016135,54.1,86.59191129139025,76.86383729268704,57.48125,115.28913173680766,102.33709975072743,PPG
RB,2022,00-0032104,Ameer Abdullah,16.0,12.768441133845904,3.38125,6.781713631576921,6.0198293971016135,54.1,86.59191129139025,76.86383729268704,57.48125,115.28913173680766,102.33709975072743,SEASON
RB,2022,00-0032144,Melvin Gordon,10.0,12.326754308538849,8.71,10.765987049488434,10.464143442895152,87.10000000000001,132.709677247955,128.98892526987635,148.07000000000002,183.02177984130338,177.8904385292176,PPG
RB,2022,00-0032144,Melvin Gordon,10.0,12.326754308538849,8.71,10.765987049488434,10.464143442895152,87.10000000000001,132.709677247955,128.98892526987635,148.07000000000002,183.02177984130338,177.8904385292176,SEASON
RB,2022,00-0032187,David Johnson,4.0,11.001693832617685,2.2750000000000004,7.6299664313901285,6.991207513592144,9.100000000000001,83.94255463130474,76.9151245848371,38.675000000000004,129.7094293336322,118.85052773106645,PPG
RB,2022,00-0032187,David Johnson,4.0,11.001693832617685,2.2750000000000004,7.6299664313901285,6.991207513592144,9.100000000000001,83.94255463130474,76.9151245848371,38.675000000000004,129.7094293336322,118.85052773106645,SEASON
RB,2022,00-0032257,Duke Johnson,1.0,7.468199230161246,0.4,9.233928127184342,10.138061085707216,0.4,68.96081493080237,75.71305999560632,6.800000000000001,156.97677816213383,172.34703845702268,PPG
RB,2022,00-0032257,Duke Johnson,1.0,7.468199230161246,0.4,9.233928127184342,10.138061085707216,0.4,68.96081493080237,75.71305999560632,6.800000000000001,156.97677816213383,172.34703845702268,SEASON
RB,2022,00-0032450,Dwayne Washington,7.0,8.79325970608241,0.7857142857142858,2.020597280595489,2.2033068836790703,5.500000000000001,17.767636649680007,19.37424964038917,13.35714285714286,34.35015377012331,37.456217022544195,PPG
RB,2022,00-0032450,Dwayne Washington,7.0,8.79325970608241,0.7857142857142858,2.020597280595489,2.2033068836790703,5.500000000000001,17.767636649680007,19.37424964038917,13.35714285714286,34.35015377012331,37.456217022544195,SEASON
RB,2022,00-0032602,J.D. McKissic,8.0,10.118320182003576,6.975,9.985492960855453,9.799960433259596,55.8,101.03641495307836,99.15913743468707,118.57499999999999,169.7533803345427,166.59932736541313,PPG
RB,2022,00-0032602,J.D. McKissic,8.0,10.118320182003576,6.975,9.985492960855453,9.799960433259596,55.8,101.03641495307836,99.15913743468707,118.57499999999999,169.7533803345427,166.59932736541313,SEASON
RB,2022,00-0032764,Derrick Henry,16.0,8.79325970608241,18.6625,17.645241285701196,18.11216746361263,298.6,155.1591892016581,159.26499234760175,317.26250000000005,299.96910185692036,307.9068468814147,PPG
RB,2022,00-0032764,Derrick Henry,16.0,8.79325970608241,18.6625,17.645241285701196,18.11216746361263,298.6,155.1591892016581,159.26499234760175,317.26250000000005,299.96910185692036,307.9068468814147,SEASON
RB,2022,00-0032780,Jordan Howard,1.0,8.351572880775356,0.1,8.210137444534709,8.515514165332526,0.1,68.56756122921436,71.11793716904951,1.7000000000000002,139.57233655709007,144.76374081065293,PPG
RB,2022,00-0032780,Jordan Howard,1.0,8.351572880775356,0.1,8.210137444534709,8.515514165332526,0.1,68.56756122921436,71.11793716904951,1.7000000000000002,139.57233655709007,144.76374081065293,SEASON
RB,2022,00-0032975,Jonathan Williams,9.0,7.468199230161246,2.9111111111111114,3.866053969372893,4.739916671883009,26.200000000000003,28.872461277832468,35.39864203998514,49.488888888888894,65.72291747933919,80.57858342201115,PPG
RB,2022,00-0032975,Jonathan Williams,9.0,7.468199230161246,2.9111111111111114,3.866053969372893,4.739916671883009,26.200000000000003,28.872461277832468,35.39864203998514,49.488888888888894,65.72291747933919,80.57858342201115,SEASON
RB,2022,00-0033045,Ezekiel Elliott,15.0,12.768441133845904,12.386666666666667,12.38254991418723,11.88714771368235,185.8,158.1058596662083,151.780345831484,210.57333333333332,210.5033485411829,202.08151113259993,PPG
RB,2022,00-0033045,Ezekiel Elliott,15.0,12.768441133845904,12.386666666666667,12.38254991418723,11.88714771368235,185.8,158.1058596662083,151.780345831484,210.57333333333332,210.5033485411829,202.08151113259993,SEASON
RB,2022,00-0033118,Kenyan Drake,12.0,10.56000700731063,8.675,8.164856491624274,8.549177743422273,104.10000000000001,86.22094176523801,90.27937687728328,147.47500000000002,138.80256035761266,145.33602163817864,PPG
RB,2022,00-0033118,Kenyan Drake,12.0,10.56000700731063,8.675,8.164856491624274,8.549177743422273,104.10000000000001,86.22094176523801,90.27937687728328,147.47500000000002,138.80256035761266,145.33602163817864,SEASON
RB,2022,00-0033280,Christian McCaffrey,17.0,8.351572880775356,20.64705882352941,14.313483715453991,15.568953340624159,350.99999999999994,119.54010242740523,130.02524850161362,350.99999999999994,243.32922316271785,264.6722067906107,PPG
RB,2022,00-0033280,Christian McCaffrey,17.0,8.351572880775356,20.64705882352941,14.313483715453991,15.568953340624159,350.99999999999994,119.54010242740523,130.02524850161362,350.99999999999994,243.32922316271785,264.6722067906107,SEASON
RB,2022,00-0033293,Aaron Jones,17.0,11.885067483231794,14.623529411764705,13.02027213133784,12.64475061855395,248.6,154.7468129309925,150.28371441015065,248.6,221.34462623274328,214.96076051541715,PPG
RB,2022,00-0033293,Aaron Jones,17.0,11.885067483231794,14.623529411764705,13.02027213133784,12.64475061855395,248.6,154.7468129309925,150.28371441015065,248.6,221.34462623274328,214.96076051541715,SEASON
RB,2022,00-0033308,Matt Breida,17.0,8.351572880775356,3.5176470588235293,6.4088208925278325,6.235781244023022,59.8,53.52373476378196,52.07858152803028,59.8,108.94995517297315,106.00828114839136,PPG
RB,2022,00-0033308,Matt Breida,17.0,8.351572880775356,3.5176470588235293,6.4088208925278325,6.235781244023022,59.8,53.52373476378196,52.07858152803028,59.8,108.94995517297315,106.00828114839136,SEASON
RB,2022,00-0033376,Patrick Ricard,13.0,8.79325970608241,1.5384615384615385,3.5541570255283155,4.23221315646759,20.0,31.252625761667847,37.214949416318305,26.153846153846157,60.42066943398136,71.94762365994903,PPG
RB,2022,00-0033376,Patrick Ricard,13.0,8.79325970608241,1.5384615384615385,3.5541570255283155,4.23221315646759,20.0,31.252625761667847,37.214949416318305,26.153846153846157,60.42066943398136,71.94762365994903,SEASON
RB,2022,00-0033526,Samaje Perine,16.0,11.885067483231794,8.881250000000001,6.613942160245097,5.820578743570122,142.10000000000002,78.60714890470484,69.17797115879543,150.98125000000002,112.43701672416665,98.94983864069208,PPG
RB,2022,00-0033526,Samaje Perine,16.0,11.885067483231794,8.881250000000001,6.613942160245097,5.820578743570122,142.10000000000002,78.60714890470484,69.17797115879543,150.98125000000002,112.43701672416665,98.94983864069208,SEASON
RB,2022,00-0033553,James Conner,13.0,11.885067483231794,15.4,12.662005962103809,12.963769169732506,200.20000000000002,150.4887953326871,154.07527141931064,261.8,215.25410135576476,220.3840758854526,PPG
RB,2022,00-0033553,James Conner,13.0,11.885067483231794,15.4,12.662005962103809,12.963769169732506,200.20000000000002,150.4887953326871,154.07527141931064,261.8,215.25410135576476,220.3840758854526,SEASON
RB,2022,00-0033699,Austin Ekeler,17.0,12.326754308538849,21.923529411764704,16.36350245418694,15.708239745406983,372.7,201.70887437993488,193.6316119612567,372.7,278.17954172117794,267.0400756719187,PPG
RB,2022,00-0033699,Austin Ekeler,17.0,12.326754308538849,21.923529411764704,16.36350245418694,15.708239745406983,372.7,201.70887437993488,193.6316119612567,372.7,278.17954172117794,267.0400756719187,SEASON
RB,2022,00-0033725,Corey Clement,5.0,10.118320182003576,4.380000000000001,4.643773066151597,3.580631631236108,21.900000000000006,46.98718273588632,36.2299772986567,74.46000000000001,78.94414212457714,60.87073773101384,PPG
RB,2022,00-0033725,Corey Clement,5.0,10.118320182003576,4.380000000000001,4.643773066151597,3.580631631236108,21.900000000000006,46.98718273588632,36.2299772986567,74.46000000000001,78.94414212457714,60.87073773101384,SEASON
RB,2022,00-0033854,Dare Ogunbowale,15.0,11.001693832617685,3.246666666666666,4.534822766140615,4.54528196118012,48.69999999999999,49.890731658263476,50.00580051982374,55.19333333333333,77.09198702439046,77.26979334006204,PPG
RB,2022,00-0033854,Dare Ogunbowale,15.0,11.001693832617685,3.246666666666666,4.534822766140615,4.54528196118012,48.69999999999999,49.890731658263476,50.00580051982374,55.19333333333333,77.09198702439046,77.26979334006204,SEASON
RB,2022,00-0033856,Leonard Fournette,16.0,11.44338065792474,14.256250000000001,14.511682403618234,14.462479910890243,228.10000000000002,166.0627057315117,165.49966287790653,242.35625000000002,246.69860086151,245.86215848513413,PPG
RB,2022,00-0033856,Leonard Fournette,16.0,11.44338065792474,14.256250000000001,14.511682403618234,14.462479910890243,228.10000000000002,166.0627057315117,165.49966287790653,242.35625000000002,246.69860086151,245.86215848513413,SEASON
RB,2022,00-0033893,Dalvin Cook,17.0,11.001693832617685,13.988235294117647,12.987767240769138,13.561791131198355,237.8,142.88743875224384,149.20267384735416,237.8,220.79204309307534,230.55044923037204,PPG
RB,2022,00-0033893,Dalvin Cook,17.0,11.001693832617685,13.988235294117647,12.987767240769138,13.561791131198355,237.8,142.88743875224384,149.20267384735416,237.8,220.79204309307534,230.55044923037204,SEASON
RB,2022,00-0033897,Joe Mixon,14.0,12.326754308538849,17.107142857142858,14.272472292307853,13.825746279095585,239.5,175.93325932270716,170.42657751460646,290.82142857142856,242.6320289692335,235.03768674462495,PPG
RB,2022,00-0033897,Joe Mixon,14.0,12.326754308538849,17.107142857142858,14.272472292307853,13.825746279095585,239.5,175.93325932270716,170.42657751460646,290.82142857142856,242.6320289692335,235.03768674462495,SEASON
RB,2022,00-0033906,Alvin Kamara,15.0,11.001693832617685,14.113333333333333,14.270574728240115,14.544872266812657,211.7,157.00049397558905,160.0182315140048,239.92666666666668,242.59977038008196,247.26282853581517,PPG
RB,2022,00-0033906,Alvin Kamara,15.0,11.001693832617685,14.113333333333333,14.270574728240115,14.544872266812657,211.7,157.00049397558905,160.0182315140048,239.92666666666668,242.59977038008196,247.26282853581517,SEASON
RB,2022,00-0033923,Kareem Hunt,17.0,8.79325970608241,7.458823529411765,11.664606264926096,11.56417839064122,126.8,102.56991225669107,101.68682387637438,126.8,198.29830650374365,196.59103264090075,PPG
RB,2022,00-0033923,Kareem Hunt,17.0,8.79325970608241,7.458823529411765,11.664606264926096,11.56417839064122,126.8,102.56991225669107,101.68682387637438,126.8,198.29830650374365,196.59103264090075,SEASON
RB,2022,00-0033925,D'Onta Foreman,16.0,9.234946531389465,8.1875,8.95557997934647,9.541015692990818,131.0,82.70430226684663,88.110769779918,139.1875,152.24485964889,162.1972667808439,PPG
RB,2022,00-0033925,D'Onta Foreman,16.0,9.234946531389465,8.1875,8.95557997934647,9.541015692990818,131.0,82.70430226684663,88.110769779918,139.1875,152.24485964889,162.1972667808439,SEASON
RB,2022,00-0033948,Jamaal Williams,17.0,11.001693832617685,13.288235294117648,8.910576635833554,8.920033897511468,225.9,98.03143601951724,98.1354819169926,225.9,151.47980280917042,151.64057625769496,PPG
RB,2022,00-0033948,Jamaal Williams,17.0,11.001693832617685,13.288235294117648,8.910576635833554,8.920033897511468,225.9,98.03143601951724,98.1354819169926,225.9,151.47980280917042,151.64057625769496,SEASON
RB,2022,00-0033951,Marlon Mack,7.0,7.468199230161246,5.4714285714285715,3.7713267034129263,3.957832942137814,38.3,28.165019183114964,29.55788493158044,93.01428571428572,64.11255395801975,67.28316001634283,PPG
RB,2022,00-0033951,Marlon Mack,7.0,7.468199230161246,5.4714285714285715,3.7713267034129263,3.957832942137814,38.3,28.165019183114964,29.55788493158044,93.01428571428572,64.11255395801975,67.28316001634283,SEASON
RB,2022,00-0034109,Phillip Lindsay,3.0,11.44338065792474,4.933333333333334,4.672734566521273,4.4796288973332405,14.8,53.471880358145874,51.26209867842393,83.86666666666667,79.43648763086163,76.15369125466509,PPG
RB,2022,00-0034109,Phillip Lindsay,3.0,11.44338065792474,4.933333333333334,4.672734566521273,4.4796288973332405,14.8,53.471880358145874,51.26209867842393,83.86666666666667,79.43648763086163,76.15369125466509,SEASON
RB,2022,00-0034115,Jeff Wilson,16.0,8.79325970608241,9.90625,5.406005450432547,6.155957605498166,158.5,47.536409898150396,54.13093396477858,168.40625,91.9020926573533,104.65127929346883,PPG
RB,2022,00-0034115,Jeff Wilson,16.0,8.79325970608241,9.90625,5.406005450432547,6.155957605498166,158.5,47.536409898150396,54.13093396477858,168.40625,91.9020926573533,104.65127929346883,SEASON
RB,2022,00-0034164,Trenton Cannon,1.0,9.67663335669652,0.0,1.5683614786792126,1.7657060304348056,0.0,15.176458999945147,17.086089872225642,0.0,26.662145137546613,30.017002517391695,PPG
RB,2022,00-0034164,Trenton Cannon,1.0,9.67663335669652,0.0,1.5683614786792126,1.7657060304348056,0.0,15.176458999945147,17.086089872225642,0.0,26.662145137546613,30.017002517391695,SEASON
RB,2022,00-0034208,Mike Boone,8.0,6.584825579547136,3.6000000000000005,3.4673179389641344,3.792656207815801,28.800000000000004,22.83168385691369,24.973979611653725,61.20000000000001,58.94440496239029,64.47515553286861,PPG
RB,2022,00-0034208,Mike Boone,8.0,6.584825579547136,3.6000000000000005,3.4673179389641344,3.792656207815801,28.800000000000004,22.83168385691369,24.973979611653725,61.20000000000001,58.94440496239029,64.47515553286861,SEASON
RB,2022,00-0034253,Dontrell Hilliard,12.0,8.79325970608241,6.433333333333334,8.636110040547456,8.87515009396779,77.2,75.93955843683966,78.04149970672047,109.36666666666667,146.81387068930675,150.87755159745242,PPG
RB,2022,00-0034253,Dontrell Hilliard,12.0,8.79325970608241,6.433333333333334,8.636110040547456,8.87515009396779,77.2,75.93955843683966,78.04149970672047,109.36666666666667,146.81387068930675,150.87755159745242,SEASON
RB,2022,00-0034301,Darrel Williams,5.0,12.768441133845904,4.220000000000001,10.07944004722593,9.770450789611917,21.1,128.69873690513327,124.75342575829801,71.74000000000001,171.35048080284082,166.0976634234026,PPG
RB,2022,00-0034301,Darrel Williams,5.0,12.768441133845904,4.220000000000001,10.07944004722593,9.770450789611917,21.1,128.69873690513327,124.75342575829801,71.74000000000001,171.35048080284082,166.0976634234026,SEASON
RB,2022,00-0034367,Nyheim Hines,16.0,12.768441133845904,4.3374999999999995,7.950293306226834,6.898088445710441,69.39999999999999,101.51285207736646,88.07783625511637,73.7375,135.15498620585618,117.2675035770775,PPG
RB,2022,00-0034367,Nyheim Hines,16.0,12.768441133845904,4.3374999999999995,7.950293306226834,6.898088445710441,69.39999999999999,101.51285207736646,88.07783625511637,73.7375,135.15498620585618,117.2675035770775,SEASON
RB,2022,00-0034414,Boston Scott,15.0,10.118320182003576,3.08,7.903254434071513,8.051341511385894,46.2,79.96765884377504,81.46605130685907,52.36,134.35532537921574,136.8728056935602,PPG
RB,2022,00-0034414,Boston Scott,15.0,10.118320182003576,3.08,7.903254434071513,8.051341511385894,46.2,79.96765884377504,81.46605130685907,52.36,134.35532537921574,136.8728056935602,SEASON
RB,2022,00-0034440,Justin Jackson,15.0,11.44338065792474,3.406666666666667,6.3030180200289845,6.738064714656636,51.10000000000001,72.12783449695077,77.10623942754692,57.91333333333334,107.15130634049274,114.5471001491628,PPG
RB,2022,00-0034440,Justin Jackson,15.0,11.44338065792474,3.406666666666667,6.3030180200289845,6.738064714656636,51.10000000000001,72.12783449695077,77.10623942754692,57.91333333333334,107.15130634049274,114.5471001491628,SEASON
RB,2022,00-0034614,Godwin Igwebuike,5.0,11.885067483231794,0.34,4.108397997968309,3.1424683289477886,1.7000000000000002,48.82858745382775,37.34844815346312,5.78,69.84276596546125,53.4219615921124,PPG
RB,2022,00-0034614,Godwin Igwebuike,5.0,11.885067483231794,0.34,4.108397997968309,3.1424683289477886,1.7000000000000002,48.82858745382775,37.34844815346312,5.78,69.84276596546125,53.4219615921124,SEASON
RB,2022,00-0034681,Chase Edmonds,13.0,10.56000700731063,5.707692307692309,10.384181848119168,10.603427980369728,74.20000000000002,109.65703308132625,111.97227377421792,97.03076923076925,176.53109141802585,180.25827566628539,PPG
RB,2022,00-0034681,Chase Edmonds,13.0,10.56000700731063,5.707692307692309,10.384181848119168,10.603427980369728,74.20000000000002,109.65703308132625,111.97227377421792,97.03076923076925,176.53109141802585,180.25827566628539,SEASON
RB,2022,00-0034750,Rashaad Penny,5.0,9.67663335669652,10.440000000000001,10.68925647334052,10.742288392021301,52.2,103.43601574821109,103.94918618148715,177.48000000000002,181.71736004678885,182.6189026643621,PPG
RB,2022,00-0034750,Rashaad Penny,5.0,9.67663335669652,10.440000000000001,10.68925647334052,10.742288392021301,52.2,103.43601574821109,103.94918618148715,177.48000000000002,181.71736004678885,182.6189026643621,SEASON
RB,2022,00-0034791,Nick Chubb,17.0,11.44338065792474,16.55294117647059,12.771493035134107,12.379390163165048,281.40000000000003,146.14905637107418,141.6620739500667,281.40000000000003,217.11538159727982,210.44963277380583,PPG
RB,2022,00-0034791,Nick Chubb,17.0,11.44338065792474,16.55294117647059,12.771493035134107,12.379390163165048,281.40000000000003,146.14905637107418,141.6620739500667,281.40000000000003,217.11538159727982,210.44963277380583,SEASON
RB,2022,00-0034816,Ronald Jones,5.0,11.885067483231794,3.24,5.934728382736383,5.7311252907684205,16.200000000000003,70.534647323473,68.1148108356391,55.080000000000005,100.8903825065185,97.42912994306315,PPG
RB,2022,00-0034816,Ronald Jones,5.0,11.885067483231794,3.24,5.934728382736383,5.7311252907684205,16.200000000000003,70.534647323473,68.1148108356391,55.080000000000005,100.8903825065185,97.42912994306315,SEASON
RB,2022,00-0034838,Royce Freeman,4.0,10.56000700731063,4.75,4.289808354748338,4.164031866360338,19.0,45.30040628616213,43.97220568742993,80.75,72.92674203072175,70.78854172812574,PPG
RB,2022,00-0034838,Royce Freeman,4.0,10.56000700731063,4.75,4.289808354748338,4.164031866360338,19.0,45.30040628616213,43.97220568742993,80.75,72.92674203072175,70.78854172812574,SEASON
RB,2022,00-0034844,Saquon Barkley,16.0,11.001693832617685,17.75,10.07969204016706,10.238964847625425,284.0,110.89368575299152,112.6459564165099,301.75,171.35476468284003,174.06240240963223,PPG
RB,2022,00-0034844,Saquon Barkley,16.0,11.001693832617685,17.75,10.07969204016706,10.238964847625425,284.0,110.89368575299152,112.6459564165099,301.75,171.35476468284003,174.06240240963223,SEASON
RB,2022,00-0034845,Sony Michel,10.0,12.768441133845904,2.49,7.324617322637967,7.851479241559441,24.900000000000002,93.52394511205087,100.25115050946481,42.330000000000005,124.51849448484543,133.4751471065105,PPG
RB,2022,00-0034845,Sony Michel,10.0,12.768441133845904,2.49,7.324617322637967,7.851479241559441,24.900000000000002,93.52394511205087,100.25115050946481,42.330000000000005,124.51849448484543,133.4751471065105,SEASON
RB,2022,00-0034972,Alexander Mattison,17.0,12.326754308538849,5.2,7.61894002753971,7.709069301878644,88.4,93.91680181097422,95.02780323175715,88.4,129.5219804681751,131.05417813193696,PPG
RB,2022,00-0034972,Alexander Mattison,17.0,12.326754308538849,5.2,7.61894002753971,7.709069301878644,88.4,93.91680181097422,95.02780323175715,88.4,129.5219804681751,131.05417813193696,SEASON
RB,2022,00-0035217,Benny Snell,9.0,12.326754308538849,2.0777777777777775,2.793233329008178,2.410961715601479,18.699999999999996,34.43150097310587,29.719332715512746,35.322222222222216,47.48496659313902,40.98634916522514,PPG
RB,2022,00-0035217,Benny Snell,9.0,12.326754308538849,2.0777777777777775,2.793233329008178,2.410961715601479,18.699999999999996,34.43150097310587,29.719332715512746,35.322222222222216,47.48496659313902,40.98634916522514,SEASON
RB,2022,00-0035243,Miles Sanders,17.0,10.56000700731063,12.747058823529413,9.562213791000453,9.567574071785929,216.70000000000002,100.97704463836712,101.0336492410229,216.70000000000002,162.5576344470077,162.6487592203608,PPG
RB,2022,00-0035243,Miles Sanders,17.0,10.56000700731063,12.747058823529413,9.562213791000453,9.567574071785929,216.70000000000002,100.97704463836712,101.0336492410229,216.70000000000002,162.5576344470077,162.6487592203608,SEASON
RB,2022,00-0035250,Devin Singletary,16.0,12.768441133845904,11.11875,10.02131589651664,10.178049367271697,177.9,127.95658210834691,129.95782420338622,189.01875,170.36237024078287,173.02683924361884,PPG
RB,2022,00-0035250,Devin Singletary,16.0,12.768441133845904,11.11875,10.02131589651664,10.178049367271697,177.9,127.95658210834691,129.95782420338622,189.01875,170.36237024078287,173.02683924361884,SEASON
RB,2022,00-0035261,Tony Pollard,16.0,11.885067483231794,15.55,10.266818030974257,9.69284849844292,248.8,122.02182513619,115.20015850873607,264.35,174.53590652656237,164.77842447352964,PPG
RB,2022,00-0035261,Tony Pollard,16.0,11.885067483231794,15.55,10.266818030974257,9.69284849844292,248.8,122.02182513619,115.20015850873607,264.35,174.53590652656237,164.77842447352964,SEASON
RB,2022,00-0035273,Qadree Ollison,2.0,7.9098860554683,0.0,4.559567295404294,4.941324394970024,0.0,36.06565776888774,39.085312927318725,0.0,77.512644021873,84.0025147144904,PPG
RB,2022,00-0035273,Qadree Ollison,2.0,7.9098860554683,0.0,4.559567295404294,4.941324394970024,0.0,36.06565776888774,39.085312927318725,0.0,77.512644021873,84.0025147144904,SEASON
RB,2022,00-0035291,Trayveon Williams,7.0,7.026512404854191,1.1428571428571428,2.3606302676691167,3.0561059019069603,8.0,16.58699785905132,21.473766030297362,19.428571428571427,40.13071455037498,51.953800332418325,PPG
RB,2022,00-0035291,Trayveon Williams,7.0,7.026512404854191,1.1428571428571428,2.3606302676691167,3.0561059019069603,8.0,16.58699785905132,21.473766030297362,19.428571428571427,40.13071455037498,51.953800332418325,SEASON
RB,2022,00-0035304,Cullen Gillaspia,4.0,7.026512404854191,0.0,1.4060633419267945,1.7352273199441246,0.0,9.879721514059362,12.192596288829284,0.0,23.903076812755508,29.498864439050116,PPG
RB,2022,00-0035304,Cullen Gillaspia,4.0,7.026512404854191,0.0,1.4060633419267945,1.7352273199441246,0.0,9.879721514059362,12.192596288829284,0.0,23.903076812755508,29.498864439050116,SEASON
RB,2022,00-0035311,Myles Gaskin,2.0,12.768441133845904,4.7,9.292941132322921,8.729812677155198,9.4,118.65637180836052,111.46609927775788,79.9,157.97999924948965,148.40681551163837,PPG
RB,2022,00-0035311,Myles Gaskin,2.0,12.768441133845904,4.7,9.292941132322921,8.729812677155198,9.4,118.65637180836052,111.46609927775788,79.9,157.97999924948965,148.40681551163837,SEASON
RB,2022,00-0035537,Ty Johnson,12.0,11.885067483231794,3.566666666666667,7.794360555241324,7.8974059223107,42.800000000000004,92.63650118768317,93.86120232913709,60.63333333333334,132.5041294391025,134.2559006792819,PPG
RB,2022,00-0035537,Ty Johnson,12.0,11.885067483231794,3.566666666666667,7.794360555241324,7.8974059223107,42.800000000000004,92.63650118768317,93.86120232913709,60.63333333333334,132.5041294391025,134.2559006792819,SEASON
RB,2022,00-0035567,Craig Reynolds,6.0,7.468199230161246,5.133333333333334,5.997760151393782,7.489708753416975,30.800000000000004,44.792467745330846,55.9346371464006,87.26666666666668,101.9619225736943,127.32504880808858,PPG
RB,2022,00-0035567,Craig Reynolds,6.0,7.468199230161246,5.133333333333334,5.997760151393782,7.489708753416975,30.800000000000004,44.792467745330846,55.9346371464006,87.26666666666668,101.9619225736943,127.32504880808858,SEASON
RB,2022,00-0035594,Travis Homer,10.0,11.44338065792474,4.3100000000000005,5.839873640609012,5.243902216622198,43.10000000000001,66.8278970636697,60.00796919774313,73.27000000000001,99.2778518903532,89.14633768257737,PPG
RB,2022,00-0035594,Travis Homer,10.0,11.44338065792474,4.3100000000000005,5.839873640609012,5.243902216622198,43.10000000000001,66.8278970636697,60.00796919774313,73.27000000000001,99.2778518903532,89.14633768257737,SEASON
RB,2022,00-0035628,D'Ernest Johnson,9.0,11.001693832617685,0.6,7.9871134463427875,8.344564862744841,5.3999999999999995,87.87177674304722,91.80434778633816,10.2,135.7809285878274,141.8576026666623,PPG
RB,2022,00-0035628,D'Ernest Johnson,9.0,11.001693832617685,0.6,7.9871134463427875,8.344564862744841,5.3999999999999995,87.87177674304722,91.80434778633816,10.2,135.7809285878274,141.8576026666623,SEASON
RB,2022,00-0035657,Damien Harris,11.0,11.885067483231794,8.263636363636364,11.180914335790003,10.967012267980675,90.9,132.88592140509797,130.34368089438127,140.48181818181817,190.07554370843005,186.43920855567146,PPG
RB,2022,00-0035657,Damien Harris,11.0,11.885067483231794,8.263636363636364,11.180914335790003,10.967012267980675,90.9,132.88592140509797,130.34368089438127,140.48181818181817,190.07554370843005,186.43920855567146,SEASON
RB,2022,00-0035664,Darrell Henderson,10.0,10.56000700731063,7.35,11.288732354886601,11.199386026712578,73.5,119.20909277125673,118.26559491966157,124.94999999999999,191.90845003307223,190.38956245411381,PPG
RB,2022,00-0035664,Darrell Henderson,10.0,10.56000700731063,7.35,11.288732354886601,11.199386026712578,73.5,119.20909277125673,118.26559491966157,124.94999999999999,191.90845003307223,190.38956245411381,SEASON
RB,2022,00-0035685,David Montgomery,16.0,11.001693832617685,11.10625,11.512229127197468,12.629474592990029,177.7,126.65402018837005,138.94561273890014,188.80624999999998,195.70789516235695,214.70106808083048,PPG
RB,2022,00-0035685,David Montgomery,16.0,11.001693832617685,11.10625,11.512229127197468,12.629474592990029,177.7,126.65402018837005,138.94561273890014,188.80624999999998,195.70789516235695,214.70106808083048,SEASON
RB,2022,00-0035700,Josh Jacobs,17.0,11.885067483231794,19.311764705882354,12.317116377464647,12.765094795584819,328.3,146.38975934498686,151.71401307537653,328.3,209.390978416899,217.00661152494192,PPG
RB,2022,00-0035700,Josh Jacobs,17.0,11.885067483231794,19.311764705882354,12.317116377464647,12.765094795584819,328.3,146.38975934498686,151.71401307537653,328.3,209.390978416899,217.00661152494192,SEASON
RB,2022,00-0035726,Jakob Johnson,11.0,7.9098860554683,0.5454545454545454,2.8727730817296897,2.7311277525920503,6.0,22.72330773969837,21.602909325930337,9.272727272727272,48.837142389404725,46.42917179406486,PPG
RB,2022,00-0035726,Jakob Johnson,11.0,7.9098860554683,0.5454545454545454,2.8727730817296897,2.7311277525920503,6.0,22.72330773969837,21.602909325930337,9.272727272727272,48.837142389404725,46.42917179406486,SEASON
RB,2022,00-0035806,JaMycal Hasty,14.0,10.118320182003576,5.0,5.252822922594389,5.381316935004572,70.0,53.14974419017781,54.44988774921439,85.0,89.29798968410462,91.48238789507774,PPG
RB,2022,00-0035806,JaMycal Hasty,14.0,10.118320182003576,5.0,5.252822922594389,5.381316935004572,70.0,53.14974419017781,54.44988774921439,85.0,89.29798968410462,91.48238789507774,SEASON
RB,2022,00-0035831,James Robinson,11.0,11.44338065792474,8.054545454545455,10.467305558972303,10.840249141892244,88.6,119.78136197413176,124.04909735741496,136.92727272727274,177.94419450252914,184.28423541216813,PPG
RB,2022,00-0035831,James Robinson,11.0,11.44338065792474,8.054545454545455,10.467305558972303,10.840249141892244,88.6,119.78136197413176,124.04909735741496,136.92727272727274,177.94419450252914,184.28423541216813,SEASON
RB,2022,00-0035860,Tony Jones,3.0,9.67663335669652,3.466666666666667,3.617956526228932,3.5047009247182106,10.4,35.00963880478475,33.913705873373374,58.93333333333334,61.50526094589184,59.57991572020958,PPG
RB,2022,00-0035860,Tony Jones,3.0,9.67663335669652,3.466666666666667,3.617956526228932,3.5047009247182106,10.4,35.00963880478475,33.913705873373374,58.93333333333334,61.50526094589184,59.57991572020958,SEASON
RB,2022,00-0035924,Jonathan Ward,4.0,9.234946531389465,1.3,2.4041981244366744,2.616192604067519,5.2,22.202641130039524,24.160398814380105,22.1,40.871368115423465,44.475274269147825,PPG
RB,2022,00-0035924,Jonathan Ward,4.0,9.234946531389465,1.3,2.4041981244366744,2.616192604067519,5.2,22.202641130039524,24.160398814380105,22.1,40.871368115423465,44.475274269147825,SEASON
RB,2022,00-0035973,Patrick Taylor,6.0,7.468199230161246,0.9666666666666668,3.670573432059767,4.061923871753848,5.800000000000001,27.412573679559074,30.335256732005675,16.433333333333337,62.39974834501604,69.05270581981542,PPG
RB,2022,00-0035973,Patrick Taylor,6.0,7.468199230161246,0.9666666666666668,3.670573432059767,4.061923871753848,5.800000000000001,27.412573679559074,30.335256732005675,16.433333333333337,62.39974834501604,69.05270581981542,SEASON
RB,2022,00-0036020,Salvon Ahmed,6.0,10.118320182003576,2.3666666666666667,5.093628978312454,4.420635721108238,14.2,51.53896889089716,44.729407634175416,40.233333333333334,86.59169263131172,75.15080725884005,PPG
RB,2022,00-0036020,Salvon Ahmed,6.0,10.118320182003576,2.3666666666666667,5.093628978312454,4.420635721108238,14.2,51.53896889089716,44.729407634175416,40.233333333333334,86.59169263131172,75.15080725884005,SEASON
RB,2022,00-0036096,J.J. Taylor,1.0,7.468199230161246,2.7,3.5303972661390244,4.53413216688846,2.7,26.365710145142828,33.861802358205736,45.900000000000006,60.016753524363416,77.08024683710381,PPG
RB,2022,00-0036096,J.J. Taylor,1.0,7.468199230161246,2.7,3.5303972661390244,4.53413216688846,2.7,26.365710145142828,33.861802358205736,45.900000000000006,60.016753524363416,77.08024683710381,SEASON
RB,2022,00-0036187,Reggie Gilliam,7.0,8.79325970608241,2.9857142857142858,2.1964697898398304,2.2477930744204877,20.9,19.31412929862588,19.765428268912775,50.75714285714286,37.33998642727712,38.21248226514829,PPG
RB,2022,00-0036187,Reggie Gilliam,7.0,8.79325970608241,2.9857142857142858,2.1964697898398304,2.2477930744204877,20.9,19.31412929862588,19.765428268912775,50.75714285714286,37.33998642727712,38.21248226514829,SEASON
RB,2022,00-0036223,Jonathan Taylor,11.0,12.768441133845904,13.309090909090909,17.108420321315023,16.358600421992328,146.4,218.44785776580392,208.87382652031582,226.25454545454545,290.8431454623554,278.0962071738696,PPG
RB,2022,00-0036223,Jonathan Taylor,11.0,12.768441133845904,13.309090909090909,17.108420321315023,16.358600421992328,146.4,218.44785776580392,208.87382652031582,226.25454545454545,290.8431454623554,278.0962071738696,SEASON
RB,2022,00-0036251,Zack Moss,13.0,11.001693832617685,4.961538461538462,7.65424124955026,7.382126517690331,64.5,84.20961874854498,81.21589578127718,84.34615384615385,130.12210124235443,125.49615080073562,PPG
RB,2022,00-0036251,Zack Moss,13.0,11.001693832617685,4.961538461538462,7.65424124955026,7.382126517690331,64.5,84.20961874854498,81.21589578127718,84.34615384615385,130.12210124235443,125.49615080073562,SEASON
RB,2022,00-0036265,AJ Dillon,17.0,12.768441133845904,9.858823529411765,9.602225766943318,8.937626621953365,167.60000000000002,122.6054544591141,114.11955939870556,167.60000000000002,163.23783803803641,151.9396525732072,PPG
RB,2022,00-0036265,AJ Dillon,17.0,12.768441133845904,9.858823529411765,9.602225766943318,8.937626621953365,167.60000000000002,122.6054544591141,114.11955939870556,167.60000000000002,163.23783803803641,151.9396525732072,SEASON
RB,2022,00-0036275,D'Andre Swift,14.0,11.001693832617685,13.65,12.668381780831577,13.161352908196058,191.1,139.373657707421,144.7971751190054,232.05,215.3624902741368,223.74299943933298,PPG
RB,2022,00-0036275,D'Andre Swift,14.0,11.001693832617685,13.65,12.668381780831577,13.161352908196058,191.1,139.373657707421,144.7971751190054,232.05,215.3624902741368,223.74299943933298,SEASON
RB,2022,00-0036328,Antonio Gibson,15.0,12.326754308538849,11.06,12.006070910119284,12.10565402013965,165.9,147.99588631993583,149.22342285043706,188.02,204.10320547202784,205.79611834237403,PPG
RB,2022,00-0036328,Antonio Gibson,15.0,12.326754308538849,11.06,12.006070910119284,12.10565402013965,165.9,147.99588631993583,149.22342285043706,188.02,204.10320547202784,205.79611834237403,SEASON
RB,2022,00-0036360,Clyde Edwards-Helaire,10.0,9.67663335669652,9.83,9.59558106976661,10.153716438223036,98.3,92.85291985658925,98.25379118054681,167.11,163.12487818603236,172.6131794497916,PPG
RB,2022,00-0036360,Clyde Edwards-Helaire,10.0,9.67663335669652,9.83,9.59558106976661,10.153716438223036,98.3,92.85291985658925,98.25379118054681,167.11,163.12487818603236,172.6131794497916,SEASON
RB,2022,00-0036370,Joshua Kelley,12.0,8.79325970608241,5.4,3.4567805013994235,4.071494456975687,64.80000000000001,30.3963686957269,35.80170815206219,91.80000000000001,58.7652685237902,69.21540576858668,PPG
RB,2022,00-0036370,Joshua Kelley,12.0,8.79325970608241,5.4,3.4567805013994235,4.071494456975687,64.80000000000001,30.3963686957269,35.80170815206219,91.80000000000001,58.7652685237902,69.21540576858668,SEASON
RB,2022,00-0036383,Eno Benjamin,13.0,8.79325970608241,6.892307692307693,4.375170636100753,4.334928279064125,89.60000000000001,38.4720116616597,38.11815016505174,117.16923076923078,74.3779008137128,73.69378074409013,PPG
RB,2022,00-0036383,Eno Benjamin,13.0,8.79325970608241,6.892307692307693,4.375170636100753,4.334928279064125,89.60000000000001,38.4720116616597,38.11815016505174,117.16923076923078,74.3779008137128,73.69378074409013,SEASON
RB,2022,00-0036425,DeeJay Dallas,15.0,12.768441133845904,3.213333333333334,4.262343796186999,4.438990541621715,48.20000000000001,54.42348585382699,56.67898942439562,54.62666666666667,72.45984453517899,75.46283920756916,PPG
RB,2022,00-0036425,DeeJay Dallas,15.0,12.768441133845904,3.213333333333334,4.262343796186999,4.438990541621715,48.20000000000001,54.42348585382699,56.67898942439562,54.62666666666667,72.45984453517899,75.46283920756916,SEASON
RB,2022,00-0036450,Ke'Shawn Vaughn,6.0,7.9098860554683,1.7000000000000002,6.085480661607557,6.651486080431282,10.200000000000001,48.13545862607162,52.6124969957449,28.900000000000002,103.45317124732847,113.0752633673318,PPG
RB,2022,00-0036450,Ke'Shawn Vaughn,6.0,7.9098860554683,1.7000000000000002,6.085480661607557,6.651486080431282,10.200000000000001,48.13545862607162,52.6124969957449,28.900000000000002,103.45317124732847,113.0752633673318,SEASON
RB,2022,00-0036457,Ty'Son Williams,1.0,8.351572880775356,1.5,6.43786675965021,6.387540998780342,1.5,53.76631343993981,53.346014180254635,25.5,109.44373491405356,108.58819697926582,PPG
RB,2022,00-0036457,Ty'Son Williams,1.0,8.351572880775356,1.5,6.43786675965021,6.387540998780342,1.5,53.76631343993981,53.346014180254635,25.5,109.44373491405356,108.58819697926582,SEASON
RB,2022,00-0036493,Deon Jackson,12.0,6.584825579547136,7.041666666666667,2.933503720505015,3.674762322070449,84.5,19.316610336478117,24.197668937125524,119.70833333333334,49.86956324858526,62.47095947519763,PPG
RB,2022,00-0036493,Deon Jackson,12.0,6.584825579547136,7.041666666666667,2.933503720505015,3.674762322070449,84.5,19.316610336478117,24.197668937125524,119.70833333333334,49.86956324858526,62.47095947519763,SEASON
RB,2022,00-0036555,Chuba Hubbard,14.0,12.326754308538849,6.4071428571428575,8.243901229944582,7.885752777631833,89.7,101.6205450053881,97.20573702774539,108.92142857142858,140.1463209090579,134.05779721974116,PPG
RB,2022,00-0036555,Chuba Hubbard,14.0,12.326754308538849,6.4071428571428575,8.243901229944582,7.885752777631833,89.7,101.6205450053881,97.20573702774539,108.92142857142858,140.1463209090579,134.05779721974116,SEASON
RB,2022,00-0036567,Elijah Mitchell,5.0,10.118320182003576,8.72,12.469551044168654,12.675708244238194,43.6,126.17090999073545,128.25687454886443,148.24,211.98236775086713,215.4870401520493,PPG
RB,2022,00-0036567,Elijah Mitchell,5.0,10.118320182003576,8.72,12.469551044168654,12.675708244238194,43.6,126.17090999073545,128.25687454886443,148.24,211.98236775086713,215.4870401520493,SEASON
RB,2022,00-0036569,Gary Brightwell,15.0,8.351572880775356,1.9333333333333333,1.7087421007969494,1.9369713888414597,29.0,14.270684189254911,16.176757721886112,32.86666666666667,29.04861571354814,32.92851361030481,PPG
RB,2022,00-0036569,Gary Brightwell,15.0,8.351572880775356,1.9333333333333333,1.7087421007969494,1.9369713888414597,29.0,14.270684189254911,16.176757721886112,32.86666666666667,29.04861571354814,32.92851361030481,SEASON
RB,2022,00-0036650,Larry Rountree III,2.0,9.234946531389465,2.6500000000000004,2.591467013414724,3.122669379316439,5.300000000000001,23.932059306744524,28.83768475319444,45.050000000000004,44.05493922805031,53.08537944837946,PPG
RB,2022,00-0036650,Larry Rountree III,2.0,9.234946531389465,2.6500000000000004,2.591467013414724,3.122669379316439,5.300000000000001,23.932059306744524,28.83768475319444,45.050000000000004,44.05493922805031,53.08537944837946,SEASON
RB,2022,00-0036654,Demetric Felton,6.0,11.885067483231794,0.4666666666666667,5.331326912964129,4.104321901375947,2.8,63.36318013574851,48.780142770759355,7.933333333333334,90.6325575203902,69.7734723233911,PPG
RB,2022,00-0036654,Demetric Felton,6.0,11.885067483231794,0.4666666666666667,5.331326912964129,4.104321901375947,2.8,63.36318013574851,48.780142770759355,7.933333333333334,90.6325575203902,69.7734723233911,SEASON
RB,2022,00-0036669,Kylin Hill,1.0,8.79325970608241,0.7000000000000001,1.9547688344363112,2.1791332704998507,0.7000000000000001,17.188790026554493,19.161684781669916,11.9,33.23107018541729,37.045265598497465,PPG
RB,2022,00-0036669,Kylin Hill,1.0,8.79325970608241,0.7000000000000001,1.9547688344363112,2.1791332704998507,0.7000000000000001,17.188790026554493,19.161684781669916,11.9,33.23107018541729,37.045265598497465,SEASON
RB,2022,00-0036755,Jaret Patterson,2.0,11.885067483231794,3.9000000000000004,4.867014029288121,4.779812525760807,7.800000000000001,57.844790179925205,56.808394425863796,66.30000000000001,82.73923849789807,81.25681293793372,PPG
RB,2022,00-0036755,Jaret Patterson,2.0,11.885067483231794,3.9000000000000004,4.867014029288121,4.779812525760807,7.800000000000001,57.844790179925205,56.808394425863796,66.30000000000001,82.73923849789807,81.25681293793372,SEASON
RB,2022,00-0036842,Kene Nwangwu,14.0,9.234946531389465,0.3928571428571429,2.626243237173929,3.046282911023005,5.500000000000001,24.253215873724415,28.132259802782905,6.67857142857143,44.646135031956796,51.78680948739109,PPG
RB,2022,00-0036842,Kene Nwangwu,14.0,9.234946531389465,0.3928571428571429,2.626243237173929,3.046282911023005,5.500000000000001,24.253215873724415,28.132259802782905,6.67857142857143,44.646135031956796,51.78680948739109,SEASON
RB,2022,00-0036857,Chris Evans,10.0,9.234946531389465,1.2800000000000002,5.777567324467434,5.208070637126478,12.800000000000002,53.355525322959636,48.09625386556249,21.760000000000005,98.21864451594638,88.53720083115013,PPG
RB,2022,00-0036857,Chris Evans,10.0,9.234946531389465,1.2800000000000002,5.777567324467434,5.208070637126478,12.800000000000002,53.355525322959636,48.09625386556249,21.760000000000005,98.21864451594638,88.53720083115013,SEASON
RB,2022,00-0036860,Jake Funk,1.0,7.468199230161246,0.0,1.6025905206770603,1.8188707343358046,0.0,11.968465292784131,13.583689017929476,0.0,27.244038851510027,30.920802483708677,PPG
RB,2022,00-0036860,Jake Funk,1.0,7.468199230161246,0.0,1.6025905206770603,1.8188707343358046,0.0,11.968465292784131,13.583689017929476,0.0,27.244038851510027,30.920802483708677,SEASON
RB,2022,00-0036875,Rhamondre Stevenson,17.0,10.56000700731063,14.652941176470588,8.956192586508283,8.94493076566188,249.1,94.57745647235097,94.45853156529789,249.1,152.25527397064081,152.06382301625194,PPG
RB,2022,00-0036875,Rhamondre Stevenson,17.0,10.56000700731063,14.652941176470588,8.956192586508283,8.94493076566188,249.1,94.57745647235097,94.45853156529789,249.1,152.25527397064081,152.06382301625194,SEASON
RB,2022,00-0036893,Najee Harris,17.0,12.768441133845904,13.252941176470587,14.187067081073305,14.213478700648313,225.29999999999998,181.14673088660754,181.48396609640056,225.29999999999998,241.1801403782462,241.62913791102133,PPG
RB,2022,00-0036893,Najee Harris,17.0,12.768441133845904,13.252941176470587,14.187067081073305,14.213478700648313,225.29999999999998,181.14673088660754,181.48396609640056,225.29999999999998,241.1801403782462,241.62913791102133,SEASON
RB,2022,00-0036906,Khalil Herbert,13.0,12.326754308538849,9.061538461538461,5.76082222256125,5.338668006022839,117.8,71.01224015268325,65.80844884510054,154.04615384615386,97.93397778354125,90.75735610238827,PPG
RB,2022,00-0036906,Khalil Herbert,13.0,12.326754308538849,9.061538461538461,5.76082222256125,5.338668006022839,117.8,71.01224015268325,65.80844884510054,154.04615384615386,97.93397778354125,90.75735610238827,SEASON
RB,2022,00-0036919,Kenny Gainwell,17.0,12.326754308538849,5.170588235294118,8.017254306726818,6.995232856462069,87.9,98.82672406809644,86.22851675262633,87.9,136.2933232143559,118.91895855985517,PPG
RB,2022,00-0036919,Kenny Gainwell,17.0,12.326754308538849,5.170588235294118,8.017254306726818,6.995232856462069,87.9,98.82672406809644,86.22851675262633,87.9,136.2933232143559,118.91895855985517,SEASON
RB,2022,00-0036924,Michael Carter,16.0,11.44338065792474,7.875,9.928603859609359,9.971981533443378,126.0,113.61679336725065,114.11318060098864,133.875,168.7862656133591,169.52368606853742,PPG
RB,2022,00-0036924,Michael Carter,16.0,11.44338065792474,7.875,9.928603859609359,9.971981533443378,126.0,113.61679336725065,114.11318060098864,133.875,168.7862656133591,169.52368606853742,SEASON
RB,2022,00-0036950,Avery Williams,17.0,11.885067483231794,2.1176470588235294,2.378488109030131,1.8099826158083199,36.0,28.268491683887486,21.511765532358286,36.0,40.43429785351223,30.769704468741438,PPG
RB,2022,00-0036950,Avery Williams,17.0,11.885067483231794,2.1176470588235294,2.378488109030131,1.8099826158083199,36.0,28.268491683887486,21.511765532358286,36.0,40.43429785351223,30.769704468741438,SEASON
RB,2022,00-0036984,Trey Sermon,1.0,7.9098860554683,1.9000000000000001,4.762707498465506,5.292910034263089,1.9000000000000001,37.67247362838662,41.866315272865855,32.300000000000004,80.9660274739136,89.97947058247252,PPG
RB,2022,00-0036984,Trey Sermon,1.0,7.9098860554683,1.9000000000000001,4.762707498465506,5.292910034263089,1.9000000000000001,37.67247362838662,41.866315272865855,32.300000000000004,80.9660274739136,89.97947058247252,SEASON
RB,2022,00-0036997,Javonte Williams,4.0,12.768441133845904,10.5,10.803443483629728,10.069283392908233,42.0,137.94313216355732,128.56905226236094,178.5,183.65853922170538,171.17781767943995,PPG
RB,2022,00-0036997,Javonte Williams,4.0,12.768441133845904,10.5,10.803443483629728,10.069283392908233,42.0,137.94313216355732,128.56905226236094,178.5,183.65853922170538,171.17781767943995,SEASON
RB,2023,00-0029239,Brandon Bolden,5.0,11.040564599825757,2.22,3.753014714218665,2.7861011386384833,11.100000000000001,41.43540139642777,30.76012960278627,37.74,63.801250141717304,47.36371935685422,PPG
RB,2023,00-0029239,Brandon Bolden,5.0,11.040564599825757,2.22,3.753014714218665,2.7861011386384833,11.100000000000001,41.43540139642777,30.76012960278627,37.74,63.801250141717304,47.36371935685422,SEASON
RB,2023,00-0030513,Latavius Murray,15.0,11.040564599825757,5.526666666666667,9.684581809173544,10.030015343857254,82.9,106.92325108647792,110.73703234109956,93.95333333333335,164.63789075595025,170.51026084557333,PPG
RB,2023,00-0030513,Latavius Murray,15.0,11.040564599825757,5.526666666666667,9.684581809173544,10.030015343857254,82.9,106.92325108647792,110.73703234109956,93.95333333333335,164.63789075595025,170.51026084557333,SEASON
RB,2023,00-0030578,Cordarrelle Patterson,12.0,11.040564599825757,3.075,9.457232719219064,9.627500873890714,36.900000000000006,104.41318877212389,106.29304533306936,52.275000000000006,160.7729562267241,163.66751485614213,PPG
RB,2023,00-0030578,Cordarrelle Patterson,12.0,11.040564599825757,3.075,9.457232719219064,9.627500873890714,36.900000000000006,104.41318877212389,106.29304533306936,52.275000000000006,160.7729562267241,163.66751485614213,SEASON
RB,2023,00-0031376,Jerick McKinnon,12.0,12.882687387489394,6.683333333333334,9.992390602228928,9.27820198235194,80.2,128.72884438220217,119.52817565662443,113.61666666666667,169.8706402378918,157.72943369998296,PPG
RB,2023,00-0031376,Jerick McKinnon,12.0,12.882687387489394,6.683333333333334,9.992390602228928,9.27820198235194,80.2,128.72884438220217,119.52817565662443,113.61666666666667,169.8706402378918,157.72943369998296,SEASON
RB,2023,00-0031687,Raheem Mostert,15.0,12.422156690573484,17.846666666666668,9.408481162957589,9.445508771683475,267.7,116.8736272265682,117.33358998403841,303.3933333333334,159.94417977027902,160.57364911861907,PPG
RB,2023,00-0031687,Raheem Mostert,15.0,12.422156690573484,17.846666666666668,9.408481162957589,9.445508771683475,267.7,116.8736272265682,117.33358998403841,303.3933333333334,159.94417977027902,160.57364911861907,SEASON
RB,2023,00-0032104,Ameer Abdullah,16.0,12.422156690573484,2.5625,4.9347060676345595,3.6267585263272526,41.0,61.29969199408021,45.05216269291051,43.5625,83.89000314978752,61.65489494756329,PPG
RB,2023,00-0032104,Ameer Abdullah,16.0,12.422156690573484,2.5625,4.9347060676345595,3.6267585263272526,41.0,61.29969199408021,45.05216269291051,43.5625,83.89000314978752,61.65489494756329,SEASON
RB,2023,00-0032144,Melvin Gordon,4.0,9.658972509078028,4.925000000000001,6.665640826060489,7.95262552255469,19.700000000000003,64.38324149430642,76.81419129734803,83.72500000000001,113.31589404302832,135.19463388342973,PPG
RB,2023,00-0032144,Melvin Gordon,4.0,9.658972509078028,4.925000000000001,6.665640826060489,7.95262552255469,19.700000000000003,64.38324149430642,76.81419129734803,83.72500000000001,113.31589404302832,135.19463388342973,SEASON
RB,2023,00-0032450,Dwayne Washington,3.0,8.277380418330301,0.0,1.7883917012202297,1.976414324515571,0.0,14.803198447984744,16.359533228252698,0.0,30.402658920743907,33.59904351676471,PPG
RB,2023,00-0032450,Dwayne Washington,3.0,8.277380418330301,0.0,1.7883917012202297,1.976414324515571,0.0,14.803198447984744,16.359533228252698,0.0,30.402658920743907,33.59904351676471,SEASON
RB,2023,00-0032764,Derrick Henry,17.0,12.422156690573484,14.005882352941175,14.585997536766321,15.088186674328508,238.09999999999997,181.1895468900301,187.42781904513157,238.09999999999997,247.96195812502745,256.4991734635846,PPG
RB,2023,00-0032764,Derrick Henry,17.0,12.422156690573484,14.005882352941175,14.585997536766321,15.088186674328508,238.09999999999997,181.1895468900301,187.42781904513157,238.09999999999997,247.96195812502745,256.4991734635846,SEASON
RB,2023,00-0032975,Jonathan Williams,1.0,9.19844181216212,0.0,2.5012491306461433,3.6248430801981257,0.0,23.00759458596964,33.342908151420964,0.0,42.52123522098444,61.62233236336814,PPG
RB,2023,00-0032975,Jonathan Williams,1.0,9.19844181216212,0.0,2.5012491306461433,3.6248430801981257,0.0,23.00759458596964,33.342908151420964,0.0,42.52123522098444,61.62233236336814,SEASON
RB,2023,00-0033045,Ezekiel Elliott,17.0,11.961625993657576,10.26470588235294,9.771337383327612,9.892085384435894,174.49999999999997,116.88108323720957,118.32542566594859,174.49999999999997,166.11273551656942,168.1654515354102,PPG
RB,2023,00-0033045,Ezekiel Elliott,17.0,11.961625993657576,10.26470588235294,9.771337383327612,9.892085384435894,174.49999999999997,116.88108323720957,118.32542566594859,174.49999999999997,166.11273551656942,168.1654515354102,SEASON
RB,2023,00-0033118,Kenyan Drake,2.0,10.580033902909847,1.55,7.573386103770549,7.679558854613083,3.1,80.12668173771871,81.24999304119792,26.35,128.74756376409934,130.5525005284224,PPG
RB,2023,00-0033118,Kenyan Drake,2.0,10.580033902909847,1.55,7.573386103770549,7.679558854613083,3.1,80.12668173771871,81.24999304119792,26.35,128.74756376409934,130.5525005284224,SEASON
RB,2023,00-0033280,Christian McCaffrey,16.0,12.882687387489394,24.45625,16.121263953720664,16.326897032956996,391.3,207.68520380698462,210.3343104833131,415.75625,274.06148721325127,277.55724956026893,PPG
RB,2023,00-0033280,Christian McCaffrey,16.0,12.882687387489394,24.45625,16.121263953720664,16.326897032956996,391.3,207.68520380698462,210.3343104833131,415.75625,274.06148721325127,277.55724956026893,SEASON
RB,2023,00-0033293,Aaron Jones,11.0,12.882687387489394,12.263636363636364,13.072500466835105,12.282082187083544,134.9,168.40893688704583,158.22622528364934,208.48181818181817,222.23250793619678,208.79539718042025,PPG
RB,2023,00-0033293,Aaron Jones,11.0,12.882687387489394,12.263636363636364,13.072500466835105,12.282082187083544,134.9,168.40893688704583,158.22622528364934,208.48181818181817,222.23250793619678,208.79539718042025,SEASON
RB,2023,00-0033308,Matt Breida,15.0,12.882687387489394,3.126666666666667,4.331139252846872,4.004232787372078,46.900000000000006,55.79671302611063,51.585279226449764,53.153333333333336,73.62936729839682,68.07195738532532,PPG
RB,2023,00-0033308,Matt Breida,15.0,12.882687387489394,3.126666666666667,4.331139252846872,4.004232787372078,46.900000000000006,55.79671302611063,51.585279226449764,53.153333333333336,73.62936729839682,68.07195738532532,SEASON
RB,2023,00-0033376,Patrick Ricard,7.0,11.040564599825757,2.314285714285714,2.094642981303664,2.415791510345242,16.2,23.126041148654718,26.67170222967728,39.34285714285714,35.60893068216229,41.06845567586912,PPG
RB,2023,00-0033376,Patrick Ricard,7.0,11.040564599825757,2.314285714285714,2.094642981303664,2.415791510345242,16.2,23.126041148654718,26.67170222967728,39.34285714285714,35.60893068216229,41.06845567586912,SEASON
RB,2023,00-0033526,Samaje Perine,17.0,12.422156690573484,7.135294117647059,7.847740177950895,7.690839647585612,121.30000000000001,97.48585815741505,95.53681518438343,121.30000000000001,133.4115830251652,130.74427400895541,PPG
RB,2023,00-0033526,Samaje Perine,17.0,12.422156690573484,7.135294117647059,7.847740177950895,7.690839647585612,121.30000000000001,97.48585815741505,95.53681518438343,121.30000000000001,133.4115830251652,130.74427400895541,SEASON
RB,2023,00-0033553,James Conner,13.0,11.040564599825757,15.5,11.83178958233913,12.879094237535472,201.5,130.6296372153606,142.19247191675404,263.5,201.1404228997652,218.94460203810303,PPG
RB,2023,00-0033553,James Conner,13.0,11.040564599825757,15.5,11.83178958233913,12.879094237535472,201.5,130.6296372153606,142.19247191675404,263.5,201.1404228997652,218.94460203810303,SEASON
RB,2023,00-0033699,Austin Ekeler,14.0,12.882687387489394,13.242857142857142,17.18473397821275,16.57980638002611,185.39999999999998,221.38555567848186,213.59246253897857,225.1285714285714,292.1404776296168,281.8567084604439,PPG
RB,2023,00-0033699,Austin Ekeler,14.0,12.882687387489394,13.242857142857142,17.18473397821275,16.57980638002611,185.39999999999998,221.38555567848186,213.59246253897857,225.1285714285714,292.1404776296168,281.8567084604439,SEASON
RB,2023,00-0033854,Dare Ogunbowale,9.0,11.961625993657576,0.8111111111111111,3.227657649795708,3.9691185271721086,7.3,38.60803364242406,47.47711134652977,13.78888888888889,54.87018004652704,67.47501496192585,PPG
RB,2023,00-0033854,Dare Ogunbowale,9.0,11.961625993657576,0.8111111111111111,3.227657649795708,3.9691185271721086,7.3,38.60803364242406,47.47711134652977,13.78888888888889,54.87018004652704,67.47501496192585,SEASON
RB,2023,00-0033856,Leonard Fournette,2.0,12.422156690573484,2.0,11.974776720927952,11.94040802299479,4.0,148.75255276199877,148.32561941102205,34.0,203.5712042557752,202.98693639091144,PPG
RB,2023,00-0033856,Leonard Fournette,2.0,12.422156690573484,2.0,11.974776720927952,11.94040802299479,4.0,148.75255276199877,148.32561941102205,34.0,203.5712042557752,202.98693639091144,SEASON
RB,2023,00-0033893,Dalvin Cook,14.0,12.882687387489394,2.871428571428572,11.613596472088638,11.698365277923566,40.2,149.6143327943676,150.70638282014977,48.814285714285724,197.43114002550683,198.8722097247006,PPG
RB,2023,00-0033893,Dalvin Cook,14.0,12.882687387489394,2.871428571428572,11.613596472088638,11.698365277923566,40.2,149.6143327943676,150.70638282014977,48.814285714285724,197.43114002550683,198.8722097247006,SEASON
RB,2023,00-0033897,Joe Mixon,17.0,11.501095296741665,15.705882352941178,14.070815122252677,13.867455880710464,267.0,161.82978562386177,159.49093160741168,267.0,239.2038570782955,235.74674997207788,PPG
RB,2023,00-0033897,Joe Mixon,17.0,11.501095296741665,15.705882352941178,14.070815122252677,13.867455880710464,267.0,161.82978562386177,159.49093160741168,267.0,239.2038570782955,235.74674997207788,SEASON
RB,2023,00-0033906,Alvin Kamara,13.0,11.961625993657576,17.923076923076927,12.246476177731434,12.272998891581807,233.00000000000006,146.4877677782606,146.80502256167554,304.69230769230774,208.1900950214344,208.64098115689072,PPG
RB,2023,00-0033906,Alvin Kamara,13.0,11.961625993657576,17.923076923076927,12.246476177731434,12.272998891581807,233.00000000000006,146.4877677782606,146.80502256167554,304.69230769230774,208.1900950214344,208.64098115689072,SEASON
RB,2023,00-0033923,Kareem Hunt,15.0,12.882687387489394,7.9,7.415114253795194,6.950278775181101,118.5,95.52659887416017,89.5382687165608,134.3,126.0569423145183,118.15473917807871,PPG
RB,2023,00-0033923,Kareem Hunt,15.0,12.882687387489394,7.9,7.415114253795194,6.950278775181101,118.5,95.52659887416017,89.5382687165608,134.3,126.0569423145183,118.15473917807871,SEASON
RB,2023,00-0033925,D'Onta Foreman,9.0,12.422156690573484,10.133333333333333,7.913492487235747,7.623136840683446,91.19999999999999,98.30264364611853,94.69580030865308,172.26666666666665,134.5293722830077,129.59332629161858,PPG
RB,2023,00-0033925,D'Onta Foreman,9.0,12.422156690573484,10.133333333333333,7.913492487235747,7.623136840683446,91.19999999999999,98.30264364611853,94.69580030865308,172.26666666666665,134.5293722830077,129.59332629161858,SEASON
RB,2023,00-0033948,Jamaal Williams,13.0,12.882687387489394,4.676923076923077,11.10518009825239,10.395712323233244,60.800000000000004,143.0645635875543,133.92471203048498,79.50769230769231,188.78806167029063,176.72710949496516,PPG
RB,2023,00-0033948,Jamaal Williams,13.0,12.882687387489394,4.676923076923077,11.10518009825239,10.395712323233244,60.800000000000004,143.0645635875543,133.92471203048498,79.50769230769231,188.78806167029063,176.72710949496516,SEASON
RB,2023,00-0034115,Jeff Wilson,9.0,12.422156690573484,4.588888888888889,8.723093136004787,8.664003968869721,41.3,108.35962976191749,107.62561486905022,78.0111111111111,148.29258331208138,147.28806747078528,PPG
RB,2023,00-0034115,Jeff Wilson,9.0,12.422156690573484,4.588888888888889,8.723093136004787,8.664003968869721,41.3,108.35962976191749,107.62561486905022,78.0111111111111,148.29258331208138,147.28806747078528,SEASON
RB,2023,00-0034184,Gus Edwards,17.0,9.19844181216212,11.0,5.883830124794152,6.478801453734536,187.0,54.12206903556559,59.59487818472848,187.0,100.02511212150057,110.13962471348711,PPG
RB,2023,00-0034184,Gus Edwards,17.0,9.19844181216212,11.0,5.883830124794152,6.478801453734536,187.0,54.12206903556559,59.59487818472848,187.0,100.02511212150057,110.13962471348711,SEASON
RB,2023,00-0034208,Mike Boone,9.0,8.73791111524621,1.4777777777777779,4.320117145222591,4.16337125843583,13.3,37.7487996224062,36.37916799598304,25.122222222222224,73.44199146878405,70.77731139340911,PPG
RB,2023,00-0034208,Mike Boone,9.0,8.73791111524621,1.4777777777777779,4.320117145222591,4.16337125843583,13.3,37.7487996224062,36.37916799598304,25.122222222222224,73.44199146878405,70.77731139340911,SEASON
RB,2023,00-0034414,Boston Scott,12.0,11.961625993657576,1.4833333333333334,3.9126200471416994,3.4012050812981074,17.8,46.80129765919588,40.683943110215665,25.21666666666667,66.51454080140888,57.82048638206783,PPG
RB,2023,00-0034414,Boston Scott,12.0,11.961625993657576,1.4833333333333334,3.9126200471416994,3.4012050812981074,17.8,46.80129765919588,40.683943110215665,25.21666666666667,66.51454080140888,57.82048638206783,SEASON
RB,2023,00-0034614,Godwin Igwebuike,7.0,7.356319024498482,0.0,1.6494674978356714,1.5471550428348861,0.0,12.13400913462046,11.381366075455038,0.0,28.040947463206415,26.301635728193066,PPG
RB,2023,00-0034614,Godwin Igwebuike,7.0,7.356319024498482,0.0,1.6494674978356714,1.5471550428348861,0.0,12.13400913462046,11.381366075455038,0.0,28.040947463206415,26.301635728193066,SEASON
RB,2023,00-0034681,Chase Edmonds,13.0,11.040564599825757,3.0538461538461537,5.7951048323691925,5.395089422780598,39.699999999999996,63.981229264534484,59.56483329404584,51.91538461538461,98.51678215027627,91.71652018727016,PPG
RB,2023,00-0034681,Chase Edmonds,13.0,11.040564599825757,3.0538461538461537,5.7951048323691925,5.395089422780598,39.699999999999996,63.981229264534484,59.56483329404584,51.91538461538461,98.51678215027627,91.71652018727016,SEASON
RB,2023,00-0034750,Rashaad Penny,3.0,7.356319024498482,1.6,9.048374342181653,9.353845332676109,4.800000000000001,66.56272831417483,68.80987037298159,27.200000000000003,153.8223638170881,159.01537065549385,PPG
RB,2023,00-0034750,Rashaad Penny,3.0,7.356319024498482,1.6,9.048374342181653,9.353845332676109,4.800000000000001,66.56272831417483,68.80987037298159,27.200000000000003,153.8223638170881,159.01537065549385,SEASON
RB,2023,00-0034791,Nick Chubb,2.0,12.882687387489394,11.55,13.62805380232681,13.401934999814298,23.1,175.56595683526248,172.65293899006033,196.35000000000002,231.67691463955578,227.83289499684307,PPG
RB,2023,00-0034791,Nick Chubb,2.0,12.882687387489394,11.55,13.62805380232681,13.401934999814298,23.1,175.56595683526248,172.65293899006033,196.35000000000002,231.67691463955578,227.83289499684307,SEASON
RB,2023,00-0034838,Royce Freeman,11.0,6.895788327582573,4.2,4.7316745093751305,5.435815687564732,46.2,32.62862585166902,37.48423436919912,71.4,80.43846665937721,92.40886668860044,PPG
RB,2023,00-0034838,Royce Freeman,11.0,6.895788327582573,4.2,4.7316745093751305,5.435815687564732,46.2,32.62862585166902,37.48423436919912,71.4,80.43846665937721,92.40886668860044,SEASON
RB,2023,00-0034844,Saquon Barkley,14.0,12.422156690573484,15.942857142857143,14.296040213525263,14.350565128720433,223.2,177.58765158715042,178.26496862724505,271.0285714285714,243.03268362992947,243.95960718824736,PPG
RB,2023,00-0034844,Saquon Barkley,14.0,12.422156690573484,15.942857142857143,14.296040213525263,14.350565128720433,223.2,177.58765158715042,178.26496862724505,271.0285714285714,243.03268362992947,243.95960718824736,SEASON
RB,2023,00-0034972,Alexander Mattison,16.0,12.882687387489394,8.325,5.695795574640506,4.899273659090862,133.2,73.37715381113915,63.11581097582886,141.52499999999998,96.8285247688886,83.28765220454466,PPG
RB,2023,00-0034972,Alexander Mattison,16.0,12.882687387489394,8.325,5.695795574640506,4.899273659090862,133.2,73.37715381113915,63.11581097582886,141.52499999999998,96.8285247688886,83.28765220454466,SEASON
RB,2023,00-0034975,Justice Hill,16.0,11.961625993657576,6.83125,4.275066029925462,3.4129357600237338,109.3,51.1367409481589,40.824261101783364,116.13125,72.67612250873285,58.019907920403476,PPG
RB,2023,00-0034975,Justice Hill,16.0,11.961625993657576,6.83125,4.275066029925462,3.4129357600237338,109.3,51.1367409481589,40.824261101783364,116.13125,72.67612250873285,58.019907920403476,SEASON
RB,2023,00-0035184,Devine Ozigbo,1.0,6.435257630666664,2.3,2.00843934636935,1.7377225316227563,2.3,12.924824629454527,11.182692181606734,39.099999999999994,34.14346888827895,29.541283037586858,PPG
RB,2023,00-0035184,Devine Ozigbo,1.0,6.435257630666664,2.3,2.00843934636935,1.7377225316227563,2.3,12.924824629454527,11.182692181606734,39.099999999999994,34.14346888827895,29.541283037586858,SEASON
RB,2023,00-0035243,Miles Sanders,16.0,12.882687387489394,5.475,11.713004057610636,11.001267717608567,87.6,150.89496964259263,141.72589287203013,93.07499999999999,199.12106897938082,187.02155119934562,PPG
RB,2023,00-0035243,Miles Sanders,16.0,12.882687387489394,5.475,11.713004057610636,11.001267717608567,87.6,150.89496964259263,141.72589287203013,93.07499999999999,199.12106897938082,187.02155119934562,SEASON
RB,2023,00-0035250,Devin Singletary,17.0,12.422156690573484,9.594117647058823,9.75281836742656,9.865330036371503,163.1,121.1510379348758,122.54867551602783,163.1,165.7979122462515,167.71061061831557,PPG
RB,2023,00-0035250,Devin Singletary,17.0,12.422156690573484,9.594117647058823,9.75281836742656,9.865330036371503,163.1,121.1510379348758,122.54867551602783,163.1,165.7979122462515,167.71061061831557,SEASON
RB,2023,00-0035261,Tony Pollard,17.0,12.422156690573484,13.094117647058823,12.801567648181983,12.36111999171673,222.6,159.02307921069288,153.55176940808562,222.6,217.62665001909372,210.1390398591844,PPG
RB,2023,00-0035261,Tony Pollard,17.0,12.422156690573484,13.094117647058823,12.801567648181983,12.36111999171673,222.6,159.02307921069288,153.55176940808562,222.6,217.62665001909372,210.1390398591844,SEASON
RB,2023,00-0035291,Trayveon Williams,16.0,8.277380418330301,0.93125,1.7886319738363001,2.123518795232866,14.9,14.805187275832067,17.577172893616876,15.83125,30.4067435552171,36.099819518958725,PPG
RB,2023,00-0035291,Trayveon Williams,16.0,8.277380418330301,0.93125,1.7886319738363001,2.123518795232866,14.9,14.805187275832067,17.577172893616876,15.83125,30.4067435552171,36.099819518958725,SEASON
RB,2023,00-0035537,Ty Johnson,9.0,10.580033902909847,3.6,3.3379605280274145,4.086854747360457,32.4,35.3157355531049,43.23906178334169,61.2,56.74532897646605,69.47653070512777,PPG
RB,2023,00-0035537,Ty Johnson,9.0,10.580033902909847,3.6,3.3379605280274145,4.086854747360457,32.4,35.3157355531049,43.23906178334169,61.2,56.74532897646605,69.47653070512777,SEASON
RB,2023,00-0035567,Craig Reynolds,12.0,7.816849721414392,2.6333333333333333,4.902784871067958,5.266181436734972,31.6,38.32433255356226,41.16494889665941,44.766666666666666,83.34734280815528,89.52508442449452,PPG
RB,2023,00-0035567,Craig Reynolds,12.0,7.816849721414392,2.6333333333333333,4.902784871067958,5.266181436734972,31.6,38.32433255356226,41.16494889665941,44.766666666666666,83.34734280815528,89.52508442449452,SEASON
RB,2023,00-0035594,Travis Homer,7.0,9.658972509078028,0.0,4.332244227863585,4.642362425045747,0.0,41.84502789954634,44.84045104069368,0.0,73.64815187368094,78.9201612257777,PPG
RB,2023,00-0035594,Travis Homer,7.0,9.658972509078028,0.0,4.332244227863585,4.642362425045747,0.0,41.84502789954634,44.84045104069368,0.0,73.64815187368094,78.9201612257777,SEASON
RB,2023,00-0035628,D'Ernest Johnson,16.0,9.19844181216212,2.175,2.5807991487437856,1.7135558352612525,34.8,23.739330798597244,15.76204364254149,36.974999999999994,43.873585528644355,29.130449199441294,PPG
RB,2023,00-0035628,D'Ernest Johnson,16.0,9.19844181216212,2.175,2.5807991487437856,1.7135558352612525,34.8,23.739330798597244,15.76204364254149,36.974999999999994,43.873585528644355,29.130449199441294,SEASON
RB,2023,00-0035657,Damien Harris,6.0,10.119503205993938,3.166666666666667,7.482571027978349,7.622141408333853,19.0,75.71990150670426,77.13228441817358,53.833333333333336,127.20370747563193,129.5764039416755,PPG
RB,2023,00-0035657,Damien Harris,6.0,10.119503205993938,3.166666666666667,7.482571027978349,7.622141408333853,19.0,75.71990150670426,77.13228441817358,53.833333333333336,127.20370747563193,129.5764039416755,SEASON
RB,2023,00-0035664,Darrell Henderson,4.0,9.658972509078028,10.875,6.313940036145112,6.660501350693911,43.5,60.98617323309277,64.33359944302957,184.875,107.33698061446691,113.22852296179649,PPG
RB,2023,00-0035664,Darrell Henderson,4.0,9.658972509078028,10.875,6.313940036145112,6.660501350693911,43.5,60.98617323309277,64.33359944302957,184.875,107.33698061446691,113.22852296179649,SEASON
RB,2023,00-0035685,David Montgomery,14.0,12.422156690573484,14.8,9.828339788746394,9.667299149556847,207.20000000000002,122.08917686400561,120.08870481044293,251.60000000000002,167.0817764086887,164.3440855424664,PPG
RB,2023,00-0035685,David Montgomery,14.0,12.422156690573484,14.8,9.828339788746394,9.667299149556847,207.20000000000002,122.08917686400561,120.08870481044293,251.60000000000002,167.0817764086887,164.3440855424664,SEASON
RB,2023,00-0035700,Josh Jacobs,13.0,12.882687387489394,13.930769230769231,15.779609472343306,15.658733099338534,181.1,203.28377592886528,201.72656340291124,236.82307692307694,268.2533610298362,266.19846268875506,PPG
RB,2023,00-0035700,Josh Jacobs,13.0,12.882687387489394,13.930769230769231,15.779609472343306,15.658733099338534,181.1,203.28377592886528,201.72656340291124,236.82307692307694,268.2533610298362,266.19846268875506,SEASON
RB,2023,00-0035726,Jakob Johnson,8.0,10.119503205993938,0.275,1.485415056982927,1.6737418363568417,2.2,15.031662431370398,16.93743587901924,4.675000000000001,25.252055968709758,28.45361121806631,PPG
RB,2023,00-0035726,Jakob Johnson,8.0,10.119503205993938,0.275,1.485415056982927,1.6737418363568417,2.2,15.031662431370398,16.93743587901924,4.675000000000001,25.252055968709758,28.45361121806631,SEASON
RB,2023,00-0035806,JaMycal Hasty,1.0,11.501095296741665,0.0,4.65924849616693,5.084610973952261,0.0,53.58646096561615,58.47859535828341,0.0,79.2072244348378,86.43838655718844,PPG
RB,2023,00-0035806,JaMycal Hasty,1.0,11.501095296741665,0.0,4.65924849616693,5.084610973952261,0.0,53.58646096561615,58.47859535828341,0.0,79.2072244348378,86.43838655718844,SEASON
RB,2023,00-0035831,James Robinson,1.0,10.119503205993938,1.2,7.5896294862456655,6.9806823783123715,1.2,76.80327991836914,70.64103770735743,20.4,129.02370126617632,118.67160043131031,PPG
RB,2023,00-0035831,James Robinson,1.0,10.119503205993938,1.2,7.5896294862456655,6.9806823783123715,1.2,76.80327991836914,70.64103770735743,20.4,129.02370126617632,118.67160043131031,SEASON
RB,2023,00-0035860,Tony Jones,6.0,6.435257630666664,5.366666666666667,3.3928160421592213,4.066839652681018,32.2,21.833645324753398,26.171160907613288,91.23333333333335,57.67787271670676,69.1362740955773,PPG
RB,2023,00-0035860,Tony Jones,6.0,6.435257630666664,5.366666666666667,3.3928160421592213,4.066839652681018,32.2,21.833645324753398,26.171160907613288,91.23333333333335,57.67787271670676,69.1362740955773,SEASON
RB,2023,00-0035924,Jonathan Ward,2.0,6.895788327582573,0.55,2.3424783131909046,2.303059461364846,1.1,16.153234609717156,15.881410551408313,9.350000000000001,39.822131324245376,39.15201084320238,PPG
RB,2023,00-0035924,Jonathan Ward,2.0,6.895788327582573,0.55,2.3424783131909046,2.303059461364846,1.1,16.153234609717156,15.881410551408313,9.350000000000001,39.822131324245376,39.15201084320238,SEASON
RB,2023,00-0035973,Patrick Taylor,11.0,7.816849721414392,2.7272727272727275,1.9234785150852654,2.029879516816706,30.000000000000004,15.035542494790825,15.867263135533449,46.36363636363637,32.69913475644951,34.507951785884,PPG
RB,2023,00-0035973,Patrick Taylor,11.0,7.816849721414392,2.7272727272727275,1.9234785150852654,2.029879516816706,30.000000000000004,15.035542494790825,15.867263135533449,46.36363636363637,32.69913475644951,34.507951785884,SEASON
RB,2023,00-0036020,Salvon Ahmed,7.0,7.816849721414392,6.128571428571428,2.739129411202438,2.9309315932123114,42.9,21.411362974875743,22.910651807886296,104.18571428571428,46.56519999044145,49.8258370846093,PPG
RB,2023,00-0036020,Salvon Ahmed,7.0,7.816849721414392,6.128571428571428,2.739129411202438,2.9309315932123114,42.9,21.411362974875743,22.910651807886296,104.18571428571428,46.56519999044145,49.8258370846093,SEASON
RB,2023,00-0036158,J.K. Dobbins,1.0,8.73791111524621,11.7,8.887943210380875,8.846616718041762,11.7,77.66205776966413,77.30095055290005,198.89999999999998,151.0950345764749,150.39248420670995,PPG
RB,2023,00-0036158,J.K. Dobbins,1.0,8.73791111524621,11.7,8.887943210380875,8.846616718041762,11.7,77.66205776966413,77.30095055290005,198.89999999999998,151.0950345764749,150.39248420670995,SEASON
RB,2023,00-0036187,Reggie Gilliam,5.0,8.277380418330301,0.26,3.432825463212248,3.168656907673364,1.3,28.414802268738708,26.22817863998255,4.42,58.35803287460821,53.86716743044719,PPG
RB,2023,00-0036187,Reggie Gilliam,5.0,8.277380418330301,0.26,3.432825463212248,3.168656907673364,1.3,28.414802268738708,26.22817863998255,4.42,58.35803287460821,53.86716743044719,SEASON
RB,2023,00-0036223,Jonathan Taylor,10.0,10.119503205993938,15.64,11.491007196053609,11.918331081694859,156.4,116.28328416056391,120.60758959130833,265.88,195.34712233291134,202.61162838881262,PPG
RB,2023,00-0036223,Jonathan Taylor,10.0,10.119503205993938,15.64,11.491007196053609,11.918331081694859,156.4,116.28328416056391,120.60758959130833,265.88,195.34712233291134,202.61162838881262,SEASON
RB,2023,00-0036251,Zack Moss,14.0,11.040564599825757,12.114285714285714,5.196860997469962,5.725091207042922,169.6,57.37627955888203,63.2082393112518,205.94285714285712,88.34663695698936,97.32655051972968,PPG
RB,2023,00-0036251,Zack Moss,14.0,11.040564599825757,12.114285714285714,5.196860997469962,5.725091207042922,169.6,57.37627955888203,63.2082393112518,205.94285714285712,88.34663695698936,97.32655051972968,SEASON
RB,2023,00-0036265,AJ Dillon,15.0,12.882687387489394,7.84,8.459812045347618,8.556140163422086,117.6,108.98511393713062,110.22607896890915,133.28,143.81680477090953,145.45438277817544,PPG
RB,2023,00-0036265,AJ Dillon,15.0,12.882687387489394,7.84,8.459812045347618,8.556140163422086,117.6,108.98511393713062,110.22607896890915,133.28,143.81680477090953,145.45438277817544,SEASON
RB,2023,00-0036275,D'Andre Swift,16.0,11.501095296741665,12.45625,11.473073740706338,11.069689353369897,199.3,131.95291443840796,127.31355215843381,211.75625000000002,195.04225359200774,188.18471900728827,PPG
RB,2023,00-0036275,D'Andre Swift,16.0,11.501095296741665,12.45625,11.473073740706338,11.069689353369897,199.3,131.95291443840796,127.31355215843381,211.75625000000002,195.04225359200774,188.18471900728827,SEASON
RB,2023,00-0036297,Darrynton Evans,6.0,6.435257630666664,5.0,2.819221148519029,4.071230800982789,30.0,18.142414408543917,26.19941907822965,85.0,47.92675952482349,69.21092361670742,PPG
RB,2023,00-0036297,Darrynton Evans,6.0,6.435257630666664,5.0,2.819221148519029,4.071230800982789,30.0,18.142414408543917,26.19941907822965,85.0,47.92675952482349,69.21092361670742,SEASON
RB,2023,00-0036328,Antonio Gibson,16.0,11.961625993657576,7.9625,9.592809202156705,9.365859428546237,127.4,114.74559590471523,112.03090759344155,135.3625,163.07775643666398,159.21961028528602,PPG
RB,2023,00-0036328,Antonio Gibson,16.0,11.961625993657576,7.9625,9.592809202156705,9.365859428546237,127.4,114.74559590471523,112.03090759344155,135.3625,163.07775643666398,159.21961028528602,SEASON
RB,2023,00-0036360,Clyde Edwards-Helaire,15.0,9.658972509078028,4.673333333333334,8.420930734926866,8.106753309431731,70.10000000000001,81.33753846950884,78.30290735367842,79.44666666666667,143.15582249375672,137.81480626033942,PPG
RB,2023,00-0036360,Clyde Edwards-Helaire,15.0,9.658972509078028,4.673333333333334,8.420930734926866,8.106753309431731,70.10000000000001,81.33753846950884,78.30290735367842,79.44666666666667,143.15582249375672,137.81480626033942,SEASON
RB,2023,00-0036370,Joshua Kelley,17.0,10.580033902909847,3.6294117647058823,5.399939099994126,5.655086244046148,61.7,57.13153875158633,59.83100418588735,61.7,91.79896469990014,96.1364661487845,PPG
RB,2023,00-0036370,Joshua Kelley,17.0,10.580033902909847,3.6294117647058823,5.399939099994126,5.655086244046148,61.7,57.13153875158633,59.83100418588735,61.7,91.79896469990014,96.1364661487845,SEASON
RB,2023,00-0036414,Cam Akers,7.0,11.961625993657576,6.671428571428571,7.344549289742066,8.383114563364124,46.699999999999996,87.85275169587797,100.27568106894569,113.41428571428571,124.85733792561511,142.51294757719012,PPG
RB,2023,00-0036414,Cam Akers,7.0,11.961625993657576,6.671428571428571,7.344549289742066,8.383114563364124,46.699999999999996,87.85275169587797,100.27568106894569,113.41428571428571,124.85733792561511,142.51294757719012,SEASON
RB,2023,00-0036425,DeeJay Dallas,17.0,11.961625993657576,0.7176470588235294,4.080024728464882,4.008740689835491,12.2,48.803729846771226,47.951056837369016,12.2,69.36042038390299,68.14859172720335,PPG
RB,2023,00-0036425,DeeJay Dallas,17.0,11.961625993657576,0.7176470588235294,4.080024728464882,4.008740689835491,12.2,48.803729846771226,47.951056837369016,12.2,69.36042038390299,68.14859172720335,SEASON
RB,2023,00-0036450,Ke'Shawn Vaughn,5.0,7.816849721414392,1.2800000000000002,2.607292199958621,2.6385157731242685,6.400000000000001,20.38081130689246,20.624881286093917,21.760000000000005,44.323967399296556,44.854768143112565,PPG
RB,2023,00-0036450,Ke'Shawn Vaughn,5.0,7.816849721414392,1.2800000000000002,2.607292199958621,2.6385157731242685,6.400000000000001,20.38081130689246,20.624881286093917,21.760000000000005,44.323967399296556,44.854768143112565,SEASON
RB,2023,00-0036493,Deon Jackson,2.0,10.580033902909847,2.0,6.91262968550758,6.422743145019878,4.0,73.13585643093123,67.95284022399213,34.0,117.51470465362887,109.18663346533793,PPG
RB,2023,00-0036493,Deon Jackson,2.0,10.580033902909847,2.0,6.91262968550758,6.422743145019878,4.0,73.13585643093123,67.95284022399213,34.0,117.51470465362887,109.18663346533793,SEASON
RB,2023,00-0036555,Chuba Hubbard,17.0,11.501095296741665,10.73529411764706,5.979229297005277,6.4476290968710686,182.50000000000003,68.76768594592737,74.15479668115856,182.50000000000003,101.64689804908971,109.60969464680817,PPG
RB,2023,00-0036555,Chuba Hubbard,17.0,11.501095296741665,10.73529411764706,5.979229297005277,6.4476290968710686,182.50000000000003,68.76768594592737,74.15479668115856,182.50000000000003,101.64689804908971,109.60969464680817,SEASON
RB,2023,00-0036567,Elijah Mitchell,11.0,7.356319024498482,4.318181818181818,7.926401308107186,7.89711868185958,47.5,58.30913673863855,58.09372439808601,73.4090909090909,134.74882223782217,134.25101759161285,PPG
RB,2023,00-0036567,Elijah Mitchell,11.0,7.356319024498482,4.318181818181818,7.926401308107186,7.89711868185958,47.5,58.30913673863855,58.09372439808601,73.4090909090909,134.74882223782217,134.25101759161285,SEASON
RB,2023,00-0036569,Gary Brightwell,4.0,11.961625993657576,2.9,3.6690570803421165,2.7563339822999744,11.6,43.88788854443363,32.97023620988107,49.3,62.37397036581598,46.85767769909957,PPG
RB,2023,00-0036569,Gary Brightwell,4.0,11.961625993657576,2.9,3.6690570803421165,2.7563339822999744,11.6,43.88788854443363,32.97023620988107,49.3,62.37397036581598,46.85767769909957,SEASON
RB,2023,00-0036842,Kene Nwangwu,8.0,11.501095296741665,0.1625,2.061251086161075,1.6403733174310617,1.3,23.70664517245079,18.866089846006908,2.7625,35.04126846473828,27.88634639632805,PPG
RB,2023,00-0036842,Kene Nwangwu,8.0,11.501095296741665,0.1625,2.061251086161075,1.6403733174310617,1.3,23.70664517245079,18.866089846006908,2.7625,35.04126846473828,27.88634639632805,SEASON
RB,2023,00-0036857,Chris Evans,3.0,9.658972509078028,0.7333333333333334,2.8839371344330713,2.0003560363412833,2.2,27.855869499398302,19.321383963388744,12.466666666666669,49.02693128536221,34.006052617801814,PPG
RB,2023,00-0036857,Chris Evans,3.0,9.658972509078028,0.7333333333333334,2.8839371344330713,2.0003560363412833,2.2,27.855869499398302,19.321383963388744,12.466666666666669,49.02693128536221,34.006052617801814,SEASON
RB,2023,00-0036875,Rhamondre Stevenson,12.0,12.882687387489394,12.141666666666667,12.274570659594087,12.290826650275484,145.70000000000002,158.12945662320013,158.3388774693225,206.40833333333336,208.66770121309946,208.94405305468322,PPG
RB,2023,00-0036875,Rhamondre Stevenson,12.0,12.882687387489394,12.141666666666667,12.274570659594087,12.290826650275484,145.70000000000002,158.12945662320013,158.3388774693225,206.40833333333336,208.66770121309946,208.94405305468322,SEASON
RB,2023,00-0036893,Najee Harris,17.0,12.882687387489394,11.5,11.303146128404585,11.17646276398786,195.5,145.61489806734733,143.98287588637126,195.5,192.15348418287795,189.99986698779364,PPG
RB,2023,00-0036893,Najee Harris,17.0,12.882687387489394,11.5,11.303146128404585,11.17646276398786,195.5,145.61489806734733,143.98287588637126,195.5,192.15348418287795,189.99986698779364,SEASON
RB,2023,00-0036906,Khalil Herbert,12.0,11.040564599825757,9.375,8.244262368224977,7.860510533581375,112.5,91.02131125430034,86.784474333616,159.375,140.1524602598246,133.62867907088338,PPG
RB,2023,00-0036906,Khalil Herbert,12.0,11.040564599825757,9.375,8.244262368224977,7.860510533581375,112.5,91.02131125430034,86.784474333616,159.375,140.1524602598246,133.62867907088338,SEASON
RB,2023,00-0036919,Kenny Gainwell,16.0,12.882687387489394,6.043749999999999,4.7801199009503375,4.917272472710675,96.69999999999999,61.58079035865996,63.34768406503859,102.74374999999999,81.26203831615574,83.59363203608147,PPG
RB,2023,00-0036919,Kenny Gainwell,16.0,12.882687387489394,6.043749999999999,4.7801199009503375,4.917272472710675,96.69999999999999,61.58079035865996,63.34768406503859,102.74374999999999,81.26203831615574,83.59363203608147,SEASON
RB,2023,00-0036924,Michael Carter,15.0,12.422156690573484,3.92,7.826580277469818,7.112424536817754,58.8,97.22300655808218,88.35165204622967,66.64,133.0518647169869,120.91121712590181,PPG
RB,2023,00-0036924,Michael Carter,15.0,12.422156690573484,3.92,7.826580277469818,7.112424536817754,58.8,97.22300655808218,88.35165204622967,66.64,133.0518647169869,120.91121712590181,SEASON
RB,2023,00-0036973,Travis Etienne,17.0,12.882687387489394,16.611764705882354,10.505581806022198,10.666296602100736,282.40000000000003,135.34012623068023,137.41056470710413,282.40000000000003,178.59489070237737,181.32704223571253,PPG
RB,2023,00-0036973,Travis Etienne,17.0,12.882687387489394,16.611764705882354,10.505581806022198,10.666296602100736,282.40000000000003,135.34012623068023,137.41056470710413,282.40000000000003,178.59489070237737,181.32704223571253,SEASON
RB,2023,00-0036997,Javonte Williams,16.0,6.895788327582573,11.2,9.604464409135597,10.02537865518795,179.2,66.23035356519951,69.13288911004054,190.39999999999998,163.27589495530515,170.43143713819515,PPG
RB,2023,00-0036997,Javonte Williams,16.0,6.895788327582573,11.2,9.604464409135597,10.02537865518795,179.2,66.23035356519951,69.13288911004054,190.39999999999998,163.27589495530515,170.43143713819515,SEASON
RB,2023,00-0037157,Bam Knight,2.0,8.277380418330301,1.55,7.724498540150517,8.122394582421215,3.1,63.93861295766288,67.23214986648549,26.35,131.31647518255878,138.08070790116065,PPG
RB,2023,00-0037157,Bam Knight,2.0,8.277380418330301,1.55,7.724498540150517,8.122394582421215,3.1,63.93861295766288,67.23214986648549,26.35,131.31647518255878,138.08070790116065,SEASON
RB,2023,00-0037197,Isiah Pacheco,14.0,12.882687387489394,15.278571428571428,7.832282668446609,7.690798204200833,213.9,100.9008491480489,99.07814902498416,259.73571428571427,133.14880536359237,130.74356947141416,PPG
RB,2023,00-0037197,Isiah Pacheco,14.0,12.882687387489394,15.278571428571428,7.832282668446609,7.690798204200833,213.9,100.9008491480489,99.07814902498416,259.73571428571427,133.14880536359237,130.74356947141416,SEASON
RB,2023,00-0037228,Jaylen Warren,17.0,12.422156690573484,11.55294117647059,6.5319190502831725,6.1237061480329995,196.40000000000003,81.14052193275951,76.0696372978941,196.40000000000003,111.04262385481394,104.10300451656099,PPG
RB,2023,00-0037228,Jaylen Warren,17.0,12.422156690573484,11.55294117647059,6.5319190502831725,6.1237061480329995,196.40000000000003,81.14052193275951,76.0696372978941,196.40000000000003,111.04262385481394,104.10300451656099,SEASON
RB,2023,00-0037248,James Cook,17.0,12.422156690573484,13.688235294117648,6.777548033179826,6.6210280356864315,232.70000000000002,84.19176364604793,82.24744771197682,232.70000000000002,115.21831656405705,112.55747660666934,PPG
RB,2023,00-0037248,James Cook,17.0,12.422156690573484,13.688235294117648,6.777548033179826,6.6210280356864315,232.70000000000002,84.19176364604793,82.24744771197682,232.70000000000002,115.21831656405705,112.55747660666934,SEASON
RB,2023,00-0037256,Rachaad White,17.0,12.882687387489394,15.758823529411766,8.65902264993369,8.178803059973685,267.90000000000003,111.55148188028573,105.36496302548265,267.90000000000003,147.20338504887272,139.03965201955265,PPG
RB,2023,00-0037256,Rachaad White,17.0,12.882687387489394,15.758823529411766,8.65902264993369,8.178803059973685,267.90000000000003,111.55148188028573,105.36496302548265,267.90000000000003,147.20338504887272,139.03965201955265,SEASON
RB,2023,00-0037258,Dameon Pierce,14.0,11.040564599825757,5.478571428571429,11.121093072754075,11.545883114060722,76.7,122.78314649041609,127.47306838282478,93.13571428571429,189.05858223681926,196.28001293903228,PPG
RB,2023,00-0037258,Dameon Pierce,14.0,11.040564599825757,5.478571428571429,11.121093072754075,11.545883114060722,76.7,122.78314649041609,127.47306838282478,93.13571428571429,189.05858223681926,196.28001293903228,SEASON
RB,2023,00-0037263,Tyler Allgeier,17.0,12.422156690573484,8.094117647058823,9.042728843152712,8.965479633419026,137.6,112.33019460001128,111.37059281247646,137.6,153.7263903335961,152.41315376812344,PPG
RB,2023,00-0037263,Tyler Allgeier,17.0,12.422156690573484,8.094117647058823,9.042728843152712,8.965479633419026,137.6,112.33019460001128,111.37059281247646,137.6,153.7263903335961,152.41315376812344,SEASON
RB,2023,00-0037267,Jerome Ford,17.0,11.040564599825757,12.423529411764704,1.8623637497307184,1.3955914735893042,211.2,20.561547287275726,15.408117819128735,211.2,31.660183745422213,23.725055051018174,PPG
RB,2023,00-0037267,Jerome Ford,17.0,11.040564599825757,12.423529411764704,1.8623637497307184,1.3955914735893042,211.2,20.561547287275726,15.408117819128735,211.2,31.660183745422213,23.725055051018174,SEASON
RB,2023,00-0037286,Kevin Harris,4.0,7.356319024498482,5.325,2.8143932237337737,3.2360601726219036,21.3,20.703574414172373,23.805491012280353,90.525,47.84468480347415,55.01302293457236,PPG
RB,2023,00-0037286,Kevin Harris,4.0,7.356319024498482,5.325,2.8143932237337737,3.2360601726219036,21.3,20.703574414172373,23.805491012280353,90.525,47.84468480347415,55.01302293457236,SEASON
RB,2023,00-0037299,Keaontay Ingram,7.0,10.119503205993938,2.0,2.667854476547797,2.4481698240467837,14.0,26.99736192855071,24.774262383259043,34.0,45.353526101312546,41.618887008795326,PPG
RB,2023,00-0037299,Keaontay Ingram,7.0,10.119503205993938,2.0,2.667854476547797,2.4481698240467837,14.0,26.99736192855071,24.774262383259043,34.0,45.353526101312546,41.618887008795326,SEASON
RB,2023,00-0037429,Raheem Blackshear,9.0,11.040564599825757,1.9,3.5403175223691314,3.9164269360825585,17.099999999999998,39.08710430961146,43.23956458831715,32.3,60.18539788027523,66.5792579134035,PPG
RB,2023,00-0037429,Raheem Blackshear,9.0,11.040564599825757,1.9,3.5403175223691314,3.9164269360825585,17.099999999999998,39.08710430961146,43.23956458831715,32.3,60.18539788027523,66.5792579134035,SEASON
RB,2023,00-0037525,Jordan Mason,16.0,10.580033902909847,2.79375,3.5931151424289043,3.328759296924236,44.7,38.01528002395655,35.21838621608476,47.493750000000006,61.082957421291376,56.58890804771201,PPG
RB,2023,00-0037525,Jordan Mason,16.0,10.580033902909847,2.79375,3.5931151424289043,3.328759296924236,44.7,38.01528002395655,35.21838621608476,47.493750000000006,61.082957421291376,56.58890804771201,SEASON
RB,2023,00-0037563,Malik Davis,1.0,7.816849721414392,0.0,5.956266339484273,5.578740379621845,0.0,46.55923887646756,43.60817518229024,0.0,101.25652777123264,94.83858645357137,PPG
RB,2023,00-0037563,Malik Davis,1.0,7.816849721414392,0.0,5.956266339484273,5.578740379621845,0.0,46.55923887646756,43.60817518229024,0.0,101.25652777123264,94.83858645357137,SEASON
RB,2023,00-0037594,Julius Chestnut,1.0,7.816849721414392,0.0,1.9365412929456536,2.3275905721434715,0.0,15.137652266269699,18.19442571542646,0.0,32.92120198007611,39.569039726439016,PPG
RB,2023,00-0037594,Julius Chestnut,1.0,7.816849721414392,0.0,1.9365412929456536,2.3275905721434715,0.0,15.137652266269699,18.19442571542646,0.0,32.92120198007611,39.569039726439016,SEASON
RB,2023,00-0037746,Brian Robinson,15.0,10.580033902909847,13.206666666666667,9.044502891619233,8.75298745476404,198.1,95.69114722829762,92.60690402314812,224.51333333333335,153.75654915752696,148.8007867309887,PPG
RB,2023,00-0037746,Brian Robinson,15.0,10.580033902909847,13.206666666666667,9.044502891619233,8.75298745476404,198.1,95.69114722829762,92.60690402314812,224.51333333333335,153.75654915752696,148.8007867309887,SEASON
RB,2023,00-0037827,Tyrion Davis-Price,1.0,7.356319024498482,2.1,2.706237586961854,3.3245814431792784,2.1,19.907947045780354,24.456681718954346,35.7,46.00603897835152,56.51788453404773,PPG
RB,2023,00-0037827,Tyrion Davis-Price,1.0,7.356319024498482,2.1,2.706237586961854,3.3245814431792784,2.1,19.907947045780354,24.456681718954346,35.7,46.00603897835152,56.51788453404773,SEASON
RB,2023,00-0037840,Kyren Williams,12.0,8.73791111524621,21.25,4.712379114308058,4.288338991143876,255.0,41.176349842166466,37.47112493665979,361.25,80.11044494323698,72.90176284944589,PPG
RB,2023,00-0037840,Kyren Williams,12.0,8.73791111524621,21.25,4.712379114308058,4.288338991143876,255.0,41.176349842166466,37.47112493665979,361.25,80.11044494323698,72.90176284944589,SEASON
RB,2023,00-0038040,Zamir White,13.0,10.119503205993938,5.684615384615385,2.460571560988706,1.8364383004188363,73.9,24.899761800002718,18.583843268698473,96.63846153846154,41.829716536808,31.219451107120218,PPG
RB,2023,00-0038040,Zamir White,13.0,10.119503205993938,5.684615384615385,2.460571560988706,1.8364383004188363,73.9,24.899761800002718,18.583843268698473,96.63846153846154,41.829716536808,31.219451107120218,SEASON
RB,2023,00-0038045,Isaiah Spiller,9.0,7.356319024498482,2.1111111111111107,2.6638865818338378,2.809193930684522,18.999999999999996,19.596399541050495,20.66532675580022,35.888888888888886,45.28607189117524,47.75629682163687,PPG
RB,2023,00-0038045,Isaiah Spiller,9.0,7.356319024498482,2.1111111111111107,2.6638865818338378,2.809193930684522,18.999999999999996,19.596399541050495,20.66532675580022,35.888888888888886,45.28607189117524,47.75629682163687,SEASON
RB,2023,00-0038098,Pierre Strong,16.0,9.658972509078028,2.675,2.6412961535925845,3.290301644294118,42.8,25.51220693588431,31.780933128811117,45.474999999999994,44.90203461107394,55.935127953000006,PPG
RB,2023,00-0038098,Pierre Strong,16.0,9.658972509078028,2.675,2.6412961535925845,3.290301644294118,42.8,25.51220693588431,31.780933128811117,45.474999999999994,44.90203461107394,55.935127953000006,SEASON
RB,2023,00-0038120,Breece Hall,17.0,8.277380418330301,17.08823529411765,12.59824018756398,13.181469117607362,290.5,104.28042663396394,109.10803435890877,290.5,214.17008318858765,224.08497499932514,PPG
RB,2023,00-0038120,Breece Hall,17.0,8.277380418330301,17.08823529411765,12.59824018756398,13.181469117607362,290.5,104.28042663396394,109.10803435890877,290.5,214.17008318858765,224.08497499932514,SEASON
RB,2023,00-0038134,Kenneth Walker III,15.0,11.961625993657576,13.293333333333335,11.049677442348699,11.103526475228657,199.40000000000003,132.17210891592995,132.8162309073602,225.98666666666668,187.84451651992788,188.75995007888716,PPG
RB,2023,00-0038134,Kenneth Walker III,15.0,11.961625993657576,13.293333333333335,11.049677442348699,11.103526475228657,199.40000000000003,132.17210891592995,132.8162309073602,225.98666666666668,187.84451651992788,188.75995007888716,SEASON
RB,2024,00-0030578,Cordarrelle Patterson,13.0,10.675989019608604,2.884615384615385,4.1040617646131805,3.9168341114084693,37.50000000000001,43.814918334805824,41.816077965025244,49.03846153846155,69.76904999842407,66.58617989394398,PPG
RB,2024,00-0030578,Cordarrelle Patterson,13.0,10.675989019608604,2.884615384615385,4.1040617646131805,3.9168341114084693,37.50000000000001,43.814918334805824,41.816077965025244,49.03846153846155,69.76904999842407,66.58617989394398,SEASON
RB,2024,00-0031687,Raheem Mostert,13.0,12.211967325954003,5.453846153846154,13.223902877721958,12.6142558638395,70.9,161.48986986432968,154.04488045043166,92.71538461538462,224.8063489212733,214.4423496852715,PPG
RB,2024,00-0031687,Raheem Mostert,13.0,12.211967325954003,5.453846153846154,13.223902877721958,12.6142558638395,70.9,161.48986986432968,154.04488045043166,92.71538461538462,224.8063489212733,214.4423496852715,SEASON
RB,2024,00-0032104,Ameer Abdullah,15.0,12.723960094735801,8.346666666666668,4.558854646861074,3.2775075000809792,125.20000000000002,58.00668460436118,41.70287464122767,141.89333333333335,77.50052899663827,55.71762750137665,PPG
RB,2024,00-0032104,Ameer Abdullah,15.0,12.723960094735801,8.346666666666668,4.558854646861074,3.2775075000809792,125.20000000000002,58.00668460436118,41.70287464122767,141.89333333333335,77.50052899663827,55.71762750137665,SEASON
RB,2024,00-0032764,Derrick Henry,17.0,13.2359528635176,19.788235294117648,10.464673561037802,11.291522838417638,336.40000000000003,138.5099259859952,149.4540640466283,336.40000000000003,177.89945053764265,191.95588825309986,PPG
RB,2024,00-0032764,Derrick Henry,17.0,13.2359528635176,19.788235294117648,10.464673561037802,11.291522838417638,336.40000000000003,138.5099259859952,149.4540640466283,336.40000000000003,177.89945053764265,191.95588825309986,SEASON
RB,2024,00-0033045,Ezekiel Elliott,15.0,13.2359528635176,3.833333333333334,8.781786717002873,9.825321793487344,57.50000000000001,116.235315043715,130.0474961274907,65.16666666666667,149.29037418904886,167.03047048928485,PPG
RB,2024,00-0033045,Ezekiel Elliott,15.0,13.2359528635176,3.833333333333334,8.781786717002873,9.825321793487344,57.50000000000001,116.235315043715,130.0474961274907,65.16666666666667,149.29037418904886,167.03047048928485,SEASON
RB,2024,00-0033280,Christian McCaffrey,4.0,12.723960094735801,11.950000000000001,18.448630768828558,18.113426262947655,47.800000000000004,234.73964170508964,230.4745129486854,203.15,313.62672307008546,307.92824647011014,PPG
RB,2024,00-0033280,Christian McCaffrey,4.0,12.723960094735801,11.950000000000001,18.448630768828558,18.113426262947655,47.800000000000004,234.73964170508964,230.4745129486854,203.15,313.62672307008546,307.92824647011014,SEASON
RB,2024,00-0033293,Aaron Jones,17.0,10.163996250826806,14.211764705882352,10.739623063566427,10.766906423221482,241.6,109.15748855338225,109.43479651862619,241.6,182.57359208062925,183.0374091947652,PPG
RB,2024,00-0033293,Aaron Jones,17.0,10.163996250826806,14.211764705882352,10.739623063566427,10.766906423221482,241.6,109.15748855338225,109.43479651862619,241.6,182.57359208062925,183.0374091947652,SEASON
RB,2024,00-0033376,Patrick Ricard,10.0,8.11602517569961,1.12,2.6715250656316316,3.1280683916714285,11.200000000000001,21.682164690178876,25.387481818115504,19.040000000000003,45.41592611573774,53.17716265841428,PPG
RB,2024,00-0033376,Patrick Ricard,10.0,8.11602517569961,1.12,2.6715250656316316,3.1280683916714285,11.200000000000001,21.682164690178876,25.387481818115504,19.040000000000003,45.41592611573774,53.17716265841428,SEASON
RB,2024,00-0033526,Samaje Perine,17.0,13.2359528635176,4.788235294117647,7.079800873068569,6.539121062680302,81.39999999999999,93.70791063902632,86.55149815447159,81.39999999999999,120.35661484216567,111.16505806556512,PPG
RB,2024,00-0033526,Samaje Perine,17.0,13.2359528635176,4.788235294117647,7.079800873068569,6.539121062680302,81.39999999999999,93.70791063902632,86.55149815447159,81.39999999999999,120.35661484216567,111.16505806556512,SEASON
RB,2024,00-0033553,James Conner,16.0,11.187981788390404,15.8625,12.679385623105963,12.429949273590777,253.8,141.85673543928863,139.06604610355015,269.6625,215.54955559280137,211.30913765104322,PPG
RB,2024,00-0033553,James Conner,16.0,11.187981788390404,15.8625,12.679385623105963,12.429949273590777,253.8,141.85673543928863,139.06604610355015,269.6625,215.54955559280137,211.30913765104322,SEASON
RB,2024,00-0033699,Austin Ekeler,12.0,11.699974557172203,11.025,11.015861924842117,11.304274605867677,132.3,128.88530424597477,132.25972527593964,187.425,187.26965272231598,192.1726682997505,PPG
RB,2024,00-0033699,Austin Ekeler,12.0,11.699974557172203,11.025,11.015861924842117,11.304274605867677,132.3,128.88530424597477,132.25972527593964,187.425,187.26965272231598,192.1726682997505,SEASON
RB,2024,00-0033854,Dare Ogunbowale,16.0,9.140010713263209,3.5,1.9472099132229683,1.9647981731949729,56.0,17.797519467830252,17.958276352402034,59.5,33.10256852479046,33.40156894431454,PPG
RB,2024,00-0033854,Dare Ogunbowale,16.0,9.140010713263209,3.5,1.9472099132229683,1.9647981731949729,56.0,17.797519467830252,17.958276352402034,59.5,33.10256852479046,33.40156894431454,SEASON
RB,2024,00-0033893,Dalvin Cook,2.0,11.699974557172203,2.0,3.7775101635275514,3.8867251046777134,4.0,44.19677280273176,45.474584835451715,34.0,64.21767277996837,66.07432677952113,PPG
RB,2024,00-0033893,Dalvin Cook,2.0,11.699974557172203,2.0,3.7775101635275514,3.8867251046777134,4.0,44.19677280273176,45.474584835451715,34.0,64.21767277996837,66.07432677952113,SEASON
RB,2024,00-0033897,Joe Mixon,14.0,13.2359528635176,17.178571428571427,12.81216389582466,12.531598598632053,240.49999999999997,169.58119740479722,165.86764835601707,292.0357142857143,217.80678622901922,213.0371761767449,PPG
RB,2024,00-0033897,Joe Mixon,14.0,13.2359528635176,17.178571428571427,12.81216389582466,12.531598598632053,240.49999999999997,169.58119740479722,165.86764835601707,292.0357142857143,217.80678622901922,213.0371761767449,SEASON
RB,2024,00-0033906,Alvin Kamara,14.0,11.187981788390404,18.95,14.051863667262456,14.44499331554886,265.3,157.21199480227716,161.61032214778177,322.15,238.88168234346176,245.56488636433062,PPG
RB,2024,00-0033906,Alvin Kamara,14.0,11.187981788390404,18.95,14.051863667262456,14.44499331554886,265.3,157.21199480227716,161.61032214778177,322.15,238.88168234346176,245.56488636433062,SEASON
RB,2024,00-0033923,Kareem Hunt,13.0,12.211967325954003,11.953846153846154,6.403569020197978,6.409547672609305,155.4,78.20017564414898,78.27318675204936,203.2153846153846,108.86067334336562,108.96231043435819,PPG
RB,2024,00-0033923,Kareem Hunt,13.0,12.211967325954003,11.953846153846154,6.403569020197978,6.409547672609305,155.4,78.20017564414898,78.27318675204936,203.2153846153846,108.86067334336562,108.96231043435819,SEASON
RB,2024,00-0033925,D'Onta Foreman,10.0,9.140010713263209,3.26,7.474479833790895,8.444958393330293,32.599999999999994,68.31682575691859,77.18701018810093,55.419999999999995,127.06615717444521,143.56429268661498,PPG
RB,2024,00-0033925,D'Onta Foreman,10.0,9.140010713263209,3.26,7.474479833790895,8.444958393330293,32.599999999999994,68.31682575691859,77.18701018810093,55.419999999999995,127.06615717444521,143.56429268661498,SEASON
RB,2024,00-0033948,Jamaal Williams,14.0,11.187981788390404,2.6500000000000004,5.425338554243432,5.49638463826485,37.10000000000001,60.69858894072784,61.49345123489592,45.050000000000004,92.23075542213834,93.43853885050245,PPG
RB,2024,00-0033948,Jamaal Williams,14.0,11.187981788390404,2.6500000000000004,5.425338554243432,5.49638463826485,37.10000000000001,60.69858894072784,61.49345123489592,45.050000000000004,92.23075542213834,93.43853885050245,SEASON
RB,2024,00-0034115,Jeff Wilson,7.0,9.140010713263209,1.5142857142857142,4.8231595880513645,5.075818273140736,10.6,44.08373030656764,46.393033395083485,25.74285714285714,81.9937129968732,86.28891064339251,PPG
RB,2024,00-0034115,Jeff Wilson,7.0,9.140010713263209,1.5142857142857142,4.8231595880513645,5.075818273140736,10.6,44.08373030656764,46.393033395083485,25.74285714285714,81.9937129968732,86.28891064339251,SEASON
RB,2024,00-0034184,Gus Edwards,11.0,13.2359528635176,5.827272727272727,8.878039055931193,8.356407676324086,64.1,117.50930646477356,110.60501811216223,99.06363636363636,150.9266639508303,142.05893049750946,PPG
RB,2024,00-0034184,Gus Edwards,11.0,13.2359528635176,5.827272727272727,8.878039055931193,8.356407676324086,64.1,117.50930646477356,110.60501811216223,99.06363636363636,150.9266639508303,142.05893049750946,SEASON
RB,2024,00-0034208,Mike Boone,5.0,9.140010713263209,1.22,1.950948829189931,2.3032552477435004,6.1,17.831693199824283,21.0517776397553,20.74,33.16613009622883,39.15533921163951,PPG
RB,2024,00-0034208,Mike Boone,5.0,9.140010713263209,1.22,1.950948829189931,2.3032552477435004,6.1,17.831693199824283,21.0517776397553,20.74,33.16613009622883,39.15533921163951,SEASON
RB,2024,00-0034844,Saquon Barkley,16.0,11.699974557172203,22.20625,12.167106548019,12.724141063852676,355.3,142.3548370462256,148.87212670894635,377.50625,206.840811316323,216.31039808549548,PPG
RB,2024,00-0034844,Saquon Barkley,16.0,11.699974557172203,22.20625,12.167106548019,12.724141063852676,355.3,142.3548370462256,148.87212670894635,377.50625,206.840811316323,216.31039808549548,SEASON
RB,2024,00-0034972,Alexander Mattison,14.0,12.723960094735801,9.814285714285715,8.185724293666231,7.74590797136859,137.4,104.15482925911853,98.55862392518988,166.84285714285716,139.15731299232593,131.68043551326602,PPG
RB,2024,00-0034972,Alexander Mattison,14.0,12.723960094735801,9.814285714285715,8.185724293666231,7.74590797136859,137.4,104.15482925911853,98.55862392518988,166.84285714285716,139.15731299232593,131.68043551326602,SEASON
RB,2024,00-0034975,Justice Hill,15.0,12.723960094735801,8.473333333333334,5.759251806017863,6.563269988938126,127.10000000000002,73.28049015530638,83.5107854302258,144.04666666666668,97.90728070230367,111.57558981194815,PPG
RB,2024,00-0034975,Justice Hill,15.0,12.723960094735801,8.473333333333334,5.759251806017863,6.563269988938126,127.10000000000002,73.28049015530638,83.5107854302258,144.04666666666668,97.90728070230367,111.57558981194815,SEASON
RB,2024,00-0035243,Miles Sanders,11.0,12.723960094735801,7.027272727272727,5.534801688353058,5.708749799311087,77.3,70.42459581488065,72.63790463726528,119.46363636363637,94.09162870200198,97.04874658828848,PPG
RB,2024,00-0035243,Miles Sanders,11.0,12.723960094735801,7.027272727272727,5.534801688353058,5.708749799311087,77.3,70.42459581488065,72.63790463726528,119.46363636363637,94.09162870200198,97.04874658828848,SEASON
RB,2024,00-0035250,Devin Singletary,15.0,13.2359528635176,6.44,9.345783193885456,9.131996442243565,96.60000000000001,123.70034582692286,120.87067445934625,109.48,158.87831429605276,155.24393951814062,PPG
RB,2024,00-0035250,Devin Singletary,15.0,13.2359528635176,6.44,9.345783193885456,9.131996442243565,96.60000000000001,123.70034582692286,120.87067445934625,109.48,158.87831429605276,155.24393951814062,SEASON
RB,2024,00-0035261,Tony Pollard,16.0,13.2359528635176,12.54375,11.493998164827284,11.431317488809366,200.7,152.13401792301173,151.30437944978516,213.24374999999998,195.39796880206382,194.33239730975922,PPG
RB,2024,00-0035261,Tony Pollard,16.0,13.2359528635176,12.54375,11.493998164827284,11.431317488809366,200.7,152.13401792301173,151.30437944978516,213.24374999999998,195.39796880206382,194.33239730975922,SEASON
RB,2024,00-0035291,Trayveon Williams,5.0,12.723960094735801,0.0,3.146082875043062,1.8752151767281657,0.0,40.0306329567796,23.860163077732125,0.0,53.48340887573205,31.878658004378817,PPG
RB,2024,00-0035291,Trayveon Williams,5.0,12.723960094735801,0.0,3.146082875043062,1.8752151767281657,0.0,40.0306329567796,23.860163077732125,0.0,53.48340887573205,31.878658004378817,SEASON
RB,2024,00-0035537,Ty Johnson,17.0,9.140010713263209,5.394117647058824,4.767238058099141,4.403944860645156,91.7,43.572606923702246,40.25210320691718,91.7,81.0430469876854,74.86706263096765,PPG
RB,2024,00-0035537,Ty Johnson,17.0,9.140010713263209,5.394117647058824,4.767238058099141,4.403944860645156,91.7,43.572606923702246,40.25210320691718,91.7,81.0430469876854,74.86706263096765,SEASON
RB,2024,00-0035567,Craig Reynolds,8.0,10.675989019608604,2.6125,3.169594060635451,2.898574247663377,20.9,33.83855138796072,30.94514684057448,44.412499999999994,53.88309903080267,49.275762210277406,PPG
RB,2024,00-0035567,Craig Reynolds,8.0,10.675989019608604,2.6125,3.169594060635451,2.898574247663377,20.9,33.83855138796072,30.94514684057448,44.412499999999994,53.88309903080267,49.275762210277406,SEASON
RB,2024,00-0035594,Travis Homer,8.0,8.11602517569961,0.8,0.7683513499706643,1.144570697741623,6.4,6.235958900144694,9.28936459823908,13.600000000000001,13.061972949501294,19.457701861607593,PPG
RB,2024,00-0035594,Travis Homer,8.0,8.11602517569961,0.8,0.7683513499706643,1.144570697741623,6.4,6.235958900144694,9.28936459823908,13.600000000000001,13.061972949501294,19.457701861607593,SEASON
RB,2024,00-0035628,D'Ernest Johnson,12.0,12.723960094735801,2.9916666666666667,3.9176410942632405,2.9707738915748596,35.9,49.84790894890257,37.8000084468815,50.858333333333334,66.5998986024751,50.50315615677261,PPG
RB,2024,00-0035628,D'Ernest Johnson,12.0,12.723960094735801,2.9916666666666667,3.9176410942632405,2.9707738915748596,35.9,49.84790894890257,37.8000084468815,50.858333333333334,66.5998986024751,50.50315615677261,SEASON
RB,2024,00-0035685,David Montgomery,14.0,11.699974557172203,15.542857142857141,12.027229571338466,11.491112887704434,217.59999999999997,140.7182799779292,134.44572841973547,264.2285714285714,204.46290271275393,195.3489190909754,PPG
RB,2024,00-0035685,David Montgomery,14.0,11.699974557172203,15.542857142857141,12.027229571338466,11.491112887704434,217.59999999999997,140.7182799779292,134.44572841973547,264.2285714285714,204.46290271275393,195.3489190909754,SEASON
RB,2024,00-0035700,Josh Jacobs,17.0,11.187981788390404,17.241176470588233,11.785713066343545,12.20407620091161,293.09999999999997,131.8583431494464,136.53898227992784,293.09999999999997,200.35712212784026,207.46929541549736,PPG
RB,2024,00-0035700,Josh Jacobs,17.0,11.187981788390404,17.241176470588233,11.785713066343545,12.20407620091161,293.09999999999997,131.8583431494464,136.53898227992784,293.09999999999997,200.35712212784026,207.46929541549736,SEASON
RB,2024,00-0035726,Jakob Johnson,1.0,8.628017944481408,0.0,0.8402037372255734,1.3230020691778763,0.0,7.249292921802589,11.41488559345275,0.0,14.283463532834748,22.491035176023896,PPG
RB,2024,00-0035726,Jakob Johnson,1.0,8.628017944481408,0.0,0.8402037372255734,1.3230020691778763,0.0,7.249292921802589,11.41488559345275,0.0,14.283463532834748,22.491035176023896,SEASON
RB,2024,00-0035860,Tony Jones,1.0,7.604032406917811,11.5,3.3138606265025,5.011917237923929,11.5,25.19870359593397,38.11078109796356,195.5,56.335630650542505,85.20259304470679,PPG
RB,2024,00-0035860,Tony Jones,1.0,7.604032406917811,11.5,3.3138606265025,5.011917237923929,11.5,25.19870359593397,38.11078109796356,195.5,56.335630650542505,85.20259304470679,SEASON
RB,2024,00-0035973,Patrick Taylor,7.0,10.163996250826806,4.257142857142857,3.5664699709479604,3.9003545486632323,29.8,36.24958741340146,39.64318900950837,72.37142857142857,60.62998950611533,66.30602732727495,PPG
RB,2024,00-0035973,Patrick Taylor,7.0,10.163996250826806,4.257142857142857,3.5664699709479604,3.9003545486632323,29.8,36.24958741340146,39.64318900950837,72.37142857142857,60.62998950611533,66.30602732727495,SEASON
RB,2024,00-0036139,Rico Dowdle,16.0,12.723960094735801,12.3625,6.353713679400696,5.744305235544625,197.8,80.84439931007144,73.09031058905175,210.16250000000002,108.01313254981183,97.65318900425864,PPG
RB,2024,00-0036139,Rico Dowdle,16.0,12.723960094735801,12.3625,6.353713679400696,5.744305235544625,197.8,80.84439931007144,73.09031058905175,210.16250000000002,108.01313254981183,97.65318900425864,SEASON
RB,2024,00-0036187,Reggie Gilliam,7.0,7.092039638136011,0.1,0.9084431795198066,1.3969456242948655,0.7000000000000001,6.442715038148776,9.907193739819842,1.7000000000000002,15.443534051836712,23.748075613012713,PPG
RB,2024,00-0036187,Reggie Gilliam,7.0,7.092039638136011,0.1,0.9084431795198066,1.3969456242948655,0.7000000000000001,6.442715038148776,9.907193739819842,1.7000000000000002,15.443534051836712,23.748075613012713,SEASON
RB,2024,00-0036223,Jonathan Taylor,14.0,9.652003482045007,17.478571428571428,12.120245953770496,12.435231751828034,244.7,116.98465614903473,120.02490016868082,297.13571428571424,206.04418121409844,211.3989397810766,PPG
RB,2024,00-0036223,Jonathan Taylor,14.0,9.652003482045007,17.478571428571428,12.120245953770496,12.435231751828034,244.7,116.98465614903473,120.02490016868082,297.13571428571424,206.04418121409844,211.3989397810766,SEASON
RB,2024,00-0036251,Zack Moss,8.0,11.699974557172203,10.2375,10.227435582104441,10.196924605617452,81.9,119.66073609573964,119.3037584471274,174.03750000000002,173.8664048957755,173.3477182954967,PPG
RB,2024,00-0036251,Zack Moss,8.0,11.699974557172203,10.2375,10.227435582104441,10.196924605617452,81.9,119.66073609573964,119.3037584471274,174.03750000000002,173.8664048957755,173.3477182954967,SEASON
RB,2024,00-0036275,D'Andre Swift,17.0,12.723960094735801,12.617647058823529,11.891646051569854,10.840463550827849,214.5,151.3088298208974,137.93362562917153,214.5,202.15798287668753,184.28788036407343,PPG
RB,2024,00-0036275,D'Andre Swift,17.0,12.723960094735801,12.617647058823529,11.891646051569854,10.840463550827849,214.5,151.3088298208974,137.93362562917153,214.5,202.15798287668753,184.28788036407343,SEASON
RB,2024,00-0036297,Darrynton Evans,1.0,7.604032406917811,0.30000000000000004,4.687331312763329,5.191075704256807,0.30000000000000004,35.64261920421296,39.47310788193246,5.1000000000000005,79.6846323169766,88.24828697236572,PPG
RB,2024,00-0036297,Darrynton Evans,1.0,7.604032406917811,0.30000000000000004,4.687331312763329,5.191075704256807,0.30000000000000004,35.64261920421296,39.47310788193246,5.1000000000000005,79.6846323169766,88.24828697236572,SEASON
RB,2024,00-0036328,Antonio Gibson,17.0,12.723960094735801,6.082352941176471,7.748794338768688,7.797543318099229,103.4,98.59534994880748,99.21563001646838,103.4,131.72950375906768,132.55823640768688,PPG
RB,2024,00-0036328,Antonio Gibson,17.0,12.723960094735801,6.082352941176471,7.748794338768688,7.797543318099229,103.4,98.59534994880748,99.21563001646838,103.4,131.72950375906768,132.55823640768688,SEASON
RB,2024,00-0036360,Clyde Edwards-Helaire,2.0,12.211967325954003,5.0,6.4800765564109115,5.730724633212128,10.0,79.13448317657058,69.98342197482626,85.0,110.16130145898549,97.42231876460619,PPG
RB,2024,00-0036360,Clyde Edwards-Helaire,2.0,12.211967325954003,5.0,6.4800765564109115,5.730724633212128,10.0,79.13448317657058,69.98342197482626,85.0,110.16130145898549,97.42231876460619,SEASON
RB,2024,00-0036370,Joshua Kelley,1.0,13.2359528635176,0.2,4.926253125570763,3.8675093032988848,0.2,65.20365416381087,51.19017083767983,3.4000000000000004,83.74630313470297,65.74765815608104,PPG
RB,2024,00-0036370,Joshua Kelley,1.0,13.2359528635176,0.2,4.926253125570763,3.8675093032988848,0.2,65.20365416381087,51.19017083767983,3.4000000000000004,83.74630313470297,65.74765815608104,SEASON
RB,2024,00-0036414,Cam Akers,16.0,8.11602517569961,5.825,6.210769744835059,6.356105031204349,93.2,50.40676360955479,51.58630845264545,99.025,105.58308566219601,108.05378553047393,PPG
RB,2024,00-0036414,Cam Akers,16.0,8.11602517569961,5.825,6.210769744835059,6.356105031204349,93.2,50.40676360955479,51.58630845264545,99.025,105.58308566219601,108.05378553047393,SEASON
RB,2024,00-0036425,DeeJay Dallas,16.0,13.2359528635176,0.9375,2.965605312953765,1.758770259531263,15.0,39.25261213405339,23.279000252912414,15.9375,50.415290320214005,29.899094412031474,PPG
RB,2024,00-0036425,DeeJay Dallas,16.0,13.2359528635176,0.9375,2.965605312953765,1.758770259531263,15.0,39.25261213405339,23.279000252912414,15.9375,50.415290320214005,29.899094412031474,SEASON
RB,2024,00-0036450,Ke'Shawn Vaughn,1.0,7.092039638136011,0.4,2.4953302853792008,3.0133820169199685,0.4,17.696981294150536,21.371024708842658,6.800000000000001,42.420614851446416,51.227494287639466,PPG
RB,2024,00-0036450,Ke'Shawn Vaughn,1.0,7.092039638136011,0.4,2.4953302853792008,3.0133820169199685,0.4,17.696981294150536,21.371024708842658,6.800000000000001,42.420614851446416,51.227494287639466,SEASON
RB,2024,00-0036555,Chuba Hubbard,15.0,13.2359528635176,16.10666666666667,10.038440935359803,10.099278461457349,241.60000000000002,132.86833104362788,133.67357367138803,273.8133333333334,170.65349590111666,171.68773384477493,PPG
RB,2024,00-0036555,Chuba Hubbard,15.0,13.2359528635176,16.10666666666667,10.038440935359803,10.099278461457349,241.60000000000002,132.86833104362788,133.67357367138803,273.8133333333334,170.65349590111666,171.68773384477493,SEASON
RB,2024,00-0036569,Gary Brightwell,1.0,6.580046869354213,0.0,2.8990634495240797,3.8730725410312683,0.0,19.075973375100144,25.484998848394564,0.0,49.28407864190935,65.84223319753156,PPG
RB,2024,00-0036569,Gary Brightwell,1.0,6.580046869354213,0.0,2.8990634495240797,3.8730725410312683,0.0,19.075973375100144,25.484998848394564,0.0,49.28407864190935,65.84223319753156,SEASON
RB,2024,00-0036842,Kene Nwangwu,2.0,8.628017944481408,0.0,1.1514395570586224,1.3163585735083154,0.0,9.93464116028752,11.357565393601694,0.0,19.574472469996582,22.37809574964136,PPG
RB,2024,00-0036842,Kene Nwangwu,2.0,8.628017944481408,0.0,1.1514395570586224,1.3163585735083154,0.0,9.93464116028752,11.357565393601694,0.0,19.574472469996582,22.37809574964136,SEASON
RB,2024,00-0036875,Rhamondre Stevenson,15.0,10.675989019608604,11.726666666666667,10.441426788652851,10.790001935406663,175.9,111.47255774470497,115.19394218395712,199.35333333333332,177.50425540709847,183.43003290191325,PPG
RB,2024,00-0036875,Rhamondre Stevenson,15.0,10.675989019608604,11.726666666666667,10.441426788652851,10.790001935406663,175.9,111.47255774470497,115.19394218395712,199.35333333333332,177.50425540709847,183.43003290191325,SEASON
RB,2024,00-0036893,Najee Harris,17.0,13.2359528635176,12.035294117647059,10.993615207885934,10.018738363122253,204.6,145.51097269122846,132.60754872620163,204.6,186.8914585340609,170.3185521730783,PPG
RB,2024,00-0036893,Najee Harris,17.0,13.2359528635176,12.035294117647059,10.993615207885934,10.018738363122253,204.6,145.51097269122846,132.60754872620163,204.6,186.8914585340609,170.3185521730783,SEASON
RB,2024,00-0036906,Khalil Herbert,11.0,10.675989019608604,2.8636363636363633,9.143105522894878,8.596771440562899,31.499999999999996,97.6116941675485,91.77903750353434,48.68181818181817,155.43279388921292,146.14511448956927,PPG
RB,2024,00-0036906,Khalil Herbert,11.0,10.675989019608604,2.8636363636363633,9.143105522894878,8.596771440562899,31.499999999999996,97.6116941675485,91.77903750353434,48.68181818181817,155.43279388921292,146.14511448956927,SEASON
RB,2024,00-0036919,Kenny Gainwell,17.0,12.723960094735801,3.682352941176471,5.659586926514347,6.057300382230764,62.6,72.012358205657,77.07284834533216,62.6,96.2129777507439,102.97410649792299,PPG
RB,2024,00-0036919,Kenny Gainwell,17.0,12.723960094735801,3.682352941176471,5.659586926514347,6.057300382230764,62.6,72.012358205657,77.07284834533216,62.6,96.2129777507439,102.97410649792299,SEASON
RB,2024,00-0036924,Michael Carter,3.0,12.211967325954003,11.933333333333334,5.335576565276377,4.583928756540361,35.8,65.15788668028101,55.978788199371856,202.86666666666667,90.70480160969842,77.92678886118614,PPG
RB,2024,00-0036924,Michael Carter,3.0,12.211967325954003,11.933333333333334,5.335576565276377,4.583928756540361,35.8,65.15788668028101,55.978788199371856,202.86666666666667,90.70480160969842,77.92678886118614,SEASON
RB,2024,00-0036973,Travis Etienne,15.0,13.2359528635176,8.68,12.960137963312754,12.76292491815666,130.2,171.5397751870926,168.92947261733576,147.56,220.3223453763168,216.96972360866323,PPG
RB,2024,00-0036973,Travis Etienne,15.0,13.2359528635176,8.68,12.960137963312754,12.76292491815666,130.2,171.5397751870926,168.92947261733576,147.56,220.3223453763168,216.96972360866323,SEASON
RB,2024,00-0036984,Trey Sermon,15.0,8.628017944481408,3.5866666666666664,3.791085828413697,3.4666495627914014,53.8,32.709556556622545,29.91031463499284,60.97333333333333,64.44845908303284,58.933042567453825,PPG
RB,2024,00-0036984,Trey Sermon,15.0,8.628017944481408,3.5866666666666664,3.791085828413697,3.4666495627914014,53.8,32.709556556622545,29.91031463499284,60.97333333333333,64.44845908303284,58.933042567453825,SEASON
RB,2024,00-0036997,Javonte Williams,17.0,12.723960094735801,9.288235294117646,9.589287749013312,9.606317986241356,157.89999999999998,122.01371465538429,122.23040671427779,157.89999999999998,163.01789173322632,163.30740576610305,PPG
RB,2024,00-0036997,Javonte Williams,17.0,12.723960094735801,9.288235294117646,9.589287749013312,9.606317986241356,157.89999999999998,122.01371465538429,122.23040671427779,157.89999999999998,163.01789173322632,163.30740576610305,SEASON
RB,2024,00-0037120,Tyler Goodson,14.0,7.604032406917811,3.1714285714285713,3.978026995571473,3.6118129547796056,44.4,30.249046189919376,27.464342755869694,53.91428571428571,67.62645892471504,61.4008202312533,PPG
RB,2024,00-0037120,Tyler Goodson,14.0,7.604032406917811,3.1714285714285713,3.978026995571473,3.6118129547796056,44.4,30.249046189919376,27.464342755869694,53.91428571428571,67.62645892471504,61.4008202312533,SEASON
RB,2024,00-0037197,Isiah Pacheco,7.0,11.699974557172203,8.12857142857143,12.082158529467996,12.278751107611114,56.900000000000006,141.36094739049668,143.66107555290003,138.1857142857143,205.39669500095593,208.73876882938896,PPG
RB,2024,00-0037197,Isiah Pacheco,7.0,11.699974557172203,8.12857142857143,12.082158529467996,12.278751107611114,56.900000000000006,141.36094739049668,143.66107555290003,138.1857142857143,205.39669500095593,208.73876882938896,SEASON
RB,2024,00-0037228,Jaylen Warren,15.0,13.2359528635176,8.273333333333333,10.03195352782912,10.388089062008843,124.1,132.78246402334534,137.4962571667718,140.64666666666668,170.54320997309506,176.59751405415034,PPG
RB,2024,00-0037228,Jaylen Warren,15.0,13.2359528635176,8.273333333333333,10.03195352782912,10.388089062008843,124.1,132.78246402334534,137.4962571667718,140.64666666666668,170.54320997309506,176.59751405415034,SEASON
RB,2024,00-0037248,James Cook,16.0,13.2359528635176,16.668750000000003,12.793572648460392,12.121229885654001,266.70000000000005,169.33512453100977,160.43602741437718,283.36875000000003,217.49073502382666,206.06090805611802,PPG
RB,2024,00-0037248,James Cook,16.0,13.2359528635176,16.668750000000003,12.793572648460392,12.121229885654001,266.70000000000005,169.33512453100977,160.43602741437718,283.36875000000003,217.49073502382666,206.06090805611802,SEASON
RB,2024,00-0037256,Rachaad White,15.0,13.2359528635176,13.306666666666665,13.506220482571297,13.427397382956869,199.59999999999997,178.76769767158962,177.7243988405367,226.2133333333333,229.60574820371207,228.26575551026679,PPG
RB,2024,00-0037256,Rachaad White,15.0,13.2359528635176,13.306666666666665,13.506220482571297,13.427397382956869,199.59999999999997,178.76769767158962,177.7243988405367,226.2133333333333,229.60574820371207,228.26575551026679,SEASON
RB,2024,00-0037258,Dameon Pierce,10.0,11.699974557172203,4.3500000000000005,5.117988101399188,5.300149073244808,43.50000000000001,59.88033057028057,62.01160930618408,73.95,87.0057977237862,90.10253424516173,PPG
RB,2024,00-0037258,Dameon Pierce,10.0,11.699974557172203,4.3500000000000005,5.117988101399188,5.300149073244808,43.50000000000001,59.88033057028057,62.01160930618408,73.95,87.0057977237862,90.10253424516173,SEASON
RB,2024,00-0037263,Tyler Allgeier,17.0,13.2359528635176,6.247058823529413,8.35168888315237,7.566094439144171,106.20000000000002,110.54256038816872,100.14446935743489,106.20000000000002,141.9787110135903,128.6236054654509,PPG
RB,2024,00-0037263,Tyler Allgeier,17.0,13.2359528635176,6.247058823529413,8.35168888315237,7.566094439144171,106.20000000000002,110.54256038816872,100.14446935743489,106.20000000000002,141.9787110135903,128.6236054654509,SEASON
RB,2024,00-0037267,Jerome Ford,14.0,13.2359528635176,9.571428571428571,11.004183712116768,10.666921922940954,134.0,145.65085691506567,141.186875770869,162.71428571428572,187.07112310598507,181.33767268999623,PPG
RB,2024,00-0037267,Jerome Ford,14.0,13.2359528635176,9.571428571428571,11.004183712116768,10.666921922940954,134.0,145.65085691506567,141.186875770869,162.71428571428572,187.07112310598507,181.33767268999623,SEASON
RB,2024,00-0037276,Ty Chandler,14.0,12.723960094735801,2.0285714285714285,6.7331006278533,6.615065462354544,28.4,85.67170370264596,84.16982896706426,34.48571428571428,114.46271067350611,112.45611286002726,PPG
RB,2024,00-0037276,Ty Chandler,14.0,12.723960094735801,2.0285714285714285,6.7331006278533,6.615065462354544,28.4,85.67170370264596,84.16982896706426,34.48571428571428,114.46271067350611,112.45611286002726,SEASON
RB,2024,00-0037299,Keaontay Ingram,1.0,8.11602517569961,0.0,2.234099022403292,3.268129158786609,0.0,18.132003910831006,26.524218530150105,0.0,37.97968338085597,55.55819569937235,PPG
RB,2024,00-0037299,Keaontay Ingram,1.0,8.11602517569961,0.0,2.234099022403292,3.268129158786609,0.0,18.132003910831006,26.524218530150105,0.0,37.97968338085597,55.55819569937235,SEASON
RB,2024,00-0037429,Raheem Blackshear,16.0,9.140010713263209,0.5,2.8102756696049336,2.470122687784815,8.0,25.68594972741203,22.57694782942772,8.5,47.77468638328387,41.99208569234185,PPG
RB,2024,00-0037429,Raheem Blackshear,16.0,9.140010713263209,0.5,2.8102756696049336,2.470122687784815,8.0,25.68594972741203,22.57694782942772,8.5,47.77468638328387,41.99208569234185,SEASON
RB,2024,00-0037525,Jordan Mason,12.0,12.723960094735801,9.583333333333334,3.6382273467660458,3.301425706219161,115.0,46.29265957582768,42.007208941667564,162.91666666666669,61.849864895022776,56.12423700572574,PPG
RB,2024,00-0037525,Jordan Mason,12.0,12.723960094735801,9.583333333333334,3.6382273467660458,3.301425706219161,115.0,46.29265957582768,42.007208941667564,162.91666666666669,61.849864895022776,56.12423700572574,SEASON
RB,2024,00-0037557,Ronnie Rivers,6.0,9.140010713263209,3.0500000000000003,3.034126987716187,3.0045930417787265,18.3,27.73195317312698,27.462012590853654,51.85,51.58015879117518,51.07808171023835,PPG
RB,2024,00-0037557,Ronnie Rivers,6.0,9.140010713263209,3.0500000000000003,3.034126987716187,3.0045930417787265,18.3,27.73195317312698,27.462012590853654,51.85,51.58015879117518,51.07808171023835,SEASON
RB,2024,00-0037746,Brian Robinson,14.0,12.211967325954003,11.414285714285715,11.958833369393279,11.123402933516953,159.8,146.04088236355915,135.83863317752994,194.04285714285714,203.30016727968575,189.0978498697882,PPG
RB,2024,00-0037746,Brian Robinson,14.0,12.211967325954003,11.414285714285715,11.958833369393279,11.123402933516953,159.8,146.04088236355915,135.83863317752994,194.04285714285714,203.30016727968575,189.0978498697882,SEASON
RB,2024,00-0037840,Kyren Williams,16.0,10.675989019608604,17.00625,15.583671221175894,15.869624837589775,272.1,166.37110284246447,169.42394051141642,289.10625000000005,264.9224107599902,269.78362223902616,PPG
RB,2024,00-0037840,Kyren Williams,16.0,10.675989019608604,17.00625,15.583671221175894,15.869624837589775,272.1,166.37110284246447,169.42394051141642,289.10625000000005,264.9224107599902,269.78362223902616,SEASON
RB,2024,00-0038040,Zamir White,8.0,11.187981788390404,3.6625,6.554649587787841,6.673347583488461,29.3,73.33330021745104,74.66129123166802,62.2625,111.42904299239329,113.44690891930384,PPG
RB,2024,00-0038040,Zamir White,8.0,11.187981788390404,3.6625,6.554649587787841,6.673347583488461,29.3,73.33330021745104,74.66129123166802,62.2625,111.42904299239329,113.44690891930384,SEASON
RB,2024,00-0038098,Pierre Strong,13.0,12.723960094735801,2.707692307692308,4.243963855080466,3.3164612337763177,35.2,54.000026735544964,42.198520394308126,46.03076923076923,72.14738553636792,56.3798409741974,PPG
RB,2024,00-0038098,Pierre Strong,13.0,12.723960094735801,2.707692307692308,4.243963855080466,3.3164612337763177,35.2,54.000026735544964,42.198520394308126,46.03076923076923,72.14738553636792,56.3798409741974,SEASON
RB,2024,00-0038120,Breece Hall,16.0,13.2359528635176,15.056250000000002,13.799634054143196,13.826000330106371,240.90000000000003,182.6513058744316,183.0002886602667,255.95625000000004,234.59377892043432,235.04200561180832,PPG
RB,2024,00-0038120,Breece Hall,16.0,13.2359528635176,15.056250000000002,13.799634054143196,13.826000330106371,240.90000000000003,182.6513058744316,183.0002886602667,255.95625000000004,234.59377892043432,235.04200561180832,SEASON
RB,2024,00-0038134,Kenneth Walker III,11.0,12.211967325954003,16.472727272727273,12.260841325496104,11.4433298331958,181.2,149.728993655665,139.74557002310178,280.03636363636366,208.43430253343377,194.53660716432861,PPG
RB,2024,00-0038134,Kenneth Walker III,11.0,12.211967325954003,16.472727272727273,12.260841325496104,11.4433298331958,181.2,149.728993655665,139.74557002310178,280.03636363636366,208.43430253343377,194.53660716432861,SEASON
RB,2024,00-0038396,Eric Gray,14.0,9.652003482045007,1.3785714285714286,2.7029439333597423,2.3024205394824775,19.3,26.08882425656066,22.222971064216818,23.435714285714287,45.95004686711562,39.141149171202116,PPG
RB,2024,00-0038396,Eric Gray,14.0,9.652003482045007,1.3785714285714286,2.7029439333597423,2.3024205394824775,19.3,26.08882425656066,22.222971064216818,23.435714285714287,45.95004686711562,39.141149171202116,SEASON
RB,2024,00-0038454,Keaton Mitchell,4.0,8.11602517569961,1.7000000000000002,9.041130298082717,8.850816548394025,6.800000000000001,73.37804111601984,71.83344993226464,28.900000000000002,153.6992150674062,150.46388132269843,PPG
RB,2024,00-0038454,Keaton Mitchell,4.0,8.11602517569961,1.7000000000000002,9.041130298082717,8.850816548394025,6.800000000000001,73.37804111601984,71.83344993226464,28.900000000000002,153.6992150674062,150.46388132269843,SEASON
RB,2024,00-0038488,Brady Russell,8.0,7.604032406917811,0.0,0.8216552549703744,1.131921939442,0.0,6.247893186109043,8.607171109618227,0.0,13.968139334496364,19.242672970514,PPG
RB,2024,00-0038488,Brady Russell,8.0,7.604032406917811,0.0,0.8216552549703744,1.131921939442,0.0,6.247893186109043,8.607171109618227,0.0,13.968139334496364,19.242672970514,SEASON
RB,2024,00-0038489,Ben VanSumeren,3.0,7.092039638136011,0.3333333333333333,0.7549144308526233,1.131921939442,1.0,5.353883067007692,8.027635261798453,5.666666666666666,12.833545324494597,19.242672970514,PPG
RB,2024,00-0038489,Ben VanSumeren,3.0,7.092039638136011,0.3333333333333333,0.7549144308526233,1.131921939442,1.0,5.353883067007692,8.027635261798453,5.666666666666666,12.833545324494597,19.242672970514,SEASON
RB,2024,00-0038542,Bijan Robinson,17.0,13.2359528635176,20.1,12.285496623429033,12.139331420459971,341.70000000000005,162.61025421261132,160.67561847582633,341.70000000000005,208.85344259829355,206.3686341478195,PPG
RB,2024,00-0038542,Bijan Robinson,17.0,13.2359528635176,20.1,12.285496623429033,12.139331420459971,341.70000000000005,162.61025421261132,160.67561847582633,341.70000000000005,208.85344259829355,206.3686341478195,SEASON
RB,2024,00-0038551,Kendre Miller,6.0,8.11602517569961,4.85,5.581540096455607,5.666525146355924,29.099999999999998,45.29991994201053,45.98966074655959,82.44999999999999,94.88618163974532,96.3309274880507,PPG
RB,2024,00-0038551,Kendre Miller,6.0,8.11602517569961,4.85,5.581540096455607,5.666525146355924,29.099999999999998,45.29991994201053,45.98966074655959,82.44999999999999,94.88618163974532,96.3309274880507,SEASON
RB,2024,00-0038555,Tank Bigsby,16.0,11.187981788390404,8.0625,3.249342183020253,3.0377839580763473,129.0,36.35358116787931,33.986671600022696,137.0625,55.238817111344304,51.6423272872979,PPG
RB,2024,00-0038555,Tank Bigsby,16.0,11.187981788390404,8.0625,3.249342183020253,3.0377839580763473,129.0,36.35358116787931,33.986671600022696,137.0625,55.238817111344304,51.6423272872979,SEASON
RB,2024,00-0038597,Chase Brown,16.0,10.675989019608604,15.9375,5.764553744328264,5.233679786289691,255.0,61.542312477392215,55.87470793057624,270.9375,97.9974136535805,88.97255636692474,PPG
RB,2024,00-0038597,Chase Brown,16.0,10.675989019608604,15.9375,5.764553744328264,5.233679786289691,255.0,61.542312477392215,55.87470793057624,270.9375,97.9974136535805,88.97255636692474,SEASON
RB,2024,00-0038611,Chris Rodriguez Jr.,7.0,9.140010713263209,4.5,4.606727177498286,4.537908862745551,31.5,42.10553575541511,41.476535621306404,76.5,78.31436201747086,77.14445066667437,PPG
RB,2024,00-0038611,Chris Rodriguez Jr.,7.0,9.140010713263209,4.5,4.606727177498286,4.537908862745551,31.5,42.10553575541511,41.476535621306404,76.5,78.31436201747086,77.14445066667437,SEASON
RB,2024,00-0038622,Deuce Vaughn,5.0,7.604032406917811,2.3600000000000003,3.214035568808779,3.6622747889603984,11.8,24.439630622208476,27.848056178292957,40.120000000000005,54.63860466974925,62.25867141232677,PPG
RB,2024,00-0038622,Deuce Vaughn,5.0,7.604032406917811,2.3600000000000003,3.214035568808779,3.6622747889603984,11.8,24.439630622208476,27.848056178292957,40.120000000000005,54.63860466974925,62.25867141232677,SEASON
RB,2024,00-0038685,Chris Brooks,11.0,6.068054100572414,3.836363636363637,4.366308695166719,4.211795184879529,42.2,26.494997382071393,25.55740104237937,65.21818181818183,74.22724781783423,71.600518142952,PPG
RB,2024,00-0038685,Chris Brooks,11.0,6.068054100572414,3.836363636363637,4.366308695166719,4.211795184879529,42.2,26.494997382071393,25.55740104237937,65.21818181818183,74.22724781783423,71.600518142952,SEASON
RB,2024,00-0038705,Emari Demercado,13.0,10.163996250826806,4.207692307692308,5.471605272203128,6.3681345382969,54.7,55.61337547267677,64.72569557201038,71.53076923076924,93.01728962745318,108.2582871510473,PPG
RB,2024,00-0038705,Emari Demercado,13.0,10.163996250826806,4.207692307692308,5.471605272203128,6.3681345382969,54.7,55.61337547267677,64.72569557201038,71.53076923076924,93.01728962745318,108.2582871510473,SEASON
RB,2024,00-0038738,Hunter Luepke,14.0,9.652003482045007,1.9214285714285713,1.3639178852286395,1.8893879610973208,26.9,13.164540177450291,18.236379179445258,32.66428571428571,23.18660404888687,32.119595338654456,PPG
RB,2024,00-0038738,Hunter Luepke,14.0,9.652003482045007,1.9214285714285713,1.3639178852286395,1.8893879610973208,26.9,13.164540177450291,18.236379179445258,32.66428571428571,23.18660404888687,32.119595338654456,SEASON
RB,2024,00-0038794,Jaleel McLaughlin,16.0,13.2359528635176,6.075,7.0864596013850765,5.90607711154531,97.2,93.79604525315459,78.1725582567139,103.275,120.4698132235463,100.40331089627027,PPG
RB,2024,00-0038794,Jaleel McLaughlin,16.0,13.2359528635176,6.075,7.0864596013850765,5.90607711154531,97.2,93.79604525315459,78.1725582567139,103.275,120.4698132235463,100.40331089627027,SEASON
RB,2024,00-0038797,Emanuel Wilson,17.0,7.092039638136011,5.647058823529412,3.1653022897743064,3.5428100776782454,96.0,22.44844930576206,25.125749501281838,96.0,53.810138926163205,60.227771320530174,PPG
RB,2024,00-0038797,Emanuel Wilson,17.0,7.092039638136011,5.647058823529412,3.1653022897743064,3.5428100776782454,96.0,22.44844930576206,25.125749501281838,96.0,53.810138926163205,60.227771320530174,SEASON
RB,2024,00-0038951,Sean Tucker,17.0,6.068054100572414,4.041176470588235,2.166914216793369,2.930208319710844,68.7,13.148952698801661,17.78066260995279,68.7,36.83754168548727,49.813541435084346,PPG
RB,2024,00-0038951,Sean Tucker,17.0,6.068054100572414,4.041176470588235,2.166914216793369,2.930208319710844,68.7,13.148952698801661,17.78066260995279,68.7,36.83754168548727,49.813541435084346,SEASON
RB,2024,00-0039021,Roschon Johnson,13.0,12.211967325954003,5.953846153846154,6.29632286044221,6.493712341450024,77.4,76.8904890453775,79.30100293793195,101.21538461538462,107.03748862751758,110.39310980465041,PPG
RB,2024,00-0039021,Roschon Johnson,13.0,12.211967325954003,5.953846153846154,6.29632286044221,6.493712341450024,77.4,76.8904890453775,79.30100293793195,101.21538461538462,107.03748862751758,110.39310980465041,SEASON
RB,2024,00-0039032,Tyjae Spears,12.0,13.2359528635176,9.466666666666667,8.268572683786624,8.716238339532106,113.6,109.44243829116898,115.36771980923187,160.93333333333334,140.56573562437262,148.1760517720458,PPG
RB,2024,00-0039032,Tyjae Spears,12.0,13.2359528635176,9.466666666666667,8.268572683786624,8.716238339532106,113.6,109.44243829116898,115.36771980923187,160.93333333333334,140.56573562437262,148.1760517720458,SEASON
RB,2024,00-0039040,De'Von Achane,17.0,10.163996250826806,17.641176470588235,13.782967739350395,13.2378681127241,299.9,140.09003242802422,134.54964186666746,299.9,234.31045156895672,225.0437579163097,PPG
RB,2024,00-0039040,De'Von Achane,17.0,10.163996250826806,17.641176470588235,13.782967739350395,13.2378681127241,299.9,140.09003242802422,134.54964186666746,299.9,234.31045156895672,225.0437579163097,SEASON
RB,2024,00-0039139,Jahmyr Gibbs,17.0,12.211967325954003,21.34705882352941,12.947960892925224,12.454179271464595,362.9,158.12007536213304,152.09003033469926,362.9,220.1153351797288,211.7210476148981,PPG
RB,2024,00-0039139,Jahmyr Gibbs,17.0,12.211967325954003,21.34705882352941,12.947960892925224,12.454179271464595,362.9,158.12007536213304,152.09003033469926,362.9,220.1153351797288,211.7210476148981,SEASON
RB,2024,00-0039165,Zach Charbonnet,17.0,12.723960094735801,10.994117647058824,5.129878465640069,6.143580464303181,186.9,65.27236888764877,78.17067266659213,186.9,87.20793391588118,104.44086789315408,PPG
RB,2024,00-0039165,Zach Charbonnet,17.0,12.723960094735801,10.994117647058824,5.129878465640069,6.143580464303181,186.9,65.27236888764877,78.17067266659213,186.9,87.20793391588118,104.44086789315408,SEASON
RB,2025,00-0031687,Raheem Mostert,12.0,11.376930676810199,2.45,6.068023417578513,6.314202186549697,29.400000000000002,69.03548176705165,71.83624055573928,41.650000000000006,103.15639809883473,107.34143717134485,PPG
RB,2025,00-0031687,Raheem Mostert,12.0,11.376930676810199,2.45,6.068023417578513,6.314202186549697,29.400000000000002,69.03548176705165,71.83624055573928,41.650000000000006,103.15639809883473,107.34143717134485,SEASON
RB,2025,00-0032104,Ameer Abdullah,13.0,12.423671175717192,2.9153846153846157,7.388149098823547,7.453246520851,37.900000000000006,91.78793500095504,92.59668396661101,49.56153846153847,125.5985346800003,126.70519085446699,PPG
RB,2025,00-0032104,Ameer Abdullah,13.0,12.423671175717192,2.9153846153846157,7.388149098823547,7.453246520851,37.900000000000006,91.78793500095504,92.59668396661101,49.56153846153847,125.5985346800003,126.70519085446699,SEASON
RB,2025,00-0032764,Derrick Henry,17.0,13.470411674624184,16.441176470588236,15.422137612299693,14.827555969387891,279.5,207.74254254038252,199.73328303618615,279.5,262.1763394090948,252.06845147959416,PPG
RB,2025,00-0032764,Derrick Henry,17.0,13.470411674624184,16.441176470588236,15.422137612299693,14.827555969387891,279.5,207.74254254038252,199.73328303618615,279.5,262.1763394090948,252.06845147959416,SEASON
RB,2025,00-0033280,Christian McCaffrey,17.0,6.666598431728731,24.50588235294118,10.232081350509713,11.43239676488916,416.6,68.21317748462884,76.2151983437107,416.6,173.9453829586651,194.35074500311572,PPG
RB,2025,00-0033280,Christian McCaffrey,17.0,6.666598431728731,24.50588235294118,10.232081350509713,11.43239676488916,416.6,68.21317748462884,76.2151983437107,416.6,173.9453829586651,194.35074500311572,SEASON
RB,2025,00-0033293,Aaron Jones,12.0,13.470411674624184,9.891666666666666,12.779618118450752,12.595219180025541,118.69999999999999,172.14671710001778,169.6627874870665,168.1583333333333,217.25350801366278,214.1187260604342,PPG
RB,2025,00-0033293,Aaron Jones,12.0,13.470411674624184,9.891666666666666,12.779618118450752,12.595219180025541,118.69999999999999,172.14671710001778,169.6627874870665,168.1583333333333,217.25350801366278,214.1187260604342,SEASON
RB,2025,00-0033376,Patrick Ricard,5.0,9.806819928449709,0.42000000000000004,2.2173963415715074,1.685604403992305,2.1,21.74560663179494,16.53041886055433,7.140000000000001,37.69573780671563,28.655274867869185,PPG
RB,2025,00-0033376,Patrick Ricard,5.0,9.806819928449709,0.42000000000000004,2.2173963415715074,1.685604403992305,2.1,21.74560663179494,16.53041886055433,7.140000000000001,37.69573780671563,28.655274867869185,SEASON
RB,2025,00-0033526,Samaje Perine,15.0,13.470411674624184,5.193333333333333,5.4480098841684175,4.446848631901088,77.9,73.3869359471702,59.900881726447,88.28666666666666,92.6161680308631,75.5964267423185,PPG
RB,2025,00-0033526,Samaje Perine,15.0,13.470411674624184,5.193333333333333,5.4480098841684175,4.446848631901088,77.9,73.3869359471702,59.900881726447,88.28666666666666,92.6161680308631,75.5964267423185,SEASON
RB,2025,00-0033553,James Conner,3.0,12.947041425170688,11.1,13.45166869026659,12.966085932831668,33.3,174.15931177055307,167.87245169469452,188.7,228.67836773453203,220.42346085813836,PPG
RB,2025,00-0033553,James Conner,3.0,12.947041425170688,11.1,13.45166869026659,12.966085932831668,33.3,174.15931177055307,167.87245169469452,188.7,228.67836773453203,220.42346085813836,SEASON
RB,2025,00-0033699,Austin Ekeler,2.0,10.853560427356703,6.550000000000001,8.907850698950675,9.53821169000981,13.100000000000001,96.68189583893279,103.52355694644157,111.35000000000001,151.43346188216148,162.14959873016676,PPG
RB,2025,00-0033699,Austin Ekeler,2.0,10.853560427356703,6.550000000000001,8.907850698950675,9.53821169000981,13.100000000000001,96.68189583893279,103.52355694644157,111.35000000000001,151.43346188216148,162.14959873016676,SEASON
RB,2025,00-0033854,Dare Ogunbowale,14.0,12.947041425170688,1.7214285714285715,4.913597385525161,3.8377531550435036,24.1,63.616548897004655,49.68754907792775,29.264285714285716,83.53115555392775,65.24180363573956,PPG
RB,2025,00-0033854,Dare Ogunbowale,14.0,12.947041425170688,1.7214285714285715,4.913597385525161,3.8377531550435036,24.1,63.616548897004655,49.68754907792775,29.264285714285716,83.53115555392775,65.24180363573956,SEASON
RB,2025,00-0033906,Alvin Kamara,11.0,11.900300926263695,9.154545454545456,14.849803614922575,15.236904185605262,100.70000000000002,176.71713171349708,181.32374499334946,155.62727272727275,252.44666145368376,259.0273711552895,PPG
RB,2025,00-0033906,Alvin Kamara,11.0,11.900300926263695,9.154545454545456,14.849803614922575,15.236904185605262,100.70000000000002,176.71713171349708,181.32374499334946,155.62727272727275,252.44666145368376,259.0273711552895,SEASON
RB,2025,00-0033923,Kareem Hunt,17.0,11.376930676810199,8.552941176470588,9.617335480153347,9.855665212609846,145.4,109.41575905333175,112.12721989771207,145.4,163.4947031626069,167.54630861436738,PPG
RB,2025,00-0033923,Kareem Hunt,17.0,11.376930676810199,8.552941176470588,9.617335480153347,9.855665212609846,145.4,109.41575905333175,112.12721989771207,145.4,163.4947031626069,167.54630861436738,SEASON
RB,2025,00-0033955,Jeremy McNichols,16.0,12.423671175717192,4.54375,4.098995274425816,4.198228666766338,72.7,50.92456944028499,52.157412476374574,77.24375,69.68291966523887,71.36988733502776,PPG
RB,2025,00-0033955,Jeremy McNichols,16.0,12.423671175717192,4.54375,4.098995274425816,4.198228666766338,72.7,50.92456944028499,52.157412476374574,77.24375,69.68291966523887,71.36988733502776,SEASON
RB,2025,00-0034791,Nick Chubb,15.0,8.760079429542717,5.886666666666667,6.6527383857612925,7.562919129608689,88.3,58.27851668323672,66.25177229458019,100.07333333333334,113.09655255794198,128.56962520334773,PPG
RB,2025,00-0034791,Nick Chubb,15.0,8.760079429542717,5.886666666666667,6.6527383857612925,7.562919129608689,88.3,58.27851668323672,66.25177229458019,100.07333333333334,113.09655255794198,128.56962520334773,SEASON
RB,2025,00-0034844,Saquon Barkley,16.0,12.947041425170688,14.51875,17.874760813147084,17.2769496450783,232.3,231.425268712833,223.68538275541678,246.81875000000002,303.8709338235004,293.7081439663311,PPG
RB,2025,00-0034844,Saquon Barkley,16.0,12.947041425170688,14.51875,17.874760813147084,17.2769496450783,232.3,231.425268712833,223.68538275541678,246.81875000000002,303.8709338235004,293.7081439663311,SEASON
RB,2025,00-0034975,Justice Hill,10.0,12.423671175717192,6.520000000000001,7.413182001264353,7.180942627111698,65.20000000000002,92.09893554945343,89.21366993092649,110.84000000000002,126.024094021494,122.07602466089887,PPG
RB,2025,00-0034975,Justice Hill,10.0,12.423671175717192,6.520000000000001,7.413182001264353,7.180942627111698,65.20000000000002,92.09893554945343,89.21366993092649,110.84000000000002,126.024094021494,122.07602466089887,SEASON
RB,2025,00-0035243,Miles Sanders,4.0,10.330190177903207,6.675000000000001,6.0026502349558,6.165408221272728,26.700000000000003,62.00851849852878,63.68983945015522,113.47500000000001,102.04505399424859,104.81193976163638,PPG
RB,2025,00-0035243,Miles Sanders,4.0,10.330190177903207,6.675000000000001,6.0026502349558,6.165408221272728,26.700000000000003,62.00851849852878,63.68983945015522,113.47500000000001,102.04505399424859,104.81193976163638,SEASON
RB,2025,00-0035250,Devin Singletary,17.0,12.423671175717192,6.282352941176471,6.237928182070199,6.039636169549404,106.80000000000001,77.49796855177948,75.03445379144992,106.80000000000001,106.04477909519338,102.67381488233985,PPG
RB,2025,00-0035250,Devin Singletary,17.0,12.423671175717192,6.282352941176471,6.237928182070199,6.039636169549404,106.80000000000001,77.49796855177948,75.03445379144992,106.80000000000001,106.04477909519338,102.67381488233985,SEASON
RB,2025,00-0035261,Tony Pollard,17.0,12.947041425170688,10.929411764705883,11.7168431616924,11.455642966467025,185.8,151.69845378665943,148.3166840388138,185.8,199.1863337487708,194.74593042993942,PPG
RB,2025,00-0035261,Tony Pollard,17.0,12.947041425170688,10.929411764705883,11.7168431616924,11.455642966467025,185.8,151.69845378665943,148.3166840388138,185.8,199.1863337487708,194.74593042993942,SEASON
RB,2025,00-0035291,Trayveon Williams,6.0,7.189968681182227,2.85,0.6414623981834077,1.028940296428326,17.1,4.612094553094744,7.398048506126022,48.45,10.90486076911793,17.491985039281545,PPG
RB,2025,00-0035291,Trayveon Williams,6.0,7.189968681182227,2.85,0.6414623981834077,1.028940296428326,17.1,4.612094553094744,7.398048506126022,48.45,10.90486076911793,17.491985039281545,SEASON
RB,2025,00-0035311,Myles Gaskin,1.0,6.666598431728731,0.6000000000000001,1.225987947757601,1.58898525840385,0.6000000000000001,8.173169329839148,10.593126631715178,10.200000000000001,20.841795111879218,27.012749392865448,PPG
RB,2025,00-0035311,Myles Gaskin,1.0,6.666598431728731,0.6000000000000001,1.225987947757601,1.58898525840385,0.6000000000000001,8.173169329839148,10.593126631715178,10.200000000000001,20.841795111879218,27.012749392865448,SEASON
RB,2025,00-0035537,Ty Johnson,17.0,13.470411674624184,5.9,6.311864651923061,5.4872180177491385,100.30000000000001,85.02341529591212,73.91508564749617,100.30000000000001,107.30169908269204,93.28270630173536,PPG
RB,2025,00-0035537,Ty Johnson,17.0,13.470411674624184,5.9,6.311864651923061,5.4872180177491385,100.30000000000001,85.02341529591212,73.91508564749617,100.30000000000001,107.30169908269204,93.28270630173536,SEASON
RB,2025,00-0035567,Craig Reynolds,5.0,8.760079429542717,0.08000000000000002,3.5851014840783284,3.19745756409972,0.4000000000000001,31.40577376349763,28.00998223410572,1.3600000000000003,60.946725229331584,54.35677858969524,PPG
RB,2025,00-0035567,Craig Reynolds,5.0,8.760079429542717,0.08000000000000002,3.5851014840783284,3.19745756409972,0.4000000000000001,31.40577376349763,28.00998223410572,1.3600000000000003,60.946725229331584,54.35677858969524,SEASON
RB,2025,00-0035594,Travis Homer,8.0,8.760079429542717,0.0,1.2930067201512077,1.6524877059362684,0.0,11.326841571457091,14.475923560344539,0.0,21.98111424257053,28.09229100091656,PPG
RB,2025,00-0035594,Travis Homer,8.0,8.760079429542717,0.0,1.2930067201512077,1.6524877059362684,0.0,11.326841571457091,14.475923560344539,0.0,21.98111424257053,28.09229100091656,SEASON
RB,2025,00-0035628,D'Ernest Johnson,5.0,10.853560427356703,0.5,3.783178045183612,3.4031497438422327,2.5,41.060951520849535,36.93629138813515,8.5,64.31402676812141,57.85354564531796,PPG
RB,2025,00-0035628,D'Ernest Johnson,5.0,10.853560427356703,0.5,3.783178045183612,3.4031497438422327,2.5,41.060951520849535,36.93629138813515,8.5,64.31402676812141,57.85354564531796,SEASON
RB,2025,00-0035685,David Montgomery,17.0,11.900300926263695,9.576470588235296,12.507857540103902,12.318379524274256,162.8,148.84726867007282,146.59242326278866,162.8,212.63357818176635,209.41245191266236,PPG
RB,2025,00-0035685,David Montgomery,17.0,11.900300926263695,9.576470588235296,12.507857540103902,12.318379524274256,162.8,148.84726867007282,146.59242326278866,162.8,212.63357818176635,209.41245191266236,SEASON
RB,2025,00-0035700,Josh Jacobs,15.0,13.470411674624184,15.806666666666667,13.920428782026445,13.746728776166298,237.1,187.51390638118355,185.17409579436273,268.7133333333333,236.64728929444956,233.69438919482707,PPG
RB,2025,00-0035700,Josh Jacobs,15.0,13.470411674624184,15.806666666666667,13.920428782026445,13.746728776166298,237.1,187.51390638118355,185.17409579436273,268.7133333333333,236.64728929444956,233.69438919482707,SEASON
RB,2025,00-0036139,Rico Dowdle,17.0,12.947041425170688,12.723529411764707,11.941335292800272,11.96174923930849,216.3,154.60496270773788,154.869262918831,216.3,203.0026999776046,203.34973706824434,PPG
RB,2025,00-0036139,Rico Dowdle,17.0,12.947041425170688,12.723529411764707,11.941335292800272,11.96174923930849,216.3,154.60496270773788,154.869262918831,216.3,203.0026999776046,203.34973706824434,SEASON
RB,2025,00-0036158,J.K. Dobbins,10.0,11.376930676810199,11.590000000000002,11.922303554220589,11.952510008331906,115.90000000000002,135.6392210442555,135.9828777786722,197.03000000000003,202.67916042175,203.1926701416424,PPG
RB,2025,00-0036158,J.K. Dobbins,10.0,11.376930676810199,11.590000000000002,11.922303554220589,11.952510008331906,115.90000000000002,135.6392210442555,135.9828777786722,197.03000000000003,202.67916042175,203.1926701416424,SEASON
RB,2025,00-0036187,Reggie Gilliam,11.0,8.23670918008922,0.4363636363636364,0.7852791949951379,1.1437002024609682,4.800000000000001,6.468116354349524,9.420325956880156,7.418181818181819,13.349746314917343,19.44290344183646,PPG
RB,2025,00-0036187,Reggie Gilliam,11.0,8.23670918008922,0.4363636363636364,0.7852791949951379,1.1437002024609682,4.800000000000001,6.468116354349524,9.420325956880156,7.418181818181819,13.349746314917343,19.44290344183646,SEASON
RB,2025,00-0036223,Jonathan Taylor,17.0,11.900300926263695,21.311764705882354,14.60770951929613,14.271404739082374,362.3,173.83613912307072,169.83401103558606,362.3,248.3310618280342,242.61388056440038,PPG
RB,2025,00-0036223,Jonathan Taylor,17.0,11.900300926263695,21.311764705882354,14.60770951929613,14.271404739082374,362.3,173.83613912307072,169.83401103558606,362.3,248.3310618280342,242.61388056440038,SEASON
RB,2025,00-0036275,D'Andre Swift,16.0,13.470411674624184,14.287500000000001,10.620182498670983,10.66375198856224,228.60000000000002,143.05823031673705,143.64512928202566,242.88750000000002,180.5431024774067,181.28378380555807,PPG
RB,2025,00-0036275,D'Andre Swift,16.0,13.470411674624184,14.287500000000001,10.620182498670983,10.66375198856224,228.60000000000002,143.05823031673705,143.64512928202566,242.88750000000002,180.5431024774067,181.28378380555807,SEASON
RB,2025,00-0036328,Antonio Gibson,5.0,13.470411674624184,3.4400000000000004,6.897975818906875,6.351094349528167,17.200000000000003,92.91857400227849,85.55185547252391,58.480000000000004,117.26558892141688,107.96860394197884,PPG
RB,2025,00-0036328,Antonio Gibson,5.0,13.470411674624184,3.4400000000000004,6.897975818906875,6.351094349528167,17.200000000000003,92.91857400227849,85.55185547252391,58.480000000000004,117.26558892141688,107.96860394197884,SEASON
RB,2025,00-0036414,Cam Akers,4.0,12.947041425170688,0.47500000000000003,6.430586029057621,5.749014538447568,1.9000000000000001,83.2570637063329,74.43272938318921,8.075000000000001,109.31996249397956,97.73324715360866,PPG
RB,2025,00-0036414,Cam Akers,4.0,12.947041425170688,0.47500000000000003,6.430586029057621,5.749014538447568,1.9000000000000001,83.2570637063329,74.43272938318921,8.075000000000001,109.31996249397956,97.73324715360866,SEASON
RB,2025,00-0036425,DeeJay Dallas,5.0,12.947041425170688,0.42000000000000004,3.1227713472629794,1.9859173465041164,2.1,40.43064999434988,25.711754152153848,7.140000000000001,53.087112903470654,33.760594890569976,PPG
RB,2025,00-0036425,DeeJay Dallas,5.0,12.947041425170688,0.42000000000000004,3.1227713472629794,1.9859173465041164,2.1,40.43064999434988,25.711754152153848,7.140000000000001,53.087112903470654,33.760594890569976,SEASON
RB,2025,00-0036555,Chuba Hubbard,15.0,12.423671175717192,8.360000000000001,13.048019458673263,13.462497201911264,125.40000000000002,162.10430324891607,167.25363844055832,142.12000000000003,221.81633079744546,228.8624524324915,PPG
RB,2025,00-0036555,Chuba Hubbard,15.0,12.423671175717192,8.360000000000001,13.048019458673263,13.462497201911264,125.40000000000002,162.10430324891607,167.25363844055832,142.12000000000003,221.81633079744546,228.8624524324915,SEASON
RB,2025,00-0036875,Rhamondre Stevenson,14.0,12.423671175717192,12.771428571428572,9.983501977485187,10.294401715478248,178.8,124.0317457503983,127.89426186384073,217.11428571428573,169.71953361724817,175.0048291631302,PPG
RB,2025,00-0036875,Rhamondre Stevenson,14.0,12.423671175717192,12.771428571428572,9.983501977485187,10.294401715478248,178.8,124.0317457503983,127.89426186384073,217.11428571428573,169.71953361724817,175.0048291631302,SEASON
RB,2025,00-0036893,Najee Harris,3.0,13.470411674624184,3.8666666666666667,11.04022145322627,10.615544795036625,11.6,148.71632795397554,142.99575853955736,65.73333333333333,187.6837647048466,180.4642615156226,PPG
RB,2025,00-0036893,Najee Harris,3.0,13.470411674624184,3.8666666666666667,11.04022145322627,10.615544795036625,11.6,148.71632795397554,142.99575853955736,65.73333333333333,187.6837647048466,180.4642615156226,SEASON
RB,2025,00-0036906,Khalil Herbert,5.0,10.330190177903207,1.32,3.3625059721595933,3.2157237621655312,6.6000000000000005,34.7353261667439,33.21903802277232,22.44,57.16260152671309,54.66730395681403,PPG
RB,2025,00-0036906,Khalil Herbert,5.0,10.330190177903207,1.32,3.3625059721595933,3.2157237621655312,6.6000000000000005,34.7353261667439,33.21903802277232,22.44,57.16260152671309,54.66730395681403,SEASON
RB,2025,00-0036919,Kenny Gainwell,17.0,13.470411674624184,13.017647058823531,4.96765437844722,4.5916884569138645,221.30000000000004,66.91634953493337,61.851933796249625,221.30000000000004,84.45012443360274,78.05870376753569,PPG
RB,2025,00-0036919,Kenny Gainwell,17.0,13.470411674624184,13.017647058823531,4.96765437844722,4.5916884569138645,221.30000000000004,66.91634953493337,61.851933796249625,221.30000000000004,84.45012443360274,78.05870376753569,SEASON
RB,2025,00-0036924,Michael Carter,13.0,6.143228182275235,7.615384615384615,8.657631798179098,10.099064214798263,99.0,53.18580765433605,62.040855898956,129.46153846153845,147.17974056904467,171.68409165157047,PPG
RB,2025,00-0036924,Michael Carter,13.0,6.143228182275235,7.615384615384615,8.657631798179098,10.099064214798263,99.0,53.18580765433605,62.040855898956,129.46153846153845,147.17974056904467,171.68409165157047,SEASON
RB,2025,00-0036950,Avery Williams,1.0,13.470411674624184,0.0,1.8753248480721711,1.028940296428326,0.0,25.2613977271842,13.860249381499392,0.0,31.88052241722691,17.491985039281545,PPG
RB,2025,00-0036950,Avery Williams,1.0,13.470411674624184,0.0,1.8753248480721711,1.028940296428326,0.0,25.2613977271842,13.860249381499392,0.0,31.88052241722691,17.491985039281545,SEASON
RB,2025,00-0036973,Travis Etienne,17.0,12.423671175717192,14.93529411764706,8.609921143675416,8.350220850324092,253.90000000000003,106.96682913787828,103.74039808904413,253.90000000000003,146.36865944248208,141.95375445550957,PPG
RB,2025,00-0036973,Travis Etienne,17.0,12.423671175717192,14.93529411764706,8.609921143675416,8.350220850324092,253.90000000000003,106.96682913787828,103.74039808904413,253.90000000000003,146.36865944248208,141.95375445550957,SEASON
RB,2025,00-0036984,Trey Sermon,3.0,12.423671175717192,0.0,3.9440629752658714,3.5555532420890312,0.0,48.999741501024,44.17302432746931,0.0,67.0490705795198,60.44440511551353,PPG
RB,2025,00-0036984,Trey Sermon,3.0,12.423671175717192,0.0,3.9440629752658714,3.5555532420890312,0.0,48.999741501024,44.17302432746931,0.0,67.0490705795198,60.44440511551353,SEASON
RB,2025,00-0036997,Javonte Williams,16.0,13.470411674624184,15.175,8.027098755392135,8.349821709229003,242.8,108.12832478799548,112.47553583302883,257.975,136.4606788416663,141.94696905689304,PPG
RB,2025,00-0036997,Javonte Williams,16.0,13.470411674624184,15.175,8.027098755392135,8.349821709229003,242.8,108.12832478799548,112.47553583302883,257.975,136.4606788416663,141.94696905689304,SEASON
RB,2025,00-0037085,Tyler Badie,16.0,6.143228182275235,2.2125,3.900839587098414,3.9081929040608294,35.4,23.963747685997866,24.00892078999458,37.6125,66.31427298067304,66.4392793690341,PPG
RB,2025,00-0037085,Tyler Badie,16.0,6.143228182275235,2.2125,3.900839587098414,3.9081929040608294,35.4,23.963747685997866,24.00892078999458,37.6125,66.31427298067304,66.4392793690341,SEASON
RB,2025,00-0037120,Tyler Goodson,10.0,11.900300926263695,0.52,4.210129790035253,3.16104064402033,5.2,50.10181144004689,37.617334903992315,8.84,71.5722064305993,53.73769094834561,PPG
RB,2025,00-0037120,Tyler Goodson,10.0,11.900300926263695,0.52,4.210129790035253,3.16104064402033,5.2,50.10181144004689,37.617334903992315,8.84,71.5722064305993,53.73769094834561,SEASON
RB,2025,00-0037197,Isiah Pacheco,13.0,8.23670918008922,6.7153846153846155,7.26729607455206,8.018089654763363,87.3,59.858604291689296,66.04267266616779,114.16153846153847,123.54403326738502,136.30752413097719,PPG
RB,2025,00-0037197,Isiah Pacheco,13.0,8.23670918008922,6.7153846153846155,7.26729607455206,8.018089654763363,87.3,59.858604291689296,66.04267266616779,114.16153846153847,123.54403326738502,136.30752413097719,SEASON
RB,2025,00-0037228,Jaylen Warren,16.0,12.423671175717192,13.568750000000001,7.858823362848172,8.278872440156842,217.10000000000002,97.6354372880697,102.85398890221602,230.66875000000002,133.59999716841892,140.74083148266632,PPG
RB,2025,00-0037228,Jaylen Warren,16.0,12.423671175717192,13.568750000000001,7.858823362848172,8.278872440156842,217.10000000000002,97.6354372880697,102.85398890221602,230.66875000000002,133.59999716841892,140.74083148266632,SEASON
RB,2025,00-0037248,James Cook,17.0,12.947041425170688,17.7764705882353,13.133944683923998,12.300538050496197,302.20000000000005,170.04572589866436,159.25557569166256,302.20000000000005,223.27705962670797,209.10914685843534,PPG
RB,2025,00-0037248,James Cook,17.0,12.947041425170688,17.7764705882353,13.133944683923998,12.300538050496197,302.20000000000005,170.04572589866436,159.25557569166256,302.20000000000005,223.27705962670797,209.10914685843534,SEASON
RB,2025,00-0037256,Rachaad White,17.0,12.423671175717192,8.411764705882353,11.211475230880076,10.898490989097743,143.0,139.28768166315206,135.3992683600672,143.0,190.59507892496129,185.27434681466164,PPG
RB,2025,00-0037256,Rachaad White,17.0,12.423671175717192,8.411764705882353,11.211475230880076,10.898490989097743,143.0,139.28768166315206,135.3992683600672,143.0,190.59507892496129,185.27434681466164,SEASON
RB,2025,00-0037258,Dameon Pierce,5.0,9.806819928449709,0.7200000000000001,5.158414669991922,4.097548361910877,3.6000000000000005,50.58764378488411,40.18391893337405,12.240000000000002,87.69304938986268,69.65832215248491,PPG
RB,2025,00-0037258,Dameon Pierce,5.0,9.806819928449709,0.7200000000000001,5.158414669991922,4.097548361910877,3.6000000000000005,50.58764378488411,40.18391893337405,12.240000000000002,87.69304938986268,69.65832215248491,SEASON
RB,2025,00-0037263,Tyler Allgeier,17.0,13.470411674624184,7.235294117647058,6.9636326312362335,6.552813370422742,122.99999999999999,93.80299829359849,88.26909372657595,122.99999999999999,118.38175473101597,111.39782729718661,PPG
RB,2025,00-0037263,Tyler Allgeier,17.0,13.470411674624184,7.235294117647058,6.9636326312362335,6.552813370422742,122.99999999999999,93.80299829359849,88.26909372657595,122.99999999999999,118.38175473101597,111.39782729718661,SEASON
RB,2025,00-0037267,Jerome Ford,13.0,11.900300926263695,3.3538461538461535,8.47120894053988,8.687299605409386,43.599999999999994,100.80993560168002,103.38147954098355,57.01538461538461,144.01055198917794,147.68409329195956,PPG
RB,2025,00-0037267,Jerome Ford,13.0,11.900300926263695,3.3538461538461535,8.47120894053988,8.687299605409386,43.599999999999994,100.80993560168002,103.38147954098355,57.01538461538461,144.01055198917794,147.68409329195956,SEASON
RB,2025,00-0037276,Ty Chandler,3.0,11.900300926263695,2.9333333333333336,3.7381012151387463,2.6079988808844212,8.8,44.48452935298307,31.03597149788356,49.866666666666674,63.54772065735869,44.33598097503516,PPG
RB,2025,00-0037276,Ty Chandler,3.0,11.900300926263695,2.9333333333333336,3.7381012151387463,2.6079988808844212,8.8,44.48452935298307,31.03597149788356,49.866666666666674,63.54772065735869,44.33598097503516,SEASON
RB,2025,00-0037525,Jordan Mason,16.0,10.853560427356703,8.05625,8.804109676833693,7.912784478498571,128.9,95.55593638659039,85.88188448603444,136.95625,149.6698645061728,134.5173361344757,PPG
RB,2025,00-0037525,Jordan Mason,16.0,10.853560427356703,8.05625,8.804109676833693,7.912784478498571,128.9,95.55593638659039,85.88188448603444,136.95625,149.6698645061728,134.5173361344757,SEASON
RB,2025,00-0037557,Ronnie Rivers,6.0,7.713338930635723,0.7666666666666667,3.3109512223672954,3.4570601813333752,4.6000000000000005,25.538488960921597,26.665476882229317,13.033333333333335,56.28617078024402,58.77002308266738,PPG
RB,2025,00-0037557,Ronnie Rivers,6.0,7.713338930635723,0.7666666666666667,3.3109512223672954,3.4570601813333752,4.6000000000000005,25.538488960921597,26.665476882229317,13.033333333333335,56.28617078024402,58.77002308266738,SEASON
RB,2025,00-0037594,Julius Chestnut,16.0,10.853560427356703,0.25,1.4492660402075188,1.9467750485059836,4.0,15.729696542708274,21.129440627429968,4.25,24.63752268352782,33.09517582460172,PPG
RB,2025,00-0037594,Julius Chestnut,16.0,10.853560427356703,0.25,1.4492660402075188,1.9467750485059836,4.0,15.729696542708274,21.129440627429968,4.25,24.63752268352782,33.09517582460172,SEASON
RB,2025,00-0037617,Hassan Haskins,11.0,10.853560427356703,0.9090909090909091,3.205247436847311,2.8919173086017524,10.0,34.78834674045248,31.387599259827883,15.454545454545453,54.48920642640429,49.162594246229794,PPG
RB,2025,00-0037617,Hassan Haskins,11.0,10.853560427356703,0.9090909090909091,3.205247436847311,2.8919173086017524,10.0,34.78834674045248,31.387599259827883,15.454545454545453,54.48920642640429,49.162594246229794,SEASON
RB,2025,00-0037746,Brian Robinson,17.0,11.900300926263695,3.6764705882352944,9.492255791899574,9.738392306938431,62.50000000000001,112.96070039267441,115.88979899057865,62.50000000000001,161.36834846229274,165.55266921795334,PPG
RB,2025,00-0037746,Brian Robinson,17.0,11.900300926263695,3.6764705882352944,9.492255791899574,9.738392306938431,62.50000000000001,112.96070039267441,115.88979899057865,62.50000000000001,161.36834846229274,165.55266921795334,SEASON
RB,2025,00-0037840,Kyren Williams,17.0,12.947041425170688,15.488235294117647,13.659764846430809,13.601486766225786,263.3,176.85354132483002,176.09901260623616,263.3,232.21600238932376,231.22527502583836,PPG
RB,2025,00-0037840,Kyren Williams,17.0,12.947041425170688,15.488235294117647,13.659764846430809,13.601486766225786,263.3,176.85354132483002,176.09901260623616,263.3,232.21600238932376,231.22527502583836,SEASON
RB,2025,00-0038040,Zamir White,5.0,8.760079429542717,1.9200000000000002,4.290686508618316,4.695157137825234,9.600000000000001,37.58675462276377,41.12994946153349,32.64,72.94167064651138,79.81767134302898,PPG
RB,2025,00-0038040,Zamir White,5.0,8.760079429542717,1.9200000000000002,4.290686508618316,4.695157137825234,9.600000000000001,37.58675462276377,41.12994946153349,32.64,72.94167064651138,79.81767134302898,SEASON
RB,2025,00-0038120,Breece Hall,16.0,12.947041425170688,12.71875,12.590932536772613,12.073616987009167,203.5,163.01532513512447,156.3176192824522,216.21875,214.0458531251344,205.25148877915584,PPG
RB,2025,00-0038120,Breece Hall,16.0,12.947041425170688,12.71875,12.590932536772613,12.073616987009167,203.5,163.01532513512447,156.3176192824522,216.21875,214.0458531251344,205.25148877915584,SEASON
RB,2025,00-0038134,Kenneth Walker III,17.0,10.330190177903207,11.288235294117648,12.721913406949646,13.242218161067548,191.9,131.41978492060636,136.79463198111145,191.9,216.272527918144,225.1177087381483,PPG
RB,2025,00-0038134,Kenneth Walker III,17.0,10.330190177903207,11.288235294117648,12.721913406949646,13.242218161067548,191.9,131.41978492060636,136.79463198111145,191.9,216.272527918144,225.1177087381483,SEASON
RB,2025,00-0038396,Eric Gray,1.0,11.900300926263695,0.0,2.5826945890633812,2.1207165332596247,0.0,30.734842810487187,25.237164925092245,0.0,43.90580801407748,36.05218106541362,PPG
RB,2025,00-0038396,Eric Gray,1.0,11.900300926263695,0.0,2.5826945890633812,2.1207165332596247,0.0,30.734842810487187,25.237164925092245,0.0,43.90580801407748,36.05218106541362,SEASON
RB,2025,00-0038454,Keaton Mitchell,13.0,6.666598431728731,4.2615384615384615,2.3062966737930046,2.6255647002420277,55.4,15.375153788609632,17.503585513035816,72.44615384615385,39.20704345448108,44.634599904114474,PPG
RB,2025,00-0038454,Keaton Mitchell,13.0,6.666598431728731,4.2615384615384615,2.3062966737930046,2.6255647002420277,55.4,15.375153788609632,17.503585513035816,72.44615384615385,39.20704345448108,44.634599904114474,SEASON
RB,2025,00-0038488,Brady Russell,10.0,8.760079429542717,0.0,0.8426932217019576,1.028940296428326,0.0,7.382059556846399,9.013598724969365,0.0,14.325784768933278,17.491985039281545,PPG
RB,2025,00-0038488,Brady Russell,10.0,8.760079429542717,0.0,0.8426932217019576,1.028940296428326,0.0,7.382059556846399,9.013598724969365,0.0,14.325784768933278,17.491985039281545,SEASON
RB,2025,00-0038542,Bijan Robinson,17.0,13.470411674624184,21.811764705882354,15.587175852582039,15.473181681696257,370.8,209.96567557904126,208.43012716870234,370.8,264.9819894938947,263.04408858883636,PPG
RB,2025,00-0038542,Bijan Robinson,17.0,13.470411674624184,21.811764705882354,15.587175852582039,15.473181681696257,370.8,209.96567557904126,208.43012716870234,370.8,264.9819894938947,263.04408858883636,SEASON
RB,2025,00-0038551,Kendre Miller,7.0,7.713338930635723,4.757142857142858,4.421412094880907,5.171707328903106,33.300000000000004,34.10385003982855,39.89113147788242,80.87142857142858,75.16400561297542,87.91902459135281,PPG
RB,2025,00-0038551,Kendre Miller,7.0,7.713338930635723,4.757142857142858,4.421412094880907,5.171707328903106,33.300000000000004,34.10385003982855,39.89113147788242,80.87142857142858,75.16400561297542,87.91902459135281,SEASON
RB,2025,00-0038555,Tank Bigsby,15.0,12.947041425170688,3.586666666666667,7.548629708103886,7.533258878196153,53.800000000000004,97.73242153409514,97.53341476254046,60.973333333333336,128.32670503776606,128.0654009293346,PPG
RB,2025,00-0038555,Tank Bigsby,15.0,12.947041425170688,3.586666666666667,7.548629708103886,7.533258878196153,53.800000000000004,97.73242153409514,97.53341476254046,60.973333333333336,128.32670503776606,128.0654009293346,SEASON
RB,2025,00-0038597,Chase Brown,17.0,12.947041425170688,16.623529411764707,13.11544604491315,13.257362480979776,282.6,169.8062232530816,171.64362122974882,282.6,222.96258276352353,225.37516217665618,PPG
RB,2025,00-0038597,Chase Brown,17.0,12.947041425170688,16.623529411764707,13.11544604491315,13.257362480979776,282.6,169.8062232530816,171.64362122974882,282.6,222.96258276352353,225.37516217665618,SEASON
RB,2025,00-0038611,Chris Rodriguez Jr.,12.0,8.23670918008922,7.666666666666667,3.999274941094342,4.621087794195779,92.0,32.94086462101254,38.06255625645061,130.33333333333334,67.98767399860381,78.55849250132823,PPG
RB,2025,00-0038611,Chris Rodriguez Jr.,12.0,8.23670918008922,7.666666666666667,3.999274941094342,4.621087794195779,92.0,32.94086462101254,38.06255625645061,130.33333333333334,67.98767399860381,78.55849250132823,SEASON
RB,2025,00-0038678,Jordan Mims,1.0,8.760079429542717,0.0,3.631910275030462,4.054093929430779,0.0,31.81582249023918,35.514184836640574,0.0,61.742474675517855,68.91959680032325,PPG
RB,2025,00-0038678,Jordan Mims,1.0,8.760079429542717,0.0,3.631910275030462,4.054093929430779,0.0,31.81582249023918,35.514184836640574,0.0,61.742474675517855,68.91959680032325,SEASON
RB,2025,00-0038685,Chris Brooks,17.0,10.330190177903207,1.9235294117647057,4.325216926297254,4.448178771337174,32.699999999999996,44.68031340933659,45.95053265322483,32.699999999999996,73.52868774705333,75.61903911273195,PPG
RB,2025,00-0038685,Chris Brooks,17.0,10.330190177903207,1.9235294117647057,4.325216926297254,4.448178771337174,32.699999999999996,44.68031340933659,45.95053265322483,32.699999999999996,73.52868774705333,75.61903911273195,SEASON
RB,2025,00-0038705,Emari Demercado,12.0,11.376930676810199,4.858333333333333,5.44701369446815,4.489969001167096,58.3,61.97029719759995,51.08206606730478,82.59166666666667,92.59923280595855,76.32947301984063,PPG
RB,2025,00-0038705,Emari Demercado,12.0,11.376930676810199,4.858333333333333,5.44701369446815,4.489969001167096,58.3,61.97029719759995,51.08206606730478,82.59166666666667,92.59923280595855,76.32947301984063,SEASON
RB,2025,00-0038738,Hunter Luepke,14.0,11.900300926263695,2.642857142857143,2.9472977747480114,2.445272281923566,37.0,35.07373043880869,29.09947600154195,44.92857142857143,50.10406217071619,41.56962879270062,PPG
RB,2025,00-0038738,Hunter Luepke,14.0,11.900300926263695,2.642857142857143,2.9472977747480114,2.445272281923566,37.0,35.07373043880869,29.09947600154195,44.92857142857143,50.10406217071619,41.56962879270062,SEASON
RB,2025,00-0038794,Jaleel McLaughlin,8.0,12.947041425170688,3.925,6.862489308429589,6.2647056801320815,31.4,88.84893335602884,81.10940395717218,66.725,116.662318243303,106.49999656224539,PPG
RB,2025,00-0038794,Jaleel McLaughlin,8.0,12.947041425170688,3.925,6.862489308429589,6.2647056801320815,31.4,88.84893335602884,81.10940395717218,66.725,116.662318243303,106.49999656224539,SEASON
RB,2025,00-0038797,Emanuel Wilson,17.0,13.470411674624184,5.558823529411765,6.091551171215337,5.181068989912491,94.50000000000001,82.0557020133097,69.79113220875055,94.50000000000001,103.55636991066073,88.07817282851235,PPG
RB,2025,00-0038797,Emanuel Wilson,17.0,13.470411674624184,5.558823529411765,6.091551171215337,5.181068989912491,94.50000000000001,82.0557020133097,69.79113220875055,94.50000000000001,103.55636991066073,88.07817282851235,SEASON
RB,2025,00-0038951,Sean Tucker,17.0,13.470411674624184,5.376470588235295,5.204574380774748,4.032987242574016,91.4,70.1077595002381,54.32599843597943,91.4,88.47776447317071,68.56078312375828,PPG
RB,2025,00-0038951,Sean Tucker,17.0,13.470411674624184,5.376470588235295,5.204574380774748,4.032987242574016,91.4,70.1077595002381,54.32599843597943,91.4,88.47776447317071,68.56078312375828,SEASON
RB,2025,00-0039021,Roschon Johnson,6.0,11.376930676810199,0.2833333333333334,4.451829901625878,4.790622883455017,1.7000000000000002,50.64816017574838,54.50258444380831,4.816666666666667,75.68110832763992,81.44058901873528,PPG
RB,2025,00-0039021,Roschon Johnson,6.0,11.376930676810199,0.2833333333333334,4.451829901625878,4.790622883455017,1.7000000000000002,50.64816017574838,54.50258444380831,4.816666666666667,75.68110832763992,81.44058901873528,SEASON
RB,2025,00-0039032,Tyjae Spears,13.0,10.853560427356703,8.592307692307692,7.9284715018961585,7.999552476266132,111.69999999999999,86.05214454240551,86.8236261929654,146.06923076923076,134.7840155322347,135.99239209652424,PPG
RB,2025,00-0039032,Tyjae Spears,13.0,10.853560427356703,8.592307692307692,7.9284715018961585,7.999552476266132,111.69999999999999,86.05214454240551,86.8236261929654,146.06923076923076,134.7840155322347,135.99239209652424,SEASON
RB,2025,00-0039040,De'Von Achane,16.0,13.470411674624184,20.175,13.774099199778863,13.83895411549744,322.8,185.54278666813283,186.41640908198514,342.975,234.1596863962407,235.2622199634565,PPG
RB,2025,00-0039040,De'Von Achane,16.0,13.470411674624184,20.175,13.774099199778863,13.83895411549744,322.8,185.54278666813283,186.41640908198514,342.975,234.1596863962407,235.2622199634565,SEASON
RB,2025,00-0039139,Jahmyr Gibbs,17.0,13.470411674624184,21.58235294117647,16.443136568405915,16.155112535229303,366.9,221.4958187984949,217.6160164994203,366.9,279.53332166290056,274.63691309889816,PPG
RB,2025,00-0039139,Jahmyr Gibbs,17.0,13.470411674624184,21.58235294117647,16.443136568405915,16.155112535229303,366.9,221.4958187984949,217.6160164994203,366.9,279.53332166290056,274.63691309889816,SEASON
RB,2025,00-0039165,Zach Charbonnet,16.0,13.470411674624184,11.3375,9.164856534625402,9.387847120193474,181.4,123.45439046027376,126.4581654474412,192.7375,155.80256108863185,159.59340104328905,PPG
RB,2025,00-0039165,Zach Charbonnet,16.0,13.470411674624184,11.3375,9.164856534625402,9.387847120193474,181.4,123.45439046027376,126.4581654474412,192.7375,155.80256108863185,159.59340104328905,SEASON
RB,2025,00-0039299,George Holani,10.0,6.143228182275235,1.48,0.9521092977164685,1.7906498692589476,14.8,5.849024670338091,11.000370741419031,25.16,16.185858061179964,30.44104777740211,PPG
RB,2025,00-0039299,George Holani,10.0,6.143228182275235,1.48,0.9521092977164685,1.7906498692589476,14.8,5.849024670338091,11.000370741419031,25.16,16.185858061179964,30.44104777740211,SEASON
RB,2025,00-0039361,Bucky Irving,10.0,13.470411674624184,13.849999999999998,12.660661582076035,11.572066165036734,138.49999999999997,170.5443235836629,155.88049516903433,235.44999999999996,215.2312468952926,196.7251248056245,PPG
RB,2025,00-0039361,Bucky Irving,10.0,13.470411674624184,13.849999999999998,12.660661582076035,11.572066165036734,138.49999999999997,170.5443235836629,155.88049516903433,235.44999999999996,215.2312468952926,196.7251248056245,SEASON
RB,2025,00-0039363,Isaac Guerendo,7.0,12.947041425170688,0.0,6.506671367306776,6.709331420127297,0.0,84.24214373249283,86.8659918315874,0.0,110.6134132442152,114.05863414216405,PPG
RB,2025,00-0039363,Isaac Guerendo,7.0,12.947041425170688,0.0,6.506671367306776,6.709331420127297,0.0,84.24214373249283,86.8659918315874,0.0,110.6134132442152,114.05863414216405,SEASON
RB,2025,00-0039364,Sione Vaki,8.0,9.283449678996213,0.05,1.7465086062307456,1.816196502820851,0.4,16.21362475987694,16.860568841106275,0.8500000000000001,29.690646305922673,30.87534054795447,PPG
RB,2025,00-0039364,Sione Vaki,8.0,9.283449678996213,0.05,1.7465086062307456,1.816196502820851,0.4,16.21362475987694,16.860568841106275,0.8500000000000001,29.690646305922673,30.87534054795447,SEASON
RB,2025,00-0039373,Audric Estimé,5.0,11.376930676810199,9.620000000000001,4.62965202828515,4.298021081183743,48.10000000000001,52.67123018355389,48.89828788809626,163.54000000000002,78.70408448084756,73.06635838012363,PPG
RB,2025,00-0039373,Audric Estimé,5.0,11.376930676810199,9.620000000000001,4.62965202828515,4.298021081183743,48.10000000000001,52.67123018355389,48.89828788809626,163.54000000000002,78.70408448084756,73.06635838012363,SEASON
RB,2025,00-0039384,Tyrone Tracy Jr.,15.0,13.470411674624184,10.719999999999999,9.750235954873162,10.11441453640352,160.79999999999998,131.33969223686393,136.24532765315854,182.23999999999998,165.75401123284377,171.94504711885986,PPG
RB,2025,00-0039384,Tyrone Tracy Jr.,15.0,13.470411674624184,10.719999999999999,9.750235954873162,10.11441453640352,160.79999999999998,131.33969223686393,136.24532765315854,182.23999999999998,165.75401123284377,171.94504711885986,SEASON
RB,2025,00-0039391,Kimani Vidal,13.0,9.283449678996213,9.069230769230769,3.7704352909580363,4.173524762234283,117.89999999999999,35.00264629152038,38.7447071142466,154.17692307692306,64.09739994628661,70.94992095798281,PPG
RB,2025,00-0039391,Kimani Vidal,13.0,9.283449678996213,9.069230769230769,3.7704352909580363,4.173524762234283,117.89999999999999,35.00264629152038,38.7447071142466,154.17692307692306,64.09739994628661,70.94992095798281,SEASON
RB,2025,00-0039407,Dylan Laube,17.0,7.713338930635723,0.33529411764705885,0.5260041292726276,0.8778092410552644,5.7,4.057248127993704,6.770840192703369,5.7,8.94207019763467,14.922757097939494,PPG
RB,2025,00-0039407,Dylan Laube,17.0,7.713338930635723,0.33529411764705885,0.5260041292726276,0.8778092410552644,5.7,4.057248127993704,6.770840192703369,5.7,8.94207019763467,14.922757097939494,SEASON
RB,2025,00-0039738,Blake Corum,17.0,12.423671175717192,7.188235294117647,2.962117974472915,3.0848614027963794,122.2,36.80037969853295,38.32530369100388,122.2,50.356005566039556,52.44264384753845,PPG
RB,2025,00-0039738,Blake Corum,17.0,12.423671175717192,7.188235294117647,2.962117974472915,3.0848614027963794,122.2,36.80037969853295,38.32530369100388,122.2,50.356005566039556,52.44264384753845,SEASON
RB,2025,00-0039746,Will Shipley,14.0,11.376930676810199,1.392857142857143,2.999344312993998,2.088913261056418,19.500000000000004,34.123332324817625,23.765421360908395,23.67857142857143,50.98885332089797,35.51152543795911,PPG
RB,2025,00-0039746,Will Shipley,14.0,11.376930676810199,1.392857142857143,2.999344312993998,2.088913261056418,19.500000000000004,34.123332324817625,23.765421360908395,23.67857142857143,50.98885332089797,35.51152543795911,SEASON
RB,2025,00-0039794,Braelon Allen,4.0,13.470411674624184,3.825,5.5392390464284365,5.121361463482903,15.3,74.61583031954375,68.9868472476705,65.025,94.16706378928342,87.06314487920935,PPG
RB,2025,00-0039794,Braelon Allen,4.0,13.470411674624184,3.825,5.5392390464284365,5.121361463482903,15.3,74.61583031954375,68.9868472476705,65.025,94.16706378928342,87.06314487920935,SEASON
RB,2025,00-0039796,Rasheen Ali,15.0,7.189968681182227,1.6133333333333333,1.7650182398109693,1.8176801250080312,24.2,12.690425865956252,13.06906317121514,27.426666666666666,30.00531007678648,30.90056212513653,PPG
RB,2025,00-0039796,Rasheen Ali,15.0,7.189968681182227,1.6133333333333333,1.7650182398109693,1.8176801250080312,24.2,12.690425865956252,13.06906317121514,27.426666666666666,30.00531007678648,30.90056212513653,SEASON
RB,2025,00-0039798,Isaiah Davis,16.0,11.376930676810199,4.45,4.727082530520767,4.095906567716146,71.2,53.7796902532953,46.59884507959819,75.65,80.36040301885303,69.63041165117448,PPG
RB,2025,00-0039798,Isaiah Davis,16.0,11.376930676810199,4.45,4.727082530520767,4.095906567716146,71.2,53.7796902532953,46.59884507959819,75.65,80.36040301885303,69.63041165117448,SEASON
RB,2025,00-0039874,Jaylen Wright,9.0,11.376930676810199,5.355555555555556,4.018892383936606,3.6872953343078136,48.2,45.72266004960725,41.95010340334568,91.04444444444445,68.3211705269223,62.68402068323283,PPG
RB,2025,00-0039874,Jaylen Wright,9.0,11.376930676810199,5.355555555555556,4.018892383936606,3.6872953343078136,48.2,45.72266004960725,41.95010340334568,91.04444444444445,68.3211705269223,62.68402068323283,SEASON
RB,2025,00-0039875,Ray Davis,17.0,13.470411674624184,3.4176470588235293,7.238910260481073,5.806882548652054,58.099999999999994,97.51110128434104,78.22109847653407,58.099999999999994,123.06147442817824,98.71700332708492,PPG
RB,2025,00-0039875,Ray Davis,17.0,13.470411674624184,3.4176470588235293,7.238910260481073,5.806882548652054,58.099999999999994,97.51110128434104,78.22109847653407,58.099999999999994,123.06147442817824,98.71700332708492,SEASON
RB,2025,00-0039921,Trey Benson,4.0,10.853560427356703,8.85,4.918332472660955,4.310812511228249,35.4,53.38141869385638,46.7876640816211,150.45,83.61165203523623,73.28381269088024,PPG
RB,2025,00-0039921,Trey Benson,4.0,10.853560427356703,8.85,4.918332472660955,4.310812511228249,35.4,53.38141869385638,46.7876640816211,150.45,83.61165203523623,73.28381269088024,SEASON
WR,2022,00-0026189,DeSean Jackson,7.0,12.277675888094807,3.4714285714285715,6.327678657976505,5.595652640149319,24.3,77.68918768665024,68.70160949811533,59.01428571428572,107.57053718560059,95.12609488253842,PPG
WR,2022,00-0026189,DeSean Jackson,7.0,12.277675888094807,3.4714285714285715,6.327678657976505,5.595652640149319,24.3,77.68918768665024,68.70160949811533,59.01428571428572,107.57053718560059,95.12609488253842,SEASON
WR,2022,00-0026293,Matthew Slater,8.0,10.538394052389263,0.0,1.5456874850536355,1.3671637853039427,0.0,16.28906379934175,14.40771070368906,0.0,26.276687245911802,23.241784350167027,PPG
WR,2022,00-0026293,Matthew Slater,8.0,10.538394052389263,0.0,1.5456874850536355,1.3671637853039427,0.0,16.28906379934175,14.40771070368906,0.0,26.276687245911802,23.241784350167027,SEASON
WR,2022,00-0027691,Andre Roberts,3.0,13.147316805947579,0.0,3.7274986743872165,1.8268525983041992,0.0,49.006605965918375,24.0182098676738,0.0,63.36747746458268,31.056494171171387,PPG
WR,2022,00-0027691,Andre Roberts,3.0,13.147316805947579,0.0,3.7274986743872165,1.8268525983041992,0.0,49.006605965918375,24.0182098676738,0.0,63.36747746458268,31.056494171171387,SEASON
WR,2022,00-0027942,A.J. Green,13.0,13.147316805947579,4.7384615384615385,9.422334611005953,8.769068767842228,61.6,123.8784181825401,115.28972518396215,80.55384615384615,160.1796883871012,149.07416905331786,PPG
WR,2022,00-0027942,A.J. Green,13.0,13.147316805947579,4.7384615384615385,9.422334611005953,8.769068767842228,61.6,123.8784181825401,115.28972518396215,80.55384615384615,160.1796883871012,149.07416905331786,SEASON
WR,2022,00-0027944,Julio Jones,10.0,10.538394052389263,7.04,7.4497050046779245,7.36247963513894,70.4,78.50792691335236,77.58871159778528,119.68,126.64498507952472,125.16215379736198,PPG
WR,2022,00-0027944,Julio Jones,10.0,10.538394052389263,7.04,7.4497050046779245,7.36247963513894,70.4,78.50792691335236,77.58871159778528,119.68,126.64498507952472,125.16215379736198,SEASON
WR,2022,00-0028002,Randall Cobb,13.0,10.973214511315648,6.284615384615385,7.231763762201916,7.939744127397392,81.70000000000002,79.3556950578007,87.12451547489026,106.83846153846156,122.93998395743257,134.97565016575567,PPG
WR,2022,00-0028002,Randall Cobb,13.0,10.973214511315648,6.284615384615385,7.231763762201916,7.939744127397392,81.70000000000002,79.3556950578007,87.12451547489026,106.83846153846156,122.93998395743257,134.97565016575567,SEASON
WR,2022,00-0029000,Cole Beasley,4.0,13.147316805947579,2.375,9.63251574616056,8.931116597129268,9.5,126.64173615305143,117.42021933331498,40.375,163.75276768472952,151.82898215119755,PPG
WR,2022,00-0029000,Cole Beasley,4.0,13.147316805947579,2.375,9.63251574616056,8.931116597129268,9.5,126.64173615305143,117.42021933331498,40.375,163.75276768472952,151.82898215119755,SEASON
WR,2022,00-0029293,Marvin Jones,16.0,13.582137264873964,7.30625,10.353827973436134,10.188699897813214,116.9,140.6271127521014,138.3843205627064,124.20625000000001,176.01507554841427,173.20789826282464,PPG
WR,2022,00-0029293,Marvin Jones,16.0,13.582137264873964,7.30625,10.353827973436134,10.188699897813214,116.9,140.6271127521014,138.3843205627064,124.20625000000001,176.01507554841427,173.20789826282464,SEASON
WR,2022,00-0029608,T.Y. Hilton,3.0,10.538394052389263,6.366666666666667,6.645066133805325,6.983016033961476,19.1,70.02832542222735,73.58977464003848,108.23333333333335,112.96612427469053,118.7112725773451,PPG
WR,2022,00-0029608,T.Y. Hilton,3.0,10.538394052389263,6.366666666666667,6.645066133805325,6.983016033961476,19.1,70.02832542222735,73.58977464003848,108.23333333333335,112.96612427469053,118.7112725773451,SEASON
WR,2022,00-0029664,Josh Gordon,1.0,10.103573593462876,0.0,2.308972415959415,2.798421075754498,0.0,23.328872729921727,28.274053284383122,0.0,39.25253107131006,47.573158287826466,PPG
WR,2022,00-0029664,Josh Gordon,1.0,10.103573593462876,0.0,2.308972415959415,2.798421075754498,0.0,23.328872729921727,28.274053284383122,0.0,39.25253107131006,47.573158287826466,SEASON
WR,2022,00-0030035,Adam Thielen,17.0,11.84285542916842,10.588235294117645,12.298491356257552,12.761804069268413,179.99999999999997,145.64925512903562,151.13620060771905,179.99999999999997,209.07435305637838,216.95066917756301,PPG
WR,2022,00-0030035,Adam Thielen,17.0,11.84285542916842,10.588235294117645,12.298491356257552,12.761804069268413,179.99999999999997,145.64925512903562,151.13620060771905,179.99999999999997,209.07435305637838,216.95066917756301,SEASON
WR,2022,00-0030068,Marquise Goodwin,13.0,12.277675888094807,6.938461538461539,4.926870919821141,4.59428414606063,90.2,60.49052429604351,56.40713168314484,117.95384615384616,83.7568056369594,78.10283048303071,PPG
WR,2022,00-0030068,Marquise Goodwin,13.0,12.277675888094807,6.938461538461539,4.926870919821141,4.59428414606063,90.2,60.49052429604351,56.40713168314484,117.95384615384616,83.7568056369594,78.10283048303071,SEASON
WR,2022,00-0030279,Keenan Allen,10.0,13.147316805947579,16.4,13.950302668835162,13.715649595014552,164.0,183.4090487260319,180.32399042502294,278.79999999999995,237.15514537019774,233.1660431152474,PPG
WR,2022,00-0030279,Keenan Allen,10.0,13.147316805947579,16.4,13.950302668835162,13.715649595014552,164.0,183.4090487260319,180.32399042502294,278.79999999999995,237.15514537019774,233.1660431152474,SEASON
WR,2022,00-0030431,Robert Woods,17.0,10.103573593462876,6.923529411764706,11.540300987452023,12.730282903476848,117.7,116.5982803174338,128.6213501808806,117.7,196.18511678668438,216.4148093591064,PPG
WR,2022,00-0030431,Robert Woods,17.0,10.103573593462876,6.923529411764706,11.540300987452023,12.730282903476848,117.7,116.5982803174338,128.6213501808806,117.7,196.18511678668438,216.4148093591064,SEASON
WR,2022,00-0030564,DeAndre Hopkins,9.0,10.538394052389263,16.855555555555558,11.736555344830059,12.286219527154191,151.70000000000002,123.68444504149451,129.47702279131056,286.5444444444445,199.521440862111,208.86573196162126,PPG
WR,2022,00-0030564,DeAndre Hopkins,9.0,10.538394052389263,16.855555555555558,11.736555344830059,12.286219527154191,151.70000000000002,123.68444504149451,129.47702279131056,286.5444444444445,199.521440862111,208.86573196162126,SEASON
WR,2022,00-0031051,John Brown,2.0,7.494650839904562,5.6,0.8110991966070433,1.5301706277496057,11.2,6.078905275096893,11.468094580460873,95.19999999999999,13.788686342319737,26.012900671743296,PPG
WR,2022,00-0031051,John Brown,2.0,7.494650839904562,5.6,0.8110991966070433,1.5301706277496057,11.2,6.078905275096893,11.468094580460873,95.19999999999999,13.788686342319737,26.012900671743296,SEASON
WR,2022,00-0031236,Brandin Cooks,13.0,13.147316805947579,11.200000000000001,13.324962969496514,12.583512637918973,145.60000000000002,175.18750958749067,165.43942718236588,190.4,226.52437048144074,213.91971484462255,PPG
WR,2022,00-0031236,Brandin Cooks,13.0,13.147316805947579,11.200000000000001,13.324962969496514,12.583512637918973,145.60000000000002,175.18750958749067,165.43942718236588,190.4,226.52437048144074,213.91971484462255,SEASON
WR,2022,00-0031325,Sammy Watkins,9.0,10.973214511315648,5.166666666666667,6.454196433185404,6.376168974496928,46.5,70.82328195951176,69.9670699175503,87.83333333333334,109.72133936415186,108.39487256644779,PPG
WR,2022,00-0031325,Sammy Watkins,9.0,10.973214511315648,5.166666666666667,6.454196433185404,6.376168974496928,46.5,70.82328195951176,69.9670699175503,87.83333333333334,109.72133936415186,108.39487256644779,SEASON
WR,2022,00-0031381,Davante Adams,17.0,13.147316805947579,19.741176470588236,17.975834445016222,17.816625402764654,335.6,236.33399029989314,234.2408185830403,335.6,305.5891855652758,302.8826318469991,PPG
WR,2022,00-0031381,Davante Adams,17.0,13.147316805947579,19.741176470588236,17.975834445016222,17.816625402764654,335.6,236.33399029989314,234.2408185830403,335.6,305.5891855652758,302.8826318469991,SEASON
WR,2022,00-0031382,Jarvis Landry,9.0,11.408034970242035,6.688888888888888,9.010852121187826,9.865946870593802,60.199999999999996,102.79611611019034,112.55106691428406,113.7111111111111,153.18448606019305,167.72109680009464,PPG
WR,2022,00-0031382,Jarvis Landry,9.0,11.408034970242035,6.688888888888888,9.010852121187826,9.865946870593802,60.199999999999996,102.79611611019034,112.55106691428406,113.7111111111111,153.18448606019305,167.72109680009464,SEASON
WR,2022,00-0031408,Mike Evans,15.0,13.147316805947579,15.026666666666667,13.867615237677647,13.090588687690504,225.4,182.32193087273407,172.10611665342063,255.45333333333335,235.74945904052,222.54000769073858,PPG
WR,2022,00-0031408,Mike Evans,15.0,13.147316805947579,15.026666666666667,13.867615237677647,13.090588687690504,225.4,182.32193087273407,172.10611665342063,255.45333333333335,235.74945904052,222.54000769073858,SEASON
WR,2022,00-0031428,Allen Robinson,10.0,11.408034970242035,8.49,6.980577699959011,7.052035813458861,84.9,79.6346745136241,80.44987117133792,144.33,118.66982089930319,119.88460882880064,PPG
WR,2022,00-0031428,Allen Robinson,10.0,11.408034970242035,8.49,6.980577699959011,7.052035813458861,84.9,79.6346745136241,80.44987117133792,144.33,118.66982089930319,119.88460882880064,SEASON
WR,2022,00-0031544,Amari Cooper,17.0,12.712496347021192,14.588235294117649,11.670097432841066,11.461529661909266,248.00000000000003,148.35607098437345,145.70465395829657,248.00000000000003,198.39165635829812,194.8460042524575,PPG
WR,2022,00-0031544,Amari Cooper,17.0,12.712496347021192,14.588235294117649,11.670097432841066,11.461529661909266,248.00000000000003,148.35607098437345,145.70465395829657,248.00000000000003,198.39165635829812,194.8460042524575,SEASON
WR,2022,00-0031545,Kevin White,6.0,7.929471298830947,1.5666666666666667,2.2077226320725423,2.4266922136020987,9.4,17.50607324679874,19.24238625885438,26.633333333333333,37.53128474523322,41.253767631235675,PPG
WR,2022,00-0031545,Kevin White,6.0,7.929471298830947,1.5666666666666667,2.2077226320725423,2.4266922136020987,9.4,17.50607324679874,19.24238625885438,26.633333333333333,37.53128474523322,41.253767631235675,SEASON
WR,2022,00-0031547,DeVante Parker,12.0,10.103573593462876,8.575,9.996728656754021,10.407809293033408,102.89999999999999,101.00268367739353,105.15606713888987,145.77499999999998,169.94438716481835,176.93275798156793,PPG
WR,2022,00-0031547,DeVante Parker,12.0,10.103573593462876,8.575,9.996728656754021,10.407809293033408,102.89999999999999,101.00268367739353,105.15606713888987,145.77499999999998,169.94438716481835,176.93275798156793,SEASON
WR,2022,00-0031549,Nelson Agholor,14.0,12.277675888094807,5.371428571428572,7.327727156193761,7.16513468843912,75.2,89.96745902013767,87.97120139920068,91.31428571428572,124.57136165529394,121.80728970346505,PPG
WR,2022,00-0031549,Nelson Agholor,14.0,12.277675888094807,5.371428571428572,7.327727156193761,7.16513468843912,75.2,89.96745902013767,87.97120139920068,91.31428571428572,124.57136165529394,121.80728970346505,SEASON
WR,2022,00-0031588,Stefon Diggs,16.0,13.582137264873964,19.80625,14.650957140808174,14.102874850840719,316.9,198.99131094824202,191.54718205345756,336.70624999999995,249.06627139373896,239.74887246429222,PPG
WR,2022,00-0031588,Stefon Diggs,16.0,13.582137264873964,19.80625,14.650957140808174,14.102874850840719,316.9,198.99131094824202,191.54718205345756,336.70624999999995,249.06627139373896,239.74887246429222,SEASON
WR,2022,00-0031763,DeAndre Carter,17.0,13.582137264873964,6.811764705882354,6.217912437278907,5.046135371360322,115.80000000000001,84.45254022408915,68.53730327095164,115.80000000000001,105.70451143374143,85.78430131312547,PPG
WR,2022,00-0031763,DeAndre Carter,17.0,13.582137264873964,6.811764705882354,6.217912437278907,5.046135371360322,115.80000000000001,84.45254022408915,68.53730327095164,115.80000000000001,105.70451143374143,85.78430131312547,SEASON
WR,2022,00-0031787,Jake Kumerow,5.0,9.233932675610106,2.08,1.682033317044305,1.9281037883549244,10.4,15.53178240772026,17.80398057325817,35.36,28.594566389753183,32.77776440203371,PPG
WR,2022,00-0031787,Jake Kumerow,5.0,9.233932675610106,2.08,1.682033317044305,1.9281037883549244,10.4,15.53178240772026,17.80398057325817,35.36,28.594566389753183,32.77776440203371,SEASON
WR,2022,00-0031868,Damiere Byrd,12.0,10.973214511315648,4.316666666666666,5.832596662342041,5.7984452817173,51.8,64.0023343338629,63.62758390841003,73.38333333333333,99.1541432598147,98.57356978919411,PPG
WR,2022,00-0031868,Damiere Byrd,12.0,10.973214511315648,4.316666666666666,5.832596662342041,5.7984452817173,51.8,64.0023343338629,63.62758390841003,73.38333333333333,99.1541432598147,98.57356978919411,SEASON
WR,2022,00-0031941,Jamison Crowder,4.0,11.408034970242035,3.0,8.144891456790951,8.380300151702153,12.0,92.91720656789677,95.6027571917428,51.0,138.46315476544618,142.4651025789366,PPG
WR,2022,00-0031941,Jamison Crowder,4.0,11.408034970242035,3.0,8.144891456790951,8.380300151702153,12.0,92.91720656789677,95.6027571917428,51.0,138.46315476544618,142.4651025789366,SEASON
WR,2022,00-0032054,Breshad Perriman,8.0,8.364291757757332,3.0,4.855015704136842,6.085801119992441,24.0,40.6087678378942,50.90341614730311,51.0,82.53526697032632,103.4586190398715,PPG
WR,2022,00-0032054,Breshad Perriman,8.0,8.364291757757332,3.0,4.855015704136842,6.085801119992441,24.0,40.6087678378942,50.90341614730311,51.0,82.53526697032632,103.4586190398715,SEASON
WR,2022,00-0032128,Chris Conley,4.0,12.277675888094807,2.1500000000000004,5.198360173196583,5.011420570512534,8.600000000000001,63.823781356088034,61.52859750368406,36.550000000000004,88.37212294434192,85.19414969871309,PPG
WR,2022,00-0032128,Chris Conley,4.0,12.277675888094807,2.1500000000000004,5.198360173196583,5.011420570512534,8.600000000000001,63.823781356088034,61.52859750368406,36.550000000000004,88.37212294434192,85.19414969871309,SEASON
WR,2022,00-0032200,Ty Montgomery,1.0,12.277675888094807,10.5,3.5505962217542657,3.0999468884487924,10.5,43.59306962019287,38.06014316668226,178.5,60.36013576982252,52.69909710362947,PPG
WR,2022,00-0032200,Ty Montgomery,1.0,12.277675888094807,10.5,3.5505962217542657,3.0999468884487924,10.5,43.59306962019287,38.06014316668226,178.5,60.36013576982252,52.69909710362947,SEASON
WR,2022,00-0032208,Phillip Dorsett,15.0,8.364291757757332,3.4466666666666668,3.5711681041205865,4.206812160353385,51.7,29.8702919388617,35.18700427927713,58.593333333333334,60.70985777004997,71.51580672600754,PPG
WR,2022,00-0032208,Phillip Dorsett,15.0,8.364291757757332,3.4466666666666668,3.5711681041205865,4.206812160353385,51.7,29.8702919388617,35.18700427927713,58.593333333333334,60.70985777004997,71.51580672600754,SEASON
WR,2022,00-0032211,Tyler Lockett,16.0,13.147316805947579,14.95625,13.147673227600668,12.60951500014822,239.3,172.8566251843413,165.78128847629677,254.25625000000002,223.51044486921137,214.36175500251971,PPG
WR,2022,00-0032211,Tyler Lockett,16.0,13.147316805947579,14.95625,13.147673227600668,12.60951500014822,239.3,172.8566251843413,165.78128847629677,254.25625000000002,223.51044486921137,214.36175500251971,SEASON
WR,2022,00-0032355,Chester Rogers,3.0,13.147316805947579,0.0,5.753343861823695,4.780283072488508,0.0,75.64103444495001,62.84789597611489,0.0,97.80684565100282,81.26481223230465,PPG
WR,2022,00-0032355,Chester Rogers,3.0,13.147316805947579,0.0,5.753343861823695,4.780283072488508,0.0,75.64103444495001,62.84789597611489,0.0,97.80684565100282,81.26481223230465,SEASON
WR,2022,00-0032385,Sterling Shepard,3.0,9.233932675610106,11.466666666666667,8.331338647390096,10.059987320981225,34.4,76.93102016770871,92.89324563943191,194.93333333333334,141.63275700563162,171.01978445668084,PPG
WR,2022,00-0032385,Sterling Shepard,3.0,9.233932675610106,11.466666666666667,8.331338647390096,10.059987320981225,34.4,76.93102016770871,92.89324563943191,194.93333333333334,141.63275700563162,171.01978445668084,SEASON
WR,2022,00-0032398,Chris Moore,15.0,10.538394052389263,7.673333333333333,5.1215873659682245,5.53760488251616,115.1,53.97330583631153,58.35746235839004,130.44666666666666,87.06698522145982,94.13928300277472,PPG
WR,2022,00-0032398,Chris Moore,15.0,10.538394052389263,7.673333333333333,5.1215873659682245,5.53760488251616,115.1,53.97330583631153,58.35746235839004,130.44666666666666,87.06698522145982,94.13928300277472,SEASON
WR,2022,00-0032464,Kalif Raymond,17.0,13.147316805947579,6.482352941176471,8.320043751200934,7.521265343890004,110.2,109.38625103638319,98.88445825771615,110.2,141.44074377041588,127.86151084613007,PPG
WR,2022,00-0032464,Kalif Raymond,17.0,13.147316805947579,6.482352941176471,8.320043751200934,7.521265343890004,110.2,109.38625103638319,98.88445825771615,110.2,141.44074377041588,127.86151084613007,SEASON
WR,2022,00-0032543,Alex Erickson,2.0,13.582137264873964,0.0,3.4425752657993844,1.758060247149569,0.0,46.757529804747215,23.878215596703694,0.0,58.523779518589535,29.887024201542673,PPG
WR,2022,00-0032543,Alex Erickson,2.0,13.582137264873964,0.0,3.4425752657993844,1.758060247149569,0.0,46.757529804747215,23.878215596703694,0.0,58.523779518589535,29.887024201542673,SEASON
WR,2022,00-0032688,Robbie Chosen,12.0,13.582137264873964,4.35,8.672059581422829,7.950845558075404,52.199999999999996,117.78510360405032,107.98947574159357,73.94999999999999,147.4250128841881,135.16437448728186,PPG
WR,2022,00-0032688,Robbie Chosen,12.0,13.582137264873964,4.35,8.672059581422829,7.950845558075404,52.199999999999996,117.78510360405032,107.98947574159357,73.94999999999999,147.4250128841881,135.16437448728186,SEASON
WR,2022,00-0032775,Demarcus Robinson,16.0,12.277675888094807,6.487500000000001,5.17969297839284,5.076922077526795,103.80000000000001,63.59459158854774,62.33280377698693,110.28750000000001,88.05478063267827,86.30767531795553,PPG
WR,2022,00-0032775,Demarcus Robinson,16.0,12.277675888094807,6.487500000000001,5.17969297839284,5.076922077526795,103.80000000000001,63.59459158854774,62.33280377698693,110.28750000000001,88.05478063267827,86.30767531795553,SEASON
WR,2022,00-0032951,Laquon Treadwell,3.0,11.408034970242035,3.4000000000000004,6.850374810382016,6.861910235427969,10.200000000000001,78.14931539610319,78.28091192842402,57.800000000000004,116.45637177649428,116.65247400227547,PPG
WR,2022,00-0032951,Laquon Treadwell,3.0,11.408034970242035,3.4000000000000004,6.850374810382016,6.861910235427969,10.200000000000001,78.14931539610319,78.28091192842402,57.800000000000004,116.45637177649428,116.65247400227547,SEASON
WR,2022,00-0032980,Marcus Johnson,8.0,9.233932675610106,2.3625,3.5846840250775034,3.958748643329943,18.9,33.10073095090071,36.55481845217154,40.162499999999994,60.939628426317554,67.29872693660903,PPG
WR,2022,00-0032980,Marcus Johnson,8.0,9.233932675610106,2.3625,3.5846840250775034,3.958748643329943,18.9,33.10073095090071,36.55481845217154,40.162499999999994,60.939628426317554,67.29872693660903,SEASON
WR,2022,00-0033009,Tyler Boyd,16.0,13.147316805947579,10.3875,10.952762064356365,10.132958969958764,166.2,143.99943276025755,133.22122175971614,176.58749999999998,186.1969550940582,172.260302489299,PPG
WR,2022,00-0033009,Tyler Boyd,16.0,13.147316805947579,10.3875,10.952762064356365,10.132958969958764,166.2,143.99943276025755,133.22122175971614,176.58749999999998,186.1969550940582,172.260302489299,SEASON
WR,2022,00-0033040,Tyreek Hill,17.0,13.582137264873964,20.070588235294117,15.321085095980216,14.707881090222564,341.2,208.09308082041798,199.764459842847,341.2,260.45844663166366,250.0339785337836,PPG
WR,2022,00-0033040,Tyreek Hill,17.0,13.582137264873964,20.070588235294117,15.321085095980216,14.707881090222564,341.2,208.09308082041798,199.764459842847,341.2,260.45844663166366,250.0339785337836,SEASON
WR,2022,00-0033111,Pharoh Cooper,5.0,9.668753134536491,0.8200000000000001,2.0069728092124395,2.1679159324320536,4.1000000000000005,19.40492464000228,20.96104396711402,13.940000000000001,34.118537756611474,36.85457085134491,PPG
WR,2022,00-0033111,Pharoh Cooper,5.0,9.668753134536491,0.8200000000000001,2.0069728092124395,2.1679159324320536,4.1000000000000005,19.40492464000228,20.96104396711402,13.940000000000001,34.118537756611474,36.85457085134491,SEASON
WR,2022,00-0033114,Mike Thomas,5.0,9.233932675610106,1.56,2.218764305102112,2.587469656130677,7.800000000000001,20.487920216359743,23.892520604894703,26.52,37.71899318673591,43.98698415422151,PPG
WR,2022,00-0033114,Mike Thomas,5.0,9.233932675610106,1.56,2.218764305102112,2.587469656130677,7.800000000000001,20.487920216359743,23.892520604894703,26.52,37.71899318673591,43.98698415422151,SEASON
WR,2022,00-0033251,Zach Pascal,15.0,13.147316805947579,2.4,6.70790443929281,5.892080236285867,36.0,88.19094476740473,77.46504551251276,40.8,114.03437546797777,100.16536401685974,PPG
WR,2022,00-0033251,Zach Pascal,15.0,13.147316805947579,2.4,6.70790443929281,5.892080236285867,36.0,88.19094476740473,77.46504551251276,40.8,114.03437546797777,100.16536401685974,SEASON
WR,2022,00-0033282,Curtis Samuel,17.0,8.364291757757332,10.370588235294118,1.8855274508225495,2.94207271485364,176.3,15.771101715940244,24.608354559573037,176.3,32.05396666398334,50.015236152511875,PPG
WR,2022,00-0033282,Curtis Samuel,17.0,8.364291757757332,10.370588235294118,1.8855274508225495,2.94207271485364,176.3,15.771101715940244,24.608354559573037,176.3,32.05396666398334,50.015236152511875,SEASON
WR,2022,00-0033292,Trent Taylor,16.0,7.929471298830947,0.85625,2.314025697016692,2.528097573131602,13.7,18.349000349251135,20.046477146791208,14.556249999999999,39.33843684928376,42.977658743237235,PPG
WR,2022,00-0033292,Trent Taylor,16.0,7.929471298830947,0.85625,2.314025697016692,2.528097573131602,13.7,18.349000349251135,20.046477146791208,14.556249999999999,39.33843684928376,42.977658743237235,SEASON
WR,2022,00-0033307,Kendrick Bourne,16.0,13.582137264873964,5.518750000000001,10.522482486072999,9.328159301626078,88.30000000000001,142.9178014930757,126.69634006329625,93.81875000000001,178.88220226324097,158.57870812764332,PPG
WR,2022,00-0033307,Kendrick Bourne,16.0,13.582137264873964,5.518750000000001,10.522482486072999,9.328159301626078,88.30000000000001,142.9178014930757,126.69634006329625,93.81875000000001,178.88220226324097,158.57870812764332,SEASON
WR,2022,00-0033367,C.J. Board,4.0,8.799112216683719,0.4,2.09155756122403,2.6592618180466885,1.6,18.403849688863566,23.399143150535174,6.800000000000001,35.556478540808506,45.2074509067937,PPG
WR,2022,00-0033367,C.J. Board,4.0,8.799112216683719,0.4,2.09155756122403,2.6592618180466885,1.6,18.403849688863566,23.399143150535174,6.800000000000001,35.556478540808506,45.2074509067937,SEASON
WR,2022,00-0033386,Cody Hollister,6.0,7.494650839904562,1.4,2.2842698393387963,3.324249926091805,8.399999999999999,17.11980486996917,24.914092500636624,23.799999999999997,38.83258726875954,56.51224874356068,PPG
WR,2022,00-0033386,Cody Hollister,6.0,7.494650839904562,1.4,2.2842698393387963,3.324249926091805,8.399999999999999,17.11980486996917,24.914092500636624,23.799999999999997,38.83258726875954,56.51224874356068,SEASON
WR,2022,00-0033466,Isaiah McKenzie,15.0,12.712496347021192,7.986666666666668,4.247774827620984,3.843146469846232,119.80000000000003,53.99982197910033,48.85598545898762,135.77333333333337,72.21217206955673,65.33348998738595,PPG
WR,2022,00-0033466,Isaiah McKenzie,15.0,12.712496347021192,7.986666666666668,4.247774827620984,3.843146469846232,119.80000000000003,53.99982197910033,48.85598545898762,135.77333333333337,72.21217206955673,65.33348998738595,SEASON
WR,2022,00-0033481,Marcus Kemp,2.0,11.408034970242035,0.0,2.2807177492642094,1.670744602172923,0.0,26.018507840857808,19.059912847931823,0.0,38.772201737491564,28.402658236939693,PPG
WR,2022,00-0033481,Marcus Kemp,2.0,11.408034970242035,0.0,2.2807177492642094,1.670744602172923,0.0,26.018507840857808,19.059912847931823,0.0,38.772201737491564,28.402658236939693,SEASON
WR,2022,00-0033536,Mike Williams,13.0,13.147316805947579,13.576923076923077,13.283285611339494,12.778966248199424,176.5,174.6395641561654,168.00911771758916,230.8076923076923,225.8158553927714,217.2424262193902,PPG
WR,2022,00-0033536,Mike Williams,13.0,13.147316805947579,13.576923076923077,13.283285611339494,12.778966248199424,176.5,174.6395641561654,168.00911771758916,230.8076923076923,225.8158553927714,217.2424262193902,SEASON
WR,2022,00-0033555,Mack Hollins,17.0,12.712496347021192,9.058823529411764,4.8448538549485525,4.076411262926929,154.0,61.59018693288501,51.82136328891463,154.0,82.3625155341254,69.2989914697578,PPG
WR,2022,00-0033555,Mack Hollins,17.0,12.712496347021192,9.058823529411764,4.8448538549485525,4.076411262926929,154.0,61.59018693288501,51.82136328891463,154.0,82.3625155341254,69.2989914697578,SEASON
WR,2022,00-0033572,Jamal Agnew,15.0,10.538394052389263,4.686666666666667,6.848035264398155,6.780184371376388,70.30000000000001,72.16729410088546,71.45225465341555,79.67333333333335,116.41659949476863,115.2631343133986,PPG
WR,2022,00-0033572,Jamal Agnew,15.0,10.538394052389263,4.686666666666667,6.848035264398155,6.780184371376388,70.30000000000001,72.16729410088546,71.45225465341555,79.67333333333335,116.41659949476863,115.2631343133986,SEASON
WR,2022,00-0033591,Noah Brown,16.0,10.103573593462876,7.15625,4.045739323406111,4.398277807126605,114.5,40.876424994000345,44.43832350879817,121.65625,68.77756849790389,74.77072272115228,PPG
WR,2022,00-0033591,Noah Brown,16.0,10.103573593462876,7.15625,4.045739323406111,4.398277807126605,114.5,40.876424994000345,44.43832350879817,121.65625,68.77756849790389,74.77072272115228,SEASON
WR,2022,00-0033681,Keelan Cole,12.0,12.277675888094807,2.5083333333333337,6.260819352796521,5.817950666631643,30.100000000000005,76.86831080754718,71.43091261782843,42.64166666666667,106.43392899754085,98.90516133273793,PPG
WR,2022,00-0033681,Keelan Cole,12.0,12.277675888094807,2.5083333333333337,6.260819352796521,5.817950666631643,30.100000000000005,76.86831080754718,71.43091261782843,42.64166666666667,106.43392899754085,98.90516133273793,SEASON
WR,2022,00-0033857,JuJu Smith-Schuster,16.0,8.364291757757332,11.58125,5.324680301321448,6.617551631756953,185.3,44.53717955703581,55.35113257003827,196.88125000000002,90.51956512246461,112.4983777398682,PPG
WR,2022,00-0033857,JuJu Smith-Schuster,16.0,8.364291757757332,11.58125,5.324680301321448,6.617551631756953,185.3,44.53717955703581,55.35113257003827,196.88125000000002,90.51956512246461,112.4983777398682,SEASON
WR,2022,00-0033871,Corey Davis,13.0,10.103573593462876,7.5076923076923086,9.90912758652862,11.11820223184937,97.60000000000001,100.11759981750508,112.33357447649331,127.63076923076925,168.45516897098653,189.0094379414393,PPG
WR,2022,00-0033871,Corey Davis,13.0,10.103573593462876,7.5076923076923086,9.90912758652862,11.11820223184937,97.60000000000001,100.11759981750508,112.33357447649331,127.63076923076925,168.45516897098653,189.0094379414393,SEASON
WR,2022,00-0033891,Zay Jones,16.0,12.712496347021192,12.381250000000001,7.397503880704806,7.192842874896264,198.10000000000002,94.04074106053494,91.43898877181616,210.48125000000002,125.7575659719817,122.27832887323648,PPG
WR,2022,00-0033891,Zay Jones,16.0,12.712496347021192,12.381250000000001,7.397503880704806,7.192842874896264,198.10000000000002,94.04074106053494,91.43898877181616,210.48125000000002,125.7575659719817,122.27832887323648,SEASON
WR,2022,00-0033908,Cooper Kupp,9.0,13.582137264873964,22.377777777777784,21.33149469066173,21.523468600177996,201.40000000000006,289.7272889534978,292.3347049438222,380.42222222222233,362.6354097412494,365.8989662030259,PPG
WR,2022,00-0033908,Cooper Kupp,9.0,13.582137264873964,22.377777777777784,21.33149469066173,21.523468600177996,201.40000000000006,289.7272889534978,292.3347049438222,380.42222222222233,362.6354097412494,365.8989662030259,SEASON
WR,2022,00-0033921,Chris Godwin Jr.,15.0,12.277675888094807,14.853333333333333,14.649543831963118,14.537671581214562,222.8,179.86235107728157,178.48881984171913,252.50666666666666,249.042245143373,247.14041688064756,PPG
WR,2022,00-0033921,Chris Godwin Jr.,15.0,12.277675888094807,14.853333333333333,14.649543831963118,14.537671581214562,222.8,179.86235107728157,178.48881984171913,252.50666666666666,249.042245143373,247.14041688064756,SEASON
WR,2022,00-0033932,Kenny Golladay,6.0,12.277675888094807,3.35,7.11576902752295,7.117213648827924,20.1,87.36510581447035,87.38284240663387,56.95,120.96807346789015,120.99263203007472,PPG
WR,2022,00-0033932,Kenny Golladay,6.0,12.277675888094807,3.35,7.11576902752295,7.117213648827924,20.1,87.36510581447035,87.38284240663387,56.95,120.96807346789015,120.99263203007472,SEASON
WR,2022,00-0033943,Josh Reynolds,12.0,10.973214511315648,8.658333333333333,6.872131232801289,6.999579358598926,103.9,75.4093701674406,76.80788579088322,147.19166666666666,116.82623095762192,118.99284909618174,PPG
WR,2022,00-0033943,Josh Reynolds,12.0,10.973214511315648,8.658333333333333,6.872131232801289,6.999579358598926,103.9,75.4093701674406,76.80788579088322,147.19166666666666,116.82623095762192,118.99284909618174,SEASON
WR,2022,00-0034052,Brandon Zylstra,1.0,11.408034970242035,0.0,4.741962795733754,4.550089177754983,0.0,54.09647740131735,51.90757645754867,0.0,80.61336752747381,77.35151602183471,PPG
WR,2022,00-0034052,Brandon Zylstra,1.0,11.408034970242035,0.0,4.741962795733754,4.550089177754983,0.0,54.09647740131735,51.90757645754867,0.0,80.61336752747381,77.35151602183471,SEASON
WR,2022,00-0034054,River Cracraft,8.0,7.494650839904562,3.9000000000000004,0.4843806895219466,1.3934214387345847,31.200000000000003,3.630264141559208,10.443207156153179,66.30000000000001,8.234471721873092,23.68816445848794,PPG
WR,2022,00-0034054,River Cracraft,8.0,7.494650839904562,3.9000000000000004,0.4843806895219466,1.3934214387345847,31.200000000000003,3.630264141559208,10.443207156153179,66.30000000000001,8.234471721873092,23.68816445848794,SEASON
WR,2022,00-0034104,Cam Sims,13.0,11.408034970242035,1.3,4.554067154367327,4.5108561244400125,16.900000000000002,51.952957353853094,51.46000441334212,22.1,77.41914162424456,76.68455411548021,PPG
WR,2022,00-0034104,Cam Sims,13.0,11.408034970242035,1.3,4.554067154367327,4.5108561244400125,16.900000000000002,51.952957353853094,51.46000441334212,22.1,77.41914162424456,76.68455411548021,SEASON
WR,2022,00-0034272,Marquez Valdes-Scantling,17.0,10.973214511315648,7.21764705882353,7.240761415571213,7.190160324826486,122.70000000000002,79.45442823832047,78.89917161507204,122.70000000000002,123.09294406471062,122.23272552205026,PPG
WR,2022,00-0034272,Marquez Valdes-Scantling,17.0,10.973214511315648,7.21764705882353,7.240761415571213,7.190160324826486,122.70000000000002,79.45442823832047,78.89917161507204,122.70000000000002,123.09294406471062,122.23272552205026,SEASON
WR,2022,00-0034279,Equanimeous St. Brown,16.0,11.408034970242035,4.04375,2.858386861337675,2.687515062175438,64.7,32.608577272620565,30.659265812349595,68.74375,48.592576642740475,45.687756056982444,PPG
WR,2022,00-0034279,Equanimeous St. Brown,16.0,11.408034970242035,4.04375,2.858386861337675,2.687515062175438,64.7,32.608577272620565,30.659265812349595,68.74375,48.592576642740475,45.687756056982444,SEASON
WR,2022,00-0034297,Byron Pringle,10.0,13.147316805947579,3.5500000000000003,7.896287991931271,7.279580182210561,35.5,103.81499982092006,95.70694686981984,60.35,134.2368958628316,123.75286309757954,PPG
WR,2022,00-0034297,Byron Pringle,10.0,13.147316805947579,3.5500000000000003,7.896287991931271,7.279580182210561,35.5,103.81499982092006,95.70694686981984,60.35,134.2368958628316,123.75286309757954,SEASON
WR,2022,00-0034317,Keith Kirkwood,3.0,7.494650839904562,1.2666666666666666,1.4883154475928144,2.6945321267981828,3.8,11.15440461934442,20.194577467257826,21.53333333333333,25.301362609077845,45.807046155569104,PPG
WR,2022,00-0034317,Keith Kirkwood,3.0,7.494650839904562,1.2666666666666666,1.4883154475928144,2.6945321267981828,3.8,11.15440461934442,20.194577467257826,21.53333333333333,25.301362609077845,45.807046155569104,SEASON
WR,2022,00-0034348,Courtland Sutton,15.0,13.582137264873964,10.626666666666667,9.051360830071557,8.244184421095891,159.4,122.93682522793543,111.97364444425989,180.65333333333334,153.87313411121647,140.15113515863015,PPG
WR,2022,00-0034348,Courtland Sutton,15.0,13.582137264873964,10.626666666666667,9.051360830071557,8.244184421095891,159.4,122.93682522793543,111.97364444425989,180.65333333333334,153.87313411121647,140.15113515863015,SEASON
WR,2022,00-0034407,Ray-Ray McCloud,17.0,13.147316805947579,3.4176470588235297,5.825228459997646,5.111034865954612,58.10000000000001,76.58612403061119,67.1963945889491,58.10000000000001,99.02888381995999,86.8875927212284,PPG
WR,2022,00-0034407,Ray-Ray McCloud,17.0,13.147316805947579,3.4176470588235297,5.825228459997646,5.111034865954612,58.10000000000001,76.58612403061119,67.1963945889491,58.10000000000001,99.02888381995999,86.8875927212284,SEASON
WR,2022,00-0034411,Russell Gage,13.0,11.84285542916842,9.507692307692308,11.281123774288254,11.217772392813067,123.6,133.60071793745058,132.85045668540187,161.63076923076923,191.77910416290032,190.70213067782214,PPG
WR,2022,00-0034411,Russell Gage,13.0,11.84285542916842,9.507692307692308,11.281123774288254,11.217772392813067,123.6,133.60071793745058,132.85045668540187,161.63076923076923,191.77910416290032,190.70213067782214,SEASON
WR,2022,00-0034418,Cedrick Wilson Jr.,13.0,12.277675888094807,2.0307692307692307,9.835089073691128,9.360686841802842,26.4,120.75203597732225,114.92747913360908,34.52307692307692,167.19651425274918,159.13167631064832,PPG
WR,2022,00-0034418,Cedrick Wilson Jr.,13.0,12.277675888094807,2.0307692307692307,9.835089073691128,9.360686841802842,26.4,120.75203597732225,114.92747913360908,34.52307692307692,167.19651425274918,159.13167631064832,SEASON
WR,2022,00-0034419,Braxton Berrios,17.0,13.147316805947579,3.152941176470588,7.493224057510091,6.8094598773740715,53.6,98.51579058203312,89.52612628522587,53.6,127.38480897767154,115.76081791535921,PPG
WR,2022,00-0034419,Braxton Berrios,17.0,13.147316805947579,3.152941176470588,7.493224057510091,6.8094598773740715,53.6,98.51579058203312,89.52612628522587,53.6,127.38480897767154,115.76081791535921,SEASON
WR,2022,00-0034487,Trent Sherfield,16.0,11.408034970242035,5.23125,3.38990431819671,2.858130873819226,83.7,38.67214700776255,32.605656958058155,88.93125,57.62837340934407,48.58822485492684,PPG
WR,2022,00-0034487,Trent Sherfield,16.0,11.408034970242035,5.23125,3.38990431819671,2.858130873819226,83.7,38.67214700776255,32.605656958058155,88.93125,57.62837340934407,48.58822485492684,SEASON
WR,2022,00-0034521,Allen Lazard,15.0,12.277675888094807,11.653333333333334,9.271575393826664,8.689297324607766,174.8,113.83339765743875,106.68437624682349,198.10666666666668,157.61678169505328,147.71805451833202,PPG
WR,2022,00-0034521,Allen Lazard,15.0,12.277675888094807,11.653333333333334,9.271575393826664,8.689297324607766,174.8,113.83339765743875,106.68437624682349,198.10666666666668,157.61678169505328,147.71805451833202,SEASON
WR,2022,00-0034646,Brandon Powell,17.0,8.799112216683719,2.8000000000000003,0.9360335474874734,1.3671637853039427,47.6,8.236264222922827,12.029827565475479,47.6,15.912570307287048,23.241784350167027,PPG
WR,2022,00-0034646,Brandon Powell,17.0,8.799112216683719,2.8000000000000003,0.9360335474874734,1.3671637853039427,47.6,8.236264222922827,12.029827565475479,47.6,15.912570307287048,23.241784350167027,SEASON
WR,2022,00-0034676,James Washington,1.0,12.712496347021192,0.0,5.597077864183723,5.0590968690884885,0.0,71.15283190242876,64.31375046751376,0.0,95.15032369112329,86.00464677450431,PPG
WR,2022,00-0034676,James Washington,1.0,12.712496347021192,0.0,5.597077864183723,5.0590968690884885,0.0,71.15283190242876,64.31375046751376,0.0,95.15032369112329,86.00464677450431,SEASON
WR,2022,00-0034764,Michael Gallup,14.0,10.103573593462876,7.5285714285714285,8.541332039621494,9.029452675631607,105.4,86.29797684851813,91.22973961693421,127.98571428571428,145.2026446735654,153.5006954857373,PPG
WR,2022,00-0034764,Michael Gallup,14.0,10.103573593462876,7.5285714285714285,8.541332039621494,9.029452675631607,105.4,86.29797684851813,91.22973961693421,127.98571428571428,145.2026446735654,153.5006954857373,SEASON
WR,2022,00-0034765,Tre'Quan Smith,10.0,10.538394052389263,5.28,7.730962653426109,8.062627417665851,52.800000000000004,81.47193084610922,84.96714482496041,89.76,131.42636510824386,137.06466610031947,PPG
WR,2022,00-0034765,Tre'Quan Smith,10.0,10.538394052389263,5.28,7.730962653426109,8.062627417665851,52.800000000000004,81.47193084610922,84.96714482496041,89.76,131.42636510824386,137.06466610031947,SEASON
WR,2022,00-0034775,Christian Kirk,17.0,13.582137264873964,14.229411764705882,11.545868362319663,10.518465141851868,241.89999999999998,156.8175689391912,142.86323737242407,241.89999999999998,196.27976215943426,178.81390741148175,PPG
WR,2022,00-0034775,Christian Kirk,17.0,13.582137264873964,14.229411764705882,11.545868362319663,10.518465141851868,241.89999999999998,156.8175689391912,142.86323737242407,241.89999999999998,196.27976215943426,178.81390741148175,SEASON
WR,2022,00-0034777,DJ Chark,11.0,7.494650839904562,8.927272727272726,8.890100717421081,10.366678630341951,98.19999999999999,66.62820080865606,77.69463670391298,151.76363636363635,151.1317121961584,176.23353671581316,PPG
WR,2022,00-0034777,DJ Chark,11.0,7.494650839904562,8.927272727272726,8.890100717421081,10.366678630341951,98.19999999999999,66.62820080865606,77.69463670391298,151.76363636363635,151.1317121961584,176.23353671581316,SEASON
WR,2022,00-0034827,DJ Moore,17.0,13.582137264873964,11.711764705882354,12.884474122317728,12.409107947362127,199.10000000000002,174.99869611503587,168.5422074757108,199.10000000000002,219.03606007940138,210.95483510515615,PPG
WR,2022,00-0034827,DJ Moore,17.0,13.582137264873964,11.711764705882354,12.884474122317728,12.409107947362127,199.10000000000002,174.99869611503587,168.5422074757108,199.10000000000002,219.03606007940138,210.95483510515615,SEASON
WR,2022,00-0034854,KhaDarel Hodge,13.0,11.408034970242035,3.1692307692307695,3.87700526731028,3.271581475701907,41.2,44.22901166928825,37.322315882803395,53.876923076923084,65.90908954427476,55.61688508693242,PPG
WR,2022,00-0034854,KhaDarel Hodge,13.0,11.408034970242035,3.1692307692307695,3.87700526731028,3.271581475701907,41.2,44.22901166928825,37.322315882803395,53.876923076923084,65.90908954427476,55.61688508693242,SEASON
WR,2022,00-0034860,Dante Pettis,17.0,7.494650839904562,3.8352941176470594,6.486915441486744,7.748890861943675,65.20000000000002,48.617166261928496,58.07523140679495,65.20000000000002,110.27756250527464,131.73114465304246,PPG
WR,2022,00-0034860,Dante Pettis,17.0,7.494650839904562,3.8352941176470594,6.486915441486744,7.748890861943675,65.20000000000002,48.617166261928496,58.07523140679495,65.20000000000002,110.27756250527464,131.73114465304246,SEASON
WR,2022,00-0034867,Malik Turner,2.0,9.233932675610106,0.0,5.11663274267181,5.962601443292272,0.0,47.24664227165378,55.05826029885648,0.0,86.98275662542078,101.36422453596862,PPG
WR,2022,00-0034867,Malik Turner,2.0,9.233932675610106,0.0,5.11663274267181,5.962601443292272,0.0,47.24664227165378,55.05826029885648,0.0,86.98275662542078,101.36422453596862,SEASON
WR,2022,00-0034930,Trinity Benson,1.0,9.233932675610106,0.0,3.0628585556465913,3.696213044111863,0.0,28.28222969775703,34.13058240404083,0.0,52.06859544599205,62.83562174990167,PPG
WR,2022,00-0034930,Trinity Benson,1.0,9.233932675610106,0.0,3.0628585556465913,3.696213044111863,0.0,28.28222969775703,34.13058240404083,0.0,52.06859544599205,62.83562174990167,SEASON
WR,2022,00-0034960,Jakobi Meyers,14.0,13.147316805947579,13.100000000000001,11.414733025288221,10.6729425709922,183.40000000000003,150.07311133877667,140.32055723251912,222.70000000000002,194.05046142989977,181.4400237068674,PPG
WR,2022,00-0034960,Jakobi Meyers,14.0,13.147316805947579,13.100000000000001,11.414733025288221,10.6729425709922,183.40000000000003,150.07311133877667,140.32055723251912,222.70000000000002,194.05046142989977,181.4400237068674,SEASON
WR,2022,00-0034983,Hunter Renfrow,10.0,13.582137264873964,7.9,13.35296698793973,13.78857236259767,79.0,181.36183052352806,187.27828251544904,134.3,227.00043879497542,234.4057301641604,PPG
WR,2022,00-0034983,Hunter Renfrow,10.0,13.582137264873964,7.9,13.35296698793973,13.78857236259767,79.0,181.36183052352806,187.27828251544904,134.3,227.00043879497542,234.4057301641604,SEASON
WR,2022,00-0035021,Ashton Dulin,10.0,13.147316805947579,4.25,4.494433059078752,3.5013602743067773,42.5,59.08973529083246,46.033492778070716,72.25,76.40536200433877,59.523124663215214,PPG
WR,2022,00-0035021,Ashton Dulin,10.0,13.147316805947579,4.25,4.494433059078752,3.5013602743067773,42.5,59.08973529083246,46.033492778070716,72.25,76.40536200433877,59.523124663215214,SEASON
WR,2022,00-0035022,Penny Hart,4.0,10.973214511315648,1.25,2.469095370395763,2.2992623121615696,5.0,27.093913148249072,25.230298569132504,21.25,41.974621296727975,39.08745930674668,PPG
WR,2022,00-0035022,Penny Hart,4.0,10.973214511315648,1.25,2.469095370395763,2.2992623121615696,5.0,27.093913148249072,25.230298569132504,21.25,41.974621296727975,39.08745930674668,SEASON
WR,2022,00-0035140,Mecole Hardman,8.0,13.582137264873964,11.725,8.804640009382608,7.5842876772327665,93.8,119.58582917523576,103.01083628846756,199.325,149.67888015950433,128.93289051295704,PPG
WR,2022,00-0035140,Mecole Hardman,8.0,13.582137264873964,11.725,8.804640009382608,7.5842876772327665,93.8,119.58582917523576,103.01083628846756,199.325,149.67888015950433,128.93289051295704,SEASON
WR,2022,00-0035208,Olamide Zaccheaus,16.0,12.712496347021192,6.875000000000001,6.089569134341566,5.657467488245804,110.00000000000001,77.41362537525016,71.92053477771594,116.87500000000001,103.52267528380662,96.17694730017867,PPG
WR,2022,00-0035208,Olamide Zaccheaus,16.0,12.712496347021192,6.875000000000001,6.089569134341566,5.657467488245804,110.00000000000001,77.41362537525016,71.92053477771594,116.87500000000001,103.52267528380662,96.17694730017867,SEASON
WR,2022,00-0035215,Deonte Harty,4.0,11.84285542916842,0.825,8.722468212826282,8.254073597945718,3.3,103.2989300300187,97.75180032218717,14.024999999999999,148.28195961804678,140.3192511650772,PPG
WR,2022,00-0035215,Deonte Harty,4.0,11.84285542916842,0.825,8.722468212826282,8.254073597945718,3.3,103.2989300300187,97.75180032218717,14.024999999999999,148.28195961804678,140.3192511650772,SEASON
WR,2022,00-0035216,Diontae Johnson,17.0,13.147316805947579,10.629411764705882,15.05839927641411,14.562749914425794,180.7,197.9775458774681,191.4610866907419,180.7,255.9927876990399,247.5667485452385,PPG
WR,2022,00-0035216,Diontae Johnson,17.0,13.147316805947579,10.629411764705882,15.05839927641411,14.562749914425794,180.7,197.9775458774681,191.4610866907419,180.7,255.9927876990399,247.5667485452385,SEASON
WR,2022,00-0035298,Scott Miller,12.0,8.799112216683719,3.5250000000000004,2.620682369678489,3.59746880970982,42.300000000000004,23.059678255085633,31.654531752656315,59.925000000000004,44.55160028453432,61.15696976506695,PPG
WR,2022,00-0035298,Scott Miller,12.0,8.799112216683719,3.5250000000000004,2.620682369678489,3.59746880970982,42.300000000000004,23.059678255085633,31.654531752656315,59.925000000000004,44.55160028453432,61.15696976506695,SEASON
WR,2022,00-0035341,Trenton Irwin,9.0,8.364291757757332,7.022222222222222,1.7615981015134503,2.202641014813274,63.2,14.734520480969916,18.423532085500913,119.37777777777778,29.947167725728654,37.44489725182566,PPG
WR,2022,00-0035341,Trenton Irwin,9.0,8.364291757757332,7.022222222222222,1.7615981015134503,2.202641014813274,63.2,14.734520480969916,18.423532085500913,119.37777777777778,29.947167725728654,37.44489725182566,SEASON
WR,2022,00-0035359,David Sills,7.0,7.929471298830947,3.0857142857142854,2.038864241984991,2.156314701855537,21.599999999999998,16.1671154890327,17.09843553961069,52.457142857142856,34.660692113744844,36.657349931544125,PPG
WR,2022,00-0035359,David Sills,7.0,7.929471298830947,3.0857142857142854,2.038864241984991,2.156314701855537,21.599999999999998,16.1671154890327,17.09843553961069,52.457142857142856,34.660692113744844,36.657349931544125,SEASON
WR,2022,00-0035399,Stanley Morgan,9.0,10.973214511315648,0.0,1.3527093591717918,1.599791213857783,0.0,14.843569969656397,17.5548521629795,0.0,22.99605910592046,27.196450635582313,PPG
WR,2022,00-0035399,Stanley Morgan,9.0,10.973214511315648,0.0,1.3527093591717918,1.599791213857783,0.0,14.843569969656397,17.5548521629795,0.0,22.99605910592046,27.196450635582313,SEASON
WR,2022,00-0035406,Lil'Jordan Humphrey,4.0,9.668753134536491,1.0,5.7887595126454015,6.179335706736542,4.0,55.97008668296816,59.74647148386221,17.0,98.40891171497182,105.04870701452121,PPG
WR,2022,00-0035406,Lil'Jordan Humphrey,4.0,9.668753134536491,1.0,5.7887595126454015,6.179335706736542,4.0,55.97008668296816,59.74647148386221,17.0,98.40891171497182,105.04870701452121,SEASON
WR,2022,00-0035414,Jalen Guyton,2.0,13.147316805947579,4.2,6.514846760061911,5.606836689033458,8.4,85.6527542967351,73.71485822993307,71.4,110.75239492105248,95.31622371356879,PPG
WR,2022,00-0035414,Jalen Guyton,2.0,13.147316805947579,4.2,6.514846760061911,5.606836689033458,8.4,85.6527542967351,73.71485822993307,71.4,110.75239492105248,95.31622371356879,SEASON
WR,2022,00-0035457,Tyron Johnson,2.0,9.233932675610106,0.9,1.548296324482936,1.8497029194475867,1.8,14.29686402217001,17.080032228058478,15.3,26.321037516209913,31.444949630608974,PPG
WR,2022,00-0035457,Tyron Johnson,2.0,9.233932675610106,0.9,1.548296324482936,1.8497029194475867,1.8,14.29686402217001,17.080032228058478,15.3,26.321037516209913,31.444949630608974,SEASON
WR,2022,00-0035500,Greg Dortch,16.0,8.364291757757332,7.1937500000000005,2.4598372126810117,2.4324870068964137,115.10000000000001,20.574796123452558,20.346031022635476,122.29375,41.8172326155772,41.352279117239036,PPG
WR,2022,00-0035500,Greg Dortch,16.0,8.364291757757332,7.1937500000000005,2.4598372126810117,2.4324870068964137,115.10000000000001,20.574796123452558,20.346031022635476,122.29375,41.8172326155772,41.352279117239036,SEASON
WR,2022,00-0035510,Jeff Smith,7.0,10.103573593462876,3.057142857142857,2.578883576359261,3.1018324150785377,21.4,26.055940002718533,31.339592080334693,51.97142857142857,43.84102079810744,52.73115105633514,PPG
WR,2022,00-0035510,Jeff Smith,7.0,10.103573593462876,3.057142857142857,2.578883576359261,3.1018324150785377,21.4,26.055940002718533,31.339592080334693,51.97142857142857,43.84102079810744,52.73115105633514,SEASON
WR,2022,00-0035527,Andy Isabella,4.0,7.494650839904562,1.0499999999999998,1.153957940928349,2.095569408464692,4.199999999999999,8.64851185119319,15.70556102722821,17.849999999999998,19.617284995781933,35.624679943899764,PPG
WR,2022,00-0035527,Andy Isabella,4.0,7.494650839904562,1.0499999999999998,1.153957940928349,2.095569408464692,4.199999999999999,8.64851185119319,15.70556102722821,17.849999999999998,19.617284995781933,35.624679943899764,SEASON
WR,2022,00-0035535,Darius Slayton,13.0,11.84285542916842,9.876923076923077,4.461068446463354,5.501556956129191,128.4,52.831788671090465,65.15414366677388,167.90769230769232,75.83816358987703,93.52646825419625,PPG
WR,2022,00-0035535,Darius Slayton,13.0,11.84285542916842,9.876923076923077,4.461068446463354,5.501556956129191,128.4,52.831788671090465,65.15414366677388,167.90769230769232,75.83816358987703,93.52646825419625,SEASON
WR,2022,00-0035544,Tom Kennedy,5.0,8.799112216683719,4.42,2.655585414369828,3.3612676416579568,22.1,23.36679406202865,29.5761711692562,75.14,45.14495204428708,57.14154990818527,PPG
WR,2022,00-0035544,Tom Kennedy,5.0,8.799112216683719,4.42,2.655585414369828,3.3612676416579568,22.1,23.36679406202865,29.5761711692562,75.14,45.14495204428708,57.14154990818527,SEASON
WR,2022,00-0035593,Juwann Winfree,3.0,8.364291757757332,0.9000000000000001,2.3524513729196848,3.3891606330116706,2.7,19.67658962903704,28.347928348415138,15.300000000000002,39.991673339634644,57.6157307611984,PPG
WR,2022,00-0035593,Juwann Winfree,3.0,8.364291757757332,0.9000000000000001,2.3524513729196848,3.3891606330116706,2.7,19.67658962903704,28.347928348415138,15.300000000000002,39.991673339634644,57.6157307611984,SEASON
WR,2022,00-0035621,Nsimba Webster,1.0,8.799112216683719,3.4000000000000004,1.0709351662175284,1.5010078184703182,3.4000000000000004,9.423278704340863,13.207536232839955,57.800000000000004,18.20589782569798,25.517132913995408,PPG
WR,2022,00-0035621,Nsimba Webster,1.0,8.799112216683719,3.4000000000000004,1.0709351662175284,1.5010078184703182,3.4000000000000004,9.423278704340863,13.207536232839955,57.800000000000004,18.20589782569798,25.517132913995408,SEASON
WR,2022,00-0035639,Parris Campbell,17.0,8.799112216683719,8.770588235294118,4.850400107406002,5.5196243342885545,149.10000000000002,42.67921484088017,48.56779391134316,149.10000000000002,82.45680182590203,93.83361368290542,PPG
WR,2022,00-0035639,Parris Campbell,17.0,8.799112216683719,8.770588235294118,4.850400107406002,5.5196243342885545,149.10000000000002,42.67921484088017,48.56779391134316,149.10000000000002,82.45680182590203,93.83361368290542,SEASON
WR,2022,00-0035640,DK Metcalf,17.0,13.582137264873964,13.341176470588234,13.079390587208401,12.97778694752623,226.79999999999998,177.64607829636498,176.26608371559095,226.79999999999998,222.3496399825428,220.6223781079459,PPG
WR,2022,00-0035640,DK Metcalf,17.0,13.582137264873964,13.341176470588234,13.079390587208401,12.97778694752623,226.79999999999998,177.64607829636498,176.26608371559095,226.79999999999998,222.3496399825428,220.6223781079459,SEASON
WR,2022,00-0035645,Gunner Olszewski,15.0,13.147316805947579,0.9466666666666667,3.4380999042570024,1.7789339445303483,14.2,45.20178865176485,23.388208145594465,16.093333333333334,58.44769837236904,30.24187705701592,PPG
WR,2022,00-0035645,Gunner Olszewski,15.0,13.147316805947579,0.9466666666666667,3.4380999042570024,1.7789339445303483,14.2,45.20178865176485,23.388208145594465,16.093333333333334,58.44769837236904,30.24187705701592,SEASON
WR,2022,00-0035659,Terry McLaurin,17.0,13.582137264873964,13.470588235294118,12.027667073914177,10.967363590594925,229.0,163.36142517410732,148.96023772124124,229.0,204.47034025654102,186.4451810401137,PPG
WR,2022,00-0035659,Terry McLaurin,17.0,13.582137264873964,13.470588235294118,12.027667073914177,10.967363590594925,229.0,163.36142517410732,148.96023772124124,229.0,204.47034025654102,186.4451810401137,SEASON
WR,2022,00-0035662,Marquise Brown,12.0,13.147316805947579,13.0,12.727317955423313,12.335421712910804,156.0,167.3300812499753,162.1776971946029,221.0,216.3644052421963,209.70216911948367,PPG
WR,2022,00-0035662,Marquise Brown,12.0,13.147316805947579,13.0,12.727317955423313,12.335421712910804,156.0,167.3300812499753,162.1776971946029,221.0,216.3644052421963,209.70216911948367,SEASON
WR,2022,00-0035676,A.J. Brown,17.0,11.84285542916842,17.623529411764707,12.37566789836264,12.306877061552086,299.6,146.5632457597093,145.74856582451042,299.6,210.38635427216488,209.21691004638546,PPG
WR,2022,00-0035676,A.J. Brown,17.0,11.84285542916842,17.623529411764707,12.37566789836264,12.306877061552086,299.6,146.5632457597093,145.74856582451042,299.6,210.38635427216488,209.21691004638546,SEASON
WR,2022,00-0035719,Deebo Samuel Sr.,13.0,13.147316805947579,12.953846153846156,17.543207447266735,16.340596921754514,168.40000000000003,230.64610610167466,214.8350045285984,220.21538461538464,298.2345266035345,277.79014766982675,PPG
WR,2022,00-0035719,Deebo Samuel Sr.,13.0,13.147316805947579,12.953846153846156,17.543207447266735,16.340596921754514,168.40000000000003,230.64610610167466,214.8350045285984,220.21538461538464,298.2345266035345,277.79014766982675,SEASON
WR,2022,00-0035864,Kendall Hinton,11.0,10.973214511315648,5.127272727272728,4.1523676438471355,4.010561508801055,56.400000000000006,45.564820885780954,44.00875174689971,87.16363636363637,70.5902499454013,68.17954564961794,PPG
WR,2022,00-0035864,Kendall Hinton,11.0,10.973214511315648,5.127272727272728,4.1523676438471355,4.010561508801055,56.400000000000006,45.564820885780954,44.00875174689971,87.16363636363637,70.5902499454013,68.17954564961794,SEASON
WR,2022,00-0035891,Cody White,1.0,8.799112216683719,1.2,1.3318186045266471,2.4249535960366555,1.2,11.718821353497084,21.33743881177725,20.4,22.640916276953,41.22421113262315,PPG
WR,2022,00-0035891,Cody White,1.0,8.799112216683719,1.2,1.3318186045266471,2.4249535960366555,1.2,11.718821353497084,21.33743881177725,20.4,22.640916276953,41.22421113262315,SEASON
WR,2022,00-0036133,James Proche,11.0,9.233932675610106,1.290909090909091,4.835039281264973,5.345646685175065,14.200000000000001,44.64642720713104,49.36134159850488,21.945454545454545,82.19566778150454,90.8759936479761,PPG
WR,2022,00-0036133,James Proche,11.0,9.233932675610106,1.290909090909091,4.835039281264973,5.345646685175065,14.200000000000001,44.64642720713104,49.36134159850488,21.945454545454545,82.19566778150454,90.8759936479761,SEASON
WR,2022,00-0036182,Nick Westbrook-Ikhine,16.0,12.712496347021192,5.16875,7.160656539516059,6.891406178279763,82.7,91.0298201008713,87.60697586722077,87.86875,121.731161171773,117.15390503075598,PPG
WR,2022,00-0036182,Nick Westbrook-Ikhine,16.0,12.712496347021192,5.16875,7.160656539516059,6.891406178279763,82.7,91.0298201008713,87.60697586722077,87.86875,121.731161171773,117.15390503075598,SEASON
WR,2022,00-0036196,Gabe Davis,15.0,12.712496347021192,11.440000000000001,8.077319522480316,7.757616828568307,171.60000000000002,102.68289492325398,98.61867559476472,194.48000000000002,137.31443188216537,131.87948608566123,PPG
WR,2022,00-0036196,Gabe Davis,15.0,12.712496347021192,11.440000000000001,8.077319522480316,7.757616828568307,171.60000000000002,102.68289492325398,98.61867559476472,194.48000000000002,137.31443188216537,131.87948608566123,SEASON
WR,2022,00-0036219,Marquez Callaway,10.0,13.582137264873964,3.7800000000000002,8.966376706129106,8.421711029453311,37.800000000000004,121.78255919121399,114.3848352071379,64.26,152.4284040041948,143.1690875007063,PPG
WR,2022,00-0036219,Marquez Callaway,10.0,13.582137264873964,3.7800000000000002,8.966376706129106,8.421711029453311,37.800000000000004,121.78255919121399,114.3848352071379,64.26,152.4284040041948,143.1690875007063,SEASON
WR,2022,00-0036228,Dezmon Patmon,1.0,7.929471298830947,4.4,1.536067783733746,3.166268098111405,4.4,12.1802054041756,25.106832008378433,74.80000000000001,26.11315232347368,53.82655766789388,PPG
WR,2022,00-0036228,Dezmon Patmon,1.0,7.929471298830947,4.4,1.536067783733746,3.166268098111405,4.4,12.1802054041756,25.106832008378433,74.80000000000001,26.11315232347368,53.82655766789388,SEASON
WR,2022,00-0036233,Donovan Peoples-Jones,17.0,11.84285542916842,9.476470588235294,8.062404988794645,8.090592586342877,161.1,95.48189669370122,95.81571833636052,161.1,137.06088480950896,137.5400739678289,PPG
WR,2022,00-0036233,Donovan Peoples-Jones,17.0,11.84285542916842,9.476470588235294,8.062404988794645,8.090592586342877,161.1,95.48189669370122,95.81571833636052,161.1,137.06088480950896,137.5400739678289,SEASON
WR,2022,00-0036247,Freddie Swain,3.0,13.582137264873964,3.8,5.833489122210444,5.201032086724434,11.399999999999999,79.23124999101138,70.64113172090514,64.6,99.16931507757754,88.41754547431539,PPG
WR,2022,00-0036247,Freddie Swain,3.0,13.582137264873964,3.8,5.833489122210444,5.201032086724434,11.399999999999999,79.23124999101138,70.64113172090514,64.6,99.16931507757754,88.41754547431539,SEASON
WR,2022,00-0036252,Michael Pittman,16.0,13.582137264873964,13.53125,13.090909706350761,12.340753459131918,216.5,177.80253255372696,167.6138074338979,230.03125,222.54546500796295,209.7928088052426,PPG
WR,2022,00-0036252,Michael Pittman,16.0,13.582137264873964,13.53125,13.090909706350761,12.340753459131918,216.5,177.80253255372696,167.6138074338979,230.03125,222.54546500796295,209.7928088052426,SEASON
WR,2022,00-0036255,Denzel Mims,9.0,10.538394052389263,3.288888888888889,3.1494450246457886,3.1137684517302353,29.6,33.19009271605413,32.81411893223124,55.91111111111112,53.5405654189784,52.934063679414,PPG
WR,2022,00-0036255,Denzel Mims,9.0,10.538394052389263,3.288888888888889,3.1494450246457886,3.1137684517302353,29.6,33.19009271605413,32.81411893223124,55.91111111111112,53.5405654189784,52.934063679414,SEASON
WR,2022,00-0036259,Jauan Jennings,16.0,11.84285542916842,5.1625,6.233204000462718,6.154047855474505,82.6,73.81893383799421,72.88149905656852,87.76249999999999,105.9644680078662,104.61881354306658,PPG
WR,2022,00-0036259,Jauan Jennings,16.0,11.84285542916842,5.1625,6.233204000462718,6.154047855474505,82.6,73.81893383799421,72.88149905656852,87.76249999999999,105.9644680078662,104.61881354306658,SEASON
WR,2022,00-0036261,Brandon Aiyuk,17.0,13.582137264873964,13.4,9.45806260092926,9.197454032321453,227.8,128.46070450559208,124.92108315435851,227.8,160.78706421579741,156.3567185494647,PPG
WR,2022,00-0036261,Brandon Aiyuk,17.0,13.582137264873964,13.4,9.45806260092926,9.197454032321453,227.8,128.46070450559208,124.92108315435851,227.8,160.78706421579741,156.3567185494647,SEASON
WR,2022,00-0036268,Laviska Shenault Jr.,13.0,13.147316805947579,5.592307692307693,8.291669115521412,7.716394128532475,72.7,109.01320071185116,101.44987820737023,95.06923076923078,140.958374963864,131.17870018505207,PPG
WR,2022,00-0036268,Laviska Shenault Jr.,13.0,13.147316805947579,5.592307692307693,8.291669115521412,7.716394128532475,72.7,109.01320071185116,101.44987820737023,95.06923076923078,140.958374963864,131.17870018505207,SEASON
WR,2022,00-0036271,Quez Watkins,17.0,13.582137264873964,4.970588235294118,7.616590289869144,6.668695091309204,84.5,103.44957480730889,90.57513210775282,84.5,129.48203492777546,113.36781655225647,PPG
WR,2022,00-0036271,Quez Watkins,17.0,13.582137264873964,4.970588235294118,7.616590289869144,6.668695091309204,84.5,103.44957480730889,90.57513210775282,84.5,129.48203492777546,113.36781655225647,SEASON
WR,2022,00-0036277,Quintez Cephus,3.0,8.364291757757332,1.1666666666666665,7.2503275118862005,8.47915387231472,3.4999999999999996,60.64385464871097,70.92211684695818,19.833333333333332,123.2555677020654,144.14561582935025,PPG
WR,2022,00-0036277,Quintez Cephus,3.0,8.364291757757332,1.1666666666666665,7.2503275118862005,8.47915387231472,3.4999999999999996,60.64385464871097,70.92211684695818,19.833333333333332,123.2555677020654,144.14561582935025,SEASON
WR,2022,00-0036309,Darnell Mooney,11.0,13.582137264873964,9.227272727272727,11.620485469087388,11.237489559990623,101.5,157.8310287256182,152.62912571638077,156.86363636363635,197.5482529744856,191.0373225198406,PPG
WR,2022,00-0036309,Darnell Mooney,11.0,13.582137264873964,9.227272727272727,11.620485469087388,11.237489559990623,101.5,157.8310287256182,152.62912571638077,156.86363636363635,197.5482529744856,191.0373225198406,SEASON
WR,2022,00-0036322,Justin Jefferson,17.0,13.582137264873964,21.605882352941173,16.821761522268954,16.558098488103532,367.29999999999995,228.47547403243215,224.8943665107242,367.29999999999995,285.9699458785722,281.48767429776007,PPG
WR,2022,00-0036322,Justin Jefferson,17.0,13.582137264873964,21.605882352941173,16.821761522268954,16.558098488103532,367.29999999999995,228.47547403243215,224.8943665107242,367.29999999999995,285.9699458785722,281.48767429776007,SEASON
WR,2022,00-0036326,Chase Claypool,15.0,12.712496347021192,6.733333333333333,10.617622144316531,9.643909609488421,101.0,134.97648272367522,122.59816568162412,114.46666666666667,180.49957645338102,163.94646336130316,PPG
WR,2022,00-0036326,Chase Claypool,15.0,12.712496347021192,6.733333333333333,10.617622144316531,9.643909609488421,101.0,134.97648272367522,122.59816568162412,114.46666666666667,180.49957645338102,163.94646336130316,SEASON
WR,2022,00-0036331,Devin Duvernay,14.0,13.147316805947579,7.864285714285714,5.833600841876632,5.038103322784231,110.1,76.69619838759459,66.23754048574146,133.69285714285712,99.17121431190274,85.64775648733192,PPG
WR,2022,00-0036331,Devin Duvernay,14.0,13.147316805947579,7.864285714285714,5.833600841876632,5.038103322784231,110.1,76.69619838759459,66.23754048574146,133.69285714285712,99.17121431190274,85.64775648733192,SEASON
WR,2022,00-0036345,K.J. Osborn,17.0,13.582137264873964,9.152941176470588,9.36346379341243,9.349489339241684,155.6,127.1758505168051,126.98604756205633,155.6,159.1788844880113,158.9413187671086,PPG
WR,2022,00-0036345,K.J. Osborn,17.0,13.582137264873964,9.152941176470588,9.36346379341243,9.349489339241684,155.6,127.1758505168051,126.98604756205633,155.6,159.1788844880113,158.9413187671086,SEASON
WR,2022,00-0036358,CeeDee Lamb,17.0,13.147316805947579,17.741176470588236,12.726110063807893,12.118833994307371,301.6,167.31420071624012,159.33014984184612,301.6,216.34387108473416,206.02017790322532,PPG
WR,2022,00-0036358,CeeDee Lamb,17.0,13.147316805947579,17.741176470588236,12.726110063807893,12.118833994307371,301.6,167.31420071624012,159.33014984184612,301.6,216.34387108473416,206.02017790322532,SEASON
WR,2022,00-0036365,Bryan Edwards,4.0,13.147316805947579,1.125,6.8033542191259215,6.573428922623021,4.5,89.44585326192859,86.42295254710353,19.125,115.65702172514067,111.74829168459136,PPG
WR,2022,00-0036365,Bryan Edwards,4.0,13.147316805947579,1.125,6.8033542191259215,6.573428922623021,4.5,89.44585326192859,86.42295254710353,19.125,115.65702172514067,111.74829168459136,SEASON
WR,2022,00-0036387,Jalen Reagor,17.0,13.582137264873964,1.5823529411764705,5.667241279178176,4.958935556432731,26.9,76.9732489669579,67.35294341513351,26.9,96.34310174602899,84.30190445935644,PPG
WR,2022,00-0036387,Jalen Reagor,17.0,13.582137264873964,1.5823529411764705,5.667241279178176,4.958935556432731,26.9,76.9732489669579,67.35294341513351,26.9,96.34310174602899,84.30190445935644,SEASON
WR,2022,00-0036407,Jerry Jeudy,15.0,10.538394052389263,13.613333333333335,7.652872706172158,8.133639115894388,204.20000000000002,80.6489882104168,85.71549408322208,231.4266666666667,130.09883600492668,138.2718649702046,PPG
WR,2022,00-0036407,Jerry Jeudy,15.0,10.538394052389263,13.613333333333335,7.652872706172158,8.133639115894388,204.20000000000002,80.6489882104168,85.71549408322208,231.4266666666667,130.09883600492668,138.2718649702046,SEASON
WR,2022,00-0036410,Tee Higgins,14.0,12.277675888094807,15.778571428571428,13.406949018271535,13.622322791134692,220.9,164.60617469454877,167.25046407255877,268.23571428571427,227.9181333106161,231.5794874492898,PPG
WR,2022,00-0036410,Tee Higgins,14.0,12.277675888094807,15.778571428571428,13.406949018271535,13.622322791134692,220.9,164.60617469454877,167.25046407255877,268.23571428571427,227.9181333106161,231.5794874492898,SEASON
WR,2022,00-0036412,KJ Hamler,6.0,7.494650839904562,4.300000000000001,3.6292318819303064,4.753134694654127,25.800000000000004,27.199825772117386,35.623084931469066,73.10000000000001,61.69694199281521,80.80328980912016,PPG
WR,2022,00-0036412,KJ Hamler,6.0,7.494650839904562,4.300000000000001,3.6292318819303064,4.753134694654127,25.800000000000004,27.199825772117386,35.623084931469066,73.10000000000001,61.69694199281521,80.80328980912016,SEASON
WR,2022,00-0036415,Van Jefferson,10.0,13.582137264873964,7.889999999999999,9.743344420740865,8.492211245038902,78.89999999999999,132.33544134144634,115.3423788124246,134.12999999999997,165.6368551525947,144.36759116566134,PPG
WR,2022,00-0036415,Van Jefferson,10.0,13.582137264873964,7.889999999999999,9.743344420740865,8.492211245038902,78.89999999999999,132.33544134144634,115.3423788124246,134.12999999999997,165.6368551525947,144.36759116566134,SEASON
WR,2022,00-0036439,Tyrie Cleveland,5.0,7.929471298830947,0.96,0.8650091780300979,1.4411238128162684,4.8,6.85906545041501,11.427349911788422,16.32,14.705156026511665,24.499104817876564,PPG
WR,2022,00-0036439,Tyrie Cleveland,5.0,7.929471298830947,0.96,0.8650091780300979,1.4411238128162684,4.8,6.85906545041501,11.427349911788422,16.32,14.705156026511665,24.499104817876564,SEASON
WR,2022,00-0036550,Rashod Bateman,6.0,11.408034970242035,8.916666666666666,7.915944448490667,8.147091920779372,53.5,90.30537109087483,92.94230953802743,151.58333333333331,134.57105562434134,138.50056265324932,PPG
WR,2022,00-0036550,Rashod Bateman,6.0,11.408034970242035,8.916666666666666,7.915944448490667,8.147091920779372,53.5,90.30537109087483,92.94230953802743,151.58333333333331,134.57105562434134,138.50056265324932,SEASON
WR,2022,00-0036554,Nico Collins,10.0,12.277675888094807,9.71,6.716322697058634,6.582590748333392,97.10000000000001,82.46083323434067,80.81891571200885,165.07000000000002,114.17748584999677,111.90404272166766,PPG
WR,2022,00-0036554,Nico Collins,10.0,12.277675888094807,9.71,6.716322697058634,6.582590748333392,97.10000000000001,82.46083323434067,80.81891571200885,165.07000000000002,114.17748584999677,111.90404272166766,SEASON
WR,2022,00-0036572,Shi Smith,17.0,8.364291757757332,3.623529411764706,3.0294145310303007,3.9335732741775806,61.6,25.338906992727036,32.90155451573806,61.6,51.50004702751511,66.87074566101887,PPG
WR,2022,00-0036572,Shi Smith,17.0,8.364291757757332,3.623529411764706,3.0294145310303007,3.9335732741775806,61.6,25.338906992727036,32.90155451573806,61.6,51.50004702751511,66.87074566101887,SEASON
WR,2022,00-0036613,Jaylen Waddle,17.0,13.147316805947579,15.24705882352941,12.197492251756382,13.203284385118122,259.2,160.36429487193206,173.58776269016874,259.2,207.3573682798585,224.45583454700807,PPG
WR,2022,00-0036613,Jaylen Waddle,17.0,13.147316805947579,15.24705882352941,12.197492251756382,13.203284385118122,259.2,160.36429487193206,173.58776269016874,259.2,207.3573682798585,224.45583454700807,SEASON
WR,2022,00-0036620,Dee Eskridge,9.0,9.668753134536491,1.5333333333333334,4.049407935868219,4.294296464763993,13.8,39.152725672942786,41.520492404315824,26.06666666666667,68.83993490975972,73.00303990098787,PPG
WR,2022,00-0036620,Dee Eskridge,9.0,9.668753134536491,1.5333333333333334,4.049407935868219,4.294296464763993,13.8,39.152725672942786,41.520492404315824,26.06666666666667,68.83993490975972,73.00303990098787,SEASON
WR,2022,00-0036626,Dyami Brown,9.0,10.538394052389263,3.6444444444444444,3.1528436447059778,3.5556319263120018,32.8,33.22590871348276,37.47065034473178,61.955555555555556,53.59834196000162,60.44574274730403,PPG
WR,2022,00-0036626,Dyami Brown,9.0,10.538394052389263,3.6444444444444444,3.1528436447059778,3.5556319263120018,32.8,33.22590871348276,37.47065034473178,61.955555555555556,53.59834196000162,60.44574274730403,SEASON
WR,2022,00-0036627,Dez Fitzpatrick,1.0,7.494650839904562,0.0,3.5858060932943845,5.032661985255502,0.0,26.874364648843656,37.71804437475091,0.0,60.95870358600454,85.55525374934354,PPG
WR,2022,00-0036627,Dez Fitzpatrick,1.0,7.494650839904562,0.0,3.5858060932943845,5.032661985255502,0.0,26.874364648843656,37.71804437475091,0.0,60.95870358600454,85.55525374934354,SEASON
WR,2022,00-0036630,Tylan Wallace,5.0,10.538394052389263,1.46,1.8480847971263412,1.7407688798244214,7.3,19.47584583434725,18.344908409726003,24.82,31.4174415511478,29.593070957015165,PPG
WR,2022,00-0036630,Tylan Wallace,5.0,10.538394052389263,1.46,1.8480847971263412,1.7407688798244214,7.3,19.47584583434725,18.344908409726003,24.82,31.4174415511478,29.593070957015165,SEASON
WR,2022,00-0036635,Ihmir Smith-Marsette,4.0,8.799112216683719,0.125,3.7984927654276905,4.794556455547975,0.5,33.423364097259515,42.18784028159198,2.125,64.57437701227074,81.50745974431558,PPG
WR,2022,00-0036635,Ihmir Smith-Marsette,4.0,8.799112216683719,0.125,3.7984927654276905,4.794556455547975,0.5,33.423364097259515,42.18784028159198,2.125,64.57437701227074,81.50745974431558,SEASON
WR,2022,00-0036652,Racey McMath,4.0,8.799112216683719,1.6,1.0474905493597975,1.469032964992888,6.4,9.216986889732533,12.926185908980026,27.200000000000003,17.807339339116556,24.973560404879095,PPG
WR,2022,00-0036652,Racey McMath,4.0,8.799112216683719,1.6,1.0474905493597975,1.469032964992888,6.4,9.216986889732533,12.926185908980026,27.200000000000003,17.807339339116556,24.973560404879095,SEASON
WR,2022,00-0036671,Dax Milne,15.0,10.103573593462876,1.0466666666666669,2.2338433880856887,2.8059563837523656,15.700000000000003,22.56980106779421,28.350186823288986,17.793333333333337,37.97533759745671,47.701258523790216,PPG
WR,2022,00-0036671,Dax Milne,15.0,10.103573593462876,1.0466666666666669,2.2338433880856887,2.8059563837523656,15.700000000000003,22.56980106779421,28.350186823288986,17.793333333333337,37.97533759745671,47.701258523790216,SEASON
WR,2022,00-0036849,Tutu Atwell,12.0,8.799112216683719,5.266666666666667,0.9229620037307348,1.3671637853039427,63.2,8.121246242561993,12.029827565475479,89.53333333333333,15.690354063422491,23.241784350167027,PPG
WR,2022,00-0036849,Tutu Atwell,12.0,8.799112216683719,5.266666666666667,0.9229620037307348,1.3671637853039427,63.2,8.121246242561993,12.029827565475479,89.53333333333333,15.690354063422491,23.241784350167027,SEASON
WR,2022,00-0036862,Ben Skowronek,14.0,11.408034970242035,6.021428571428571,3.3669565986582812,3.02649508964325,84.3,38.41035862078085,34.526361819916,102.36428571428571,57.238262177190784,51.450416523935246,PPG
WR,2022,00-0036862,Ben Skowronek,14.0,11.408034970242035,6.021428571428571,3.3669565986582812,3.02649508964325,84.3,38.41035862078085,34.526361819916,102.36428571428571,57.238262177190784,51.450416523935246,SEASON
WR,2022,00-0036877,Jaelon Darden,14.0,10.103573593462876,0.34285714285714286,2.596536959006589,2.364159164650592,4.8,26.234302253469373,23.886456106706976,5.828571428571428,44.14112830311202,40.19070579906007,PPG
WR,2022,00-0036877,Jaelon Darden,14.0,10.103573593462876,0.34285714285714286,2.596536959006589,2.364159164650592,4.8,26.234302253469373,23.886456106706976,5.828571428571428,44.14112830311202,40.19070579906007,SEASON
WR,2022,00-0036900,Ja'Marr Chase,12.0,13.582137264873964,20.2,15.198029483345794,14.889573623739276,242.39999999999998,206.4217225984041,202.2322327730737,343.4,258.3665012168785,253.12275160356768,PPG
WR,2022,00-0036900,Ja'Marr Chase,12.0,13.582137264873964,20.2,15.198029483345794,14.889573623739276,242.39999999999998,206.4217225984041,202.2322327730737,343.4,258.3665012168785,253.12275160356768,SEASON
WR,2022,00-0036912,DeVonta Smith,17.0,13.582137264873964,15.094117647058823,10.627502771046107,10.300802288108471,256.6,144.34420141917664,139.90691061541708,256.6,180.6675471077838,175.113638897844,PPG
WR,2022,00-0036912,DeVonta Smith,17.0,13.582137264873964,15.094117647058823,10.627502771046107,10.300802288108471,256.6,144.34420141917664,139.90691061541708,256.6,180.6675471077838,175.113638897844,SEASON
WR,2022,00-0036913,Kadarius Toney,9.0,10.103573593462876,6.5888888888888895,8.2351836340037,8.80577511713439,59.300000000000004,83.20478390183743,88.96979694345148,112.01111111111112,139.9981217780629,149.69817699128464,PPG
WR,2022,00-0036913,Kadarius Toney,9.0,10.103573593462876,6.5888888888888895,8.2351836340037,8.80577511713439,59.300000000000004,83.20478390183743,88.96979694345148,112.01111111111112,139.9981217780629,149.69817699128464,SEASON
WR,2022,00-0036936,Rondale Moore,8.0,12.277675888094807,11.05,8.122403010104142,7.715446103194767,88.4,99.7242315905443,94.72774658708943,187.85000000000002,138.0808511717704,131.16258375431104,PPG
WR,2022,00-0036936,Rondale Moore,8.0,12.277675888094807,11.05,8.122403010104142,7.715446103194767,88.4,99.7242315905443,94.72774658708943,187.85000000000002,138.0808511717704,131.16258375431104,SEASON
WR,2022,00-0036951,Frank Darby,1.0,7.929471298830947,2.5,1.4781560226051855,1.994160625710156,2.5,11.720995756441928,15.812639446827445,42.5,25.128652384288152,33.900730637072655,PPG
WR,2022,00-0036951,Frank Darby,1.0,7.929471298830947,2.5,1.4781560226051855,1.994160625710156,2.5,11.720995756441928,15.812639446827445,42.5,25.128652384288152,33.900730637072655,SEASON
WR,2022,00-0036955,Terrace Marshall Jr.,13.0,11.408034970242035,6.384615384615385,3.5648060594173865,3.425572282889167,83.0,40.66743218796425,39.079048396291455,108.53846153846155,60.60170301009557,58.234728809115836,PPG
WR,2022,00-0036955,Terrace Marshall Jr.,13.0,11.408034970242035,6.384615384615385,3.5648060594173865,3.425572282889167,83.0,40.66743218796425,39.079048396291455,108.53846153846155,60.60170301009557,58.234728809115836,SEASON
WR,2022,00-0036963,Amon-Ra St. Brown,16.0,13.147316805947579,16.725,12.926716391056074,12.449378207228712,267.6,169.95163565384956,163.6759193274956,284.32500000000005,219.75417864795324,211.6394295228881,PPG
WR,2022,00-0036963,Amon-Ra St. Brown,16.0,13.147316805947579,16.725,12.926716391056074,12.449378207228712,267.6,169.95163565384956,163.6759193274956,284.32500000000005,219.75417864795324,211.6394295228881,SEASON
WR,2022,00-0036980,Elijah Moore,14.0,10.973214511315648,6.292857142857143,10.532691430907551,10.862450949552137,88.1,115.57748245284472,119.19600438807996,106.97857142857143,179.05575432542838,184.66166614238634,PPG
WR,2022,00-0036980,Elijah Moore,14.0,10.973214511315648,6.292857142857143,10.532691430907551,10.862450949552137,88.1,115.57748245284472,119.19600438807996,106.97857142857143,179.05575432542838,184.66166614238634,SEASON
WR,2022,00-0036988,Josh Palmer,16.0,12.712496347021192,10.58125,6.367564355684071,6.100937005659173,169.3,80.9476386110561,77.55813939784865,179.88125000000002,108.24859404662921,103.71592909620594,PPG
WR,2022,00-0036988,Josh Palmer,16.0,12.712496347021192,10.58125,6.367564355684071,6.100937005659173,169.3,80.9476386110561,77.55813939784865,179.88125000000002,108.24859404662921,103.71592909620594,SEASON
WR,2022,00-0036991,Amari Rodgers,15.0,13.147316805947579,2.873333333333334,3.4169515969539592,1.9233701150200218,43.10000000000001,44.9237451557422,25.28715623726006,48.84666666666668,58.088177148217305,32.69729195534037,PPG
WR,2022,00-0036991,Amari Rodgers,15.0,13.147316805947579,2.873333333333334,3.4169515969539592,1.9233701150200218,43.10000000000001,44.9237451557422,25.28715623726006,48.84666666666668,58.088177148217305,32.69729195534037,SEASON
WR,2022,00-0036999,Anthony Schwartz,7.0,11.84285542916842,2.685714285714286,3.920498326091593,3.342177829608031,18.8,46.42989488619953,39.5809288546198,45.65714285714286,66.64847154355708,56.81702310333653,PPG
WR,2022,00-0036999,Anthony Schwartz,7.0,11.84285542916842,2.685714285714286,3.920498326091593,3.342177829608031,18.8,46.42989488619953,39.5809288546198,45.65714285714286,66.64847154355708,56.81702310333653,SEASON
WR,2023,00-0026293,Matthew Slater,5.0,9.3644723331339,0.0,1.195894548716178,1.113555644632186,0.0,11.198921414798301,10.42786102556319,0.0,20.330207328175028,18.93044595874716,PPG
WR,2023,00-0026293,Matthew Slater,5.0,9.3644723331339,0.0,1.195894548716178,1.113555644632186,0.0,11.198921414798301,10.42786102556319,0.0,20.330207328175028,18.93044595874716,SEASON
WR,2023,00-0027944,Julio Jones,8.0,10.274806397294812,4.55,6.4323487746108405,6.575246396366336,36.4,66.09113833900291,67.55938373717449,77.35,109.34992916838429,111.77918873822772,PPG
WR,2023,00-0027944,Julio Jones,8.0,10.274806397294812,4.55,6.4323487746108405,6.575246396366336,36.4,66.09113833900291,67.55938373717449,77.35,109.34992916838429,111.77918873822772,SEASON
WR,2023,00-0028002,Randall Cobb,9.0,11.640307493536177,1.8777777777777778,6.48071864444429,6.00153989478258,16.9,75.43755780042449,69.85976980999398,31.92222222222222,110.17221695555294,102.02617821130386,PPG
WR,2023,00-0028002,Randall Cobb,9.0,11.640307493536177,1.8777777777777778,6.48071864444429,6.00153989478258,16.9,75.43755780042449,69.85976980999398,31.92222222222222,110.17221695555294,102.02617821130386,SEASON
WR,2023,00-0029293,Marvin Jones,4.0,13.005808589777544,1.625,7.615298186930438,6.987143197595419,6.5,99.04311057329726,90.87344701729224,27.625,129.46006917781745,118.78143435912212,PPG
WR,2023,00-0029293,Marvin Jones,4.0,13.005808589777544,1.625,7.615298186930438,6.987143197595419,6.5,99.04311057329726,90.87344701729224,27.625,129.46006917781745,118.78143435912212,SEASON
WR,2023,00-0030035,Adam Thielen,17.0,13.460975621858,13.588235294117647,9.419887943193903,9.074484393264843,231.0,126.80088196396721,122.15141319866893,231.0,160.13809503429636,154.26623468550233,PPG
WR,2023,00-0030035,Adam Thielen,17.0,13.460975621858,13.588235294117647,9.419887943193903,9.074484393264843,231.0,126.80088196396721,122.15141319866893,231.0,160.13809503429636,154.26623468550233,SEASON
WR,2023,00-0030068,Marquise Goodwin,10.0,11.640307493536177,1.4000000000000001,6.267120644749048,6.434633031623282,14.000000000000002,72.95121140396762,74.90110709615989,23.8,106.54105096073381,109.38876153759578,PPG
WR,2023,00-0030068,Marquise Goodwin,10.0,11.640307493536177,1.4000000000000001,6.267120644749048,6.434633031623282,14.000000000000002,72.95121140396762,74.90110709615989,23.8,106.54105096073381,109.38876153759578,SEASON
WR,2023,00-0030279,Keenan Allen,13.0,10.274806397294812,20.992307692307694,13.9691667830325,14.342745091529926,272.90000000000003,143.53048422718052,147.36892902122045,356.8692307692308,237.47583531155252,243.82666655600875,PPG
WR,2023,00-0030279,Keenan Allen,13.0,10.274806397294812,20.992307692307694,13.9691667830325,14.342745091529926,272.90000000000003,143.53048422718052,147.36892902122045,356.8692307692308,237.47583531155252,243.82666655600875,SEASON
WR,2023,00-0030431,Robert Woods,14.0,13.460975621858,6.378571428571428,7.364092212339274,7.1886210132210735,89.3,99.1278657474133,96.76585221374502,108.43571428571428,125.18956760976765,122.20655722475826,PPG
WR,2023,00-0030431,Robert Woods,14.0,13.460975621858,6.378571428571428,7.364092212339274,7.1886210132210735,89.3,99.1278657474133,96.76585221374502,108.43571428571428,125.18956760976765,122.20655722475826,SEASON
WR,2023,00-0030564,DeAndre Hopkins,17.0,9.819639365214357,13.15294117647059,14.251401977050648,14.729456393327812,223.60000000000002,139.94362786334025,144.63794982813008,223.60000000000002,242.27383360986101,250.4007586865728,PPG
WR,2023,00-0030564,DeAndre Hopkins,17.0,9.819639365214357,13.15294117647059,14.251401977050648,14.729456393327812,223.60000000000002,139.94362786334025,144.63794982813008,223.60000000000002,242.27383360986101,250.4007586865728,SEASON
WR,2023,00-0031236,Brandin Cooks,16.0,11.640307493536177,10.825,9.883956663113358,9.951364525101535,173.2,115.05229481142524,115.83694305244948,184.02499999999998,168.0272632729271,169.1731969267261,PPG
WR,2023,00-0031236,Brandin Cooks,16.0,11.640307493536177,10.825,9.883956663113358,9.951364525101535,173.2,115.05229481142524,115.83694305244948,184.02499999999998,168.0272632729271,169.1731969267261,SEASON
WR,2023,00-0031381,Davante Adams,17.0,13.460975621858,15.611764705882354,16.648763579861825,16.461346445295373,265.40000000000003,224.10860068259734,221.58578320307984,265.40000000000003,283.02898085765105,279.8428895700213,PPG
WR,2023,00-0031381,Davante Adams,17.0,13.460975621858,15.611764705882354,16.648763579861825,16.461346445295373,265.40000000000003,224.10860068259734,221.58578320307984,265.40000000000003,283.02898085765105,279.8428895700213,SEASON
WR,2023,00-0031408,Mike Evans,17.0,12.55064155769709,16.61764705882353,12.956636169343845,12.5157611559654,282.5,162.61409635492808,157.08083209027032,282.5,220.26281487884538,212.7679396514118,PPG
WR,2023,00-0031408,Mike Evans,17.0,12.55064155769709,16.61764705882353,12.956636169343845,12.5157611559654,282.5,162.61409635492808,157.08083209027032,282.5,220.26281487884538,212.7679396514118,SEASON
WR,2023,00-0031428,Allen Robinson,15.0,10.274806397294812,4.133333333333334,7.3391782985290535,7.959094858992504,62.00000000000001,75.40863613261357,81.77815877385243,70.26666666666668,124.7660310749939,135.30461260287257,PPG
WR,2023,00-0031428,Allen Robinson,15.0,10.274806397294812,4.133333333333334,7.3391782985290535,7.959094858992504,62.00000000000001,75.40863613261357,81.77815877385243,70.26666666666668,124.7660310749939,135.30461260287257,SEASON
WR,2023,00-0031544,Amari Cooper,15.0,13.460975621858,15.133333333333333,13.036168645307365,12.39322977190658,227.0,175.47954833691205,166.82496383571925,257.26666666666665,221.6148669702252,210.68490612241186,PPG
WR,2023,00-0031544,Amari Cooper,15.0,13.460975621858,15.133333333333333,13.036168645307365,12.39322977190658,227.0,175.47954833691205,166.82496383571925,257.26666666666665,221.6148669702252,210.68490612241186,SEASON
WR,2023,00-0031547,DeVante Parker,13.0,11.185140461455722,5.569230769230769,7.723704025253067,7.682576989307272,72.39999999999999,86.3907144051665,85.93070273134946,94.67692307692307,131.30296842930213,130.60380881822363,PPG
WR,2023,00-0031547,DeVante Parker,13.0,11.185140461455722,5.569230769230769,7.723704025253067,7.682576989307272,72.39999999999999,86.3907144051665,85.93070273134946,94.67692307692307,131.30296842930213,130.60380881822363,SEASON
WR,2023,00-0031549,Nelson Agholor,16.0,12.095474525616634,6.06875,5.863097409030354,5.660155449076689,97.1,70.91694535213554,68.46226604533727,103.16874999999999,99.67265595351603,96.22264263430371,PPG
WR,2023,00-0031549,Nelson Agholor,16.0,12.095474525616634,6.06875,5.863097409030354,5.660155449076689,97.1,70.91694535213554,68.46226604533727,103.16874999999999,99.67265595351603,96.22264263430371,SEASON
WR,2023,00-0031588,Stefon Diggs,17.0,13.005808589777544,16.10588235294118,16.443173501404065,16.04573470754575,273.80000000000007,213.85676716776348,208.6877542886902,273.80000000000007,279.5339495238691,272.7774900282778,PPG
WR,2023,00-0031588,Stefon Diggs,17.0,13.005808589777544,16.10588235294118,16.443173501404065,16.04573470754575,273.80000000000007,213.85676716776348,208.6877542886902,273.80000000000007,279.5339495238691,272.7774900282778,SEASON
WR,2023,00-0031763,DeAndre Carter,17.0,13.460975621858,0.5705882352941176,6.7747508629715405,6.1046551998183585,9.7,91.19475621062135,82.1746148246036,9.7,115.17076467051619,103.77913839691209,PPG
WR,2023,00-0031763,DeAndre Carter,17.0,13.460975621858,0.5705882352941176,6.7747508629715405,6.1046551998183585,9.7,91.19475621062135,82.1746148246036,9.7,115.17076467051619,103.77913839691209,SEASON
WR,2023,00-0031868,Damiere Byrd,1.0,11.185140461455722,0.0,4.532099137687417,4.428228574344161,0.0,50.69216544027611,49.53035859947127,0.0,77.04568534068608,75.27988576385074,PPG
WR,2023,00-0031868,Damiere Byrd,1.0,11.185140461455722,0.0,4.532099137687417,4.428228574344161,0.0,50.69216544027611,49.53035859947127,0.0,77.04568534068608,75.27988576385074,SEASON
WR,2023,00-0031941,Jamison Crowder,16.0,7.543804204812079,2.36875,3.335652791264971,3.829983237309147,37.9,25.163511552537837,28.89264364997252,40.26875,56.706097451504505,65.1097150342555,PPG
WR,2023,00-0031941,Jamison Crowder,16.0,7.543804204812079,2.36875,3.335652791264971,3.829983237309147,37.9,25.163511552537837,28.89264364997252,40.26875,56.706097451504505,65.1097150342555,SEASON
WR,2023,00-0032128,Chris Conley,1.0,7.543804204812079,9.9,2.431063088923896,2.928634264209712,9.9,18.33946395238753,22.093043476701954,168.3,41.32807251170624,49.786782491565106,PPG
WR,2023,00-0032128,Chris Conley,1.0,7.543804204812079,9.9,2.431063088923896,2.928634264209712,9.9,18.33946395238753,22.093043476701954,168.3,41.32807251170624,49.786782491565106,SEASON
WR,2023,00-0032208,Phillip Dorsett,2.0,12.55064155769709,0.0,4.170591723688983,3.9479676554496037,0.0,52.34360180751849,49.54952692492974,0.0,70.90005930271272,67.11545014264327,PPG
WR,2023,00-0032208,Phillip Dorsett,2.0,12.55064155769709,0.0,4.170591723688983,3.9479676554496037,0.0,52.34360180751849,49.54952692492974,0.0,70.90005930271272,67.11545014264327,SEASON
WR,2023,00-0032211,Tyler Lockett,17.0,13.005808589777544,11.905882352941177,12.935463288970919,12.625934901172101,202.4,168.23615955645005,164.2104925916362,202.4,219.9028759125056,214.64089331992574,PPG
WR,2023,00-0032211,Tyler Lockett,17.0,13.005808589777544,11.905882352941177,12.935463288970919,12.625934901172101,202.4,168.23615955645005,164.2104925916362,202.4,219.9028759125056,214.64089331992574,SEASON
WR,2023,00-0032385,Sterling Shepard,10.0,7.088637172731623,2.23,9.14440602012438,10.13052305715756,22.3,64.82137643680453,71.81160232218188,37.91,155.45490234211448,172.21889197167854,PPG
WR,2023,00-0032385,Sterling Shepard,10.0,7.088637172731623,2.23,9.14440602012438,10.13052305715756,22.3,64.82137643680453,71.81160232218188,37.91,155.45490234211448,172.21889197167854,SEASON
WR,2023,00-0032398,Chris Moore,15.0,12.55064155769709,4.553333333333333,7.362392800458304,7.793445916031775,68.3,92.40275304552185,97.81274619141305,77.40666666666665,125.16067760779117,132.48858057254017,PPG
WR,2023,00-0032398,Chris Moore,15.0,12.55064155769709,4.553333333333333,7.362392800458304,7.793445916031775,68.3,92.40275304552185,97.81274619141305,77.40666666666665,125.16067760779117,132.48858057254017,SEASON
WR,2023,00-0032464,Kalif Raymond,17.0,13.460975621858,5.729411764705883,7.293994022356549,6.334527679945644,97.40000000000002,98.18427572091947,85.26892267573302,97.40000000000002,123.99789838006133,107.68697055907595,PPG
WR,2023,00-0032464,Kalif Raymond,17.0,13.460975621858,5.729411764705883,7.293994022356549,6.334527679945644,97.40000000000002,98.18427572091947,85.26892267573302,97.40000000000002,123.99789838006133,107.68697055907595,SEASON
WR,2023,00-0032688,Robbie Chosen,6.0,11.185140461455722,3.7666666666666666,5.230706959087945,4.688924255247011,22.6,58.50619205011259,52.446276408064485,64.03333333333333,88.92201830449505,79.7117123391992,PPG
WR,2023,00-0032688,Robbie Chosen,6.0,11.185140461455722,3.7666666666666666,5.230706959087945,4.688924255247011,22.6,58.50619205011259,52.446276408064485,64.03333333333333,88.92201830449505,79.7117123391992,SEASON
WR,2023,00-0032765,Michael Thomas,10.0,7.088637172731623,8.98,12.593123245652839,13.837122503118081,89.80000000000001,89.26808155992542,98.08634093924408,152.66,214.08309517609825,235.23108255300738,PPG
WR,2023,00-0032765,Michael Thomas,10.0,7.088637172731623,8.98,12.593123245652839,13.837122503118081,89.80000000000001,89.26808155992542,98.08634093924408,152.66,214.08309517609825,235.23108255300738,SEASON
WR,2023,00-0032775,Demarcus Robinson,8.0,13.005808589777544,10.924999999999999,6.868926759732881,6.610363139838676,87.39999999999999,89.33594665428674,85.97311770566272,185.725,116.77175491545898,112.3761733772575,PPG
WR,2023,00-0032775,Demarcus Robinson,8.0,13.005808589777544,10.924999999999999,6.868926759732881,6.610363139838676,87.39999999999999,89.33594665428674,85.97311770566272,185.725,116.77175491545898,112.3761733772575,SEASON
WR,2023,00-0032951,Laquon Treadwell,3.0,7.088637172731623,0.8666666666666667,2.928481369450014,4.130260422538926,2.6,20.75894189513538,29.277917564271654,14.733333333333334,49.78418328065023,70.21442718316175,PPG
WR,2023,00-0032951,Laquon Treadwell,3.0,7.088637172731623,0.8666666666666667,2.928481369450014,4.130260422538926,2.6,20.75894189513538,29.277917564271654,14.733333333333334,49.78418328065023,70.21442718316175,SEASON
WR,2023,00-0033009,Tyler Boyd,17.0,13.005808589777544,8.635294117647058,9.554093548932121,8.905822328877942,146.79999999999998,124.2587119462396,115.8274205439534,146.79999999999998,162.41959033184605,151.39897959092502,PPG
WR,2023,00-0033009,Tyler Boyd,17.0,13.005808589777544,8.635294117647058,9.554093548932121,8.905822328877942,146.79999999999998,124.2587119462396,115.8274205439534,146.79999999999998,162.41959033184605,151.39897959092502,SEASON
WR,2023,00-0033040,Tyreek Hill,16.0,13.460975621858,23.525,17.316828991111056,16.90841667097192,376.4,233.10141289722978,227.60378461217041,399.92499999999995,294.3860928488879,287.44308340652265,PPG
WR,2023,00-0033040,Tyreek Hill,16.0,13.460975621858,23.525,17.316828991111056,16.90841667097192,376.4,233.10141289722978,227.60378461217041,399.92499999999995,294.3860928488879,287.44308340652265,SEASON
WR,2023,00-0033251,Zach Pascal,10.0,12.55064155769709,0.5900000000000001,3.257777849606106,2.9968945231344506,5.9,40.88720206501145,37.612948946086036,10.030000000000001,55.3822234433038,50.94720689328566,PPG
WR,2023,00-0033251,Zach Pascal,10.0,12.55064155769709,0.5900000000000001,3.257777849606106,2.9968945231344506,5.9,40.88720206501145,37.612948946086036,10.030000000000001,55.3822234433038,50.94720689328566,SEASON
WR,2023,00-0033282,Curtis Samuel,16.0,13.460975621858,9.825000000000001,8.972116054557489,9.20488173308459,157.20000000000002,120.77343548687914,123.90668861113768,167.025,152.5259729274773,156.48298946243804,PPG
WR,2023,00-0033282,Curtis Samuel,16.0,13.460975621858,9.825000000000001,8.972116054557489,9.20488173308459,157.20000000000002,120.77343548687914,123.90668861113768,167.025,152.5259729274773,156.48298946243804,SEASON
WR,2023,00-0033292,Trent Taylor,15.0,13.005808589777544,0.0,3.042646927710056,1.982583662950568,0.0,39.572083548071696,25.785103633555124,0.0,51.724997771070946,33.70392227015966,PPG
WR,2023,00-0033292,Trent Taylor,15.0,13.005808589777544,0.0,3.042646927710056,1.982583662950568,0.0,39.572083548071696,25.785103633555124,0.0,51.724997771070946,33.70392227015966,SEASON
WR,2023,00-0033307,Kendrick Bourne,8.0,13.005808589777544,12.5,6.182506465055211,5.719727650747918,100.0,80.40849568957027,74.3896830112854,212.5,105.10260990593859,97.2353700627146,PPG
WR,2023,00-0033307,Kendrick Bourne,8.0,13.005808589777544,12.5,6.182506465055211,5.719727650747918,100.0,80.40849568957027,74.3896830112854,212.5,105.10260990593859,97.2353700627146,SEASON
WR,2023,00-0033466,Isaiah McKenzie,13.0,12.55064155769709,1.5846153846153848,7.601713289046797,7.331079668957166,20.6,95.40637871520896,92.00975315600202,26.938461538461542,129.22912591379554,124.62835437227182,PPG
WR,2023,00-0033466,Isaiah McKenzie,13.0,12.55064155769709,1.5846153846153848,7.601713289046797,7.331079668957166,20.6,95.40637871520896,92.00975315600202,26.938461538461542,129.22912591379554,124.62835437227182,SEASON
WR,2023,00-0033536,Mike Williams,3.0,11.640307493536177,16.733333333333334,11.792673346962953,11.647181969854127,50.2,137.2703439294772,135.57677956227246,284.4666666666667,200.4754468983702,198.00209348752017,PPG
WR,2023,00-0033536,Mike Williams,3.0,11.640307493536177,16.733333333333334,11.792673346962953,11.647181969854127,50.2,137.2703439294772,135.57677956227246,284.4666666666667,200.4754468983702,198.00209348752017,SEASON
WR,2023,00-0033555,Mack Hollins,12.0,13.460975621858,3.591666666666667,8.71723122885807,8.519616757877872,43.1,117.34243706175774,114.68235348536692,61.05833333333334,148.1929308905872,144.83348488392383,PPG
WR,2023,00-0033555,Mack Hollins,12.0,13.460975621858,3.591666666666667,8.71723122885807,8.519616757877872,43.1,117.34243706175774,114.68235348536692,61.05833333333334,148.1929308905872,144.83348488392383,SEASON
WR,2023,00-0033572,Jamal Agnew,11.0,12.55064155769709,3.6818181818181817,4.858156289308617,4.42879813897123,40.5,60.97297821838421,55.58425797362384,62.590909090909086,82.5886569182465,75.2895683625109,PPG
WR,2023,00-0033572,Jamal Agnew,11.0,12.55064155769709,3.6818181818181817,4.858156289308617,4.42879813897123,40.5,60.97297821838421,55.58425797362384,62.590909090909086,82.5886569182465,75.2895683625109,SEASON
WR,2023,00-0033591,Noah Brown,10.0,13.005808589777544,10.170000000000002,7.310168138341514,7.067713792039182,101.70000000000002,95.07464756636018,91.92133274659241,172.89000000000004,124.27285835180574,120.1511344646661,PPG
WR,2023,00-0033591,Noah Brown,10.0,13.005808589777544,10.170000000000002,7.310168138341514,7.067713792039182,101.70000000000002,95.07464756636018,91.92133274659241,172.89000000000004,124.27285835180574,120.1511344646661,SEASON
WR,2023,00-0033857,JuJu Smith-Schuster,11.0,13.005808589777544,5.545454545454545,10.5088561540521,10.385562681305116,60.99999999999999,136.67617163710742,135.07264033019118,94.27272727272727,178.6505546188857,176.55456558218697,PPG
WR,2023,00-0033857,JuJu Smith-Schuster,11.0,13.005808589777544,5.545454545454545,10.5088561540521,10.385562681305116,60.99999999999999,136.67617163710742,135.07264033019118,94.27272727272727,178.6505546188857,176.55456558218697,SEASON
WR,2023,00-0033891,Zay Jones,9.0,13.005808589777544,8.677777777777777,10.968835544237784,10.822022790375843,78.1,142.65857554110502,140.7491569658385,147.5222222222222,186.47020425204232,183.97438743638935,PPG
WR,2023,00-0033891,Zay Jones,9.0,13.005808589777544,8.677777777777777,10.968835544237784,10.822022790375843,78.1,142.65857554110502,140.7491569658385,147.5222222222222,186.47020425204232,183.97438743638935,SEASON
WR,2023,00-0033908,Cooper Kupp,12.0,9.819639365214357,13.725000000000001,17.36604094878604,18.490855150187397,164.70000000000002,170.52825931862387,181.5735291292568,233.32500000000002,295.2226961293627,314.3445375531857,PPG
WR,2023,00-0033908,Cooper Kupp,12.0,9.819639365214357,13.725000000000001,17.36604094878604,18.490855150187397,164.70000000000002,170.52825931862387,181.5735291292568,233.32500000000002,295.2226961293627,314.3445375531857,SEASON
WR,2023,00-0033921,Chris Godwin Jr.,17.0,12.55064155769709,12.305882352941177,13.023840414032081,12.74067480185074,209.20000000000002,163.4575527411659,159.90364264121203,209.20000000000002,221.4052870385454,216.59147163146258,PPG
WR,2023,00-0033921,Chris Godwin Jr.,17.0,12.55064155769709,12.305882352941177,13.023840414032081,12.74067480185074,209.20000000000002,163.4575527411659,159.90364264121203,209.20000000000002,221.4052870385454,216.59147163146258,SEASON
WR,2023,00-0033943,Josh Reynolds,16.0,11.185140461455722,8.05,7.815580481234551,7.680138754230739,128.8,87.41836547042016,85.90343072954037,136.85000000000002,132.86486818098737,130.56235882192254,PPG
WR,2023,00-0033943,Josh Reynolds,16.0,11.185140461455722,8.05,7.815580481234551,7.680138754230739,128.8,87.41836547042016,85.90343072954037,136.85000000000002,132.86486818098737,130.56235882192254,SEASON
WR,2023,00-0034054,River Cracraft,6.0,9.3644723331339,4.5166666666666675,3.5881691402056806,4.017047559200019,27.100000000000005,33.60131064006095,37.61753072901165,76.78333333333335,60.99887538349657,68.28980850640033,PPG
WR,2023,00-0034054,River Cracraft,6.0,9.3644723331339,4.5166666666666675,3.5881691402056806,4.017047559200019,27.100000000000005,33.60131064006095,37.61753072901165,76.78333333333335,60.99887538349657,68.28980850640033,SEASON
WR,2023,00-0034272,Marquez Valdes-Scantling,16.0,13.460975621858,3.53125,7.330683700413482,6.7217334078905004,56.5,98.67815458281767,90.48108954024252,60.03125,124.6216229070292,114.2694679341385,PPG
WR,2023,00-0034272,Marquez Valdes-Scantling,16.0,13.460975621858,3.53125,7.330683700413482,6.7217334078905004,56.5,98.67815458281767,90.48108954024252,60.03125,124.6216229070292,114.2694679341385,SEASON
WR,2023,00-0034279,Equanimeous St. Brown,5.0,13.005808589777544,2.24,5.665163383109318,4.552255750853258,11.200000000000001,73.68003059053639,59.20576694731153,38.080000000000005,96.30777751285841,77.3883477645054,PPG
WR,2023,00-0034279,Equanimeous St. Brown,5.0,13.005808589777544,2.24,5.665163383109318,4.552255750853258,11.200000000000001,73.68003059053639,59.20576694731153,38.080000000000005,96.30777751285841,77.3883477645054,SEASON
WR,2023,00-0034286,Richie James,9.0,13.005808589777544,2.3777777777777778,8.444528668301276,8.495152531893787,21.4,109.82792349081545,110.48632777077466,40.422222222222224,143.55698736112168,144.41759304219437,PPG
WR,2023,00-0034286,Richie James,9.0,13.005808589777544,2.3777777777777778,8.444528668301276,8.495152531893787,21.4,109.82792349081545,110.48632777077466,40.422222222222224,143.55698736112168,144.41759304219437,SEASON
WR,2023,00-0034297,Byron Pringle,13.0,10.274806397294812,2.315384615384615,3.1729960407789264,4.003135092767864,30.099999999999998,32.60192001838642,41.13143806040661,39.36153846153846,53.94093269324175,68.05329657705369,PPG
WR,2023,00-0034297,Byron Pringle,13.0,10.274806397294812,2.315384615384615,3.1729960407789264,4.003135092767864,30.099999999999998,32.60192001838642,41.13143806040661,39.36153846153846,53.94093269324175,68.05329657705369,SEASON
WR,2023,00-0034317,Keith Kirkwood,7.0,7.088637172731623,2.1,1.5150800694038413,2.1875346741462307,14.700000000000001,10.739852899640876,15.50663960779233,35.7,25.7563611798653,37.18808946048592,PPG
WR,2023,00-0034317,Keith Kirkwood,7.0,7.088637172731623,2.1,1.5150800694038413,2.1875346741462307,14.700000000000001,10.739852899640876,15.50663960779233,35.7,25.7563611798653,37.18808946048592,SEASON
WR,2023,00-0034348,Courtland Sutton,16.0,12.55064155769709,11.8875,10.201581837873283,9.745817109724019,190.2,128.03639696866028,122.3162572310176,202.08749999999998,173.4268912438458,165.67889086530832,PPG
WR,2023,00-0034348,Courtland Sutton,16.0,12.55064155769709,11.8875,10.201581837873283,9.745817109724019,190.2,128.03639696866028,122.3162572310176,202.08749999999998,173.4268912438458,165.67889086530832,SEASON
WR,2023,00-0034386,Justin Watson,15.0,13.460975621858,5.933333333333334,4.384437596312484,3.8833357572917766,89.0,59.01880759952003,52.27348796039408,100.86666666666667,74.53543913731222,66.0167078739602,PPG
WR,2023,00-0034386,Justin Watson,15.0,13.460975621858,5.933333333333334,4.384437596312484,3.8833357572917766,89.0,59.01880759952003,52.27348796039408,100.86666666666667,74.53543913731222,66.0167078739602,SEASON
WR,2023,00-0034407,Ray-Ray McCloud,12.0,13.460975621858,2.375,4.283883126151766,3.9313637136635475,28.5,57.66524632801776,52.91999111028215,40.375,72.82601314458002,66.83318313228031,PPG
WR,2023,00-0034407,Ray-Ray McCloud,12.0,13.460975621858,2.375,4.283883126151766,3.9313637136635475,28.5,57.66524632801776,52.91999111028215,40.375,72.82601314458002,66.83318313228031,SEASON
WR,2023,00-0034418,Cedrick Wilson Jr.,11.0,11.640307493536177,6.327272727272728,3.3645674613192953,2.778959780374779,69.60000000000001,39.16459983250299,32.34794635573219,107.56363636363638,57.19764684242802,47.24231626637124,PPG
WR,2023,00-0034418,Cedrick Wilson Jr.,11.0,11.640307493536177,6.327272727272728,3.3645674613192953,2.778959780374779,69.60000000000001,39.16459983250299,32.34794635573219,107.56363636363638,57.19764684242802,47.24231626637124,SEASON
WR,2023,00-0034419,Braxton Berrios,16.0,13.460975621858,3.61875,4.150148749078525,3.81596116775561,57.9,55.865051138430495,51.36656025311505,61.51875,70.55252873433493,64.87133985184536,PPG
WR,2023,00-0034419,Braxton Berrios,16.0,13.460975621858,3.61875,4.150148749078525,3.81596116775561,57.9,55.865051138430495,51.36656025311505,61.51875,70.55252873433493,64.87133985184536,SEASON
WR,2023,00-0034487,Trent Sherfield,11.0,13.005808589777544,2.327272727272727,5.762160740768985,5.264727614143668,25.599999999999998,74.9415596579722,68.47203962686875,39.56363636363636,97.95673259307276,89.50036944044236,PPG
WR,2023,00-0034487,Trent Sherfield,11.0,13.005808589777544,2.327272727272727,5.762160740768985,5.264727614143668,25.599999999999998,74.9415596579722,68.47203962686875,39.56363636363636,97.95673259307276,89.50036944044236,SEASON
WR,2023,00-0034521,Allen Lazard,14.0,12.55064155769709,4.292857142857143,10.404202823363986,10.583324710042117,60.099999999999994,130.57942032962143,132.8275149244571,72.97857142857143,176.87144799718777,179.916520070716,PPG
WR,2023,00-0034521,Allen Lazard,14.0,12.55064155769709,4.292857142857143,10.404202823363986,10.583324710042117,60.099999999999994,130.57942032962143,132.8275149244571,72.97857142857143,176.87144799718777,179.916520070716,SEASON
WR,2023,00-0034646,Brandon Powell,17.0,13.460975621858,4.064705882352941,3.82654386348267,3.450685882352328,69.1,51.509013662310544,46.44959854103425,69.1,65.0512456792054,58.66165999998958,PPG
WR,2023,00-0034646,Brandon Powell,17.0,13.460975621858,4.064705882352941,3.82654386348267,3.450685882352328,69.1,51.509013662310544,46.44959854103425,69.1,65.0512456792054,58.66165999998958,SEASON
WR,2023,00-0034764,Michael Gallup,16.0,12.095474525616634,5.487500000000001,6.953308882320457,6.9100651971919325,87.80000000000001,84.10357045485097,83.58051756298511,93.28750000000001,118.20625099944778,117.47110835226285,PPG
WR,2023,00-0034764,Michael Gallup,16.0,12.095474525616634,5.487500000000001,6.953308882320457,6.9100651971919325,87.80000000000001,84.10357045485097,83.58051756298511,93.28750000000001,118.20625099944778,117.47110835226285,SEASON
WR,2023,00-0034775,Christian Kirk,12.0,13.460975621858,12.525000000000002,12.44152567807305,12.15009796909352,150.3,167.47507385126164,163.55217256515428,212.92500000000004,211.50593652724186,206.55166547458984,PPG
WR,2023,00-0034775,Christian Kirk,12.0,13.460975621858,12.525000000000002,12.44152567807305,12.15009796909352,150.3,167.47507385126164,163.55217256515428,212.92500000000004,211.50593652724186,206.55166547458984,SEASON
WR,2023,00-0034777,DJ Chark,14.0,10.729973429375267,8.25,7.738484595209508,8.061286893937348,115.5,83.03373409022784,86.49739417851882,140.25,131.55423811856164,137.0418771969349,PPG
WR,2023,00-0034777,DJ Chark,14.0,10.729973429375267,8.25,7.738484595209508,8.061286893937348,115.5,83.03373409022784,86.49739417851882,140.25,131.55423811856164,137.0418771969349,SEASON
WR,2023,00-0034827,DJ Moore,17.0,13.460975621858,16.852941176470587,10.796604480067927,10.623557438484744,286.5,145.33282970503723,143.00344769685134,286.5,183.54227616115475,180.60047645424063,PPG
WR,2023,00-0034827,DJ Moore,17.0,13.460975621858,16.852941176470587,10.796604480067927,10.623557438484744,286.5,145.33282970503723,143.00344769685134,286.5,183.54227616115475,180.60047645424063,SEASON
WR,2023,00-0034854,KhaDarel Hodge,14.0,11.640307493536177,2.6571428571428575,4.236284309801541,3.4986527472878617,37.2,49.31165199613261,40.72539379153583,45.17142857142858,72.01683326662621,59.47709670389365,PPG
WR,2023,00-0034854,KhaDarel Hodge,14.0,11.640307493536177,2.6571428571428575,4.236284309801541,3.4986527472878617,37.2,49.31165199613261,40.72539379153583,45.17142857142858,72.01683326662621,59.47709670389365,SEASON
WR,2023,00-0034928,Steven Sims,3.0,11.185140461455722,1.866666666666667,3.3616146588158116,3.7039799582934965,5.6000000000000005,37.60013213614341,41.42953609992966,31.733333333333338,57.147449199868795,62.96765929098944,PPG
WR,2023,00-0034928,Steven Sims,3.0,11.185140461455722,1.866666666666667,3.3616146588158116,3.7039799582934965,5.6000000000000005,37.60013213614341,41.42953609992966,31.733333333333338,57.147449199868795,62.96765929098944,SEASON
WR,2023,00-0034960,Jakobi Meyers,16.0,12.095474525616634,13.38125,11.074729310004738,11.412440313953855,214.1,133.9541062472622,138.03888109254916,227.48125,188.27039827008053,194.01148533721553,PPG
WR,2023,00-0034960,Jakobi Meyers,16.0,12.095474525616634,13.38125,11.074729310004738,11.412440313953855,214.1,133.9541062472622,138.03888109254916,227.48125,188.27039827008053,194.01148533721553,SEASON
WR,2023,00-0034983,Hunter Renfrow,14.0,10.274806397294812,3.4642857142857144,7.327830389853172,7.383500511195699,48.5,75.2920385679547,75.86403828686308,58.892857142857146,124.57311662750392,125.51950869032689,PPG
WR,2023,00-0034983,Hunter Renfrow,14.0,10.274806397294812,3.4642857142857144,7.327830389853172,7.383500511195699,48.5,75.2920385679547,75.86403828686308,58.892857142857146,124.57311662750392,125.51950869032689,SEASON
WR,2023,00-0035140,Mecole Hardman,7.0,9.3644723331339,3.9571428571428573,8.618670345247528,9.57956833483173,27.700000000000003,80.70929999647208,89.70760263489733,67.27142857142857,146.51739586920797,162.8526616921394,PPG
WR,2023,00-0035140,Mecole Hardman,7.0,9.3644723331339,3.9571428571428573,8.618670345247528,9.57956833483173,27.700000000000003,80.70929999647208,89.70760263489733,67.27142857142857,146.51739586920797,162.8526616921394,SEASON
WR,2023,00-0035208,Olamide Zaccheaus,11.0,13.005808589777544,3.490909090909091,7.022768761717376,7.0543685714961795,38.400000000000006,91.33678628516526,91.74776736262176,59.34545454545455,119.3870689491954,119.92426571543506,PPG
WR,2023,00-0035208,Olamide Zaccheaus,11.0,13.005808589777544,3.490909090909091,7.022768761717376,7.0543685714961795,38.400000000000006,91.33678628516526,91.74776736262176,59.34545454545455,119.3870689491954,119.92426571543506,SEASON
WR,2023,00-0035215,Deonte Harty,16.0,7.543804204812079,2.25,1.430823639915643,2.1412105438220155,36.0,10.793853391140152,16.15287310387248,38.25,24.324001878565934,36.40057924497426,PPG
WR,2023,00-0035215,Deonte Harty,16.0,7.543804204812079,2.25,1.430823639915643,2.1412105438220155,36.0,10.793853391140152,16.15287310387248,38.25,24.324001878565934,36.40057924497426,SEASON
WR,2023,00-0035216,Diontae Johnson,13.0,13.460975621858,11.746153846153845,10.609983949027956,10.205381382632705,152.7,142.82073528617,137.37439000338233,199.68461538461537,180.36972713347527,173.491483504756,PPG
WR,2023,00-0035216,Diontae Johnson,13.0,13.460975621858,11.746153846153845,10.609983949027956,10.205381382632705,152.7,142.82073528617,137.37439000338233,199.68461538461537,180.36972713347527,173.491483504756,SEASON
WR,2023,00-0035298,Scott Miller,11.0,11.185140461455722,3.5545454545454547,4.484936793819369,3.8866641308298675,39.1,50.16464799962052,43.47288422983379,60.42727272727273,76.24392549492927,66.07329022410775,PPG
WR,2023,00-0035298,Scott Miller,11.0,11.185140461455722,3.5545454545454547,4.484936793819369,3.8866641308298675,39.1,50.16464799962052,43.47288422983379,60.42727272727273,76.24392549492927,66.07329022410775,SEASON
WR,2023,00-0035341,Trenton Irwin,12.0,9.819639365214357,5.216666666666667,5.654235797721404,6.027857362677801,62.6,55.52255641950931,59.19138544644813,88.68333333333334,96.12200856126387,102.47357516552262,PPG
WR,2023,00-0035341,Trenton Irwin,12.0,9.819639365214357,5.216666666666667,5.654235797721404,6.027857362677801,62.6,55.52255641950931,59.19138544644813,88.68333333333334,96.12200856126387,102.47357516552262,SEASON
WR,2023,00-0035399,Stanley Morgan,1.0,9.819639365214357,0.0,1.7160466488245878,1.113555644632186,0.0,16.8509592253421,10.934714843386862,0.0,29.172793030017992,18.93044595874716,PPG
WR,2023,00-0035399,Stanley Morgan,1.0,9.819639365214357,0.0,1.7160466488245878,1.113555644632186,0.0,16.8509592253421,10.934714843386862,0.0,29.172793030017992,18.93044595874716,SEASON
WR,2023,00-0035406,Lil'Jordan Humphrey,11.0,7.543804204812079,4.290909090909091,1.2924482556119892,2.0354599502601065,47.2,9.74997658518776,15.355111331498776,72.94545454545455,21.971620345403817,34.60281915442181,PPG
WR,2023,00-0035406,Lil'Jordan Humphrey,11.0,7.543804204812079,4.290909090909091,1.2924482556119892,2.0354599502601065,47.2,9.74997658518776,15.355111331498776,72.94545454545455,21.971620345403817,34.60281915442181,SEASON
WR,2023,00-0035500,Greg Dortch,16.0,13.005808589777544,4.03125,7.7975279333781025,6.917128896610762,64.5,101.41315577495926,89.96285442013871,68.53125,132.55797486742773,117.59119124238295,PPG
WR,2023,00-0035500,Greg Dortch,16.0,13.005808589777544,4.03125,7.7975279333781025,6.917128896610762,64.5,101.41315577495926,89.96285442013871,68.53125,132.55797486742773,117.59119124238295,SEASON
WR,2023,00-0035527,Andy Isabella,1.0,7.543804204812079,0.0,1.1517270201498186,2.0330938694256835,0.0,8.688403137401888,15.337262080951131,0.0,19.579359342546915,34.56259578023662,PPG
WR,2023,00-0035527,Andy Isabella,1.0,7.543804204812079,0.0,1.1517270201498186,2.0330938694256835,0.0,8.688403137401888,15.337262080951131,0.0,19.579359342546915,34.56259578023662,SEASON
WR,2023,00-0035535,Darius Slayton,17.0,11.640307493536177,8.882352941176471,8.849894514309426,9.159598857883903,151.0,103.01549343192072,106.62054722321142,151.0,150.44820674326024,155.71318058402636,PPG
WR,2023,00-0035535,Darius Slayton,17.0,11.640307493536177,8.882352941176471,8.849894514309426,9.159598857883903,151.0,103.01549343192072,106.62054722321142,151.0,150.44820674326024,155.71318058402636,SEASON
WR,2023,00-0035593,Juwann Winfree,1.0,7.088637172731623,0.0,1.670462479838334,2.0057430169573447,0.0,11.841302430235464,14.217984508950709,0.0,28.39786215725168,34.09763128827486,PPG
WR,2023,00-0035593,Juwann Winfree,1.0,7.088637172731623,0.0,1.670462479838334,2.0057430169573447,0.0,11.841302430235464,14.217984508950709,0.0,28.39786215725168,34.09763128827486,SEASON
WR,2023,00-0035639,Parris Campbell,10.0,13.460975621858,3.04,8.515626064858154,8.222242390973992,30.4,114.62863486391417,110.67940438190834,51.68,144.76564310258863,139.77812064655788,PPG
WR,2023,00-0035639,Parris Campbell,10.0,13.460975621858,3.04,8.515626064858154,8.222242390973992,30.4,114.62863486391417,110.67940438190834,51.68,144.76564310258863,139.77812064655788,SEASON
WR,2023,00-0035640,DK Metcalf,16.0,13.460975621858,14.0875,12.169057034116646,11.742719303363385,225.4,163.80738007724378,158.06845827689588,239.4875,206.87396957998297,199.62622815717754,PPG
WR,2023,00-0035640,DK Metcalf,16.0,13.460975621858,14.0875,12.169057034116646,11.742719303363385,225.4,163.80738007724378,158.06845827689588,239.4875,206.87396957998297,199.62622815717754,SEASON
WR,2023,00-0035645,Gunner Olszewski,12.0,12.55064155769709,-0.08333333333333333,2.614592030696918,2.062532045431234,-1.0,32.81480739688836,25.886100403471225,-1.4166666666666665,44.448064521847606,35.063044772330976,PPG
WR,2023,00-0035645,Gunner Olszewski,12.0,12.55064155769709,-0.08333333333333333,2.614592030696918,2.062532045431234,-1.0,32.81480739688836,25.886100403471225,-1.4166666666666665,44.448064521847606,35.063044772330976,SEASON
WR,2023,00-0035659,Terry McLaurin,17.0,13.460975621858,11.952941176470588,12.13221121949314,11.72851211518442,203.2,163.31139946482926,157.8772156631637,203.2,206.24759073138338,199.38470595813516,PPG
WR,2023,00-0035659,Terry McLaurin,17.0,13.460975621858,11.952941176470588,12.13221121949314,11.72851211518442,203.2,163.31139946482926,157.8772156631637,203.2,206.24759073138338,199.38470595813516,SEASON
WR,2023,00-0035662,Marquise Brown,13.0,11.185140461455722,10.36153846153846,11.335275847064919,11.514612102434992,134.7,126.78665251876761,128.79255372491338,176.14615384615382,192.6996894001036,195.74840574139486,PPG
WR,2023,00-0035662,Marquise Brown,13.0,11.185140461455722,10.36153846153846,11.335275847064919,11.514612102434992,134.7,126.78665251876761,128.79255372491338,176.14615384615382,192.6996894001036,195.74840574139486,SEASON
WR,2023,00-0035676,A.J. Brown,17.0,13.460975621858,17.03529411764706,15.344219122903477,14.905563932905865,289.6,206.54815954985102,200.6434327308917,289.6,260.8517250893591,253.3945868593997,PPG
WR,2023,00-0035676,A.J. Brown,17.0,13.460975621858,17.03529411764706,15.344219122903477,14.905563932905865,289.6,206.54815954985102,200.6434327308917,289.6,260.8517250893591,253.3945868593997,SEASON
WR,2023,00-0035703,Miles Boykin,8.0,10.274806397294812,0.5875,1.5876300127641403,1.3869859519959706,4.7,16.312591011686234,14.251012132526235,9.9875,26.989710216990385,23.5787611839315,PPG
WR,2023,00-0035703,Miles Boykin,8.0,10.274806397294812,0.5875,1.5876300127641403,1.3869859519959706,4.7,16.312591011686234,14.251012132526235,9.9875,26.989710216990385,23.5787611839315,SEASON
WR,2023,00-0035719,Deebo Samuel Sr.,15.0,11.640307493536177,16.246666666666666,10.469148560538164,11.87534065737355,243.7,121.86410844017587,138.23261684232017,276.1933333333333,177.9755255291488,201.88079117535037,PPG
WR,2023,00-0035719,Deebo Samuel Sr.,15.0,11.640307493536177,16.246666666666666,10.469148560538164,11.87534065737355,243.7,121.86410844017587,138.23261684232017,276.1933333333333,177.9755255291488,201.88079117535037,SEASON
WR,2023,00-0035876,Andre Baccellia,1.0,7.998971236892535,0.0,2.5224640685444126,3.0085805945160833,0.0,20.177117530381675,24.065549639407195,0.0,42.88188916525502,51.145870106773415,PPG
WR,2023,00-0035876,Andre Baccellia,1.0,7.998971236892535,0.0,2.5224640685444126,3.0085805945160833,0.0,20.177117530381675,24.065549639407195,0.0,42.88188916525502,51.145870106773415,SEASON
WR,2023,00-0036133,James Proche,10.0,10.729973429375267,0.0,2.6921776140133047,2.156000740650649,0.0,28.886994265521665,23.13383066089486,0.0,45.76701943822618,36.65201259106103,PPG
WR,2023,00-0036133,James Proche,10.0,10.729973429375267,0.0,2.6921776140133047,2.156000740650649,0.0,28.886994265521665,23.13383066089486,0.0,45.76701943822618,36.65201259106103,SEASON
WR,2023,00-0036165,Isaiah Hodgins,14.0,9.819639365214357,4.285714285714286,9.00231319048677,9.85064616177158,60.0,88.39946898329234,96.72979282292992,72.85714285714286,153.0393242382751,167.46098475011686,PPG
WR,2023,00-0036165,Isaiah Hodgins,14.0,9.819639365214357,4.285714285714286,9.00231319048677,9.85064616177158,60.0,88.39946898329234,96.72979282292992,72.85714285714286,153.0393242382751,167.46098475011686,SEASON
WR,2023,00-0036182,Nick Westbrook-Ikhine,13.0,13.005808589777544,6.538461538461538,5.444673504514731,5.33187200145779,85.0,70.81238143355189,69.34530667615411,111.15384615384615,92.55944957675042,90.64182402478244,PPG
WR,2023,00-0036182,Nick Westbrook-Ikhine,13.0,13.005808589777544,6.538461538461538,5.444673504514731,5.33187200145779,85.0,70.81238143355189,69.34530667615411,111.15384615384615,92.55944957675042,90.64182402478244,SEASON
WR,2023,00-0036196,Gabe Davis,16.0,12.55064155769709,10.100000000000001,10.318908865973619,10.101198440592798,161.60000000000002,129.50892644337745,126.776520931049,171.70000000000002,175.4214507215515,171.72037349007758,PPG
WR,2023,00-0036196,Gabe Davis,16.0,12.55064155769709,10.100000000000001,10.318908865973619,10.101198440592798,161.60000000000002,129.50892644337745,126.776520931049,171.70000000000002,175.4214507215515,171.72037349007758,SEASON
WR,2023,00-0036233,Donovan Peoples-Jones,14.0,13.460975621858,2.0357142857142856,8.898627255086787,8.766432017240428,28.5,119.7842045487244,118.00472767474884,34.607142857142854,151.27666333647537,149.02934429308726,PPG
WR,2023,00-0036233,Donovan Peoples-Jones,14.0,13.460975621858,2.0357142857142856,8.898627255086787,8.766432017240428,28.5,119.7842045487244,118.00472767474884,34.607142857142854,151.27666333647537,149.02934429308726,SEASON
WR,2023,00-0036252,Michael Pittman,16.0,13.005808589777544,15.7625,12.422581543221408,12.256537637270794,252.2,161.565717742041,159.40618248374827,267.9625,211.18388623476395,208.3611398336035,PPG
WR,2023,00-0036252,Michael Pittman,16.0,13.005808589777544,15.7625,12.422581543221408,12.256537637270794,252.2,161.565717742041,159.40618248374827,267.9625,211.18388623476395,208.3611398336035,SEASON
WR,2023,00-0036259,Jauan Jennings,13.0,13.005808589777544,3.9615384615384612,5.645892063839798,5.4184482858310785,51.49999999999999,73.42939150084452,70.47130125912724,67.34615384615384,95.98016508527657,92.11362085912833,PPG
WR,2023,00-0036259,Jauan Jennings,13.0,13.005808589777544,3.9615384615384612,5.645892063839798,5.4184482858310785,51.49999999999999,73.42939150084452,70.47130125912724,67.34615384615384,95.98016508527657,92.11362085912833,SEASON
WR,2023,00-0036261,Brandon Aiyuk,16.0,13.460975621858,15.575000000000001,12.265786065961983,11.68571999042749,249.20000000000002,165.10944721683978,157.30119191500313,264.77500000000003,208.5183631213537,198.65723983726733,PPG
WR,2023,00-0036261,Brandon Aiyuk,16.0,13.460975621858,15.575000000000001,12.265786065961983,11.68571999042749,249.20000000000002,165.10944721683978,157.30119191500313,264.77500000000003,208.5183631213537,198.65723983726733,SEASON
WR,2023,00-0036268,Laviska Shenault Jr.,8.0,11.640307493536177,2.6875,5.349542901496143,5.625700907974588,21.5,62.27032432327882,65.48488843548988,45.6875,90.94222932543443,95.636915435568,PPG
WR,2023,00-0036268,Laviska Shenault Jr.,8.0,11.640307493536177,2.6875,5.349542901496143,5.625700907974588,21.5,62.27032432327882,65.48488843548988,45.6875,90.94222932543443,95.636915435568,SEASON
WR,2023,00-0036271,Quez Watkins,5.0,13.460975621858,7.04,5.38665867514697,5.162461965559113,35.2,72.50968110942327,69.49177466716036,119.68,91.5731974774985,87.76185341450493,PPG
WR,2023,00-0036271,Quez Watkins,5.0,13.460975621858,7.04,5.38665867514697,5.162461965559113,35.2,72.50968110942327,69.49177466716036,119.68,91.5731974774985,87.76185341450493,SEASON
WR,2023,00-0036309,Darnell Mooney,14.0,10.729973429375267,5.635714285714285,8.251011193867734,8.867702852092426,78.89999999999999,88.5331308756787,95.15021598254701,95.80714285714285,140.26719029575148,150.75094848557126,PPG
WR,2023,00-0036309,Darnell Mooney,14.0,10.729973429375267,5.635714285714285,8.251011193867734,8.867702852092426,78.89999999999999,88.5331308756787,95.15021598254701,95.80714285714285,140.26719029575148,150.75094848557126,SEASON
WR,2023,00-0036322,Justin Jefferson,10.0,13.460975621858,20.340000000000003,17.785214202199136,17.907118173530144,203.40000000000003,239.40633480532523,241.04728119161962,345.7800000000001,302.3486414373853,304.42100895001244,PPG
WR,2023,00-0036322,Justin Jefferson,10.0,13.460975621858,20.340000000000003,17.785214202199136,17.907118173530144,203.40000000000003,239.40633480532523,241.04728119161962,345.7800000000001,302.3486414373853,304.42100895001244,SEASON
WR,2023,00-0036326,Chase Claypool,11.0,12.55064155769709,1.9727272727272727,7.678576587596604,6.908365863734574,21.7,96.37106242424984,86.7044237051631,33.53636363636363,130.53580198914227,117.44221968348776,PPG
WR,2023,00-0036326,Chase Claypool,11.0,12.55064155769709,1.9727272727272727,7.678576587596604,6.908365863734574,21.7,96.37106242424984,86.7044237051631,33.53636363636363,130.53580198914227,117.44221968348776,SEASON
WR,2023,00-0036331,Devin Duvernay,13.0,12.095474525616634,0.5615384615384615,6.676281613350005,7.150580218228143,7.3,80.7527941801177,86.48966087295673,9.546153846153846,113.49678742695008,121.55986370987843,PPG
WR,2023,00-0036331,Devin Duvernay,13.0,12.095474525616634,0.5615384615384615,6.676281613350005,7.150580218228143,7.3,80.7527941801177,86.48966087295673,9.546153846153846,113.49678742695008,121.55986370987843,SEASON
WR,2023,00-0036345,K.J. Osborn,15.0,13.460975621858,8.0,8.613907571511099,8.323300541092829,120.0,115.95159982904894,112.03974567704806,136.0,146.4364287156887,141.4961091985781,PPG
WR,2023,00-0036345,K.J. Osborn,15.0,13.460975621858,8.0,8.613907571511099,8.323300541092829,120.0,115.95159982904894,112.03974567704806,136.0,146.4364287156887,141.4961091985781,SEASON
WR,2023,00-0036358,CeeDee Lamb,17.0,13.460975621858,23.71764705882353,15.347730705026564,14.923818884245001,403.20000000000005,206.59542887120406,200.889162185846,403.20000000000005,260.91142198545157,253.70492103216503,PPG
WR,2023,00-0036358,CeeDee Lamb,17.0,13.460975621858,23.71764705882353,15.347730705026564,14.923818884245001,403.20000000000005,206.59542887120406,200.889162185846,403.20000000000005,260.91142198545157,253.70492103216503,SEASON
WR,2023,00-0036387,Jalen Reagor,9.0,13.460975621858,2.5,3.2322608687259113,2.5060584770700327,22.5,43.50938475740505,33.73399206679029,42.5,54.94843476834049,42.60299411019056,PPG
WR,2023,00-0036387,Jalen Reagor,9.0,13.460975621858,2.5,3.2322608687259113,2.5060584770700327,22.5,43.50938475740505,33.73399206679029,42.5,54.94843476834049,42.60299411019056,SEASON
WR,2023,00-0036407,Jerry Jeudy,16.0,12.55064155769709,8.8625,12.419626619687827,12.174367109157599,141.8,155.87428198413505,152.79611777885393,150.66250000000002,211.13365253469306,206.96424085567918,PPG
WR,2023,00-0036407,Jerry Jeudy,16.0,12.55064155769709,8.8625,12.419626619687827,12.174367109157599,141.8,155.87428198413505,152.79611777885393,150.66250000000002,211.13365253469306,206.96424085567918,SEASON
WR,2023,00-0036410,Tee Higgins,12.0,12.095474525616634,11.466666666666667,13.167514627350393,13.130676662466886,137.6,159.26733774080108,158.82176507497707,194.93333333333334,223.84774866495667,223.22150326193707,PPG
WR,2023,00-0036410,Tee Higgins,12.0,12.095474525616634,11.466666666666667,13.167514627350393,13.130676662466886,137.6,159.26733774080108,158.82176507497707,194.93333333333334,223.84774866495667,223.22150326193707,SEASON
WR,2023,00-0036415,Van Jefferson,14.0,10.274806397294812,2.95,6.9288174707906265,7.293946154823637,41.300000000000004,71.19225807456759,74.9438846131058,50.150000000000006,117.78989700344064,123.99708463200182,PPG
WR,2023,00-0036415,Van Jefferson,14.0,10.274806397294812,2.95,6.9288174707906265,7.293946154823637,41.300000000000004,71.19225807456759,74.9438846131058,50.150000000000006,117.78989700344064,123.99708463200182,SEASON
WR,2023,00-0036482,Mike Strachan,2.0,7.998971236892535,2.75,2.4945467515364457,2.672984625075609,5.5,19.95380771462374,21.381127132635772,46.75,42.40729477611958,45.44073862628535,PPG
WR,2023,00-0036482,Mike Strachan,2.0,7.998971236892535,2.75,2.4945467515364457,2.672984625075609,5.5,19.95380771462374,21.381127132635772,46.75,42.40729477611958,45.44073862628535,SEASON
WR,2023,00-0036497,Tim Jones,10.0,8.909305301053445,1.9300000000000002,1.6721811262579342,1.8504953537194249,19.3,14.897972172491334,16.486628064467244,32.81,28.427079146384884,31.45842101323022,PPG
WR,2023,00-0036497,Tim Jones,10.0,8.909305301053445,1.9300000000000002,1.6721811262579342,1.8504953537194249,19.3,14.897972172491334,16.486628064467244,32.81,28.427079146384884,31.45842101323022,SEASON
WR,2023,00-0036527,DJ Turner,7.0,7.998971236892535,0.0,1.8718054919142701,1.7141557132969003,0.0,14.97251829087973,13.711482246216912,0.0,31.820693362542592,29.140647126047305,PPG
WR,2023,00-0036527,DJ Turner,7.0,7.998971236892535,0.0,1.8718054919142701,1.7141557132969003,0.0,14.97251829087973,13.711482246216912,0.0,31.820693362542592,29.140647126047305,SEASON
WR,2023,00-0036550,Rashod Bateman,15.0,8.45413826897299,5.1000000000000005,7.786652435531787,8.495967519461015,76.50000000000001,65.82943634242102,71.82608413822689,86.7,132.37309140404037,144.43144783083724,PPG
WR,2023,00-0036550,Rashod Bateman,15.0,8.45413826897299,5.1000000000000005,7.786652435531787,8.495967519461015,76.50000000000001,65.82943634242102,71.82608413822689,86.7,132.37309140404037,144.43144783083724,SEASON
WR,2023,00-0036554,Nico Collins,15.0,10.274806397294812,17.36,8.8182377367598,8.970662150826932,260.4,90.60568551052611,92.171816855287,295.12,149.9100415249166,152.50125656405785,PPG
WR,2023,00-0036554,Nico Collins,15.0,10.274806397294812,17.36,8.8182377367598,8.970662150826932,260.4,90.60568551052611,92.171816855287,295.12,149.9100415249166,152.50125656405785,SEASON
WR,2023,00-0036613,Jaylen Waddle,14.0,13.460975621858,14.185714285714287,13.528840084222937,12.944959852115934,198.60000000000002,182.11138656574028,174.25178899526313,241.15714285714287,229.99028143178992,220.0643174859709,PPG
WR,2023,00-0036613,Jaylen Waddle,14.0,13.460975621858,14.185714285714287,13.528840084222937,12.944959852115934,198.60000000000002,182.11138656574028,174.25178899526313,241.15714285714287,229.99028143178992,220.0643174859709,SEASON
WR,2023,00-0036620,Dee Eskridge,4.0,9.819639365214357,0.125,2.352160443466862,2.403085527151991,0.5,23.097367283967255,23.597433240398583,2.125,39.986727538936655,40.85245396158385,PPG
WR,2023,00-0036620,Dee Eskridge,4.0,9.819639365214357,0.125,2.352160443466862,2.403085527151991,0.5,23.097367283967255,23.597433240398583,2.125,39.986727538936655,40.85245396158385,SEASON
WR,2023,00-0036626,Dyami Brown,16.0,9.819639365214357,2.175,3.9852109097031714,3.846958187566228,34.8,39.13333392760298,37.77574205495901,36.974999999999994,67.74858546495392,65.39828918862588,PPG
WR,2023,00-0036626,Dyami Brown,16.0,9.819639365214357,2.175,3.9852109097031714,3.846958187566228,34.8,39.13333392760298,37.77574205495901,36.974999999999994,67.74858546495392,65.39828918862588,SEASON
WR,2023,00-0036630,Tylan Wallace,6.0,7.998971236892535,0.35,2.096466164074565,2.3931931763318413,2.0999999999999996,16.769572545550872,19.143083381805884,5.949999999999999,35.6399247892676,40.6842839976413,PPG
WR,2023,00-0036630,Tylan Wallace,6.0,7.998971236892535,0.35,2.096466164074565,2.3931931763318413,2.0999999999999996,16.769572545550872,19.143083381805884,5.949999999999999,35.6399247892676,40.6842839976413,SEASON
WR,2023,00-0036635,Ihmir Smith-Marsette,17.0,7.543804204812079,1.5588235294117647,1.19576392503057,1.5975394883521825,26.5,9.02060892560821,12.051525109584531,26.5,20.32798672551969,27.158171301987103,PPG
WR,2023,00-0036635,Ihmir Smith-Marsette,17.0,7.543804204812079,1.5588235294117647,1.19576392503057,1.5975394883521825,26.5,9.02060892560821,12.051525109584531,26.5,20.32798672551969,27.158171301987103,SEASON
WR,2023,00-0036646,Simi Fehoko,2.0,7.088637172731623,3.95,2.0569741949923284,2.5940337570029564,7.9,14.581143741972324,18.388164117211826,67.15,34.96856131486958,44.098573869050256,PPG
WR,2023,00-0036646,Simi Fehoko,2.0,7.088637172731623,3.95,2.0569741949923284,2.5940337570029564,7.9,14.581143741972324,18.388164117211826,67.15,34.96856131486958,44.098573869050256,SEASON
WR,2023,00-0036849,Tutu Atwell,14.0,11.185140461455722,7.885714285714285,4.558284388552992,5.791753999482232,110.39999999999999,50.985051149226024,64.78158200240672,134.05714285714285,77.49083460540086,98.45981799119795,PPG
WR,2023,00-0036849,Tutu Atwell,14.0,11.185140461455722,7.885714285714285,4.558284388552992,5.791753999482232,110.39999999999999,50.985051149226024,64.78158200240672,134.05714285714285,77.49083460540086,98.45981799119795,SEASON
WR,2023,00-0036862,Ben Skowronek,13.0,12.095474525616634,1.653846153846154,4.479584568697641,6.208393511006737,21.5,54.182701036027694,75.09346555738561,28.115384615384617,76.1529376678599,105.54268968711453,PPG
WR,2023,00-0036862,Ben Skowronek,13.0,12.095474525616634,1.653846153846154,4.479584568697641,6.208393511006737,21.5,54.182701036027694,75.09346555738561,28.115384615384617,76.1529376678599,105.54268968711453,SEASON
WR,2023,00-0036877,Jaelon Darden,1.0,12.095474525616634,0.0,1.954662535163584,1.3731397675078503,0.0,23.64257090024836,16.60877707800235,0.0,33.22926309778093,23.343376047633456,PPG
WR,2023,00-0036877,Jaelon Darden,1.0,12.095474525616634,0.0,1.954662535163584,1.3731397675078503,0.0,23.64257090024836,16.60877707800235,0.0,33.22926309778093,23.343376047633456,SEASON
WR,2023,00-0036900,Ja'Marr Chase,16.0,11.185140461455722,16.475,16.67760011179043,16.880487787686203,263.6,186.54129981036562,188.81062696315814,280.07500000000005,283.5192019004373,286.96829239066545,PPG
WR,2023,00-0036900,Ja'Marr Chase,16.0,11.185140461455722,16.475,16.67760011179043,16.880487787686203,263.6,186.54129981036562,188.81062696315814,280.07500000000005,283.5192019004373,286.96829239066545,SEASON
WR,2023,00-0036912,DeVonta Smith,16.0,13.460975621858,14.225000000000001,13.51609338008215,13.347126943822143,227.60000000000002,181.9398034920421,179.66535041263393,241.82500000000002,229.77358746139654,226.90115804497643,PPG
WR,2023,00-0036912,DeVonta Smith,16.0,13.460975621858,14.225000000000001,13.51609338008215,13.347126943822143,227.60000000000002,181.9398034920421,179.66535041263393,241.82500000000002,229.77358746139654,226.90115804497643,SEASON
WR,2023,00-0036913,Kadarius Toney,13.0,9.819639365214357,4.0769230769230775,5.31461350624838,6.2015548981758455,53.00000000000001,52.187587996856486,60.897032603665444,69.30769230769232,90.34842960622245,105.42643326898937,PPG
WR,2023,00-0036913,Kadarius Toney,13.0,9.819639365214357,4.0769230769230775,5.31461350624838,6.2015548981758455,53.00000000000001,52.187587996856486,60.897032603665444,69.30769230769232,90.34842960622245,105.42643326898937,SEASON
WR,2023,00-0036936,Rondale Moore,17.0,9.3644723331339,6.176470588235294,9.28946224797609,10.029061865326394,105.0,86.99091221086394,93.91687236513728,105.0,157.9208582155935,170.4940517105487,PPG
WR,2023,00-0036936,Rondale Moore,17.0,9.3644723331339,6.176470588235294,9.28946224797609,10.029061865326394,105.0,86.99091221086394,93.91687236513728,105.0,157.9208582155935,170.4940517105487,SEASON
WR,2023,00-0036955,Terrace Marshall Jr.,8.0,11.640307493536177,4.1125,6.576284657655043,6.250430711932106,32.9,76.54997558012899,72.75693545393196,69.9125,111.79683918013572,106.2573221028458,PPG
WR,2023,00-0036955,Terrace Marshall Jr.,8.0,11.640307493536177,4.1125,6.576284657655043,6.250430711932106,32.9,76.54997558012899,72.75693545393196,69.9125,111.79683918013572,106.2573221028458,SEASON
WR,2023,00-0036959,Michael Bandy,1.0,9.3644723331339,0.0,2.934751472095574,3.118190183898543,0.0,27.482398965062988,29.200205706567612,0.0,49.89077502562476,53.00923312627523,PPG
WR,2023,00-0036959,Michael Bandy,1.0,9.3644723331339,0.0,2.934751472095574,3.118190183898543,0.0,27.482398965062988,29.200205706567612,0.0,49.89077502562476,53.00923312627523,SEASON
WR,2023,00-0036963,Amon-Ra St. Brown,16.0,13.005808589777544,20.68125,14.757697301106734,14.40267878422923,330.9,191.93578632407085,187.31848344773533,351.58124999999995,250.88085411881448,244.84553933189693,PPG
WR,2023,00-0036963,Amon-Ra St. Brown,16.0,13.005808589777544,20.68125,14.757697301106734,14.40267878422923,330.9,191.93578632407085,187.31848344773533,351.58124999999995,250.88085411881448,244.84553933189693,SEASON
WR,2023,00-0036980,Elijah Moore,16.0,12.095474525616634,8.25625,6.305533438655533,6.308374830270037,132.1,76.26841907768186,76.30278705757239,140.35625,107.19406845714406,107.24237211459064,PPG
WR,2023,00-0036980,Elijah Moore,16.0,12.095474525616634,8.25625,6.305533438655533,6.308374830270037,132.1,76.26841907768186,76.30278705757239,140.35625,107.19406845714406,107.24237211459064,SEASON
WR,2023,00-0036988,Josh Palmer,10.0,13.005808589777544,10.67,9.649077497423907,9.195126623840062,106.7,125.49405499942506,119.59005682843127,181.39,164.03431745620642,156.31715260528105,PPG
WR,2023,00-0036988,Josh Palmer,10.0,13.005808589777544,10.67,9.649077497423907,9.195126623840062,106.7,125.49405499942506,119.59005682843127,181.39,164.03431745620642,156.31715260528105,SEASON
WR,2023,00-0036991,Amari Rodgers,1.0,12.55064155769709,0.0,3.981761307518907,3.845785469586185,0.0,49.97365893897709,48.26707493657599,0.0,67.68994222782142,65.37835298296514,PPG
WR,2023,00-0036991,Amari Rodgers,1.0,12.55064155769709,0.0,3.981761307518907,3.845785469586185,0.0,49.97365893897709,48.26707493657599,0.0,67.68994222782142,65.37835298296514,SEASON
WR,2023,00-0037093,Dareke Young,1.0,8.45413826897299,0.0,1.2694154293994173,1.664980932436027,0.0,10.731813560910394,14.075979018017748,0.0,21.580062299790093,28.30467585141246,PPG
WR,2023,00-0037093,Dareke Young,1.0,8.45413826897299,0.0,1.2694154293994173,1.664980932436027,0.0,10.731813560910394,14.075979018017748,0.0,21.580062299790093,28.30467585141246,SEASON
WR,2023,00-0037098,Samori Toure,8.0,7.543804204812079,2.225,3.9376141660938937,4.813302757702258,17.8,29.704590303106723,36.31061358258787,37.825,66.93944082359619,81.82614688093838,PPG
WR,2023,00-0037098,Samori Toure,8.0,7.543804204812079,2.225,3.9376141660938937,4.813302757702258,17.8,29.704590303106723,36.31061358258787,37.825,66.93944082359619,81.82614688093838,SEASON
WR,2023,00-0037132,Britain Covey,15.0,13.460975621858,0.5466666666666666,2.369070344650557,1.2078416032417547,8.2,31.88999815580788,16.25872637630314,9.293333333333333,40.274195859059475,20.53330725510983,PPG
WR,2023,00-0037132,Britain Covey,15.0,13.460975621858,0.5466666666666666,2.369070344650557,1.2078416032417547,8.2,31.88999815580788,16.25872637630314,9.293333333333333,40.274195859059475,20.53330725510983,SEASON
WR,2023,00-0037238,Drake London,16.0,13.460975621858,10.84375,10.540813315659545,10.337343412702184,173.5,141.88963107664932,139.15072767315849,184.34375,179.19382636621225,175.73483801593713,PPG
WR,2023,00-0037238,Drake London,16.0,13.460975621858,10.84375,10.540813315659545,10.337343412702184,173.5,141.88963107664932,139.15072767315849,184.34375,179.19382636621225,175.73483801593713,SEASON
WR,2023,00-0037239,Chris Olave,16.0,12.55064155769709,14.45625,12.492163804190621,11.76164844319637,231.3,156.78467018643417,147.61623373820362,245.75625000000002,212.36678467124057,199.9480235343383,PPG
WR,2023,00-0037239,Chris Olave,16.0,12.55064155769709,14.45625,12.492163804190621,11.76164844319637,231.3,156.78467018643417,147.61623373820362,245.75625000000002,212.36678467124057,199.9480235343383,SEASON
WR,2023,00-0037240,Jameson Williams,12.0,8.45413826897299,6.691666666666666,3.738873744694503,3.111696824665641,80.3,31.608955607880144,26.30671520684753,113.75833333333333,63.56085365980655,52.8988460193159,PPG
WR,2023,00-0037240,Jameson Williams,12.0,8.45413826897299,6.691666666666666,3.738873744694503,3.111696824665641,80.3,31.608955607880144,26.30671520684753,113.75833333333333,63.56085365980655,52.8988460193159,SEASON
WR,2023,00-0037247,George Pickens,17.0,13.460975621858,12.282352941176471,8.912415043826792,8.770257139973404,208.8,119.96980163683294,118.05621755860805,208.8,151.51105574505547,149.09437137954788,PPG
WR,2023,00-0037247,George Pickens,17.0,13.460975621858,12.282352941176471,8.912415043826792,8.770257139973404,208.8,119.96980163683294,118.05621755860805,208.8,151.51105574505547,149.09437137954788,SEASON
WR,2023,00-0037257,David Bell,9.0,12.55064155769709,5.411111111111111,3.9137040685992113,3.549556226429196,48.7,49.11949692788944,44.54920788680473,91.9888888888889,66.53296916618659,60.342455849296336,PPG
WR,2023,00-0037257,David Bell,9.0,12.55064155769709,5.411111111111111,3.9137040685992113,3.549556226429196,48.7,49.11949692788944,44.54920788680473,91.9888888888889,66.53296916618659,60.342455849296336,SEASON
WR,2023,00-0037261,Khalil Shakir,16.0,10.274806397294812,7.06875,3.746771390874284,3.658300810739892,113.1,38.49735065615627,37.588332573419045,120.16874999999999,63.69511364486283,62.19111378257817,PPG
WR,2023,00-0037261,Khalil Shakir,16.0,10.274806397294812,7.06875,3.746771390874284,3.658300810739892,113.1,38.49735065615627,37.588332573419045,120.16874999999999,63.69511364486283,62.19111378257817,SEASON
WR,2023,00-0037272,Montrell Washington,4.0,12.55064155769709,0.0,2.319548631976176,1.8256060028540195,0.0,29.111823455579625,22.912526567400928,0.0,39.43232674359499,31.035302048518332,PPG
WR,2023,00-0037272,Montrell Washington,4.0,12.55064155769709,0.0,2.319548631976176,1.8256060028540195,0.0,29.111823455579625,22.912526567400928,0.0,39.43232674359499,31.035302048518332,SEASON
WR,2023,00-0037273,Kyle Philips,8.0,7.543804204812079,4.1375,4.460680960785648,4.9407492581153365,33.1,33.65050378829996,37.27204502829264,70.3375,75.83157633335603,83.99273738796072,PPG
WR,2023,00-0037273,Kyle Philips,8.0,7.543804204812079,4.1375,4.460680960785648,4.9407492581153365,33.1,33.65050378829996,37.27204502829264,70.3375,75.83157633335603,83.99273738796072,SEASON
WR,2023,00-0037291,Jalen Nailor,3.0,9.3644723331339,1.9666666666666668,4.143506175643574,4.205554032483796,5.9,38.801748943983704,39.38279438269422,33.43333333333334,70.43960498594076,71.49441855222454,PPG
WR,2023,00-0037291,Jalen Nailor,3.0,9.3644723331339,1.9666666666666668,4.143506175643574,4.205554032483796,5.9,38.801748943983704,39.38279438269422,33.43333333333334,70.43960498594076,71.49441855222454,SEASON
WR,2023,00-0037382,Brandon Johnson,10.0,7.998971236892535,7.34,2.9902327222666782,3.78861929525772,73.4,23.91878553702602,30.305056770302567,124.78,50.83395627853353,64.40652801938124,PPG
WR,2023,00-0037382,Brandon Johnson,10.0,7.998971236892535,7.34,2.9902327222666782,3.78861929525772,73.4,23.91878553702602,30.305056770302567,124.78,50.83395627853353,64.40652801938124,SEASON
WR,2023,00-0037487,Deven Thompkins,17.0,7.998971236892535,2.0529411764705885,2.885409846942522,2.9527315093460276,34.900000000000006,23.080310372339724,23.618814413525154,34.900000000000006,49.051967398022875,50.19643565888247,PPG
WR,2023,00-0037487,Deven Thompkins,17.0,7.998971236892535,2.0529411764705885,2.885409846942522,2.9527315093460276,34.900000000000006,23.080310372339724,23.618814413525154,34.900000000000006,49.051967398022875,50.19643565888247,SEASON
WR,2023,00-0037545,Rashid Shaheed,15.0,11.185140461455722,10.106666666666666,7.198212910917126,8.159101967916321,151.6,80.51302248007211,91.26070155048384,171.8133333333333,122.36961948559113,138.70473345457745,PPG
WR,2023,00-0037545,Rashid Shaheed,15.0,11.185140461455722,10.106666666666666,7.198212910917126,8.159101967916321,151.6,80.51302248007211,91.26070155048384,171.8133333333333,122.36961948559113,138.70473345457745,SEASON
WR,2023,00-0037664,Alec Pierce,17.0,13.005808589777544,5.6117647058823525,7.184902931097418,6.954240970353841,95.39999999999999,93.44547225798465,90.44552694761092,95.39999999999999,122.1433498286561,118.2220964960153,PPG
WR,2023,00-0037664,Alec Pierce,17.0,13.005808589777544,5.6117647058823525,7.184902931097418,6.954240970353841,95.39999999999999,93.44547225798465,90.44552694761092,95.39999999999999,122.1433498286561,118.2220964960153,SEASON
WR,2023,00-0037666,Jalen Tolbert,14.0,7.088637172731623,4.3428571428571425,1.337120063887472,2.029167948027346,60.8,9.478358989278018,14.384035346102197,73.82857142857142,22.731041086087025,34.49585511646488,PPG
WR,2023,00-0037666,Jalen Tolbert,14.0,7.088637172731623,4.3428571428571425,1.337120063887472,2.029167948027346,60.8,9.478358989278018,14.384035346102197,73.82857142857142,22.731041086087025,34.49585511646488,SEASON
WR,2023,00-0037740,Garrett Wilson,17.0,13.460975621858,12.541176470588235,11.923231530738718,11.48059888483413,213.2,160.49832896904252,154.54006171308237,213.2,202.6949360225582,195.17018104218022,PPG
WR,2023,00-0037740,Garrett Wilson,17.0,13.460975621858,12.541176470588235,11.923231530738718,11.48059888483413,213.2,160.49832896904252,154.54006171308237,213.2,202.6949360225582,195.17018104218022,SEASON
WR,2023,00-0037741,Jahan Dotson,17.0,11.185140461455722,7.341176470588235,9.006543930732393,9.611607893745742,124.8,100.73945893751335,107.5071843519827,124.8,153.11124682245068,163.3973341936776,PPG
WR,2023,00-0037741,Jahan Dotson,17.0,11.185140461455722,7.341176470588235,9.006543930732393,9.611607893745742,124.8,100.73945893751335,107.5071843519827,124.8,153.11124682245068,163.3973341936776,SEASON
WR,2023,00-0037742,Treylon Burks,9.0,10.729973429375267,4.433333333333334,7.585108272616295,7.589858755063743,39.900000000000006,81.38801022410738,81.4389827745452,75.36666666666667,128.946840634477,129.02759883608363,PPG
WR,2023,00-0037742,Treylon Burks,9.0,10.729973429375267,4.433333333333334,7.585108272616295,7.589858755063743,39.900000000000006,81.38801022410738,81.4389827745452,75.36666666666667,128.946840634477,129.02759883608363,SEASON
WR,2023,00-0037745,Velus Jones Jr.,13.0,10.729973429375267,0.8538461538461539,3.565261918840163,4.105646539563184,11.100000000000001,38.25516565791843,44.053478279919474,14.515384615384617,60.609452620282774,69.79599117257412,PPG
WR,2023,00-0037745,Velus Jones Jr.,13.0,10.729973429375267,0.8538461538461539,3.565261918840163,4.105646539563184,11.100000000000001,38.25516565791843,44.053478279919474,14.515384615384617,60.609452620282774,69.79599117257412,SEASON
WR,2023,00-0037801,KaVontae Turpin,16.0,13.460975621858,3.73125,2.2575072181570075,1.423156195371197,59.7,30.388249629779946,19.157070851987864,63.431250000000006,38.37762270866913,24.193655321310352,PPG
WR,2023,00-0037801,KaVontae Turpin,16.0,13.460975621858,3.73125,2.2575072181570075,1.423156195371197,59.7,30.388249629779946,19.157070851987864,63.431250000000006,38.37762270866913,24.193655321310352,SEASON
WR,2023,00-0037816,Romeo Doubs,17.0,11.640307493536177,10.258823529411764,7.738503537476382,7.101495990858519,174.39999999999998,90.07856071604255,82.66359699770753,174.39999999999998,131.5545601370985,120.72543184459482,PPG
WR,2023,00-0037816,Romeo Doubs,17.0,11.640307493536177,10.258823529411764,7.738503537476382,7.101495990858519,174.39999999999998,90.07856071604255,82.66359699770753,174.39999999999998,131.5545601370985,120.72543184459482,SEASON
WR,2023,00-0038090,Skyy Moore,13.0,13.005808589777544,4.130769230769231,4.340621229606198,3.67836560966991,53.7,56.45328887298305,47.840119042587226,70.22307692307693,73.79056090330536,62.53221536438847,PPG
WR,2023,00-0038090,Skyy Moore,13.0,13.005808589777544,4.130769230769231,4.340621229606198,3.67836560966991,53.7,56.45328887298305,47.840119042587226,70.22307692307693,73.79056090330536,62.53221536438847,SEASON
WR,2023,00-0038104,Tyquan Thornton,9.0,11.185140461455722,3.0222222222222226,4.860332377271228,5.823543169478385,27.200000000000003,54.36350032913969,65.13714833396678,51.37777777777779,82.62565041361088,99.00023388113254,PPG
WR,2023,00-0038104,Tyquan Thornton,9.0,11.185140461455722,3.0222222222222226,4.860332377271228,5.823543169478385,27.200000000000003,54.36350032913969,65.13714833396678,51.37777777777779,82.62565041361088,99.00023388113254,SEASON
WR,2023,00-0038117,Wan'Dale Robinson,15.0,8.45413826897299,8.88,7.407571786375232,8.29559864782683,133.20000000000002,62.624636119359465,70.1321379926334,150.96,125.92872036837895,141.02517701305612,PPG
WR,2023,00-0038117,Wan'Dale Robinson,15.0,8.45413826897299,8.88,7.407571786375232,8.29559864782683,133.20000000000002,62.624636119359465,70.1321379926334,150.96,125.92872036837895,141.02517701305612,SEASON
WR,2023,00-0038124,Christian Watson,9.0,12.095474525616634,11.255555555555555,9.454201118128918,10.155043206425749,101.3,114.35304878438463,122.8300664098589,191.34444444444443,160.7214190081916,172.63573450923772,PPG
WR,2023,00-0038124,Christian Watson,9.0,12.095474525616634,11.255555555555555,9.454201118128918,10.155043206425749,101.3,114.35304878438463,122.8300664098589,191.34444444444443,160.7214190081916,172.63573450923772,SEASON
WR,2024,00-0030035,Adam Thielen,10.0,13.551168244530523,13.95,12.31566273141776,11.92579510949473,139.5,166.89161771633638,161.6084559785624,237.14999999999998,209.36626643410193,202.73851686141043,PPG
WR,2024,00-0030035,Adam Thielen,10.0,13.551168244530523,13.95,12.31566273141776,11.92579510949473,139.5,166.89161771633638,161.6084559785624,237.14999999999998,209.36626643410193,202.73851686141043,SEASON
WR,2024,00-0030279,Keenan Allen,15.0,11.749530331303522,12.426666666666668,18.05594876274156,18.19750549085439,186.4,212.14891764829426,213.81214271885602,211.25333333333336,306.9511289666065,309.3575933445246,PPG
WR,2024,00-0030279,Keenan Allen,15.0,11.749530331303522,12.426666666666668,18.05594876274156,18.19750549085439,186.4,212.14891764829426,213.81214271885602,211.25333333333336,306.9511289666065,309.3575933445246,SEASON
WR,2024,00-0030431,Robert Woods,14.0,12.199939809610271,2.7357142857142858,6.137784605131703,6.061197788512607,38.3,74.88060274695933,73.9462481939967,46.50714285714286,104.34233828723895,103.04036240471432,PPG
WR,2024,00-0030431,Robert Woods,14.0,12.199939809610271,2.7357142857142858,6.137784605131703,6.061197788512607,38.3,74.88060274695933,73.9462481939967,46.50714285714286,104.34233828723895,103.04036240471432,SEASON
WR,2024,00-0030564,DeAndre Hopkins,16.0,13.551168244530523,9.1875,12.536844383960778,11.690140622238276,147.0,169.88888750255012,158.4150623741716,156.1875,213.12635452733323,198.7323905780507,PPG
WR,2024,00-0030564,DeAndre Hopkins,16.0,13.551168244530523,9.1875,12.536844383960778,11.690140622238276,147.0,169.88888750255012,158.4150623741716,156.1875,213.12635452733323,198.7323905780507,SEASON
WR,2024,00-0031235,Odell Beckham Jr.,8.0,12.199939809610271,1.8125,7.571753380010774,7.2080033646581505,14.5,92.37493548934457,87.93720719629775,30.8125,128.71980746018315,122.53605719918856,PPG
WR,2024,00-0031235,Odell Beckham Jr.,8.0,12.199939809610271,1.8125,7.571753380010774,7.2080033646581505,14.5,92.37493548934457,87.93720719629775,30.8125,128.71980746018315,122.53605719918856,SEASON
WR,2024,00-0031236,Brandin Cooks,10.0,13.100758766223771,6.99,9.309476508528784,9.11000568181104,69.9,121.96120597806274,119.34798679633435,118.83,158.2611006449893,154.87009659078768,PPG
WR,2024,00-0031236,Brandin Cooks,10.0,13.100758766223771,6.99,9.309476508528784,9.11000568181104,69.9,121.96120597806274,119.34798679633435,118.83,158.2611006449893,154.87009659078768,SEASON
WR,2024,00-0031381,Davante Adams,14.0,13.551168244530523,17.235714285714288,14.422270317888302,13.742350584506783,241.3,195.43861154580307,186.22490484597378,293.00714285714287,245.17859540410112,233.61995993661532,PPG
WR,2024,00-0031381,Davante Adams,14.0,13.551168244530523,17.235714285714288,14.422270317888302,13.742350584506783,241.3,195.43861154580307,186.22490484597378,293.00714285714287,245.17859540410112,233.61995993661532,SEASON
WR,2024,00-0031408,Mike Evans,14.0,13.551168244530523,17.17142857142857,14.531313641710328,13.745697446214827,240.39999999999998,196.9162759728582,186.27025873207066,291.9142857142857,247.0323319090756,233.67685658565205,PPG
WR,2024,00-0031408,Mike Evans,14.0,13.551168244530523,17.17142857142857,14.531313641710328,13.745697446214827,240.39999999999998,196.9162759728582,186.27025873207066,291.9142857142857,247.0323319090756,233.67685658565205,SEASON
WR,2024,00-0031428,Allen Robinson,6.0,12.650349287917022,1.0,4.602499032161389,4.436154909373861,6.0,58.22322035414161,56.11890909888722,17.0,78.24248354674361,75.41463345935563,PPG
WR,2024,00-0031428,Allen Robinson,6.0,12.650349287917022,1.0,4.602499032161389,4.436154909373861,6.0,58.22322035414161,56.11890909888722,17.0,78.24248354674361,75.41463345935563,SEASON
WR,2024,00-0031544,Amari Cooper,13.0,12.650349287917022,9.438461538461539,13.978553778678743,13.126619143481548,122.7,176.83358784021843,166.05631713449975,160.45384615384614,237.6354142375386,223.15252543918632,PPG
WR,2024,00-0031544,Amari Cooper,13.0,12.650349287917022,9.438461538461539,13.978553778678743,13.126619143481548,122.7,176.83358784021843,166.05631713449975,160.45384615384614,237.6354142375386,223.15252543918632,SEASON
WR,2024,00-0031549,Nelson Agholor,13.0,13.100758766223771,3.776923076923077,5.540351603255266,5.528497668944181,49.1,72.58280983430836,72.42751430046816,64.20769230769231,94.18597725533952,93.98446037205107,PPG
WR,2024,00-0031549,Nelson Agholor,13.0,13.100758766223771,3.776923076923077,5.540351603255266,5.528497668944181,49.1,72.58280983430836,72.42751430046816,64.20769230769231,94.18597725533952,93.98446037205107,SEASON
WR,2024,00-0031588,Stefon Diggs,8.0,13.551168244530523,15.174999999999999,14.884253145898132,13.940634370304004,121.39999999999999,201.6990185742483,188.91188178747439,257.97499999999997,253.03230348026824,236.99078429516805,PPG
WR,2024,00-0031588,Stefon Diggs,8.0,13.551168244530523,15.174999999999999,14.884253145898132,13.940634370304004,121.39999999999999,201.6990185742483,188.91188178747439,257.97499999999997,253.03230348026824,236.99078429516805,SEASON
WR,2024,00-0031763,DeAndre Carter,13.0,13.551168244530523,1.2461538461538462,2.8228559917458353,1.3207176430702603,16.2,38.25299647422888,17.897266984764908,21.184615384615384,47.9885518596792,22.452199932194425,PPG
WR,2024,00-0031763,DeAndre Carter,13.0,13.551168244530523,1.2461538461538462,2.8228559917458353,1.3207176430702603,16.2,38.25299647422888,17.897266984764908,21.184615384615384,47.9885518596792,22.452199932194425,SEASON
WR,2024,00-0031941,Jamison Crowder,5.0,13.100758766223771,5.640000000000001,3.407359600915198,2.672658111826566,28.200000000000003,44.638996161366514,35.01384918763096,95.88000000000001,57.92511321555837,45.43518790105162,PPG
WR,2024,00-0031941,Jamison Crowder,5.0,13.100758766223771,5.640000000000001,3.407359600915198,2.672658111826566,28.200000000000003,44.638996161366514,35.01384918763096,95.88000000000001,57.92511321555837,45.43518790105162,SEASON
WR,2024,00-0032211,Tyler Lockett,17.0,13.551168244530523,7.117647058823529,11.060868100290218,10.532841700547152,121.0,149.88768455759345,142.73230997712145,121.0,188.0347577049337,179.0583089093016,PPG
WR,2024,00-0032211,Tyler Lockett,17.0,13.551168244530523,7.117647058823529,11.060868100290218,10.532841700547152,121.0,149.88768455759345,142.73230997712145,121.0,188.0347577049337,179.0583089093016,SEASON
WR,2024,00-0032385,Sterling Shepard,13.0,10.398301896383272,6.176923076923077,3.209347600970753,2.8761890690328813,80.3,33.37176524532728,29.907482250881447,105.00769230769231,54.5589092165028,48.89521417355898,PPG
WR,2024,00-0032385,Sterling Shepard,13.0,10.398301896383272,6.176923076923077,3.209347600970753,2.8761890690328813,80.3,33.37176524532728,29.907482250881447,105.00769230769231,54.5589092165028,48.89521417355898,SEASON
WR,2024,00-0032464,Kalif Raymond,12.0,13.551168244530523,4.208333333333334,6.518357885800619,5.541634665920859,50.50000000000001,88.33136438854646,75.09562370761626,71.54166666666667,110.81208405861051,94.2077893206546,PPG
WR,2024,00-0032464,Kalif Raymond,12.0,13.551168244530523,4.208333333333334,6.518357885800619,5.541634665920859,50.50000000000001,88.33136438854646,75.09562370761626,71.54166666666667,110.81208405861051,94.2077893206546,SEASON
WR,2024,00-0032543,Alex Erickson,3.0,9.497482939769771,0.0,5.065826108529628,5.607604506367288,0.0,48.11259704160043,53.2581281321994,0.0,86.11904384500369,95.3292766082439,PPG
WR,2024,00-0032543,Alex Erickson,3.0,9.497482939769771,0.0,5.065826108529628,5.607604506367288,0.0,48.11259704160043,53.2581281321994,0.0,86.11904384500369,95.3292766082439,SEASON
WR,2024,00-0032688,Robbie Chosen,1.0,8.596663983156272,1.5,3.0882573633350363,3.695803495110825,1.5,26.54871084609946,31.771580795242297,25.5,52.50037517669562,62.82865941688402,PPG
WR,2024,00-0032688,Robbie Chosen,1.0,8.596663983156272,1.5,3.0882573633350363,3.695803495110825,1.5,26.54871084609946,31.771580795242297,25.5,52.50037517669562,62.82865941688402,SEASON
WR,2024,00-0032775,Demarcus Robinson,17.0,9.497482939769771,7.264705882352941,9.512359338739893,9.413628882654256,123.5,90.34347053664179,89.40577971433277,123.5,161.71010875857817,160.03169100512235,PPG
WR,2024,00-0032775,Demarcus Robinson,17.0,9.497482939769771,7.264705882352941,9.512359338739893,9.413628882654256,123.5,90.34347053664179,89.40577971433277,123.5,161.71010875857817,160.03169100512235,SEASON
WR,2024,00-0033009,Tyler Boyd,15.0,13.551168244530523,5.22,8.15096137979046,7.825759121981871,78.3,110.45504901221116,106.0481785031458,88.74,138.5663434564378,133.0379050736918,PPG
WR,2024,00-0033009,Tyler Boyd,15.0,13.551168244530523,5.22,8.15096137979046,7.825759121981871,78.3,110.45504901221116,106.0481785031458,88.74,138.5663434564378,133.0379050736918,SEASON
WR,2024,00-0033040,Tyreek Hill,17.0,13.100758766223771,12.83529411764706,20.77214017920867,19.467969404571615,218.20000000000002,272.130797545997,255.04517083751776,218.20000000000002,353.1263830465474,330.95547987771744,PPG
WR,2024,00-0033040,Tyreek Hill,17.0,13.100758766223771,12.83529411764706,20.77214017920867,19.467969404571615,218.20000000000002,272.130797545997,255.04517083751776,218.20000000000002,353.1263830465474,330.95547987771744,SEASON
WR,2024,00-0033251,Zach Pascal,3.0,10.398301896383272,0.0,1.8584455697133018,1.3461187900688532,0.0,19.324678091874915,13.997349567530112,0.0,31.59357468512613,22.884019431170504,PPG
WR,2024,00-0033251,Zach Pascal,3.0,10.398301896383272,0.0,1.8584455697133018,1.3461187900688532,0.0,19.324678091874915,13.997349567530112,0.0,31.59357468512613,22.884019431170504,SEASON
WR,2024,00-0033282,Curtis Samuel,14.0,13.100758766223771,4.55,8.704744525550877,8.851376582541965,63.699999999999996,114.03875815084903,115.95974935688446,77.35,147.9806569343649,150.47340190321341,PPG
WR,2024,00-0033282,Curtis Samuel,14.0,13.100758766223771,4.55,8.704744525550877,8.851376582541965,63.699999999999996,114.03875815084903,115.95974935688446,77.35,147.9806569343649,150.47340190321341,SEASON
WR,2024,00-0033292,Trent Taylor,2.0,12.650349287917022,1.05,1.8057023715692821,0.8928673700725045,2.1,22.842765710371545,11.295084099201052,17.85,30.696940316677797,15.178745291232577,PPG
WR,2024,00-0033292,Trent Taylor,2.0,12.650349287917022,1.05,1.8057023715692821,0.8928673700725045,2.1,22.842765710371545,11.295084099201052,17.85,30.696940316677797,15.178745291232577,SEASON
WR,2024,00-0033307,Kendrick Bourne,12.0,9.497482939769771,5.425,10.12113390500826,10.806836759583707,65.1,96.12529659394136,102.63774775702309,92.225,172.05927638514044,183.71622491292302,PPG
WR,2024,00-0033307,Kendrick Bourne,12.0,9.497482939769771,5.425,10.12113390500826,10.806836759583707,65.1,96.12529659394136,102.63774775702309,92.225,172.05927638514044,183.71622491292302,SEASON
WR,2024,00-0033536,Mike Williams,14.0,7.245435548236022,4.057142857142857,13.236255576055083,14.44607097981069,56.8,95.90243667628677,104.66807620946116,68.97142857142856,225.0163447929364,245.58320665678173,PPG
WR,2024,00-0033536,Mike Williams,14.0,7.245435548236022,4.057142857142857,13.236255576055083,14.44607097981069,56.8,95.90243667628677,104.66807620946116,68.97142857142856,225.0163447929364,245.58320665678173,SEASON
WR,2024,00-0033555,Mack Hollins,17.0,11.299120852996772,5.811764705882353,4.278515164367645,3.833600633911804,98.8,48.343459913569376,43.31631686469451,98.8,72.73475779424997,65.17121077650067,PPG
WR,2024,00-0033555,Mack Hollins,17.0,11.299120852996772,5.811764705882353,4.278515164367645,3.833600633911804,98.8,48.343459913569376,43.31631686469451,98.8,72.73475779424997,65.17121077650067,SEASON
WR,2024,00-0033589,David Moore,15.0,8.596663983156272,5.673333333333334,2.4685803125330685,3.407791332113367,85.10000000000001,21.221555462281685,29.295637006891116,96.44666666666667,41.96586531306217,57.93245264592724,PPG
WR,2024,00-0033589,David Moore,15.0,8.596663983156272,5.673333333333334,2.4685803125330685,3.407791332113367,85.10000000000001,21.221555462281685,29.295637006891116,96.44666666666667,41.96586531306217,57.93245264592724,SEASON
WR,2024,00-0033591,Noah Brown,11.0,10.398301896383272,7.845454545454546,8.970326916202522,9.329450705339859,86.3,93.27616738392659,97.01044496154971,133.37272727272727,152.49555757544286,158.6006619907776,PPG
WR,2024,00-0033591,Noah Brown,11.0,10.398301896383272,7.845454545454546,8.970326916202522,9.329450705339859,86.3,93.27616738392659,97.01044496154971,133.37272727272727,152.49555757544286,158.6006619907776,SEASON
WR,2024,00-0033857,JuJu Smith-Schuster,11.0,10.848711374690021,4.827272727272728,5.050488313924612,5.394127420482649,53.10000000000001,54.79129001901297,58.519331503117456,82.06363636363638,85.85830133671841,91.70016614820503,PPG
WR,2024,00-0033857,JuJu Smith-Schuster,11.0,10.848711374690021,4.827272727272728,5.050488313924612,5.394127420482649,53.10000000000001,54.79129001901297,58.519331503117456,82.06363636363638,85.85830133671841,91.70016614820503,SEASON
WR,2024,00-0033891,Zay Jones,6.0,9.947892418076522,2.7333333333333334,7.68990997475882,7.968677722123875,16.4,76.4983971335943,79.27154869401139,46.46666666666667,130.72846957089996,135.46752127610588,PPG
WR,2024,00-0033891,Zay Jones,6.0,9.947892418076522,2.7333333333333334,7.68990997475882,7.968677722123875,16.4,76.4983971335943,79.27154869401139,46.46666666666667,130.72846957089996,135.46752127610588,SEASON
WR,2024,00-0033908,Cooper Kupp,12.0,11.299120852996772,14.583333333333334,11.301518094073998,11.985232856243861,175.0,127.69721876727185,135.4225944940071,247.91666666666669,192.12580759925797,203.74895855614565,PPG
WR,2024,00-0033908,Cooper Kupp,12.0,11.299120852996772,14.583333333333334,11.301518094073998,11.985232856243861,175.0,127.69721876727185,135.4225944940071,247.91666666666669,192.12580759925797,203.74895855614565,SEASON
WR,2024,00-0033921,Chris Godwin Jr.,7.0,13.551168244530523,19.685714285714287,11.124592982603376,11.46805533075825,137.8,150.75123115918197,155.4055472246902,334.6571428571429,189.1180807042574,194.95694062289027,PPG
WR,2024,00-0033921,Chris Godwin Jr.,7.0,13.551168244530523,19.685714285714287,11.124592982603376,11.46805533075825,137.8,150.75123115918197,155.4055472246902,334.6571428571429,189.1180807042574,194.95694062289027,SEASON
WR,2024,00-0033943,Josh Reynolds,8.0,13.100758766223771,4.800000000000001,7.3241425046488535,7.099692613045761,38.400000000000006,95.9518241228506,93.01136023785341,81.60000000000001,124.5104225790305,120.69477442177794,PPG
WR,2024,00-0033943,Josh Reynolds,8.0,13.100758766223771,4.800000000000001,7.3241425046488535,7.099692613045761,38.400000000000006,95.9518241228506,93.01136023785341,81.60000000000001,124.5104225790305,120.69477442177794,SEASON
WR,2024,00-0034054,River Cracraft,5.0,8.596663983156272,2.7199999999999998,3.7488826300981852,4.32797713944242,13.599999999999998,32.227884283245224,37.206165194568364,46.239999999999995,63.73100471166915,73.57561137052114,PPG
WR,2024,00-0034054,River Cracraft,5.0,8.596663983156272,2.7199999999999998,3.7488826300981852,4.32797713944242,13.599999999999998,32.227884283245224,37.206165194568364,46.239999999999995,63.73100471166915,73.57561137052114,SEASON
WR,2024,00-0034272,Marquez Valdes-Scantling,13.0,13.100758766223771,6.5,4.114775038416443,3.83187370357686,84.5,53.90667515557298,50.2004530131969,110.5,69.95117565307953,65.14185296080662,PPG
WR,2024,00-0034272,Marquez Valdes-Scantling,13.0,13.100758766223771,6.5,4.114775038416443,3.83187370357686,84.5,53.90667515557298,50.2004530131969,110.5,69.95117565307953,65.14185296080662,SEASON
WR,2024,00-0034348,Courtland Sutton,16.0,13.100758766223771,14.693750000000001,10.191910783917335,9.937941464481433,235.10000000000002,133.52176454697562,130.19457375902385,249.79375000000002,173.2624833265947,168.94500489618437,PPG
WR,2024,00-0034348,Courtland Sutton,16.0,13.100758766223771,14.693750000000001,10.191910783917335,9.937941464481433,235.10000000000002,133.52176454697562,130.19457375902385,249.79375000000002,173.2624833265947,168.94500489618437,SEASON
WR,2024,00-0034386,Justin Watson,15.0,12.650349287917022,4.193333333333333,6.023001902001771,5.607627691470977,62.9,76.19307782211096,70.93844897370366,71.28666666666666,102.3910323340301,95.32967075500662,PPG
WR,2024,00-0034386,Justin Watson,15.0,12.650349287917022,4.193333333333333,6.023001902001771,5.607627691470977,62.9,76.19307782211096,70.93844897370366,71.28666666666666,102.3910323340301,95.32967075500662,SEASON
WR,2024,00-0034407,Ray-Ray McCloud,17.0,11.299120852996772,8.382352941176471,3.4508529860780626,2.825162039304576,142.5,38.99160493562081,31.921847311401223,142.5,58.66450076332706,48.02775466817779,PPG
WR,2024,00-0034407,Ray-Ray McCloud,17.0,11.299120852996772,8.382352941176471,3.4508529860780626,2.825162039304576,142.5,38.99160493562081,31.921847311401223,142.5,58.66450076332706,48.02775466817779,SEASON
WR,2024,00-0034418,Cedrick Wilson Jr.,13.0,10.848711374690021,3.623076923076923,5.11846335752998,5.826962889569651,47.1,55.52873164776957,63.2150385799709,61.59230769230769,87.01387707800966,99.05836912268407,PPG
WR,2024,00-0034418,Cedrick Wilson Jr.,13.0,10.848711374690021,3.623076923076923,5.11846335752998,5.826962889569651,47.1,55.52873164776957,63.2150385799709,61.59230769230769,87.01387707800966,99.05836912268407,SEASON
WR,2024,00-0034419,Braxton Berrios,6.0,13.100758766223771,0.0,4.264018055707916,3.713607903510487,0.0,55.86187192265192,48.651081296232896,0.0,72.48830694703457,63.13133435967828,PPG
WR,2024,00-0034419,Braxton Berrios,6.0,13.100758766223771,0.0,4.264018055707916,3.713607903510487,0.0,55.86187192265192,48.651081296232896,0.0,72.48830694703457,63.13133435967828,SEASON
WR,2024,00-0034487,Trent Sherfield,13.0,10.848711374690021,1.7153846153846155,2.8394887078069346,2.69504953468352,22.3,30.80479344268896,29.237814542274155,29.161538461538463,48.27130803271789,45.81584208961984,PPG
WR,2024,00-0034487,Trent Sherfield,13.0,10.848711374690021,1.7153846153846155,2.8394887078069346,2.69504953468352,22.3,30.80479344268896,29.237814542274155,29.161538461538463,48.27130803271789,45.81584208961984,SEASON
WR,2024,00-0034521,Allen Lazard,12.0,12.199939809610271,10.5,4.466134883787919,4.303267390409811,126.0,54.48657676381337,52.499603147658355,178.5,75.92429302439461,73.15554563696679,PPG
WR,2024,00-0034521,Allen Lazard,12.0,12.199939809610271,10.5,4.466134883787919,4.303267390409811,126.0,54.48657676381337,52.499603147658355,178.5,75.92429302439461,73.15554563696679,SEASON
WR,2024,00-0034646,Brandon Powell,16.0,13.551168244530523,0.8812500000000001,5.053240781335798,4.146500873162875,14.100000000000001,68.47731600800427,56.18993095832283,14.981250000000001,85.90509328270856,70.49051484376888,PPG
WR,2024,00-0034646,Brandon Powell,16.0,13.551168244530523,0.8812500000000001,5.053240781335798,4.146500873162875,14.100000000000001,68.47731600800427,56.18993095832283,14.981250000000001,85.90509328270856,70.49051484376888,SEASON
WR,2024,00-0034775,Christian Kirk,8.0,11.299120852996772,8.8625,11.316170222658247,11.387675797633657,70.9,127.86277493889892,128.6707250722091,150.66250000000002,192.3748937851902,193.59048855977215,PPG
WR,2024,00-0034775,Christian Kirk,8.0,11.299120852996772,8.8625,11.316170222658247,11.387675797633657,70.9,127.86277493889892,128.6707250722091,150.66250000000002,192.3748937851902,193.59048855977215,SEASON
WR,2024,00-0034777,DJ Chark,4.0,12.199939809610271,3.275,7.842371491446587,7.443933024609889,13.1,95.67646016025189,90.81553484701077,55.675,133.320315354592,126.54686141836811,PPG
WR,2024,00-0034777,DJ Chark,4.0,12.199939809610271,3.275,7.842371491446587,7.443933024609889,13.1,95.67646016025189,90.81553484701077,55.675,133.320315354592,126.54686141836811,SEASON
WR,2024,00-0034827,DJ Moore,17.0,13.551168244530523,14.005882352941178,14.610115087034373,14.63650195625537,238.10000000000002,197.9841276163565,198.34170052061666,238.10000000000002,248.37195647958436,248.8205332563413,PPG
WR,2024,00-0034827,DJ Moore,17.0,13.551168244530523,14.005882352941178,14.610115087034373,14.63650195625537,238.10000000000002,197.9841276163565,198.34170052061666,238.10000000000002,248.37195647958436,248.8205332563413,SEASON
WR,2024,00-0034837,Calvin Ridley,17.0,13.551168244530523,11.71764705882353,12.119110841286435,11.828072510204823,199.20000000000002,164.22810998438632,160.28420059429203,199.20000000000002,206.0248843018694,201.077232673482,PPG
WR,2024,00-0034837,Calvin Ridley,17.0,13.551168244530523,11.71764705882353,12.119110841286435,11.828072510204823,199.20000000000002,164.22810998438632,160.28420059429203,199.20000000000002,206.0248843018694,201.077232673482,SEASON
WR,2024,00-0034854,KhaDarel Hodge,11.0,12.199939809610271,2.3727272727272726,4.786141952658287,3.098868616621845,26.099999999999998,58.390643742681675,37.80601060067676,40.336363636363636,81.36441319519088,52.680766482571364,PPG
WR,2024,00-0034854,KhaDarel Hodge,11.0,12.199939809610271,2.3727272727272726,4.786141952658287,3.098868616621845,26.099999999999998,58.390643742681675,37.80601060067676,40.336363636363636,81.36441319519088,52.680766482571364,SEASON
WR,2024,00-0034928,Steven Sims,9.0,7.245435548236022,0.0,1.5230142179656412,2.4231950855063924,0.0,11.034901355317142,17.557103812838843,0.0,25.8912417054159,41.19431645360867,PPG
WR,2024,00-0034928,Steven Sims,9.0,7.245435548236022,0.0,1.5230142179656412,2.4231950855063924,0.0,11.034901355317142,17.557103812838843,0.0,25.8912417054159,41.19431645360867,SEASON
WR,2024,00-0034960,Jakobi Meyers,15.0,13.100758766223771,14.533333333333335,9.55524442626023,11.31135527352618,218.00000000000003,125.18095218073955,148.1873367575196,247.0666666666667,162.43915524642392,192.29303964994506,PPG
WR,2024,00-0034960,Jakobi Meyers,15.0,13.100758766223771,14.533333333333335,9.55524442626023,11.31135527352618,218.00000000000003,125.18095218073955,148.1873367575196,247.0666666666667,162.43915524642392,192.29303964994506,SEASON
WR,2024,00-0035140,Mecole Hardman,12.0,9.047073461463022,2.7666666666666666,4.253431090352399,4.240209300526142,33.2,38.48110353768892,38.36148503383874,47.03333333333333,72.30832853599078,72.08355810894442,PPG
WR,2024,00-0035140,Mecole Hardman,12.0,9.047073461463022,2.7666666666666666,4.253431090352399,4.240209300526142,33.2,38.48110353768892,38.36148503383874,47.03333333333333,72.30832853599078,72.08355810894442,SEASON
WR,2024,00-0035208,Olamide Zaccheaus,16.0,10.848711374690021,7.1499999999999995,3.3111494436229343,3.421263254316479,114.39999999999999,35.92170463233066,37.11629758291218,121.55,56.289540541589886,58.161475323380145,PPG
WR,2024,00-0035208,Olamide Zaccheaus,16.0,10.848711374690021,7.1499999999999995,3.3111494436229343,3.421263254316479,114.39999999999999,35.92170463233066,37.11629758291218,121.55,56.289540541589886,58.161475323380145,SEASON
WR,2024,00-0035215,Deonte Harty,5.0,13.100758766223771,0.0,3.059023102758268,2.574836351866635,0.0,40.075523729541416,33.73230990830845,0.0,52.003392746890555,43.772217981732794,PPG
WR,2024,00-0035215,Deonte Harty,5.0,13.100758766223771,0.0,3.059023102758268,2.574836351866635,0.0,40.075523729541416,33.73230990830845,0.0,52.003392746890555,43.772217981732794,SEASON
WR,2024,00-0035216,Diontae Johnson,11.0,11.749530331303522,8.100000000000001,10.93527866536408,10.38263707560487,89.10000000000002,128.48438835995157,121.99110923873592,137.70000000000002,185.89973731118937,176.5048302852828,PPG
WR,2024,00-0035216,Diontae Johnson,11.0,11.749530331303522,8.100000000000001,10.93527866536408,10.38263707560487,89.10000000000002,128.48438835995157,121.99110923873592,137.70000000000002,185.89973731118937,176.5048302852828,SEASON
WR,2024,00-0035298,Scott Miller,6.0,10.848711374690021,1.9833333333333334,3.5254752071725344,3.5195789580969428,11.9,38.246862981240334,38.18289627682596,33.71666666666667,59.93307852193308,59.83284228764803,PPG
WR,2024,00-0035298,Scott Miller,6.0,10.848711374690021,1.9833333333333334,3.5254752071725344,3.5195789580969428,11.9,38.246862981240334,38.18289627682596,33.71666666666667,59.93307852193308,59.83284228764803,SEASON
WR,2024,00-0035341,Trenton Irwin,6.0,11.299120852996772,0.75,5.197096554795046,5.061364504306159,4.5,58.72262205732238,57.18896921522339,12.75,88.35064143151578,86.0431965732047,PPG
WR,2024,00-0035341,Trenton Irwin,6.0,11.299120852996772,0.75,5.197096554795046,5.061364504306159,4.5,58.72262205732238,57.18896921522339,12.75,88.35064143151578,86.0431965732047,SEASON
WR,2024,00-0035406,Lil'Jordan Humphrey,14.0,10.848711374690021,4.592857142857143,3.1073102111009465,4.057660024918193,64.30000000000001,33.71031163186129,44.020382466955,78.07857142857144,52.82427358871609,68.98022042360928,PPG
WR,2024,00-0035406,Lil'Jordan Humphrey,14.0,10.848711374690021,4.592857142857143,3.1073102111009465,4.057660024918193,64.30000000000001,33.71031163186129,44.020382466955,78.07857142857144,52.82427358871609,68.98022042360928,SEASON
WR,2024,00-0035500,Greg Dortch,17.0,13.100758766223771,5.311764705882353,4.438091698028995,4.311013969126279,90.3,58.1423687182583,56.477554047344235,90.3,75.44755886649291,73.28723747514674,PPG
WR,2024,00-0035500,Greg Dortch,17.0,13.100758766223771,5.311764705882353,4.438091698028995,4.311013969126279,90.3,58.1423687182583,56.477554047344235,90.3,75.44755886649291,73.28723747514674,SEASON
WR,2024,00-0035535,Darius Slayton,16.0,13.551168244530523,6.875000000000001,8.278898699081989,8.053705832468399,110.00000000000001,112.1887491506849,109.13712272773603,116.87500000000001,140.7412778843938,136.9129991519628,PPG
WR,2024,00-0035535,Darius Slayton,16.0,13.551168244530523,6.875000000000001,8.278898699081989,8.053705832468399,110.00000000000001,112.1887491506849,109.13712272773603,116.87500000000001,140.7412778843938,136.9129991519628,SEASON
WR,2024,00-0035639,Parris Campbell,4.0,10.398301896383272,3.75,3.831979012090271,3.200762573860693,15.0,39.84607462831916,33.282495541648245,63.75,65.1436432055346,54.41296375563178,PPG
WR,2024,00-0035639,Parris Campbell,4.0,10.398301896383272,3.75,3.831979012090271,3.200762573860693,15.0,39.84607462831916,33.282495541648245,63.75,65.1436432055346,54.41296375563178,SEASON
WR,2024,00-0035640,DK Metcalf,15.0,13.100758766223771,12.746666666666668,12.40000199341234,12.066676982062795,191.20000000000002,162.44943481638896,158.08262425194977,216.69333333333336,210.80003388800978,205.13350869506752,PPG
WR,2024,00-0035640,DK Metcalf,15.0,13.100758766223771,12.746666666666668,12.40000199341234,12.066676982062795,191.20000000000002,162.44943481638896,158.08262425194977,216.69333333333336,210.80003388800978,205.13350869506752,SEASON
WR,2024,00-0035659,Terry McLaurin,17.0,13.551168244530523,15.752941176470587,11.414561854358944,10.775891023462101,267.8,154.68064812601835,146.02591224366114,267.8,194.04755152410203,183.19014739885571,PPG
WR,2024,00-0035659,Terry McLaurin,17.0,13.551168244530523,15.752941176470587,11.414561854358944,10.775891023462101,267.8,154.68064812601835,146.02591224366114,267.8,194.04755152410203,183.19014739885571,SEASON
WR,2024,00-0035662,Marquise Brown,2.0,11.749530331303522,9.05,9.585018342825109,9.420962000990837,18.1,112.61946374512424,110.69187878069975,153.85000000000002,162.94531182802683,160.15635401684423,PPG
WR,2024,00-0035662,Marquise Brown,2.0,11.749530331303522,9.05,9.585018342825109,9.420962000990837,18.1,112.61946374512424,110.69187878069975,153.85000000000002,162.94531182802683,160.15635401684423,SEASON
WR,2024,00-0035676,A.J. Brown,13.0,13.551168244530523,16.684615384615384,15.463038095867061,15.051119426016209,216.89999999999998,209.54223080867945,203.9602516104673,283.6384615384615,262.87164762974004,255.86903024227556,PPG
WR,2024,00-0035676,A.J. Brown,13.0,13.551168244530523,16.684615384615384,15.463038095867061,15.051119426016209,216.89999999999998,209.54223080867945,203.9602516104673,283.6384615384615,262.87164762974004,255.86903024227556,SEASON
WR,2024,00-0035719,Deebo Samuel Sr.,15.0,12.650349287917022,10.373333333333333,12.779519936007247,13.81553946180804,155.6,161.66539092239066,174.77139979287287,176.34666666666666,217.25183891212322,234.86417085073668,PPG
WR,2024,00-0035719,Deebo Samuel Sr.,15.0,12.650349287917022,10.373333333333333,12.779519936007247,13.81553946180804,155.6,161.66539092239066,174.77139979287287,176.34666666666666,217.25183891212322,234.86417085073668,SEASON
WR,2024,00-0036133,James Proche,9.0,10.398301896383272,0.5666666666666667,1.7809276371012988,0.8518196578506481,5.1,18.518623226191814,8.857477963604943,9.633333333333333,30.27576983072208,14.480934183461017,PPG
WR,2024,00-0036133,James Proche,9.0,10.398301896383272,0.5666666666666667,1.7809276371012988,0.8518196578506481,5.1,18.518623226191814,8.857477963604943,9.633333333333333,30.27576983072208,14.480934183461017,SEASON
WR,2024,00-0036165,Isaiah Hodgins,2.0,12.199939809610271,1.6,4.427962922109831,4.171792262587639,3.2,54.02088112892595,50.895614501767035,27.200000000000003,75.27536967586713,70.92046846398986,PPG
WR,2024,00-0036165,Isaiah Hodgins,2.0,12.199939809610271,1.6,4.427962922109831,4.171792262587639,3.2,54.02088112892595,50.895614501767035,27.200000000000003,75.27536967586713,70.92046846398986,SEASON
WR,2024,00-0036176,Mason Kinsey,6.0,8.596663983156272,0.6166666666666667,0.5988971967485839,1.0118047027994674,3.7,5.148517960901807,8.698145046544319,10.483333333333334,10.181252344725927,17.200679947590945,PPG
WR,2024,00-0036176,Mason Kinsey,6.0,8.596663983156272,0.6166666666666667,0.5988971967485839,1.0118047027994674,3.7,5.148517960901807,8.698145046544319,10.483333333333334,10.181252344725927,17.200679947590945,SEASON
WR,2024,00-0036182,Nick Westbrook-Ikhine,14.0,11.749530331303522,9.692857142857143,5.709799941358432,5.972017463290102,135.7,67.08746759666597,70.16840032400137,164.77857142857144,97.06659900309334,101.52429687593174,PPG
WR,2024,00-0036182,Nick Westbrook-Ikhine,14.0,11.749530331303522,9.692857142857143,5.709799941358432,5.972017463290102,135.7,67.08746759666597,70.16840032400137,164.77857142857144,97.06659900309334,101.52429687593174,SEASON
WR,2024,00-0036196,Gabe Davis,10.0,13.100758766223771,5.390000000000001,8.706121462645028,8.659227322853601,53.900000000000006,114.05679707155576,113.44244825859872,91.63000000000001,148.00406486496547,147.20686448851123,PPG
WR,2024,00-0036196,Gabe Davis,10.0,13.100758766223771,5.390000000000001,8.706121462645028,8.659227322853601,53.900000000000006,114.05679707155576,113.44244825859872,91.63000000000001,148.00406486496547,147.20686448851123,SEASON
WR,2024,00-0036252,Michael Pittman,16.0,13.100758766223771,10.3625,14.51610175678039,13.908077159985053,165.8,190.171947341537,182.2063637749908,176.16250000000002,246.77372986526663,236.4373117197459,PPG
WR,2024,00-0036252,Michael Pittman,16.0,13.100758766223771,10.3625,14.51610175678039,13.908077159985053,165.8,190.171947341537,182.2063637749908,176.16250000000002,246.77372986526663,236.4373117197459,SEASON
WR,2024,00-0036259,Jauan Jennings,15.0,11.749530331303522,14.033333333333335,4.465931485311062,4.091600539883899,210.50000000000003,52.47259744418571,48.074384646943734,238.5666666666667,75.92083525028805,69.55720917802628,PPG
WR,2024,00-0036259,Jauan Jennings,15.0,11.749530331303522,14.033333333333335,4.465931485311062,4.091600539883899,210.50000000000003,52.47259744418571,48.074384646943734,238.5666666666667,75.92083525028805,69.55720917802628,SEASON
WR,2024,00-0036261,Brandon Aiyuk,7.0,13.100758766223771,8.914285714285715,13.806067463287613,13.573541350599793,62.400000000000006,180.86995934674198,177.8236908375711,151.54285714285714,234.70314687588942,230.75020296019648,PPG
WR,2024,00-0036261,Brandon Aiyuk,7.0,13.100758766223771,8.914285714285715,13.806067463287613,13.573541350599793,62.400000000000006,180.86995934674198,177.8236908375711,151.54285714285714,234.70314687588942,230.75020296019648,SEASON
WR,2024,00-0036268,Laviska Shenault Jr.,10.0,9.497482939769771,0.8700000000000001,2.788879199800791,3.0512320696311375,8.700000000000001,26.487332621186784,28.97902452660014,14.790000000000003,47.41094639661345,51.87094518372934,PPG
WR,2024,00-0036268,Laviska Shenault Jr.,10.0,9.497482939769771,0.8700000000000001,2.788879199800791,3.0512320696311375,8.700000000000001,26.487332621186784,28.97902452660014,14.790000000000003,47.41094639661345,51.87094518372934,SEASON
WR,2024,00-0036309,Darnell Mooney,16.0,12.199939809610271,12.075,5.531862368258096,5.682214277079523,193.2,67.48838792779691,69.32267216567831,205.27499999999998,94.04166026038763,96.59764271035189,PPG
WR,2024,00-0036309,Darnell Mooney,16.0,12.199939809610271,12.075,5.531862368258096,5.682214277079523,193.2,67.48838792779691,69.32267216567831,205.27499999999998,94.04166026038763,96.59764271035189,SEASON
WR,2024,00-0036322,Justin Jefferson,17.0,10.398301896383272,18.623529411764707,16.437031686493572,17.248160918025864,316.6,170.91721775657803,179.35158438303216,316.6,279.42953867039074,293.2187356064397,PPG
WR,2024,00-0036322,Justin Jefferson,17.0,10.398301896383272,18.623529411764707,16.437031686493572,17.248160918025864,316.6,170.91721775657803,179.35158438303216,316.6,279.42953867039074,293.2187356064397,SEASON
WR,2024,00-0036331,Devin Duvernay,13.0,11.749530331303522,1.476923076923077,2.06071753871531,1.2320150449423362,19.200000000000003,24.212463225384674,14.47559813917225,25.10769230769231,35.03219815816027,20.944255764019715,PPG
WR,2024,00-0036331,Devin Duvernay,13.0,11.749530331303522,1.476923076923077,2.06071753871531,1.2320150449423362,19.200000000000003,24.212463225384674,14.47559813917225,25.10769230769231,35.03219815816027,20.944255764019715,SEASON
WR,2024,00-0036345,K.J. Osborn,7.0,12.650349287917022,2.6714285714285717,7.444671253571114,7.347484616653314,18.700000000000003,94.17769169138967,92.94824678826153,45.41428571428572,126.55941131070894,124.90723848310634,PPG
WR,2024,00-0036345,K.J. Osborn,7.0,12.650349287917022,2.6714285714285717,7.444671253571114,7.347484616653314,18.700000000000003,94.17769169138967,92.94824678826153,45.41428571428572,126.55941131070894,124.90723848310634,SEASON
WR,2024,00-0036358,CeeDee Lamb,15.0,13.551168244530523,17.56,20.243362919375485,19.768623630560338,263.4,274.32121675554777,267.88794478052495,298.52,344.13716962938327,336.06660171952575,PPG
WR,2024,00-0036358,CeeDee Lamb,15.0,13.551168244530523,17.56,20.243362919375485,19.768623630560338,263.4,274.32121675554777,267.88794478052495,298.52,344.13716962938327,336.06660171952575,SEASON
WR,2024,00-0036387,Jalen Reagor,7.0,9.947892418076522,2.1428571428571432,3.35625532617724,3.0696980218290992,15.000000000000004,33.38766691240751,30.537025677138196,36.42857142857144,57.05634054501308,52.184866371094685,PPG
WR,2024,00-0036387,Jalen Reagor,7.0,9.947892418076522,2.1428571428571432,3.35625532617724,3.0696980218290992,15.000000000000004,33.38766691240751,30.537025677138196,36.42857142857144,57.05634054501308,52.184866371094685,SEASON
WR,2024,00-0036407,Jerry Jeudy,17.0,13.100758766223771,14.170588235294119,8.9286094064837,8.346096609270885,240.90000000000003,116.97155795217935,109.34019831765605,240.90000000000003,151.7863599102229,141.88364235760505,PPG
WR,2024,00-0036407,Jerry Jeudy,17.0,13.100758766223771,14.170588235294119,8.9286094064837,8.346096609270885,240.90000000000003,116.97155795217935,109.34019831765605,240.90000000000003,151.7863599102229,141.88364235760505,SEASON
WR,2024,00-0036410,Tee Higgins,12.0,11.299120852996772,18.508333333333333,9.846094927049196,9.888106660269495,222.1,111.2522165108073,111.72691216170732,314.64166666666665,167.38361375983632,168.09781322458142,PPG
WR,2024,00-0036410,Tee Higgins,12.0,11.299120852996772,18.508333333333333,9.846094927049196,9.888106660269495,222.1,111.2522165108073,111.72691216170732,314.64166666666665,167.38361375983632,168.09781322458142,SEASON
WR,2024,00-0036415,Van Jefferson,15.0,12.199939809610271,4.24,3.9317012483002127,3.4713151125873902,63.6,47.96651857863216,42.34983543375666,72.08,66.83892122110362,59.012356913985634,PPG
WR,2024,00-0036415,Van Jefferson,15.0,12.199939809610271,4.24,3.9317012483002127,3.4713151125873902,63.6,47.96651857863216,42.34983543375666,72.08,66.83892122110362,59.012356913985634,SEASON
WR,2024,00-0036497,Tim Jones,8.0,10.398301896383272,0.8875000000000001,2.3158001529300583,2.5041064351478117,7.1000000000000005,24.080389121857294,26.038454693343045,15.0875,39.36860259981099,42.5698093975128,PPG
WR,2024,00-0036497,Tim Jones,8.0,10.398301896383272,0.8875000000000001,2.3158001529300583,2.5041064351478117,7.1000000000000005,24.080389121857294,26.038454693343045,15.0875,39.36860259981099,42.5698093975128,SEASON
WR,2024,00-0036527,DJ Turner,12.0,9.047073461463022,3.925,0.8455732788594398,0.828846639326076,47.099999999999994,7.649963570891509,7.498636434269756,66.725,14.374745740610477,14.090392868543294,PPG
WR,2024,00-0036527,DJ Turner,12.0,9.047073461463022,3.925,0.8455732788594398,0.828846639326076,47.099999999999994,7.649963570891509,7.498636434269756,66.725,14.374745740610477,14.090392868543294,SEASON
WR,2024,00-0036550,Rashod Bateman,16.0,12.650349287917022,10.912500000000001,6.610033298222213,5.300264355998884,174.60000000000002,83.61923002727318,67.05019542168246,185.51250000000002,112.37056606977762,90.10449405198102,PPG
WR,2024,00-0036550,Rashod Bateman,16.0,12.650349287917022,10.912500000000001,6.610033298222213,5.300264355998884,174.60000000000002,83.61923002727318,67.05019542168246,185.51250000000002,112.37056606977762,90.10449405198102,SEASON
WR,2024,00-0036554,Nico Collins,12.0,12.650349287917022,17.55,15.543251960526781,14.677557863398743,210.60000000000002,196.62756637076484,185.67623366560719,298.35,264.2352833289553,249.51848367777862,PPG
WR,2024,00-0036554,Nico Collins,12.0,12.650349287917022,17.55,15.543251960526781,14.677557863398743,210.60000000000002,196.62756637076484,185.67623366560719,298.35,264.2352833289553,249.51848367777862,SEASON
WR,2024,00-0036613,Jaylen Waddle,15.0,12.199939809610271,9.973333333333334,13.251942266663798,12.796634527174444,149.60000000000002,161.67289801372863,156.1181709971088,169.54666666666668,225.28301853328458,217.54278696196553,PPG
WR,2024,00-0036613,Jaylen Waddle,15.0,12.199939809610271,9.973333333333334,13.251942266663798,12.796634527174444,149.60000000000002,161.67289801372863,156.1181709971088,169.54666666666668,225.28301853328458,217.54278696196553,SEASON
WR,2024,00-0036620,Dee Eskridge,5.0,7.695845026542772,1.48,0.9838126053355191,0.8986829755411332,7.4,7.571269345821441,6.916124907756889,25.16,16.724814290703826,15.277610584199264,PPG
WR,2024,00-0036620,Dee Eskridge,5.0,7.695845026542772,1.48,0.9838126053355191,0.8986829755411332,7.4,7.571269345821441,6.916124907756889,25.16,16.724814290703826,15.277610584199264,SEASON
WR,2024,00-0036626,Dyami Brown,15.0,13.100758766223771,4.493333333333334,2.9211837750711656,2.5071999911358804,67.4,38.26972394901422,32.846222262549546,76.38666666666668,49.66012417620981,42.622399849309964,PPG
WR,2024,00-0036626,Dyami Brown,15.0,13.100758766223771,4.493333333333334,2.9211837750711656,2.5071999911358804,67.4,38.26972394901422,32.846222262549546,76.38666666666668,49.66012417620981,42.622399849309964,SEASON
WR,2024,00-0036630,Tylan Wallace,12.0,8.596663983156272,3.025,1.0999495313719876,1.0491873552215434,36.3,9.455896519635186,9.019511148216028,51.425,18.69914203332379,17.83618503876624,PPG
WR,2024,00-0036630,Tylan Wallace,12.0,8.596663983156272,3.025,1.0999495313719876,1.0491873552215434,36.3,9.455896519635186,9.019511148216028,51.425,18.69914203332379,17.83618503876624,SEASON
WR,2024,00-0036635,Ihmir Smith-Marsette,15.0,13.551168244530523,0.0,2.491461964554234,2.1906971723047,0.0,33.762220256522966,29.68650595471826,0.0,42.35485339742198,37.2418519291799,PPG
WR,2024,00-0036635,Ihmir Smith-Marsette,15.0,13.551168244530523,0.0,2.491461964554234,2.1906971723047,0.0,33.762220256522966,29.68650595471826,0.0,42.35485339742198,37.2418519291799,SEASON
WR,2024,00-0036841,Austin Trammell,1.0,12.650349287917022,6.0,2.378641895235729,1.2902043627086175,6.0,30.090650805604902,16.321535841058395,102.0,40.4369122190074,21.933474166046498,PPG
WR,2024,00-0036841,Austin Trammell,1.0,12.650349287917022,6.0,2.378641895235729,1.2902043627086175,6.0,30.090650805604902,16.321535841058395,102.0,40.4369122190074,21.933474166046498,SEASON
WR,2024,00-0036849,Tutu Atwell,15.0,12.199939809610271,6.593333333333334,7.578817240394555,6.974537321714607,98.9,92.46111416085019,85.08893552479863,112.08666666666667,128.83989308670743,118.56713446914831,PPG
WR,2024,00-0036849,Tutu Atwell,15.0,12.199939809610271,6.593333333333334,7.578817240394555,6.974537321714607,98.9,92.46111416085019,85.08893552479863,112.08666666666667,128.83989308670743,118.56713446914831,SEASON
WR,2024,00-0036862,Ben Skowronek,9.0,11.749530331303522,1.3222222222222224,2.0898892626347534,2.0291199204192134,11.900000000000002,24.555217280392586,23.841206050817735,22.47777777777778,35.52811746479081,34.49503864712663,PPG
WR,2024,00-0036862,Ben Skowronek,9.0,11.749530331303522,1.3222222222222224,2.0898892626347534,2.0291199204192134,11.900000000000002,24.555217280392586,23.841206050817735,22.47777777777778,35.52811746479081,34.49503864712663,SEASON
WR,2024,00-0036900,Ja'Marr Chase,17.0,13.100758766223771,23.705882352941174,13.84279332251998,13.893928272345011,402.99999999999994,181.35109596902754,182.02100261120822,402.99999999999994,235.32748648283967,236.1967806298652,PPG
WR,2024,00-0036900,Ja'Marr Chase,17.0,13.100758766223771,23.705882352941174,13.84279332251998,13.893928272345011,402.99999999999994,181.35109596902754,182.02100261120822,402.99999999999994,235.32748648283967,236.1967806298652,SEASON
WR,2024,00-0036912,DeVonta Smith,13.0,13.100758766223771,15.338461538461539,12.390888981557065,12.317518332576572,199.4,162.33004744643927,161.36883627362454,260.75384615384615,210.6451126864701,209.39781165380174,PPG
WR,2024,00-0036912,DeVonta Smith,13.0,13.100758766223771,15.338461538461539,12.390888981557065,12.317518332576572,199.4,162.33004744643927,161.36883627362454,260.75384615384615,210.6451126864701,209.39781165380174,SEASON
WR,2024,00-0036913,Kadarius Toney,3.0,11.749530331303522,0.0,3.846991364139532,3.9384801715680657,0.0,45.20034171722014,46.275292235076485,0.0,65.39885319037204,66.95416291665711,PPG
WR,2024,00-0036913,Kadarius Toney,3.0,11.749530331303522,0.0,3.846991364139532,3.9384801715680657,0.0,45.20034171722014,46.275292235076485,0.0,65.39885319037204,66.95416291665711,SEASON
WR,2024,00-0036955,Terrace Marshall Jr.,5.0,9.497482939769771,1.42,3.721057600326667,4.1803103884424235,7.1,35.34068107700316,39.70242659717426,24.14,63.25797920555334,71.0652766035212,PPG
WR,2024,00-0036955,Terrace Marshall Jr.,5.0,9.497482939769771,1.42,3.721057600326667,4.1803103884424235,7.1,35.34068107700316,39.70242659717426,24.14,63.25797920555334,71.0652766035212,SEASON
WR,2024,00-0036963,Amon-Ra St. Brown,17.0,13.100758766223771,18.347058823529412,17.94634225181525,17.377683365322277,311.90000000000003,235.1107005771207,227.66083768490682,311.90000000000003,305.0878182808592,295.4206172104787,PPG
WR,2024,00-0036963,Amon-Ra St. Brown,17.0,13.100758766223771,18.347058823529412,17.94634225181525,17.377683365322277,311.90000000000003,235.1107005771207,227.66083768490682,311.90000000000003,305.0878182808592,295.4206172104787,SEASON
WR,2024,00-0036980,Elijah Moore,17.0,13.100758766223771,7.111764705882353,7.756305429360059,7.739859219946083,120.9,101.61348634719782,101.39802852504653,120.9,131.857192299121,131.5776067390834,PPG
WR,2024,00-0036980,Elijah Moore,17.0,13.100758766223771,7.111764705882353,7.756305429360059,7.739859219946083,120.9,101.61348634719782,101.39802852504653,120.9,131.857192299121,131.5776067390834,SEASON
WR,2024,00-0036988,Josh Palmer,15.0,10.398301896383272,7.16,9.508390936253123,9.747023989633542,107.4,98.87111950399436,101.35249803549969,121.72,161.6426459163031,165.6994078237702,PPG
WR,2024,00-0036988,Josh Palmer,15.0,10.398301896383272,7.16,9.508390936253123,9.747023989633542,107.4,98.87111950399436,101.35249803549969,121.72,161.6426459163031,165.6994078237702,SEASON
WR,2024,00-0037091,Bo Melton,13.0,7.695845026542772,1.730769230769231,9.616975647779695,10.240130002430762,22.500000000000004,74.01075420934832,78.8064535503582,29.423076923076927,163.4885860122548,174.08221004132295,PPG
WR,2024,00-0037091,Bo Melton,13.0,7.695845026542772,1.730769230769231,9.616975647779695,10.240130002430762,22.500000000000004,74.01075420934832,78.8064535503582,29.423076923076927,163.4885860122548,174.08221004132295,SEASON
WR,2024,00-0037132,Britain Covey,5.0,12.650349287917022,2.08,2.4196203001019922,1.336185820882734,10.4,30.60904194042481,16.903217347728717,35.36,41.133545101733866,22.715158955006476,PPG
WR,2024,00-0037132,Britain Covey,5.0,12.650349287917022,2.08,2.4196203001019922,1.336185820882734,10.4,30.60904194042481,16.903217347728717,35.36,41.133545101733866,22.715158955006476,SEASON
WR,2024,00-0037156,Irvin Charles,8.0,8.596663983156272,0.0,1.4237317264582627,0.7714140930146469,0.0,12.239343254520644,6.631587749518178,0.0,24.203439349790468,13.114039581248997,PPG
WR,2024,00-0037156,Irvin Charles,8.0,8.596663983156272,0.0,1.4237317264582627,0.7714140930146469,0.0,12.239343254520644,6.631587749518178,0.0,24.203439349790468,13.114039581248997,SEASON
WR,2024,00-0037216,Justyn Ross,1.0,8.596663983156272,0.0,2.262221265993649,2.3875208955185903,0.0,19.44755607929779,20.524714891537673,0.0,38.45776152189204,40.587855223816035,PPG
WR,2024,00-0037216,Justyn Ross,1.0,8.596663983156272,0.0,2.262221265993649,2.3875208955185903,0.0,19.44755607929779,20.524714891537673,0.0,38.45776152189204,40.587855223816035,SEASON
WR,2024,00-0037238,Drake London,17.0,13.100758766223771,16.53529411764706,10.371971024993302,10.06709099182563,281.1,135.88069032869996,131.88653056153197,281.1,176.32350742488615,171.14054686103572,PPG
WR,2024,00-0037238,Drake London,17.0,13.100758766223771,16.53529411764706,10.371971024993302,10.06709099182563,281.1,135.88069032869996,131.88653056153197,281.1,176.32350742488615,171.14054686103572,SEASON
WR,2024,00-0037239,Chris Olave,8.0,13.100758766223771,9.5875,13.226819704663683,12.676936315461758,76.7,173.28137419513405,166.0774845636461,162.9875,224.8559349792826,215.50791736284987,PPG
WR,2024,00-0037239,Chris Olave,8.0,13.100758766223771,9.5875,13.226819704663683,12.676936315461758,76.7,173.28137419513405,166.0774845636461,162.9875,224.8559349792826,215.50791736284987,SEASON
WR,2024,00-0037240,Jameson Williams,15.0,11.299120852996772,14.146666666666667,5.195423839078657,6.19874568042645,212.2,58.7037218402902,70.04037658013017,240.49333333333334,88.32220526433717,105.37867656724966,PPG
WR,2024,00-0037240,Jameson Williams,15.0,11.299120852996772,14.146666666666667,5.195423839078657,6.19874568042645,212.2,58.7037218402902,70.04037658013017,240.49333333333334,88.32220526433717,105.37867656724966,SEASON
WR,2024,00-0037247,George Pickens,14.0,13.551168244530523,11.785714285714286,11.535977521895997,11.214833711122942,165.0,156.32597226433495,151.9740984538596,200.35714285714286,196.11161787223196,190.65217308909,PPG
WR,2024,00-0037247,George Pickens,14.0,13.551168244530523,11.785714285714286,11.535977521895997,11.214833711122942,165.0,156.32597226433495,151.9740984538596,200.35714285714286,196.11161787223196,190.65217308909,SEASON
WR,2024,00-0037257,David Bell,1.0,9.947892418076522,5.7,4.218805958466672,4.7951770846444886,5.7,41.96822780756666,47.70190576366919,96.9,71.71970129393343,81.51801043895631,PPG
WR,2024,00-0037257,David Bell,1.0,9.947892418076522,5.7,4.218805958466672,4.7951770846444886,5.7,41.96822780756666,47.70190576366919,96.9,71.71970129393343,81.51801043895631,SEASON
WR,2024,00-0037261,Khalil Shakir,15.0,13.100758766223771,12.166666666666668,6.998032810232053,6.661880953523414,182.50000000000003,91.67953968496914,87.27569530141105,206.83333333333334,118.9665577739449,113.25197620989803,PPG
WR,2024,00-0037261,Khalil Shakir,15.0,13.100758766223771,12.166666666666668,6.998032810232053,6.661880953523414,182.50000000000003,91.67953968496914,87.27569530141105,206.83333333333334,118.9665577739449,113.25197620989803,SEASON
WR,2024,00-0037272,Montrell Washington,1.0,7.695845026542772,0.0,0.9997703361298772,1.1735010583374488,0.0,7.694077568990111,9.031082283448935,0.0,16.99609571420791,19.94951799173663,PPG
WR,2024,00-0037272,Montrell Washington,1.0,7.695845026542772,0.0,0.9997703361298772,1.1735010583374488,0.0,7.694077568990111,9.031082283448935,0.0,16.99609571420791,19.94951799173663,SEASON
WR,2024,00-0037291,Jalen Nailor,15.0,7.245435548236022,7.026666666666667,1.9265186682074622,2.5725458274619233,105.4,13.958466842970665,18.639214987758873,119.45333333333335,32.750817359526856,43.733279066852695,PPG
WR,2024,00-0037291,Jalen Nailor,15.0,7.245435548236022,7.026666666666667,1.9265186682074622,2.5725458274619233,105.4,13.958466842970665,18.639214987758873,119.45333333333335,32.750817359526856,43.733279066852695,SEASON
WR,2024,00-0037382,Brandon Johnson,1.0,10.398301896383272,1.9,5.941810774150067,6.327441880811987,1.9,61.7847422407952,65.79465090850222,32.3,101.01078316055114,107.56651197380378,PPG
WR,2024,00-0037382,Brandon Johnson,1.0,10.398301896383272,1.9,5.941810774150067,6.327441880811987,1.9,61.7847422407952,65.79465090850222,32.3,101.01078316055114,107.56651197380378,SEASON
WR,2024,00-0037487,Deven Thompkins,5.0,13.551168244530523,1.34,3.7193802636087914,2.469829548935905,6.7,50.40194771754902,33.46907575294338,22.78,63.22946448134945,41.987102331910386,PPG
WR,2024,00-0037487,Deven Thompkins,5.0,13.551168244530523,1.34,3.7193802636087914,2.469829548935905,6.7,50.40194771754902,33.46907575294338,22.78,63.22946448134945,41.987102331910386,SEASON
WR,2024,00-0037545,Rashid Shaheed,6.0,12.650349287917022,12.633333333333333,8.974684901127064,8.923516921067483,75.8,113.5328987482524,112.88560592814153,214.76666666666665,152.5696433191601,151.69978765814722,PPG
WR,2024,00-0037545,Rashid Shaheed,6.0,12.650349287917022,12.633333333333333,8.974684901127064,8.923516921067483,75.8,113.5328987482524,112.88560592814153,214.76666666666665,152.5696433191601,151.69978765814722,SEASON
WR,2024,00-0037614,John Metchie III,10.0,12.199939809610271,5.54,3.689344123876908,2.9158142586709697,55.4,45.009776248237614,35.57275845178922,94.18,62.718850105907435,49.568842397406485,PPG
WR,2024,00-0037614,John Metchie III,10.0,12.199939809610271,5.54,3.689344123876908,2.9158142586709697,55.4,45.009776248237614,35.57275845178922,94.18,62.718850105907435,49.568842397406485,SEASON
WR,2024,00-0037664,Alec Pierce,16.0,13.551168244530523,10.0875,5.488805905135978,5.564932770020585,161.4,74.37973228207028,75.41134023605022,171.4875,93.30970038731162,94.60385709034995,PPG
WR,2024,00-0037664,Alec Pierce,16.0,13.551168244530523,10.0875,5.488805905135978,5.564932770020585,161.4,74.37973228207028,75.41134023605022,171.4875,93.30970038731162,94.60385709034995,SEASON
WR,2024,00-0037666,Jalen Tolbert,17.0,12.199939809610271,8.941176470588236,4.44401170031831,4.193788280472841,152.0,54.216675257087175,51.16396459601762,152.0,75.54819890541127,71.2944007680383,PPG
WR,2024,00-0037666,Jalen Tolbert,17.0,12.199939809610271,8.941176470588236,4.44401170031831,4.193788280472841,152.0,54.216675257087175,51.16396459601762,152.0,75.54819890541127,71.2944007680383,SEASON
WR,2024,00-0037740,Garrett Wilson,17.0,13.551168244530523,14.817647058823528,11.31368918117412,11.502537862173206,251.89999999999998,153.31370556041526,155.87282580939154,251.89999999999998,192.33271607996002,195.5431436569445,PPG
WR,2024,00-0037740,Garrett Wilson,17.0,13.551168244530523,14.817647058823528,11.31368918117412,11.502537862173206,251.89999999999998,153.31370556041526,155.87282580939154,251.89999999999998,192.33271607996002,195.5431436569445,SEASON
WR,2024,00-0037741,Jahan Dotson,14.0,13.551168244530523,2.9928571428571433,6.459552139292171,6.583502987858311,41.900000000000006,87.53447782386527,89.21415662683735,50.87857142857143,109.81238636796691,111.91955079359128,PPG
WR,2024,00-0037741,Jahan Dotson,14.0,13.551168244530523,2.9928571428571433,6.459552139292171,6.583502987858311,41.900000000000006,87.53447782386527,89.21415662683735,50.87857142857143,109.81238636796691,111.91955079359128,SEASON
WR,2024,00-0037742,Treylon Burks,5.0,9.947892418076522,1.5,4.112991306688251,4.691240378488278,7.5,40.9155950354187,46.667954592537974,25.5,69.92085221370027,79.75108643430072,PPG
WR,2024,00-0037742,Treylon Burks,5.0,9.947892418076522,1.5,4.112991306688251,4.691240378488278,7.5,40.9155950354187,46.667954592537974,25.5,69.92085221370027,79.75108643430072,SEASON
WR,2024,00-0037745,Velus Jones Jr.,2.0,11.749530331303522,1.4500000000000002,1.820541500776712,1.5135405443402918,2.9000000000000004,21.390507582772813,17.7833905333839,24.650000000000002,30.949205513204106,25.73018925378496,PPG
WR,2024,00-0037745,Velus Jones Jr.,2.0,11.749530331303522,1.4500000000000002,1.820541500776712,1.5135405443402918,2.9000000000000004,21.390507582772813,17.7833905333839,24.650000000000002,30.949205513204106,25.73018925378496,SEASON
WR,2024,00-0037801,KaVontae Turpin,17.0,13.100758766223771,5.423529411764706,3.339461501766965,3.4542964413884865,92.2,43.749479543740364,45.253904385655794,92.2,56.7708455300384,58.72303950360427,PPG
WR,2024,00-0037801,KaVontae Turpin,17.0,13.100758766223771,5.423529411764706,3.339461501766965,3.4542964413884865,92.2,43.749479543740364,45.253904385655794,92.2,56.7708455300384,58.72303950360427,SEASON
WR,2024,00-0037816,Romeo Doubs,13.0,13.551168244530523,10.161538461538463,8.958220707736993,8.778199259940246,132.10000000000002,121.39435598218128,118.9548550554636,172.74615384615387,152.28975203152888,149.22938741898417,PPG
WR,2024,00-0037816,Romeo Doubs,13.0,13.551168244530523,10.161538461538463,8.958220707736993,8.778199259940246,132.10000000000002,121.39435598218128,118.9548550554636,172.74615384615387,152.28975203152888,149.22938741898417,SEASON
WR,2024,00-0037837,Calvin Austin III,17.0,13.100758766223771,6.752941176470588,3.684842477007337,3.4422883539595057,114.8,48.27423238280758,45.09658932900499,114.8,62.64232210912473,58.518902017311596,PPG
WR,2024,00-0037837,Calvin Austin III,17.0,13.100758766223771,6.752941176470588,3.684842477007337,3.4422883539595057,114.8,48.27423238280758,45.09658932900499,114.8,62.64232210912473,58.518902017311596,SEASON
WR,2024,00-0038090,Skyy Moore,3.0,11.749530331303522,0.0,4.24029252314079,4.2188907079246185,0.0,49.82144561424226,49.56998433721489,0.0,72.08497289339344,71.72114203471851,PPG
WR,2024,00-0038090,Skyy Moore,3.0,11.749530331303522,0.0,4.24029252314079,4.2188907079246185,0.0,49.82144561424226,49.56998433721489,0.0,72.08497289339344,71.72114203471851,SEASON
WR,2024,00-0038104,Tyquan Thornton,4.0,9.947892418076522,2.175,4.380471706919091,3.413169091518096,8.7,43.57646128085915,33.953838927126,36.974999999999994,74.46801901762456,58.02387455580764,PPG
WR,2024,00-0038104,Tyquan Thornton,4.0,9.947892418076522,2.175,4.380471706919091,3.413169091518096,8.7,43.57646128085915,33.953838927126,36.974999999999994,74.46801901762456,58.02387455580764,SEASON
WR,2024,00-0038117,Wan'Dale Robinson,17.0,12.650349287917022,10.74705882352941,8.035365324487506,8.429140830150189,182.7,101.65017801078365,106.63157569844275,182.7,136.6012105162876,143.2953941125532,PPG
WR,2024,00-0038117,Wan'Dale Robinson,17.0,12.650349287917022,10.74705882352941,8.035365324487506,8.429140830150189,182.7,101.65017801078365,106.63157569844275,182.7,136.6012105162876,143.2953941125532,SEASON
WR,2024,00-0038124,Christian Watson,14.0,9.947892418076522,7.521428571428572,8.939347886492692,9.492616194963828,105.30000000000001,88.92767106258904,94.43152467359107,127.86428571428573,151.96891407037577,161.37447531438508,PPG
WR,2024,00-0038124,Christian Watson,14.0,9.947892418076522,7.521428571428572,8.939347886492692,9.492616194963828,105.30000000000001,88.92767106258904,94.43152467359107,127.86428571428573,151.96891407037577,161.37447531438508,SEASON
WR,2024,00-0038393,Dontayvion Wicks,17.0,12.650349287917022,6.5,7.04050157229149,7.228974366987967,110.5,89.06480405161632,91.44905073579663,110.5,119.68852672895532,122.89256423879544,PPG
WR,2024,00-0038393,Dontayvion Wicks,17.0,12.650349287917022,6.5,7.04050157229149,7.228974366987967,110.5,89.06480405161632,91.44905073579663,110.5,119.68852672895532,122.89256423879544,SEASON
WR,2024,00-0038465,Malik Heath,5.0,11.299120852996772,6.34,2.8411359941783214,3.021679088963469,31.7,32.102338958019985,34.142317205171416,107.78,48.299311901031466,51.36854451237897,PPG
WR,2024,00-0038465,Malik Heath,5.0,11.299120852996772,6.34,2.8411359941783214,3.021679088963469,31.7,32.102338958019985,34.142317205171416,107.78,48.299311901031466,51.36854451237897,SEASON
WR,2024,00-0038496,Xavier Gipson,17.0,13.551168244530523,0.9647058823529411,4.5570464414639416,3.87629519308282,16.4,61.75330302641699,52.528328326930215,16.4,77.469789504887,65.89701828240794,PPG
WR,2024,00-0038496,Xavier Gipson,17.0,13.551168244530523,0.9647058823529411,4.5570464414639416,3.87629519308282,16.4,61.75330302641699,52.528328326930215,16.4,77.469789504887,65.89701828240794,SEASON
WR,2024,00-0038543,Jaxon Smith-Njigba,17.0,13.551168244530523,14.8,8.246171676920454,7.921193800832419,251.60000000000002,111.74525976723147,107.34142989261231,251.60000000000002,140.18491850764772,134.66029461415113,PPG
WR,2024,00-0038543,Jaxon Smith-Njigba,17.0,13.551168244530523,14.8,8.246171676920454,7.921193800832419,251.60000000000002,111.74525976723147,107.34142989261231,251.60000000000002,140.18491850764772,134.66029461415113,SEASON
WR,2024,00-0038544,Quentin Johnston,15.0,13.551168244530523,11.646666666666667,5.1906337625867085,5.479170317277549,174.7,70.339151412553,74.24915880986575,197.99333333333334,88.24077396397405,93.14589539371833,PPG
WR,2024,00-0038544,Quentin Johnston,15.0,13.551168244530523,11.646666666666667,5.1906337625867085,5.479170317277549,174.7,70.339151412553,74.24915880986575,197.99333333333334,88.24077396397405,93.14589539371833,SEASON
WR,2024,00-0038559,Michael Wilson,16.0,11.749530331303522,7.781250000000001,7.529452732405097,7.943054724987293,124.50000000000001,88.46753325750986,93.32716241444196,132.28125000000003,128.00069645088664,135.03193032478399,PPG
WR,2024,00-0038559,Michael Wilson,16.0,11.749530331303522,7.781250000000001,7.529452732405097,7.943054724987293,124.50000000000001,88.46753325750986,93.32716241444196,132.28125000000003,128.00069645088664,135.03193032478399,SEASON
WR,2024,00-0038563,Tre Tucker,17.0,11.749530331303522,7.605882352941176,5.164507954267524,5.245911898626862,129.29999999999998,60.680542854924575,61.63700096826236,129.29999999999998,87.7966352225479,89.18050227665665,PPG
WR,2024,00-0038563,Tre Tucker,17.0,11.749530331303522,7.605882352941176,5.164507954267524,5.245911898626862,129.29999999999998,60.680542854924575,61.63700096826236,129.29999999999998,87.7966352225479,89.18050227665665,SEASON
WR,2024,00-0038573,Derius Davis,15.0,13.551168244530523,2.673333333333334,3.28473427130555,2.4607351073423636,40.10000000000001,44.51198674903687,33.345835444819244,45.44666666666667,55.84048261219435,41.83249682482018,PPG
WR,2024,00-0038573,Derius Davis,15.0,13.551168244530523,2.673333333333334,3.28473427130555,2.4607351073423636,40.10000000000001,44.51198674903687,33.345835444819244,45.44666666666667,55.84048261219435,41.83249682482018,SEASON
WR,2024,00-0038576,Charlie Jones,7.0,10.848711374690021,0.2142857142857143,2.379624484691417,1.9171879711849382,1.5,25.815859214562654,20.799018950412922,3.6428571428571432,40.45361623975409,32.59219551014395,PPG
WR,2024,00-0038576,Charlie Jones,7.0,10.848711374690021,0.2142857142857143,2.379624484691417,1.9171879711849382,1.5,25.815859214562654,20.799018950412922,3.6428571428571432,40.45361623975409,32.59219551014395,SEASON
WR,2024,00-0038606,Parker Washington,14.0,9.497482939769771,6.5,3.7708692669903354,4.697888483685209,91.0,35.81376653134285,44.61811572674115,110.5,64.1047775388357,79.86410422264855,PPG
WR,2024,00-0038606,Parker Washington,14.0,9.497482939769771,6.5,3.7708692669903354,4.697888483685209,91.0,35.81376653134285,44.61811572674115,110.5,64.1047775388357,79.86410422264855,SEASON
WR,2024,00-0038608,Kayshon Boutte,15.0,7.245435548236022,8.126666666666667,1.526544151971396,2.0042150423665768,121.9,11.060477264645366,14.521410914272161,138.15333333333334,25.951250583513733,34.0716557202318,PPG
WR,2024,00-0038608,Kayshon Boutte,15.0,7.245435548236022,8.126666666666667,1.526544151971396,2.0042150423665768,121.9,11.060477264645366,14.521410914272161,138.15333333333334,25.951250583513733,34.0716557202318,SEASON
WR,2024,00-0038618,Xavier Hutchinson,14.0,11.299120852996772,1.692857142857143,2.846600578795969,2.5086789751441967,23.700000000000003,32.16408396002621,28.345866921526365,28.778571428571432,48.392209839531475,42.64754257745135,PPG
WR,2024,00-0038618,Xavier Hutchinson,14.0,11.299120852996772,1.692857142857143,2.846600578795969,2.5086789751441967,23.700000000000003,32.16408396002621,28.345866921526365,28.778571428571432,48.392209839531475,42.64754257745135,SEASON
WR,2024,00-0038619,Andrei Iosivas,17.0,10.848711374690021,7.052941176470588,3.7857306386830945,4.111972137499481,119.89999999999999,41.0702990413938,44.60959890049906,119.89999999999999,64.35742085761261,69.90352633749117,PPG
WR,2024,00-0038619,Andrei Iosivas,17.0,10.848711374690021,7.052941176470588,3.7857306386830945,4.111972137499481,119.89999999999999,41.0702990413938,44.60959890049906,119.89999999999999,64.35742085761261,69.90352633749117,SEASON
WR,2024,00-0038621,DeMario Douglas,16.0,12.199939809610271,9.23125,7.459441802061443,7.835531412916983,147.7,91.00474099844038,95.59301161389772,156.93124999999998,126.81051063504454,133.2040340195887,PPG
WR,2024,00-0038621,DeMario Douglas,16.0,12.199939809610271,9.23125,7.459441802061443,7.835531412916983,147.7,91.00474099844038,95.59301161389772,156.93124999999998,126.81051063504454,133.2040340195887,SEASON
WR,2024,00-0038640,Jalen Brooks,12.0,7.245435548236022,2.975,3.6177265956451614,4.276052218493504,35.7,26.21200487988634,30.981860749986343,50.575,61.50135212596774,72.69288771438957,PPG
WR,2024,00-0038640,Jalen Brooks,12.0,7.245435548236022,2.975,3.6177265956451614,4.276052218493504,35.7,26.21200487988634,30.981860749986343,50.575,61.50135212596774,72.69288771438957,SEASON
WR,2024,00-0038647,Ronnie Bell,4.0,11.749530331303522,1.05,2.4280681044273766,2.4380590759150125,4.2,28.52865983944011,28.646049061973272,17.85,41.2771577752654,41.44700429055521,PPG
WR,2024,00-0038647,Ronnie Bell,4.0,11.749530331303522,1.05,2.4280681044273766,2.4380590759150125,4.2,28.52865983944011,28.646049061973272,17.85,41.2771577752654,41.44700429055521,SEASON
WR,2024,00-0038752,Jake Bobo,12.0,12.199939809610271,2.4749999999999996,1.7381974301595329,3.8557108072860333,29.699999999999996,21.205904025165555,47.039439772153436,42.074999999999996,29.54935631271206,65.54708372386257,PPG
WR,2024,00-0038752,Jake Bobo,12.0,12.199939809610271,2.4749999999999996,1.7381974301595329,3.8557108072860333,29.699999999999996,21.205904025165555,47.039439772153436,42.074999999999996,29.54935631271206,65.54708372386257,SEASON
WR,2024,00-0038821,Rakim Jarrett,8.0,9.047073461463022,2.675,1.9711157115325164,2.0614286033335034,21.4,17.83282864327863,18.64989600991932,45.474999999999994,33.50896709605278,35.04428625666956,PPG
WR,2024,00-0038821,Rakim Jarrett,8.0,9.047073461463022,2.675,1.9711157115325164,2.0614286033335034,21.4,17.83282864327863,18.64989600991932,45.474999999999994,33.50896709605278,35.04428625666956,SEASON
WR,2024,00-0038938,Jalin Hyatt,10.0,11.749530331303522,1.4200000000000002,5.051996399170431,5.0426462618404235,14.200000000000001,59.35858492568915,59.24872520352837,24.140000000000004,85.88393878589733,85.7249864512872,PPG
WR,2024,00-0038938,Jalin Hyatt,10.0,11.749530331303522,1.4200000000000002,5.051996399170431,5.0426462618404235,14.200000000000001,59.35858492568915,59.24872520352837,24.140000000000004,85.88393878589733,85.7249864512872,SEASON
WR,2024,00-0038941,Tyler Scott,4.0,11.749530331303522,0.375,3.675402057879785,3.3549481960401746,1.5,43.18424795879392,39.41906558932607,6.375,62.48183498395635,57.03411933268297,PPG
WR,2024,00-0038941,Tyler Scott,4.0,11.749530331303522,0.375,3.675402057879785,3.3549481960401746,1.5,43.18424795879392,39.41906558932607,6.375,62.48183498395635,57.03411933268297,SEASON
WR,2024,00-0038976,Marvin Mims Jr.,17.0,13.100758766223771,7.61764705882353,4.736231651305811,4.515068127084359,129.5,62.0482283247111,59.15081834599797,129.5,80.5159380721988,76.75615816043411,PPG
WR,2024,00-0038976,Marvin Mims Jr.,17.0,13.100758766223771,7.61764705882353,4.736231651305811,4.515068127084359,129.5,62.0482283247111,59.15081834599797,129.5,80.5159380721988,76.75615816043411,SEASON
WR,2024,00-0038977,Tank Dell,14.0,10.398301896383272,10.0,13.608033186700112,14.027990825062677,140.0,141.50043729131028,145.86728359869636,170.0,231.3365641739019,238.47584402606552,PPG
WR,2024,00-0038977,Tank Dell,14.0,10.398301896383272,10.0,13.608033186700112,14.027990825062677,140.0,141.50043729131028,145.86728359869636,170.0,231.3365641739019,238.47584402606552,SEASON
WR,2024,00-0038979,Cedric Tillman,9.0,10.848711374690021,8.988888888888889,4.576472999706765,4.385585467258813,80.9,49.648834687880544,47.57795094332593,152.8111111111111,77.80004099501501,74.55495294339981,PPG
WR,2024,00-0038979,Cedric Tillman,9.0,10.848711374690021,8.988888888888889,4.576472999706765,4.385585467258813,80.9,49.648834687880544,47.57795094332593,152.8111111111111,77.80004099501501,74.55495294339981,SEASON
WR,2024,00-0038994,Jordan Addison,15.0,13.551168244530523,14.166666666666666,10.885238654796165,10.71265057571651,212.5,147.50770039300994,145.1689302964012,240.83333333333331,185.0490571315348,182.11505978718066,PPG
WR,2024,00-0038994,Jordan Addison,15.0,13.551168244530523,14.166666666666666,10.885238654796165,10.71265057571651,212.5,147.50770039300994,145.1689302964012,240.83333333333331,185.0490571315348,182.11505978718066,SEASON
WR,2024,00-0038997,Josh Downs,14.0,13.551168244530523,13.107142857142858,8.935395130094019,8.411839911045629,183.5,121.08504273926275,113.99025788063598,222.82142857142858,151.9017172115983,143.0012784877757,PPG
WR,2024,00-0038997,Josh Downs,14.0,13.551168244530523,13.107142857142858,8.935395130094019,8.411839911045629,183.5,121.08504273926275,113.99025788063598,222.82142857142858,151.9017172115983,143.0012784877757,SEASON
WR,2024,00-0039052,Trey Palmer,15.0,13.551168244530523,2.3466666666666667,6.226779269291989,5.390791081348201,35.2,84.38013349973058,73.0515169144641,39.89333333333333,105.85524757796382,91.64344838291942,PPG
WR,2024,00-0039052,Trey Palmer,15.0,13.551168244530523,2.3466666666666667,6.226779269291989,5.390791081348201,35.2,84.38013349973058,73.0515169144641,39.89333333333333,105.85524757796382,91.64344838291942,SEASON
WR,2024,00-0039062,Jonathan Mingo,14.0,12.650349287917022,2.3,5.685810635770134,5.989639567378506,32.199999999999996,71.92749052744576,75.77103263606631,39.099999999999994,96.65878080809229,101.8238726454346,PPG
WR,2024,00-0039062,Jonathan Mingo,14.0,12.650349287917022,2.3,5.685810635770134,5.989639567378506,32.199999999999996,71.92749052744576,75.77103263606631,39.099999999999994,96.65878080809229,101.8238726454346,SEASON
WR,2024,00-0039064,Zay Flowers,17.0,13.100758766223771,12.323529411764707,11.118301014680219,11.330549519165922,209.5,145.65817948358654,148.43879593934548,209.5,189.0111172495637,192.61934182582067,PPG
WR,2024,00-0039064,Zay Flowers,17.0,13.100758766223771,12.323529411764707,11.118301014680219,11.330549519165922,209.5,145.65817948358654,148.43879593934548,209.5,189.0111172495637,192.61934182582067,SEASON
WR,2024,00-0039067,Rashee Rice,4.0,13.100758766223771,16.224999999999998,11.34372523519858,11.658209119668356,64.89999999999999,148.6114078166616,152.73138532296514,275.825,192.84332899837585,198.18955503436206,PPG
WR,2024,00-0039067,Rashee Rice,4.0,13.100758766223771,16.224999999999998,11.34372523519858,11.658209119668356,64.89999999999999,148.6114078166616,152.73138532296514,275.825,192.84332899837585,198.18955503436206,SEASON
WR,2024,00-0039075,Puka Nacua,11.0,13.551168244530523,18.781818181818185,15.670781489388867,15.24409493673629,206.60000000000002,212.35739648598314,206.57529522330935,319.29090909090917,266.40328531961075,259.1496139245169,PPG
WR,2024,00-0039075,Puka Nacua,11.0,13.551168244530523,18.781818181818185,15.670781489388867,15.24409493673629,206.60000000000002,212.35739648598314,206.57529522330935,319.29090909090917,266.40328531961075,259.1496139245169,SEASON
WR,2024,00-0039146,Jayden Reed,17.0,13.100758766223771,11.588235294117649,12.015228605788637,11.512291465323795,197.00000000000003,157.40861148546813,150.8197533336638,197.00000000000003,204.25888629840685,195.7089549105045,PPG
WR,2024,00-0039146,Jayden Reed,17.0,13.100758766223771,11.588235294117649,12.015228605788637,11.512291465323795,197.00000000000003,157.40861148546813,150.8197533336638,197.00000000000003,204.25888629840685,195.7089549105045,SEASON
WR,2025,00-0030035,Adam Thielen,14.0,10.347804637005895,2.8285714285714287,11.398004626005457,12.16558935372649,39.6,117.94432512159392,125.88714192640053,48.08571428571429,193.76607864209276,206.81501901335034,PPG
WR,2025,00-0030035,Adam Thielen,14.0,10.347804637005895,2.8285714285714287,11.398004626005457,12.16558935372649,39.6,117.94432512159392,125.88714192640053,48.08571428571429,193.76607864209276,206.81501901335034,SEASON
WR,2025,00-0030279,Keenan Allen,17.0,12.55268755284832,10.74705882352941,11.171923229787621,11.096074205607952,182.7,140.2376616679321,139.28555256621624,182.7,189.92269490638955,188.63326149533518,PPG
WR,2025,00-0030279,Keenan Allen,17.0,12.55268755284832,10.74705882352941,11.171923229787621,11.096074205607952,182.7,140.2376616679321,139.28555256621624,182.7,189.92269490638955,188.63326149533518,SEASON
WR,2025,00-0030564,DeAndre Hopkins,17.0,12.993664136016806,3.9411764705882355,8.680225014571224,8.186882763920936,67.0,112.78792846439008,106.37760495533361,67.0,147.5638252477108,139.17700698665593,PPG
WR,2025,00-0030564,DeAndre Hopkins,17.0,12.993664136016806,3.9411764705882355,8.680225014571224,8.186882763920936,67.0,112.78792846439008,106.37760495533361,67.0,147.5638252477108,139.17700698665593,SEASON
WR,2025,00-0031236,Brandin Cooks,13.0,10.347804637005895,3.9923076923076923,6.071397916119649,6.445943542093725,51.9,62.82563950953083,66.70136447475565,67.86923076923077,103.21376457403403,109.58104021559333,PPG
WR,2025,00-0031236,Brandin Cooks,13.0,10.347804637005895,3.9923076923076923,6.071397916119649,6.445943542093725,51.9,62.82563950953083,66.70136447475565,67.86923076923077,103.21376457403403,109.58104021559333,SEASON
WR,2025,00-0031381,Davante Adams,14.0,12.111710969679836,15.92142857142857,14.985244254735335,14.756987806295857,222.89999999999998,181.49694722340968,178.7323710929451,270.6642857142857,254.7491523305007,250.86879270702957,PPG
WR,2025,00-0031381,Davante Adams,14.0,12.111710969679836,15.92142857142857,14.985244254735335,14.756987806295857,222.89999999999998,181.49694722340968,178.7323710929451,270.6642857142857,254.7491523305007,250.86879270702957,SEASON
WR,2025,00-0031408,Mike Evans,8.0,12.111710969679836,10.600000000000001,14.697355847805513,14.127011135948235,84.80000000000001,178.0101260471541,171.10227574405343,180.20000000000002,249.85504941269372,240.15918931112,PPG
WR,2025,00-0031408,Mike Evans,8.0,12.111710969679836,10.600000000000001,14.697355847805513,14.127011135948235,84.80000000000001,178.0101260471541,171.10227574405343,180.20000000000002,249.85504941269372,240.15918931112,SEASON
WR,2025,00-0031588,Stefon Diggs,17.0,9.465851470668925,12.370588235294118,11.692825177495445,12.932426308404434,210.3,110.68254640266989,122.41642659072761,210.3,198.77802801742257,219.8512472428754,PPG
WR,2025,00-0031588,Stefon Diggs,17.0,9.465851470668925,12.370588235294118,11.692825177495445,12.932426308404434,210.3,110.68254640266989,122.41642659072761,210.3,198.77802801742257,219.8512472428754,SEASON
WR,2025,00-0031763,DeAndre Carter,4.0,11.67073438651135,0.0,2.643854870967949,1.9204401748519577,0.0,30.85572795555117,22.412947185882615,0.0,44.945532806455134,32.64748297248328,PPG
WR,2025,00-0031763,DeAndre Carter,4.0,11.67073438651135,0.0,2.643854870967949,1.9204401748519577,0.0,30.85572795555117,22.412947185882615,0.0,44.945532806455134,32.64748297248328,SEASON
WR,2025,00-0032211,Tyler Lockett,17.0,13.43464071918529,3.947058823529412,7.255540050735928,6.752531530114456,67.10000000000001,97.4755738052966,90.71783505205822,67.10000000000001,123.34418086251078,114.79303601194574,PPG
WR,2025,00-0032211,Tyler Lockett,17.0,13.43464071918529,3.947058823529412,7.255540050735928,6.752531530114456,67.10000000000001,97.4755738052966,90.71783505205822,67.10000000000001,123.34418086251078,114.79303601194574,SEASON
WR,2025,00-0032385,Sterling Shepard,13.0,11.67073438651135,6.307692307692309,6.088251136945845,6.03658380633621,82.00000000000001,71.0543618976707,70.45136620566558,107.23076923076925,103.50026932807937,102.62192470771556,PPG
WR,2025,00-0032385,Sterling Shepard,13.0,11.67073438651135,6.307692307692309,6.088251136945845,6.03658380633621,82.00000000000001,71.0543618976707,70.45136620566558,107.23076923076925,103.50026932807937,102.62192470771556,SEASON
WR,2025,00-0032464,Kalif Raymond,15.0,11.229757803342865,4.053333333333334,3.7921831206641823,4.034873234244941,60.800000000000004,42.5852979909837,45.31064918776139,68.90666666666667,64.4671130512911,68.592844982164,PPG
WR,2025,00-0032464,Kalif Raymond,15.0,11.229757803342865,4.053333333333334,3.7921831206641823,4.034873234244941,60.800000000000004,42.5852979909837,45.31064918776139,68.90666666666667,64.4671130512911,68.592844982164,SEASON
WR,2025,00-0032775,Demarcus Robinson,14.0,13.43464071918529,4.157142857142857,6.626067190353006,6.130018253159242,58.19999999999999,89.01883208357417,82.35459283324224,70.67142857142856,112.64314223600111,104.2103103037071,PPG
WR,2025,00-0032775,Demarcus Robinson,14.0,13.43464071918529,4.157142857142857,6.626067190353006,6.130018253159242,58.19999999999999,89.01883208357417,82.35459283324224,70.67142857142856,112.64314223600111,104.2103103037071,SEASON
WR,2025,00-0033040,Tyreek Hill,4.0,13.43464071918529,13.375,11.730609637882742,11.462788685159733,53.5,157.59652590196688,153.99844762506336,227.375,199.4203638440066,194.86740764771545,PPG
WR,2025,00-0033040,Tyreek Hill,4.0,13.43464071918529,13.375,11.730609637882742,11.462788685159733,53.5,157.59652590196688,153.99844762506336,227.375,199.4203638440066,194.86740764771545,SEASON
WR,2025,00-0033282,Curtis Samuel,6.0,12.111710969679836,3.516666666666667,4.6461629500213935,4.531555143591249,21.1,56.272982768694135,54.88488614234321,59.78333333333334,78.98477015036369,77.03643744105123,PPG
WR,2025,00-0033282,Curtis Samuel,6.0,12.111710969679836,3.516666666666667,4.6461629500213935,4.531555143591249,21.1,56.272982768694135,54.88488614234321,59.78333333333334,78.98477015036369,77.03643744105123,SEASON
WR,2025,00-0033307,Kendrick Bourne,14.0,11.229757803342865,6.578571428571428,5.232031621921684,5.423326808594944,92.1,58.75444793361166,60.902646548897636,111.83571428571427,88.94453757266862,92.19655574611406,PPG
WR,2025,00-0033307,Kendrick Bourne,14.0,11.229757803342865,6.578571428571428,5.232031621921684,5.423326808594944,92.1,58.75444793361166,60.902646548897636,111.83571428571427,88.94453757266862,92.19655574611406,SEASON
WR,2025,00-0033375,Tim Patrick,13.0,12.55268755284832,3.976923076923077,5.558344028460411,5.600374177234442,51.7,69.77215590050379,70.29974722586392,67.6076923076923,94.49184848382698,95.20636101298551,PPG
WR,2025,00-0033375,Tim Patrick,13.0,12.55268755284832,3.976923076923077,5.558344028460411,5.600374177234442,51.7,69.77215590050379,70.29974722586392,67.6076923076923,94.49184848382698,95.20636101298551,SEASON
WR,2025,00-0033555,Mack Hollins,14.0,13.43464071918529,8.1,5.648369619143455,5.384602053955525,113.39999999999999,75.88381648235378,72.34019401067964,137.7,96.02228352543874,91.53823491724391,PPG
WR,2025,00-0033555,Mack Hollins,14.0,13.43464071918529,8.1,5.648369619143455,5.384602053955525,113.39999999999999,75.88381648235378,72.34019401067964,137.7,96.02228352543874,91.53823491724391,SEASON
WR,2025,00-0033589,David Moore,3.0,12.55268755284832,0.9,5.465390682574102,5.464715521104067,2.7,68.60534159260112,68.59686650162006,15.3,92.91164160375973,92.90016385876915,PPG
WR,2025,00-0033589,David Moore,3.0,12.55268755284832,0.9,5.465390682574102,5.464715521104067,2.7,68.60534159260112,68.59686650162006,15.3,92.91164160375973,92.90016385876915,SEASON
WR,2025,00-0033591,Noah Brown,4.0,10.78878122017438,3.325,7.417094773766589,7.6971003595311736,13.3,80.02141280346652,83.0423318087074,56.525000000000006,126.09061115403202,130.85070611202994,PPG
WR,2025,00-0033591,Noah Brown,4.0,10.78878122017438,3.325,7.417094773766589,7.6971003595311736,13.3,80.02141280346652,83.0423318087074,56.525000000000006,126.09061115403202,130.85070611202994,SEASON
WR,2025,00-0033857,JuJu Smith-Schuster,17.0,10.78878122017438,4.323529411764706,4.236529946170211,4.571006403689112,73.5,45.706994721947545,49.315588045417925,73.5,72.02100908489358,77.7071088627149,PPG
WR,2025,00-0033857,JuJu Smith-Schuster,17.0,10.78878122017438,4.323529411764706,4.236529946170211,4.571006403689112,73.5,45.706994721947545,49.315588045417925,73.5,72.02100908489358,77.7071088627149,SEASON
WR,2025,00-0033891,Zay Jones,6.0,8.583898304331953,5.050000000000001,2.5822598605198572,3.126043293581526,30.300000000000004,22.165856038060866,26.833637727042735,85.85000000000001,43.89841762883757,53.14273599088594,PPG
WR,2025,00-0033891,Zay Jones,6.0,8.583898304331953,5.050000000000001,2.5822598605198572,3.126043293581526,30.300000000000004,22.165856038060866,26.833637727042735,85.85000000000001,43.89841762883757,53.14273599088594,SEASON
WR,2025,00-0033908,Cooper Kupp,16.0,11.229757803342865,7.393750000000001,11.928198380460357,12.218583580998088,118.30000000000001,133.9507788427964,137.2117343145103,125.69375000000001,202.77937246782605,207.7159208769675,PPG
WR,2025,00-0033908,Cooper Kupp,16.0,11.229757803342865,7.393750000000001,11.928198380460357,12.218583580998088,118.30000000000001,133.9507788427964,137.2117343145103,125.69375000000001,202.77937246782605,207.7159208769675,SEASON
WR,2025,00-0033921,Chris Godwin Jr.,9.0,9.024874887500438,9.222222222222221,14.958491650352785,16.15385986987691,83.0,134.99851565015385,145.78656427585324,156.77777777777777,254.29435805599735,274.61561778790747,PPG
WR,2025,00-0033921,Chris Godwin Jr.,9.0,9.024874887500438,9.222222222222221,14.958491650352785,16.15385986987691,83.0,134.99851565015385,145.78656427585324,156.77777777777777,254.29435805599735,274.61561778790747,SEASON
WR,2025,00-0033943,Josh Reynolds,5.0,9.465851470668925,4.62,4.371237015809324,4.6544784300885675,23.1,41.377480334741136,44.05860149265066,78.54,74.31102926875852,79.12613331150565,PPG
WR,2025,00-0033943,Josh Reynolds,5.0,9.465851470668925,4.62,4.371237015809324,4.6544784300885675,23.1,41.377480334741136,44.05860149265066,78.54,74.31102926875852,79.12613331150565,SEASON
WR,2025,00-0034054,River Cracraft,2.0,8.142921721163468,0.0,2.444840372926538,3.1255938325096793,0.0,19.908143777480902,25.451465910277637,0.0,41.56228633975115,53.13509515266455,PPG
WR,2025,00-0034054,River Cracraft,2.0,8.142921721163468,0.0,2.444840372926538,3.1255938325096793,0.0,19.908143777480902,25.451465910277637,0.0,41.56228633975115,53.13509515266455,SEASON
WR,2025,00-0034272,Marquez Valdes-Scantling,9.0,11.67073438651135,3.555555555555556,6.084016711974945,6.149268639760144,32.0,71.00494304855572,71.76648096594458,60.44444444444445,103.42828410357406,104.53756687592244,PPG
WR,2025,00-0034272,Marquez Valdes-Scantling,9.0,11.67073438651135,3.555555555555556,6.084016711974945,6.149268639760144,32.0,71.00494304855572,71.76648096594458,60.44444444444445,103.42828410357406,104.53756687592244,SEASON
WR,2025,00-0034348,Courtland Sutton,17.0,12.993664136016806,12.923529411764704,13.242411183685812,12.978644676868749,219.7,172.0674432718462,168.64014987193488,219.7,225.1209901226588,220.63695950676873,PPG
WR,2025,00-0034348,Courtland Sutton,17.0,12.993664136016806,12.923529411764704,13.242411183685812,12.978644676868749,219.7,172.0674432718462,168.64014987193488,219.7,225.1209901226588,220.63695950676873,SEASON
WR,2025,00-0034386,Justin Watson,3.0,12.55268755284832,2.0,4.350777883021021,4.008111214144875,6.0,54.61395537740573,50.31256774822814,34.0,73.96322401135735,68.13789064046287,PPG
WR,2025,00-0034386,Justin Watson,3.0,12.55268755284832,2.0,4.350777883021021,4.008111214144875,6.0,54.61395537740573,50.31256774822814,34.0,73.96322401135735,68.13789064046287,SEASON
WR,2025,00-0034407,Ray-Ray McCloud,6.0,13.43464071918529,2.316666666666667,8.203805117163805,7.964139908868945,13.900000000000002,110.21517427930951,106.99535831297936,39.38333333333334,139.46468699178467,135.39037845077206,PPG
WR,2025,00-0034407,Ray-Ray McCloud,6.0,13.43464071918529,2.316666666666667,8.203805117163805,7.964139908868945,13.900000000000002,110.21517427930951,106.99535831297936,39.38333333333334,139.46468699178467,135.39037845077206,SEASON
WR,2025,00-0034418,Cedrick Wilson Jr.,6.0,11.67073438651135,1.5666666666666669,4.2751424078700655,3.9804585703041293,9.400000000000002,49.8940515067621,46.45487471053221,26.633333333333336,72.67742093379111,67.6677956951702,PPG
WR,2025,00-0034418,Cedrick Wilson Jr.,6.0,11.67073438651135,1.5666666666666669,4.2751424078700655,3.9804585703041293,9.400000000000002,49.8940515067621,46.45487471053221,26.633333333333336,72.67742093379111,67.6677956951702,SEASON
WR,2025,00-0034419,Braxton Berrios,4.0,8.583898304331953,2.425,1.2823468863505847,0.9330021059999072,9.7,11.007535263310144,8.008795195630745,41.224999999999994,21.79989706795994,15.861035801998423,PPG
WR,2025,00-0034419,Braxton Berrios,4.0,8.583898304331953,2.425,1.2823468863505847,0.9330021059999072,9.7,11.007535263310144,8.008795195630745,41.224999999999994,21.79989706795994,15.861035801998423,SEASON
WR,2025,00-0034487,Trent Sherfield,4.0,11.67073438651135,1.275,2.0073544239885024,2.1088730668358733,5.1,23.4273003019583,24.612097417909077,21.674999999999997,34.12502520780454,35.85084213620985,PPG
WR,2025,00-0034487,Trent Sherfield,4.0,11.67073438651135,1.275,2.0073544239885024,2.1088730668358733,5.1,23.4273003019583,24.612097417909077,21.674999999999997,34.12502520780454,35.85084213620985,SEASON
WR,2025,00-0034521,Allen Lazard,9.0,11.229757803342865,2.5555555555555554,8.423123129693028,8.700454347298884,23.0,94.58963269418807,97.703995099208,43.44444444444444,143.1930932047815,147.90772390408102,PPG
WR,2025,00-0034521,Allen Lazard,9.0,11.229757803342865,2.5555555555555554,8.423123129693028,8.700454347298884,23.0,94.58963269418807,97.703995099208,43.44444444444444,143.1930932047815,147.90772390408102,SEASON
WR,2025,00-0034775,Christian Kirk,11.0,9.465851470668925,5.263636363636364,7.843421523062117,8.436401648002153,57.9,74.24466315915384,79.85772494689492,89.48181818181818,133.338165892056,143.4188280160366,PPG
WR,2025,00-0034775,Christian Kirk,11.0,9.465851470668925,5.263636363636364,7.843421523062117,8.436401648002153,57.9,74.24466315915384,79.85772494689492,89.48181818181818,133.338165892056,143.4188280160366,SEASON
WR,2025,00-0034827,DJ Moore,17.0,13.43464071918529,9.888235294117647,12.02782044856131,12.340430561385633,168.1,161.58944636129127,165.78925091227,168.1,204.47294762554225,209.78731954355575,PPG
WR,2025,00-0034827,DJ Moore,17.0,13.43464071918529,9.888235294117647,12.02782044856131,12.340430561385633,168.1,161.58944636129127,165.78925091227,168.1,204.47294762554225,209.78731954355575,SEASON
WR,2025,00-0034837,Calvin Ridley,7.0,13.43464071918529,6.757142857142856,10.643689829581737,10.62697093282369,47.3,142.99414878687716,142.76953641571166,114.87142857142855,180.94272710288953,180.65850585800274,PPG
WR,2025,00-0034837,Calvin Ridley,7.0,13.43464071918529,6.757142857142856,10.643689829581737,10.62697093282369,47.3,142.99414878687716,142.76953641571166,114.87142857142855,180.94272710288953,180.65850585800274,SEASON
WR,2025,00-0034854,KhaDarel Hodge,8.0,10.78878122017438,0.7625,2.6668914061732085,2.878803331630931,6.1,28.772507919165957,31.058779320875228,12.962499999999999,45.33715390494454,48.93965663772583,PPG
WR,2025,00-0034854,KhaDarel Hodge,8.0,10.78878122017438,0.7625,2.6668914061732085,2.878803331630931,6.1,28.772507919165957,31.058779320875228,12.962499999999999,45.33715390494454,48.93965663772583,SEASON
WR,2025,00-0034860,Dante Pettis,8.0,9.465851470668925,2.4625000000000004,4.214946598795342,4.25332060302623,19.700000000000003,39.898058460997866,40.26130108538228,41.862500000000004,71.6540921795208,72.30645025144591,PPG
WR,2025,00-0034860,Dante Pettis,8.0,9.465851470668925,2.4625000000000004,4.214946598795342,4.25332060302623,19.700000000000003,39.898058460997866,40.26130108538228,41.862500000000004,71.6540921795208,72.30645025144591,SEASON
WR,2025,00-0034928,Steven Sims,3.0,9.90682805383741,0.0,0.922658365560424,1.0462910714799962,0.0,9.140617780041781,10.36542573941763,0.0,15.68519221452721,17.786948215159935,PPG
WR,2025,00-0034928,Steven Sims,3.0,9.90682805383741,0.0,0.922658365560424,1.0462910714799962,0.0,9.140617780041781,10.36542573941763,0.0,15.68519221452721,17.786948215159935,SEASON
WR,2025,00-0034960,Jakobi Meyers,16.0,12.55268755284832,10.9875,13.103709584335965,12.782693385653834,175.8,164.4867721954333,160.45715615397344,186.78750000000002,222.7630629337114,217.30578755611518,PPG
WR,2025,00-0034960,Jakobi Meyers,16.0,12.55268755284832,10.9875,13.103709584335965,12.782693385653834,175.8,164.4867721954333,160.45715615397344,186.78750000000002,222.7630629337114,217.30578755611518,SEASON
WR,2025,00-0035021,Ashton Dulin,12.0,11.67073438651135,1.6666666666666667,2.760744352894787,1.9783999150253015,20.0,32.219914051696215,23.089379918556922,28.333333333333336,46.93265399921138,33.63279855543013,PPG
WR,2025,00-0035021,Ashton Dulin,12.0,11.67073438651135,1.6666666666666667,2.760744352894787,1.9783999150253015,20.0,32.219914051696215,23.089379918556922,28.333333333333336,46.93265399921138,33.63279855543013,SEASON
WR,2025,00-0035140,Mecole Hardman,2.0,11.229757803342865,0.0,2.875682391731795,3.02495880804769,0.0,32.2932167784858,33.969554779464275,0.0,48.88660065944051,51.42429973681073,PPG
WR,2025,00-0035140,Mecole Hardman,2.0,11.229757803342865,0.0,2.875682391731795,3.02495880804769,0.0,32.2932167784858,33.969554779464275,0.0,48.88660065944051,51.42429973681073,SEASON
WR,2025,00-0035208,Olamide Zaccheaus,14.0,12.993664136016806,6.057142857142857,7.427041861465621,6.951555835645607,84.8,96.50448747202134,90.32618175114666,102.97142857142856,126.25971164491555,118.17644920597532,PPG
WR,2025,00-0035208,Olamide Zaccheaus,14.0,12.993664136016806,6.057142857142857,7.427041861465621,6.951555835645607,84.8,96.50448747202134,90.32618175114666,102.97142857142856,126.25971164491555,118.17644920597532,SEASON
WR,2025,00-0035298,Scott Miller,5.0,8.583898304331953,3.04,2.4248311122772024,2.7735937167686453,15.2,20.814503672967643,23.808246402276133,51.68,41.22212890871244,47.15109318506697,PPG
WR,2025,00-0035298,Scott Miller,5.0,8.583898304331953,3.04,2.4248311122772024,2.7735937167686453,15.2,20.814503672967643,23.808246402276133,51.68,41.22212890871244,47.15109318506697,SEASON
WR,2025,00-0035406,Lil'Jordan Humphrey,7.0,12.111710969679836,4.942857142857143,5.050930959891184,4.6892324584785605,34.6,61.17541591400955,56.79462820673353,84.02857142857144,85.86582631815013,79.71695179413553,PPG
WR,2025,00-0035406,Lil'Jordan Humphrey,7.0,12.111710969679836,4.942857142857143,5.050930959891184,4.6892324584785605,34.6,61.17541591400955,56.79462820673353,84.02857142857144,85.86582631815013,79.71695179413553,SEASON
WR,2025,00-0035500,Greg Dortch,12.0,13.43464071918529,6.258333333333333,5.56761002788771,4.918601099046053,75.1,74.79884038920459,66.07963860667363,106.39166666666665,94.64937047409107,83.6162186837829,PPG
WR,2025,00-0035500,Greg Dortch,12.0,13.43464071918529,6.258333333333333,5.56761002788771,4.918601099046053,75.1,74.79884038920459,66.07963860667363,106.39166666666665,94.64937047409107,83.6162186837829,SEASON
WR,2025,00-0035535,Darius Slayton,14.0,12.993664136016806,7.057142857142857,6.688710392159958,6.355521713172969,98.8,86.91085633881175,82.5815145501317,119.97142857142856,113.7080766667193,108.04386912394048,PPG
WR,2025,00-0035535,Darius Slayton,14.0,12.993664136016806,7.057142857142857,6.688710392159958,6.355521713172969,98.8,86.91085633881175,82.5815145501317,119.97142857142856,113.7080766667193,108.04386912394048,SEASON
WR,2025,00-0035544,Tom Kennedy,6.0,7.260968554826498,1.2666666666666666,1.0982850380247497,1.0125633175151247,7.6,7.974613125334132,7.352190408248119,21.53333333333333,18.670845646420744,17.21357639775712,PPG
WR,2025,00-0035544,Tom Kennedy,6.0,7.260968554826498,1.2666666666666666,1.0982850380247497,1.0125633175151247,7.6,7.974613125334132,7.352190408248119,21.53333333333333,18.670845646420744,17.21357639775712,SEASON
WR,2025,00-0035602,Alex Bachman,11.0,8.142921721163468,0.2909090909090909,0.9101539465252911,1.8948439300072846,3.1999999999999997,7.4113123407634465,15.429565795871067,4.945454545454545,15.47261709092995,32.21234681012384,PPG
WR,2025,00-0035602,Alex Bachman,11.0,8.142921721163468,0.2909090909090909,0.9101539465252911,1.8948439300072846,3.1999999999999997,7.4113123407634465,15.429565795871067,4.945454545454545,15.47261709092995,32.21234681012384,SEASON
WR,2025,00-0035639,Parris Campbell,1.0,7.701945137994983,0.0,2.1337608000891564,3.6423216764365467,0.0,16.434108619890964,28.052961726844195,0.0,36.27393360151566,61.91946849942129,PPG
WR,2025,00-0035639,Parris Campbell,1.0,7.701945137994983,0.0,2.1337608000891564,3.6423216764365467,0.0,16.434108619890964,28.052961726844195,0.0,36.27393360151566,61.91946849942129,SEASON
WR,2025,00-0035640,DK Metcalf,15.0,12.55268755284832,12.48,11.228312311695007,11.063845530841299,187.20000000000002,140.94549619450746,138.8809960816281,212.16,190.8813092988151,188.08537402430207,PPG
WR,2025,00-0035640,DK Metcalf,15.0,12.55268755284832,12.48,11.228312311695007,11.063845530841299,187.20000000000002,140.94549619450746,138.8809960816281,212.16,190.8813092988151,188.08537402430207,SEASON
WR,2025,00-0035659,Terry McLaurin,10.0,13.43464071918529,11.42,13.278766909195994,13.045133766584913,114.2,178.3954626188547,175.25668528778064,194.14,225.7390374563319,221.76727403194351,PPG
WR,2025,00-0035659,Terry McLaurin,10.0,13.43464071918529,11.42,13.278766909195994,13.045133766584913,114.2,178.3954626188547,175.25668528778064,194.14,225.7390374563319,221.76727403194351,SEASON
WR,2025,00-0035676,A.J. Brown,15.0,11.67073438651135,14.686666666666667,14.413449649711149,14.631464427946367,220.3,168.21554245513389,170.7599350242513,249.67333333333335,245.02864404508952,248.73489527508823,PPG
WR,2025,00-0035676,A.J. Brown,15.0,11.67073438651135,14.686666666666667,14.413449649711149,14.631464427946367,220.3,168.21554245513389,170.7599350242513,249.67333333333335,245.02864404508952,248.73489527508823,SEASON
WR,2025,00-0035719,Deebo Samuel Sr.,16.0,12.55268755284832,11.7625,7.651033231820934,9.440101144845313,188.2,96.0410296155075,118.49864013852894,199.96249999999998,130.0675649409559,160.4817194623703,PPG
WR,2025,00-0035719,Deebo Samuel Sr.,16.0,12.55268755284832,11.7625,7.651033231820934,9.440101144845313,188.2,96.0410296155075,118.49864013852894,199.96249999999998,130.0675649409559,160.4817194623703,SEASON
WR,2025,00-0036133,James Proche,6.0,9.90682805383741,2.0833333333333335,1.1619685731157037,1.4412668848990822,12.5,11.51142285782008,14.278383208385081,35.41666666666667,19.753465742966963,24.501537043284397,PPG
WR,2025,00-0036133,James Proche,6.0,9.90682805383741,2.0833333333333335,1.1619685731157037,1.4412668848990822,12.5,11.51142285782008,14.278383208385081,35.41666666666667,19.753465742966963,24.501537043284397,SEASON
WR,2025,00-0036176,Mason Kinsey,6.0,8.583898304331953,1.1333333333333333,0.5186730405270294,1.4042691972316188,6.8,4.452236633082666,12.054103980942086,19.266666666666666,8.817441688959502,23.87257635293752,PPG
WR,2025,00-0036176,Mason Kinsey,6.0,8.583898304331953,1.1333333333333333,0.5186730405270294,1.4042691972316188,6.8,4.452236633082666,12.054103980942086,19.266666666666666,8.817441688959502,23.87257635293752,SEASON
WR,2025,00-0036182,Nick Westbrook-Ikhine,13.0,12.111710969679836,1.5307692307692307,7.898583254755606,7.897569608321018,19.9,95.66535745155294,95.65308045891176,26.02307692307692,134.2759153308453,134.2586833414573,PPG
WR,2025,00-0036182,Nick Westbrook-Ikhine,13.0,12.111710969679836,1.5307692307692307,7.898583254755606,7.897569608321018,19.9,95.66535745155294,95.65308045891176,26.02307692307692,134.2759153308453,134.2586833414573,SEASON
WR,2025,00-0036196,Gabe Davis,6.0,10.347804637005895,5.15,5.166998393220677,5.498919941928976,30.900000000000002,53.46708993277093,56.90174927361684,87.55000000000001,87.83897268475151,93.48163901279258,PPG
WR,2025,00-0036196,Gabe Davis,6.0,10.347804637005895,5.15,5.166998393220677,5.498919941928976,30.900000000000002,53.46708993277093,56.90174927361684,87.55000000000001,87.83897268475151,93.48163901279258,SEASON
WR,2025,00-0036252,Michael Pittman,17.0,12.993664136016806,11.905882352941177,9.97075107995558,9.815841692753246,202.4,129.55659071676965,127.54375016794634,202.4,169.50276835924487,166.86930877680518,PPG
WR,2025,00-0036252,Michael Pittman,17.0,12.993664136016806,11.905882352941177,9.97075107995558,9.815841692753246,202.4,129.55659071676965,127.54375016794634,202.4,169.50276835924487,166.86930877680518,SEASON
WR,2025,00-0036259,Jauan Jennings,15.0,12.55268755284832,11.553333333333333,12.440679540401359,12.243816994263685,173.29999999999998,156.1639632157709,153.6928091832465,196.40666666666667,211.4915521868231,208.14488890248265,PPG
WR,2025,00-0036259,Jauan Jennings,15.0,12.55268755284832,11.553333333333333,12.440679540401359,12.243816994263685,173.29999999999998,156.1639632157709,153.6928091832465,196.40666666666667,211.4915521868231,208.14488890248265,SEASON
WR,2025,00-0036309,Darnell Mooney,15.0,12.993664136016806,5.486666666666666,10.760001908637706,10.522792382852966,82.3,139.81185090373813,136.72962999582742,93.27333333333333,182.92003244684102,178.88747050850043,PPG
WR,2025,00-0036309,Darnell Mooney,15.0,12.993664136016806,5.486666666666666,10.760001908637706,10.522792382852966,82.3,139.81185090373813,136.72962999582742,93.27333333333333,182.92003244684102,178.88747050850043,SEASON
WR,2025,00-0036322,Justin Jefferson,17.0,13.43464071918529,11.852941176470589,16.216956933063244,15.879822510748665,201.5,217.86898995420566,213.33971011633923,201.5,275.6882678620751,269.9569826827273,PPG
WR,2025,00-0036322,Justin Jefferson,17.0,13.43464071918529,11.852941176470589,16.216956933063244,15.879822510748665,201.5,217.86898995420566,213.33971011633923,201.5,275.6882678620751,269.9569826827273,SEASON
WR,2025,00-0036331,Devin Duvernay,17.0,11.67073438651135,0.2705882352941177,2.3873404595479664,2.32364449004885,4.6000000000000005,27.86201639355626,27.118637652040746,4.6000000000000005,40.584787812315426,39.50195633083045,PPG
WR,2025,00-0036331,Devin Duvernay,17.0,11.67073438651135,0.2705882352941177,2.3873404595479664,2.32364449004885,4.6000000000000005,27.86201639355626,27.118637652040746,4.6000000000000005,40.584787812315426,39.50195633083045,SEASON
WR,2025,00-0036358,CeeDee Lamb,13.0,12.55268755284832,15.453846153846152,15.358698249131137,15.214382396430814,200.89999999999998,192.7929403398217,190.9813885319517,262.7153846153846,261.0978702352293,258.64450073932386,PPG
WR,2025,00-0036358,CeeDee Lamb,13.0,12.55268755284832,15.453846153846152,15.358698249131137,15.214382396430814,200.89999999999998,192.7929403398217,190.9813885319517,262.7153846153846,261.0978702352293,258.64450073932386,SEASON
WR,2025,00-0036407,Jerry Jeudy,17.0,13.43464071918529,7.1,13.264003573884283,12.5865282245087,120.69999999999999,178.197122513125,169.09548459815952,120.69999999999999,225.4880607560328,213.97097981664788,PPG
WR,2025,00-0036407,Jerry Jeudy,17.0,13.43464071918529,7.1,13.264003573884283,12.5865282245087,120.69999999999999,178.197122513125,169.09548459815952,120.69999999999999,225.4880607560328,213.97097981664788,SEASON
WR,2025,00-0036410,Tee Higgins,15.0,11.229757803342865,14.106666666666666,15.124902807979241,15.064893486436745,211.6,169.8489953327073,169.17510518584214,239.8133333333333,257.1233477356471,256.10318926942466,PPG
WR,2025,00-0036410,Tee Higgins,15.0,11.229757803342865,14.106666666666666,15.124902807979241,15.064893486436745,211.6,169.8489953327073,169.17510518584214,239.8133333333333,257.1233477356471,256.10318926942466,SEASON
WR,2025,00-0036415,Van Jefferson,14.0,12.55268755284832,5.0,4.495250766370937,4.166827066399168,70.0,56.42747834195633,52.30487825126031,85.0,76.41926302830592,70.83606012878585,PPG
WR,2025,00-0036415,Van Jefferson,14.0,12.55268755284832,5.0,4.495250766370937,4.166827066399168,70.0,56.42747834195633,52.30487825126031,85.0,76.41926302830592,70.83606012878585,SEASON
WR,2025,00-0036427,Tyler Johnson,9.0,10.78878122017438,4.188888888888889,5.5809263286683715,5.269370599854315,37.7,60.211393165914075,56.85008656984724,71.21111111111111,94.87574758736231,89.57930019752335,PPG
WR,2025,00-0036427,Tyler Johnson,9.0,10.78878122017438,4.188888888888889,5.5809263286683715,5.269370599854315,37.7,60.211393165914075,56.85008656984724,71.21111111111111,94.87574758736231,89.57930019752335,SEASON
WR,2025,00-0036497,Tim Jones,2.0,9.465851470668925,1.25,1.6217424809650245,1.68279389980401,2.5,15.351173448489048,15.929077111292482,21.25,27.569622176405417,28.60749629666817,PPG
WR,2025,00-0036497,Tim Jones,2.0,9.465851470668925,1.25,1.6217424809650245,1.68279389980401,2.5,15.351173448489048,15.929077111292482,21.25,27.569622176405417,28.60749629666817,SEASON
WR,2025,00-0036527,DJ Turner,1.0,11.229757803342865,0.0,3.7567715623890794,3.8879094522547812,0.0,42.18763476811533,43.660281510148614,0.0,63.86511656061435,66.09446068833128,PPG
WR,2025,00-0036527,DJ Turner,1.0,11.229757803342865,0.0,3.7567715623890794,3.8879094522547812,0.0,42.18763476811533,43.660281510148614,0.0,63.86511656061435,66.09446068833128,SEASON
WR,2025,00-0036550,Rashod Bateman,13.0,12.993664136016806,4.2615384615384615,9.56423002733279,9.186518963114361,55.4,124.27439269476912,119.36654198585737,72.44615384615385,162.59191046465745,156.17082237294414,PPG
WR,2025,00-0036550,Rashod Bateman,13.0,12.993664136016806,4.2615384615384615,9.56423002733279,9.186518963114361,55.4,124.27439269476912,119.36654198585737,72.44615384615385,162.59191046465745,156.17082237294414,SEASON
WR,2025,00-0036554,Nico Collins,15.0,11.229757803342865,15.080000000000002,14.760646788388422,14.797882454170733,226.20000000000002,165.7584884542927,166.17663596267425,256.36,250.93099540260317,251.56400172090247,PPG
WR,2025,00-0036554,Nico Collins,15.0,11.229757803342865,15.080000000000002,14.760646788388422,14.797882454170733,226.20000000000002,165.7584884542927,166.17663596267425,256.36,250.93099540260317,251.56400172090247,SEASON
WR,2025,00-0036613,Jaylen Waddle,16.0,12.55268755284832,12.1125,8.968310463147152,8.951264422385375,193.8,112.57639912082661,112.3624254971309,205.91250000000002,152.4612778735016,152.17149518055137,PPG
WR,2025,00-0036613,Jaylen Waddle,16.0,12.55268755284832,12.1125,8.968310463147152,8.951264422385375,193.8,112.57639912082661,112.3624254971309,205.91250000000002,152.4612778735016,152.17149518055137,SEASON
WR,2025,00-0036620,Dee Eskridge,11.0,8.142921721163468,0.9272727272727274,1.4583307289976115,2.095371145761182,10.200000000000001,11.875072969794806,17.06244321671791,15.763636363636365,24.791622392959397,35.621309477940095,PPG
WR,2025,00-0036620,Dee Eskridge,11.0,8.142921721163468,0.9272727272727274,1.4583307289976115,2.095371145761182,10.200000000000001,11.875072969794806,17.06244321671791,15.763636363636365,24.791622392959397,35.621309477940095,SEASON
WR,2025,00-0036626,Dyami Brown,11.0,12.55268755284832,4.5181818181818185,4.991696797750845,4.797860085475465,49.7,62.65921026071985,60.22603857525565,76.80909090909091,84.85884556176437,81.5636214530829,PPG
WR,2025,00-0036626,Dyami Brown,11.0,12.55268755284832,4.5181818181818185,4.991696797750845,4.797860085475465,49.7,62.65921026071985,60.22603857525565,76.80909090909091,84.85884556176437,81.5636214530829,SEASON
WR,2025,00-0036630,Tylan Wallace,11.0,11.229757803342865,1.3181818181818181,2.949217270943579,3.403029906320526,14.5,33.11899566213221,38.21520164551207,22.409090909090907,50.13669360604084,57.85150840744894,PPG
WR,2025,00-0036630,Tylan Wallace,11.0,11.229757803342865,1.3181818181818181,2.949217270943579,3.403029906320526,14.5,33.11899566213221,38.21520164551207,22.409090909090907,50.13669360604084,57.85150840744894,SEASON
WR,2025,00-0036646,Simi Fehoko,7.0,8.583898304331953,0.0,3.075018876381995,3.4100972252782515,0.0,26.395649318764153,29.271927789673082,0.0,52.275320898493916,57.971652829730274,PPG
WR,2025,00-0036646,Simi Fehoko,7.0,8.583898304331953,0.0,3.075018876381995,3.4100972252782515,0.0,26.395649318764153,29.271927789673082,0.0,52.275320898493916,57.971652829730274,SEASON
WR,2025,00-0036849,Tutu Atwell,8.0,12.55268755284832,3.9000000000000004,7.165937169555528,6.408602689461669,31.200000000000003,89.95177031277281,80.44518721115577,66.30000000000001,121.82093188244399,108.94624572084838,PPG
WR,2025,00-0036849,Tutu Atwell,8.0,12.55268755284832,3.9000000000000004,7.165937169555528,6.408602689461669,31.200000000000003,89.95177031277281,80.44518721115577,66.30000000000001,121.82093188244399,108.94624572084838,SEASON
WR,2025,00-0036862,Ben Skowronek,16.0,9.90682805383741,1.05625,1.6827423610416639,2.0467506295086872,16.9,16.670639229748154,20.27680655562604,17.956249999999997,28.606620137708287,34.79476070164768,PPG
WR,2025,00-0036862,Ben Skowronek,16.0,9.90682805383741,1.05625,1.6827423610416639,2.0467506295086872,16.9,16.670639229748154,20.27680655562604,17.956249999999997,28.606620137708287,34.79476070164768,SEASON
WR,2025,00-0036900,Ja'Marr Chase,16.0,13.43464071918529,19.6,19.717764045046664,19.190810481728725,313.6,264.9010757308716,257.8216439320006,333.20000000000005,335.2019887657933,326.2437781893883,PPG
WR,2025,00-0036900,Ja'Marr Chase,16.0,13.43464071918529,19.6,19.717764045046664,19.190810481728725,313.6,264.9010757308716,257.8216439320006,333.20000000000005,335.2019887657933,326.2437781893883,SEASON
WR,2025,00-0036912,DeVonta Smith,17.0,11.67073438651135,11.870588235294118,12.805187467562094,13.109254671366559,201.8,149.44594170340113,152.99462927465225,201.8,217.6881869485556,222.8573294132315,PPG
WR,2025,00-0036912,DeVonta Smith,17.0,11.67073438651135,11.870588235294118,12.805187467562094,13.109254671366559,201.8,149.44594170340113,152.99462927465225,201.8,217.6881869485556,222.8573294132315,SEASON
WR,2025,00-0036963,Amon-Ra St. Brown,17.0,13.43464071918529,19.058823529411768,15.595809167566056,15.266197644836366,324.00000000000006,209.5240928912262,205.09588050644922,324.00000000000006,265.128755848623,259.5253599622182,PPG
WR,2025,00-0036963,Amon-Ra St. Brown,17.0,13.43464071918529,19.058823529411768,15.595809167566056,15.266197644836366,324.00000000000006,209.5240928912262,205.09588050644922,324.00000000000006,265.128755848623,259.5253599622182,SEASON
WR,2025,00-0036980,Elijah Moore,9.0,13.43464071918529,3.1777777777777776,7.1181357077453145,6.794181362390703,28.599999999999998,95.629595823962,91.27738558470394,54.02222222222222,121.00830703167034,115.50108316064195,PPG
WR,2025,00-0036980,Elijah Moore,9.0,13.43464071918529,3.1777777777777776,7.1181357077453145,6.794181362390703,28.599999999999998,95.629595823962,91.27738558470394,54.02222222222222,121.00830703167034,115.50108316064195,SEASON
WR,2025,00-0036988,Josh Palmer,12.0,12.55268755284832,4.358333333333333,7.483889113306231,6.923571564727053,52.3,93.94292171949617,86.90943060180385,74.09166666666667,127.22611492620592,117.7007166003599,PPG
WR,2025,00-0036988,Josh Palmer,12.0,12.55268755284832,4.358333333333333,7.483889113306231,6.923571564727053,52.3,93.94292171949617,86.90943060180385,74.09166666666667,127.22611492620592,117.7007166003599,SEASON
WR,2025,00-0037091,Bo Melton,13.0,11.67073438651135,1.8615384615384616,2.849745300050382,2.51061502348307,24.2,33.2586204660971,29.30072108585587,31.646153846153847,48.44567010085649,42.68045539921219,PPG
WR,2025,00-0037091,Bo Melton,13.0,11.67073438651135,1.8615384615384616,2.849745300050382,2.51061502348307,24.2,33.2586204660971,29.30072108585587,31.646153846153847,48.44567010085649,42.68045539921219,SEASON
WR,2025,00-0037093,Dareke Young,8.0,9.024874887500438,0.8500000000000001,1.6305004683344073,0.8737188644360945,6.800000000000001,14.715062730728896,7.885203438384709,14.450000000000001,27.718507961684924,14.853220695413606,PPG
WR,2025,00-0037093,Dareke Young,8.0,9.024874887500438,0.8500000000000001,1.6305004683344073,0.8737188644360945,6.800000000000001,14.715062730728896,7.885203438384709,14.450000000000001,27.718507961684924,14.853220695413606,SEASON
WR,2025,00-0037132,Britain Covey,6.0,8.142921721163468,0.6666666666666667,1.9908640199602223,2.6650627038785912,4.0,16.211449872016914,21.701396979675625,11.333333333333334,33.84468833932378,45.30606596593605,PPG
WR,2025,00-0037132,Britain Covey,6.0,8.142921721163468,0.6666666666666667,1.9908640199602223,2.6650627038785912,4.0,16.211449872016914,21.701396979675625,11.333333333333334,33.84468833932378,45.30606596593605,SEASON
WR,2025,00-0037231,Kevin Austin Jr.,5.0,9.465851470668925,6.6000000000000005,3.4882914098166022,3.982759251080753,33.0,33.01964837173426,37.70020751416301,112.2,59.30095396688224,67.7069072683728,PPG
WR,2025,00-0037231,Kevin Austin Jr.,5.0,9.465851470668925,6.6000000000000005,3.4882914098166022,3.982759251080753,33.0,33.01964837173426,37.70020751416301,112.2,59.30095396688224,67.7069072683728,SEASON
WR,2025,00-0037238,Drake London,12.0,13.43464071918529,16.825000000000003,14.476213782054586,14.111760049376288,201.90000000000003,194.48273113602184,189.58642617872292,286.02500000000003,246.09563429492795,239.8999208393969,PPG
WR,2025,00-0037238,Drake London,12.0,13.43464071918529,16.825000000000003,14.476213782054586,14.111760049376288,201.90000000000003,194.48273113602184,189.58642617872292,286.02500000000003,246.09563429492795,239.8999208393969,SEASON
WR,2025,00-0037239,Chris Olave,16.0,9.465851470668925,16.89375,8.497104443397106,9.147898075233515,270.3,80.43232859195795,86.59264444897859,287.19375,144.45077553775081,155.51426727896975,PPG
WR,2025,00-0037239,Chris Olave,16.0,9.465851470668925,16.89375,8.497104443397106,9.147898075233515,270.3,80.43232859195795,86.59264444897859,287.19375,144.45077553775081,155.51426727896975,SEASON
WR,2025,00-0037240,Jameson Williams,17.0,12.55268755284832,12.935294117647059,11.874578469574722,11.925920140262154,219.9,149.05787335035126,149.70234930093184,219.9,201.86783398277026,202.7406423844566,PPG
WR,2025,00-0037240,Jameson Williams,17.0,12.55268755284832,12.935294117647059,11.874578469574722,11.925920140262154,219.9,149.05787335035126,149.70234930093184,219.9,201.86783398277026,202.7406423844566,SEASON
WR,2025,00-0037247,George Pickens,17.0,12.111710969679836,17.17058823529412,10.363042157782136,10.792910797407341,291.90000000000003,125.51417138166448,130.72061609973443,291.90000000000003,176.1717166822963,183.4794835559248,PPG
WR,2025,00-0037247,George Pickens,17.0,12.111710969679836,17.17058823529412,10.363042157782136,10.792910797407341,291.90000000000003,125.51417138166448,130.72061609973443,291.90000000000003,176.1717166822963,183.4794835559248,SEASON
WR,2025,00-0037261,Khalil Shakir,16.0,12.55268755284832,10.4,10.897140936447672,10.991684102273325,166.4,136.7884053945806,137.97517621544714,176.8,185.25139591961042,186.85862973864653,PPG
WR,2025,00-0037261,Khalil Shakir,16.0,12.55268755284832,10.4,10.897140936447672,10.991684102273325,166.4,136.7884053945806,137.97517621544714,176.8,185.25139591961042,186.85862973864653,SEASON
WR,2025,00-0037291,Jalen Nailor,17.0,12.55268755284832,5.923529411764706,5.9466923546848385,6.082776845830248,100.7,74.64697110127064,76.35519719940731,100.7,101.09377002964226,103.40720637911421,PPG
WR,2025,00-0037291,Jalen Nailor,17.0,12.55268755284832,5.923529411764706,5.9466923546848385,6.082776845830248,100.7,74.64697110127064,76.35519719940731,100.7,101.09377002964226,103.40720637911421,SEASON
WR,2025,00-0037487,Deven Thompkins,7.0,8.142921721163468,0.8857142857142857,0.9058094185789209,2.0079051786393767,6.199999999999999,7.375935189780747,16.350214693179193,15.057142857142857,15.398760115841656,34.1343880368694,PPG
WR,2025,00-0037487,Deven Thompkins,7.0,8.142921721163468,0.8857142857142857,0.9058094185789209,2.0079051786393767,6.199999999999999,7.375935189780747,16.350214693179193,15.057142857142857,15.398760115841656,34.1343880368694,SEASON
WR,2025,00-0037545,Rashid Shaheed,18.0,8.583898304331953,8.033333333333333,10.07993186604381,11.317199266387608,144.6,86.52511005271508,97.1456875925314,136.56666666666666,171.35884172274476,192.39238752858932,PPG
WR,2025,00-0037545,Rashid Shaheed,18.0,8.583898304331953,8.033333333333333,10.07993186604381,11.317199266387608,144.6,86.52511005271508,97.1456875925314,136.56666666666666,171.35884172274476,192.39238752858932,SEASON
WR,2025,00-0037614,John Metchie III,13.0,10.347804637005895,5.569230769230769,5.388902914155196,5.5914161298784855,72.39999999999999,55.76331456346972,57.85888175618615,94.67692307692307,91.61134954063833,95.05407420793425,PPG
WR,2025,00-0037614,John Metchie III,13.0,10.347804637005895,5.569230769230769,5.388902914155196,5.5914161298784855,72.39999999999999,55.76331456346972,57.85888175618615,94.67692307692307,91.61134954063833,95.05407420793425,SEASON
WR,2025,00-0037664,Alec Pierce,15.0,12.993664136016806,12.219999999999999,9.240121519174261,8.911806586049162,183.29999999999998,120.06303559613173,115.79702162426535,207.73999999999998,157.08206582596245,151.50071196283574,PPG
WR,2025,00-0037664,Alec Pierce,15.0,12.993664136016806,12.219999999999999,9.240121519174261,8.911806586049162,183.29999999999998,120.06303559613173,115.79702162426535,207.73999999999998,157.08206582596245,151.50071196283574,SEASON
WR,2025,00-0037666,Jalen Tolbert,12.0,13.43464071918529,3.858333333333334,8.353066067268635,7.652355779935838,46.300000000000004,112.22044151737215,102.80665055881892,65.59166666666667,142.0021231435668,130.09004825890923,PPG
WR,2025,00-0037666,Jalen Tolbert,12.0,13.43464071918529,3.858333333333334,8.353066067268635,7.652355779935838,46.300000000000004,112.22044151737215,102.80665055881892,65.59166666666667,142.0021231435668,130.09004825890923,SEASON
WR,2025,00-0037740,Garrett Wilson,7.0,13.43464071918529,14.214285714285715,12.731770376453303,12.670257286840014,99.5,171.0467607268166,170.220354468335,241.64285714285717,216.44009639970616,215.39437387628024,PPG
WR,2025,00-0037740,Garrett Wilson,7.0,13.43464071918529,14.214285714285715,12.731770376453303,12.670257286840014,99.5,171.0467607268166,170.220354468335,241.64285714285717,216.44009639970616,215.39437387628024,SEASON
WR,2025,00-0037741,Jahan Dotson,15.0,12.111710969679836,3.3466666666666667,4.289598470611718,3.4355595255377196,50.2,51.954376852029796,41.61050399244325,56.89333333333333,72.92317400039921,58.40451193414123,PPG
WR,2025,00-0037741,Jahan Dotson,15.0,12.111710969679836,3.3466666666666667,4.289598470611718,3.4355595255377196,50.2,51.954376852029796,41.61050399244325,56.89333333333333,72.92317400039921,58.40451193414123,SEASON
WR,2025,00-0037742,Treylon Burks,8.0,8.142921721163468,3.625,1.4375872438493211,2.26811552323006,29.0,11.70616039400816,18.4690871602181,61.625,24.43898314543846,38.55796389491102,PPG
WR,2025,00-0037742,Treylon Burks,8.0,8.142921721163468,3.625,1.4375872438493211,2.26811552323006,29.0,11.70616039400816,18.4690871602181,61.625,24.43898314543846,38.55796389491102,SEASON
WR,2025,00-0037801,KaVontae Turpin,15.0,13.43464071918529,5.633333333333335,5.556248036526612,5.377069033267749,84.50000000000001,74.64619611741374,72.23899058420919,95.7666666666667,94.4562166209524,91.41017356555173,PPG
WR,2025,00-0037801,KaVontae Turpin,15.0,13.43464071918529,5.633333333333335,5.556248036526612,5.377069033267749,84.50000000000001,74.64619611741374,72.23899058420919,95.7666666666667,94.4562166209524,91.41017356555173,SEASON
WR,2025,00-0037816,Romeo Doubs,16.0,11.67073438651135,10.3375,9.277299478745956,8.951179218554584,165.4,108.27289804056426,104.46683510581079,175.7375,157.71409113868125,152.17004671542793,PPG
WR,2025,00-0037816,Romeo Doubs,16.0,11.67073438651135,10.3375,9.277299478745956,8.951179218554584,165.4,108.27289804056426,104.46683510581079,175.7375,157.71409113868125,152.17004671542793,SEASON
WR,2025,00-0037837,Calvin Austin III,14.0,13.43464071918529,6.1571428571428575,6.770869833793026,6.472339182889959,86.2,90.96420357337912,86.9535515348319,104.67142857142858,115.10478717448144,110.0297661091293,PPG
WR,2025,00-0037837,Calvin Austin III,14.0,13.43464071918529,6.1571428571428575,6.770869833793026,6.472339182889959,86.2,90.96420357337912,86.9535515348319,104.67142857142858,115.10478717448144,110.0297661091293,SEASON
WR,2025,00-0038090,Skyy Moore,17.0,7.260968554826498,0.8705882352941177,0.9727966241592467,1.0329725091650515,14.8,7.063445698261662,7.500380907047665,14.8,16.537542610707195,17.560532655805876,PPG
WR,2025,00-0038090,Skyy Moore,17.0,7.260968554826498,0.8705882352941177,0.9727966241592467,1.0329725091650515,14.8,7.063445698261662,7.500380907047665,14.8,16.537542610707195,17.560532655805876,SEASON
WR,2025,00-0038104,Tyquan Thornton,12.0,7.701945137994983,6.733333333333333,2.2991848254231355,2.8876127422944498,80.8,17.708195387519563,22.240234920927097,114.46666666666667,39.0861420321933,49.08941661900565,PPG
WR,2025,00-0038104,Tyquan Thornton,12.0,7.701945137994983,6.733333333333333,2.2991848254231355,2.8876127422944498,80.8,17.708195387519563,22.240234920927097,114.46666666666667,39.0861420321933,49.08941661900565,SEASON
WR,2025,00-0038117,Wan'Dale Robinson,16.0,13.43464071918529,13.61875,10.645764000162897,9.921011185778855,217.9,143.02201452342536,133.28522085195735,231.51875,180.97798800276925,168.65719015824055,PPG
WR,2025,00-0038117,Wan'Dale Robinson,16.0,13.43464071918529,13.61875,10.645764000162897,9.921011185778855,217.9,143.02201452342536,133.28522085195735,231.51875,180.97798800276925,168.65719015824055,SEASON
WR,2025,00-0038124,Christian Watson,10.0,12.111710969679836,13.24,7.582636558541668,7.341865748626533,132.4,91.83870238518448,88.92255592555664,225.08,128.90482149520835,124.81171772665105,PPG
WR,2025,00-0038124,Christian Watson,10.0,12.111710969679836,13.24,7.582636558541668,7.341865748626533,132.4,91.83870238518448,88.92255592555664,225.08,128.90482149520835,124.81171772665105,SEASON
WR,2025,00-0038359,Xavier Smith,16.0,12.111710969679836,3.01875,1.4734520376420883,1.2227241877246955,48.3,17.846025207606786,14.809281957358062,51.318749999999994,25.0486846399155,20.78631119131982,PPG
WR,2025,00-0038359,Xavier Smith,16.0,12.111710969679836,3.01875,1.4734520376420883,1.2227241877246955,48.3,17.846025207606786,14.809281957358062,51.318749999999994,25.0486846399155,20.78631119131982,SEASON
WR,2025,00-0038393,Dontayvion Wicks,13.0,13.43464071918529,5.830769230769231,6.872662809126193,6.259514913951193,75.80000000000001,92.33175562471712,84.09433394531631,99.12307692307694,116.83526775514528,106.41175353717028,PPG
WR,2025,00-0038393,Dontayvion Wicks,13.0,13.43464071918529,5.830769230769231,6.872662809126193,6.259514913951193,75.80000000000001,92.33175562471712,84.09433394531631,99.12307692307694,116.83526775514528,106.41175353717028,SEASON
WR,2025,00-0038465,Malik Heath,7.0,8.142921721163468,2.085714285714286,4.285143209269623,5.418038691789463,14.600000000000001,34.89358571705774,44.11866494947652,35.45714285714286,72.84743455758358,92.10665776042087,PPG
WR,2025,00-0038465,Malik Heath,7.0,8.142921721163468,2.085714285714286,4.285143209269623,5.418038691789463,14.600000000000001,34.89358571705774,44.11866494947652,35.45714285714286,72.84743455758358,92.10665776042087,SEASON
WR,2025,00-0038496,Xavier Gipson,6.0,13.43464071918529,0.43333333333333335,2.438979265297916,1.7050637195500005,2.6,32.76681015082001,22.906918475471965,7.366666666666667,41.46264751006457,28.98608323235001,PPG
WR,2025,00-0038496,Xavier Gipson,6.0,13.43464071918529,0.43333333333333335,2.438979265297916,1.7050637195500005,2.6,32.76681015082001,22.906918475471965,7.366666666666667,41.46264751006457,28.98608323235001,SEASON
WR,2025,00-0038519,Nikko Remigio,14.0,8.142921721163468,0.30000000000000004,2.391042321556341,2.1175492599544192,4.200000000000001,19.470070456422256,17.243037864516467,5.1000000000000005,40.6477194664578,35.99833741922512,PPG
WR,2025,00-0038519,Nikko Remigio,14.0,8.142921721163468,0.30000000000000004,2.391042321556341,2.1175492599544192,4.200000000000001,19.470070456422256,17.243037864516467,5.1000000000000005,40.6477194664578,35.99833741922512,SEASON
WR,2025,00-0038543,Jaxon Smith-Njigba,17.0,13.43464071918529,21.17058823529412,13.088120225622115,13.098108696596094,359.90000000000003,175.83419292073543,175.96838443960488,359.90000000000003,222.49804383557594,222.6678478421336,PPG
WR,2025,00-0038543,Jaxon Smith-Njigba,17.0,13.43464071918529,21.17058823529412,13.088120225622115,13.098108696596094,359.90000000000003,175.83419292073543,175.96838443960488,359.90000000000003,222.49804383557594,222.6678478421336,SEASON
WR,2025,00-0038544,Quentin Johnston,13.0,12.55268755284832,13.16923076923077,10.446136105963857,10.153096730962512,171.20000000000002,131.12708267269193,127.4486509576181,223.8769230769231,177.58431380138558,172.6026444263627,PPG
WR,2025,00-0038544,Quentin Johnston,13.0,12.55268755284832,13.16923076923077,10.446136105963857,10.153096730962512,171.20000000000002,131.12708267269193,127.4486509576181,223.8769230769231,177.58431380138558,172.6026444263627,SEASON
WR,2025,00-0038559,Michael Wilson,17.0,12.993664136016806,12.976470588235294,7.154874773988137,7.053682779168319,220.6,92.96803974846101,91.65318495451874,220.6,121.63287115779833,119.91260724586144,PPG
WR,2025,00-0038559,Michael Wilson,17.0,12.993664136016806,12.976470588235294,7.154874773988137,7.053682779168319,220.6,92.96803974846101,91.65318495451874,220.6,121.63287115779833,119.91260724586144,SEASON
WR,2025,00-0038563,Tre Tucker,17.0,13.43464071918529,9.511764705882353,7.044080318159618,7.028283001482211,161.7,94.63468827155889,94.42245699767072,161.7,119.7493654087135,119.48081102519758,PPG
WR,2025,00-0038563,Tre Tucker,17.0,13.43464071918529,9.511764705882353,7.044080318159618,7.028283001482211,161.7,94.63468827155889,94.42245699767072,161.7,119.7493654087135,119.48081102519758,SEASON
WR,2025,00-0038573,Derius Davis,11.0,12.55268755284832,0.3181818181818182,2.904543167852501,3.102821593526912,3.5,36.45982286981272,38.948749995774264,5.409090909090909,49.37723385349252,52.747967089957505,PPG
WR,2025,00-0038573,Derius Davis,11.0,12.55268755284832,0.3181818181818182,2.904543167852501,3.102821593526912,3.5,36.45982286981272,38.948749995774264,5.409090909090909,49.37723385349252,52.747967089957505,SEASON
WR,2025,00-0038576,Charlie Jones,14.0,9.024874887500438,0.0,0.5772756734666492,1.1451050459500782,0.0,5.209840728634066,10.334429772744896,0.0,9.813686448933037,19.46678578115133,PPG
WR,2025,00-0038576,Charlie Jones,14.0,9.024874887500438,0.0,0.5772756734666492,1.1451050459500782,0.0,5.209840728634066,10.334429772744896,0.0,9.813686448933037,19.46678578115133,SEASON
WR,2025,00-0038606,Parker Washington,16.0,12.111710969679836,10.79375,5.9497075952390235,6.037857307763302,172.7,72.06113874764391,73.12878258779834,183.49374999999998,101.1450291190634,102.64357423197613,PPG
WR,2025,00-0038606,Parker Washington,16.0,12.111710969679836,10.79375,5.9497075952390235,6.037857307763302,172.7,72.06113874764391,73.12878258779834,183.49374999999998,101.1450291190634,102.64357423197613,SEASON
WR,2025,00-0038608,Kayshon Boutte,14.0,12.55268755284832,8.864285714285714,7.8684941138828375,7.7137081575606326,124.1,98.77074812299738,96.8277683757159,150.69285714285712,133.76439993600823,131.13303867853077,PPG
WR,2025,00-0038608,Kayshon Boutte,14.0,12.55268755284832,8.864285714285714,7.8684941138828375,7.7137081575606326,124.1,98.77074812299738,96.8277683757159,150.69285714285712,133.76439993600823,131.13303867853077,SEASON
WR,2025,00-0038618,Xavier Hutchinson,16.0,12.111710969679836,6.125000000000001,2.894565287865069,2.4074030097912673,98.00000000000001,35.05813814948983,29.157769442129144,104.12500000000001,49.20760989370618,40.925851166451544,PPG
WR,2025,00-0038618,Xavier Hutchinson,16.0,12.111710969679836,6.125000000000001,2.894565287865069,2.4074030097912673,98.00000000000001,35.05813814948983,29.157769442129144,104.12500000000001,49.20760989370618,40.925851166451544,SEASON
WR,2025,00-0038619,Andrei Iosivas,15.0,13.43464071918529,5.993333333333334,6.444913059505015,6.159845691516911,89.9,86.58509142083513,82.75531375115116,101.88666666666668,109.56352201158525,104.71737675578748,PPG
WR,2025,00-0038619,Andrei Iosivas,15.0,13.43464071918529,5.993333333333334,6.444913059505015,6.159845691516911,89.9,86.58509142083513,82.75531375115116,101.88666666666668,109.56352201158525,104.71737675578748,SEASON
WR,2025,00-0038621,DeMario Douglas,16.0,12.993664136016806,5.9875,8.515981564409016,8.341251662914345,95.8,110.65380423644172,108.38342258190067,101.7875,144.77168659495325,141.80127826954387,PPG
WR,2025,00-0038621,DeMario Douglas,16.0,12.993664136016806,5.9875,8.515981564409016,8.341251662914345,95.8,110.65380423644172,108.38342258190067,101.7875,144.77168659495325,141.80127826954387,SEASON
WR,2025,00-0038640,Jalen Brooks,5.0,11.229757803342865,1.62,3.8533732387137363,3.3827480025911147,8.100000000000001,43.27244819663815,37.98744077884006,27.540000000000003,65.50734505813352,57.50671604404895,PPG
WR,2025,00-0038640,Jalen Brooks,5.0,11.229757803342865,1.62,3.8533732387137363,3.3827480025911147,8.100000000000001,43.27244819663815,37.98744077884006,27.540000000000003,65.50734505813352,57.50671604404895,SEASON
WR,2025,00-0038647,Ronnie Bell,2.0,7.701945137994983,5.15,1.5327062506236981,2.133415465354892,10.3,11.804819454965712,16.431448870713414,87.55000000000001,26.056006260602867,36.26806291103316,PPG
WR,2025,00-0038647,Ronnie Bell,2.0,7.701945137994983,5.15,1.5327062506236981,2.133415465354892,10.3,11.804819454965712,16.431448870713414,87.55000000000001,26.056006260602867,36.26806291103316,SEASON
WR,2025,00-0038752,Jake Bobo,5.0,11.229757803342865,0.8,2.7187757904616103,2.7339534859396024,4.0,30.531193648475934,30.70163549270668,13.600000000000001,46.21918843784738,46.47720926097324,PPG
WR,2025,00-0038752,Jake Bobo,5.0,11.229757803342865,0.8,2.7187757904616103,2.7339534859396024,4.0,30.531193648475934,30.70163549270668,13.600000000000001,46.21918843784738,46.47720926097324,SEASON
WR,2025,00-0038824,Ryan Miller,9.0,9.90682805383741,1.2666666666666666,3.570284357604303,3.821079291542651,11.399999999999999,35.37019323409118,37.85477552139191,21.53333333333333,60.69483407927315,64.95834795622507,PPG
WR,2025,00-0038824,Ryan Miller,9.0,9.90682805383741,1.2666666666666666,3.570284357604303,3.821079291542651,11.399999999999999,35.37019323409118,37.85477552139191,21.53333333333333,60.69483407927315,64.95834795622507,SEASON
WR,2025,00-0038938,Jalin Hyatt,6.0,10.347804637005895,1.4166666666666667,2.499566878706208,2.2309636068115877,8.5,25.86502973798245,23.085575555556343,24.083333333333336,42.49263693800553,37.92638131579699,PPG
WR,2025,00-0038938,Jalin Hyatt,6.0,10.347804637005895,1.4166666666666667,2.499566878706208,2.2309636068115877,8.5,25.86502973798245,23.085575555556343,24.083333333333336,42.49263693800553,37.92638131579699,SEASON
WR,2025,00-0038976,Marvin Mims Jr.,15.0,13.43464071918529,5.933333333333334,7.108714923834411,6.922544343536216,89.0,95.50303097682594,93.00189611803745,100.86666666666667,120.84815370518498,117.68325384011567,PPG
WR,2025,00-0038976,Marvin Mims Jr.,15.0,13.43464071918529,5.933333333333334,7.108714923834411,6.922544343536216,89.0,95.50303097682594,93.00189611803745,100.86666666666667,120.84815370518498,117.68325384011567,SEASON
WR,2025,00-0038979,Cedric Tillman,12.0,9.90682805383741,5.0,7.017151997347682,8.186837643310161,60.0,69.51771826536523,81.10559283695726,85.0,119.29158395491059,139.17623993627274,PPG
WR,2025,00-0038979,Cedric Tillman,12.0,9.90682805383741,5.0,7.017151997347682,8.186837643310161,60.0,69.51771826536523,81.10559283695726,85.0,119.29158395491059,139.17623993627274,SEASON
WR,2025,00-0038994,Jordan Addison,14.0,12.55268755284832,9.65,11.434311711411691,12.099883564676198,135.1,143.53134229522533,151.88605781322488,164.05,194.38329909399874,205.69802059949535,PPG
WR,2025,00-0038994,Jordan Addison,14.0,12.55268755284832,9.65,11.434311711411691,12.099883564676198,135.1,143.53134229522533,151.88605781322488,164.05,194.38329909399874,205.69802059949535,SEASON
WR,2025,00-0038997,Josh Downs,16.0,12.111710969679836,8.6625,12.108103540096629,11.429359143164312,138.6,146.64985046860758,138.42909451067374,147.2625,205.8377601816427,194.2991054337933,PPG
WR,2025,00-0038997,Josh Downs,16.0,12.111710969679836,8.6625,12.108103540096629,11.429359143164312,138.6,146.64985046860758,138.42909451067374,147.2625,205.8377601816427,194.2991054337933,SEASON
WR,2025,00-0039062,Jonathan Mingo,5.0,12.111710969679836,0.7,3.8593324734772714,3.0224402480015304,3.5,46.74311945465628,36.60692270692198,11.899999999999999,65.60865204911362,51.38148421602602,PPG
WR,2025,00-0039062,Jonathan Mingo,5.0,12.111710969679836,0.7,3.8593324734772714,3.0224402480015304,3.5,46.74311945465628,36.60692270692198,11.899999999999999,65.60865204911362,51.38148421602602,SEASON
WR,2025,00-0039064,Zay Flowers,17.0,13.43464071918529,14.311764705882354,11.852260386773176,11.339808650246388,243.3,159.23086000652972,152.34625504036973,243.3,201.488426575144,192.7767470541886,PPG
WR,2025,00-0039064,Zay Flowers,17.0,13.43464071918529,14.311764705882354,11.852260386773176,11.339808650246388,243.3,159.23086000652972,152.34625504036973,243.3,201.488426575144,192.7767470541886,SEASON
WR,2025,00-0039067,Rashee Rice,8.0,7.701945137994983,18.7625,12.483512489026587,13.995246170249693,150.1,96.14732831995796,107.79061819599752,318.9625,212.219712313452,237.91918489424478,PPG
WR,2025,00-0039067,Rashee Rice,8.0,7.701945137994983,18.7625,12.483512489026587,13.995246170249693,150.1,96.14732831995796,107.79061819599752,318.9625,212.219712313452,237.91918489424478,SEASON
WR,2025,00-0039075,Puka Nacua,16.0,10.78878122017438,23.4375,15.989713021038016,16.806952796917543,375.0,172.5095155573527,181.32653670374125,398.4375,271.82512135764625,285.7181975475982,PPG
WR,2025,00-0039075,Puka Nacua,16.0,10.78878122017438,23.4375,15.989713021038016,16.806952796917543,375.0,172.5095155573527,181.32653670374125,398.4375,271.82512135764625,285.7181975475982,SEASON
WR,2025,00-0039146,Jayden Reed,5.0,13.43464071918529,9.700000000000001,10.011453331061276,10.111718205432744,48.50000000000001,134.50027857969903,135.84730114363396,164.9,170.19470662804167,171.89920949235665,PPG
WR,2025,00-0039146,Jayden Reed,5.0,13.43464071918529,9.700000000000001,10.011453331061276,10.111718205432744,48.50000000000001,134.50027857969903,135.84730114363396,164.9,170.19470662804167,171.89920949235665,SEASON
WR,2025,00-0039337,Malik Nabers,4.0,12.55268755284832,14.275,15.941010089217935,15.677482527091993,57.1,200.10251892675547,196.7945397778247,242.675,270.9971715167049,266.51720296056385,PPG
WR,2025,00-0039337,Malik Nabers,4.0,12.55268755284832,14.275,15.941010089217935,15.677482527091993,57.1,200.10251892675547,196.7945397778247,242.675,270.9971715167049,266.51720296056385,SEASON
WR,2025,00-0039342,Xavier Legette,15.0,12.55268755284832,5.953333333333333,8.003411799306184,7.791587768155894,89.3,100.46432767347011,97.80536679425572,101.20666666666666,136.05800058820512,132.4569920586502,PPG
WR,2025,00-0039342,Xavier Legette,15.0,12.55268755284832,5.953333333333333,8.003411799306184,7.791587768155894,89.3,100.46432767347011,97.80536679425572,101.20666666666666,136.05800058820512,132.4569920586502,SEASON
WR,2025,00-0039355,Luke McCaffrey,9.0,11.67073438651135,5.700000000000001,3.6020669865234116,3.1440270400617223,51.30000000000001,42.038767042136094,36.693104488569844,96.90000000000002,61.235138770898,53.44845968104928,PPG
WR,2025,00-0039355,Luke McCaffrey,9.0,11.67073438651135,5.700000000000001,3.6020669865234116,3.1440270400617223,51.30000000000001,42.038767042136094,36.693104488569844,96.90000000000002,61.235138770898,53.44845968104928,SEASON
WR,2025,00-0039379,Jamari Thrash,8.0,8.583898304331953,2.5875000000000004,1.354261040652005,1.6527816458254252,20.700000000000003,11.624839050475572,14.187309567031841,43.987500000000004,23.022437691084086,28.097287979032227,PPG
WR,2025,00-0039379,Jamari Thrash,8.0,8.583898304331953,2.5875000000000004,1.354261040652005,1.6527816458254252,20.700000000000003,11.624839050475572,14.187309567031841,43.987500000000004,23.022437691084086,28.097287979032227,SEASON
WR,2025,00-0039410,Ryan Flournoy,15.0,9.90682805383741,7.6000000000000005,2.768287748185497,2.7656281060619645,114.00000000000001,27.424950724818473,27.398602107615893,129.20000000000002,47.06089171915345,47.0156778030534,PPG
WR,2025,00-0039410,Ryan Flournoy,15.0,9.90682805383741,7.6000000000000005,2.768287748185497,2.7656281060619645,114.00000000000001,27.424950724818473,27.398602107615893,129.20000000000002,47.06089171915345,47.0156778030534,SEASON
WR,2025,00-0039424,Devaughn Vele,9.0,11.67073438651135,7.366666666666667,7.24050733610017,7.281550135519454,66.30000000000001,84.50203794321195,84.98103755371326,125.23333333333335,123.08862471370288,123.78635230383071,PPG
WR,2025,00-0039424,Devaughn Vele,9.0,11.67073438651135,7.366666666666667,7.24050733610017,7.281550135519454,66.30000000000001,84.50203794321195,84.98103755371326,125.23333333333335,123.08862471370288,123.78635230383071,SEASON
WR,2025,00-0039451,Isaiah Williams,15.0,9.465851470668925,3.246666666666667,1.091457436465946,1.1124430915995136,48.7,10.331573980143709,10.530221074652742,55.19333333333334,18.55477641992108,18.91153255719173,PPG
WR,2025,00-0039451,Isaiah Williams,15.0,9.465851470668925,3.246666666666667,1.091457436465946,1.1124430915995136,48.7,10.331573980143709,10.530221074652742,55.19333333333334,18.55477641992108,18.91153255719173,SEASON
WR,2025,00-0039491,Jalen Coker,11.0,10.78878122017438,8.218181818181819,7.346783339543826,8.012574938979023,90.4,79.26283812236045,86.44591802689676,139.70909090909092,124.89531677224505,136.2137739626434,PPG
WR,2025,00-0039491,Jalen Coker,11.0,10.78878122017438,8.218181818181819,7.346783339543826,8.012574938979023,90.4,79.26283812236045,86.44591802689676,139.70909090909092,124.89531677224505,136.2137739626434,SEASON
WR,2025,00-0039589,Kameron Johnson,17.0,7.701945137994983,1.0411764705882351,1.1132011642058948,1.1306353171423242,17.699999999999996,8.573814294265945,8.70809118370974,17.699999999999996,18.92441979150021,19.220800391419512,PPG
WR,2025,00-0039589,Kameron Johnson,17.0,7.701945137994983,1.0411764705882351,1.1132011642058948,1.1306353171423242,17.699999999999996,8.573814294265945,8.70809118370974,17.699999999999996,18.92441979150021,19.220800391419512,SEASON
WR,2025,00-0039623,Mason Tipton,8.0,9.90682805383741,2.5500000000000003,2.8516925331419327,3.3316264659419486,20.400000000000002,28.25122758824917,33.00585053770088,43.35,48.47877306341286,56.63764992101313,PPG
WR,2025,00-0039623,Mason Tipton,8.0,9.90682805383741,2.5500000000000003,2.8516925331419327,3.3316264659419486,20.400000000000002,28.25122758824917,33.00585053770088,43.35,48.47877306341286,56.63764992101313,SEASON
WR,2025,00-0039650,Bryce Oliver,2.0,9.465851470668925,0.9,2.607202742462716,2.4868027856527117,1.8,24.679393914072758,23.539705805834302,15.3,44.32244662186618,42.2756473560961,PPG
WR,2025,00-0039650,Bryce Oliver,2.0,9.465851470668925,0.9,2.607202742462716,2.4868027856527117,1.8,24.679393914072758,23.539705805834302,15.3,44.32244662186618,42.2756473560961,SEASON
WR,2025,00-0039751,Jordan Whittington,15.0,12.111710969679836,2.42,4.262570194146695,3.8415875168683637,36.3,51.627018179476835,46.528197669039685,41.14,72.46369330049382,65.30698778676218,PPG
WR,2025,00-0039751,Jordan Whittington,15.0,12.111710969679836,2.42,4.262570194146695,3.8415875168683637,36.3,51.627018179476835,46.528197669039685,41.14,72.46369330049382,65.30698778676218,SEASON
WR,2025,00-0039792,Devontez Walker,8.0,7.260968554826498,4.7,1.5110992166017136,2.8188349625657603,37.6,10.972043894967998,20.467472024435512,79.9,25.688686682229132,47.920194363617924,PPG
WR,2025,00-0039792,Devontez Walker,8.0,7.260968554826498,4.7,1.5110992166017136,2.8188349625657603,37.6,10.972043894967998,20.467472024435512,79.9,25.688686682229132,47.920194363617924,SEASON
WR,2025,00-0039816,Anthony Gould,11.0,9.465851470668925,0.23636363636363636,1.1289806368126485,1.2307494807846717,2.6,10.686763021329748,11.6500917827106,4.0181818181818185,19.192670825815025,20.922741173339418,PPG
WR,2025,00-0039816,Anthony Gould,11.0,9.465851470668925,0.23636363636363636,1.1289806368126485,1.2307494807846717,2.6,10.686763021329748,11.6500917827106,4.0181818181818185,19.192670825815025,20.922741173339418,SEASON
WR,2025,00-0039849,Marvin Harrison Jr.,12.0,13.43464071918529,10.649999999999999,10.686897763700552,10.075615098846528,127.79999999999998,143.57463185798164,135.3622688778017,181.04999999999998,181.67726198290939,171.28545668039098,PPG
WR,2025,00-0039849,Marvin Harrison Jr.,12.0,13.43464071918529,10.649999999999999,10.686897763700552,10.075615098846528,127.79999999999998,143.57463185798164,135.3622688778017,181.04999999999998,181.67726198290939,171.28545668039098,SEASON
WR,2025,00-0039855,Jalen McMillan,4.0,11.67073438651135,7.4750000000000005,8.587306100240662,8.874025288969996,29.900000000000002,100.22016859157738,103.56639208675345,127.075,145.98420370409124,150.85842991248992,PPG
WR,2025,00-0039855,Jalen McMillan,4.0,11.67073438651135,7.4750000000000005,8.587306100240662,8.874025288969996,29.900000000000002,100.22016859157738,103.56639208675345,127.075,145.98420370409124,150.85842991248992,SEASON
WR,2025,00-0039868,Troy Franklin,17.0,12.993664136016806,10.41764705882353,5.001932685288151,4.368620890457993,177.1,64.99343334359888,56.76439258819782,177.1,85.03285564989856,74.26655513778587,PPG
WR,2025,00-0039868,Troy Franklin,17.0,12.993664136016806,10.41764705882353,5.001932685288151,4.368620890457993,177.1,64.99343334359888,56.76439258819782,177.1,85.03285564989856,74.26655513778587,SEASON
WR,2025,00-0039880,Malik Washington,17.0,12.111710969679836,6.511764705882354,4.0744048022883135,4.481123327011517,110.70000000000002,49.34801333879157,54.27407055625359,110.70000000000002,69.26488163890133,76.17909655919578,PPG
WR,2025,00-0039880,Malik Washington,17.0,12.111710969679836,6.511764705882354,4.0744048022883135,4.481123327011517,110.70000000000002,49.34801333879157,54.27407055625359,110.70000000000002,69.26488163890133,76.17909655919578,SEASON
WR,2025,00-0039890,Adonai Mitchell,16.0,13.43464071918529,5.518750000000001,4.574989503588901,3.734518165865511,88.30000000000001,61.463340274760746,50.17190981767396,93.81875000000001,77.77482156101131,63.48680881971369,PPG
WR,2025,00-0039890,Adonai Mitchell,16.0,13.43464071918529,5.518750000000001,4.574989503588901,3.734518165865511,88.30000000000001,61.463340274760746,50.17190981767396,93.81875000000001,77.77482156101131,63.48680881971369,SEASON
WR,2025,00-0039893,Brian Thomas Jr.,14.0,13.43464071918529,9.914285714285715,14.997245986021166,14.651830060096271,138.8,201.48261159943812,196.84207273595243,168.54285714285714,254.95318176235983,249.08111102163662,PPG
WR,2025,00-0039893,Brian Thomas Jr.,14.0,13.43464071918529,9.914285714285715,14.997245986021166,14.651830060096271,138.8,201.48261159943812,196.84207273595243,168.54285714285714,254.95318176235983,249.08111102163662,SEASON
WR,2025,00-0039894,Xavier Worthy,14.0,12.993664136016806,7.85,9.435013480346639,10.192761695881224,109.89999999999999,122.59539628241522,132.4413220947377,133.45,160.39522916589286,173.2769488299808,PPG
WR,2025,00-0039894,Xavier Worthy,14.0,12.993664136016806,7.85,9.435013480346639,10.192761695881224,109.89999999999999,122.59539628241522,132.4413220947377,133.45,160.39522916589286,173.2769488299808,SEASON
WR,2025,00-0039901,Keon Coleman,12.0,11.67073438651135,8.533333333333333,7.929806406889676,7.605875872720035,102.4,92.54666431126536,88.76615708729074,145.06666666666666,134.8067089171245,129.2998898362406,PPG
WR,2025,00-0039901,Keon Coleman,12.0,11.67073438651135,8.533333333333333,7.929806406889676,7.605875872720035,102.4,92.54666431126536,88.76615708729074,145.06666666666666,134.8067089171245,129.2998898362406,SEASON
WR,2025,00-0039915,Ladd McConkey,16.0,12.993664136016806,11.30625,13.180934663940022,13.076568204678884,180.9,171.2686380220182,169.9125353033137,192.20625,224.07588928698038,222.30165947954103,PPG
WR,2025,00-0039915,Ladd McConkey,16.0,12.993664136016806,11.30625,13.180934663940022,13.076568204678884,180.9,171.2686380220182,169.9125353033137,192.20625,224.07588928698038,222.30165947954103,SEASON
WR,2025,00-0039916,Ricky Pearsall,9.0,10.78878122017438,9.866666666666667,7.496576666397865,7.631173594099882,88.80000000000001,80.87892555403074,82.33106235991544,167.73333333333335,127.44180332876371,129.72995109969798,PPG
WR,2025,00-0039916,Ricky Pearsall,9.0,10.78878122017438,9.866666666666667,7.496576666397865,7.631173594099882,88.80000000000001,80.87892555403074,82.33106235991544,167.73333333333335,127.44180332876371,129.72995109969798,SEASON
WR,2025,00-0039919,Rome Odunze,12.0,13.43464071918529,12.175,8.41430514979821,8.153984346377111,146.10000000000002,113.04316658912953,109.5458501234374,206.97500000000002,143.04318754656958,138.6177338884109,PPG
WR,2025,00-0039919,Rome Odunze,12.0,13.43464071918529,12.175,8.41430514979821,8.153984346377111,146.10000000000002,113.04316658912953,109.5458501234374,206.97500000000002,143.04318754656958,138.6177338884109,SEASON
WR,2025,00-0039920,Malachi Corley,12.0,8.142921721163468,2.6333333333333333,1.486472742275393,1.834442925457005,31.6,12.104231180991723,14.937725143938502,44.766666666666666,25.27003661868168,31.185529732769083,PPG
WR,2025,00-0039920,Malachi Corley,12.0,8.142921721163468,2.6333333333333333,1.486472742275393,1.834442925457005,31.6,12.104231180991723,14.937725143938502,44.766666666666666,25.27003661868168,31.185529732769083,SEASON
TE,2022,00-0024243,Marcedes Lewis,6.0,11.52530750828976,4.933333333333334,5.453671899257622,5.276872504144881,29.6,62.85524568826275,60.81757829230879,83.86666666666667,92.71242228737958,89.70683257046298,PPG
TE,2022,00-0024243,Marcedes Lewis,6.0,11.52530750828976,4.933333333333334,5.453671899257622,5.276872504144881,29.6,62.85524568826275,60.81757829230879,83.86666666666667,92.71242228737958,89.70683257046298,SEASON
TE,2022,00-0027981,Kyle Rudolph,5.0,12.197988700299526,2.66,5.981331823966746,4.660182962005373,13.3,72.96021800148833,56.844859111869916,45.22,101.68264100743468,79.22311035409135,PPG
TE,2022,00-0027981,Kyle Rudolph,5.0,12.197988700299526,2.66,5.981331823966746,4.660182962005373,13.3,72.96021800148833,56.844859111869916,45.22,101.68264100743468,79.22311035409135,SEASON
TE,2022,00-0030061,Zach Ertz,10.0,12.870669892309289,13.910000000000002,12.695685282250707,11.646696147384139,139.10000000000002,163.40197432449833,149.90078144901162,236.47000000000003,215.82664979826203,197.99383450553037,PPG
TE,2022,00-0030061,Zach Ertz,10.0,12.870669892309289,13.910000000000002,12.695685282250707,11.646696147384139,139.10000000000002,163.40197432449833,149.90078144901162,236.47000000000003,215.82664979826203,197.99383450553037,SEASON
TE,2022,00-0030108,Ryan Griffin,10.0,11.861648104294643,0.8600000000000001,6.286010463320614,5.865605125508762,8.600000000000001,74.56244409582325,69.57574391753195,14.620000000000001,106.86217787645043,99.71528713364896,PPG
TE,2022,00-0030108,Ryan Griffin,10.0,11.861648104294643,0.8600000000000001,6.286010463320614,5.865605125508762,8.600000000000001,74.56244409582325,69.57574391753195,14.620000000000001,106.86217787645043,99.71528713364896,SEASON
TE,2022,00-0030506,Travis Kelce,17.0,12.534329296304406,21.841176470588238,14.837564396414752,14.868869553820797,371.30000000000007,185.97891809978464,186.37130725138465,371.30000000000007,252.2385947390508,252.77078241495354,PPG
TE,2022,00-0030506,Travis Kelce,17.0,12.534329296304406,21.841176470588238,14.837564396414752,14.868869553820797,371.30000000000007,185.97891809978464,186.37130725138465,371.30000000000007,252.2385947390508,252.77078241495354,SEASON
TE,2022,00-0031260,Logan Thomas,13.0,8.834582740250703,7.446153846153846,8.402635249906764,10.043358947043918,96.8,74.23377635144844,88.72888560769667,126.58461538461539,142.84479924841497,170.7371020997466,PPG
TE,2022,00-0031260,Logan Thomas,13.0,8.834582740250703,7.446153846153846,8.402635249906764,10.043358947043918,96.8,74.23377635144844,88.72888560769667,126.58461538461539,142.84479924841497,170.7371020997466,SEASON
TE,2022,00-0031273,Cameron Brate,9.0,12.534329296304406,5.266666666666667,6.699493033680854,5.62893361456566,47.4,83.97365180245322,70.554907512003,89.53333333333333,113.89138157257452,95.69187144761621,PPG
TE,2022,00-0031273,Cameron Brate,9.0,12.534329296304406,5.266666666666667,6.699493033680854,5.62893361456566,47.4,83.97365180245322,70.554907512003,89.53333333333333,113.89138157257452,95.69187144761621,SEASON
TE,2022,00-0031484,Chris Manhertz,7.0,10.516285720275114,1.8857142857142857,3.1150113823798913,3.0218257632912984,13.2,32.758349719016095,31.77838312365973,32.05714285714286,52.95519350045815,51.37103797595207,PPG
TE,2022,00-0031484,Chris Manhertz,7.0,10.516285720275114,1.8857142857142857,3.1150113823798913,3.0218257632912984,13.2,32.758349719016095,31.77838312365973,32.05714285714286,52.95519350045815,51.37103797595207,SEASON
TE,2022,00-0031558,Maxx Williams,3.0,8.834582740250703,2.1,7.025592721414557,8.299080661756241,6.300000000000001,62.06818019664001,73.31891477430007,35.7,119.43507626404747,141.0843712498561,PPG
TE,2022,00-0031558,Maxx Williams,3.0,8.834582740250703,2.1,7.025592721414557,8.299080661756241,6.300000000000001,62.06818019664001,73.31891477430007,35.7,119.43507626404747,141.0843712498561,SEASON
TE,2022,00-0031585,MyCole Pruitt,10.0,10.516285720275114,6.300000000000001,4.507275563882996,5.027643322867658,63.00000000000001,47.39979764980772,52.87213368290968,107.10000000000001,76.62368458601094,85.46993648875019,PPG
TE,2022,00-0031585,MyCole Pruitt,10.0,10.516285720275114,6.300000000000001,4.507275563882996,5.027643322867658,63.00000000000001,47.39979764980772,52.87213368290968,107.10000000000001,76.62368458601094,85.46993648875019,SEASON
TE,2022,00-0031610,Darren Waller,8.0,10.852626316279997,12.350000000000001,12.642176565907324,12.584971885117977,98.80000000000001,137.2008180942241,136.57999707007522,209.95000000000002,214.91700162042451,213.9445220470056,PPG
TE,2022,00-0031610,Darren Waller,8.0,10.852626316279997,12.350000000000001,12.642176565907324,12.584971885117977,98.80000000000001,137.2008180942241,136.57999707007522,209.95000000000002,214.91700162042451,213.9445220470056,SEASON
TE,2022,00-0031690,Eric Tomlinson,9.0,9.507263932260468,3.711111111111111,0.5646645749355544,1.727884197133217,33.4,5.368415147109985,16.42745110652747,63.08888888888888,9.599297773904425,29.37403135126469,PPG
TE,2022,00-0031690,Eric Tomlinson,9.0,9.507263932260468,3.711111111111111,0.5646645749355544,1.727884197133217,33.4,5.368415147109985,16.42745110652747,63.08888888888888,9.599297773904425,29.37403135126469,SEASON
TE,2022,00-0032062,Blake Bell,2.0,10.852626316279997,5.5,4.520388479519828,3.0383704850589366,11.0,49.0580869726458,32.97429948475904,93.5,76.84660415183707,51.65229824600192,PPG
TE,2022,00-0032062,Blake Bell,2.0,10.852626316279997,5.5,4.520388479519828,3.0383704850589366,11.0,49.0580869726458,32.97429948475904,93.5,76.84660415183707,51.65229824600192,SEASON
TE,2022,00-0032134,C.J. Uzomah,14.0,12.534329296304406,4.764285714285714,9.025894361998853,9.170630341624673,66.7,113.133532126951,114.94770055660422,80.99285714285715,153.44020415398052,155.90071580761943,PPG
TE,2022,00-0032134,C.J. Uzomah,14.0,12.534329296304406,4.764285714285714,9.025894361998853,9.170630341624673,66.7,113.133532126951,114.94770055660422,80.99285714285715,153.44020415398052,155.90071580761943,SEASON
TE,2022,00-0032141,Geoff Swaim,12.0,12.534329296304406,2.4833333333333334,5.530648455636257,5.999974575432381,29.8,69.32296896504225,75.20565709792368,42.21666666666667,94.02102374581636,101.99956778235047,PPG
TE,2022,00-0032141,Geoff Swaim,12.0,12.534329296304406,2.4833333333333334,5.530648455636257,5.999974575432381,29.8,69.32296896504225,75.20565709792368,42.21666666666667,94.02102374581636,101.99956778235047,SEASON
TE,2022,00-0032214,Tyler Kroft,6.0,10.179945124270231,1.9500000000000002,6.482541251742891,5.795909461657039,11.700000000000001,65.99191420856069,59.00204026490727,33.150000000000006,110.20320127962914,98.53046084816965,PPG
TE,2022,00-0032214,Tyler Kroft,6.0,10.179945124270231,1.9500000000000002,6.482541251742891,5.795909461657039,11.700000000000001,65.99191420856069,59.00204026490727,33.150000000000006,110.20320127962914,98.53046084816965,SEASON
TE,2022,00-0032392,Austin Hooper,17.0,12.197988700299526,6.935294117647059,7.806515952170684,8.05445140364156,117.9,95.22379337328599,98.2481072087314,117.9,132.7107711869016,136.92567386190652,PPG
TE,2022,00-0032392,Austin Hooper,17.0,12.197988700299526,6.935294117647059,7.806515952170684,8.05445140364156,117.9,95.22379337328599,98.2481072087314,117.9,132.7107711869016,136.92567386190652,SEASON
TE,2022,00-0032394,Nick Vannett,5.0,9.507263932260468,2.9,5.467459623651993,6.024652572932181,14.5,51.98058168103699,57.277962111038356,49.3,92.94681360208388,102.41909373984709,PPG
TE,2022,00-0032394,Nick Vannett,5.0,9.507263932260468,2.9,5.467459623651993,6.024652572932181,14.5,51.98058168103699,57.277962111038356,49.3,92.94681360208388,102.41909373984709,SEASON
TE,2022,00-0032725,Stephen Anderson,9.0,11.861648104294643,0.6,4.126406341042699,3.5946448084175007,5.3999999999999995,48.94597995277853,42.638411777378025,10.2,70.14890779772588,61.10896174309751,PPG
TE,2022,00-0032725,Stephen Anderson,9.0,11.861648104294643,0.6,4.126406341042699,3.5946448084175007,5.3999999999999995,48.94597995277853,42.638411777378025,10.2,70.14890779772588,61.10896174309751,SEASON
TE,2022,00-0032986,J.P. Holtz,1.0,8.834582740250703,0.0,1.1841197394930043,1.5894323378846564,0.0,10.461203812915054,14.041971499072108,0.0,20.13003557138107,27.02034974403916,PPG
TE,2022,00-0032986,J.P. Holtz,1.0,8.834582740250703,0.0,1.1841197394930043,1.5894323378846564,0.0,10.461203812915054,14.041971499072108,0.0,20.13003557138107,27.02034974403916,SEASON
TE,2022,00-0033090,Hunter Henry,16.0,12.534329296304406,7.775,10.195848578968768,9.946589450112356,124.4,127.79812354405188,124.67382754285563,132.175,173.32942584246905,169.09202065191005,PPG
TE,2022,00-0033090,Hunter Henry,16.0,12.534329296304406,7.775,10.195848578968768,9.946589450112356,124.4,127.79812354405188,124.67382754285563,132.175,173.32942584246905,169.09202065191005,SEASON
TE,2022,00-0033110,Tyler Higbee,16.0,12.197988700299526,11.75,10.758373530548727,9.954784932636942,188.0,131.23051875923488,121.42835412221739,199.75,182.89235001932838,169.23134385482803,PPG
TE,2022,00-0033110,Tyler Higbee,16.0,12.197988700299526,11.75,10.758373530548727,9.954784932636942,188.0,131.23051875923488,121.42835412221739,199.75,182.89235001932838,169.23134385482803,SEASON
TE,2022,00-0033217,Mo Alie-Cox,14.0,12.870669892309289,4.5285714285714285,7.623954830646327,6.047701134086079,63.4,98.12540589912565,77.83796490416644,76.98571428571428,129.60723212098756,102.81091927946335,PPG
TE,2022,00-0033217,Mo Alie-Cox,14.0,12.870669892309289,4.5285714285714285,7.623954830646327,6.047701134086079,63.4,98.12540589912565,77.83796490416644,76.98571428571428,129.60723212098756,102.81091927946335,SEASON
TE,2022,00-0033246,Johnny Mundt,13.0,8.161901548240937,3.730769230769231,0.7027861116852482,1.9513144785329068,48.5,5.7360710530460555,15.92643666344269,63.42307692307693,11.947363898649218,33.17234613505941,PPG
TE,2022,00-0033246,Johnny Mundt,13.0,8.161901548240937,3.730769230769231,0.7027861116852482,1.9513144785329068,48.5,5.7360710530460555,15.92643666344269,63.42307692307693,11.947363898649218,33.17234613505941,SEASON
TE,2022,00-0033288,George Kittle,15.0,11.861648104294643,15.366666666666667,11.519151504996039,13.02530134731971,230.5,136.63612161231904,154.50154103430128,261.23333333333335,195.82557558493266,221.43012290443505,PPG
TE,2022,00-0033288,George Kittle,15.0,11.861648104294643,15.366666666666667,11.519151504996039,13.02530134731971,230.5,136.63612161231904,154.50154103430128,261.23333333333335,195.82557558493266,221.43012290443505,SEASON
TE,2022,00-0033357,Taysom Hill,16.0,11.188966912284878,8.29375,7.710768501582301,8.646110809992567,132.7,86.27553363249281,96.74104777295544,140.99374999999998,131.0830645268991,146.98388376987364,PPG
TE,2022,00-0033357,Taysom Hill,16.0,11.188966912284878,8.29375,7.710768501582301,8.646110809992567,132.7,86.27553363249281,96.74104777295544,140.99374999999998,131.0830645268991,146.98388376987364,SEASON
TE,2022,00-0033439,Pharaoh Brown,8.0,11.52530750828976,3.7125000000000004,5.50140588412459,5.423424736693151,29.700000000000003,63.4053945424506,62.50663783845398,63.112500000000004,93.52390003011803,92.19822052378356,PPG
TE,2022,00-0033439,Pharaoh Brown,8.0,11.52530750828976,3.7125000000000004,5.50140588412459,5.423424736693151,29.700000000000003,63.4053945424506,62.50663783845398,63.112500000000004,93.52390003011803,92.19822052378356,SEASON
TE,2022,00-0033455,Anthony Firkser,8.0,12.197988700299526,2.9375,6.49922262584403,6.528253307793531,23.5,79.27744415077649,79.6315600811585,49.9375,110.48678463934851,110.98030623249004,PPG
TE,2022,00-0033455,Anthony Firkser,8.0,12.197988700299526,2.9375,6.49922262584403,6.528253307793531,23.5,79.27744415077649,79.6315600811585,49.9375,110.48678463934851,110.98030623249004,SEASON
TE,2022,00-0033576,Eric Saubert,14.0,10.516285720275114,3.0928571428571425,2.5466231203754806,2.975626542420999,43.3,26.781016355727118,31.292538916933562,52.57857142857142,43.29259304638317,50.58565122115698,PPG
TE,2022,00-0033576,Eric Saubert,14.0,10.516285720275114,3.0928571428571425,2.5466231203754806,2.975626542420999,43.3,26.781016355727118,31.292538916933562,52.57857142857142,43.29259304638317,50.58565122115698,SEASON
TE,2022,00-0033757,Robert Tonyan,17.0,9.843604528265349,8.147058823529413,6.586020563321785,7.169428404908985,138.50000000000003,64.83018184036303,70.5730179116363,138.50000000000003,111.96234957647034,121.88028288345275,PPG
TE,2022,00-0033757,Robert Tonyan,17.0,9.843604528265349,8.147058823529413,6.586020563321785,7.169428404908985,138.50000000000003,64.83018184036303,70.5730179116363,138.50000000000003,111.96234957647034,121.88028288345275,SEASON
TE,2022,00-0033858,Jonnu Smith,12.0,12.534329296304406,5.458333333333334,5.875062310790068,6.231267149791206,65.5,73.63996563974982,78.10475438872717,92.79166666666667,99.87605928343116,105.9315415464505,PPG
TE,2022,00-0033858,Jonnu Smith,12.0,12.534329296304406,5.458333333333334,5.875062310790068,6.231267149791206,65.5,73.63996563974982,78.10475438872717,92.79166666666667,99.87605928343116,105.9315415464505,SEASON
TE,2022,00-0033879,O.J. Howard,11.0,10.516285720275114,3.7727272727272725,3.904693829422631,4.161220416962698,41.5,41.06287596040357,43.76058284982208,64.13636363636363,66.37979510018472,70.74074708836586,PPG
TE,2022,00-0033879,O.J. Howard,11.0,10.516285720275114,3.7727272727272725,3.904693829422631,4.161220416962698,41.5,41.06287596040357,43.76058284982208,64.13636363636363,66.37979510018472,70.74074708836586,SEASON
TE,2022,00-0033881,Evan Engram,17.0,12.197988700299526,12.552941176470588,8.912945033921709,7.92438463598031,213.4,108.72000281016777,96.661554246515,213.4,151.52006557666905,134.71453881166528,PPG
TE,2022,00-0033881,Evan Engram,17.0,12.197988700299526,12.552941176470588,8.912945033921709,7.92438463598031,213.4,108.72000281016777,96.661554246515,213.4,151.52006557666905,134.71453881166528,SEASON
TE,2022,00-0033885,David Njoku,14.0,12.197988700299526,12.271428571428572,7.569018037123453,7.9514467902594665,171.8,92.32679648919517,96.9916580986179,208.61428571428573,128.67330663109868,135.17459543441092,PPG
TE,2022,00-0033885,David Njoku,14.0,12.197988700299526,12.271428571428572,7.569018037123453,7.9514467902594665,171.8,92.32679648919517,96.9916580986179,208.61428571428573,128.67330663109868,135.17459543441092,SEASON
TE,2022,00-0033895,Gerald Everett,15.0,12.197988700299526,11.233333333333334,8.509021881912357,8.586510420190187,168.5,103.79295276616834,104.73815708048403,190.9666666666667,144.65337199251007,145.9706771432332,PPG
TE,2022,00-0033895,Gerald Everett,15.0,12.197988700299526,11.233333333333334,8.509021881912357,8.586510420190187,168.5,103.79295276616834,104.73815708048403,190.9666666666667,144.65337199251007,145.9706771432332,SEASON
TE,2022,00-0034011,Dan Arnold,11.0,10.852626316279997,2.454545454545455,8.234512189572158,9.391635042502832,27.000000000000007,89.36608369027921,101.92390561516365,41.727272727272734,139.9867072227267,159.65779572254814,PPG
TE,2022,00-0034011,Dan Arnold,11.0,10.852626316279997,2.454545454545455,8.234512189572158,9.391635042502832,27.000000000000007,89.36608369027921,101.92390561516365,41.727272727272734,139.9867072227267,159.65779572254814,SEASON
TE,2022,00-0034073,Ross Dwelley,5.0,8.49824214424582,4.2,2.847077336013217,4.329432929046744,21.0,24.195152604834636,36.79256937831067,71.4,48.400314712224684,73.60035979379465,PPG
TE,2022,00-0034073,Ross Dwelley,5.0,8.49824214424582,4.2,2.847077336013217,4.329432929046744,21.0,24.195152604834636,36.79256937831067,71.4,48.400314712224684,73.60035979379465,SEASON
TE,2022,00-0034159,Will Dissly,15.0,11.52530750828976,6.926666666666666,4.96039594723728,4.953571429543541,103.89999999999999,57.17008865478392,57.091433989767815,117.75333333333332,84.32673110303375,84.2107143022402,PPG
TE,2022,00-0034159,Will Dissly,15.0,11.52530750828976,6.926666666666666,4.96039594723728,4.953571429543541,103.89999999999999,57.17008865478392,57.091433989767815,117.75333333333332,84.32673110303375,84.2107143022402,SEASON
TE,2022,00-0034193,Kevin Rader,6.0,8.161901548240937,0.0,1.5778546361339416,2.823566588444263,0.0,12.87829419756076,23.045672509784612,0.0,26.823528814277008,48.000632003552475,PPG
TE,2022,00-0034193,Kevin Rader,6.0,8.161901548240937,0.0,1.5778546361339416,2.823566588444263,0.0,12.87829419756076,23.045672509784612,0.0,26.823528814277008,48.000632003552475,SEASON
TE,2022,00-0034270,Tyler Conklin,17.0,12.870669892309289,9.441176470588234,9.775102583948179,8.614402042130894,160.49999999999997,125.81211852145657,110.87312500390176,160.49999999999997,166.17674392711905,146.44483471622522,PPG
TE,2022,00-0034270,Tyler Conklin,17.0,12.870669892309289,9.441176470588234,9.775102583948179,8.614402042130894,160.49999999999997,125.81211852145657,110.87312500390176,160.49999999999997,166.17674392711905,146.44483471622522,SEASON
TE,2022,00-0034351,Dallas Goedert,12.0,12.197988700299526,14.058333333333334,12.978247411580146,11.47854494428078,168.7,158.30851527614618,140.01516152621718,238.99166666666667,220.6302059968625,195.13526405277324,PPG
TE,2022,00-0034351,Dallas Goedert,12.0,12.197988700299526,14.058333333333334,12.978247411580146,11.47854494428078,168.7,158.30851527614618,140.01516152621718,238.99166666666667,220.6302059968625,195.13526405277324,SEASON
TE,2022,00-0034364,Jordan Akins,15.0,11.188966912284878,9.0,5.022983855240322,5.395082881190756,135.0,56.2020001572251,60.365403846677935,153.0,85.39072553908548,91.71640898024286,PPG
TE,2022,00-0034364,Jordan Akins,15.0,11.188966912284878,9.0,5.022983855240322,5.395082881190756,135.0,56.2020001572251,60.365403846677935,153.0,85.39072553908548,91.71640898024286,SEASON
TE,2022,00-0034365,Ian Thomas,13.0,11.861648104294643,3.9384615384615387,4.869470814684624,4.138294505482714,51.2,57.75994925792197,49.08699317597197,66.95384615384616,82.78100384963861,70.35100659320614,PPG
TE,2022,00-0034365,Ian Thomas,13.0,11.861648104294643,3.9384615384615387,4.869470814684624,4.138294505482714,51.2,57.75994925792197,49.08699317597197,66.95384615384616,82.78100384963861,70.35100659320614,SEASON
TE,2022,00-0034383,Dalton Schultz,15.0,12.870669892309289,11.413333333333334,11.91384127205166,11.35493221576621,171.20000000000002,153.3391181619471,146.14558419867495,194.02666666666667,202.53530162487823,193.03384766802557,PPG
TE,2022,00-0034383,Dalton Schultz,15.0,12.870669892309289,11.413333333333334,11.91384127205166,11.35493221576621,171.20000000000002,153.3391181619471,146.14558419867495,194.02666666666667,202.53530162487823,193.03384766802557,SEASON
TE,2022,00-0034753,Mark Andrews,15.0,12.870669892309289,15.133333333333335,17.8110755638783,15.731904075309663,227.00000000000003,229.24047400965415,202.48014413078587,257.2666666666667,302.78828458593114,267.44236928026424,PPG
TE,2022,00-0034753,Mark Andrews,15.0,12.870669892309289,15.133333333333335,17.8110755638783,15.731904075309663,227.00000000000003,229.24047400965415,202.48014413078587,257.2666666666667,302.78828458593114,267.44236928026424,SEASON
TE,2022,00-0034798,Durham Smythe,13.0,12.534329296304406,3.6538461538461537,6.414204269227857,5.415372201300489,47.5,80.39774848426352,67.8780584331532,62.11538461538461,109.04147257687356,92.0613274221083,PPG
TE,2022,00-0034798,Durham Smythe,13.0,12.534329296304406,3.6538461538461537,6.414204269227857,5.415372201300489,47.5,80.39774848426352,67.8780584331532,62.11538461538461,109.04147257687356,92.0613274221083,SEASON
TE,2022,00-0034829,Mike Gesicki,17.0,12.870669892309289,6.717647058823529,11.564990994927813,11.452472987178258,114.19999999999999,148.84918140324544,147.40099926856064,114.19999999999999,196.60484691377283,194.69204078203038,PPG
TE,2022,00-0034829,Mike Gesicki,17.0,12.870669892309289,6.717647058823529,11.564990994927813,11.452472987178258,114.19999999999999,148.84918140324544,147.40099926856064,114.19999999999999,196.60484691377283,194.69204078203038,SEASON
TE,2022,00-0034830,Hayden Hurst,13.0,11.188966912284878,10.107692307692307,4.784691833536821,5.696784800801757,131.4,53.53575861092316,63.74113664257826,171.83076923076922,81.33976117012597,96.84534161362987,PPG
TE,2022,00-0034830,Hayden Hurst,13.0,11.188966912284878,10.107692307692307,4.784691833536821,5.696784800801757,131.4,53.53575861092316,63.74113664257826,171.83076923076922,81.33976117012597,96.84534161362987,SEASON
TE,2022,00-0034981,Foster Moreau,14.0,12.197988700299526,7.407142857142857,7.323891713387492,7.313097557348532,103.69999999999999,89.33674836211796,89.20508136872544,125.92142857142856,124.50615912758737,124.32265847492503,PPG
TE,2022,00-0034981,Foster Moreau,14.0,12.197988700299526,7.407142857142857,7.323891713387492,7.313097557348532,103.69999999999999,89.33674836211796,89.20508136872544,125.92142857142856,124.50615912758737,124.32265847492503,SEASON
TE,2022,00-0035222,Zach Gentry,14.0,10.516285720275114,2.9785714285714286,4.782854180390092,4.789972428583114,41.7,50.297861119394454,50.372718651220104,50.635714285714286,81.30852106663156,81.42953128591293,PPG
TE,2022,00-0035222,Zach Gentry,14.0,10.516285720275114,2.9785714285714286,4.782854180390092,4.789972428583114,41.7,50.297861119394454,50.372718651220104,50.635714285714286,81.30852106663156,81.42953128591293,SEASON
TE,2022,00-0035229,T.J. Hockenson,17.0,11.188966912284878,15.31764705882353,10.44011992536944,12.844186415649915,260.40000000000003,116.81415640524474,143.7131768199258,260.40000000000003,177.48203873128048,218.35116906604856,PPG
TE,2022,00-0035229,T.J. Hockenson,17.0,11.188966912284878,15.31764705882353,10.44011992536944,12.844186415649915,260.40000000000003,116.81415640524474,143.7131768199258,260.40000000000003,177.48203873128048,218.35116906604856,SEASON
TE,2022,00-0035249,Josh Oliver,12.0,10.852626316279997,3.9916666666666667,3.0740925387246114,3.254639886319039,47.9,33.361977584442705,35.32139048028054,67.85833333333333,52.259573158318396,55.328878067423666,PPG
TE,2022,00-0035249,Josh Oliver,12.0,10.852626316279997,3.9916666666666667,3.0740925387246114,3.254639886319039,47.9,33.361977584442705,35.32139048028054,67.85833333333333,52.259573158318396,55.328878067423666,SEASON
TE,2022,00-0035259,Trevon Wesco,6.0,9.843604528265349,1.2666666666666666,2.462679637337081,2.4667541079614455,7.6,24.241644429758157,24.281751907246434,21.53333333333333,41.86555383473038,41.93481983534457,PPG
TE,2022,00-0035259,Trevon Wesco,6.0,9.843604528265349,1.2666666666666666,2.462679637337081,2.4667541079614455,7.6,24.241644429758157,24.281751907246434,21.53333333333333,41.86555383473038,41.93481983534457,SEASON
TE,2022,00-0035308,Tommy Sweeney,2.0,9.507263932260468,1.1,2.684390875189882,3.78299841239955,2.2,25.521212547781875,35.965964362004854,18.700000000000003,45.634644878227995,64.31097301079235,PPG
TE,2022,00-0035308,Tommy Sweeney,2.0,9.507263932260468,1.1,2.684390875189882,3.78299841239955,2.2,25.521212547781875,35.965964362004854,18.700000000000003,45.634644878227995,64.31097301079235,SEASON
TE,2022,00-0035329,Donald Parham,6.0,11.52530750828976,5.666666666666667,5.074952795331025,5.258945633658297,34.0,58.49039155624477,60.61096559728962,96.33333333333334,86.27419752062742,89.40207577219105,PPG
TE,2022,00-0035329,Donald Parham,6.0,11.52530750828976,5.666666666666667,5.074952795331025,5.258945633658297,34.0,58.49039155624477,60.61096559728962,96.33333333333334,86.27419752062742,89.40207577219105,SEASON
TE,2022,00-0035345,Chris Myarick,10.0,8.49824214424582,2.3,2.4557641310844396,3.371270076813564,23.0,20.869678235109,28.649869446411873,39.099999999999994,41.74799022843547,57.31159130583059,PPG
TE,2022,00-0035345,Chris Myarick,10.0,8.49824214424582,2.3,2.4557641310844396,3.371270076813564,23.0,20.869678235109,28.649869446411873,39.099999999999994,41.74799022843547,57.31159130583059,SEASON
TE,2022,00-0035356,Tyree Jackson,2.0,8.161901548240937,0.0,3.711875444773555,3.7541655532787455,0.0,30.295961939574795,30.641129641658587,0.0,63.10188256115043,63.82081440573867,PPG
TE,2022,00-0035356,Tyree Jackson,2.0,8.161901548240937,0.0,3.711875444773555,3.7541655532787455,0.0,30.295961939574795,30.641129641658587,0.0,63.10188256115043,63.82081440573867,SEASON
TE,2022,00-0035547,Joseph Fortson,10.0,8.49824214424582,3.6300000000000003,2.2525989839013834,4.205235504275668,36.300000000000004,19.143131619076048,35.73710958891431,61.71000000000001,38.29418272632352,71.48900357268636,PPG
TE,2022,00-0035547,Joseph Fortson,10.0,8.49824214424582,3.6300000000000003,2.2525989839013834,4.205235504275668,36.300000000000004,19.143131619076048,35.73710958891431,61.71000000000001,38.29418272632352,71.48900357268636,SEASON
TE,2022,00-0035562,Jesper Horsted,5.0,8.49824214424582,1.2799999999999998,1.5632065093074146,3.926440747789163,6.399999999999999,13.284507437555666,33.367844239745935,21.759999999999998,26.574510658226046,66.74949271241577,PPG
TE,2022,00-0035562,Jesper Horsted,5.0,8.49824214424582,1.2799999999999998,1.5632065093074146,3.926440747789163,6.399999999999999,13.284507437555666,33.367844239745935,21.759999999999998,26.574510658226046,66.74949271241577,SEASON
TE,2022,00-0035572,Parker Hesse,12.0,8.49824214424582,1.8666666666666667,2.933544877975898,3.5127197684295663,22.4,24.929974714051237,29.851943176993558,31.733333333333334,49.87026292559027,59.71623606330263,PPG
TE,2022,00-0035572,Parker Hesse,12.0,8.49824214424582,1.8666666666666667,2.933544877975898,3.5127197684295663,22.4,24.929974714051237,29.851943176993558,31.733333333333334,49.87026292559027,59.71623606330263,SEASON
TE,2022,00-0035603,Kendall Blanton,2.0,8.49824214424582,3.25,3.2966195615580762,3.7448542513006884,6.5,28.01547129157802,31.824678222461635,55.25,56.042532546487294,63.6625222721117,PPG
TE,2022,00-0035603,Kendall Blanton,2.0,8.49824214424582,3.25,3.2966195615580762,3.7448542513006884,6.5,28.01547129157802,31.824678222461635,55.25,56.042532546487294,63.6625222721117,SEASON
TE,2022,00-0035624,N'Keal Harry,6.0,10.516285720275114,4.683333333333334,5.786592389378393,5.309941842750941,28.1,60.85345891347265,55.84086557641305,79.61666666666667,98.37207061943269,90.269011326766,PPG
TE,2022,00-0035624,N'Keal Harry,6.0,10.516285720275114,4.683333333333334,5.786592389378393,5.309941842750941,28.1,60.85345891347265,55.84086557641305,79.61666666666667,98.37207061943269,90.269011326766,SEASON
TE,2022,00-0035631,Drew Sample,2.0,10.516285720275114,1.5,3.083206597469483,3.2889527179258757,3.0,32.42388151362634,34.58756650218391,25.5,52.41451215698121,55.912196204739885,PPG
TE,2022,00-0035631,Drew Sample,2.0,10.516285720275114,1.5,3.083206597469483,3.2889527179258757,3.0,32.42388151362634,34.58756650218391,25.5,52.41451215698121,55.912196204739885,SEASON
TE,2022,00-0035644,Noah Fant,17.0,12.534329296304406,8.682352941176472,10.268212875465029,10.680540922678626,147.60000000000002,128.70516146563142,133.8734169875088,147.60000000000002,174.55961888290548,181.56919568553664,PPG
TE,2022,00-0035644,Noah Fant,17.0,12.534329296304406,8.682352941176472,10.268212875465029,10.680540922678626,147.60000000000002,128.70516146563142,133.8734169875088,147.60000000000002,174.55961888290548,181.56919568553664,SEASON
TE,2022,00-0035689,Dawson Knox,15.0,12.197988700299526,10.646666666666668,8.4561647777568,8.79570967586388,159.70000000000002,103.1482024069483,107.28996723730282,180.99333333333337,143.75480122186562,149.52706448968598,PPG
TE,2022,00-0035689,Dawson Knox,15.0,12.197988700299526,10.646666666666668,8.4561647777568,8.79570967586388,159.70000000000002,103.1482024069483,107.28996723730282,180.99333333333337,143.75480122186562,149.52706448968598,SEASON
TE,2022,00-0035771,Mitchell Wilcox,9.0,8.49824214424582,5.044444444444444,2.3770602148526527,2.243502469436581,45.4,20.200833297270837,19.06582723648552,85.75555555555556,40.4100236524951,38.139541980421875,PPG
TE,2022,00-0035771,Mitchell Wilcox,9.0,8.49824214424582,5.044444444444444,2.3770602148526527,2.243502469436581,45.4,20.200833297270837,19.06582723648552,85.75555555555556,40.4100236524951,38.139541980421875,SEASON
TE,2022,00-0035823,Ben Ellefson,2.0,8.161901548240937,3.55,2.3413674458274953,2.3092608293099355,7.1,19.11001058110036,18.847959538036914,60.349999999999994,39.80324657906742,39.2574340982689,PPG
TE,2022,00-0035823,Ben Ellefson,2.0,8.161901548240937,3.55,2.3413674458274953,2.3092608293099355,7.1,19.11001058110036,18.847959538036914,60.349999999999994,39.80324657906742,39.2574340982689,SEASON
TE,2022,00-0035956,Giovanni Ricci,11.0,9.843604528265349,2.0,3.266208626073233,1.837700473794719,22.0,32.15126602187382,18.08959670544107,34.0,55.525546643244965,31.24090805451022,PPG
TE,2022,00-0035956,Giovanni Ricci,11.0,9.843604528265349,2.0,3.266208626073233,1.837700473794719,22.0,32.15126602187382,18.08959670544107,34.0,55.525546643244965,31.24090805451022,SEASON
TE,2022,00-0036032,Sean McKeon,3.0,8.834582740250703,1.3666666666666667,2.073895377645558,3.376029014768352,4.1,18.32200030843316,29.825807664458065,23.233333333333334,35.25622141997449,57.39249325106198,PPG
TE,2022,00-0036032,Sean McKeon,3.0,8.834582740250703,1.3666666666666667,2.073895377645558,3.376029014768352,4.1,18.32200030843316,29.825807664458065,23.233333333333334,35.25622141997449,57.39249325106198,SEASON
TE,2022,00-0036040,Juwan Johnson,16.0,11.52530750828976,9.7375,4.698231070502438,3.963885383681116,155.8,54.14855783254199,45.68499797454,165.53750000000002,79.86992819854146,67.38605152257897,PPG
TE,2022,00-0036040,Juwan Johnson,16.0,11.52530750828976,9.7375,4.698231070502438,3.963885383681116,155.8,54.14855783254199,45.68499797454,165.53750000000002,79.86992819854146,67.38605152257897,SEASON
TE,2022,00-0036232,Harrison Bryant,14.0,12.197988700299526,5.514285714285714,5.312165177529419,4.567341728326341,77.2,64.79773080962848,55.712382792531216,93.74285714285715,90.30680801800013,77.6448093815478,PPG
TE,2022,00-0036232,Harrison Bryant,14.0,12.197988700299526,5.514285714285714,5.312165177529419,4.567341728326341,77.2,64.79773080962848,55.712382792531216,93.74285714285715,90.30680801800013,77.6448093815478,SEASON
TE,2022,00-0036244,Colby Parkinson,14.0,8.834582740250703,5.835714285714286,2.9905099118429916,3.4149720337784286,81.7,26.419907251716744,30.169852988057745,99.20714285714287,50.83866850133086,58.054524574233284,PPG
TE,2022,00-0036244,Colby Parkinson,14.0,8.834582740250703,5.835714285714286,2.9905099118429916,3.4149720337784286,81.7,26.419907251716744,30.169852988057745,99.20714285714287,50.83866850133086,58.054524574233284,SEASON
TE,2022,00-0036250,Tyler Davis,11.0,9.843604528265349,0.7818181818181817,2.40343993464683,2.675286010577594,8.6,23.65851222410331,26.334457488126546,13.29090909090909,40.8584788889961,45.4798621798191,PPG
TE,2022,00-0036250,Tyler Davis,11.0,9.843604528265349,0.7818181818181817,2.40343993464683,2.675286010577594,8.6,23.65851222410331,26.334457488126546,13.29090909090909,40.8584788889961,45.4798621798191,SEASON
TE,2022,00-0036290,Cole Kmet,17.0,12.870669892309289,10.135294117647058,9.495072500708522,9.355447817837721,172.29999999999998,122.20794376016305,120.4108805581146,172.29999999999998,161.41623251204487,159.04261290324126,PPG
TE,2022,00-0036290,Cole Kmet,17.0,12.870669892309289,10.135294117647058,9.495072500708522,9.355447817837721,172.29999999999998,122.20794376016305,120.4108805581146,172.29999999999998,161.41623251204487,159.04261290324126,SEASON
TE,2022,00-0036332,Josiah Deguara,9.0,11.861648104294643,3.433333333333333,6.408836705457424,5.742675947969641,30.9,76.01936575802297,68.11760127181253,58.36666666666666,108.9502239927762,97.6254911154839,PPG
TE,2022,00-0036332,Josiah Deguara,9.0,11.861648104294643,3.433333333333333,6.408836705457424,5.742675947969641,30.9,76.01936575802297,68.11760127181253,58.36666666666666,108.9502239927762,97.6254911154839,SEASON
TE,2022,00-0036422,Adam Trautman,12.0,10.852626316279997,4.475,6.996685430601331,7.637918720172773,53.699999999999996,75.93241243087684,82.89147770415467,76.07499999999999,118.94365232022263,129.84461824293714,PPG
TE,2022,00-0036422,Adam Trautman,12.0,10.852626316279997,4.475,6.996685430601331,7.637918720172773,53.699999999999996,75.93241243087684,82.89147770415467,76.07499999999999,118.94365232022263,129.84461824293714,SEASON
TE,2022,00-0036423,Albert Okwuegbunam,6.0,11.861648104294643,5.083333333333334,6.062343513295119,6.951715102597471,30.500000000000004,71.90938544205997,82.45879826832173,86.41666666666667,103.05983972601702,118.17915674415701,PPG
TE,2022,00-0036423,Albert Okwuegbunam,6.0,11.861648104294643,5.083333333333334,6.062343513295119,6.951715102597471,30.500000000000004,71.90938544205997,82.45879826832173,86.41666666666667,103.05983972601702,118.17915674415701,SEASON
TE,2022,00-0036429,Charlie Woerner,5.0,9.843604528265349,0.0,2.04370476861702,2.516131553190536,0.0,20.117421514795986,24.767803950697687,0.0,34.74298106648934,42.77423640423911,PPG
TE,2022,00-0036429,Charlie Woerner,5.0,9.843604528265349,0.0,2.04370476861702,2.516131553190536,0.0,20.117421514795986,24.767803950697687,0.0,34.74298106648934,42.77423640423911,SEASON
TE,2022,00-0036510,Kenny Yeboah,3.0,8.161901548240937,0.0,3.1689691974901195,2.9333813930105856,0.0,25.864814599322447,23.941970133194257,0.0,53.87247635733203,49.867483681179955,PPG
TE,2022,00-0036510,Kenny Yeboah,3.0,8.161901548240937,0.0,3.1689691974901195,2.9333813930105856,0.0,25.864814599322447,23.941970133194257,0.0,53.87247635733203,49.867483681179955,SEASON
TE,2022,00-0036534,Shane Zylstra,8.0,8.161901548240937,5.8125,3.7472037774953373,4.816074228186028,46.5,30.584308313113482,39.30832369947482,98.8125,63.70246421742073,81.87326187916247,PPG
TE,2022,00-0036534,Shane Zylstra,8.0,8.161901548240937,5.8125,3.7472037774953373,4.816074228186028,46.5,30.584308313113482,39.30832369947482,98.8125,63.70246421742073,81.87326187916247,SEASON
TE,2022,00-0036556,Brevin Jordan,9.0,9.843604528265349,3.7555555555555555,6.495273878103644,7.563944376143238,33.8,63.93690735882466,74.4564771125508,63.84444444444444,110.41965592776195,128.58705439443503,PPG
TE,2022,00-0036556,Brevin Jordan,9.0,9.843604528265349,3.7555555555555555,6.495273878103644,7.563944376143238,33.8,63.93690735882466,74.4564771125508,63.84444444444444,110.41965592776195,128.58705439443503,SEASON
TE,2022,00-0036628,John Bates,9.0,11.188966912284878,4.2,5.518900197107184,5.379039507468087,37.800000000000004,61.750791697634774,60.18589506893357,71.4,93.82130335082213,91.44367162695748,PPG
TE,2022,00-0036628,John Bates,9.0,11.188966912284878,4.2,5.518900197107184,5.379039507468087,37.800000000000004,61.750791697634774,60.18589506893357,71.4,93.82130335082213,91.44367162695748,SEASON
TE,2022,00-0036637,Noah Gray,17.0,9.507263932260468,4.9411764705882355,2.628234618090361,3.4382342155445507,84.0,24.987320190088855,32.68820014811057,84.0,44.67998850753614,58.449981664257365,PPG
TE,2022,00-0036637,Noah Gray,17.0,9.507263932260468,4.9411764705882355,2.628234618090361,3.4382342155445507,84.0,24.987320190088855,32.68820014811057,84.0,44.67998850753614,58.449981664257365,SEASON
TE,2022,00-0036741,Jack Stoll,9.0,9.170923336255585,3.2,1.9190492047059122,3.4017305461400094,28.8,17.599453134860173,31.19701004924887,54.400000000000006,32.623836480000506,57.82941928438016,PPG
TE,2022,00-0036741,Jack Stoll,9.0,9.170923336255585,3.2,1.9190492047059122,3.4017305461400094,28.8,17.599453134860173,31.19701004924887,54.400000000000006,32.623836480000506,57.82941928438016,SEASON
TE,2022,00-0036754,Brock Wright,14.0,9.843604528265349,5.185714285714286,4.306673138489096,5.257203863373613,72.60000000000001,42.39318720779001,51.74983575551858,88.15714285714286,73.21344335431462,89.37246567735143,PPG
TE,2022,00-0036754,Brock Wright,14.0,9.843604528265349,5.185714285714286,4.306673138489096,5.257203863373613,72.60000000000001,42.39318720779001,51.74983575551858,88.15714285714286,73.21344335431462,89.37246567735143,SEASON
TE,2022,00-0036825,Feleipe Franks,5.0,8.49824214424582,0.0,1.3512887823101487,1.7309390631459394,0.0,11.483579278874721,14.7099392955482,0.0,22.97190929927253,29.42596407348097,PPG
TE,2022,00-0036825,Feleipe Franks,5.0,8.49824214424582,0.0,1.3512887823101487,1.7309390631459394,0.0,11.483579278874721,14.7099392955482,0.0,22.97190929927253,29.42596407348097,SEASON
TE,2022,00-0036876,Kylen Granson,13.0,10.516285720275114,5.9,4.275384156591118,4.327076601838067,76.7,44.96116135464963,45.50477387844623,100.30000000000001,72.681530662049,73.56030223124715,PPG
TE,2022,00-0036876,Kylen Granson,13.0,10.516285720275114,5.9,4.275384156591118,4.327076601838067,76.7,44.96116135464963,45.50477387844623,100.30000000000001,72.681530662049,73.56030223124715,SEASON
TE,2022,00-0036887,Luke Farrell,4.0,9.843604528265349,2.5,3.106214485716138,3.1452648714683216,10.0,30.5763469773588,30.9607435313795,42.5,52.805646257174345,53.469502814961466,PPG
TE,2022,00-0036887,Luke Farrell,4.0,9.843604528265349,2.5,3.106214485716138,3.1452648714683216,10.0,30.5763469773588,30.9607435313795,42.5,52.805646257174345,53.469502814961466,SEASON
TE,2022,00-0036894,Pat Freiermuth,15.0,12.534329296304406,11.98,9.026073174388026,8.542485532715425,179.70000000000002,113.13577342031914,107.0743266759715,203.66,153.44324396459643,145.22225405616223,PPG
TE,2022,00-0036894,Pat Freiermuth,15.0,12.534329296304406,11.98,9.026073174388026,8.542485532715425,179.70000000000002,113.13577342031914,107.0743266759715,203.66,153.44324396459643,145.22225405616223,SEASON
TE,2022,00-0036970,Kyle Pitts,10.0,12.870669892309289,8.96,12.591414505125732,12.031734705311194,89.60000000000001,162.05993957270823,154.85648562390156,152.32000000000002,214.05404658713744,204.5394899902903,PPG
TE,2022,00-0036970,Kyle Pitts,10.0,12.870669892309289,8.96,12.591414505125732,12.031734705311194,89.60000000000001,162.05993957270823,154.85648562390156,152.32000000000002,214.05404658713744,204.5394899902903,SEASON
TE,2022,00-0037004,Hunter Long,1.0,8.161901548240937,0.0,2.38337955026082,2.396994864724511,0.0,19.452909241319578,19.564036097520564,0.0,40.51745235443394,40.74891270031669,PPG
TE,2022,00-0037004,Hunter Long,1.0,8.161901548240937,0.0,2.38337955026082,2.396994864724511,0.0,19.452909241319578,19.564036097520564,0.0,40.51745235443394,40.74891270031669,SEASON
TE,2022,00-0037005,Tommy Tremble,15.0,12.197988700299526,4.26,7.441869037575619,5.144844579649793,63.9,90.7758344294563,62.756756047365435,72.42,126.51177363878551,87.46235785404649,PPG
TE,2022,00-0037005,Tommy Tremble,15.0,12.197988700299526,4.26,7.441869037575619,5.144844579649793,63.9,90.7758344294563,62.756756047365435,72.42,126.51177363878551,87.46235785404649,SEASON
TE,2022,00-0037011,Tre' McKitty,13.0,9.170923336255585,1.7076923076923078,2.752408459146804,3.4835852084473244,22.200000000000003,25.242126968896702,31.947692881984345,29.030769230769234,46.79094380549567,59.220948543604514,PPG
TE,2022,00-0037011,Tre' McKitty,13.0,9.170923336255585,1.7076923076923078,2.752408459146804,3.4835852084473244,22.200000000000003,25.242126968896702,31.947692881984345,29.030769230769234,46.79094380549567,59.220948543604514,SEASON
TE,2023,00-0024243,Marcedes Lewis,6.0,8.521796046430987,2.4833333333333334,2.8804799338311806,3.8437015327525486,14.9,24.546862511946347,32.75524052547139,42.21666666666667,48.96815887513007,65.34292605679333,PPG
TE,2023,00-0024243,Marcedes Lewis,6.0,8.521796046430987,2.4833333333333334,2.8804799338311806,3.8437015327525486,14.9,24.546862511946347,32.75524052547139,42.21666666666667,48.96815887513007,65.34292605679333,SEASON
TE,2023,00-0030061,Zach Ertz,7.0,10.265650287957106,9.314285714285713,9.491849949059436,11.170931743236967,65.19999999999999,97.44001216280763,114.67687866670974,158.34285714285713,161.3614491340104,189.90583963502843,PPG
TE,2023,00-0030061,Zach Ertz,7.0,10.265650287957106,9.314285714285713,9.491849949059436,11.170931743236967,65.19999999999999,97.44001216280763,114.67687866670974,158.34285714285713,161.3614491340104,189.90583963502843,SEASON
TE,2023,00-0030506,Travis Kelce,15.0,13.317395210627813,17.726666666666667,16.292600366073195,16.155255903828074,265.9,216.97499808381613,215.1459276001067,301.35333333333335,276.9742062232443,274.63935036507723,PPG
TE,2023,00-0030506,Travis Kelce,15.0,13.317395210627813,17.726666666666667,16.292600366073195,16.155255903828074,265.9,216.97499808381613,215.1459276001067,301.35333333333335,276.9742062232443,274.63935036507723,SEASON
TE,2023,00-0031260,Logan Thomas,16.0,11.573540969101694,9.643749999999999,8.403609456837133,8.57980978518059,154.29999999999998,97.25951833703499,99.29878005588716,163.94375,142.86136076623126,145.85676634807004,PPG
TE,2023,00-0031260,Logan Thomas,16.0,11.573540969101694,9.643749999999999,8.403609456837133,8.57980978518059,154.29999999999998,97.25951833703499,99.29878005588716,163.94375,142.86136076623126,145.85676634807004,SEASON
TE,2023,00-0031484,Chris Manhertz,7.0,8.957759606812516,0.6571428571428571,2.4003948240548523,2.814349015382022,4.6,21.50215979532039,25.21026192946165,11.17142857142857,40.806712008932486,47.84393326149437,PPG
TE,2023,00-0031484,Chris Manhertz,7.0,8.957759606812516,0.6571428571428571,2.4003948240548523,2.814349015382022,4.6,21.50215979532039,25.21026192946165,11.17142857142857,40.806712008932486,47.84393326149437,SEASON
TE,2023,00-0031585,MyCole Pruitt,10.0,10.265650287957106,3.0500000000000003,5.462980138730014,5.49691093277195,30.500000000000004,56.08104363425772,56.429365299884935,51.85,92.87066235841024,93.44748585712316,PPG
TE,2023,00-0031585,MyCole Pruitt,10.0,10.265650287957106,3.0500000000000003,5.462980138730014,5.49691093277195,30.500000000000004,56.08104363425772,56.429365299884935,51.85,92.87066235841024,93.44748585712316,SEASON
TE,2023,00-0031610,Darren Waller,12.0,9.393723167194047,11.600000000000001,9.392959363364712,9.683091492097244,139.20000000000002,88.23485998015134,90.96028087937344,197.20000000000002,159.68030917720012,164.61255536565315,PPG
TE,2023,00-0031610,Darren Waller,12.0,9.393723167194047,11.600000000000001,9.392959363364712,9.683091492097244,139.20000000000002,88.23485998015134,90.96028087937344,197.20000000000002,159.68030917720012,164.61255536565315,SEASON
TE,2023,00-0032134,C.J. Uzomah,8.0,12.009504529483223,2.975,5.164948145585943,4.262542118251979,23.8,62.02846814896036,51.19101887626015,50.575,87.80411847496103,72.46321601028365,PPG
TE,2023,00-0032134,C.J. Uzomah,8.0,12.009504529483223,2.975,5.164948145585943,4.262542118251979,23.8,62.02846814896036,51.19101887626015,50.575,87.80411847496103,72.46321601028365,SEASON
TE,2023,00-0032141,Geoff Swaim,8.0,11.137577408720166,3.05,2.7284092451434905,2.8900960302477596,24.4,30.387869170453378,32.18866825551928,51.849999999999994,46.382957167439336,49.131632514211915,PPG
TE,2023,00-0032141,Geoff Swaim,8.0,11.137577408720166,3.05,2.7284092451434905,2.8900960302477596,24.4,30.387869170453378,32.18866825551928,51.849999999999994,46.382957167439336,49.131632514211915,SEASON
TE,2023,00-0032214,Tyler Kroft,1.0,8.521796046430987,0.0,2.5026373158381285,2.8011400120550833,0.0,21.326964783760022,23.870743880230656,0.0,42.544834369248186,47.61938020493642,PPG
TE,2023,00-0032214,Tyler Kroft,1.0,8.521796046430987,0.0,2.5026373158381285,2.8011400120550833,0.0,21.326964783760022,23.870743880230656,0.0,42.544834369248186,47.61938020493642,SEASON
TE,2023,00-0032392,Austin Hooper,16.0,13.317395210627813,3.8062500000000004,8.046963162098555,7.237981702496022,60.900000000000006,107.16458867502973,96.39106285943227,64.70625000000001,136.79837375567544,123.04568894243238,PPG
TE,2023,00-0032392,Austin Hooper,16.0,13.317395210627813,3.8062500000000004,8.046963162098555,7.237981702496022,60.900000000000006,107.16458867502973,96.39106285943227,64.70625000000001,136.79837375567544,123.04568894243238,SEASON
TE,2023,00-0032394,Nick Vannett,1.0,8.085832486049458,1.8,3.226437292898011,3.4861757552846226,1.8,26.08843147711621,28.188633174158408,30.6,54.84943397926619,59.26498783983858,PPG
TE,2023,00-0032394,Nick Vannett,1.0,8.085832486049458,1.8,3.226437292898011,3.4861757552846226,1.8,26.08843147711621,28.188633174158408,30.6,54.84943397926619,59.26498783983858,SEASON
TE,2023,00-0032725,Stephen Anderson,1.0,9.829686727575575,0.0,2.561398205587453,1.999549771429298,0.0,25.17774194549888,19.654947849345348,0.0,43.5437694949867,33.992346114298066,PPG
TE,2023,00-0032725,Stephen Anderson,1.0,9.829686727575575,0.0,2.561398205587453,1.999549771429298,0.0,25.17774194549888,19.654947849345348,0.0,43.5437694949867,33.992346114298066,SEASON
TE,2023,00-0033090,Hunter Henry,13.0,12.881431650246283,10.838461538461539,8.209647224281518,7.575558321972577,140.9,105.7520095922165,97.58403673694417,184.25384615384615,139.56400281278582,128.7844914735338,PPG
TE,2023,00-0033090,Hunter Henry,13.0,12.881431650246283,10.838461538461539,8.209647224281518,7.575558321972577,140.9,105.7520095922165,97.58403673694417,184.25384615384615,139.56400281278582,128.7844914735338,SEASON
TE,2023,00-0033110,Tyler Higbee,15.0,12.881431650246283,8.8,12.149756183407707,11.82227390244591,132.0,156.50625384372353,152.28781322484735,149.60000000000002,206.545855117931,200.97865634158046,PPG
TE,2023,00-0033110,Tyler Higbee,15.0,12.881431650246283,8.8,12.149756183407707,11.82227390244591,132.0,156.50625384372353,152.28781322484735,149.60000000000002,206.545855117931,200.97865634158046,SEASON
TE,2023,00-0033217,Mo Alie-Cox,14.0,12.009504529483223,3.9714285714285715,4.46265490991536,4.106862034979564,55.6,53.59427435414906,49.321378211049755,67.51428571428572,75.86513346856111,69.81665459465259,PPG
TE,2023,00-0033217,Mo Alie-Cox,14.0,12.009504529483223,3.9714285714285715,4.46265490991536,4.106862034979564,55.6,53.59427435414906,49.321378211049755,67.51428571428572,75.86513346856111,69.81665459465259,SEASON
TE,2023,00-0033246,Johnny Mundt,10.0,11.573540969101694,4.87,3.4394810753074916,3.7034515154765897,48.7,39.806975137521206,42.86204784145007,82.79,58.471178280227356,62.95867576310202,PPG
TE,2023,00-0033246,Johnny Mundt,10.0,11.573540969101694,4.87,3.4394810753074916,3.7034515154765897,48.7,39.806975137521206,42.86204784145007,82.79,58.471178280227356,62.95867576310202,SEASON
TE,2023,00-0033288,George Kittle,16.0,12.445468089864754,14.73125,13.038273763073537,12.903772671807776,235.7,162.26742006525254,160.59349102585253,250.43124999999998,221.65065397225013,219.3641354207322,PPG
TE,2023,00-0033288,George Kittle,16.0,12.445468089864754,14.73125,13.038273763073537,12.903772671807776,235.7,162.26742006525254,160.59349102585253,250.43124999999998,221.65065397225013,219.3641354207322,SEASON
TE,2023,00-0033357,Taysom Hill,16.0,12.881431650246283,9.54375,9.791472499543968,10.072810887712624,152.7,126.12818375814174,129.75222497592674,162.24374999999998,166.45503249224745,171.2377850911146,PPG
TE,2023,00-0033357,Taysom Hill,16.0,12.881431650246283,9.54375,9.791472499543968,10.072810887712624,152.7,126.12818375814174,129.75222497592674,162.24374999999998,166.45503249224745,171.2377850911146,SEASON
TE,2023,00-0033439,Pharaoh Brown,11.0,9.393723167194047,4.027272727272727,4.144767909484753,4.237146981328094,44.3,38.934802333969365,39.802585761308045,68.46363636363637,70.4610544612408,72.0314986825776,PPG
TE,2023,00-0033439,Pharaoh Brown,11.0,9.393723167194047,4.027272727272727,4.144767909484753,4.237146981328094,44.3,38.934802333969365,39.802585761308045,68.46363636363637,70.4610544612408,72.0314986825776,SEASON
TE,2023,00-0033576,Eric Saubert,3.0,12.009504529483223,1.9,4.424299377671392,3.355990650776457,5.699999999999999,53.133643415934394,40.303784921403214,32.3,75.21308942041367,57.05184106319977,PPG
TE,2023,00-0033576,Eric Saubert,3.0,12.009504529483223,1.9,4.424299377671392,3.355990650776457,5.699999999999999,53.133643415934394,40.303784921403214,32.3,75.21308942041367,57.05184106319977,SEASON
TE,2023,00-0033757,Robert Tonyan,12.0,13.317395210627813,2.3083333333333336,7.326569787689572,6.6878540358353815,27.700000000000003,97.57082540090755,89.064795306212,39.241666666666674,124.55168639072274,113.69351860920149,PPG
TE,2023,00-0033757,Robert Tonyan,12.0,13.317395210627813,2.3083333333333336,7.326569787689572,6.6878540358353815,27.700000000000003,97.57082540090755,89.064795306212,39.241666666666674,124.55168639072274,113.69351860920149,SEASON
TE,2023,00-0033858,Jonnu Smith,17.0,11.137577408720166,8.776470588235295,5.860207443850148,5.631930789416454,149.20000000000002,65.26851403703915,62.72606512768022,149.20000000000002,99.6235265454525,95.74282342007972,PPG
TE,2023,00-0033858,Jonnu Smith,17.0,11.137577408720166,8.776470588235295,5.860207443850148,5.631930789416454,149.20000000000002,65.26851403703915,62.72606512768022,149.20000000000002,99.6235265454525,95.74282342007972,SEASON
TE,2023,00-0033881,Evan Engram,17.0,13.317395210627813,16.900000000000002,10.627102880376944,11.527438983534086,287.3,141.52532900198094,153.51546071012118,287.3,180.66074896640805,195.96646272007948,PPG
TE,2023,00-0033881,Evan Engram,17.0,13.317395210627813,16.900000000000002,10.627102880376944,11.527438983534086,287.3,141.52532900198094,153.51546071012118,287.3,180.66074896640805,195.96646272007948,SEASON
TE,2023,00-0033885,David Njoku,16.0,12.009504529483223,15.10625,10.643780514988281,10.70608099948191,241.7,127.82653030557704,128.57472825629227,256.80625,180.9442687548008,182.00337699119248,PPG
TE,2023,00-0033885,David Njoku,16.0,12.009504529483223,15.10625,10.643780514988281,10.70608099948191,241.7,127.82653030557704,128.57472825629227,256.80625,180.9442687548008,182.00337699119248,SEASON
TE,2023,00-0033895,Gerald Everett,15.0,12.445468089864754,9.106666666666666,9.267543740659999,8.991760605722353,136.6,115.33891989580985,111.90666969022053,154.8133333333333,157.54824359121997,152.85993029728002,PPG
TE,2023,00-0033895,Gerald Everett,15.0,12.445468089864754,9.106666666666666,9.267543740659999,8.991760605722353,136.6,115.33891989580985,111.90666969022053,154.8133333333333,157.54824359121997,152.85993029728002,SEASON
TE,2023,00-0034073,Ross Dwelley,2.0,8.085832486049458,1.35,4.540184299870471,3.987778398574203,2.7,36.71116970454437,32.24450812235757,22.950000000000003,77.183133097798,67.79223277576145,PPG
TE,2023,00-0034073,Ross Dwelley,2.0,8.085832486049458,1.35,4.540184299870471,3.987778398574203,2.7,36.71116970454437,32.24450812235757,22.950000000000003,77.183133097798,67.79223277576145,SEASON
TE,2023,00-0034159,Will Dissly,13.0,12.445468089864754,3.746153846153846,5.589310499770092,5.72215506716659,48.7,69.5615854692347,71.21489829367971,63.684615384615384,95.01827849609157,97.27663614183204,PPG
TE,2023,00-0034159,Will Dissly,13.0,12.445468089864754,3.746153846153846,5.589310499770092,5.72215506716659,48.7,69.5615854692347,71.21489829367971,63.684615384615384,95.01827849609157,97.27663614183204,SEASON
TE,2023,00-0034193,Kevin Rader,7.0,8.521796046430987,0.3,1.1432766278114983,1.2921782025946147,2.1,9.742770246860978,11.011679098155087,5.1,19.435702672795472,21.967029444108448,PPG
TE,2023,00-0034193,Kevin Rader,7.0,8.521796046430987,0.3,1.1432766278114983,1.2921782025946147,2.1,9.742770246860978,11.011679098155087,5.1,19.435702672795472,21.967029444108448,SEASON
TE,2023,00-0034270,Tyler Conklin,17.0,13.317395210627813,9.035294117647059,8.433513645697584,8.101545049475428,153.6,112.31243423397731,107.89147724056953,153.6,143.36973197685893,137.72626584108227,PPG
TE,2023,00-0034270,Tyler Conklin,17.0,13.317395210627813,9.035294117647059,8.433513645697584,8.101545049475428,153.6,112.31243423397731,107.89147724056953,153.6,143.36973197685893,137.72626584108227,SEASON
TE,2023,00-0034351,Dallas Goedert,14.0,11.137577408720166,11.842857142857143,10.631993887440567,11.943554165445489,165.8,118.41465493040894,133.02225905289131,201.32857142857145,180.74389608648963,203.0404208125733,PPG
TE,2023,00-0034351,Dallas Goedert,14.0,11.137577408720166,11.842857142857143,10.631993887440567,11.943554165445489,165.8,118.41465493040894,133.02225905289131,201.32857142857145,180.74389608648963,203.0404208125733,SEASON
TE,2023,00-0034364,Jordan Akins,13.0,12.445468089864754,2.746153846153846,8.551380509885995,7.507661600847641,35.7,106.42593326007754,93.43636288285225,46.684615384615384,145.37346866806192,127.63024721440989,PPG
TE,2023,00-0034364,Jordan Akins,13.0,12.445468089864754,2.746153846153846,8.551380509885995,7.507661600847641,35.7,106.42593326007754,93.43636288285225,46.684615384615384,145.37346866806192,127.63024721440989,SEASON
TE,2023,00-0034365,Ian Thomas,8.0,11.573540969101694,1.6375000000000002,5.0807165615369785,5.147769618988702,13.100000000000001,58.801881277341714,59.57792258486277,27.837500000000002,86.37218154612863,87.51208352280794,PPG
TE,2023,00-0034365,Ian Thomas,8.0,11.573540969101694,1.6375000000000002,5.0807165615369785,5.147769618988702,13.100000000000001,58.801881277341714,59.57792258486277,27.837500000000002,86.37218154612863,87.51208352280794,SEASON
TE,2023,00-0034383,Dalton Schultz,15.0,12.445468089864754,12.0,10.149285010834005,10.223228944716904,180.0,126.31260273727726,127.23286960685596,204.0,172.53784518417808,173.79489206018738,PPG
TE,2023,00-0034383,Dalton Schultz,15.0,12.445468089864754,12.0,10.149285010834005,10.223228944716904,180.0,126.31260273727726,127.23286960685596,204.0,172.53784518417808,173.79489206018738,SEASON
TE,2023,00-0034613,Tanner Hudson,12.0,8.521796046430987,8.308333333333334,5.318679631944232,5.97009427321605,99.7,45.32470305973538,50.87592577431281,141.24166666666667,90.41755374305195,101.49160264467285,PPG
TE,2023,00-0034613,Tanner Hudson,12.0,8.521796046430987,8.308333333333334,5.318679631944232,5.97009427321605,99.7,45.32470305973538,50.87592577431281,141.24166666666667,90.41755374305195,101.49160264467285,SEASON
TE,2023,00-0034753,Mark Andrews,10.0,12.445468089864754,15.79,14.332845453603111,13.554557754988183,157.89999999999998,178.37897072978063,168.69281601193427,268.43,243.6583727112529,230.42748183479912,PPG
TE,2023,00-0034753,Mark Andrews,10.0,12.445468089864754,15.79,14.332845453603111,13.554557754988183,157.89999999999998,178.37897072978063,168.69281601193427,268.43,243.6583727112529,230.42748183479912,SEASON
TE,2023,00-0034798,Durham Smythe,13.0,11.573540969101694,6.853846153846154,6.317125257115424,4.012224796209317,89.10000000000001,73.11150797017244,46.43564805617422,116.51538461538462,107.3911293709622,68.2078215355584,PPG
TE,2023,00-0034798,Durham Smythe,13.0,11.573540969101694,6.853846153846154,6.317125257115424,4.012224796209317,89.10000000000001,73.11150797017244,46.43564805617422,116.51538461538462,107.3911293709622,68.2078215355584,SEASON
TE,2023,00-0034829,Mike Gesicki,15.0,13.317395210627813,5.326666666666667,7.091613016049084,5.625860790150805,79.9,94.44181321555793,74.92181154241312,90.55333333333334,120.55742127283442,95.63963343256368,PPG
TE,2023,00-0034829,Mike Gesicki,15.0,13.317395210627813,5.326666666666667,7.091613016049084,5.625860790150805,79.9,94.44181321555793,74.92181154241312,90.55333333333334,120.55742127283442,95.63963343256368,SEASON
TE,2023,00-0034830,Hayden Hurst,9.0,11.573540969101694,5.71111111111111,8.43921861738632,8.836453596137762,51.39999999999999,97.67164241552634,102.26905771646639,97.08888888888887,143.46671649556745,150.21971113434196,PPG
TE,2023,00-0034830,Hayden Hurst,9.0,11.573540969101694,5.71111111111111,8.43921861738632,8.836453596137762,51.39999999999999,97.67164241552634,102.26905771646639,97.08888888888887,143.46671649556745,150.21971113434196,SEASON
TE,2023,00-0034970,Irv Smith,10.0,9.393723167194047,4.25,6.492028359325756,7.151819287270001,42.5,60.984317201079115,67.18221052641343,72.25,110.36448210853786,121.58092788359002,PPG
TE,2023,00-0034970,Irv Smith,10.0,9.393723167194047,4.25,6.492028359325756,7.151819287270001,42.5,60.984317201079115,67.18221052641343,72.25,110.36448210853786,121.58092788359002,SEASON
TE,2023,00-0034981,Foster Moreau,13.0,12.009504529483223,4.36923076923077,6.841242574677558,6.356757046962661,56.800000000000004,82.15993368788361,76.34150254832248,74.27692307692308,116.30112376951848,108.06486979836524,PPG
TE,2023,00-0034981,Foster Moreau,13.0,12.009504529483223,4.36923076923077,6.841242574677558,6.356757046962661,56.800000000000004,82.15993368788361,76.34150254832248,74.27692307692308,116.30112376951848,108.06486979836524,SEASON
TE,2023,00-0035229,T.J. Hockenson,15.0,13.317395210627813,17.766666666666666,12.751150260368869,13.23537868018446,266.5,169.81210740743197,176.26076864633401,302.0333333333333,216.76955442627076,225.00143756313582,PPG
TE,2023,00-0035229,T.J. Hockenson,15.0,13.317395210627813,17.766666666666666,12.751150260368869,13.23537868018446,266.5,169.81210740743197,176.26076864633401,302.0333333333333,216.76955442627076,225.00143756313582,SEASON
TE,2023,00-0035249,Josh Oliver,13.0,11.137577408720166,4.946153846153846,4.863843603151835,5.2112865520439104,64.3,54.17143463401197,58.04110737241146,84.08461538461539,82.6853412535812,88.59187138474648,PPG
TE,2023,00-0035249,Josh Oliver,13.0,11.137577408720166,4.946153846153846,4.863843603151835,5.2112865520439104,64.3,54.17143463401197,58.04110737241146,84.08461538461539,82.6853412535812,88.59187138474648,SEASON
TE,2023,00-0035259,Trevon Wesco,6.0,8.521796046430987,0.6000000000000001,2.5365504918762447,2.259670857634941,3.6000000000000005,21.61596595324356,19.256454180828758,10.200000000000001,43.12135836189616,38.414404579794,PPG
TE,2023,00-0035259,Trevon Wesco,6.0,8.521796046430987,0.6000000000000001,2.5365504918762447,2.259670857634941,3.6000000000000005,21.61596595324356,19.256454180828758,10.200000000000001,43.12135836189616,38.414404579794,SEASON
TE,2023,00-0035329,Donald Parham,14.0,8.521796046430987,6.642857142857142,4.341598499883547,5.046753687976784,93.0,36.99821693149832,43.00740562551156,112.92857142857142,73.8071744980203,85.79481269560533,PPG
TE,2023,00-0035329,Donald Parham,14.0,8.521796046430987,6.642857142857142,4.341598499883547,5.046753687976784,93.0,36.99821693149832,43.00740562551156,112.92857142857142,73.8071744980203,85.79481269560533,SEASON
TE,2023,00-0035562,Jesper Horsted,5.0,8.085832486049458,0.38000000000000006,1.9212707598656036,2.524734247627294,1.9000000000000004,15.535073524618225,20.41457819810641,6.460000000000001,32.661602917715264,42.920482209663994,PPG
TE,2023,00-0035562,Jesper Horsted,5.0,8.085832486049458,0.38000000000000006,1.9212707598656036,2.524734247627294,1.9000000000000004,15.535073524618225,20.41457819810641,6.460000000000001,32.661602917715264,42.920482209663994,SEASON
TE,2023,00-0035572,Parker Hesse,1.0,11.137577408720166,0.0,2.8342656812226434,2.9338052295499475,0.0,31.566853421496184,32.675482846220575,0.0,48.18251658078494,49.87468890234911,PPG
TE,2023,00-0035572,Parker Hesse,1.0,11.137577408720166,0.0,2.8342656812226434,2.9338052295499475,0.0,31.566853421496184,32.675482846220575,0.0,48.18251658078494,49.87468890234911,SEASON
TE,2023,00-0035644,Noah Fant,15.0,13.317395210627813,5.960000000000001,7.766081077253389,7.0428656396234945,89.4,103.42397094356157,93.79262513821712,101.32000000000002,132.0233783133076,119.72871587359941,PPG
TE,2023,00-0035644,Noah Fant,15.0,13.317395210627813,5.960000000000001,7.766081077253389,7.0428656396234945,89.4,103.42397094356157,93.79262513821712,101.32000000000002,132.0233783133076,119.72871587359941,SEASON
TE,2023,00-0035689,Dawson Knox,10.0,12.445468089864754,6.560000000000001,9.366225972759946,9.138208127486198,65.60000000000001,116.56706646644636,113.72927764917222,111.52000000000002,159.22584153691906,155.34953816726537,PPG
TE,2023,00-0035689,Dawson Knox,10.0,12.445468089864754,6.560000000000001,9.366225972759946,9.138208127486198,65.60000000000001,116.56706646644636,113.72927764917222,111.52000000000002,159.22584153691906,155.34953816726537,SEASON
TE,2023,00-0035771,Mitchell Wilcox,12.0,9.829686727575575,1.5916666666666668,4.017683379598844,4.633790990580093,19.1,39.492568992043736,45.54871379846442,27.058333333333337,68.30061745318035,78.77444683986158,PPG
TE,2023,00-0035771,Mitchell Wilcox,12.0,9.829686727575575,1.5916666666666668,4.017683379598844,4.633790990580093,19.1,39.492568992043736,45.54871379846442,27.058333333333337,68.30061745318035,78.77444683986158,SEASON
TE,2023,00-0035956,Giovanni Ricci,2.0,10.701613848338635,0.85,3.1886872153559107,2.90611996437697,1.7,34.12409926187318,31.100173655709966,14.45,54.207682661050484,49.40403939440849,PPG
TE,2023,00-0035956,Giovanni Ricci,2.0,10.701613848338635,0.85,3.1886872153559107,2.90611996437697,1.7,34.12409926187318,31.100173655709966,14.45,54.207682661050484,49.40403939440849,SEASON
TE,2023,00-0036032,Sean McKeon,8.0,7.213905365286398,0.0,1.6665939182708769,2.382182812577436,0.0,12.02265080876796,17.184841372745407,0.0,28.332096610604907,40.497107813816406,PPG
TE,2023,00-0036032,Sean McKeon,8.0,7.213905365286398,0.0,1.6665939182708769,2.382182812577436,0.0,12.02265080876796,17.184841372745407,0.0,28.332096610604907,40.497107813816406,SEASON
TE,2023,00-0036040,Juwan Johnson,13.0,12.881431650246283,8.946153846153846,9.732988771881564,9.825757028514507,116.3,125.37482961760688,126.56981757473665,152.08461538461538,165.46080912198659,167.03786948474664,PPG
TE,2023,00-0036040,Juwan Johnson,13.0,12.881431650246283,8.946153846153846,9.732988771881564,9.825757028514507,116.3,125.37482961760688,126.56981757473665,152.08461538461538,165.46080912198659,167.03786948474664,SEASON
TE,2023,00-0036145,Lawrence Cager,5.0,8.521796046430987,3.1200000000000006,6.0115324147469105,6.330828639036837,15.600000000000003,51.22905316498195,53.950030466776184,53.040000000000006,102.19605105069748,107.62408686362623,PPG
TE,2023,00-0036145,Lawrence Cager,5.0,8.521796046430987,3.1200000000000006,6.0115324147469105,6.330828639036837,15.600000000000003,51.22905316498195,53.950030466776184,53.040000000000006,102.19605105069748,107.62408686362623,SEASON
TE,2023,00-0036232,Harrison Bryant,14.0,12.009504529483223,3.1714285714285713,5.452713968048823,5.4301458054479745,44.4,65.48439309725877,65.21336064628177,53.91428571428571,92.69613745682999,92.31247869261557,PPG
TE,2023,00-0036232,Harrison Bryant,14.0,12.009504529483223,3.1714285714285713,5.452713968048823,5.4301458054479745,44.4,65.48439309725877,65.21336064628177,53.91428571428571,92.69613745682999,92.31247869261557,SEASON
TE,2023,00-0036244,Colby Parkinson,15.0,12.009504529483223,4.946666666666666,6.557960206712561,6.0211247997641095,74.19999999999999,78.75785280668524,72.31072555535084,84.09333333333333,111.48532351411355,102.35912159598986,PPG
TE,2023,00-0036244,Colby Parkinson,15.0,12.009504529483223,4.946666666666666,6.557960206712561,6.0211247997641095,74.19999999999999,78.75785280668524,72.31072555535084,84.09333333333333,111.48532351411355,102.35912159598986,SEASON
TE,2023,00-0036290,Cole Kmet,16.0,13.317395210627813,13.6,9.614334284410425,9.71516285730103,217.6,128.03788935258217,129.38066330628996,231.2,163.44368283497724,165.1577685741175,PPG
TE,2023,00-0036290,Cole Kmet,16.0,13.317395210627813,13.6,9.614334284410425,9.71516285730103,217.6,128.03788935258217,129.38066330628996,231.2,163.44368283497724,165.1577685741175,SEASON
TE,2023,00-0036332,Josiah Deguara,9.0,9.829686727575575,2.0555555555555554,3.7089906752872634,4.006364412007074,18.5,36.458216413572785,39.38130708653706,34.94444444444444,63.052841479883476,68.10819500412026,PPG
TE,2023,00-0036332,Josiah Deguara,9.0,9.829686727575575,2.0555555555555554,3.7089906752872634,4.006364412007074,18.5,36.458216413572785,39.38130708653706,34.94444444444444,63.052841479883476,68.10819500412026,SEASON
TE,2023,00-0036422,Adam Trautman,16.0,11.137577408720166,4.4625,4.607712293319389,4.558471488247342,71.4,51.318752343956206,50.77032906579859,75.86250000000001,78.33110898642961,77.49401530020481,PPG
TE,2023,00-0036422,Adam Trautman,16.0,11.137577408720166,4.4625,4.607712293319389,4.558471488247342,71.4,51.318752343956206,50.77032906579859,75.86250000000001,78.33110898642961,77.49401530020481,SEASON
TE,2023,00-0036423,Albert Okwuegbunam,1.0,8.521796046430987,0.0,4.649115479986744,5.024745815962491,0.0,39.61881391675213,42.8198590287898,0.0,79.03496315977465,85.42067887136234,PPG
TE,2023,00-0036423,Albert Okwuegbunam,1.0,8.521796046430987,0.0,4.649115479986744,5.024745815962491,0.0,39.61881391675213,42.8198590287898,0.0,79.03496315977465,85.42067887136234,SEASON
TE,2023,00-0036424,Brycen Hopkins,5.0,8.957759606812516,3.06,4.125333094697433,4.132907796930965,15.3,36.95374216032754,37.02159452202871,52.02,70.13066260985637,70.2594325478264,PPG
TE,2023,00-0036424,Brycen Hopkins,5.0,8.957759606812516,3.06,4.125333094697433,4.132907796930965,15.3,36.95374216032754,37.02159452202871,52.02,70.13066260985637,70.2594325478264,SEASON
TE,2023,00-0036429,Charlie Woerner,10.0,8.085832486049458,0.77,2.2921892681306884,1.5410380495006775,7.7,18.534258448425053,12.46057552289087,13.09,38.967217558221705,26.197646841511517,PPG
TE,2023,00-0036429,Charlie Woerner,10.0,8.085832486049458,0.77,2.2921892681306884,1.5410380495006775,7.7,18.534258448425053,12.46057552289087,13.09,38.967217558221705,26.197646841511517,SEASON
TE,2023,00-0036438,Stephen Sullivan,10.0,9.393723167194047,3.05,3.253844214587509,2.239101261567362,30.5,30.565711781011,21.033497394478744,51.849999999999994,55.315351647987654,38.06472144664515,PPG
TE,2023,00-0036438,Stephen Sullivan,10.0,9.393723167194047,3.05,3.253844214587509,2.239101261567362,30.5,30.565711781011,21.033497394478744,51.849999999999994,55.315351647987654,38.06472144664515,SEASON
TE,2023,00-0036510,Kenny Yeboah,3.0,7.213905365286398,1.9333333333333336,0.8418406117095302,1.6463142458479592,5.800000000000001,6.072958505527363,11.876355171070022,32.866666666666674,14.311290399062013,27.987342179415307,PPG
TE,2023,00-0036510,Kenny Yeboah,3.0,7.213905365286398,1.9333333333333336,0.8418406117095302,1.6463142458479592,5.800000000000001,6.072958505527363,11.876355171070022,32.866666666666674,14.311290399062013,27.987342179415307,SEASON
TE,2023,00-0036556,Brevin Jordan,10.0,9.829686727575575,5.9399999999999995,4.782892217048354,4.631332154215032,59.39999999999999,47.014332145344724,45.5245442072815,100.97999999999999,81.30916768982202,78.73264662165555,PPG
TE,2023,00-0036556,Brevin Jordan,10.0,9.829686727575575,5.9399999999999995,4.782892217048354,4.631332154215032,59.39999999999999,47.014332145344724,45.5245442072815,100.97999999999999,81.30916768982202,78.73264662165555,SEASON
TE,2023,00-0036590,Quintin Morris,2.0,9.829686727575575,5.8,2.7419385750539247,2.890938502664644,11.6,26.95239721903505,28.41701982987986,98.6,46.61295577591672,49.14595454529895,PPG
TE,2023,00-0036590,Quintin Morris,2.0,9.829686727575575,5.8,2.7419385750539247,2.890938502664644,11.6,26.95239721903505,28.41701982987986,98.6,46.61295577591672,49.14595454529895,SEASON
TE,2023,00-0036628,John Bates,15.0,9.829686727575575,2.9066666666666663,4.567782614093054,4.2538551839591605,43.599999999999994,44.89987213620096,41.81406384279192,49.41333333333333,77.65230443958191,72.31553812730573,PPG
TE,2023,00-0036628,John Bates,15.0,9.829686727575575,2.9066666666666663,4.567782614093054,4.2538551839591605,43.599999999999994,44.89987213620096,41.81406384279192,49.41333333333333,77.65230443958191,72.31553812730573,SEASON
TE,2023,00-0036637,Noah Gray,16.0,13.317395210627813,5.2875,9.06590788590688,4.916707303048259,84.6,120.7342782597692,65.47773428967368,89.88749999999999,154.12043406041695,83.5840241518204,PPG
TE,2023,00-0036637,Noah Gray,16.0,13.317395210627813,5.2875,9.06590788590688,4.916707303048259,84.6,120.7342782597692,65.47773428967368,89.88749999999999,154.12043406041695,83.5840241518204,SEASON
TE,2023,00-0036741,Jack Stoll,6.0,9.829686727575575,1.8833333333333333,3.55279274775125,3.941886448407574,11.3,34.92283971839722,38.747508903521954,32.016666666666666,60.39747671177125,67.01206962292876,PPG
TE,2023,00-0036741,Jack Stoll,6.0,9.829686727575575,1.8833333333333333,3.55279274775125,3.941886448407574,11.3,34.92283971839722,38.747508903521954,32.016666666666666,60.39747671177125,67.01206962292876,SEASON
TE,2023,00-0036754,Brock Wright,9.0,12.009504529483223,3.844444444444444,5.057210767340188,4.617328218191077,34.599999999999994,60.734595616923315,55.45182415047644,65.35555555555555,85.9725830447832,78.49457970924831,PPG
TE,2023,00-0036754,Brock Wright,9.0,12.009504529483223,3.844444444444444,5.057210767340188,4.617328218191077,34.599999999999994,60.734595616923315,55.45182415047644,65.35555555555555,85.9725830447832,78.49457970924831,SEASON
TE,2023,00-0036876,Kylen Granson,15.0,11.573540969101694,5.866666666666667,6.321027622516004,6.035365122409572,88.0,73.15667215601245,69.85054550769465,99.73333333333335,107.45746958277206,102.60120708096272,PPG
TE,2023,00-0036876,Kylen Granson,15.0,11.573540969101694,5.866666666666667,6.321027622516004,6.035365122409572,88.0,73.15667215601245,69.85054550769465,99.73333333333335,107.45746958277206,102.60120708096272,SEASON
TE,2023,00-0036887,Luke Farrell,10.0,7.649868925667928,3.5,2.262282611045953,3.4012694071560627,35.0,17.306165447319337,26.01926514562814,59.5,38.4588043877812,57.82157992165307,PPG
TE,2023,00-0036887,Luke Farrell,10.0,7.649868925667928,3.5,2.262282611045953,3.4012694071560627,35.0,17.306165447319337,26.01926514562814,59.5,38.4588043877812,57.82157992165307,SEASON
TE,2023,00-0036894,Pat Freiermuth,11.0,12.445468089864754,8.436363636363636,10.757903577826543,11.154158983359848,92.8,133.8871456916821,138.81872969668328,143.4181818181818,182.88436082305122,189.6207027171174,PPG
TE,2023,00-0036894,Pat Freiermuth,11.0,12.445468089864754,8.436363636363636,10.757903577826543,11.154158983359848,92.8,133.8871456916821,138.81872969668328,143.4181818181818,182.88436082305122,189.6207027171174,SEASON
TE,2023,00-0036970,Kyle Pitts,17.0,10.265650287957106,9.658823529411766,10.923051958045196,12.284723258937916,164.20000000000002,112.1322314784771,126.11067286058937,164.20000000000002,185.69188328676833,208.84029540194456,PPG
TE,2023,00-0036970,Kyle Pitts,17.0,10.265650287957106,9.658823529411766,10.923051958045196,12.284723258937916,164.20000000000002,112.1322314784771,126.11067286058937,164.20000000000002,185.69188328676833,208.84029540194456,SEASON
TE,2023,00-0037005,Tommy Tremble,15.0,12.445468089864754,4.793333333333334,5.3709577140289575,4.888018135028518,71.9,66.84408284196033,60.83367372217764,81.48666666666668,91.30628113849228,83.0963082954848,PPG
TE,2023,00-0037005,Tommy Tremble,15.0,12.445468089864754,4.793333333333334,5.3709577140289575,4.888018135028518,71.9,66.84408284196033,60.83367372217764,81.48666666666668,91.30628113849228,83.0963082954848,SEASON
TE,2023,00-0037011,Tre' McKitty,1.0,11.573540969101694,0.0,3.1798350800163973,2.63617959789354,0.0,36.801951573556536,30.509932578130915,0.0,54.05719636027875,44.815053164190175,PPG
TE,2023,00-0037011,Tre' McKitty,1.0,11.573540969101694,0.0,3.1798350800163973,2.63617959789354,0.0,36.801951573556536,30.509932578130915,0.0,54.05719636027875,44.815053164190175,SEASON
TE,2023,00-0037078,Cole Turner,8.0,8.957759606812516,3.5625,2.670869479855038,2.2878493876930945,28.5,23.925006741713815,20.49400483154795,60.5625,45.404781157535645,38.893439590782606,PPG
TE,2023,00-0037078,Cole Turner,8.0,8.957759606812516,3.5625,2.670869479855038,2.2878493876930945,28.5,23.925006741713815,20.49400483154795,60.5625,45.404781157535645,38.893439590782606,SEASON
TE,2023,00-0037086,Grant Calcaterra,3.0,8.521796046430987,3.3,3.9549890576109212,3.538442416314772,9.899999999999999,33.70361011482657,30.15388459387493,56.099999999999994,67.23481397938566,60.15352107735112,PPG
TE,2023,00-0037086,Grant Calcaterra,3.0,8.521796046430987,3.3,3.9549890576109212,3.538442416314772,9.899999999999999,33.70361011482657,30.15388459387493,56.099999999999994,67.23481397938566,60.15352107735112,SEASON
TE,2023,00-0037252,Greg Dulcich,2.0,10.265650287957106,3.5,10.068278857431777,9.526513391899597,7.0,103.35742975202696,97.79585494478133,59.5,171.1607405763402,161.95072766229313,PPG
TE,2023,00-0037252,Greg Dulcich,2.0,10.265650287957106,3.5,10.068278857431777,9.526513391899597,7.0,103.35742975202696,97.79585494478133,59.5,171.1607405763402,161.95072766229313,SEASON
TE,2023,00-0037277,Teagan Quitoriano,3.0,8.957759606812516,2.1,4.538599588723004,4.3471272668575525,6.300000000000001,40.65568406735883,38.940521036729876,35.7,77.15619300829107,73.9011635365784,PPG
TE,2023,00-0037277,Teagan Quitoriano,3.0,8.957759606812516,2.1,4.538599588723004,4.3471272668575525,6.300000000000001,40.65568406735883,38.940521036729876,35.7,77.15619300829107,73.9011635365784,SEASON
TE,2023,00-0037282,James Mitchell,2.0,9.393723167194047,2.9000000000000004,3.296240278902171,4.045556406220918,5.800000000000001,30.963968672561492,38.00283693730773,49.300000000000004,56.03608474133691,68.77445890575561,PPG
TE,2023,00-0037282,James Mitchell,2.0,9.393723167194047,2.9000000000000004,3.296240278902171,4.045556406220918,5.800000000000001,30.963968672561492,38.00283693730773,49.300000000000004,56.03608474133691,68.77445890575561,SEASON
TE,2023,00-0037311,Ko Kieft,10.0,11.573540969101694,0.7700000000000001,2.900383805423338,2.417318648375063,7.700000000000001,33.56771079818608,27.976936412342322,13.090000000000002,49.306524692196746,41.09441702237607,PPG
TE,2023,00-0037311,Ko Kieft,10.0,11.573540969101694,0.7700000000000001,2.900383805423338,2.417318648375063,7.700000000000001,33.56771079818608,27.976936412342322,13.090000000000002,49.306524692196746,41.09441702237607,SEASON
TE,2023,00-0037475,Stone Smartt,12.0,7.213905365286398,3.166666666666667,2.079656319819586,3.4180489185015084,38.0,15.002443883498277,24.657481431989403,53.833333333333336,35.35415743693296,58.106831614525646,PPG
TE,2023,00-0037475,Stone Smartt,12.0,7.213905365286398,3.166666666666667,2.079656319819586,3.4180489185015084,38.0,15.002443883498277,24.657481431989403,53.833333333333336,35.35415743693296,58.106831614525646,SEASON
TE,2023,00-0037569,Peyton Hendershot,8.0,11.137577408720166,1.225,7.315716084882948,3.3508329439381,9.8,81.47935419560305,37.32016129680027,20.825000000000003,124.36717344301012,56.964160046947704,PPG
TE,2023,00-0037569,Peyton Hendershot,8.0,11.137577408720166,1.225,7.315716084882948,3.3508329439381,9.8,81.47935419560305,37.32016129680027,20.825000000000003,124.36717344301012,56.964160046947704,SEASON
TE,2023,00-0037744,Trey McBride,17.0,11.137577408720166,13.058823529411764,6.697909378437802,7.1640219670259935,222.0,74.59848417894379,79.7898492155237,222.0,113.86445943344263,121.78837343944188,PPG
TE,2023,00-0037744,Trey McBride,17.0,11.137577408720166,13.058823529411764,6.697909378437802,7.1640219670259935,222.0,74.59848417894379,79.7898492155237,222.0,113.86445943344263,121.78837343944188,SEASON
TE,2023,00-0037809,Chig Okonkwo,17.0,12.881431650246283,8.258823529411764,7.940435198790711,7.065353777729893,140.39999999999998,102.28417328643229,91.01187177263698,140.39999999999998,134.98739837944208,120.11101422140818,PPG
TE,2023,00-0037809,Chig Okonkwo,17.0,12.881431650246283,8.258823529411764,7.940435198790711,7.065353777729893,140.39999999999998,102.28417328643229,91.01187177263698,140.39999999999998,134.98739837944208,120.11101422140818,SEASON
TE,2023,00-0037838,Isaiah Likely,14.0,12.009504529483223,8.292857142857144,8.75803284879212,7.783717465477253,116.10000000000002,105.17963516693182,93.47859015786675,140.97857142857146,148.88655842946602,132.32319691311332,PPG
TE,2023,00-0037838,Isaiah Likely,14.0,12.009504529483223,8.292857142857144,8.75803284879212,7.783717465477253,116.10000000000002,105.17963516693182,93.47859015786675,140.97857142857146,148.88655842946602,132.32319691311332,SEASON
TE,2023,00-0038041,Jake Ferguson,17.0,10.701613848338635,12.505882352941178,4.160231070938357,4.729864194884977,212.60000000000002,44.52118644104259,50.61718016874214,212.60000000000002,70.72392820595206,80.40769131304461,PPG
TE,2023,00-0038041,Jake Ferguson,17.0,10.701613848338635,12.505882352941178,4.160231070938357,4.729864194884977,212.60000000000002,44.52118644104259,50.61718016874214,212.60000000000002,70.72392820595206,80.40769131304461,SEASON
TE,2023,00-0038115,Daniel Bellinger,14.0,10.701613848338635,4.5,10.155148836731314,7.4447167056965435,63.0,108.67648142310381,79.67048339464012,76.5,172.63753022443234,126.56018399684125,PPG
TE,2023,00-0038115,Daniel Bellinger,14.0,10.701613848338635,4.5,10.155148836731314,7.4447167056965435,63.0,108.67648142310381,79.67048339464012,76.5,172.63753022443234,126.56018399684125,SEASON
TE,2023,00-0038129,Cade Otton,17.0,12.881431650246283,8.352941176470587,6.822511075324265,6.719928071569977,141.99999999999997,87.88371009983778,86.56229414849997,141.99999999999997,115.98268828051249,114.23877721668961,PPG
TE,2023,00-0038129,Cade Otton,17.0,12.881431650246283,8.352941176470587,6.822511075324265,6.719928071569977,141.99999999999997,87.88371009983778,86.56229414849997,141.99999999999997,115.98268828051249,114.23877721668961,SEASON
TE,2024,00-0024243,Marcedes Lewis,5.0,8.042560500153659,0.3400000000000001,1.707982443612094,2.5356416532707575,1.7000000000000004,13.736552135950552,20.393051403139715,5.780000000000001,29.0357015414056,43.10590810560288,PPG
TE,2024,00-0024243,Marcedes Lewis,5.0,8.042560500153659,0.3400000000000001,1.707982443612094,2.5356416532707575,1.7000000000000004,13.736552135950552,20.393051403139715,5.780000000000001,29.0357015414056,43.10590810560288,SEASON
TE,2024,00-0030061,Zach Ertz,17.0,8.549219721977895,12.376470588235295,7.859934863522128,8.458141946102435,210.4,67.19631014868501,72.31051393690743,210.4,133.61889267987618,143.7884130837414,PPG
TE,2024,00-0030061,Zach Ertz,17.0,8.549219721977895,12.376470588235295,7.859934863522128,8.458141946102435,210.4,67.19631014868501,72.31051393690743,210.4,133.61889267987618,143.7884130837414,SEASON
TE,2024,00-0030506,Travis Kelce,16.0,12.602493496571796,15.24375,13.503132848598101,13.537116833555492,243.9,170.17314390780257,170.60142685721567,259.14375,229.55325842616773,230.13098617044338,PPG
TE,2024,00-0030506,Travis Kelce,16.0,12.602493496571796,15.24375,13.503132848598101,13.537116833555492,243.9,170.17314390780257,170.60142685721567,259.14375,229.55325842616773,230.13098617044338,SEASON
TE,2024,00-0031484,Chris Manhertz,8.0,8.549219721977895,1.6875,1.8399973326635362,1.8481928796066092,13.5,15.730541484793825,15.800607016351941,28.6875,31.279954655280115,31.419278953312357,PPG
TE,2024,00-0031484,Chris Manhertz,8.0,8.549219721977895,1.6875,1.8399973326635362,1.8481928796066092,13.5,15.730541484793825,15.800607016351941,28.6875,31.279954655280115,31.419278953312357,SEASON
TE,2024,00-0031585,MyCole Pruitt,7.0,10.069197387450608,2.7142857142857144,3.1551496054851307,3.0242034879394875,19.0,31.769824164566693,30.4513018598793,46.142857142857146,53.63754329324722,51.41145929497129,PPG
TE,2024,00-0031585,MyCole Pruitt,7.0,10.069197387450608,2.7142857142857144,3.1551496054851307,3.0242034879394875,19.0,31.769824164566693,30.4513018598793,46.142857142857146,53.63754329324722,51.41145929497129,SEASON
TE,2024,00-0032134,C.J. Uzomah,2.0,9.055878943802133,0.0,2.8314550328782477,3.1788137216596404,0.0,25.6413140125647,28.786952248246834,0.0,48.13473555893021,54.03983326821388,PPG
TE,2024,00-0032134,C.J. Uzomah,2.0,9.055878943802133,0.0,2.8314550328782477,3.1788137216596404,0.0,25.6413140125647,28.786952248246834,0.0,48.13473555893021,54.03983326821388,SEASON
TE,2024,00-0032141,Geoff Swaim,3.0,9.055878943802133,0.7333333333333334,2.907329094646199,3.6129127247177304,2.2,26.328420330909836,32.71810026956609,12.466666666666669,49.42459460898539,61.41951632020142,PPG
TE,2024,00-0032141,Geoff Swaim,3.0,9.055878943802133,0.7333333333333334,2.907329094646199,3.6129127247177304,2.2,26.328420330909836,32.71810026956609,12.466666666666669,49.42459460898539,61.41951632020142,SEASON
TE,2024,00-0032392,Austin Hooper,17.0,13.109152718396032,7.711764705882352,5.179724729171783,4.253932486118614,131.1,67.90180251396542,55.76545061427502,131.1,88.0553203959203,72.31685226401643,PPG
TE,2024,00-0032392,Austin Hooper,17.0,13.109152718396032,7.711764705882352,5.179724729171783,4.253932486118614,131.1,67.90180251396542,55.76545061427502,131.1,88.0553203959203,72.31685226401643,SEASON
TE,2024,00-0033090,Hunter Henry,16.0,11.58917505292332,11.15,9.245656563132394,9.015081901462262,178.4,107.14953238935071,104.47736227248697,189.55,157.1761615732507,153.25639232485844,PPG
TE,2024,00-0033090,Hunter Henry,16.0,11.58917505292332,11.15,9.245656563132394,9.015081901462262,178.4,107.14953238935071,104.47736227248697,189.55,157.1761615732507,153.25639232485844,SEASON
TE,2024,00-0033110,Tyler Higbee,3.0,12.602493496571796,10.2,8.441851499499338,7.881027549799043,30.599999999999998,106.38837862146526,99.3205984426456,173.39999999999998,143.51147549148874,133.97746834658375,PPG
TE,2024,00-0033110,Tyler Higbee,3.0,12.602493496571796,10.2,8.441851499499338,7.881027549799043,30.599999999999998,106.38837862146526,99.3205984426456,173.39999999999998,143.51147549148874,133.97746834658375,SEASON
TE,2024,00-0033217,Mo Alie-Cox,12.0,12.095834274747558,3.225,5.043160942217175,4.123891710060152,38.7,61.00123897793869,49.88191069189291,54.825,85.73373601769197,70.10615907102259,PPG
TE,2024,00-0033217,Mo Alie-Cox,12.0,12.095834274747558,3.225,5.043160942217175,4.123891710060152,38.7,61.00123897793869,49.88191069189291,54.825,85.73373601769197,70.10615907102259,SEASON
TE,2024,00-0033246,Johnny Mundt,14.0,10.069197387450608,3.907142857142857,5.33690974498026,5.112820938724877,54.699999999999996,53.738397661214925,51.48200323871129,66.42142857142856,90.72746566466442,86.9179559583229,PPG
TE,2024,00-0033246,Johnny Mundt,14.0,10.069197387450608,3.907142857142857,5.33690974498026,5.112820938724877,54.699999999999996,53.738397661214925,51.48200323871129,66.42142857142856,90.72746566466442,86.9179559583229,SEASON
TE,2024,00-0033288,George Kittle,15.0,13.109152718396032,18.373333333333335,12.2411614826343,12.193728063181421,275.6,160.47125532640024,159.84944338683673,312.3466666666667,208.09974520478312,207.29337707408416,PPG
TE,2024,00-0033288,George Kittle,15.0,13.109152718396032,18.373333333333335,12.2411614826343,12.193728063181421,275.6,160.47125532640024,159.84944338683673,312.3466666666667,208.09974520478312,207.29337707408416,SEASON
TE,2024,00-0033357,Taysom Hill,8.0,13.109152718396032,14.375,8.721492087507034,8.847141415520042,115.0,114.33137170741232,115.97852793729868,244.375,148.2653654876196,150.40140406384072,PPG
TE,2024,00-0033357,Taysom Hill,8.0,13.109152718396032,14.375,8.721492087507034,8.847141415520042,115.0,114.33137170741232,115.97852793729868,244.375,148.2653654876196,150.40140406384072,SEASON
TE,2024,00-0033439,Pharaoh Brown,10.0,10.575856609274846,1.65,4.253409150600273,3.9166335801964,16.5,44.983445277326005,41.4217551352279,28.049999999999997,72.30795556020465,66.5827708633388,PPG
TE,2024,00-0033439,Pharaoh Brown,10.0,10.575856609274846,1.65,4.253409150600273,3.9166335801964,16.5,44.983445277326005,41.4217551352279,28.049999999999997,72.30795556020465,66.5827708633388,SEASON
TE,2024,00-0033576,Eric Saubert,12.0,6.5225828346809465,2.6833333333333336,1.2071045528722981,2.608775906662952,32.2,7.873439436230071,17.01595694832899,45.616666666666674,20.52077739882907,44.34919041327018,PPG
TE,2024,00-0033576,Eric Saubert,12.0,6.5225828346809465,2.6833333333333336,1.2071045528722981,2.608775906662952,32.2,7.873439436230071,17.01595694832899,45.616666666666674,20.52077739882907,44.34919041327018,SEASON
TE,2024,00-0033858,Jonnu Smith,17.0,13.61581194022027,15.670588235294119,8.541227773747568,8.24801428547037,266.40000000000003,116.29575110593314,112.30341139121484,266.40000000000003,145.20087215370867,140.2162428529963,PPG
TE,2024,00-0033858,Jonnu Smith,17.0,13.61581194022027,15.670588235294119,8.541227773747568,8.24801428547037,266.40000000000003,116.29575110593314,112.30341139121484,266.40000000000003,145.20087215370867,140.2162428529963,SEASON
TE,2024,00-0033881,Evan Engram,9.0,13.61581194022027,12.555555555555557,14.413059478827488,14.28247295928716,113.00000000000001,196.24550734692426,194.46746585493526,213.44444444444446,245.0220111400673,242.80204030788173,PPG
TE,2024,00-0033881,Evan Engram,9.0,13.61581194022027,12.555555555555557,14.413059478827488,14.28247295928716,113.00000000000001,196.24550734692426,194.46746585493526,213.44444444444446,245.0220111400673,242.80204030788173,SEASON
TE,2024,00-0033885,David Njoku,11.0,13.109152718396032,16.409090909090907,13.269683480137841,12.631390133523157,180.49999999999997,173.9543072659039,165.58682230599592,278.9545454545454,225.5846191623433,214.73363226989366,PPG
TE,2024,00-0033885,David Njoku,11.0,13.109152718396032,16.409090909090907,13.269683480137841,12.631390133523157,180.49999999999997,173.9543072659039,165.58682230599592,278.9545454545454,225.5846191623433,214.73363226989366,SEASON
TE,2024,00-0033895,Gerald Everett,10.0,12.602493496571796,1.5600000000000003,9.007606246311104,9.938900291905483,15.600000000000003,113.51829913881518,125.25492629181437,26.520000000000003,153.12930618728876,168.96130496239323,PPG
TE,2024,00-0033895,Gerald Everett,10.0,12.602493496571796,1.5600000000000003,9.007606246311104,9.938900291905483,15.600000000000003,113.51829913881518,125.25492629181437,26.520000000000003,153.12930618728876,168.96130496239323,SEASON
TE,2024,00-0034159,Will Dissly,15.0,11.58917505292332,9.006666666666668,4.1444996274046515,3.663395233642134,135.10000000000002,48.031331688767985,42.455728650723614,153.11333333333334,70.45649366587908,62.27771897191628,PPG
TE,2024,00-0034159,Will Dissly,15.0,11.58917505292332,9.006666666666668,4.1444996274046515,3.663395233642134,135.10000000000002,48.031331688767985,42.455728650723614,153.11333333333334,70.45649366587908,62.27771897191628,SEASON
TE,2024,00-0034270,Tyler Conklin,16.0,13.61581194022027,9.2125,9.218371065036365,8.72449852987749,147.4,125.51560681670318,118.79113125554012,156.6125,156.7123081056182,148.31647500791732,PPG
TE,2024,00-0034270,Tyler Conklin,16.0,13.61581194022027,9.2125,9.218371065036365,8.72449852987749,147.4,125.51560681670318,118.79113125554012,156.6125,156.7123081056182,148.31647500791732,SEASON
TE,2024,00-0034351,Dallas Goedert,10.0,12.095834274747558,12.46,11.159345281145917,11.415829737072478,124.60000000000001,134.9815911354272,138.0839846083637,211.82000000000002,189.7088697794806,194.06910553023212,PPG
TE,2024,00-0034351,Dallas Goedert,10.0,12.095834274747558,12.46,11.159345281145917,11.415829737072478,124.60000000000001,134.9815911354272,138.0839846083637,211.82000000000002,189.7088697794806,194.06910553023212,SEASON
TE,2024,00-0034364,Jordan Akins,16.0,11.58917505292332,6.9375,4.276791996888486,3.0117989065048674,111.0,49.564491116882145,34.90426475168795,117.9375,72.70546394710426,51.20058141058274,PPG
TE,2024,00-0034364,Jordan Akins,16.0,11.58917505292332,6.9375,4.276791996888486,3.0117989065048674,111.0,49.564491116882145,34.90426475168795,117.9375,72.70546394710426,51.20058141058274,SEASON
TE,2024,00-0034365,Ian Thomas,3.0,9.055878943802133,1.7333333333333334,2.9473127542790873,2.526058826315241,5.2,26.690507512275456,22.875682936033723,29.46666666666667,50.10431682274449,42.9430000473591,PPG
TE,2024,00-0034365,Ian Thomas,3.0,9.055878943802133,1.7333333333333334,2.9473127542790873,2.526058826315241,5.2,26.690507512275456,22.875682936033723,29.46666666666667,50.10431682274449,42.9430000473591,SEASON
TE,2024,00-0034383,Dalton Schultz,17.0,12.602493496571796,8.511764705882353,10.614549278468495,9.584315118835079,144.7,133.76978825094005,120.78626895421382,144.7,180.44733773396442,162.93335702019635,PPG
TE,2024,00-0034383,Dalton Schultz,17.0,12.602493496571796,8.511764705882353,10.614549278468495,9.584315118835079,144.7,133.76978825094005,120.78626895421382,144.7,180.44733773396442,162.93335702019635,SEASON
TE,2024,00-0034613,Tanner Hudson,9.0,11.082515831099084,5.333333333333334,7.301811683056036,7.621758370225083,48.00000000000001,80.92244357317276,84.46825779883143,90.66666666666667,124.1307986119526,129.56989229382643,PPG
TE,2024,00-0034613,Tanner Hudson,9.0,11.082515831099084,5.333333333333334,7.301811683056036,7.621758370225083,48.00000000000001,80.92244357317276,84.46825779883143,90.66666666666667,124.1307986119526,129.56989229382643,SEASON
TE,2024,00-0034753,Mark Andrews,17.0,10.069197387450608,12.723529411764707,11.650629669671687,12.919713461589714,216.3,117.31248983201269,130.0911450340496,216.3,198.06070438441867,219.63512884702513,PPG
TE,2024,00-0034753,Mark Andrews,17.0,10.069197387450608,12.723529411764707,11.650629669671687,12.919713461589714,216.3,117.31248983201269,130.0911450340496,216.3,198.06070438441867,219.63512884702513,SEASON
TE,2024,00-0034798,Durham Smythe,14.0,11.58917505292332,1.342857142857143,6.916365677323055,6.836229433954893,18.8,80.15497256452745,79.22625961205016,22.82857142857143,117.57821651449194,116.21590037723318,PPG
TE,2024,00-0034798,Durham Smythe,14.0,11.58917505292332,1.342857142857143,6.916365677323055,6.836229433954893,18.8,80.15497256452745,79.22625961205016,22.82857142857143,117.57821651449194,116.21590037723318,SEASON
TE,2024,00-0034829,Mike Gesicki,16.0,12.602493496571796,10.875,6.058612592119936,5.566123735786348,174.0,76.3536257904395,70.14703818136135,184.875,102.99641406603892,94.62410350836791,PPG
TE,2024,00-0034829,Mike Gesicki,16.0,12.602493496571796,10.875,6.058612592119936,5.566123735786348,174.0,76.3536257904395,70.14703818136135,184.875,102.99641406603892,94.62410350836791,SEASON
TE,2024,00-0034830,Hayden Hurst,7.0,9.562538165626371,2.757142857142857,5.456734906616668,5.372832461866744,19.3,52.18023580422754,51.37791547411703,46.871428571428574,92.76449341248336,91.33815185173465,PPG
TE,2024,00-0034830,Hayden Hurst,7.0,9.562538165626371,2.757142857142857,5.456734906616668,5.372832461866744,19.3,52.18023580422754,51.37791547411703,46.871428571428574,92.76449341248336,91.33815185173465,SEASON
TE,2024,00-0034981,Foster Moreau,16.0,11.58917505292332,7.456250000000001,4.541697051474066,4.737551869055063,119.30000000000001,52.63452216687865,54.90431793278319,126.75625000000001,77.20884987505912,80.53838177393608,PPG
TE,2024,00-0034981,Foster Moreau,16.0,11.58917505292332,7.456250000000001,4.541697051474066,4.737551869055063,119.30000000000001,52.63452216687865,54.90431793278319,126.75625000000001,77.20884987505912,80.53838177393608,SEASON
TE,2024,00-0035229,T.J. Hockenson,10.0,12.602493496571796,10.7,13.581099046333103,14.053242705854244,107.0,171.15571240771035,177.10589980627313,181.89999999999998,230.87868378766274,238.90512599952214,PPG
TE,2024,00-0035229,T.J. Hockenson,10.0,12.602493496571796,10.7,13.581099046333103,14.053242705854244,107.0,171.15571240771035,177.10589980627313,181.89999999999998,230.87868378766274,238.90512599952214,SEASON
TE,2024,00-0035249,Josh Oliver,12.0,11.58917505292332,6.4,4.741800403013767,4.412285798654663,76.80000000000001,54.95355493654889,51.134752504136465,108.80000000000001,80.61060685123404,75.00885857712927,PPG
TE,2024,00-0035249,Josh Oliver,12.0,11.58917505292332,6.4,4.741800403013767,4.412285798654663,76.80000000000001,54.95355493654889,51.134752504136465,108.80000000000001,80.61060685123404,75.00885857712927,SEASON
TE,2024,00-0035631,Drew Sample,11.0,12.095834274747558,4.263636363636364,4.443349750329454,4.461441139843216,46.9,53.74602220472602,53.96485265408438,72.48181818181818,75.53694575560073,75.84449937733467,PPG
TE,2024,00-0035631,Drew Sample,11.0,12.095834274747558,4.263636363636364,4.443349750329454,4.461441139843216,46.9,53.74602220472602,53.96485265408438,72.48181818181818,75.53694575560073,75.84449937733467,SEASON
TE,2024,00-0035644,Noah Fant,14.0,12.602493496571796,9.142857142857142,6.848120018346972,6.0186346717732695,128.0,86.30338799496084,75.84980430926416,155.42857142857142,116.41804031189852,102.31678942014558,PPG
TE,2024,00-0035644,Noah Fant,14.0,12.602493496571796,9.142857142857142,6.848120018346972,6.0186346717732695,128.0,86.30338799496084,75.84980430926416,155.42857142857142,116.41804031189852,102.31678942014558,SEASON
TE,2024,00-0035689,Dawson Knox,14.0,10.069197387450608,5.007142857142857,5.512797748792762,6.165940532898784,70.1,55.509448689687666,62.08607230504024,85.12142857142857,93.71756172947696,104.82098905927933,PPG
TE,2024,00-0035689,Dawson Knox,14.0,10.069197387450608,5.007142857142857,5.512797748792762,6.165940532898784,70.1,55.509448689687666,62.08607230504024,85.12142857142857,93.71756172947696,104.82098905927933,SEASON
TE,2024,00-0036040,Juwan Johnson,15.0,11.58917505292332,9.853333333333333,8.538606480340798,8.715781189844224,147.8,98.95540520869497,101.00871393208101,167.50666666666666,145.15631016579357,148.1682802273518,PPG
TE,2024,00-0036040,Juwan Johnson,15.0,11.58917505292332,9.853333333333333,8.538606480340798,8.715781189844224,147.8,98.95540520869497,101.00871393208101,167.50666666666666,145.15631016579357,148.1682802273518,SEASON
TE,2024,00-0036232,Harrison Bryant,6.0,12.095834274747558,3.6833333333333336,3.785852371429376,3.243168049086142,22.1,45.793042873469766,39.22882324690233,62.616666666666674,64.35949031429939,55.13385683446442,PPG
TE,2024,00-0036232,Harrison Bryant,6.0,12.095834274747558,3.6833333333333336,3.785852371429376,3.243168049086142,22.1,45.793042873469766,39.22882324690233,62.616666666666674,64.35949031429939,55.13385683446442,SEASON
TE,2024,00-0036244,Colby Parkinson,16.0,12.602493496571796,5.025,5.427902739371434,4.822505459190183,80.4,68.40510897295273,60.775593686626266,85.42500000000001,92.27434656931437,81.98259280623311,PPG
TE,2024,00-0036244,Colby Parkinson,16.0,12.602493496571796,5.025,5.427902739371434,4.822505459190183,80.4,68.40510897295273,60.775593686626266,85.42500000000001,92.27434656931437,81.98259280623311,SEASON
TE,2024,00-0036290,Cole Kmet,16.0,13.109152718396032,8.99375,11.606070273178911,11.206002267738562,143.9,152.14574767153871,146.90119509047707,152.89375,197.3031946440415,190.50203855155556,PPG
TE,2024,00-0036290,Cole Kmet,16.0,13.109152718396032,8.99375,11.606070273178911,11.206002267738562,143.9,152.14574767153871,146.90119509047707,152.89375,197.3031946440415,190.50203855155556,SEASON
TE,2024,00-0036332,Josiah Deguara,7.0,9.562538165626371,0.8428571428571427,1.7942336168844935,2.387902670205582,5.8999999999999995,17.157427439507813,22.834410419642,14.328571428571427,30.50197148703639,40.5943453934949,PPG
TE,2024,00-0036332,Josiah Deguara,7.0,9.562538165626371,0.8428571428571427,1.7942336168844935,2.387902670205582,5.8999999999999995,17.157427439507813,22.834410419642,14.328571428571427,30.50197148703639,40.5943453934949,SEASON
TE,2024,00-0036422,Adam Trautman,13.0,13.109152718396032,3.8692307692307697,4.73707110538534,4.364882246465704,50.300000000000004,62.09898855839752,57.21990796673447,65.77692307692308,80.53020879155078,74.20299818991697,PPG
TE,2024,00-0036422,Adam Trautman,13.0,13.109152718396032,3.8692307692307697,4.73707110538534,4.364882246465704,50.300000000000004,62.09898855839752,57.21990796673447,65.77692307692308,80.53020879155078,74.20299818991697,SEASON
TE,2024,00-0036429,Charlie Woerner,12.0,10.069197387450608,1.2583333333333333,1.494314247269948,1.6960809025613077,15.1,15.046545114640782,17.078173392975188,21.391666666666666,25.403342203589116,28.83337534354223,PPG
TE,2024,00-0036429,Charlie Woerner,12.0,10.069197387450608,1.2583333333333333,1.494314247269948,1.6960809025613077,15.1,15.046545114640782,17.078173392975188,21.391666666666666,25.403342203589116,28.83337534354223,SEASON
TE,2024,00-0036438,Stephen Sullivan,1.0,10.069197387450608,0.0,4.518742252665736,4.294217300231252,0.0,45.5001076851045,43.239321620633724,0.0,76.8186182953175,73.00169410393129,PPG
TE,2024,00-0036438,Stephen Sullivan,1.0,10.069197387450608,0.0,4.518742252665736,4.294217300231252,0.0,45.5001076851045,43.239321620633724,0.0,76.8186182953175,73.00169410393129,SEASON
TE,2024,00-0036510,Kenny Yeboah,7.0,6.5225828346809465,2.5999999999999996,2.3981047510398,2.1226865349260335,18.199999999999996,15.641836884899025,13.845398756116923,44.199999999999996,40.767780767676605,36.08567109374257,PPG
TE,2024,00-0036510,Kenny Yeboah,7.0,6.5225828346809465,2.5999999999999996,2.3981047510398,2.1226865349260335,18.199999999999996,15.641836884899025,13.845398756116923,44.199999999999996,40.767780767676605,36.08567109374257,SEASON
TE,2024,00-0036556,Brevin Jordan,2.0,10.069197387450608,1.85,4.9780016909476466,5.674129667772908,3.7,50.12448162121475,57.13393162679495,31.450000000000003,84.62602874611,96.46020435213943,PPG
TE,2024,00-0036556,Brevin Jordan,2.0,10.069197387450608,1.85,4.9780016909476466,5.674129667772908,3.7,50.12448162121475,57.13393162679495,31.450000000000003,84.62602874611,96.46020435213943,SEASON
TE,2024,00-0036628,John Bates,13.0,12.602493496571796,1.4153846153846155,4.1105180756989395,3.67891823210504,18.400000000000002,51.8027773165367,46.36354309452317,24.06153846153846,69.87880728688197,62.54160994578568,PPG
TE,2024,00-0036628,John Bates,13.0,12.602493496571796,1.4153846153846155,4.1105180756989395,3.67891823210504,18.400000000000002,51.8027773165367,46.36354309452317,24.06153846153846,69.87880728688197,62.54160994578568,SEASON
TE,2024,00-0036637,Noah Gray,16.0,13.109152718396032,8.35625,6.318993489993917,4.961820204458056,133.7,82.83665068688059,65.04525882146369,142.05624999999998,107.42288932989659,84.35094347578695,PPG
TE,2024,00-0036637,Noah Gray,16.0,13.109152718396032,8.35625,6.318993489993917,4.961820204458056,133.7,82.83665068688059,65.04525882146369,142.05624999999998,107.42288932989659,84.35094347578695,SEASON
TE,2024,00-0036741,Jack Stoll,5.0,8.042560500153659,0.8,2.619605192258846,3.0558365792497835,4.0,21.068333245258426,24.576750567198985,13.600000000000001,44.53328826840038,51.94922184724632,PPG
TE,2024,00-0036741,Jack Stoll,5.0,8.042560500153659,0.8,2.619605192258846,3.0558365792497835,4.0,21.068333245258426,24.576750567198985,13.600000000000001,44.53328826840038,51.94922184724632,SEASON
TE,2024,00-0036754,Brock Wright,11.0,9.562538165626371,3.772727272727273,2.8473514798811674,3.5476492976313723,41.5,27.22790719731639,33.92453180685759,64.13636363636364,48.40497515797985,60.31003805973333,PPG
TE,2024,00-0036754,Brock Wright,11.0,9.562538165626371,3.772727272727273,2.8473514798811674,3.5476492976313723,41.5,27.22790719731639,33.92453180685759,64.13636363636364,48.40497515797985,60.31003805973333,SEASON
TE,2024,00-0036876,Kylen Granson,16.0,12.602493496571796,2.45,6.588846054542226,6.232397966815267,39.2,83.03588955228115,78.54375484483668,41.650000000000006,112.01038292721785,105.95076543585954,PPG
TE,2024,00-0036876,Kylen Granson,16.0,12.602493496571796,2.45,6.588846054542226,6.232397966815267,39.2,83.03588955228115,78.54375484483668,41.650000000000006,112.01038292721785,105.95076543585954,SEASON
TE,2024,00-0036887,Luke Farrell,12.0,10.069197387450608,2.0583333333333336,3.3078915469972916,3.7211309366214858,24.700000000000003,33.307812922995076,37.4688019053907,34.991666666666674,56.234156298953955,63.25922592256526,PPG
TE,2024,00-0036887,Luke Farrell,12.0,10.069197387450608,2.0583333333333336,3.3078915469972916,3.7211309366214858,24.700000000000003,33.307812922995076,37.4688019053907,34.991666666666674,56.234156298953955,63.25922592256526,SEASON
TE,2024,00-0036894,Pat Freiermuth,17.0,10.575856609274846,11.929411764705884,7.741629030481951,8.544628677308276,202.80000000000004,81.87435854857655,90.36676767071012,202.80000000000004,131.60769351819317,145.2586875142407,PPG
TE,2024,00-0036894,Pat Freiermuth,17.0,10.575856609274846,11.929411764705884,7.741629030481951,8.544628677308276,202.80000000000004,81.87435854857655,90.36676767071012,202.80000000000004,131.60769351819317,145.2586875142407,SEASON
TE,2024,00-0036970,Kyle Pitts,17.0,13.61581194022027,9.1,9.585059283413848,8.91917126468976,154.7,130.5083646388254,121.44175860263236,154.7,162.9460078180354,151.62591149972593,PPG
TE,2024,00-0036970,Kyle Pitts,17.0,13.61581194022027,9.1,9.585059283413848,8.91917126468976,154.7,130.5083646388254,121.44175860263236,154.7,162.9460078180354,151.62591149972593,SEASON
TE,2024,00-0037005,Tommy Tremble,10.0,12.602493496571796,6.79,5.477243083828825,5.243151024066349,67.9,69.02692034309563,66.07677668233991,115.43,93.11313242509003,89.13356740912793,PPG
TE,2024,00-0037005,Tommy Tremble,10.0,12.602493496571796,6.79,5.477243083828825,5.243151024066349,67.9,69.02692034309563,66.07677668233991,115.43,93.11313242509003,89.13356740912793,SEASON
TE,2024,00-0037086,Grant Calcaterra,15.0,6.5225828346809465,4.786666666666667,2.3386429606144046,3.8577825794867935,71.80000000000001,15.253992431350945,25.162706432891742,81.37333333333333,39.75693033044488,65.58230385127548,PPG
TE,2024,00-0037086,Grant Calcaterra,15.0,6.5225828346809465,4.786666666666667,2.3386429606144046,3.8577825794867935,71.80000000000001,15.253992431350945,25.162706432891742,81.37333333333333,39.75693033044488,65.58230385127548,SEASON
TE,2024,00-0037292,Andrew Ogletree,12.0,10.575856609274846,2.533333333333333,4.35574870290619,3.945244057785702,30.4,46.06577370797077,41.72433544373523,43.06666666666666,74.04772794940524,67.06914898235694,PPG
TE,2024,00-0037292,Andrew Ogletree,12.0,10.575856609274846,2.533333333333333,4.35574870290619,3.945244057785702,30.4,46.06577370797077,41.72433544373523,43.06666666666666,74.04772794940524,67.06914898235694,SEASON
TE,2024,00-0037306,John FitzPatrick,1.0,6.5225828346809465,1.7,0.7731565441442005,1.4481030991666817,1.7,5.042977603356204,9.445372417472878,28.9,13.143661250451409,24.617752685833587,PPG
TE,2024,00-0037306,John FitzPatrick,1.0,6.5225828346809465,1.7,0.7731565441442005,1.4481030991666817,1.7,5.042977603356204,9.445372417472878,28.9,13.143661250451409,24.617752685833587,SEASON
TE,2024,00-0037311,Ko Kieft,3.0,10.069197387450608,0.0,2.0997668224700683,1.5384763021375998,0.0,21.142966603071077,15.491221562138591,0.0,35.69603598199116,26.154097136339196,PPG
TE,2024,00-0037311,Ko Kieft,3.0,10.069197387450608,0.0,2.0997668224700683,1.5384763021375998,0.0,21.142966603071077,15.491221562138591,0.0,35.69603598199116,26.154097136339196,SEASON
TE,2024,00-0037451,Rod Williams,1.0,8.042560500153659,0.0,1.8781439328832432,0.9534396036271959,0.0,15.105086208210016,7.668095695414247,0.0,31.928446859015136,16.20847326166233,PPG
TE,2024,00-0037451,Rod Williams,1.0,8.042560500153659,0.0,1.8781439328832432,0.9534396036271959,0.0,15.105086208210016,7.668095695414247,0.0,31.928446859015136,16.20847326166233,SEASON
TE,2024,00-0037475,Stone Smartt,9.0,11.082515831099084,4.7555555555555555,4.2772194239439445,3.53409121282751,42.8,47.402351978943265,39.16662181470904,80.84444444444445,72.71273020704706,60.07955061806767,PPG
TE,2024,00-0037475,Stone Smartt,9.0,11.082515831099084,4.7555555555555555,4.2772194239439445,3.53409121282751,42.8,47.402351978943265,39.16662181470904,80.84444444444445,72.71273020704706,60.07955061806767,SEASON
TE,2024,00-0037539,Lucas Krull,10.0,8.549219721977895,4.369999999999999,4.184150709782073,4.399728093433767,43.69999999999999,35.771223767796705,37.614242187724166,74.28999999999999,71.13056206629524,74.79537758837404,PPG
TE,2024,00-0037539,Lucas Krull,10.0,8.549219721977895,4.369999999999999,4.184150709782073,4.399728093433767,43.69999999999999,35.771223767796705,37.614242187724166,74.28999999999999,71.13056206629524,74.79537758837404,SEASON
TE,2024,00-0037569,Peyton Hendershot,5.0,9.055878943802133,2.52,2.558621764732431,2.16896357882394,12.6,23.170568964394278,19.641871603345436,42.84,43.49657000045133,36.87238084000698,PPG
TE,2024,00-0037569,Peyton Hendershot,5.0,9.055878943802133,2.52,2.558621764732431,2.16896357882394,12.6,23.170568964394278,19.641871603345436,42.84,43.49657000045133,36.87238084000698,SEASON
TE,2024,00-0037744,Trey McBride,16.0,13.61581194022027,18.70625,12.055945324855891,13.098362993318354,299.3,164.1514843048156,178.34484724176338,318.00625,204.95107052255014,222.672170886412,PPG
TE,2024,00-0037744,Trey McBride,16.0,13.61581194022027,18.70625,12.055945324855891,13.098362993318354,299.3,164.1514843048156,178.34484724176338,318.00625,204.95107052255014,222.672170886412,SEASON
TE,2024,00-0037805,Jeremy Ruckert,14.0,10.069197387450608,2.678571428571429,4.4890624375230175,4.965427281192194,37.5,45.201255768009425,49.997867407356416,45.53571428571429,76.3140614378913,84.4122637802673,PPG
TE,2024,00-0037805,Jeremy Ruckert,14.0,10.069197387450608,2.678571428571429,4.4890624375230175,4.965427281192194,37.5,45.201255768009425,49.997867407356416,45.53571428571429,76.3140614378913,84.4122637802673,SEASON
TE,2024,00-0037809,Chig Okonkwo,16.0,13.61581194022027,8.725,8.587118159674406,8.61976825339855,139.6,116.92058597057708,117.36514350655561,148.325,145.9810087144649,146.53606030777536,PPG
TE,2024,00-0037809,Chig Okonkwo,16.0,13.61581194022027,8.725,8.587118159674406,8.61976825339855,139.6,116.92058597057708,117.36514350655561,148.325,145.9810087144649,146.53606030777536,SEASON
TE,2024,00-0037838,Isaiah Likely,15.0,12.095834274747558,9.646666666666667,7.7194877099790595,8.08886733274901,144.7,93.37364402585725,97.84159872735133,163.99333333333334,131.23129106964402,137.51074465673315,PPG
TE,2024,00-0037838,Isaiah Likely,15.0,12.095834274747558,9.646666666666667,7.7194877099790595,8.08886733274901,144.7,93.37364402585725,97.84159872735133,163.99333333333334,131.23129106964402,137.51074465673315,SEASON
TE,2024,00-0038041,Jake Ferguson,14.0,13.61581194022027,9.564285714285715,11.22374585355091,11.474897388634696,133.9,152.82041280677623,156.2400448769747,162.59285714285716,190.80367951036544,195.07325560678984,PPG
TE,2024,00-0038041,Jake Ferguson,14.0,13.61581194022027,9.564285714285715,11.22374585355091,11.474897388634696,133.9,152.82041280677623,156.2400448769747,162.59285714285716,190.80367951036544,195.07325560678984,SEASON
TE,2024,00-0038046,Charlie Kolar,10.0,9.562538165626371,3.2800000000000002,3.2437679136184476,2.84020445966045,32.800000000000004,31.01865447441063,27.15956354368528,55.760000000000005,55.14405453151361,48.28347581422765,PPG
TE,2024,00-0038046,Charlie Kolar,10.0,9.562538165626371,3.2800000000000002,3.2437679136184476,2.84020445966045,32.800000000000004,31.01865447441063,27.15956354368528,55.760000000000005,55.14405453151361,48.28347581422765,SEASON
TE,2024,00-0038115,Daniel Bellinger,12.0,12.095834274747558,2.791666666666667,5.284026858301797,5.01435429910812,33.5,63.91471318133353,60.65279859687976,47.458333333333336,89.82845659113055,85.24402308483803,PPG
TE,2024,00-0038115,Daniel Bellinger,12.0,12.095834274747558,2.791666666666667,5.284026858301797,5.01435429910812,33.5,63.91471318133353,60.65279859687976,47.458333333333336,89.82845659113055,85.24402308483803,SEASON
TE,2024,00-0038129,Cade Otton,14.0,13.61581194022027,12.178571428571429,7.3928576373421,7.237262290181713,170.5,100.65975929087118,98.54120230516206,207.03571428571428,125.67857983481571,123.03345893308912,PPG
TE,2024,00-0038129,Cade Otton,14.0,13.61581194022027,12.178571428571429,7.3928576373421,7.237262290181713,170.5,100.65975929087118,98.54120230516206,207.03571428571428,125.67857983481571,123.03345893308912,SEASON
TE,2024,00-0038394,Will Mallory,7.0,10.575856609274846,1.2714285714285714,5.0039676334716034,5.097001433503248,8.899999999999999,52.921244169048066,53.90515629799869,21.614285714285714,85.06744976901726,86.64902436955522,PPG
TE,2024,00-0038394,Will Mallory,7.0,10.575856609274846,1.2714285714285714,5.0039676334716034,5.097001433503248,8.899999999999999,52.921244169048066,53.90515629799869,21.614285714285714,85.06744976901726,86.64902436955522,SEASON
TE,2024,00-0038547,Luke Schoonmaker,12.0,11.082515831099084,5.883333333333333,3.021893375396638,2.7012292382928695,70.6,33.490181172726686,29.936415796808447,100.01666666666665,51.37218738174285,45.92089705097878,PPG
TE,2024,00-0038547,Luke Schoonmaker,12.0,11.082515831099084,5.883333333333333,3.021893375396638,2.7012292382928695,70.6,33.490181172726686,29.936415796808447,100.01666666666665,51.37218738174285,45.92089705097878,SEASON
TE,2024,00-0038558,Darnell Washington,13.0,9.055878943802133,4.1923076923076925,2.6085675446720336,2.8411714207094225,54.5,23.622871901281098,25.72930444453485,71.26923076923077,44.34564825942457,48.29991415206018,PPG
TE,2024,00-0038558,Darnell Washington,13.0,9.055878943802133,4.1923076923076925,2.6085675446720336,2.8411714207094225,54.5,23.622871901281098,25.72930444453485,71.26923076923077,44.34564825942457,48.29991415206018,SEASON
TE,2024,00-0038589,Josh Whyle,15.0,9.562538165626371,4.986666666666666,3.9913656084301437,4.000050395689663,74.8,38.16758596358177,38.25063457321127,84.77333333333333,67.85321534331244,68.00085672672428,PPG
TE,2024,00-0038589,Josh Whyle,15.0,9.562538165626371,4.986666666666666,3.9913656084301437,4.000050395689663,74.8,38.16758596358177,38.25063457321127,84.77333333333333,67.85321534331244,68.00085672672428,SEASON
TE,2024,00-0038720,Julian Hill,14.0,10.069197387450608,2.0,2.5818337444345114,2.149224534019792,28.0,25.9969935942918,21.640966062996842,34.0,43.891173655386694,36.53681707833647,PPG
TE,2024,00-0038720,Julian Hill,14.0,10.069197387450608,2.0,2.5818337444345114,2.149224534019792,28.0,25.9969935942918,21.640966062996842,34.0,43.891173655386694,36.53681707833647,SEASON
TE,2024,00-0038783,Nate Adkins,15.0,7.535901278329421,3.3666666666666667,1.7182107122864299,2.5807162095642564,50.5,12.948266303158611,19.448022582660737,57.233333333333334,29.209582108869306,43.87217556259236,PPG
TE,2024,00-0038783,Nate Adkins,15.0,7.535901278329421,3.3666666666666667,1.7182107122864299,2.5807162095642564,50.5,12.948266303158611,19.448022582660737,57.233333333333334,29.209582108869306,43.87217556259236,SEASON
TE,2024,00-0038809,Ben Sims,4.0,8.042560500153659,2.55,1.8558050530576027,2.4862396229608716,10.2,14.92542441570664,19.995732585542033,43.349999999999994,31.548685901979244,42.26607359033482,PPG
TE,2024,00-0038809,Ben Sims,4.0,8.042560500153659,2.55,1.8558050530576027,2.4862396229608716,10.2,14.92542441570664,19.995732585542033,43.349999999999994,31.548685901979244,42.26607359033482,SEASON
TE,2024,00-0038933,Dalton Kincaid,13.0,13.109152718396032,9.446153846153846,10.292844433307856,10.2422143108492,122.8,134.93046958292516,134.26675157546353,160.58461538461538,174.97835536623356,174.11764328443638,PPG
TE,2024,00-0038933,Dalton Kincaid,13.0,13.109152718396032,9.446153846153846,10.292844433307856,10.2422143108492,122.8,134.93046958292516,134.26675157546353,160.58461538461538,174.97835536623356,174.11764328443638,SEASON
TE,2024,00-0038935,Brenton Strange,14.0,8.549219721977895,7.935714285714286,2.6574328401988616,3.2338042183158606,111.10000000000001,22.71897724725984,27.646502800241265,134.90714285714287,45.17635828338065,54.97467171136963,PPG
TE,2024,00-0038935,Brenton Strange,14.0,8.549219721977895,7.935714285714286,2.6574328401988616,3.2338042183158606,111.10000000000001,22.71897724725984,27.646502800241265,134.90714285714287,45.17635828338065,54.97467171136963,SEASON
TE,2024,00-0038996,Tucker Kraft,17.0,12.095834274747558,11.076470588235296,7.295394515247881,7.535845924829282,188.3,88.24388302534066,91.15234342676673,188.3,124.02170675921397,128.1093807220978,PPG
TE,2024,00-0038996,Tucker Kraft,17.0,12.095834274747558,11.076470588235296,7.295394515247881,7.535845924829282,188.3,88.24388302534066,91.15234342676673,188.3,124.02170675921397,128.1093807220978,SEASON
TE,2024,00-0039041,Elijah Higgins,15.0,10.575856609274846,3.9466666666666663,4.432894269999466,4.537098312319376,59.199999999999996,46.88165416359044,47.98370117327262,67.09333333333333,75.35920258999091,77.13067130942939,PPG
TE,2024,00-0039041,Elijah Higgins,15.0,10.575856609274846,3.9466666666666663,4.432894269999466,4.537098312319376,59.199999999999996,46.88165416359044,47.98370117327262,67.09333333333333,75.35920258999091,77.13067130942939,SEASON
TE,2024,00-0039050,Payne Durham,8.0,8.042560500153659,5.0,2.5673357113743407,2.750152657547951,40.0,20.647952782933167,22.118269132987763,85.0,43.64470709336379,46.75259517831517,PPG
TE,2024,00-0039050,Payne Durham,8.0,8.042560500153659,5.0,2.5673357113743407,2.750152657547951,40.0,20.647952782933167,22.118269132987763,85.0,43.64470709336379,46.75259517831517,SEASON
TE,2024,00-0039065,Sam LaPorta,16.0,13.61581194022027,12.787500000000001,12.905606716422282,12.612366333739269,204.60000000000002,175.72031402524942,171.72760812135928,217.38750000000002,219.3953141791788,214.41022767356756,PPG
TE,2024,00-0039065,Sam LaPorta,16.0,13.61581194022027,12.787500000000001,12.905606716422282,12.612366333739269,204.60000000000002,175.72031402524942,171.72760812135928,217.38750000000002,219.3953141791788,214.41022767356756,SEASON
TE,2024,00-0039066,Michael Mayer,11.0,11.58917505292332,4.281818181818182,6.370833308707565,6.5185210321678095,47.1,73.83270244760664,75.54428132795515,72.7909090909091,108.3041662480286,110.81485754685276,PPG
TE,2024,00-0039066,Michael Mayer,11.0,11.58917505292332,4.281818181818182,6.370833308707565,6.5185210321678095,47.1,73.83270244760664,75.54428132795515,72.7909090909091,108.3041662480286,110.81485754685276,SEASON
TE,2024,00-0039074,Davis Allen,7.0,8.549219721977895,1.8428571428571427,3.3417281072235254,3.806099475252305,12.899999999999999,28.569167839763224,32.53918069763672,31.328571428571426,56.80937782279993,64.70369107928919,PPG
TE,2024,00-0039074,Davis Allen,7.0,8.549219721977895,1.8428571428571427,3.3417281072235254,3.806099475252305,12.899999999999999,28.569167839763224,32.53918069763672,31.328571428571426,56.80937782279993,64.70369107928919,SEASON
TE,2024,00-0039144,Luke Musgrave,7.0,10.575856609274846,2.142857142857143,7.295887538853217,7.647607129004714,15.0,77.16026044830677,80.87999640042193,36.42857142857143,124.03008816050469,130.00932119308015,PPG
TE,2024,00-0039144,Luke Musgrave,7.0,10.575856609274846,2.142857142857143,7.295887538853217,7.647607129004714,15.0,77.16026044830677,80.87999640042193,36.42857142857143,124.03008816050469,130.00932119308015,SEASON
TE,2025,00-0024243,Marcedes Lewis,1.0,7.5499130302751425,0.0,0.3005057120050956,1.2537817023489741,0.0,2.268791990739381,9.46594281168507,0.0,5.108597104086626,21.31428893993256,PPG
TE,2025,00-0024243,Marcedes Lewis,1.0,7.5499130302751425,0.0,0.3005057120050956,1.2537817023489741,0.0,2.268791990739381,9.46594281168507,0.0,5.108597104086626,21.31428893993256,SEASON
TE,2025,00-0030061,Zach Ertz,13.0,13.79459580056359,11.646153846153847,9.733156948728091,9.553327439097297,151.4,134.26496597115084,131.7842905727805,197.9846153846154,165.46366812837755,162.40656646465405,PPG
TE,2025,00-0030061,Zach Ertz,13.0,13.79459580056359,11.646153846153847,9.733156948728091,9.553327439097297,151.4,134.26496597115084,131.7842905727805,197.9846153846154,165.46366812837755,162.40656646465405,SEASON
TE,2025,00-0030506,Travis Kelce,17.0,13.274205569706218,13.6,12.87168345568936,12.810108077674293,231.2,170.86137221900708,170.0440079932027,231.2,218.8186187467191,217.771837320463,PPG
TE,2025,00-0030506,Travis Kelce,17.0,13.274205569706218,13.6,12.87168345568936,12.810108077674293,231.2,170.86137221900708,170.0440079932027,231.2,218.8186187467191,217.771837320463,SEASON
TE,2025,00-0031484,Chris Manhertz,4.0,9.111083722847255,0.55,1.6308911553985288,2.1857991246942903,2.2,14.859185859687088,19.914998826415925,9.350000000000001,27.72514964177499,37.158585119802936,PPG
TE,2025,00-0031484,Chris Manhertz,4.0,9.111083722847255,0.55,1.6308911553985288,2.1857991246942903,2.2,14.859185859687088,19.914998826415925,9.350000000000001,27.72514964177499,37.158585119802936,SEASON
TE,2025,00-0032392,Austin Hooper,13.0,13.79459580056359,5.36923076923077,8.053883394028624,7.34022683460986,69.80000000000001,111.10006604549609,101.25546226789335,91.27692307692308,136.9160176984866,124.78385618836762,PPG
TE,2025,00-0032392,Austin Hooper,13.0,13.79459580056359,5.36923076923077,8.053883394028624,7.34022683460986,69.80000000000001,111.10006604549609,101.25546226789335,91.27692307692308,136.9160176984866,124.78385618836762,SEASON
TE,2025,00-0033090,Hunter Henry,17.0,13.274205569706218,12.282352941176471,10.670963401764254,11.109508469873417,208.8,141.64856182183027,147.46989920749212,208.8,181.40637782999232,188.86164398784808,PPG
TE,2025,00-0033090,Hunter Henry,17.0,13.274205569706218,12.282352941176471,10.670963401764254,11.109508469873417,208.8,141.64856182183027,147.46989920749212,208.8,181.40637782999232,188.86164398784808,SEASON
TE,2025,00-0033110,Tyler Higbee,10.0,6.509132568560402,8.36,6.611046364715557,7.995635032514284,83.6,43.032177204832884,52.04464839646123,142.12,112.38778820016448,135.9257955527428,PPG
TE,2025,00-0033110,Tyler Higbee,10.0,6.509132568560402,8.36,6.611046364715557,7.995635032514284,83.6,43.032177204832884,52.04464839646123,142.12,112.38778820016448,135.9257955527428,SEASON
TE,2025,00-0033217,Mo Alie-Cox,11.0,11.192644646276737,3.381818181818182,4.431062880054852,4.423833608276071,37.2,49.59531222176152,49.514397551690266,57.49090909090909,75.32806896093248,75.20517134069321,PPG
TE,2025,00-0033217,Mo Alie-Cox,11.0,11.192644646276737,3.381818181818182,4.431062880054852,4.423833608276071,37.2,49.59531222176152,49.514397551690266,57.49090909090909,75.32806896093248,75.20517134069321,SEASON
TE,2025,00-0033246,Johnny Mundt,12.0,12.233425107991478,2.05,3.714606237176123,3.3255453132869004,24.599999999999998,45.442357208172126,40.68280953332735,34.849999999999994,63.14830603199409,56.53427032587731,PPG
TE,2025,00-0033246,Johnny Mundt,12.0,12.233425107991478,2.05,3.714606237176123,3.3255453132869004,24.599999999999998,45.442357208172126,40.68280953332735,34.849999999999994,63.14830603199409,56.53427032587731,SEASON
TE,2025,00-0033288,George Kittle,11.0,12.753815338848849,17.3,13.903953071554236,14.572961504129628,190.3,177.32844995462298,185.86085996382224,294.1,236.36720221642202,247.7403455702037,PPG
TE,2025,00-0033288,George Kittle,11.0,12.753815338848849,17.3,13.903953071554236,14.572961504129628,190.3,177.32844995462298,185.86085996382224,294.1,236.36720221642202,247.7403455702037,SEASON
TE,2025,00-0033357,Taysom Hill,13.0,9.111083722847255,3.153846153846154,16.012351427701162,16.83782060755761,41.00000000000001,145.88987445743805,153.4107932657402,53.61538461538462,272.20997427091976,286.24295032847937,PPG
TE,2025,00-0033357,Taysom Hill,13.0,9.111083722847255,3.153846153846154,16.012351427701162,16.83782060755761,41.00000000000001,145.88987445743805,153.4107932657402,53.61538461538462,272.20997427091976,286.24295032847937,SEASON
TE,2025,00-0033439,Pharaoh Brown,5.0,10.151864184561996,0.6200000000000001,2.7208310314509703,2.7436615994499043,3.1000000000000005,27.621507100431977,27.853279926013563,10.540000000000003,46.254127534666495,46.642247190648376,PPG
TE,2025,00-0033439,Pharaoh Brown,5.0,10.151864184561996,0.6200000000000001,2.7208310314509703,2.7436615994499043,3.1000000000000005,27.621507100431977,27.853279926013563,10.540000000000003,46.254127534666495,46.642247190648376,SEASON
TE,2025,00-0033576,Eric Saubert,9.0,11.192644646276737,1.2333333333333334,2.9881536725836826,2.583820278380211,11.100000000000001,33.44534220569592,28.91978220575354,20.96666666666667,50.79861243392261,43.92494473246359,PPG
TE,2025,00-0033576,Eric Saubert,9.0,11.192644646276737,1.2333333333333334,2.9881536725836826,2.583820278380211,11.100000000000001,33.44534220569592,28.91978220575354,20.96666666666667,50.79861243392261,43.92494473246359,SEASON
TE,2025,00-0033858,Jonnu Smith,17.0,13.79459580056359,6.129411764705882,13.13332804900244,12.259715436400832,104.19999999999999,181.16895195219305,169.11781907507952,104.19999999999999,223.26657683304148,208.41516241881413,PPG
TE,2025,00-0033858,Jonnu Smith,17.0,13.79459580056359,6.129411764705882,13.13332804900244,12.259715436400832,104.19999999999999,181.16895195219305,169.11781907507952,104.19999999999999,223.26657683304148,208.41516241881413,SEASON
TE,2025,00-0033881,Evan Engram,16.0,9.631473953704624,7.9875,11.240547491278033,12.95530767520766,127.8,108.26304038762423,124.77870843599219,135.7875,191.08930735172655,220.2402304785302,PPG
TE,2025,00-0033881,Evan Engram,16.0,9.631473953704624,7.9875,11.240547491278033,12.95530767520766,127.8,108.26304038762423,124.77870843599219,135.7875,191.08930735172655,220.2402304785302,SEASON
TE,2025,00-0033885,David Njoku,11.0,10.672254415419365,9.345454545454546,13.438673277703247,13.927286714187577,102.8,143.4209402253467,148.63554713029984,158.87272727272727,228.4574457209552,236.7638741411888,PPG
TE,2025,00-0033885,David Njoku,11.0,10.672254415419365,9.345454545454546,13.438673277703247,13.927286714187577,102.8,143.4209402253467,148.63554713029984,158.87272727272727,228.4574457209552,236.7638741411888,SEASON
TE,2025,00-0034073,Ross Dwelley,4.0,7.029522799417771,0.925,0.3737739148798486,1.4849105495766455,3.7,2.627452256475533,10.438212563345003,15.725000000000001,6.354156552957426,25.243479342802974,PPG
TE,2025,00-0034073,Ross Dwelley,4.0,7.029522799417771,0.925,0.3737739148798486,1.4849105495766455,3.7,2.627452256475533,10.438212563345003,15.725000000000001,6.354156552957426,25.243479342802974,SEASON
TE,2025,00-0034159,Will Dissly,8.0,12.753815338848849,3.2750000000000004,7.597857263205859,7.080638599130678,26.200000000000003,96.90166850585902,90.30515717443807,55.675000000000004,129.1635734744996,120.37085618522153,PPG
TE,2025,00-0034159,Will Dissly,8.0,12.753815338848849,3.2750000000000004,7.597857263205859,7.080638599130678,26.200000000000003,96.90166850585902,90.30515717443807,55.675000000000004,129.1635734744996,120.37085618522153,SEASON
TE,2025,00-0034270,Tyler Conklin,6.0,13.274205569706218,3.466666666666667,8.78165716709081,8.64080337971773,20.8,116.56952247864736,114.69980034978539,58.93333333333334,149.28817184054375,146.8936574552014,PPG
TE,2025,00-0034270,Tyler Conklin,6.0,13.274205569706218,3.466666666666667,8.78165716709081,8.64080337971773,20.8,116.56952247864736,114.69980034978539,58.93333333333334,149.28817184054375,146.8936574552014,SEASON
TE,2025,00-0034351,Dallas Goedert,15.0,10.151864184561996,14.339999999999998,10.482429629135572,11.215888377656604,215.09999999999997,106.4162019192129,113.86217551917723,243.77999999999997,178.20130369530472,190.67010242016227,PPG
TE,2025,00-0034351,Dallas Goedert,15.0,10.151864184561996,14.339999999999998,10.482429629135572,11.215888377656604,215.09999999999997,106.4162019192129,113.86217551917723,243.77999999999997,178.20130369530472,190.67010242016227,SEASON
TE,2025,00-0034365,Ian Thomas,9.0,6.509132568560402,3.433333333333333,2.5124763465967273,3.3558325573635015,30.9,16.35404161537041,21.84355899377011,58.36666666666666,42.712097892144364,57.04915347517952,PPG
TE,2025,00-0034365,Ian Thomas,9.0,6.509132568560402,3.433333333333333,2.5124763465967273,3.3558325573635015,30.9,16.35404161537041,21.84355899377011,58.36666666666666,42.712097892144364,57.04915347517952,SEASON
TE,2025,00-0034383,Dalton Schultz,17.0,13.79459580056359,12.86470588235294,8.970868144484497,8.976802497900675,218.7,123.74950003331553,123.83136204002939,218.7,152.50475845623643,152.60564246431147,PPG
TE,2025,00-0034383,Dalton Schultz,17.0,13.79459580056359,12.86470588235294,8.970868144484497,8.976802497900675,218.7,123.74950003331553,123.83136204002939,218.7,152.50475845623643,152.60564246431147,SEASON
TE,2025,00-0034613,Tanner Hudson,10.0,9.631473953704624,5.73,4.182704669893609,4.674127720197588,57.300000000000004,40.285611084119,45.018739393371845,97.41000000000001,71.10597938819136,79.460171243359,PPG
TE,2025,00-0034613,Tanner Hudson,10.0,9.631473953704624,5.73,4.182704669893609,4.674127720197588,57.300000000000004,40.285611084119,45.018739393371845,97.41000000000001,71.10597938819136,79.460171243359,SEASON
TE,2025,00-0034753,Mark Andrews,17.0,13.79459580056359,9.11764705882353,11.037153478132144,10.273828427220275,155.00000000000003,152.2530710196175,141.72331047784363,155.00000000000003,187.63160912824645,174.65508326274468,PPG
TE,2025,00-0034753,Mark Andrews,17.0,13.79459580056359,9.11764705882353,11.037153478132144,10.273828427220275,155.00000000000003,152.2530710196175,141.72331047784363,155.00000000000003,187.63160912824645,174.65508326274468,SEASON
TE,2025,00-0034798,Durham Smythe,7.0,12.233425107991478,1.2142857142857144,2.9023379075970017,2.2179515186526078,8.5,35.50553343067261,27.13314379659264,20.642857142857146,49.33974442914903,37.70517581709433,PPG
TE,2025,00-0034798,Durham Smythe,7.0,12.233425107991478,1.2142857142857144,2.9023379075970017,2.2179515186526078,8.5,35.50553343067261,27.13314379659264,20.642857142857146,49.33974442914903,37.70517581709433,SEASON
TE,2025,00-0034829,Mike Gesicki,12.0,13.274205569706218,7.058333333333334,9.827047950102376,8.948170919950483,84.7,130.44625463301904,118.77986026428992,119.99166666666667,167.0598151517404,152.1189056391582,PPG
TE,2025,00-0034829,Mike Gesicki,12.0,13.274205569706218,7.058333333333334,9.827047950102376,8.948170919950483,84.7,130.44625463301904,118.77986026428992,119.99166666666667,167.0598151517404,152.1189056391582,SEASON
TE,2025,00-0034981,Foster Moreau,7.0,13.274205569706218,2.342857142857143,7.181372416036858,6.648923871990406,16.400000000000002,95.32701372309106,88.25918229412768,39.82857142857143,122.08333107262658,113.0317058238369,PPG
TE,2025,00-0034981,Foster Moreau,7.0,13.274205569706218,2.342857142857143,7.181372416036858,6.648923871990406,16.400000000000002,95.32701372309106,88.25918229412768,39.82857142857143,122.08333107262658,113.0317058238369,SEASON
TE,2025,00-0035229,T.J. Hockenson,15.0,10.151864184561996,9.219999999999999,9.566517103917231,9.719589788314948,138.29999999999998,97.1179823582571,98.67195546062904,156.73999999999998,162.63079076659292,165.23302640135412,PPG
TE,2025,00-0035229,T.J. Hockenson,15.0,10.151864184561996,9.219999999999999,9.566517103917231,9.719589788314948,138.29999999999998,97.1179823582571,98.67195546062904,156.73999999999998,162.63079076659292,165.23302640135412,SEASON
TE,2025,00-0035249,Josh Oliver,12.0,11.192644646276737,5.208333333333334,5.060043565558045,5.062346830665324,62.50000000000001,56.6352695239703,56.66104915184224,88.54166666666667,86.02074061448677,86.0598961213105,PPG
TE,2025,00-0035249,Josh Oliver,12.0,11.192644646276737,5.208333333333334,5.060043565558045,5.062346830665324,62.50000000000001,56.6352695239703,56.66104915184224,88.54166666666667,86.02074061448677,86.0598961213105,SEASON
TE,2025,00-0035631,Drew Sample,12.0,10.672254415419365,3.283333333333333,4.238858835080575,3.6728618873807135,39.4,45.238179919028056,39.19771649482432,55.81666666666666,72.06060019636978,62.43865208547213,PPG
TE,2025,00-0035631,Drew Sample,12.0,10.672254415419365,3.283333333333333,4.238858835080575,3.6728618873807135,39.4,45.238179919028056,39.19771649482432,55.81666666666666,72.06060019636978,62.43865208547213,SEASON
TE,2025,00-0035644,Noah Fant,13.0,12.233425107991478,7.061538461538462,9.355433853342825,9.139028735531499,91.80000000000001,114.44899939763758,111.80162359590663,120.04615384615386,159.04237550682802,155.36348850403547,PPG
TE,2025,00-0035644,Noah Fant,13.0,12.233425107991478,7.061538461538462,9.355433853342825,9.139028735531499,91.80000000000001,114.44899939763758,111.80162359590663,120.04615384615386,159.04237550682802,155.36348850403547,SEASON
TE,2025,00-0035689,Dawson Knox,16.0,12.233425107991478,7.60625,5.58750103715133,5.004360827540657,121.7,68.3542754788155,61.220473397084874,129.30625,94.9875176315726,85.07413406819116,PPG
TE,2025,00-0035689,Dawson Knox,16.0,12.233425107991478,7.60625,5.58750103715133,5.004360827540657,121.7,68.3542754788155,61.220473397084874,129.30625,94.9875176315726,85.07413406819116,SEASON
TE,2025,00-0036040,Juwan Johnson,17.0,12.753815338848849,12.847058823529412,9.092967352909715,9.208666929313774,218.4,115.97002650119174,117.44563753343213,218.4,154.58044499946516,156.54733779833415,PPG
TE,2025,00-0036040,Juwan Johnson,17.0,12.753815338848849,12.847058823529412,9.092967352909715,9.208666929313774,218.4,115.97002650119174,117.44563753343213,218.4,154.58044499946516,156.54733779833415,SEASON
TE,2025,00-0036232,Harrison Bryant,5.0,8.070303261132512,0.7400000000000001,3.5263587751875325,4.110195509887103,3.7000000000000006,28.458784723319194,33.1705242273341,12.580000000000002,59.94809917818805,69.87332366808076,PPG
TE,2025,00-0036232,Harrison Bryant,5.0,8.070303261132512,0.7400000000000001,3.5263587751875325,4.110195509887103,3.7000000000000006,28.458784723319194,33.1705242273341,12.580000000000002,59.94809917818805,69.87332366808076,SEASON
TE,2025,00-0036244,Colby Parkinson,14.0,13.274205569706218,10.807142857142857,5.639131285028953,5.016814303780065,151.3,74.85498791203591,66.59422437341917,183.72142857142856,95.8652318454922,85.28584316426111,PPG
TE,2025,00-0036244,Colby Parkinson,14.0,13.274205569706218,10.807142857142857,5.639131285028953,5.016814303780065,151.3,74.85498791203591,66.59422437341917,183.72142857142856,95.8652318454922,85.28584316426111,SEASON
TE,2025,00-0036290,Cole Kmet,16.0,13.274205569706218,5.85625,6.830197908307722,5.871518242470774,93.7,90.66545111665413,77.93974015683722,99.55625,116.11336444123128,99.81581012200316,PPG
TE,2025,00-0036290,Cole Kmet,16.0,13.274205569706218,5.85625,6.830197908307722,5.871518242470774,93.7,90.66545111665413,77.93974015683722,99.55625,116.11336444123128,99.81581012200316,SEASON
TE,2025,00-0036332,Josiah Deguara,7.0,8.590693491989883,1.8,0.7616214482802128,1.4880333576991318,12.6,6.542856419100734,12.783238481849786,30.6,12.947564620763618,25.29656708088524,PPG
TE,2025,00-0036332,Josiah Deguara,7.0,8.590693491989883,1.8,0.7616214482802128,1.4880333576991318,12.6,6.542856419100734,12.783238481849786,30.6,12.947564620763618,25.29656708088524,SEASON
TE,2025,00-0036422,Adam Trautman,13.0,11.713034877134106,4.26923076923077,4.374482161424894,3.6169500474798095,55.500000000000014,51.238462126170774,42.36546205498287,72.5769230769231,74.3661967442232,61.488150807156764,PPG
TE,2025,00-0036422,Adam Trautman,13.0,11.713034877134106,4.26923076923077,4.374482161424894,3.6169500474798095,55.500000000000014,51.238462126170774,42.36546205498287,72.5769230769231,74.3661967442232,61.488150807156764,SEASON
TE,2025,00-0036429,Charlie Woerner,7.0,11.192644646276737,2.4,3.259852438581213,3.023525781938956,16.8,36.48636994433818,33.84124965609874,40.8,55.41749145588062,51.399938292962254,PPG
TE,2025,00-0036429,Charlie Woerner,7.0,11.192644646276737,2.4,3.259852438581213,3.023525781938956,16.8,36.48636994433818,33.84124965609874,40.8,55.41749145588062,51.399938292962254,SEASON
TE,2025,00-0036590,Quintin Morris,11.0,10.151864184561996,1.8636363636363635,2.3350393008245205,2.1420632311611927,20.5,23.705001847585134,21.745934997492455,31.68181818181818,39.69566811401685,36.41507492974028,PPG
TE,2025,00-0036590,Quintin Morris,11.0,10.151864184561996,1.8636363636363635,2.3350393008245205,2.1420632311611927,20.5,23.705001847585134,21.745934997492455,31.68181818181818,39.69566811401685,36.41507492974028,SEASON
TE,2025,00-0036628,John Bates,10.0,11.713034877134106,3.2800000000000002,2.9152296553072894,2.2685792827850055,32.800000000000004,34.146186627469916,26.571948260804646,55.760000000000005,49.558904140223916,38.565847807345094,PPG
TE,2025,00-0036628,John Bates,10.0,11.713034877134106,3.2800000000000002,2.9152296553072894,2.2685792827850055,32.800000000000004,34.146186627469916,26.571948260804646,55.760000000000005,49.558904140223916,38.565847807345094,SEASON
TE,2025,00-0036637,Noah Gray,14.0,13.274205569706218,3.5214285714285714,7.119991709275615,6.49424384393733,49.3,94.51223360352847,86.20592780422322,59.864285714285714,121.03985905768545,110.4021453469346,PPG
TE,2025,00-0036637,Noah Gray,14.0,13.274205569706218,3.5214285714285714,7.119991709275615,6.49424384393733,49.3,94.51223360352847,86.20592780422322,59.864285714285714,121.03985905768545,110.4021453469346,SEASON
TE,2025,00-0036741,Jack Stoll,9.0,7.5499130302751425,2.1777777777777776,1.4916592793811765,1.878170241927337,19.599999999999998,11.261897830130774,14.180021982602218,37.02222222222222,25.358207749480002,31.928894112764727,PPG
TE,2025,00-0036741,Jack Stoll,9.0,7.5499130302751425,2.1777777777777776,1.4916592793811765,1.878170241927337,19.599999999999998,11.261897830130774,14.180021982602218,37.02222222222222,25.358207749480002,31.928894112764727,SEASON
TE,2025,00-0036754,Brock Wright,8.0,10.672254415419365,5.475,3.1094245403159935,3.3914649761675353,43.8,33.18456977980069,36.19457706664411,93.07499999999999,52.86021718537189,57.6549045948481,PPG
TE,2025,00-0036754,Brock Wright,8.0,10.672254415419365,5.475,3.1094245403159935,3.3914649761675353,43.8,33.18456977980069,36.19457706664411,93.07499999999999,52.86021718537189,57.6549045948481,SEASON
TE,2025,00-0036825,Feleipe Franks,10.0,9.631473953704624,0.04000000000000001,1.859852687485771,1.1907849870752922,0.4000000000000001,17.91312271724675,11.469014587478174,0.6800000000000002,31.617495687258106,20.24334478027997,PPG
TE,2025,00-0036825,Feleipe Franks,10.0,9.631473953704624,0.04000000000000001,1.859852687485771,1.1907849870752922,0.4000000000000001,17.91312271724675,11.469014587478174,0.6800000000000002,31.617495687258106,20.24334478027997,SEASON
TE,2025,00-0036876,Kylen Granson,12.0,13.274205569706218,1.2083333333333335,5.17012587165295,4.182576274757306,14.500000000000002,68.62931364157781,55.52037728210452,20.541666666666668,87.89213981810016,71.1037966708742,PPG
TE,2025,00-0036876,Kylen Granson,12.0,13.274205569706218,1.2083333333333335,5.17012587165295,4.182576274757306,14.500000000000002,68.62931364157781,55.52037728210452,20.541666666666668,87.89213981810016,71.1037966708742,SEASON
TE,2025,00-0036887,Luke Farrell,13.0,11.192644646276737,2.692307692307692,3.087021707324462,3.220988276087046,35.0,34.551936985425215,36.05137718406581,45.76923076923077,52.479369024515854,54.75680069347978,PPG
TE,2025,00-0036887,Luke Farrell,13.0,11.192644646276737,2.692307692307692,3.087021707324462,3.220988276087046,35.0,34.551936985425215,36.05137718406581,45.76923076923077,52.479369024515854,54.75680069347978,SEASON
TE,2025,00-0036894,Pat Freiermuth,15.0,13.79459580056359,8.94,11.129223431536147,10.24929719193386,134.1,153.52313881220243,141.384912002579,151.98,189.1967983361145,174.2380522628756,PPG
TE,2025,00-0036894,Pat Freiermuth,15.0,13.79459580056359,8.94,11.129223431536147,10.24929719193386,134.1,153.52313881220243,141.384912002579,151.98,189.1967983361145,174.2380522628756,SEASON
TE,2025,00-0036970,Kyle Pitts,17.0,13.79459580056359,14.988235294117649,8.702872707640676,8.597243520126819,254.80000000000004,120.05261130565955,118.59549935916395,254.80000000000004,147.94883602989148,146.15313984215592,PPG
TE,2025,00-0036970,Kyle Pitts,17.0,13.79459580056359,14.988235294117649,8.702872707640676,8.597243520126819,254.80000000000004,120.05261130565955,118.59549935916395,254.80000000000004,147.94883602989148,146.15313984215592,SEASON
TE,2025,00-0037004,Hunter Long,7.0,10.672254415419365,5.5,2.341932378459308,2.421943990660338,38.5,24.993698166625922,25.84760244822319,93.5,39.81285043380823,41.173047841225745,PPG
TE,2025,00-0037004,Hunter Long,7.0,10.672254415419365,5.5,2.341932378459308,2.421943990660338,38.5,24.993698166625922,25.84760244822319,93.5,39.81285043380823,41.173047841225745,SEASON
TE,2025,00-0037005,Tommy Tremble,15.0,10.151864184561996,5.16,5.877928018914726,6.404635901368654,77.4,59.67192693465385,65.01899382226438,87.72,99.92477632155034,108.87881032326712,PPG
TE,2025,00-0037005,Tommy Tremble,15.0,10.151864184561996,5.16,5.877928018914726,6.404635901368654,77.4,59.67192693465385,65.01899382226438,87.72,99.92477632155034,108.87881032326712,SEASON
TE,2025,00-0037086,Grant Calcaterra,9.0,12.753815338848849,3.011111111111111,5.686966280034167,4.9986473426937295,27.1,72.53051777381594,63.75182515274332,51.18888888888889,96.67842676058085,84.9770048257934,PPG
TE,2025,00-0037086,Grant Calcaterra,9.0,12.753815338848849,3.011111111111111,5.686966280034167,4.9986473426937295,27.1,72.53051777381594,63.75182515274332,51.18888888888889,96.67842676058085,84.9770048257934,SEASON
TE,2025,00-0037252,Greg Dulcich,9.0,7.029522799417771,8.5,3.455705424809759,4.297742629581394,76.5,24.291960071771875,30.211079800672092,144.5,58.7469922217659,73.06162470288369,PPG
TE,2025,00-0037252,Greg Dulcich,9.0,7.029522799417771,8.5,3.455705424809759,4.297742629581394,76.5,24.291960071771875,30.211079800672092,144.5,58.7469922217659,73.06162470288369,SEASON
TE,2025,00-0037292,Andrew Ogletree,11.0,11.192644646276737,1.3363636363636364,3.6033422373725137,3.3414036502497892,14.700000000000001,40.3309292018303,37.39914367701785,22.71818181818182,61.256818035332735,56.803862054246416,PPG
TE,2025,00-0037292,Andrew Ogletree,11.0,11.192644646276737,1.3363636363636364,3.6033422373725137,3.3414036502497892,14.700000000000001,40.3309292018303,37.39914367701785,22.71818181818182,61.256818035332735,56.803862054246416,SEASON
TE,2025,00-0037311,Ko Kieft,2.0,6.509132568560402,0.0,0.26984344665116466,1.0846259115395904,0.0,1.756446767009687,7.059973845506861,0.0,4.587338593069799,18.438640496173036,PPG
TE,2025,00-0037311,Ko Kieft,2.0,6.509132568560402,0.0,0.26984344665116466,1.0846259115395904,0.0,1.756446767009687,7.059973845506861,0.0,4.587338593069799,18.438640496173036,SEASON
TE,2025,00-0037348,Tanner Conner,8.0,7.029522799417771,2.825,1.568577229635239,2.6336901471396343,22.6,11.026349398368477,18.513584935920004,48.025000000000006,26.66581290379906,44.77273250137378,PPG
TE,2025,00-0037348,Tanner Conner,8.0,7.029522799417771,2.825,1.568577229635239,2.6336901471396343,22.6,11.026349398368477,18.513584935920004,48.025000000000006,26.66581290379906,44.77273250137378,SEASON
TE,2025,00-0037475,Stone Smartt,6.0,9.631473953704624,2.6166666666666667,5.269559410030993,5.773933629900457,15.7,50.75362420521262,55.611491366805446,44.483333333333334,89.58250997052689,98.15687170830776,PPG
TE,2025,00-0037475,Stone Smartt,6.0,9.631473953704624,2.6166666666666667,5.269559410030993,5.773933629900457,15.7,50.75362420521262,55.611491366805446,44.483333333333334,89.58250997052689,98.15687170830776,SEASON
TE,2025,00-0037539,Lucas Krull,2.0,10.151864184561996,2.25,4.2178900977956,4.618736886196691,4.5,42.81944741822984,46.88878957289558,38.25,71.7041316625252,78.51852706534375,PPG
TE,2025,00-0037539,Lucas Krull,2.0,10.151864184561996,2.25,4.2178900977956,4.618736886196691,4.5,42.81944741822984,46.88878957289558,38.25,71.7041316625252,78.51852706534375,SEASON
TE,2025,00-0037654,Tucker Fisk,4.0,8.590693491989883,1.225,2.008094393814628,2.643015358209464,4.9,17.250923440244694,22.705334836999352,20.825000000000003,34.137604694848676,44.93126108956089,PPG
TE,2025,00-0037654,Tucker Fisk,4.0,8.590693491989883,1.225,2.008094393814628,2.643015358209464,4.9,17.250923440244694,22.705334836999352,20.825000000000003,34.137604694848676,44.93126108956089,SEASON
TE,2025,00-0037744,Trey McBride,17.0,13.274205569706218,22.288235294117648,17.002718870857937,16.663344965390657,378.90000000000003,225.69758553569145,221.19266654952472,378.90000000000003,289.04622080458495,283.27686441164116,PPG
TE,2025,00-0037744,Trey McBride,17.0,13.274205569706218,22.288235294117648,17.002718870857937,16.663344965390657,378.90000000000003,225.69758553569145,221.19266654952472,378.90000000000003,289.04622080458495,283.27686441164116,SEASON
TE,2025,00-0037805,Jeremy Ruckert,14.0,12.233425107991478,4.171428571428572,3.7555726979896193,3.1458127656896253,58.400000000000006,45.943517338473505,38.484064872827574,70.91428571428573,63.84473586582353,53.47881701672363,PPG
TE,2025,00-0037805,Jeremy Ruckert,14.0,12.233425107991478,4.171428571428572,3.7555726979896193,3.1458127656896253,58.400000000000006,45.943517338473505,38.484064872827574,70.91428571428573,63.84473586582353,53.47881701672363,SEASON
TE,2025,00-0037809,Chig Okonkwo,17.0,13.274205569706218,8.941176470588236,9.06040141590922,9.627718381606526,152.0,120.26963093883629,127.80031296468428,152.0,154.02682407045674,163.67121248731092,PPG
TE,2025,00-0037809,Chig Okonkwo,17.0,13.274205569706218,8.941176470588236,9.06040141590922,9.627718381606526,152.0,120.26963093883629,127.80031296468428,152.0,154.02682407045674,163.67121248731092,SEASON
TE,2025,00-0037838,Isaiah Likely,12.0,12.753815338848849,6.2666666666666675,8.06819620675873,8.079785891469868,75.20000000000002,102.90028453860158,103.04809723724293,106.53333333333335,137.1593355148984,137.35636015498775,PPG
TE,2025,00-0037838,Isaiah Likely,12.0,12.753815338848849,6.2666666666666675,8.06819620675873,8.079785891469868,75.20000000000002,102.90028453860158,103.04809723724293,106.53333333333335,137.1593355148984,137.35636015498775,SEASON
TE,2025,00-0038041,Jake Ferguson,17.0,12.233425107991478,13.476470588235294,9.317068945775155,9.739057499180142,229.1,113.97966517413347,119.14203053864303,229.1,158.39017207817764,165.5639774860624,PPG
TE,2025,00-0038041,Jake Ferguson,17.0,12.233425107991478,13.476470588235294,9.317068945775155,9.739057499180142,229.1,113.97966517413347,119.14203053864303,229.1,158.39017207817764,165.5639774860624,SEASON
TE,2025,00-0038046,Charlie Kolar,13.0,10.151864184561996,3.1692307692307695,3.194178386478862,3.245464048153863,41.2,32.42686516079679,32.94751023273679,53.876923076923084,54.301032570140656,55.17288881861567,PPG
TE,2025,00-0038046,Charlie Kolar,13.0,10.151864184561996,3.1692307692307695,3.194178386478862,3.245464048153863,41.2,32.42686516079679,32.94751023273679,53.876923076923084,54.301032570140656,55.17288881861567,SEASON
TE,2025,00-0038115,Daniel Bellinger,13.0,11.192644646276737,5.315384615384615,3.5827416645927395,3.715993544859341,69.1,40.100354311196526,41.59179525546882,90.36153846153846,60.90660829807657,63.1718902626088,PPG
TE,2025,00-0038115,Daniel Bellinger,13.0,11.192644646276737,5.315384615384615,3.5827416645927395,3.715993544859341,69.1,40.100354311196526,41.59179525546882,90.36153846153846,60.90660829807657,63.1718902626088,SEASON
TE,2025,00-0038129,Cade Otton,15.0,12.233425107991478,10.113333333333333,10.425061042577413,10.653182532409875,151.7,127.53420351061034,130.3249106719992,171.92666666666668,177.22603772381603,181.1041030509679,PPG
TE,2025,00-0038129,Cade Otton,15.0,12.233425107991478,10.113333333333333,10.425061042577413,10.653182532409875,151.7,127.53420351061034,130.3249106719992,171.92666666666668,177.22603772381603,181.1041030509679,SEASON
TE,2025,00-0038394,Will Mallory,1.0,8.590693491989883,3.1,2.262718791310141,2.4110175496733515,3.1,19.438323594711242,20.712312773052258,52.7,38.4662194522724,40.98729834444698,PPG
TE,2025,00-0038394,Will Mallory,1.0,8.590693491989883,3.1,2.262718791310141,2.4110175496733515,3.1,19.438323594711242,20.712312773052258,52.7,38.4662194522724,40.98729834444698,SEASON
TE,2025,00-0038547,Luke Schoonmaker,14.0,11.192644646276737,2.442857142857143,4.89955594742674,5.238690758534187,34.2,54.838988644099246,58.63480407200708,41.52857142857143,83.29245110625457,89.05774289508118,PPG
TE,2025,00-0038547,Luke Schoonmaker,14.0,11.192644646276737,2.442857142857143,4.89955594742674,5.238690758534187,34.2,54.838988644099246,58.63480407200708,41.52857142857143,83.29245110625457,89.05774289508118,SEASON
TE,2025,00-0038558,Darnell Washington,13.0,11.713034877134106,6.838461538461539,4.341302446304078,4.421223858832681,88.9,50.84982696574728,51.78594925812463,116.25384615384617,73.80214158716933,75.16080560015557,PPG
TE,2025,00-0038558,Darnell Washington,13.0,11.713034877134106,6.838461538461539,4.341302446304078,4.421223858832681,88.9,50.84982696574728,51.78594925812463,116.25384615384617,73.80214158716933,75.16080560015557,SEASON
TE,2025,00-0038589,Josh Whyle,6.0,12.753815338848849,2.85,5.880697332978298,4.923546076335047,17.1,75.00132784846613,62.79399746989098,48.45,99.97185466063107,83.70028329769579,PPG
TE,2025,00-0038589,Josh Whyle,6.0,12.753815338848849,2.85,5.880697332978298,4.923546076335047,17.1,75.00132784846613,62.79399746989098,48.45,99.97185466063107,83.70028329769579,SEASON
TE,2025,00-0038643,Brayden Willis,6.0,7.5499130302751425,0.0,1.6544790429981353,0.925128690176399,0.0,12.491172885048769,6.98464115264417,0.0,28.126143730968302,15.727187732998782,PPG
TE,2025,00-0038643,Brayden Willis,6.0,7.5499130302751425,0.0,1.6544790429981353,0.925128690176399,0.0,12.491172885048769,6.98464115264417,0.0,28.126143730968302,15.727187732998782,SEASON
TE,2025,00-0038710,Blake Whiteheart,9.0,8.590693491989883,0.37777777777777777,2.4514249277360065,2.7394235005361147,3.4,21.05944017280348,23.533547637859744,6.4222222222222225,41.67422377151211,46.57019950911395,PPG
TE,2025,00-0038710,Blake Whiteheart,9.0,8.590693491989883,0.37777777777777777,2.4514249277360065,2.7394235005361147,3.4,21.05944017280348,23.533547637859744,6.4222222222222225,41.67422377151211,46.57019950911395,SEASON
TE,2025,00-0038720,Julian Hill,11.0,12.233425107991478,3.5,2.9917978533996785,2.2165449830074753,38.5,36.599934977814634,27.11593704811619,59.5,50.86056350779454,37.68126471112708,PPG
TE,2025,00-0038720,Julian Hill,11.0,12.233425107991478,3.5,2.9917978533996785,2.2165449830074753,38.5,36.599934977814634,27.11593704811619,59.5,50.86056350779454,37.68126471112708,SEASON
TE,2025,00-0038783,Nate Adkins,6.0,12.753815338848849,3.3,3.3954871036066474,3.157503600388862,19.799999999999997,43.30541550484191,40.27021785110993,56.099999999999994,57.723280761313006,53.677561206610655,PPG
TE,2025,00-0038783,Nate Adkins,6.0,12.753815338848849,3.3,3.3954871036066474,3.157503600388862,19.799999999999997,43.30541550484191,40.27021785110993,56.099999999999994,57.723280761313006,53.677561206610655,SEASON
TE,2025,00-0038809,Ben Sims,3.0,7.029522799417771,2.5,2.4679966375997187,3.0175648058062143,7.5,17.34883863289362,21.212040601135442,42.5,41.95594283919522,51.298601698705646,PPG
TE,2025,00-0038809,Ben Sims,3.0,7.029522799417771,2.5,2.4679966375997187,3.0175648058062143,7.5,17.34883863289362,21.212040601135442,42.5,41.95594283919522,51.298601698705646,SEASON
TE,2025,00-0038933,Dalton Kincaid,12.0,11.713034877134106,12.133333333333333,8.910529319967115,9.813716424441786,145.6,104.36934069850086,114.94840275379046,206.26666666666665,151.47899843944094,166.83317921551037,PPG
TE,2025,00-0038933,Dalton Kincaid,12.0,11.713034877134106,12.133333333333333,8.910529319967115,9.813716424441786,145.6,104.36934069850086,114.94840275379046,206.26666666666665,151.47899843944094,166.83317921551037,SEASON
TE,2025,00-0038935,Brenton Strange,12.0,12.233425107991478,11.75,7.7208493191691385,7.198379743818708,141.0,94.45243191614264,88.06083949488904,199.75,131.25443842587535,122.37245564491803,PPG
TE,2025,00-0038935,Brenton Strange,12.0,12.233425107991478,11.75,7.7208493191691385,7.198379743818708,141.0,94.45243191614264,88.06083949488904,199.75,131.25443842587535,122.37245564491803,SEASON
TE,2025,00-0038996,Tucker Kraft,8.0,13.79459580056359,16.650000000000002,9.890460502760774,9.189600698273686,133.20000000000002,136.43490491702383,126.76682720126243,283.05,168.13782854693318,156.22321187065268,PPG
TE,2025,00-0038996,Tucker Kraft,8.0,13.79459580056359,16.650000000000002,9.890460502760774,9.189600698273686,133.20000000000002,136.43490491702383,126.76682720126243,283.05,168.13782854693318,156.22321187065268,SEASON
TE,2025,00-0039041,Elijah Higgins,17.0,12.753815338848849,4.3,3.938821437486062,3.654935478298343,73.1,50.23500126639641,46.61437216562426,73.1,66.95996443726305,62.13390313107183,PPG
TE,2025,00-0039041,Elijah Higgins,17.0,12.753815338848849,4.3,3.938821437486062,3.654935478298343,73.1,50.23500126639641,46.61437216562426,73.1,66.95996443726305,62.13390313107183,SEASON
TE,2025,00-0039050,Payne Durham,8.0,9.111083722847255,0.325,4.327365350987084,4.692255401868239,2.6,39.42698801219162,42.75153181540382,5.525,73.56521096678043,79.76834183176007,PPG
TE,2025,00-0039050,Payne Durham,8.0,9.111083722847255,0.325,4.327365350987084,4.692255401868239,2.6,39.42698801219162,42.75153181540382,5.525,73.56521096678043,79.76834183176007,SEASON
TE,2025,00-0039065,Sam LaPorta,9.0,13.274205569706218,14.100000000000001,11.461224431712,11.151056082560505,126.9,152.1386491870844,148.02141075923106,239.70000000000002,194.84081533910398,189.56795340352858,PPG
TE,2025,00-0039065,Sam LaPorta,9.0,13.274205569706218,14.100000000000001,11.461224431712,11.151056082560505,126.9,152.1386491870844,148.02141075923106,239.70000000000002,194.84081533910398,189.56795340352858,SEASON
TE,2025,00-0039066,Michael Mayer,13.0,10.672254415419365,7.023076923076923,4.585159599759227,4.978853499163066,91.3,48.9339897839329,53.13559124016919,119.3923076923077,77.94771319590686,84.64050948577213,PPG
TE,2025,00-0039066,Michael Mayer,13.0,10.672254415419365,7.023076923076923,4.585159599759227,4.978853499163066,91.3,48.9339897839329,53.13559124016919,119.3923076923077,77.94771319590686,84.64050948577213,SEASON
TE,2025,00-0039074,Davis Allen,15.0,8.590693491989883,4.986666666666667,2.817789326665378,2.9733633932901053,74.80000000000001,24.20676443038282,25.543253552058264,84.77333333333334,47.90241855331143,50.54717768593179,PPG
TE,2025,00-0039074,Davis Allen,15.0,8.590693491989883,4.986666666666667,2.817789326665378,2.9733633932901053,74.80000000000001,24.20676443038282,25.543253552058264,84.77333333333334,47.90241855331143,50.54717768593179,SEASON
TE,2025,00-0039144,Luke Musgrave,13.0,8.590693491989883,4.707692307692308,2.429898401821709,2.871826325034613,61.2,20.874512386726373,24.670979720600073,80.03076923076924,41.30827283096905,48.82104752558842,PPG
TE,2025,00-0039144,Luke Musgrave,13.0,8.590693491989883,4.707692307692308,2.429898401821709,2.871826325034613,61.2,20.874512386726373,24.670979720600073,80.03076923076924,41.30827283096905,48.82104752558842,SEASON
TE,2025,00-0039338,Brock Bowers,12.0,13.79459580056359,17.349999999999998,15.378379867950924,14.814473461497013,208.2,212.13853434590746,204.35967339952745,294.95,261.43245775516573,251.84604884544922,PPG
TE,2025,00-0039338,Brock Bowers,12.0,13.79459580056359,17.349999999999998,15.378379867950924,14.814473461497013,208.2,212.13853434590746,204.35967339952745,294.95,261.43245775516573,251.84604884544922,SEASON
TE,2025,00-0039356,Ja'Tavion Sanders,12.0,12.753815338848849,5.708333333333334,5.734783808975491,5.013140824047393,68.5,73.14037370789364,63.936672337545,97.04166666666667,97.49132475258335,85.22339400880568,PPG
TE,2025,00-0039356,Ja'Tavion Sanders,12.0,12.753815338848849,5.708333333333334,5.734783808975491,5.013140824047393,68.5,73.14037370789364,63.936672337545,97.04166666666667,97.49132475258335,85.22339400880568,SEASON
TE,2025,00-0039359,Cade Stover,6.0,12.233425107991478,4.316666666666666,3.893624439634122,3.5080394200158356,25.9,47.63236298090931,42.915337520645586,73.38333333333333,66.19161547378008,59.6366701402692,PPG
TE,2025,00-0039359,Cade Stover,6.0,12.233425107991478,4.316666666666666,3.893624439634122,3.5080394200158356,25.9,47.63236298090931,42.915337520645586,73.38333333333333,66.19161547378008,59.6366701402692,SEASON
TE,2025,00-0039530,Brevyn Spann-Ford,16.0,10.672254415419365,1.78125,2.578512948904668,2.485148040927603,28.5,27.51854620416385,26.5221321527604,30.28125,43.834720131379356,42.24751669576926,PPG
TE,2025,00-0039530,Brevyn Spann-Ford,16.0,10.672254415419365,1.78125,2.578512948904668,2.485148040927603,28.5,27.51854620416385,26.5221321527604,30.28125,43.834720131379356,42.24751669576926,SEASON
TE,2025,00-0039631,Cam Grandy,2.0,7.029522799417771,1.85,1.651438594112264,2.861111757634283,3.7,11.608825249150591,20.112250331972444,31.450000000000003,28.07445609990849,48.63889987978281,PPG
TE,2025,00-0039631,Cam Grandy,2.0,7.029522799417771,1.85,1.651438594112264,2.861111757634283,3.7,11.608825249150591,20.112250331972444,31.450000000000003,28.07445609990849,48.63889987978281,SEASON
TE,2025,00-0039648,David Martin-Robinson,11.0,7.029522799417771,1.3636363636363635,1.1691348883827501,1.5703205965153038,14.999999999999998,8.218460353481293,11.038604435599643,23.18181818181818,19.875293102506753,26.695450140760165,PPG
TE,2025,00-0039648,David Martin-Robinson,11.0,7.029522799417771,1.3636363636363635,1.1691348883827501,1.5703205965153038,14.999999999999998,8.218460353481293,11.038604435599643,23.18181818181818,19.875293102506753,26.695450140760165,SEASON
TE,2025,00-0039686,Colson Yankoff,10.0,7.029522799417771,0.4800000000000001,0.35752007530360713,0.925128690176399,4.800000000000001,2.513195520596265,6.503213219990496,8.160000000000002,6.077841280161321,15.727187732998782,PPG
TE,2025,00-0039686,Colson Yankoff,10.0,7.029522799417771,0.4800000000000001,0.35752007530360713,0.925128690176399,4.800000000000001,2.513195520596265,6.503213219990496,8.160000000000002,6.077841280161321,15.727187732998782,SEASON
TE,2025,00-0039737,Tip Reiman,3.0,9.111083722847255,2.1,2.008313171711477,1.9990079244729688,6.300000000000001,18.29790944916018,18.21312856250834,35.7,34.14132391909511,33.98313471604047,PPG
TE,2025,00-0039737,Tip Reiman,3.0,9.111083722847255,2.1,2.008313171711477,1.9990079244729688,6.300000000000001,18.29790944916018,18.21312856250834,35.7,34.14132391909511,33.98313471604047,SEASON
TE,2025,00-0039793,AJ Barner,17.0,12.753815338848849,10.194117647058823,5.706510903366435,5.11513604248042,173.29999999999998,72.77978629066304,65.23750051888537,173.29999999999998,97.01068535722939,86.95731272216713,PPG
TE,2025,00-0039793,AJ Barner,17.0,12.753815338848849,10.194117647058823,5.706510903366435,5.11513604248042,173.29999999999998,72.77978629066304,65.23750051888537,173.29999999999998,97.01068535722939,86.95731272216713,SEASON
TE,2025,00-0039847,Theo Johnson,15.0,10.672254415419365,10.02,8.17414744470232,8.144408310270206,150.29999999999998,87.23658115901327,86.91919755025938,170.34,138.96050655993946,138.4549412745935,PPG
TE,2025,00-0039847,Theo Johnson,15.0,10.672254415419365,10.02,8.17414744470232,8.144408310270206,150.29999999999998,87.23658115901327,86.91919755025938,170.34,138.96050655993946,138.4549412745935,SEASON
TE,2025,00-0039912,Ben Sinnott,9.0,8.590693491989883,3.7666666666666666,1.4094607654533338,2.719614405474178,33.9,12.108245424995033,23.363373773828958,64.03333333333333,23.960833012706672,46.23344489306103,PPG
TE,2025,00-0039912,Ben Sinnott,9.0,8.590693491989883,3.7666666666666666,1.4094607654533338,2.719614405474178,33.9,12.108245424995033,23.363373773828958,64.03333333333333,23.960833012706672,46.23344489306103,SEASON
