schema,league_id,season,player_id,canonical_player_id,sleeper_id,name,team,position,projection_scope,model_selected,model_status,projection_source,projection_basis,interval_source,projection_points,projection_ppg,p10,p25,p50,p75,p90,position_rank,overall_rank,replacement_points,vorp,adp,adp_key,market_position_rank,market_overall_rank,rank_edge_position,rank_edge_overall,value_label,actionable_signal,confidence,current_player_match,current_active,injury_status,draft_relevant,within_draft_horizon,within_watchlist_horizon,adp_change_from_open,adp_change_7d,adp_change_21d,reason_codes,research_challenger_model,research_challenger_projection,research_challenger_delta,research_challenger_status,v972_validation_mean_improvement,v972_validation_ci95_low,v972_validation_ci95_high,v972_validation_positive_folds,v972_validation_folds,preseason_challenger_model,preseason_challenger_projection,preseason_challenger_delta_vs_sleeper,preseason_challenger_raw_fie_projection,preseason_challenger_signal_z,preseason_challenger_signal_percentile,preseason_challenger_signal_extremity,preseason_challenger_reliability,preseason_challenger_correction_cap,preseason_challenger_role_cohort,preseason_challenger_status,preseason_challenger_exact_scoring,preseason_challenger_team_changed,preseason_challenger_transition_status,preseason_challenger_gate_status,preseason_challenger_applied
fie-final-league-board-v1,1399318410818519040,2026,00-0034857,00-0034857,4984,Josh Allen,BUF,QB,SEASON,M9,BLOCKED_STATISTICS,FIE_M9_DIAGNOSTIC_MARKET_ANCHORED,DIAGNOSTIC_MARKET_ANCHORED,DIAGNOSTIC_MARKET_ANCHORED,341.5767649175175,20.092750877501032,291.6593822159399,314.9611679311381,341.0729991587817,367.8141912304087,391.3103898751664,1.0,1.0,239.9427249710953,101.6340399464222,21.0,adp_ppr,1.0,21.0,0.0,20.0,FAIR,False,66.0,True,True,,True,True,True,0.6000000000000014,0.6000000000000014,0.6000000000000014,"['LEAGUE_SPECIFIC_VORP', 'RELEVANT_UNIVERSE_RANK_EDGE', 'M9_PRODUCTION_MODEL', 'CURRENT_PLAYER_MATCH']",V9.7.2,415.4047650326985,73.828000115181,validated_component_shadow,0.0664906608799572,0.0186205343989893,0.1313625026084561,4.0,4.0,M9.1c,421.4561700586254,5.956170058625389,413.5019695202609,0.3463296846614698,0.6666666666666666,0.3333333333333332,0.6230303408603937,48.0676655601896,CLEAR_STARTER,RESEARCH_ONLY_EXACT_REPLAY,True,False,STABLE_TEAM,BLOCKED_MISSING_HISTORICAL_SLEEPER_BASELINE,True
fie-final-league-board-v1,1399318410818519040,2026,00-0035228,00-0035228,5849,Kyler Murray,MIN,QB,SEASON,M9,BLOCKED_STATISTICS,FIE_M9_DIAGNOSTIC_MARKET_ANCHORED,DIAGNOSTIC_MARKET_ANCHORED,DIAGNOSTIC_MARKET_ANCHORED,327.06,19.238823529411764,279.7724522050136,301.07650884298545,326.07028419229147,352.39729063747427,375.61645824130414,2.0,2.0,239.9427249710953,87.11727502890471,161.6,adp_ppr,19.0,141.0,17.0,139.0,VALUE,True,55.0,True,True,,True,False,True,9.400000000000006,9.400000000000006,9.400000000000006,"['LEAGUE_SPECIFIC_VORP', 'RELEVANT_UNIVERSE_RANK_EDGE', 'M9_PRODUCTION_MODEL', 'CURRENT_PLAYER_MATCH']",,,,team_change_guardrail,0.0664906608799572,0.0186205343989893,0.1313625026084561,4.0,4.0,M9.1c,327.06,0.0,294.0008739823531,,,,,,STARTER,RESEARCH_ONLY_TRANSITION_EXACT_REPLAY,True,True,NEW_TEAM_CONTEXT_REBUILT_V3,BLOCKED_MISSING_HISTORICAL_SLEEPER_BASELINE,False
fie-final-league-board-v1,1399318410818519040,2026,00-0037834,00-0037834,8183,Brock Purdy,SF,QB,SEASON,M9,BLOCKED_STATISTICS,FIE_M9_DIAGNOSTIC_MARKET_ANCHORED,DIAGNOSTIC_MARKET_ANCHORED,DIAGNOSTIC_MARKET_ANCHORED,323.46580396776403,19.027400233397884,274.18103353726343,296.9854763373988,323.2713670777157,348.6480087585978,372.8125422037044,3.0,3.0,239.9427249710953,83.52307899666874,123.3,adp_ppr,15.0,117.0,12.0,114.0,VALUE,True,64.0,True,True,,True,True,True,1.2999999999999972,1.2999999999999972,1.2999999999999972,"['LEAGUE_SPECIFIC_VORP', 'RELEVANT_UNIVERSE_RANK_EDGE', 'M9_PRODUCTION_MODEL', 'CURRENT_PLAYER_MATCH']",V9.7.2,307.33032399374986,-16.135479974014174,validated_component_shadow,0.0664906608799572,0.0186205343989893,0.1313625026084561,4.0,4.0,M9.1c,372.12,8.920000000000016,395.3910085705074,1.8331753007084035,1.0,1.0,0.8563200054523095,8.920000000000016,CLEAR_STARTER,RESEARCH_ONLY_EXACT_REPLAY,True,False,STABLE_TEAM,BLOCKED_MISSING_HISTORICAL_SLEEPER_BASELINE,True
fie-final-league-board-v1,1399318410818519040,2026,00-0039851,00-0039851,11564,Drake Maye,NE,QB,SEASON,M9,BLOCKED_STATISTICS,FIE_M9_DIAGNOSTIC_MARKET_ANCHORED,DIAGNOSTIC_MARKET_ANCHORED,DIAGNOSTIC_MARKET_ANCHORED,316.639768888698,18.625868758158703,268.15283394322347,290.4175770446057,315.6592270591217,341.6466061211059,366.66153935502416,4.0,4.0,239.9427249710953,76.69704391760268,47.1,adp_ppr,3.0,47.0,-1.0,43.0,FAIR,False,66.0,True,True,,True,True,True,-0.6999999999999957,-0.6999999999999957,-0.6999999999999957,"['LEAGUE_SPECIFIC_VORP', 'RELEVANT_UNIVERSE_RANK_EDGE', 'M9_PRODUCTION_MODEL', 'CURRENT_PLAYER_MATCH']",V9.7.2,401.8088273714606,85.16905848276264,validated_component_shadow,0.0664906608799572,0.0186205343989893,0.1313625026084561,4.0,4.0,M9.1c,392.1339340497548,13.37393404975478,388.5649734914413,0.8940080016366241,0.8888888888888888,0.7777777777777777,0.8265719437425703,15.560000000000002,CLEAR_STARTER,RESEARCH_ONLY_EXACT_REPLAY,True,False,STABLE_TEAM,BLOCKED_MISSING_HISTORICAL_SLEEPER_BASELINE,True
fie-final-league-board-v1,1399318410818519040,2026,00-0038128,00-0038128,8161,Malik Willis,MIA,QB,SEASON,M9,BLOCKED_STATISTICS,FIE_M9_DIAGNOSTIC_MARKET_ANCHORED,DIAGNOSTIC_MARKET_ANCHORED,DIAGNOSTIC_MARKET_ANCHORED,304.12,17.889411764705883,256.5217282730986,278.34820885119296,303.34515020492614,329.2932501161166,353.48131297349,5.0,9.0,239.9427249710953,64.17727502890472,208.4,adp_ppr,25.0,177.0,20.0,168.0,STRONG_VALUE,True,55.0,True,True,,True,False,True,0.0,0.0,0.0,"['LEAGUE_SPECIFIC_VORP', 'RELEVANT_UNIVERSE_RANK_EDGE', 'M9_PRODUCTION_MODEL', 'CURRENT_PLAYER_MATCH']",,,,team_change_guardrail,0.0664906608799572,0.0186205343989893,0.1313625026084561,4.0,4.0,M9.1c,281.95157549166026,-22.16842450833974,203.5013486068021,-3.2205375658333177,0.0555555555555555,0.8888888888888888,0.4514954075018275,28.399999999999977,CLEAR_STARTER,RESEARCH_ONLY_TRANSITION_EXACT_REPLAY,True,True,NEW_TEAM_CONTEXT_REBUILT_V3,BLOCKED_MISSING_HISTORICAL_SLEEPER_BASELINE,True
fie-final-league-board-v1,1399318410818519040,2026,00-0033873,00-0033873,4046,Patrick Mahomes,KC,QB,SEASON,M9,BLOCKED_STATISTICS,FIE_M9_DIAGNOSTIC_MARKET_ANCHORED,DIAGNOSTIC_MARKET_ANCHORED,DIAGNOSTIC_MARKET_ANCHORED,296.2503057774876,17.42648857514633,247.8767408960623,270.4662644967348,295.598183010331,320.97655438069296,345.36745019719484,6.0,10.0,239.9427249710953,56.30758080639231,110.0,adp_ppr,13.0,106.0,7.0,96.0,FAIR,False,65.0,True,True,,True,True,True,-0.2000000000000028,-0.2000000000000028,-0.2000000000000028,"['LEAGUE_SPECIFIC_VORP', 'RELEVANT_UNIVERSE_RANK_EDGE', 'M9_PRODUCTION_MODEL', 'CURRENT_PLAYER_MATCH']",V9.7.2,339.5118856935284,43.26157991604083,validated_component_shadow,0.0664906608799572,0.0186205343989893,0.1313625026084561,4.0,4.0,M9.1c,348.82000000000005,4.140000000000043,368.175510380231,1.7618817172892207,1.0,1.0,0.9276639309368496,4.140000000000043,CLEAR_STARTER,RESEARCH_ONLY_EXACT_REPLAY,True,False,STABLE_TEAM,BLOCKED_MISSING_HISTORICAL_SLEEPER_BASELINE,True
fie-final-league-board-v1,1399318410818519040,2026,00-0036389,00-0036389,6904,Jalen Hurts,PHI,QB,SEASON,M9,BLOCKED_STATISTICS,FIE_M9_DIAGNOSTIC_MARKET_ANCHORED,DIAGNOSTIC_MARKET_ANCHORED,DIAGNOSTIC_MARKET_ANCHORED,283.2599713339441,16.662351254937885,234.96669844963947,257.44772771788,282.79934511886387,308.43607261161395,331.7858042278212,7.0,13.0,239.9427249710953,43.317246362848834,60.0,adp_ppr,5.0,60.0,-2.0,47.0,FAIR,False,66.0,True,True,,True,True,True,0.1000000000000014,0.1000000000000014,0.1000000000000014,"['LEAGUE_SPECIFIC_VORP', 'RELEVANT_UNIVERSE_RANK_EDGE', 'M9_PRODUCTION_MODEL', 'CURRENT_PLAYER_MATCH']",V9.7.2,347.4901403368216,64.23016900287746,validated_component_shadow,0.0664906608799572,0.0186205343989893,0.1313625026084561,4.0,4.0,M9.1c,356.7790972141775,4.239097214177548,355.1851759366876,0.7042728985776125,0.7777777777777778,0.5555555555555556,0.9096775137720186,4.819999999999936,CLEAR_STARTER,RESEARCH_ONLY_EXACT_REPLAY,True,False,STABLE_TEAM,BLOCKED_MISSING_HISTORICAL_SLEEPER_BASELINE,True
fie-final-league-board-v1,1399318410818519040,2026,00-0033077,00-0033077,3294,Dak Prescott,DAL,QB,SEASON,M9,BLOCKED_STATISTICS,FIE_M9_DIAGNOSTIC_MARKET_ANCHORED,DIAGNOSTIC_MARKET_ANCHORED,DIAGNOSTIC_MARKET_ANCHORED,281.6812199120756,16.569483524239743,232.6798350855854,254.9028651378365,281.26117284486975,307.4509671954566,331.42159589630586,8.0,14.0,239.9427249710953,41.73849494098033,77.5,adp_ppr,8.0,77.0,0.0,63.0,FAIR,False,66.0,True,True,,True,True,True,1.0,1.0,1.0,"['LEAGUE_SPECIFIC_VORP', 'RELEVANT_UNIVERSE_RANK_EDGE', 'M9_PRODUCTION_MODEL', 'CURRENT_PLAYER_MATCH']",V9.7.2,344.13049947492846,62.44927956285284,validated_component_shadow,0.0664906608799572,0.0186205343989893,0.1313625026084561,4.0,4.0,M9.1c,370.8229881676448,4.942988167644842,353.60642451481897,0.1229124839979652,0.6666666666666666,0.3333333333333332,0.8522393392491128,10.54000000000002,CLEAR_STARTER,RESEARCH_ONLY_EXACT_REPLAY,True,False,STABLE_TEAM,BLOCKED_MISSING_HISTORICAL_SLEEPER_BASELINE,True
fie-final-league-board-v1,1399318410818519040,2026,00-0026498,00-0026498,421,Matthew Stafford,LAR,QB,SEASON,M9,BLOCKED_STATISTICS,FIE_M9_DIAGNOSTIC_MARKET_ANCHORED,DIAGNOSTIC_MARKET_ANCHORED,DIAGNOSTIC_MARKET_ANCHORED,280.22,16.483529411764707,233.29229458450789,254.7756561850973,279.46995191166803,304.9229365923422,328.339652400698,9.0,15.0,239.9427249710953,40.27727502890474,95.3,adp_ppr,11.0,93.0,2.0,78.0,FAIR,False,55.0,True,True,,True,True,True,-0.6000000000000085,-0.6000000000000085,-0.6000000000000085,"['LEAGUE_SPECIFIC_VORP', 'RELEVANT_UNIVERSE_RANK_EDGE', 'M9_PRODUCTION_MODEL', 'CURRENT_PLAYER_MATCH']",,,,team_change_guardrail,0.0664906608799572,0.0186205343989893,0.1313625026084561,4.0,4.0,M9.1c,298.67273079764146,18.45273079764144,362.34505042474,3.9243433191071584,1.0,1.0,0.647010196270738,34.71999999999997,CLEAR_STARTER,RESEARCH_ONLY_EXACT_REPLAY,True,False,STABLE_TEAM,BLOCKED_MISSING_HISTORICAL_SLEEPER_BASELINE,True
fie-final-league-board-v1,1399318410818519040,2026,00-0036971,00-0036971,7523,Trevor Lawrence,JAX,QB,SEASON,M9,BLOCKED_STATISTICS,FIE_M9_DIAGNOSTIC_MARKET_ANCHORED,DIAGNOSTIC_MARKET_ANCHORED,DIAGNOSTIC_MARKET_ANCHORED,273.1395234743202,16.06703079260707,223.5431248969262,246.3562847493905,271.9726958960512,299.0379124780548,323.2610308083342,10.0,17.0,239.9427249710953,33.1967985032249,100.7,adp_ppr,12.0,97.0,2.0,80.0,FAIR,False,66.0,True,True,,True,True,True,0.2999999999999971,0.2999999999999971,0.2999999999999971,"['LEAGUE_SPECIFIC_VORP', 'RELEVANT_UNIVERSE_RANK_EDGE', 'M9_PRODUCTION_MODEL', 'CURRENT_PLAYER_MATCH']",V9.7.2,377.0960504865067,103.95652701218654,validated_component_shadow,0.0664906608799572,0.0186205343989893,0.1313625026084561,4.0,4.0,M9.1c,357.945185608443,2.525185608443053,345.06472807706353,0.2320459377559931,0.6666666666666666,0.3333333333333332,0.8891498621278258,7.699999999999932,CLEAR_STARTER,RESEARCH_ONLY_EXACT_REPLAY,True,False,STABLE_TEAM,BLOCKED_MISSING_HISTORICAL_SLEEPER_BASELINE,True
fie-final-league-board-v1,1399318410818519040,2026,00-0039910,00-0039910,11566,Jayden Daniels,WAS,QB,SEASON,M9,BLOCKED_STATISTICS,FIE_M9_DIAGNOSTIC_MARKET_ANCHORED,DIAGNOSTIC_MARKET_ANCHORED,DIAGNOSTIC_MARKET_ANCHORED,258.7412451437631,15.22007324375077,210.12466505592,232.5082707145124,257.93873387720066,284.11333196221653,307.8732058044678,11.0,23.0,239.9427249710953,18.798520172667796,66.6,adp_ppr,6.0,66.0,-5.0,43.0,FAIR,False,63.0,True,True,,True,True,True,-0.2000000000000028,-0.2000000000000028,-0.2000000000000028,"['LEAGUE_SPECIFIC_VORP', 'RELEVANT_UNIVERSE_RANK_EDGE', 'M9_PRODUCTION_MODEL', 'CURRENT_PLAYER_MATCH']",V9.7.2,278.60806681980216,19.86682167603908,validated_component_shadow,0.0664906608799572,0.0186205343989893,0.1313625026084561,4.0,4.0,M9.1c,354.335986827382,3.61598682738196,330.6664497465065,0.3428090420831409,0.6666666666666666,0.3333333333333332,0.9248048151872053,4.619999999999948,CLEAR_STARTER,RESEARCH_ONLY_EXACT_REPLAY,True,False,STABLE_TEAM,BLOCKED_MISSING_HISTORICAL_SLEEPER_BASELINE,True
fie-final-league-board-v1,1399318410818519040,2026,00-0034796,00-0034796,4881,Lamar Jackson,BAL,QB,SEASON,M9,BLOCKED_STATISTICS,FIE_M9_DIAGNOSTIC_MARKET_ANCHORED,DIAGNOSTIC_MARKET_ANCHORED,DIAGNOSTIC_MARKET_ANCHORED,255.22152775948652,15.01303104467568,206.13311717171496,229.30250653146007,255.06091579634705,280.4623822915538,304.24153654827126,12.0,24.0,239.9427249710953,15.27880278839126,31.2,adp_ppr,2.0,31.0,-10.0,7.0,OVERPRICED,True,65.0,True,True,,True,True,True,0.1999999999999993,0.1999999999999993,0.1999999999999993,"['LEAGUE_SPECIFIC_VORP', 'RELEVANT_UNIVERSE_RANK_EDGE', 'M9_PRODUCTION_MODEL', 'CURRENT_PLAYER_MATCH']",V9.7.2,321.62332545450795,66.4017976950214,validated_component_shadow,0.0664906608799572,0.0186205343989893,0.1313625026084561,4.0,4.0,M9.1c,373.5839390746835,-6.416060925316515,327.14673236222995,-0.6744907594765952,0.3333333333333333,0.3333333333333333,0.8204681490174582,16.80000000000001,CLEAR_STARTER,RESEARCH_ONLY_EXACT_REPLAY,True,False,STABLE_TEAM,BLOCKED_MISSING_HISTORICAL_SLEEPER_BASELINE,True
fie-final-league-board-v1,1399318410818519040,2026,00-0040743,00-0040743,12545,Tyler Shough,NO,QB,SEASON,M9,BLOCKED_STATISTICS,FIE_M9_DIAGNOSTIC_MARKET_ANCHORED,DIAGNOSTIC_MARKET_ANCHORED,DIAGNOSTIC_MARKET_ANCHORED,251.0141978637,14.76554105080588,202.64390819234023,225.42749577190168,251.06511668501307,276.3251073340872,298.9798663922097,13.0,26.0,239.9427249710953,11.071472892604705,187.3,adp_ppr,22.0,160.0,9.0,134.0,VALUE,True,64.0,True,True,,True,False,True,-1.3999999999999773,-1.3999999999999773,-1.3999999999999773,"['LEAGUE_SPECIFIC_VORP', 'RELEVANT_UNIVERSE_RANK_EDGE', 'M9_PRODUCTION_MODEL', 'CURRENT_PLAYER_MATCH']",V9.7.2,254.5883957913793,3.5741979276793074,validated_component_shadow,0.0664906608799572,0.0186205343989893,0.1313625026084561,4.0,4.0,M9.1c,320.38330866597914,5.443308665979146,322.93940246644337,1.8300745520024584,0.8888888888888888,0.7777777777777777,0.7710068931981695,25.59999999999997,CLEAR_STARTER,RESEARCH_ONLY_EXACT_REPLAY,True,False,STABLE_TEAM,BLOCKED_MISSING_HISTORICAL_SLEEPER_BASELINE,True
fie-final-league-board-v1,1399318410818519040,2026,00-0041562,00-0041562,13269,Fernando Mendoza,LV,QB,SEASON,M9,BLOCKED_STATISTICS,FIE_M9_DIAGNOSTIC_MARKET_ANCHORED,DIAGNOSTIC_MARKET_ANCHORED,DIAGNOSTIC_MARKET_ANCHORED,250.16,14.715294117647058,203.81593471476216,225.9030036776133,249.14645884686627,274.17482115300146,296.7455646213812,14.0,27.0,239.9427249710953,10.217275028904709,183.6,adp_ppr,21.0,156.0,7.0,129.0,FAIR,False,62.0,True,True,,True,False,True,0.2999999999999829,0.2999999999999829,0.2999999999999829,"['LEAGUE_SPECIFIC_VORP', 'RELEVANT_UNIVERSE_RANK_EDGE', 'M9_PRODUCTION_MODEL', 'CURRENT_PLAYER_MATCH']",,,,prior_season_profile_unavailable,0.0664906608799572,0.0186205343989893,0.1313625026084561,4.0,4.0,M9.1c,250.16,0.0,,,,,,,STARTER,BASELINE_ONLY,False,False,NO_PROFILE,BLOCKED_MISSING_HISTORICAL_SLEEPER_BASELINE,False
fie-final-league-board-v1,1399318410818519040,2026,00-0036355,00-0036355,6797,Justin Herbert,LAC,QB,SEASON,M9,BLOCKED_STATISTICS,FIE_M9_DIAGNOSTIC_MARKET_ANCHORED,DIAGNOSTIC_MARKET_ANCHORED,DIAGNOSTIC_MARKET_ANCHORED,245.3504263713848,14.432378021846164,196.286822124576,218.7097903811424,244.7298285503308,271.2315235421036,295.1880650375499,15.0,30.0,239.9427249710953,5.407701400289511,82.1,adp_ppr,9.0,82.0,-6.0,52.0,FAIR,False,66.0,True,True,,True,True,True,-0.2000000000000028,-0.2000000000000028,-0.2000000000000028,"['LEAGUE_SPECIFIC_VORP', 'RELEVANT_UNIVERSE_RANK_EDGE', 'M9_PRODUCTION_MODEL', 'CURRENT_PLAYER_MATCH']",V9.7.2,349.16431045929454,103.81388408790974,validated_component_shadow,0.0664906608799572,0.0186205343989893,0.1313625026084561,4.0,4.0,M9.1c,348.87257221139544,1.392572211395418,317.27563097412815,0.0,0.5555555555555556,0.1111111111111111,0.9283814742636024,4.020000000000039,CLEAR_STARTER,RESEARCH_ONLY_EXACT_REPLAY,True,False,STABLE_TEAM,BLOCKED_MISSING_HISTORICAL_SLEEPER_BASELINE,True
fie-final-league-board-v1,1399318410818519040,2026,00-0035710,00-0035710,5870,Daniel Jones,IND,QB,SEASON,M9,BLOCKED_STATISTICS,FIE_M9_DIAGNOSTIC_MARKET_ANCHORED,DIAGNOSTIC_MARKET_ANCHORED,DIAGNOSTIC_MARKET_ANCHORED,244.4629461169509,14.380173300997114,198.10627222599928,219.52252791736043,243.79736481647544,268.4233614512631,292.0299729575444,16.0,31.0,239.9427249710953,4.520221145855601,204.2,adp_ppr,23.0,173.0,7.0,142.0,FAIR,False,65.0,True,True,,True,False,True,1.6999999999999886,1.6999999999999886,1.6999999999999886,"['LEAGUE_SPECIFIC_VORP', 'RELEVANT_UNIVERSE_RANK_EDGE', 'M9_PRODUCTION_MODEL', 'CURRENT_PLAYER_MATCH']",V9.7.2,311.3133964646193,66.85045034766841,validated_component_shadow,0.0664906608799572,0.0186205343989893,0.1313625026084561,4.0,4.0,M9.1c,261.54,0.0,316.38815071969424,,,,,,STARTER,RESEARCH_ONLY_EXACT_REPLAY,True,False,STABLE_TEAM,BLOCKED_MISSING_HISTORICAL_SLEEPER_BASELINE,False
fie-final-league-board-v1,1399318410818519040,2026,00-0039732,00-0039732,11563,Bo Nix,DEN,QB,SEASON,M9,BLOCKED_STATISTICS,FIE_M9_DIAGNOSTIC_MARKET_ANCHORED,DIAGNOSTIC_MARKET_ANCHORED,DIAGNOSTIC_MARKET_ANCHORED,237.92190919327552,13.99540642313385,189.44035371984947,211.9605152782897,237.56929815844572,262.89906517111376,287.48870238021993,17.0,38.0,239.9427249710953,-2.020815777819763,116.5,adp_ppr,14.0,112.0,-3.0,74.0,FAIR,False,66.0,True,True,,True,True,True,-1.0999999999999943,-1.0999999999999943,-1.0999999999999943,"['LEAGUE_SPECIFIC_VORP', 'RELEVANT_UNIVERSE_RANK_EDGE', 'M9_PRODUCTION_MODEL', 'CURRENT_PLAYER_MATCH']",V9.7.2,380.90237571772064,142.98046652444512,validated_component_shadow,0.0664906608799572,0.0186205343989893,0.1313625026084561,4.0,4.0,M9.1c,347.6087663004887,-0.111233699511331,309.8471137960189,-0.2520164566117305,0.4444444444444444,0.1111111111111111,0.9269474959277596,4.260000000000048,CLEAR_STARTER,RESEARCH_ONLY_EXACT_REPLAY,True,False,STABLE_TEAM,BLOCKED_MISSING_HISTORICAL_SLEEPER_BASELINE,True
fie-final-league-board-v1,1399318410818519040,2026,00-0036442,00-0036442,6770,Joe Burrow,CIN,QB,SEASON,M9,BLOCKED_STATISTICS,FIE_M9_DIAGNOSTIC_MARKET_ANCHORED,DIAGNOSTIC_MARKET_ANCHORED,DIAGNOSTIC_MARKET_ANCHORED,235.76750635470452,13.868676844394386,186.7732953276246,209.3920728921052,234.94784720828088,261.53094876235434,285.8744577649689,18.0,40.0,239.9427249710953,-4.175218616390737,51.4,adp_ppr,4.0,51.0,-14.0,11.0,OVERPRICED,True,64.0,True,True,,True,True,True,-1.1000000000000014,-1.1000000000000014,-1.1000000000000014,"['LEAGUE_SPECIFIC_VORP', 'RELEVANT_UNIVERSE_RANK_EDGE', 'M9_PRODUCTION_MODEL', 'CURRENT_PLAYER_MATCH']",V9.7.2,268.3409037330003,32.57339737829574,validated_component_shadow,0.0664906608799572,0.0186205343989893,0.1313625026084561,4.0,4.0,M9.1c,364.1483798596683,-7.971620140331709,307.692710957448,-1.0972157392951534,0.2222222222222222,0.5555555555555556,0.8608661058673555,8.920000000000016,CLEAR_STARTER,RESEARCH_ONLY_EXACT_REPLAY,True,False,STABLE_TEAM,BLOCKED_MISSING_HISTORICAL_SLEEPER_BASELINE,True
fie-final-league-board-v1,1399318410818519040,2026,00-0034855,00-0034855,4892,Baker Mayfield,TB,QB,SEASON,M9,BLOCKED_STATISTICS,FIE_M9_DIAGNOSTIC_MARKET_ANCHORED,DIAGNOSTIC_MARKET_ANCHORED,DIAGNOSTIC_MARKET_ANCHORED,233.83275667935115,13.754868039961837,185.64499904589783,207.66517918922128,232.8676115769032,259.0136232946685,283.6846972619642,19.0,41.0,239.9427249710953,-6.1099682917441385,143.3,adp_ppr,17.0,130.0,-2.0,89.0,FAIR,False,66.0,True,True,,True,True,True,-0.0999999999999943,-0.0999999999999943,-0.0999999999999943,"['LEAGUE_SPECIFIC_VORP', 'RELEVANT_UNIVERSE_RANK_EDGE', 'M9_PRODUCTION_MODEL', 'CURRENT_PLAYER_MATCH']",V9.7.2,317.1014985568748,83.26874187752358,validated_component_shadow,0.0664906608799572,0.0186205343989893,0.1313625026084561,4.0,4.0,M9.1c,331.4608833198176,4.580883319817588,305.7579612820945,0.569729939124221,0.7777777777777778,0.5555555555555556,0.8268742454544272,13.659999999999968,CLEAR_STARTER,RESEARCH_ONLY_EXACT_REPLAY,True,False,STABLE_TEAM,BLOCKED_MISSING_HISTORICAL_SLEEPER_BASELINE,True
fie-final-league-board-v1,1399318410818519040,2026,00-0033106,00-0033106,3163,Jared Goff,DET,QB,SEASON,M9,BLOCKED_STATISTICS,FIE_M9_DIAGNOSTIC_MARKET_ANCHORED,DIAGNOSTIC_MARKET_ANCHORED,DIAGNOSTIC_MARKET_ANCHORED,230.0151006375121,13.53030003750071,181.2407217514344,203.94855735937867,229.51864244723225,255.5294592283072,279.3655483338922,20.0,44.0,239.9427249710953,-9.927624333583196,131.7,adp_ppr,16.0,122.0,-4.0,78.0,FAIR,False,66.0,True,True,,True,True,True,-1.200000000000017,-1.200000000000017,-1.200000000000017,"['LEAGUE_SPECIFIC_VORP', 'RELEVANT_UNIVERSE_RANK_EDGE', 'M9_PRODUCTION_MODEL', 'CURRENT_PLAYER_MATCH']",V9.7.2,352.3195026124696,122.3044019749575,validated_component_shadow,0.0664906608799572,0.0186205343989893,0.1313625026084561,4.0,4.0,M9.1c,342.1939721101579,-1.2660278898420645,301.94030524025544,-0.1517899086297796,0.4444444444444444,0.1111111111111111,0.9043056356014616,4.260000000000048,CLEAR_STARTER,RESEARCH_ONLY_EXACT_REPLAY,True,False,STABLE_TEAM,BLOCKED_MISSING_HISTORICAL_SLEEPER_BASELINE,True
fie-final-league-board-v1,1399318410818519040,2026,00-0039918,00-0039918,11560,Caleb Williams,CHI,QB,SEASON,M9,BLOCKED_STATISTICS,FIE_M9_DIAGNOSTIC_MARKET_ANCHORED,DIAGNOSTIC_MARKET_ANCHORED,DIAGNOSTIC_MARKET_ANCHORED,218.9741889779224,12.880834645760142,170.2123505526363,192.9441046644262,218.66385715091863,244.25405066540432,267.1859649309282,21.0,54.0,239.9427249710953,-20.96853599317288,71.0,adp_ppr,7.0,71.0,-14.0,17.0,OVERPRICED,True,66.0,True,True,,True,True,True,-0.2999999999999971,-0.2999999999999971,-0.2999999999999971,"['LEAGUE_SPECIFIC_VORP', 'RELEVANT_UNIVERSE_RANK_EDGE', 'M9_PRODUCTION_MODEL', 'CURRENT_PLAYER_MATCH']",V9.7.2,370.002614511362,151.02842553343956,validated_component_shadow,0.0664906608799572,0.0186205343989893,0.1313625026084561,4.0,4.0,M9.1c,349.59319714044165,-5.746802859558329,290.8993935806658,-2.2125676553993348,0.1111111111111111,0.7777777777777778,0.8895979658759058,7.619999999999948,CLEAR_STARTER,RESEARCH_ONLY_EXACT_REPLAY,True,False,STABLE_TEAM,BLOCKED_MISSING_HISTORICAL_SLEEPER_BASELINE,True
fie-final-league-board-v1,1399318410818519040,2026,00-0036264,00-0036264,6804,Jordan Love,GB,QB,SEASON,M9,BLOCKED_STATISTICS,FIE_M9_DIAGNOSTIC_MARKET_ANCHORED,DIAGNOSTIC_MARKET_ANCHORED,DIAGNOSTIC_MARKET_ANCHORED,212.1516353342353,12.47950796083737,163.56504678043845,186.05358205821844,212.01370767567,237.1905740027448,261.0973342959694,22.0,57.0,239.9427249710953,-27.791089636859997,150.7,adp_ppr,18.0,136.0,-4.0,79.0,FAIR,False,65.0,True,True,,True,False,True,-0.9000000000000057,-0.9000000000000057,-0.9000000000000057,"['LEAGUE_SPECIFIC_VORP', 'RELEVANT_UNIVERSE_RANK_EDGE', 'M9_PRODUCTION_MODEL', 'CURRENT_PLAYER_MATCH']",V9.7.2,314.0781645629628,101.9265292287275,validated_component_shadow,0.0664906608799572,0.0186205343989893,0.1313625026084561,4.0,4.0,M9.1c,323.4743401168592,-9.045659883140786,284.0768399369787,-0.6744907594765952,0.3333333333333333,0.3333333333333333,0.8344704689244272,12.160000000000023,CLEAR_STARTER,RESEARCH_ONLY_EXACT_REPLAY,True,False,STABLE_TEAM,BLOCKED_MISSING_HISTORICAL_SLEEPER_BASELINE,True
fie-final-league-board-v1,1399318410818519040,2026,00-0040691,00-0040691,12508,Jaxson Dart,NYG,QB,SEASON,M9,BLOCKED_STATISTICS,FIE_M9_DIAGNOSTIC_MARKET_ANCHORED,DIAGNOSTIC_MARKET_ANCHORED,DIAGNOSTIC_MARKET_ANCHORED,209.20552104398843,12.306207120234614,160.51620248222216,183.1264502419979,208.7719480455657,234.42996288440256,258.35620373259667,23.0,60.0,239.9427249710953,-30.73720392710686,94.5,adp_ppr,10.0,92.0,-13.0,32.0,OVERPRICED,True,65.0,True,True,,True,True,True,-0.2999999999999971,-0.2999999999999971,-0.2999999999999971,"['LEAGUE_SPECIFIC_VORP', 'RELEVANT_UNIVERSE_RANK_EDGE', 'M9_PRODUCTION_MODEL', 'CURRENT_PLAYER_MATCH']",V9.7.2,312.5649880432731,103.35946699928468,validated_component_shadow,0.0664906608799572,0.0186205343989893,0.1313625026084561,4.0,4.0,M9.1c,333.3599999999999,-7.180000000000064,281.13072564673183,-1.979074818898108,0.1111111111111111,0.7777777777777778,0.8799369482514448,7.180000000000064,CLEAR_STARTER,RESEARCH_ONLY_EXACT_REPLAY,True,False,STABLE_TEAM,BLOCKED_MISSING_HISTORICAL_SLEEPER_BASELINE,True
fie-final-league-board-v1,1399318410818519040,2026,00-0034869,00-0034869,4943,Sam Darnold,SEA,QB,SEASON,M9,BLOCKED_STATISTICS,FIE_M9_DIAGNOSTIC_MARKET_ANCHORED,DIAGNOSTIC_MARKET_ANCHORED,DIAGNOSTIC_MARKET_ANCHORED,197.24160945654583,11.60244761509093,149.27165310099016,171.14168263853682,196.9851350061111,222.5038506451764,245.8362990051436,24.0,72.0,239.9427249710953,-42.70111551454946,163.0,adp_ppr,20.0,142.0,-4.0,70.0,FAIR,False,66.0,True,True,,True,False,True,-0.0999999999999943,-0.0999999999999943,-0.0999999999999943,"['LEAGUE_SPECIFIC_VORP', 'RELEVANT_UNIVERSE_RANK_EDGE', 'M9_PRODUCTION_MODEL', 'CURRENT_PLAYER_MATCH']",V9.7.2,313.80621432310534,116.5646048665595,validated_component_shadow,0.0664906608799572,0.0186205343989893,0.1313625026084561,4.0,4.0,M9.1c,299.622243962253,-15.117756037746972,269.1668140592892,-0.7347432357712026,0.2222222222222222,0.5555555555555556,0.7701353050304119,25.80000000000001,CLEAR_STARTER,RESEARCH_ONLY_EXACT_REPLAY,True,False,STABLE_TEAM,BLOCKED_MISSING_HISTORICAL_SLEEPER_BASELINE,True
fie-final-league-board-v1,1399318410818519040,2026,00-0039163,00-0039163,9758,C.J. Stroud,HOU,QB,SEASON,M9,BLOCKED_STATISTICS,FIE_M9_DIAGNOSTIC_MARKET_ANCHORED,DIAGNOSTIC_MARKET_ANCHORED,DIAGNOSTIC_MARKET_ANCHORED,181.0007089873684,10.64710052866873,133.51679412879167,155.30074245810422,179.7446466049142,205.5856867799804,228.9257168133959,25.0,93.0,239.9427249710953,-58.94201598372689,205.7,adp_ppr,24.0,174.0,-1.0,81.0,FAIR,False,65.0,True,True,,True,False,True,-1.1000000000000227,-1.1000000000000227,-1.1000000000000227,"['LEAGUE_SPECIFIC_VORP', 'RELEVANT_UNIVERSE_RANK_EDGE', 'M9_PRODUCTION_MODEL', 'CURRENT_PLAYER_MATCH']",V9.7.2,288.9639624119094,107.963253424541,validated_component_shadow,0.0664906608799572,0.0186205343989893,0.1313625026084561,4.0,4.0,M9.1c,291.82000000000005,0.0,252.92591359011172,,,,,,STARTER,RESEARCH_ONLY_EXACT_REPLAY,True,False,STABLE_TEAM,BLOCKED_MISSING_HISTORICAL_SLEEPER_BASELINE,False
fie-final-league-board-v1,1399318410818519040,2026,4683,,4683,Aaron Bailey,BAL,QB,SEASON,M9,BLOCKED_STATISTICS,MARKET_FALLBACK,MARKET_BASE,MARKET_BASE,,,,,,,,,,239.9427249710953,,,adp_ppr,,,,,UNAVAILABLE,False,10.0,True,True,,False,False,False,,,,"['M9_PRODUCTION_MODEL', 'CURRENT_PLAYER_MATCH']",,,,prior_season_profile_unavailable,0.0664906608799572,0.0186205343989893,0.1313625026084561,4.0,4.0,M9.1c,,,,,,,,,UNRANKED,BASELINE_ONLY,False,False,NO_PROFILE,BLOCKED_MISSING_HISTORICAL_SLEEPER_BASELINE,False
fie-final-league-board-v1,1399318410818519040,2026,00-0023459,00-0023459,96,Aaron Rodgers,PIT,QB,SEASON,M9,BLOCKED_STATISTICS,FIE_M9_DIAGNOSTIC_MARKET_ANCHORED,DIAGNOSTIC_MARKET_ANCHORED,DIAGNOSTIC_MARKET_ANCHORED,185.6840224082341,10.922589553425532,142.99730431499893,162.15384981956228,184.44147923036928,207.87725703318705,229.5180514471528,,89.0,239.9427249710953,-54.25870256286117,228.8,adp_ppr,,201.0,,112.0,IRRELEVANT,False,66.0,True,True,,False,False,False,0.0,0.0,0.0,"['LEAGUE_SPECIFIC_VORP', 'M9_PRODUCTION_MODEL', 'CURRENT_PLAYER_MATCH']",V9.7.2,277.20637107816344,91.52234866992931,validated_component_shadow,0.0664906608799572,0.0186205343989893,0.1313625026084561,4.0,4.0,M9.1c,177.0,0.0,257.6092270109775,,,,,,STARTER,RESEARCH_ONLY_EXACT_REPLAY,True,False,STABLE_TEAM,BLOCKED_MISSING_HISTORICAL_SLEEPER_BASELINE,False
fie-final-league-board-v1,1399318410818519040,2026,00-0038579,00-0038579,10866,Aidan O'Connell,LV,QB,SEASON,M9,BLOCKED_STATISTICS,MARKET_FALLBACK,MARKET_BASE,MARKET_BASE,,,,,,,,,,239.9427249710953,,662.3,adp_ppr,,416.0,,,UNAVAILABLE,False,10.0,True,True,,False,False,False,0.0,0.0,0.0,"['M9_PRODUCTION_MODEL', 'CURRENT_PLAYER_MATCH']",,,,prior_season_games_below_gate,0.0664906608799572,0.0186205343989893,0.1313625026084561,4.0,4.0,M9.1c,,,,,,,,,UNRANKED,BASELINE_ONLY,False,False,NO_PROFILE,BLOCKED_MISSING_HISTORICAL_SLEEPER_BASELINE,False
fie-final-league-board-v1,1399318410818519040,2026,00-0027973,00-0027973,829,Andy Dalton,PHI,QB,SEASON,M9,BLOCKED_STATISTICS,FIE_M9_DIAGNOSTIC_MARKET_ANCHORED,DIAGNOSTIC_MARKET_ANCHORED,DIAGNOSTIC_MARKET_ANCHORED,11.82,0.6952941176470588,-17.442545745172673,-5.377396750374508,9.500919745033578,26.593940684620563,44.0732268023949,,478.0,239.9427249710953,-228.1227249710953,,adp_ppr,,,,,IRRELEVANT,False,55.0,True,True,,False,False,False,,,,"['LEAGUE_SPECIFIC_VORP', 'M9_PRODUCTION_MODEL', 'CURRENT_PLAYER_MATCH']",,,,team_change_guardrail,0.0664906608799572,0.0186205343989893,0.1313625026084561,4.0,4.0,M9.1c,11.5786878271892,-0.2413121728108009,92.94139862158566,-0.6928576027774245,0.25,0.5,0.6703115911411129,1.0,DEPTH,RESEARCH_ONLY_TRANSITION_EXACT_REPLAY,True,True,NEW_TEAM_CONTEXT_REBUILT_V3,BLOCKED_MISSING_HISTORICAL_SLEEPER_BASELINE,True
fie-final-league-board-v1,1399318410818519040,2026,00-0039164,00-0039164,9229,Anthony Richardson,IND,QB,SEASON,M9,BLOCKED_STATISTICS,FIE_M9_DIAGNOSTIC_MARKET_ANCHORED,DIAGNOSTIC_MARKET_ANCHORED,DIAGNOSTIC_MARKET_ANCHORED,-3.295709076096955,-0.1938652397704091,-33.876519383395944,-21.25966589420253,-5.507133360288009,12.259280531545926,30.283609435130305,,517.0,239.9427249710953,-243.23843404719224,,adp_ppr,,,,,IRRELEVANT,False,62.0,True,True,,False,False,False,,,,"['LEAGUE_SPECIFIC_VORP', 'M9_PRODUCTION_MODEL', 'CURRENT_PLAYER_MATCH']",,,,prior_season_games_below_gate,0.0664906608799572,0.0186205343989893,0.1313625026084561,4.0,4.0,M9.1c,22.373426101825004,-0.9465738981749964,68.62949552664642,-3.455911337604851,0.1,0.8,0.89299424356132,9.580000000000002,DEPTH,RESEARCH_ONLY_EXACT_REPLAY,True,False,STABLE_TEAM,BLOCKED_MISSING_HISTORICAL_SLEEPER_BASELINE,True
fie-final-league-board-v1,1399318410818519040,2026,00-0041117,00-0041117,13557,Athan Kaliakmanis,WAS,QB,SEASON,M9,BLOCKED_STATISTICS,MARKET_FALLBACK,MARKET_BASE,MARKET_BASE,,,,,,,,,,239.9427249710953,,670.2,adp_ppr,,437.0,,,UNAVAILABLE,False,10.0,True,True,,False,False,False,0.0,0.0,0.0,"['M9_PRODUCTION_MODEL', 'CURRENT_PLAYER_MATCH']",,,,prior_season_profile_unavailable,0.0664906608799572,0.0186205343989893,0.1313625026084561,4.0,4.0,M9.1c,,,,,,,,,UNRANKED,BASELINE_ONLY,False,False,NO_PROFILE,BLOCKED_MISSING_HISTORICAL_SLEEPER_BASELINE,False
fie-final-league-board-v1,1399318410818519040,2026,00-0041123,00-0041123,13295,Behren Morton,NE,QB,SEASON,M9,BLOCKED_STATISTICS,MARKET_FALLBACK,MARKET_BASE,MARKET_BASE,,,,,,,,,,239.9427249710953,,,adp_ppr,,,,,UNAVAILABLE,False,10.0,True,True,,False,False,False,,,,"['M9_PRODUCTION_MODEL', 'CURRENT_PLAYER_MATCH']",,,,prior_season_profile_unavailable,0.0664906608799572,0.0186205343989893,0.1313625026084561,4.0,4.0,M9.1c,,,,,,,,,UNRANKED,BASELINE_ONLY,False,False,NO_PROFILE,BLOCKED_MISSING_HISTORICAL_SLEEPER_BASELINE,False
fie-final-league-board-v1,1399318410818519040,2026,00-0022924,00-0022924,138,Ben Roethlisberger,PIT,QB,SEASON,M9,BLOCKED_STATISTICS,MARKET_FALLBACK,MARKET_BASE,MARKET_BASE,,,,,,,,,,239.9427249710953,,,adp_ppr,,,,,UNAVAILABLE,False,10.0,True,True,,False,False,False,,,,"['M9_PRODUCTION_MODEL', 'CURRENT_PLAYER_MATCH']",,,,prior_season_profile_unavailable,0.0664906608799572,0.0186205343989893,0.1313625026084561,4.0,4.0,M9.1c,,,,,,,,,UNRANKED,BASELINE_ONLY,False,False,NO_PROFILE,BLOCKED_MISSING_HISTORICAL_SLEEPER_BASELINE,False
fie-final-league-board-v1,1399318410818519040,2026,00-0031407,00-0031407,1979,Blake Bortles,NO,QB,SEASON,M9,BLOCKED_STATISTICS,MARKET_FALLBACK,MARKET_BASE,MARKET_BASE,,,,,,,,,,239.9427249710953,,624.7,adp_ppr,,359.0,,,UNAVAILABLE,False,10.0,True,True,,False,False,False,0.0,0.0,0.0,"['M9_PRODUCTION_MODEL', 'CURRENT_PLAYER_MATCH']",,,,prior_season_profile_unavailable,0.0664906608799572,0.0186205343989893,0.1313625026084561,4.0,4.0,M9.1c,,,,,,,,,UNRANKED,BASELINE_ONLY,False,False,NO_PROFILE,BLOCKED_MISSING_HISTORICAL_SLEEPER_BASELINE,False
fie-final-league-board-v1,1399318410818519040,2026,00-0040398,00-0040398,12538,Brady Cook,NYJ,QB,SEASON,M9,BLOCKED_STATISTICS,MARKET_FALLBACK,MARKET_BASE,MARKET_BASE,,,,,,,,,,239.9427249710953,,,adp_ppr,,,,,UNAVAILABLE,False,11.0,True,True,,False,False,False,,,,"['M9_PRODUCTION_MODEL', 'CURRENT_PLAYER_MATCH']",V9.7.2,135.4291656870872,,validated_component_shadow,0.0664906608799572,0.0186205343989893,0.1313625026084561,4.0,4.0,M9.1c,,,,,,,,,UNRANKED,BASELINE_ONLY,False,False,NO_PROFILE,BLOCKED_MISSING_HISTORICAL_SLEEPER_BASELINE,False
fie-final-league-board-v1,1399318410818519040,2026,00-0039150,00-0039150,9228,Bryce Young,CAR,QB,SEASON,M9,BLOCKED_STATISTICS,FIE_M9_DIAGNOSTIC_MARKET_ANCHORED,DIAGNOSTIC_MARKET_ANCHORED,DIAGNOSTIC_MARKET_ANCHORED,194.7608836375979,11.456522566917524,147.66417350061883,169.2199342174827,193.9266541559778,219.05351250795889,243.3779015670485,,76.0,239.9427249710953,-45.181841333497374,226.4,adp_ppr,,197.0,,121.0,IRRELEVANT,False,66.0,True,True,,False,False,False,0.4000000000000057,0.4000000000000057,0.4000000000000057,"['LEAGUE_SPECIFIC_VORP', 'M9_PRODUCTION_MODEL', 'CURRENT_PLAYER_MATCH']",V9.7.2,321.0094565764486,126.24857293885069,validated_component_shadow,0.0664906608799572,0.0186205343989893,0.1313625026084561,4.0,4.0,M9.1c,279.34855857834674,3.768558578346699,266.6860882403413,0.0,0.5555555555555556,0.1111111111111111,0.6312493431066462,39.35999999999996,CLEAR_STARTER,RESEARCH_ONLY_EXACT_REPLAY,True,False,STABLE_TEAM,BLOCKED_MISSING_HISTORICAL_SLEEPER_BASELINE,True
fie-final-league-board-v1,1399318410818519040,2026,00-0041056,00-0041056,13303,Cade Klubnik,NYJ,QB,SEASON,M9,BLOCKED_STATISTICS,FIE_M9_DIAGNOSTIC_MARKET_ANCHORED,DIAGNOSTIC_MARKET_ANCHORED,DIAGNOSTIC_MARKET_ANCHORED,24.0,1.411764705882353,-6.67711181511843,6.268527771129989,21.797051946522387,39.37314352720127,57.47495866318704,,438.0,239.9427249710953,-215.9427249710953,,adp_ppr,,,,,IRRELEVANT,False,62.0,True,True,,False,False,False,,,,"['LEAGUE_SPECIFIC_VORP', 'M9_PRODUCTION_MODEL', 'CURRENT_PLAYER_MATCH']",,,,prior_season_profile_unavailable,0.0664906608799572,0.0186205343989893,0.1313625026084561,4.0,4.0,M9.1c,24.0,0.0,,,,,,,DEPTH,BASELINE_ONLY,False,False,NO_PROFILE,BLOCKED_MISSING_HISTORICAL_SLEEPER_BASELINE,False
fie-final-league-board-v1,1399318410818519040,2026,00-0040222,00-0040222,12688,Cam Miller,MIA,QB,SEASON,M9,BLOCKED_STATISTICS,MARKET_FALLBACK,MARKET_BASE,MARKET_BASE,,,,,,,,,,239.9427249710953,,666.4,adp_ppr,,427.0,,,UNAVAILABLE,False,10.0,True,True,,False,False,False,0.0,0.0,0.0,"['M9_PRODUCTION_MODEL', 'CURRENT_PLAYER_MATCH']",,,,prior_season_profile_unavailable,0.0664906608799572,0.0186205343989893,0.1313625026084561,4.0,4.0,M9.1c,,,,,,,,,UNRANKED,BASELINE_ONLY,False,False,NO_PROFILE,BLOCKED_MISSING_HISTORICAL_SLEEPER_BASELINE,False
fie-final-league-board-v1,1399318410818519040,2026,00-0040676,00-0040676,12522,Cam Ward,TEN,QB,SEASON,M9,BLOCKED_STATISTICS,FIE_M9_DIAGNOSTIC_MARKET_ANCHORED,DIAGNOSTIC_MARKET_ANCHORED,DIAGNOSTIC_MARKET_ANCHORED,143.18023865958392,8.422366979975525,97.27928485413506,117.78797008696174,142.30518768303986,167.286353071999,190.32629646896183,,155.0,239.9427249710953,-96.76248631151137,229.5,adp_ppr,,205.0,,50.0,IRRELEVANT,False,66.0,True,True,,False,False,False,0.0999999999999943,0.0999999999999943,0.0999999999999943,"['LEAGUE_SPECIFIC_VORP', 'M9_PRODUCTION_MODEL', 'CURRENT_PLAYER_MATCH']",V9.7.2,282.8214977284415,139.64125906885758,validated_component_shadow,0.0664906608799572,0.0186205343989893,0.1313625026084561,4.0,4.0,M9.1c,239.2780592312496,-26.561940768750414,215.1054432623273,-1.972139989313798,0.1111111111111111,0.7777777777777778,0.600541278967905,46.64089968832064,CLEAR_STARTER,RESEARCH_ONLY_EXACT_REPLAY,True,False,STABLE_TEAM,BLOCKED_MISSING_HISTORICAL_SLEEPER_BASELINE,True
fie-final-league-board-v1,1399318410818519040,2026,00-0041561,00-0041561,13272,Carson Beck,ARI,QB,SEASON,M9,BLOCKED_STATISTICS,FIE_M9_DIAGNOSTIC_MARKET_ANCHORED,DIAGNOSTIC_MARKET_ANCHORED,DIAGNOSTIC_MARKET_ANCHORED,64.92,3.8188235294117647,30.27105180181937,45.07629354189798,63.03665677999227,82.47409181325517,102.03943160991048,,294.0,239.9427249710953,-175.02272497109527,,adp_ppr,,,,,IRRELEVANT,False,62.0,True,True,,False,False,False,,,,"['LEAGUE_SPECIFIC_VORP', 'M9_PRODUCTION_MODEL', 'CURRENT_PLAYER_MATCH']",,,,prior_season_profile_unavailable,0.0664906608799572,0.0186205343989893,0.1313625026084561,4.0,4.0,M9.1c,64.92,0.0,,,,,,,DEPTH,BASELINE_ONLY,False,False,NO_PROFILE,BLOCKED_MISSING_HISTORICAL_SLEEPER_BASELINE,False
fie-final-league-board-v1,1399318410818519040,2026,00-0032950,00-0032950,3161,Carson Wentz,MIN,QB,SEASON,M9,BLOCKED_STATISTICS,FIE_M9_DIAGNOSTIC_MARKET_ANCHORED,DIAGNOSTIC_MARKET_ANCHORED,DIAGNOSTIC_MARKET_ANCHORED,239.9427249710953,14.114277939476194,210.3383495664993,222.39891383373623,237.81224683251264,255.21869380940885,271.6879270083245,,35.0,239.9427249710953,0.0,,adp_ppr,,,,,IRRELEVANT,False,63.0,True,True,,False,False,False,,,,"['LEAGUE_SPECIFIC_VORP', 'M9_PRODUCTION_MODEL', 'CURRENT_PLAYER_MATCH']",V9.7.2,221.7561184439973,-18.18660652709795,validated_component_shadow,0.0664906608799572,0.0186205343989893,0.1313625026084561,4.0,4.0,M9.1c,12.689537523187434,0.2495375231874348,311.86792957383864,1.7590603564454383,1.0,1.0,0.9981500927497378,1.0,DEPTH,RESEARCH_ONLY_EXACT_REPLAY,True,False,STABLE_TEAM,BLOCKED_MISSING_HISTORICAL_SLEEPER_BASELINE,True
fie-final-league-board-v1,1399318410818519040,2026,00-0039534,00-0039534,11851,Carter Bradley,JAX,QB,SEASON,M9,BLOCKED_STATISTICS,MARKET_FALLBACK,MARKET_BASE,MARKET_BASE,,,,,,,,,,239.9427249710953,,345.3,adp_ppr,,261.0,,,UNAVAILABLE,False,10.0,True,True,,False,False,False,-18.59999999999997,-18.59999999999997,-18.59999999999997,"['M9_PRODUCTION_MODEL', 'CURRENT_PLAYER_MATCH']",,,,prior_season_profile_unavailable,0.0664906608799572,0.0186205343989893,0.1313625026084561,4.0,4.0,M9.1c,,,,,,,,,UNRANKED,BASELINE_ONLY,False,False,NO_PROFILE,BLOCKED_MISSING_HISTORICAL_SLEEPER_BASELINE,False
fie-final-league-board-v1,1399318410818519040,2026,00-0028986,00-0028986,1737,Case Keenum,CHI,QB,SEASON,M9,BLOCKED_STATISTICS,MARKET_FALLBACK,MARKET_BASE,MARKET_BASE,,,,,,,,,,239.9427249710953,,662.0,adp_ppr,,415.0,,,UNAVAILABLE,False,10.0,True,True,,False,False,False,0.0,0.0,0.0,"['M9_PRODUCTION_MODEL', 'CURRENT_PLAYER_MATCH']",,,,prior_season_profile_unavailable,0.0664906608799572,0.0186205343989893,0.1313625026084561,4.0,4.0,M9.1c,,,,,,,,,UNRANKED,BASELINE_ONLY,False,False,NO_PROFILE,BLOCKED_MISSING_HISTORICAL_SLEEPER_BASELINE,False
fie-final-league-board-v1,1399318410818519040,2026,00-0035283,00-0035283,6147,Clayton Thorson,NYG,QB,SEASON,M9,BLOCKED_STATISTICS,MARKET_FALLBACK,MARKET_BASE,MARKET_BASE,,,,,,,,,,239.9427249710953,,672.5,adp_ppr,,441.0,,,UNAVAILABLE,False,10.0,True,True,,False,False,False,0.0,0.0,0.0,"['M9_PRODUCTION_MODEL', 'CURRENT_PLAYER_MATCH']",,,,prior_season_profile_unavailable,0.0664906608799572,0.0186205343989893,0.1313625026084561,4.0,4.0,M9.1c,,,,,,,,,UNRANKED,BASELINE_ONLY,False,False,NO_PROFILE,BLOCKED_MISSING_HISTORICAL_SLEEPER_BASELINE,False
fie-final-league-board-v1,1399318410818519040,2026,00-0040891,00-0040891,13335,Cole Payton,PHI,QB,SEASON,M9,BLOCKED_STATISTICS,MARKET_FALLBACK,MARKET_BASE,MARKET_BASE,,,,,,,,,,239.9427249710953,,,adp_ppr,,,,,UNAVAILABLE,False,10.0,True,True,,False,False,False,,,,"['M9_PRODUCTION_MODEL', 'CURRENT_PLAYER_MATCH']",,,,prior_season_profile_unavailable,0.0664906608799572,0.0186205343989893,0.1313625026084561,4.0,4.0,M9.1c,,,,,,,,,UNRANKED,BASELINE_ONLY,False,False,NO_PROFILE,BLOCKED_MISSING_HISTORICAL_SLEEPER_BASELINE,False
fie-final-league-board-v1,1399318410818519040,2026,00-0033662,00-0033662,4574,Cooper Rush,ATL,QB,SEASON,M9,BLOCKED_STATISTICS,MARKET_FALLBACK,MARKET_BASE,MARKET_BASE,,,,,,,,,,239.9427249710953,,681.8,adp_ppr,,460.0,,,UNAVAILABLE,False,11.0,True,True,,False,False,False,0.0,0.0,0.0,"['M9_PRODUCTION_MODEL', 'CURRENT_PLAYER_MATCH']",,,,team_change_guardrail,0.0664906608799572,0.0186205343989893,0.1313625026084561,4.0,4.0,M9.1c,,,,,,,,,UNRANKED,BASELINE_ONLY,False,False,NO_PROFILE,BLOCKED_MISSING_HISTORICAL_SLEEPER_BASELINE,False
fie-final-league-board-v1,1399318410818519040,2026,00-0036898,00-0036898,7585,Davis Mills,HOU,QB,SEASON,M9,BLOCKED_STATISTICS,FIE_M9_DIAGNOSTIC_MARKET_ANCHORED,DIAGNOSTIC_MARKET_ANCHORED,DIAGNOSTIC_MARKET_ANCHORED,146.77342922460832,8.633731130859314,117.8618016084542,129.42094323378936,144.18649603518884,161.82513669716477,179.55335694285614,,150.0,239.9427249710953,-93.16929574648697,,adp_ppr,,,,,IRRELEVANT,False,63.0,True,True,,False,False,False,,,,"['LEAGUE_SPECIFIC_VORP', 'M9_PRODUCTION_MODEL', 'CURRENT_PLAYER_MATCH']",V9.7.2,169.12421203436216,22.35078280975384,validated_component_shadow,0.0664906608799572,0.0186205343989893,0.1313625026084561,4.0,4.0,M9.1c,12.209215280196798,0.1692152801967985,218.6986338273517,1.25074588279516,1.0,1.0,0.9953840011576436,1.0,DEPTH,RESEARCH_ONLY_EXACT_REPLAY,True,False,STABLE_TEAM,BLOCKED_MISSING_HISTORICAL_SLEEPER_BASELINE,True
fie-final-league-board-v1,1399318410818519040,2026,00-0033537,00-0033537,4017,Deshaun Watson,CLE,QB,SEASON,M9,BLOCKED_STATISTICS,FIE_M9_DIAGNOSTIC_MARKET_ANCHORED,DIAGNOSTIC_MARKET_ANCHORED,DIAGNOSTIC_MARKET_ANCHORED,118.06,6.944705882352942,78.76106640031615,95.8089894657346,116.43683106601196,138.20345767115575,159.5984621038103,,190.0,239.9427249710953,-121.88272497109529,,adp_ppr,,,,,IRRELEVANT,False,62.0,True,True,,False,False,False,,,,"['LEAGUE_SPECIFIC_VORP', 'M9_PRODUCTION_MODEL', 'CURRENT_PLAYER_MATCH']",,,,prior_season_profile_unavailable,0.0664906608799572,0.0186205343989893,0.1313625026084561,4.0,4.0,M9.1c,118.06,0.0,,,,,,,STARTER,BASELINE_ONLY,False,False,NO_PROFILE,BLOCKED_MISSING_HISTORICAL_SLEEPER_BASELINE,False
fie-final-league-board-v1,1399318410818519040,2026,00-0040704,00-0040704,12486,Dillon Gabriel,CLE,QB,SEASON,M9,BLOCKED_STATISTICS,FIE_M9_DIAGNOSTIC_MARKET_ANCHORED,DIAGNOSTIC_MARKET_ANCHORED,DIAGNOSTIC_MARKET_ANCHORED,131.70183130498287,7.747166547351933,102.27329727089833,114.38188802673425,129.41157530520812,146.41188447305487,163.6827515727761,,168.0,239.9427249710953,-108.2408936661124,,adp_ppr,,,,,IRRELEVANT,False,64.0,True,True,,False,False,False,,,,"['LEAGUE_SPECIFIC_VORP', 'M9_PRODUCTION_MODEL', 'CURRENT_PLAYER_MATCH']",V9.7.2,195.7927583650492,64.09092706006635,validated_component_shadow,0.0664906608799572,0.0186205343989893,0.1313625026084561,4.0,4.0,M9.1c,12.217983801009812,0.3579838010098122,203.62703590772625,1.134485406027513,0.9,0.8,0.9943994472494756,1.0,DEPTH,RESEARCH_ONLY_EXACT_REPLAY,True,False,STABLE_TEAM,BLOCKED_MISSING_HISTORICAL_SLEEPER_BASELINE,True
fie-final-league-board-v1,1399318410818519040,2026,00-0041565,00-0041565,13289,Drew Allar,PIT,QB,SEASON,M9,BLOCKED_STATISTICS,FIE_M9_DIAGNOSTIC_MARKET_ANCHORED,DIAGNOSTIC_MARKET_ANCHORED,DIAGNOSTIC_MARKET_ANCHORED,22.02,1.2952941176470587,-8.024983286472612,4.16382862160556,19.77381412482356,37.59850294144147,55.12936390742128,,449.0,239.9427249710953,-217.92272497109528,699.6,adp_ppr,,501.0,,52.0,IRRELEVANT,False,62.0,True,True,,False,False,False,0.0,0.0,0.0,"['LEAGUE_SPECIFIC_VORP', 'M9_PRODUCTION_MODEL', 'CURRENT_PLAYER_MATCH']",,,,prior_season_profile_unavailable,0.0664906608799572,0.0186205343989893,0.1313625026084561,4.0,4.0,M9.1c,22.02,0.0,,,,,,,DEPTH,BASELINE_ONLY,False,False,NO_PROFILE,BLOCKED_MISSING_HISTORICAL_SLEEPER_BASELINE,False
fie-final-league-board-v1,1399318410818519040,2026,00-0035704,00-0035704,5854,Drew Lock,SEA,QB,SEASON,M9,BLOCKED_STATISTICS,MARKET_FALLBACK,MARKET_BASE,MARKET_BASE,,,,,,,,,,239.9427249710953,,692.7,adp_ppr,,481.0,,,UNAVAILABLE,False,10.0,True,True,,False,False,False,0.0,0.0,0.0,"['M9_PRODUCTION_MODEL', 'CURRENT_PLAYER_MATCH']",V9.7.2,90.86052816513852,,validated_component_shadow,0.0664906608799572,0.0186205343989893,0.1313625026084561,4.0,4.0,M9.1c,,,,,,,,,UNRANKED,BASELINE_ONLY,False,False,NO_PROFILE,BLOCKED_MISSING_HISTORICAL_SLEEPER_BASELINE,False
fie-final-league-board-v1,1399318410818519040,2026,00-0035282,00-0035282,6185,Easton Stick,IND,QB,SEASON,M9,BLOCKED_STATISTICS,MARKET_FALLBACK,MARKET_BASE,MARKET_BASE,,,,,,,,,,239.9427249710953,,602.2,adp_ppr,,342.0,,,UNAVAILABLE,False,10.0,True,True,,False,False,False,0.0,0.0,0.0,"['M9_PRODUCTION_MODEL', 'CURRENT_PLAYER_MATCH']",,,,prior_season_profile_unavailable,0.0664906608799572,0.0186205343989893,0.1313625026084561,4.0,4.0,M9.1c,,,,,,,,,UNRANKED,BASELINE_ONLY,False,False,NO_PROFILE,BLOCKED_MISSING_HISTORICAL_SLEEPER_BASELINE,False
fie-final-league-board-v1,1399318410818519040,2026,00-0035289,00-0035289,6011,Gardner Minshew,ARI,QB,SEASON,M9,BLOCKED_STATISTICS,FIE_M9_DIAGNOSTIC_MARKET_ANCHORED,DIAGNOSTIC_MARKET_ANCHORED,DIAGNOSTIC_MARKET_ANCHORED,27.96,1.6447058823529412,-3.1364141338882305,9.542916642832232,25.743466334215,43.81479689926157,62.33343556178492,,417.0,239.9427249710953,-211.98272497109528,677.8,adp_ppr,,453.0,,36.0,IRRELEVANT,False,55.0,True,True,,False,False,False,0.0,0.0,0.0,"['LEAGUE_SPECIFIC_VORP', 'M9_PRODUCTION_MODEL', 'CURRENT_PLAYER_MATCH']",,,,team_change_guardrail,0.0664906608799572,0.0186205343989893,0.1313625026084561,4.0,4.0,M9.1c,27.339833471041786,-0.6201665289582188,61.56717718296499,-3.569004849331508,0.05,0.9,0.5850627631681311,14.220000000000002,DEPTH,RESEARCH_ONLY_TRANSITION_EXACT_REPLAY,True,True,NEW_TEAM_CONTEXT_REBUILT_V3,BLOCKED_MISSING_HISTORICAL_SLEEPER_BASELINE,True
fie-final-league-board-v1,1399318410818519040,2026,12792,,12792,Garrett Greene,TB,QB,SEASON,M9,BLOCKED_STATISTICS,MARKET_FALLBACK,MARKET_BASE,MARKET_BASE,,,,,,,,,,239.9427249710953,,692.3,adp_ppr,,479.0,,,UNAVAILABLE,False,10.0,True,True,,False,False,False,0.0,0.0,0.0,"['M9_PRODUCTION_MODEL', 'CURRENT_PLAYER_MATCH']",,,,prior_season_profile_unavailable,0.0664906608799572,0.0186205343989893,0.1313625026084561,4.0,4.0,M9.1c,,,,,,,,,UNRANKED,BASELINE_ONLY,False,False,NO_PROFILE,BLOCKED_MISSING_HISTORICAL_SLEEPER_BASELINE,False
fie-final-league-board-v1,1399318410818519040,2026,00-0040906,00-0040906,13404,Garrett Nussmeier,KC,QB,SEASON,M9,BLOCKED_STATISTICS,MARKET_FALLBACK,MARKET_BASE,MARKET_BASE,,,,,,,,,,239.9427249710953,,668.0,adp_ppr,,431.0,,,UNAVAILABLE,False,10.0,True,True,,False,False,False,0.0,0.0,0.0,"['M9_PRODUCTION_MODEL', 'CURRENT_PLAYER_MATCH']",,,,prior_season_profile_unavailable,0.0664906608799572,0.0186205343989893,0.1313625026084561,4.0,4.0,M9.1c,,,,,,,,,UNRANKED,BASELINE_ONLY,False,False,NO_PROFILE,BLOCKED_MISSING_HISTORICAL_SLEEPER_BASELINE,False
fie-final-league-board-v1,1399318410818519040,2026,00-0030565,00-0030565,1373,Geno Smith,NYJ,QB,SEASON,M9,BLOCKED_STATISTICS,FIE_M9_DIAGNOSTIC_MARKET_ANCHORED,DIAGNOSTIC_MARKET_ANCHORED,DIAGNOSTIC_MARKET_ANCHORED,266.48,15.67529411764706,219.7087908619857,241.0733540435833,265.30990116064214,290.9325984077455,314.70125791403467,,19.0,239.9427249710953,26.53727502890473,,adp_ppr,,,,,IRRELEVANT,False,55.0,True,True,,False,False,False,,,,"['LEAGUE_SPECIFIC_VORP', 'M9_PRODUCTION_MODEL', 'CURRENT_PLAYER_MATCH']",,,,team_change_guardrail,0.0664906608799572,0.0186205343989893,0.1313625026084561,4.0,4.0,M9.1c,266.48,0.0,292.3068988219464,,,,,,STARTER,RESEARCH_ONLY_TRANSITION_EXACT_REPLAY,True,True,NEW_TEAM_CONTEXT_REBUILT_V3,BLOCKED_MISSING_HISTORICAL_SLEEPER_BASELINE,False
fie-final-league-board-v1,1399318410818519040,2026,00-0040211,00-0040211,12705,Graham Mertz,HOU,QB,SEASON,M9,BLOCKED_STATISTICS,MARKET_FALLBACK,MARKET_BASE,MARKET_BASE,,,,,,,,,,239.9427249710953,,521.5,adp_ppr,,311.0,,,UNAVAILABLE,False,10.0,True,True,,False,False,False,0.0,0.0,0.0,"['M9_PRODUCTION_MODEL', 'CURRENT_PLAYER_MATCH']",,,,prior_season_profile_unavailable,0.0664906608799572,0.0186205343989893,0.1313625026084561,4.0,4.0,M9.1c,,,,,,,,,UNRANKED,BASELINE_ONLY,False,False,NO_PROFILE,BLOCKED_MISSING_HISTORICAL_SLEEPER_BASELINE,False
fie-final-league-board-v1,1399318410818519040,2026,00-0041149,00-0041149,13415,Haynes King,CAR,QB,SEASON,M9,BLOCKED_STATISTICS,MARKET_FALLBACK,MARKET_BASE,MARKET_BASE,,,,,,,,,,239.9427249710953,,,adp_ppr,,,,,UNAVAILABLE,False,10.0,True,True,,False,False,False,,,,"['M9_PRODUCTION_MODEL', 'CURRENT_PLAYER_MATCH']",,,,prior_season_profile_unavailable,0.0664906608799572,0.0186205343989893,0.1313625026084561,4.0,4.0,M9.1c,,,,,,,,,UNRANKED,BASELINE_ONLY,False,False,NO_PROFILE,BLOCKED_MISSING_HISTORICAL_SLEEPER_BASELINE,False
fie-final-league-board-v1,1399318410818519040,2026,00-0039923,00-0039923,11565,J.J. McCarthy,MIN,QB,SEASON,M9,BLOCKED_STATISTICS,FIE_M9_DIAGNOSTIC_MARKET_ANCHORED,DIAGNOSTIC_MARKET_ANCHORED,DIAGNOSTIC_MARKET_ANCHORED,225.4922409186371,13.264249465802182,195.8427832200608,207.83521789835385,223.1180669090471,240.2492961297308,258.227314142822,,48.0,239.9427249710953,-14.450484052458194,224.2,adp_ppr,,192.0,,144.0,IRRELEVANT,False,64.0,True,True,,False,False,False,0.0,0.0,0.0,"['LEAGUE_SPECIFIC_VORP', 'M9_PRODUCTION_MODEL', 'CURRENT_PLAYER_MATCH']",V9.7.2,254.9040969420216,29.411856023384445,validated_component_shadow,0.0664906608799572,0.0186205343989893,0.1313625026084561,4.0,4.0,M9.1c,14.62,1.0,297.41744552138044,0.7185296071129801,0.9,0.8,0.9867013393609656,1.0,DEPTH,RESEARCH_ONLY_EXACT_REPLAY,True,False,STABLE_TEAM,BLOCKED_MISSING_HISTORICAL_SLEEPER_BASELINE,True
fie-final-league-board-v1,1399318410818519040,2026,13602,,13602,Jack Strand,ATL,QB,SEASON,M9,BLOCKED_STATISTICS,MARKET_FALLBACK,MARKET_BASE,MARKET_BASE,,,,,,,,,,239.9427249710953,,,adp_ppr,,,,,UNAVAILABLE,False,10.0,True,True,,False,False,False,,,,"['M9_PRODUCTION_MODEL', 'CURRENT_PLAYER_MATCH']",,,,prior_season_profile_unavailable,0.0664906608799572,0.0186205343989893,0.1313625026084561,4.0,4.0,M9.1c,,,,,,,,,UNRANKED,BASELINE_ONLY,False,False,NO_PROFILE,BLOCKED_MISSING_HISTORICAL_SLEEPER_BASELINE,False
fie-final-league-board-v1,1399318410818519040,2026,00-0033119,00-0033119,3257,Jacoby Brissett,ARI,QB,SEASON,M9,BLOCKED_STATISTICS,FIE_M9_DIAGNOSTIC_MARKET_ANCHORED,DIAGNOSTIC_MARKET_ANCHORED,DIAGNOSTIC_MARKET_ANCHORED,229.25941948184092,13.48584820481417,186.00153254776265,205.62116014488245,228.29543511869772,251.70683704352965,273.5951539945844,,45.0,239.9427249710953,-10.683305489254336,243.0,adp_ppr,,237.0,,192.0,IRRELEVANT,False,65.0,True,True,,False,False,False,0.0,0.0,0.0,"['LEAGUE_SPECIFIC_VORP', 'M9_PRODUCTION_MODEL', 'CURRENT_PLAYER_MATCH']",V9.7.2,289.0038446100984,59.74442512825743,validated_component_shadow,0.0664906608799572,0.0186205343989893,0.1313625026084561,4.0,4.0,M9.1c,190.0,0.0,301.1846240845844,,,,,,STARTER,RESEARCH_ONLY_EXACT_REPLAY,True,False,STABLE_TEAM,BLOCKED_MISSING_HISTORICAL_SLEEPER_BASELINE,False
fie-final-league-board-v1,1399318410818519040,2026,00-0040673,00-0040673,12510,Jalen Milroe,SEA,QB,SEASON,M9,BLOCKED_STATISTICS,FIE_M9_DIAGNOSTIC_MARKET_ANCHORED,DIAGNOSTIC_MARKET_ANCHORED,DIAGNOSTIC_MARKET_ANCHORED,27.645047558432623,1.6261792681430955,-1.317806088804467,10.505589365076816,25.34966572879769,42.52685971861324,59.04613129938845,,420.0,239.9427249710953,-212.2976774126627,,adp_ppr,,,,,IRRELEVANT,False,62.0,True,True,,False,False,False,,,,"['LEAGUE_SPECIFIC_VORP', 'M9_PRODUCTION_MODEL', 'CURRENT_PLAYER_MATCH']",V9.7.2,76.50684304705423,48.86179548862161,validated_component_shadow,0.0664906608799572,0.0186205343989893,0.1313625026084561,4.0,4.0,M9.1c,13.564281310695955,-0.295718689304044,99.570252161176,-1.080358952208914,0.2,0.6,0.9857289643468132,1.09,DEPTH,RESEARCH_ONLY_EXACT_REPLAY,True,False,STABLE_TEAM,BLOCKED_MISSING_HISTORICAL_SLEEPER_BASELINE,True
fie-final-league-board-v1,1399318410818519040,2026,7262,,7262,Jalen Morton,IND,QB,SEASON,M9,BLOCKED_STATISTICS,MARKET_FALLBACK,MARKET_BASE,MARKET_BASE,,,,,,,,,,239.9427249710953,,646.7,adp_ppr,,396.0,,,UNAVAILABLE,False,10.0,True,True,,False,False,False,0.0,0.0,0.0,"['M9_PRODUCTION_MODEL', 'CURRENT_PLAYER_MATCH']",,,,prior_season_profile_unavailable,0.0664906608799572,0.0186205343989893,0.1313625026084561,4.0,4.0,M9.1c,,,,,,,,,UNRANKED,BASELINE_ONLY,False,False,NO_PROFILE,BLOCKED_MISSING_HISTORICAL_SLEEPER_BASELINE,False
fie-final-league-board-v1,1399318410818519040,2026,00-0041251,00-0041251,13425,Jalon Daniels,TB,QB,SEASON,M9,BLOCKED_STATISTICS,MARKET_FALLBACK,MARKET_BASE,MARKET_BASE,,,,,,,,,,239.9427249710953,,659.3,adp_ppr,,413.0,,,UNAVAILABLE,False,10.0,True,True,,False,False,False,0.0,0.0,0.0,"['M9_PRODUCTION_MODEL', 'CURRENT_PLAYER_MATCH']",,,,prior_season_profile_unavailable,0.0664906608799572,0.0186205343989893,0.1313625026084561,4.0,4.0,M9.1c,,,,,,,,,UNRANKED,BASELINE_ONLY,False,False,NO_PROFILE,BLOCKED_MISSING_HISTORICAL_SLEEPER_BASELINE,False
fie-final-league-board-v1,1399318410818519040,2026,00-0031503,00-0031503,2306,Jameis Winston,NYG,QB,SEASON,M9,BLOCKED_STATISTICS,FIE_M9_DIAGNOSTIC_MARKET_ANCHORED,DIAGNOSTIC_MARKET_ANCHORED,DIAGNOSTIC_MARKET_ANCHORED,187.0591412836144,11.00347889903614,158.38182721709907,169.95638998924017,184.5298255306526,201.5177197652036,218.6664942613936,,86.0,239.9427249710953,-52.88358368748089,,adp_ppr,,,,,IRRELEVANT,False,62.0,True,True,,False,False,False,,,,"['LEAGUE_SPECIFIC_VORP', 'M9_PRODUCTION_MODEL', 'CURRENT_PLAYER_MATCH']",V9.7.2,156.45744726934063,-30.60169401427376,validated_component_shadow,0.0664906608799572,0.0186205343989893,0.1313625026084561,4.0,4.0,M9.1c,13.15851664357169,0.2985166435716913,258.9843458863578,0.669719696708679,0.8,0.6000000000000001,0.9950554785723024,1.0,DEPTH,RESEARCH_ONLY_EXACT_REPLAY,True,False,STABLE_TEAM,BLOCKED_MISSING_HISTORICAL_SLEEPER_BASELINE,True
fie-final-league-board-v1,1399318410818519040,2026,00-0035264,00-0035264,6136,Jarrett Stidham,DEN,QB,SEASON,M9,BLOCKED_STATISTICS,FIE_M9_DIAGNOSTIC_MARKET_ANCHORED,DIAGNOSTIC_MARKET_ANCHORED,DIAGNOSTIC_MARKET_ANCHORED,13.715938816416951,0.8068199303774677,-15.383876444507884,-3.5540773898440623,11.405461940631596,28.34307525624459,45.50222586164792,,463.0,239.9427249710953,-226.22678615467836,,adp_ppr,,,,,IRRELEVANT,False,62.0,True,True,,False,False,False,,,,"['LEAGUE_SPECIFIC_VORP', 'M9_PRODUCTION_MODEL', 'CURRENT_PLAYER_MATCH']",,,,prior_season_games_below_gate,0.0664906608799572,0.0186205343989893,0.1313625026084561,4.0,4.0,M9.1c,12.090351979922492,-0.1296480200775089,85.64114341916031,-0.5880186633799058,0.3,0.4,0.9972924621346853,1.0,DEPTH,RESEARCH_ONLY_EXACT_REPLAY,True,False,STABLE_TEAM,BLOCKED_MISSING_HISTORICAL_SLEEPER_BASELINE,True
fie-final-league-board-v1,1399318410818519040,2026,13350,,13350,Joe Fagnano,BAL,QB,SEASON,M9,BLOCKED_STATISTICS,MARKET_FALLBACK,MARKET_BASE,MARKET_BASE,,,,,,,,,,239.9427249710953,,664.0,adp_ppr,,420.0,,,UNAVAILABLE,False,10.0,True,True,,False,False,False,0.0,0.0,0.0,"['M9_PRODUCTION_MODEL', 'CURRENT_PLAYER_MATCH']",,,,prior_season_profile_unavailable,0.0664906608799572,0.0186205343989893,0.1313625026084561,4.0,4.0,M9.1c,,,,,,,,,UNRANKED,BASELINE_ONLY,False,False,NO_PROFILE,BLOCKED_MISSING_HISTORICAL_SLEEPER_BASELINE,False
fie-final-league-board-v1,1399318410818519040,2026,00-0026158,00-0026158,19,Joe Flacco,CIN,QB,SEASON,M9,BLOCKED_STATISTICS,FIE_M9_DIAGNOSTIC_MARKET_ANCHORED,DIAGNOSTIC_MARKET_ANCHORED,DIAGNOSTIC_MARKET_ANCHORED,154.8121715348029,9.10659832557664,124.11255473457216,136.51882735439946,152.56228901081576,170.9088935419146,188.0658962010588,,133.0,239.9427249710953,-85.13055343629239,,adp_ppr,,,,,IRRELEVANT,False,65.0,True,True,,False,False,False,,,,"['LEAGUE_SPECIFIC_VORP', 'M9_PRODUCTION_MODEL', 'CURRENT_PLAYER_MATCH']",V9.7.2,262.27005208545245,107.45788055064956,validated_component_shadow,0.0664906608799572,0.0186205343989893,0.1313625026084561,4.0,4.0,M9.1c,29.15198126110868,0.4319812611086817,226.73737613754628,0.0650645003986667,0.6,0.1999999999999999,0.8639625222173638,14.98,DEPTH,RESEARCH_ONLY_EXACT_REPLAY,True,False,STABLE_TEAM,BLOCKED_MISSING_HISTORICAL_SLEEPER_BASELINE,True
fie-final-league-board-v1,1399318410818519040,2026,00-0039398,00-0039398,11557,Joe Milton,DAL,QB,SEASON,M9,BLOCKED_STATISTICS,FIE_M9_DIAGNOSTIC_MARKET_ANCHORED,DIAGNOSTIC_MARKET_ANCHORED,DIAGNOSTIC_MARKET_ANCHORED,113.2070529119578,6.659238406585753,83.89580279141617,95.65860676578174,111.04100555161142,127.70729833448408,145.87553436411213,,197.0,239.9427249710953,-126.73567205913749,,adp_ppr,,,,,IRRELEVANT,False,63.0,True,True,,False,False,False,,,,"['LEAGUE_SPECIFIC_VORP', 'M9_PRODUCTION_MODEL', 'CURRENT_PLAYER_MATCH']",V9.7.2,67.4150321980767,-45.7920207138811,validated_component_shadow,0.0664906608799572,0.0186205343989893,0.1313625026084561,4.0,4.0,M9.1c,12.439923362751946,0.0399233627519457,185.1322575147012,0.4262637081930385,0.7,0.3999999999999999,0.9980840687986364,1.0,DEPTH,RESEARCH_ONLY_EXACT_REPLAY,True,False,STABLE_TEAM,BLOCKED_MISSING_HISTORICAL_SLEEPER_BASELINE,True
fie-final-league-board-v1,1399318410818519040,2026,00-0033949,00-0033949,4179,Joshua Dobbs,DET,QB,SEASON,M9,BLOCKED_STATISTICS,FIE_M9_DIAGNOSTIC_MARKET_ANCHORED,DIAGNOSTIC_MARKET_ANCHORED,DIAGNOSTIC_MARKET_ANCHORED,12.4,0.7294117647058824,-16.64029254536878,-4.600692890983247,10.122051264626812,26.79370802185366,44.04269584481267,,472.0,239.9427249710953,-227.54272497109528,692.3,adp_ppr,,480.0,,8.0,IRRELEVANT,False,55.0,True,True,,False,False,False,0.0,0.0,0.0,"['LEAGUE_SPECIFIC_VORP', 'M9_PRODUCTION_MODEL', 'CURRENT_PLAYER_MATCH']",,,,team_change_guardrail,0.0664906608799572,0.0186205343989893,0.1313625026084561,4.0,4.0,M9.1c,12.32599251193175,-0.0740074880682506,71.17834216394705,-0.7727451957333643,0.15,0.7,0.6727953460750103,1.0,DEPTH,RESEARCH_ONLY_TRANSITION_EXACT_REPLAY,True,True,NEW_TEAM_CONTEXT_REBUILT_V3,BLOCKED_MISSING_HISTORICAL_SLEEPER_BASELINE,True
fie-final-league-board-v1,1399318410818519040,2026,00-0036945,00-0036945,7591,Justin Fields,KC,QB,SEASON,M9,BLOCKED_STATISTICS,FIE_M9_DIAGNOSTIC_MARKET_ANCHORED,DIAGNOSTIC_MARKET_ANCHORED,DIAGNOSTIC_MARKET_ANCHORED,38.72,2.277647058823529,7.26349507226945,20.389815863159427,36.51514504726774,54.68290196671178,73.01055285140446,,380.0,239.9427249710953,-201.2227249710953,,adp_ppr,,,,,IRRELEVANT,False,55.0,True,True,,False,False,False,,,,"['LEAGUE_SPECIFIC_VORP', 'M9_PRODUCTION_MODEL', 'CURRENT_PLAYER_MATCH']",,,,team_change_guardrail,0.0664906608799572,0.0186205343989893,0.1313625026084561,4.0,4.0,M9.1c,46.94873068363451,8.22873068363451,262.5339730995448,0.9416805786232756,0.95,0.8999999999999999,0.5493144648621169,24.98,DEPTH,RESEARCH_ONLY_TRANSITION_EXACT_REPLAY,True,True,NEW_TEAM_CONTEXT_REBUILT_V3,BLOCKED_MISSING_HISTORICAL_SLEEPER_BASELINE,True
fie-final-league-board-v1,1399318410818519040,2026,00-0038102,00-0038102,8160,Kenny Pickett,CAR,QB,SEASON,M9,BLOCKED_STATISTICS,MARKET_FALLBACK,MARKET_BASE,MARKET_BASE,,,,,,,,,,239.9427249710953,,,adp_ppr,,,,,UNAVAILABLE,False,11.0,True,True,,False,False,False,,,,"['M9_PRODUCTION_MODEL', 'CURRENT_PLAYER_MATCH']",,,,team_change_guardrail,0.0664906608799572,0.0186205343989893,0.1313625026084561,4.0,4.0,M9.1c,,,,,,,,,UNRANKED,BASELINE_ONLY,False,False,NO_PROFILE,BLOCKED_MISSING_HISTORICAL_SLEEPER_BASELINE,False
fie-final-league-board-v1,1399318410818519040,2026,00-0029604,00-0029604,1166,Kirk Cousins,LV,QB,SEASON,M9,BLOCKED_STATISTICS,FIE_M9_DIAGNOSTIC_MARKET_ANCHORED,DIAGNOSTIC_MARKET_ANCHORED,DIAGNOSTIC_MARKET_ANCHORED,39.16,2.3035294117647056,7.114618276373413,20.64143171628308,36.88860134901984,55.47561380967436,73.70614587348894,,376.0,239.9427249710953,-200.7827249710953,,adp_ppr,,,,,IRRELEVANT,False,55.0,True,True,,False,False,False,,,,"['LEAGUE_SPECIFIC_VORP', 'M9_PRODUCTION_MODEL', 'CURRENT_PLAYER_MATCH']",,,,team_change_guardrail,0.0664906608799572,0.0186205343989893,0.1313625026084561,4.0,4.0,M9.1c,39.09424655448359,-0.0657534455164068,207.61472973664985,-0.2603811022262376,0.45,0.0999999999999999,0.5479453793033805,25.42,DEPTH,RESEARCH_ONLY_TRANSITION_EXACT_REPLAY,True,True,NEW_TEAM_CONTEXT_REBUILT_V3,BLOCKED_MISSING_HISTORICAL_SLEEPER_BASELINE,True
fie-final-league-board-v1,1399318410818519040,2026,00-0040589,00-0040589,12477,Kurtis Rourke,SF,QB,SEASON,M9,BLOCKED_STATISTICS,MARKET_FALLBACK,MARKET_BASE,MARKET_BASE,,,,,,,,,,239.9427249710953,,634.6,adp_ppr,,372.0,,,UNAVAILABLE,False,10.0,True,True,,False,False,False,0.0,0.0,0.0,"['M9_PRODUCTION_MODEL', 'CURRENT_PLAYER_MATCH']",,,,prior_season_profile_unavailable,0.0664906608799572,0.0186205343989893,0.1313625026084561,4.0,4.0,M9.1c,,,,,,,,,UNRANKED,BASELINE_ONLY,False,False,NO_PROFILE,BLOCKED_MISSING_HISTORICAL_SLEEPER_BASELINE,False
fie-final-league-board-v1,1399318410818519040,2026,00-0034577,00-0034577,5127,Kyle Allen,BUF,QB,SEASON,M9,BLOCKED_STATISTICS,FIE_M9_DIAGNOSTIC_MARKET_ANCHORED,DIAGNOSTIC_MARKET_ANCHORED,DIAGNOSTIC_MARKET_ANCHORED,12.0,0.7058823529411765,-17.147691460938837,-5.380810462441339,9.74743534243168,26.867361472282404,43.86528762030057,,476.0,239.9427249710953,-227.9427249710953,665.6,adp_ppr,,422.0,,-54.0,IRRELEVANT,False,55.0,True,True,,False,False,False,0.0,0.0,0.0,"['LEAGUE_SPECIFIC_VORP', 'M9_PRODUCTION_MODEL', 'CURRENT_PLAYER_MATCH']",,,,prior_season_games_below_gate,0.0664906608799572,0.0186205343989893,0.1313625026084561,4.0,4.0,M9.1c,11.631061013342336,-0.368938986657664,12.545078296048803,-1.9948162056712415,0.05,0.9,0.6707981575593888,1.0,DEPTH,RESEARCH_ONLY_TRANSITION_EXACT_REPLAY,True,True,NEW_TEAM_CONTEXT_REBUILT_V3,BLOCKED_MISSING_HISTORICAL_SLEEPER_BASELINE,True
fie-final-league-board-v1,1399318410818519040,2026,00-0040014,00-0040014,12494,Kyle McCord,MIA,QB,SEASON,M9,BLOCKED_STATISTICS,MARKET_FALLBACK,MARKET_BASE,MARKET_BASE,,,,,,,,,,239.9427249710953,,,adp_ppr,,,,,UNAVAILABLE,False,10.0,True,True,,False,False,False,,,,"['M9_PRODUCTION_MODEL', 'CURRENT_PLAYER_MATCH']",,,,prior_season_profile_unavailable,0.0664906608799572,0.0186205343989893,0.1313625026084561,4.0,4.0,M9.1c,,,,,,,,,UNRANKED,BASELINE_ONLY,False,False,NO_PROFILE,BLOCKED_MISSING_HISTORICAL_SLEEPER_BASELINE,False
fie-final-league-board-v1,1399318410818519040,2026,00-0036972,00-0036972,7527,Mac Jones,SF,QB,SEASON,M9,BLOCKED_STATISTICS,FIE_M9_DIAGNOSTIC_MARKET_ANCHORED,DIAGNOSTIC_MARKET_ANCHORED,DIAGNOSTIC_MARKET_ANCHORED,183.7329562708496,10.8078209571088,153.12387350263887,165.71229899918495,181.624470307826,198.9106087320476,217.33269282185432,,90.0,239.9427249710953,-56.20976870024569,,adp_ppr,,,,,IRRELEVANT,False,64.0,True,True,,False,False,False,,,,"['LEAGUE_SPECIFIC_VORP', 'M9_PRODUCTION_MODEL', 'CURRENT_PLAYER_MATCH']",V9.7.2,273.13785832060233,89.40490204975274,validated_component_shadow,0.0664906608799572,0.0186205343989893,0.1313625026084561,4.0,4.0,M9.1c,38.945401375170334,12.225401375170335,255.65816087359292,0.682071931110639,0.9,0.8,0.8744922299835718,12.98,DEPTH,RESEARCH_ONLY_EXACT_REPLAY,True,False,STABLE_TEAM,BLOCKED_MISSING_HISTORICAL_SLEEPER_BASELINE,True
fie-final-league-board-v1,1399318410818519040,2026,00-0032268,00-0032268,2307,Marcus Mariota,WAS,QB,SEASON,M9,BLOCKED_STATISTICS,FIE_M9_DIAGNOSTIC_MARKET_ANCHORED,DIAGNOSTIC_MARKET_ANCHORED,DIAGNOSTIC_MARKET_ANCHORED,188.64786995695212,11.09693352687954,159.64603184799975,171.5497147021619,186.33850612346905,203.1712279683734,220.37770092689743,,84.0,239.9427249710953,-51.29485501414314,,adp_ppr,,,,,IRRELEVANT,False,64.0,True,True,,False,False,False,,,,"['LEAGUE_SPECIFIC_VORP', 'M9_PRODUCTION_MODEL', 'CURRENT_PLAYER_MATCH']",V9.7.2,268.6486530865199,80.00078312956776,validated_component_shadow,0.0664906608799572,0.0186205343989893,0.1313625026084561,4.0,4.0,M9.1c,13.51692102421551,0.3969210242155103,260.5730745596956,0.3662821654918771,0.8,0.6000000000000001,0.9923025605387762,1.0,DEPTH,RESEARCH_ONLY_EXACT_REPLAY,True,False,STABLE_TEAM,BLOCKED_MISSING_HISTORICAL_SLEEPER_BASELINE,True
fie-final-league-board-v1,1399318410818519040,2026,00-0034771,00-0034771,4972,Mason Rudolph,PIT,QB,SEASON,M9,BLOCKED_STATISTICS,FIE_M9_DIAGNOSTIC_MARKET_ANCHORED,DIAGNOSTIC_MARKET_ANCHORED,DIAGNOSTIC_MARKET_ANCHORED,73.3322162139608,4.313659777291812,43.765693503795006,55.58447054653255,70.75741831546333,88.38759258593024,105.7700024797289,,267.0,239.9427249710953,-166.61050875713448,,adp_ppr,,,,,IRRELEVANT,False,63.0,True,True,,False,False,False,,,,"['LEAGUE_SPECIFIC_VORP', 'M9_PRODUCTION_MODEL', 'CURRENT_PLAYER_MATCH']",V9.7.2,128.5036715038199,55.1714552898591,validated_component_shadow,0.0664906608799572,0.0186205343989893,0.1313625026084561,4.0,4.0,M9.1c,11.769472317838868,0.089472317838867,145.25742081670418,0.1656008764123212,0.6,0.1999999999999999,0.994136864876291,1.0,DEPTH,RESEARCH_ONLY_EXACT_REPLAY,True,False,STABLE_TEAM,BLOCKED_MISSING_HISTORICAL_SLEEPER_BASELINE,True
fie-final-league-board-v1,1399318410818519040,2026,13597,,13597,Matthew Caldwell,LAR,QB,SEASON,M9,BLOCKED_STATISTICS,MARKET_FALLBACK,MARKET_BASE,MARKET_BASE,,,,,,,,,,239.9427249710953,,671.2,adp_ppr,,439.0,,,UNAVAILABLE,False,10.0,True,True,,False,False,False,0.0,0.0,0.0,"['M9_PRODUCTION_MODEL', 'CURRENT_PLAYER_MATCH']",,,,prior_season_profile_unavailable,0.0664906608799572,0.0186205343989893,0.1313625026084561,4.0,4.0,M9.1c,,,,,,,,,UNRANKED,BASELINE_ONLY,False,False,NO_PROFILE,BLOCKED_MISSING_HISTORICAL_SLEEPER_BASELINE,False
fie-final-league-board-v1,1399318410818519040,2026,00-0040494,00-0040494,12775,Max Brosmer,MIN,QB,SEASON,M9,BLOCKED_STATISTICS,MARKET_FALLBACK,MARKET_BASE,MARKET_BASE,,,,,,,,,,239.9427249710953,,,adp_ppr,,,,,UNAVAILABLE,False,11.0,True,True,,False,False,False,,,,"['M9_PRODUCTION_MODEL', 'CURRENT_PLAYER_MATCH']",V9.7.2,92.02042848607962,,validated_component_shadow,0.0664906608799572,0.0186205343989893,0.1313625026084561,4.0,4.0,M9.1c,,,,,,,,,UNRANKED,BASELINE_ONLY,False,False,NO_PROFILE,BLOCKED_MISSING_HISTORICAL_SLEEPER_BASELINE,False
fie-final-league-board-v1,1399318410818519040,2026,00-0039917,00-0039917,11559,Michael Penix,ATL,QB,SEASON,M9,BLOCKED_STATISTICS,FIE_M9_DIAGNOSTIC_MARKET_ANCHORED,DIAGNOSTIC_MARKET_ANCHORED,DIAGNOSTIC_MARKET_ANCHORED,173.3106747010041,10.1947455706473,130.4299791789649,149.862397237657,172.24638193741808,195.36207520576423,217.97234188394776,,108.0,239.9427249710953,-66.63205027009118,227.9,adp_ppr,,199.0,,91.0,IRRELEVANT,False,64.0,True,True,,False,False,False,0.0,0.0,0.0,"['LEAGUE_SPECIFIC_VORP', 'M9_PRODUCTION_MODEL', 'CURRENT_PLAYER_MATCH']",V9.7.2,214.449017171096,41.13834247009183,validated_component_shadow,0.0664906608799572,0.0186205343989893,0.1313625026084561,4.0,4.0,M9.1c,171.16003910925664,2.0000391092566474,245.23587930374748,0.0547876329891955,0.6,0.1999999999999999,0.3305849767366351,41.74030680231408,DEPTH,RESEARCH_ONLY_EXACT_REPLAY,True,False,STABLE_TEAM,BLOCKED_MISSING_HISTORICAL_SLEEPER_BASELINE,True
fie-final-league-board-v1,1399318410818519040,2026,13310,,13310,Miller Moss,CHI,QB,SEASON,M9,BLOCKED_STATISTICS,MARKET_FALLBACK,MARKET_BASE,MARKET_BASE,,,,,,,,,,239.9427249710953,,,adp_ppr,,,,,UNAVAILABLE,False,10.0,True,True,,False,False,False,,,,"['M9_PRODUCTION_MODEL', 'CURRENT_PLAYER_MATCH']",,,,prior_season_profile_unavailable,0.0664906608799572,0.0186205343989893,0.1313625026084561,4.0,4.0,M9.1c,,,,,,,,,UNRANKED,BASELINE_ONLY,False,False,NO_PROFILE,BLOCKED_MISSING_HISTORICAL_SLEEPER_BASELINE,False
fie-final-league-board-v1,1399318410818519040,2026,00-0033869,00-0033869,3976,Mitchell Trubisky,TEN,QB,SEASON,M9,BLOCKED_STATISTICS,FIE_M9_DIAGNOSTIC_MARKET_ANCHORED,DIAGNOSTIC_MARKET_ANCHORED,DIAGNOSTIC_MARKET_ANCHORED,11.94,0.7023529411764705,-17.189118868280445,-5.4794257556972,9.541546675752087,26.5142027861501,44.19634921358253,,477.0,239.9427249710953,-228.0027249710953,,adp_ppr,,,,,IRRELEVANT,False,55.0,True,True,,False,False,False,,,,"['LEAGUE_SPECIFIC_VORP', 'M9_PRODUCTION_MODEL', 'CURRENT_PLAYER_MATCH']",,,,team_change_guardrail,0.0664906608799572,0.0186205343989893,0.1313625026084561,4.0,4.0,M9.1c,11.879628165819655,-0.0603718341803443,123.57733552165568,-0.1863427354432371,0.45,0.0999999999999999,0.6707981575593888,1.0,DEPTH,RESEARCH_ONLY_TRANSITION_EXACT_REPLAY,True,True,NEW_TEAM_CONTEXT_REBUILT_V3,BLOCKED_MISSING_HISTORICAL_SLEEPER_BASELINE,True
fie-final-league-board-v1,1399318410818519040,2026,4926,,4926,Nick Schuessler,PIT,QB,SEASON,M9,BLOCKED_STATISTICS,MARKET_FALLBACK,MARKET_BASE,MARKET_BASE,,,,,,,,,,239.9427249710953,,,adp_ppr,,,,,UNAVAILABLE,False,10.0,True,True,,False,False,False,,,,"['M9_PRODUCTION_MODEL', 'CURRENT_PLAYER_MATCH']",,,,prior_season_profile_unavailable,0.0664906608799572,0.0186205343989893,0.1313625026084561,4.0,4.0,M9.1c,,,,,,,,,UNRANKED,BASELINE_ONLY,False,False,NO_PROFILE,BLOCKED_MISSING_HISTORICAL_SLEEPER_BASELINE,False
fie-final-league-board-v1,1399318410818519040,2026,00-0040234,00-0040234,12500,Quinn Ewers,JAX,QB,SEASON,M9,BLOCKED_STATISTICS,FIE_M9_DIAGNOSTIC_MARKET_ANCHORED,DIAGNOSTIC_MARKET_ANCHORED,DIAGNOSTIC_MARKET_ANCHORED,12.4,0.7294117647058824,-16.73206770283376,-5.2190338987791804,9.918307164145766,27.1703021257604,45.00312940166889,,473.0,239.9427249710953,-227.54272497109528,,adp_ppr,,,,,IRRELEVANT,False,55.0,True,True,,False,False,False,,,,"['LEAGUE_SPECIFIC_VORP', 'M9_PRODUCTION_MODEL', 'CURRENT_PLAYER_MATCH']",,,,team_change_guardrail,0.0664906608799572,0.0186205343989893,0.1313625026084561,4.0,4.0,M9.1c,12.40672795346075,0.00672795346075,171.63497544491742,0.2842469873926697,0.65,0.3,0.6727953460750103,1.0,DEPTH,RESEARCH_ONLY_TRANSITION_EXACT_REPLAY,True,True,NEW_TEAM_CONTEXT_REBUILT_V3,BLOCKED_MISSING_HISTORICAL_SLEEPER_BASELINE,True
fie-final-league-board-v1,1399318410818519040,2026,00-0040206,00-0040206,12470,Riley Leonard,IND,QB,SEASON,M9,BLOCKED_STATISTICS,FIE_M9_DIAGNOSTIC_MARKET_ANCHORED,DIAGNOSTIC_MARKET_ANCHORED,DIAGNOSTIC_MARKET_ANCHORED,63.64956404015274,3.744092002361926,33.95460429277441,46.46437754337389,61.42655062225257,78.65668238779861,95.7627970715933,,303.0,239.9427249710953,-176.29316093094255,,adp_ppr,,,,,IRRELEVANT,False,63.0,True,True,,False,False,False,,,,"['LEAGUE_SPECIFIC_VORP', 'M9_PRODUCTION_MODEL', 'CURRENT_PLAYER_MATCH']",V9.7.2,96.7148763071864,33.06531226703365,validated_component_shadow,0.0664906608799572,0.0186205343989893,0.1313625026084561,4.0,4.0,M9.1c,12.44,0.0,135.57476864289612,-0.0958743248852071,0.5,0.0,0.9981500927497378,1.0,DEPTH,RESEARCH_ONLY_EXACT_REPLAY,True,False,STABLE_TEAM,BLOCKED_MISSING_HISTORICAL_SLEEPER_BASELINE,False
fie-final-league-board-v1,1399318410818519040,2026,00-0036879,00-0036879,7583,Sam Ehlinger,DEN,QB,SEASON,M9,BLOCKED_STATISTICS,MARKET_FALLBACK,MARKET_BASE,MARKET_BASE,,,,,,,,,,239.9427249710953,,666.3,adp_ppr,,426.0,,,UNAVAILABLE,False,10.0,True,True,,False,False,False,0.0,0.0,0.0,"['M9_PRODUCTION_MODEL', 'CURRENT_PLAYER_MATCH']",,,,prior_season_profile_unavailable,0.0664906608799572,0.0186205343989893,0.1313625026084561,4.0,4.0,M9.1c,,,,,,,,,UNRANKED,BASELINE_ONLY,False,False,NO_PROFILE,BLOCKED_MISSING_HISTORICAL_SLEEPER_BASELINE,False
fie-final-league-board-v1,1399318410818519040,2026,00-0037077,00-0037077,8162,Sam Howell,DAL,QB,SEASON,M9,BLOCKED_STATISTICS,MARKET_FALLBACK,MARKET_BASE,MARKET_BASE,,,,,,,,,,239.9427249710953,,,adp_ppr,,,,,UNAVAILABLE,False,10.0,True,True,,False,False,False,,,,"['M9_PRODUCTION_MODEL', 'CURRENT_PLAYER_MATCH']",,,,prior_season_profile_unavailable,0.0664906608799572,0.0186205343989893,0.1313625026084561,4.0,4.0,M9.1c,,,,,,,,,UNRANKED,BASELINE_ONLY,False,False,NO_PROFILE,BLOCKED_MISSING_HISTORICAL_SLEEPER_BASELINE,False
fie-final-league-board-v1,1399318410818519040,2026,00-0038391,00-0038391,10983,Sean Clifford,CIN,QB,SEASON,M9,BLOCKED_STATISTICS,MARKET_FALLBACK,MARKET_BASE,MARKET_BASE,,,,,,,,,,239.9427249710953,,,adp_ppr,,,,,UNAVAILABLE,False,10.0,True,True,,False,False,False,,,,"['M9_PRODUCTION_MODEL', 'CURRENT_PLAYER_MATCH']",,,,prior_season_profile_unavailable,0.0664906608799572,0.0186205343989893,0.1313625026084561,4.0,4.0,M9.1c,,,,,,,,,UNRANKED,BASELINE_ONLY,False,False,NO_PROFILE,BLOCKED_MISSING_HISTORICAL_SLEEPER_BASELINE,False
fie-final-league-board-v1,1399318410818519040,2026,00-0040668,00-0040668,12524,Shedeur Sanders,CLE,QB,SEASON,M9,BLOCKED_STATISTICS,FIE_M9_DIAGNOSTIC_MARKET_ANCHORED,DIAGNOSTIC_MARKET_ANCHORED,DIAGNOSTIC_MARKET_ANCHORED,123.24575716646468,7.249750421556746,84.83879093273183,101.5223121942344,121.60547845361212,143.09197459998154,164.16543357131656,,182.0,239.9427249710953,-116.6969678046306,236.1,adp_ppr,,218.0,,36.0,IRRELEVANT,False,64.0,True,True,,False,False,False,0.0,0.0,0.0,"['LEAGUE_SPECIFIC_VORP', 'M9_PRODUCTION_MODEL', 'CURRENT_PLAYER_MATCH']",V9.7.2,185.36475564890296,62.11899848243827,validated_component_shadow,0.0664906608799572,0.0186205343989893,0.1313625026084561,4.0,4.0,M9.1c,109.1832692659159,-1.9367307340840936,195.17096176920805,-0.7626451780434631,0.4,0.1999999999999999,0.409456814816934,36.53744089771698,DEPTH,RESEARCH_ONLY_EXACT_REPLAY,True,False,STABLE_TEAM,BLOCKED_MISSING_HISTORICAL_SLEEPER_BASELINE,True
fie-final-league-board-v1,1399318410818519040,2026,00-0037327,00-0037327,8206,Skylar Thompson,BAL,QB,SEASON,M9,BLOCKED_STATISTICS,MARKET_FALLBACK,MARKET_BASE,MARKET_BASE,,,,,,,,,,239.9427249710953,,,adp_ppr,,,,,UNAVAILABLE,False,10.0,True,True,,False,False,False,,,,"['M9_PRODUCTION_MODEL', 'CURRENT_PLAYER_MATCH']",,,,prior_season_profile_unavailable,0.0664906608799572,0.0186205343989893,0.1313625026084561,4.0,4.0,M9.1c,,,,,,,,,UNRANKED,BASELINE_ONLY,False,False,NO_PROFILE,BLOCKED_MISSING_HISTORICAL_SLEEPER_BASELINE,False
fie-final-league-board-v1,1399318410818519040,2026,4936,,4936,Skyler Howard,SEA,QB,SEASON,M9,BLOCKED_STATISTICS,MARKET_FALLBACK,MARKET_BASE,MARKET_BASE,,,,,,,,,,239.9427249710953,,388.4,adp_ppr,,272.0,,,UNAVAILABLE,False,10.0,True,True,,False,False,False,0.0,0.0,0.0,"['M9_PRODUCTION_MODEL', 'CURRENT_PLAYER_MATCH']",,,,prior_season_profile_unavailable,0.0664906608799572,0.0186205343989893,0.1313625026084561,4.0,4.0,M9.1c,,,,,,,,,UNRANKED,BASELINE_ONLY,False,False,NO_PROFILE,BLOCKED_MISSING_HISTORICAL_SLEEPER_BASELINE,False
fie-final-league-board-v1,1399318410818519040,2026,00-0039376,00-0039376,11562,Spencer Rattler,NO,QB,SEASON,M9,BLOCKED_STATISTICS,FIE_M9_DIAGNOSTIC_MARKET_ANCHORED,DIAGNOSTIC_MARKET_ANCHORED,DIAGNOSTIC_MARKET_ANCHORED,155.49755264113273,9.146914861243102,126.17421067032276,138.32293537654212,153.37635512729094,170.2949897208957,187.0393674253632,,130.0,239.9427249710953,-84.44517232996256,,adp_ppr,,,,,IRRELEVANT,False,64.0,True,True,,False,False,False,,,,"['LEAGUE_SPECIFIC_VORP', 'M9_PRODUCTION_MODEL', 'CURRENT_PLAYER_MATCH']",V9.7.2,202.8636709551712,47.3661183140384,validated_component_shadow,0.0664906608799572,0.0186205343989893,0.1313625026084561,4.0,4.0,M9.1c,12.919192095461549,0.2391920954615489,227.4227572438761,0.6560622645653466,0.8,0.6000000000000001,0.9966337310897871,1.0,DEPTH,RESEARCH_ONLY_EXACT_REPLAY,True,False,STABLE_TEAM,BLOCKED_MISSING_HISTORICAL_SLEEPER_BASELINE,True
fie-final-league-board-v1,1399318410818519040,2026,00-0039107,00-0039107,10857,Stetson Bennett,LAR,QB,SEASON,M9,BLOCKED_STATISTICS,MARKET_FALLBACK,MARKET_BASE,MARKET_BASE,,,,,,,,,,239.9427249710953,,,adp_ppr,,,,,UNAVAILABLE,False,10.0,True,True,,False,False,False,,,,"['M9_PRODUCTION_MODEL', 'CURRENT_PLAYER_MATCH']",,,,prior_season_profile_unavailable,0.0664906608799572,0.0186205343989893,0.1313625026084561,4.0,4.0,M9.1c,,,,,,,,,UNRANKED,BASELINE_ONLY,False,False,NO_PROFILE,BLOCKED_MISSING_HISTORICAL_SLEEPER_BASELINE,False
fie-final-league-board-v1,1399318410818519040,2026,00-0038400,00-0038400,9230,Tanner McKee,PHI,QB,SEASON,M9,BLOCKED_STATISTICS,FIE_M9_DIAGNOSTIC_MARKET_ANCHORED,DIAGNOSTIC_MARKET_ANCHORED,DIAGNOSTIC_MARKET_ANCHORED,81.84009450952286,4.814123206442521,52.22471485479436,63.76582707637096,79.35152065470123,96.99399791004775,114.38251533334176,,243.0,239.9427249710953,-158.10263046157243,,adp_ppr,,,,,IRRELEVANT,False,63.0,True,True,,False,False,False,,,,"['LEAGUE_SPECIFIC_VORP', 'M9_PRODUCTION_MODEL', 'CURRENT_PLAYER_MATCH']",V9.7.2,124.6832003487033,42.84310583918044,validated_component_shadow,0.0664906608799572,0.0186205343989893,0.1313625026084561,4.0,4.0,M9.1c,12.429981500927497,0.0099815009274966,153.76529911226623,0.0958743248852071,0.6,0.1999999999999999,0.9981500927497378,1.0,DEPTH,RESEARCH_ONLY_EXACT_REPLAY,True,False,STABLE_TEAM,BLOCKED_MISSING_HISTORICAL_SLEEPER_BASELINE,True
fie-final-league-board-v1,1399318410818519040,2026,00-0041092,00-0041092,13306,Taylen Green,CLE,QB,SEASON,M9,BLOCKED_STATISTICS,FIE_M9_DIAGNOSTIC_MARKET_ANCHORED,DIAGNOSTIC_MARKET_ANCHORED,DIAGNOSTIC_MARKET_ANCHORED,34.3,2.0176470588235293,2.775862697408592,15.884241682395071,32.35916502629577,50.22956060520079,68.36208365542987,,395.0,239.9427249710953,-205.64272497109528,,adp_ppr,,,,,IRRELEVANT,False,62.0,True,True,,False,False,False,,,,"['LEAGUE_SPECIFIC_VORP', 'M9_PRODUCTION_MODEL', 'CURRENT_PLAYER_MATCH']",,,,prior_season_profile_unavailable,0.0664906608799572,0.0186205343989893,0.1313625026084561,4.0,4.0,M9.1c,34.3,0.0,,,,,,,DEPTH,BASELINE_ONLY,False,False,NO_PROFILE,BLOCKED_MISSING_HISTORICAL_SLEEPER_BASELINE,False
fie-final-league-board-v1,1399318410818519040,2026,00-0038476,00-0038476,11292,Tommy DeVito,NE,QB,SEASON,M9,BLOCKED_STATISTICS,FIE_M9_DIAGNOSTIC_MARKET_ANCHORED,DIAGNOSTIC_MARKET_ANCHORED,DIAGNOSTIC_MARKET_ANCHORED,12.38,0.7282352941176471,-16.772670166938916,-4.717343211319204,10.120329392788411,27.081414196946987,44.471844497660975,,474.0,239.9427249710953,-227.5627249710953,,adp_ppr,,,,,IRRELEVANT,False,62.0,True,True,,False,False,False,,,,"['LEAGUE_SPECIFIC_VORP', 'M9_PRODUCTION_MODEL', 'CURRENT_PLAYER_MATCH']",,,,prior_season_profile_unavailable,0.0664906608799572,0.0186205343989893,0.1313625026084561,4.0,4.0,M9.1c,12.38,0.0,,,,,,,DEPTH,BASELINE_ONLY,False,False,NO_PROFILE,BLOCKED_MISSING_HISTORICAL_SLEEPER_BASELINE,False
fie-final-league-board-v1,1399318410818519040,2026,00-0036433,00-0036433,7149,Tommy Stevens,NYG,QB,SEASON,M9,BLOCKED_STATISTICS,MARKET_FALLBACK,MARKET_BASE,MARKET_BASE,,,,,,,,,,239.9427249710953,,679.5,adp_ppr,,456.0,,,UNAVAILABLE,False,10.0,True,True,,False,False,False,0.0,0.0,0.0,"['M9_PRODUCTION_MODEL', 'CURRENT_PLAYER_MATCH']",,,,prior_season_profile_unavailable,0.0664906608799572,0.0186205343989893,0.1313625026084561,4.0,4.0,M9.1c,,,,,,,,,UNRANKED,BASELINE_ONLY,False,False,NO_PROFILE,BLOCKED_MISSING_HISTORICAL_SLEEPER_BASELINE,False
fie-final-league-board-v1,1399318410818519040,2026,00-0037012,00-0037012,7610,Trey Lance,LAC,QB,SEASON,M9,BLOCKED_STATISTICS,FIE_M9_DIAGNOSTIC_MARKET_ANCHORED,DIAGNOSTIC_MARKET_ANCHORED,DIAGNOSTIC_MARKET_ANCHORED,75.04761625325276,4.414565661956044,45.81877705340718,57.91208570740399,72.8691617069163,89.76142670530352,107.13959399180136,,260.0,239.9427249710953,-164.89510871784253,,adp_ppr,,,,,IRRELEVANT,False,63.0,True,True,,False,False,False,,,,"['LEAGUE_SPECIFIC_VORP', 'M9_PRODUCTION_MODEL', 'CURRENT_PLAYER_MATCH']",V9.7.2,138.24084470187913,63.19322844862637,validated_component_shadow,0.0664906608799572,0.0186205343989893,0.1313625026084561,4.0,4.0,M9.1c,14.531725158464466,-0.088274841535533,146.97282085599613,-0.6304519118401256,0.4,0.1999999999999999,0.9808315726170388,1.85,DEPTH,RESEARCH_ONLY_EXACT_REPLAY,True,False,STABLE_TEAM,BLOCKED_MISSING_HISTORICAL_SLEEPER_BASELINE,True
fie-final-league-board-v1,1399318410818519040,2026,00-0036212,00-0036212,6768,Tua Tagovailoa,ATL,QB,SEASON,M9,BLOCKED_STATISTICS,FIE_M9_DIAGNOSTIC_MARKET_ANCHORED,DIAGNOSTIC_MARKET_ANCHORED,DIAGNOSTIC_MARKET_ANCHORED,92.96,5.468235294117647,56.09858446960331,72.16988218435799,91.02073431471892,111.79897121747229,131.93914520358385,,228.0,239.9427249710953,-146.9827249710953,236.5,adp_ppr,,219.0,,-9.0,IRRELEVANT,False,55.0,True,True,,False,False,False,0.0,0.0,0.0,"['LEAGUE_SPECIFIC_VORP', 'M9_PRODUCTION_MODEL', 'CURRENT_PLAYER_MATCH']",,,,team_change_guardrail,0.0664906608799572,0.0186205343989893,0.1313625026084561,4.0,4.0,M9.1c,92.96,0.0,229.17834006103416,,,,,,STARTER,RESEARCH_ONLY_TRANSITION_EXACT_REPLAY,True,True,NEW_TEAM_CONTEXT_REBUILT_V3,BLOCKED_MISSING_HISTORICAL_SLEEPER_BASELINE,False
fie-final-league-board-v1,1399318410818519040,2026,00-0041568,00-0041568,13275,Ty Simpson,LAR,QB,SEASON,M9,BLOCKED_STATISTICS,FIE_M9_DIAGNOSTIC_MARKET_ANCHORED,DIAGNOSTIC_MARKET_ANCHORED,DIAGNOSTIC_MARKET_ANCHORED,13.62,0.8011764705882353,-15.71441882265858,-3.752691340811516,11.268301072327567,28.603923031555432,45.71587616563286,,465.0,239.9427249710953,-226.32272497109528,241.8,adp_ppr,,234.0,,-231.0,IRRELEVANT,False,62.0,True,True,,False,False,False,0.0,0.0,0.0,"['LEAGUE_SPECIFIC_VORP', 'M9_PRODUCTION_MODEL', 'CURRENT_PLAYER_MATCH']",,,,prior_season_profile_unavailable,0.0664906608799572,0.0186205343989893,0.1313625026084561,4.0,4.0,M9.1c,13.62,0.0,,,,,,,DEPTH,BASELINE_ONLY,False,False,NO_PROFILE,BLOCKED_MISSING_HISTORICAL_SLEEPER_BASELINE,False
fie-final-league-board-v1,1399318410818519040,2026,00-0035993,00-0035993,7083,Tyler Huntley,BAL,QB,SEASON,M9,BLOCKED_STATISTICS,FIE_M9_DIAGNOSTIC_MARKET_ANCHORED,DIAGNOSTIC_MARKET_ANCHORED,DIAGNOSTIC_MARKET_ANCHORED,142.68867423217742,8.393451425422201,113.50458792072006,125.45598347968676,140.5619602120868,157.51708437603003,174.64764068933394,,156.0,239.9427249710953,-97.25405073891788,,adp_ppr,,,,,IRRELEVANT,False,63.0,True,True,,False,False,False,,,,"['LEAGUE_SPECIFIC_VORP', 'M9_PRODUCTION_MODEL', 'CURRENT_PLAYER_MATCH']",V9.7.2,156.2943554636448,13.605681231467372,validated_component_shadow,0.0664906608799572,0.0186205343989893,0.1313625026084561,4.0,4.0,M9.1c,12.829495059663468,0.1494950596634687,214.6138788349208,0.5096970674704225,0.7,0.3999999999999999,0.9966337310897871,1.0,DEPTH,RESEARCH_ONLY_EXACT_REPLAY,True,False,STABLE_TEAM,BLOCKED_MISSING_HISTORICAL_SLEEPER_BASELINE,True
fie-final-league-board-v1,1399318410818519040,2026,00-0028118,00-0028118,827,Tyrod Taylor,GB,QB,SEASON,M9,BLOCKED_STATISTICS,FIE_M9_DIAGNOSTIC_MARKET_ANCHORED,DIAGNOSTIC_MARKET_ANCHORED,DIAGNOSTIC_MARKET_ANCHORED,12.9,0.7588235294117647,-16.25330262162143,-4.425667429638047,10.484859128221927,27.672923947713088,44.72858427597906,,469.0,239.9427249710953,-227.04272497109528,658.2,adp_ppr,,412.0,,-57.0,IRRELEVANT,False,55.0,True,True,,False,False,False,0.0,0.0,0.0,"['LEAGUE_SPECIFIC_VORP', 'M9_PRODUCTION_MODEL', 'CURRENT_PLAYER_MATCH']",,,,team_change_guardrail,0.0664906608799572,0.0186205343989893,0.1313625026084561,4.0,4.0,M9.1c,12.879882696751764,-0.0201173032482362,178.1154262281884,-0.2625842208029576,0.45,0.0999999999999999,0.6705767749412004,1.0,DEPTH,RESEARCH_ONLY_TRANSITION_EXACT_REPLAY,True,True,NEW_TEAM_CONTEXT_REBUILT_V3,BLOCKED_MISSING_HISTORICAL_SLEEPER_BASELINE,True
fie-final-league-board-v1,1399318410818519040,2026,00-0038416,00-0038416,11256,Tyson Bagent,CHI,QB,SEASON,M9,BLOCKED_STATISTICS,FIE_M9_DIAGNOSTIC_MARKET_ANCHORED,DIAGNOSTIC_MARKET_ANCHORED,DIAGNOSTIC_MARKET_ANCHORED,-2.8870408404007435,-0.169825931788279,-32.8585151227363,-20.482710585800334,-5.262022967743157,12.428961508519969,30.10936105803227,,516.0,239.9427249710953,-242.82976581149603,,adp_ppr,,,,,IRRELEVANT,False,62.0,True,True,,False,False,False,,,,"['LEAGUE_SPECIFIC_VORP', 'M9_PRODUCTION_MODEL', 'CURRENT_PLAYER_MATCH']",,,,prior_season_games_below_gate,0.0664906608799572,0.0186205343989893,0.1313625026084561,4.0,4.0,M9.1c,12.340348790349449,-0.1596512096505513,69.03816376234265,-0.797014655665491,0.1,0.8,0.9978200603159494,1.0,DEPTH,RESEARCH_ONLY_EXACT_REPLAY,True,False,STABLE_TEAM,BLOCKED_MISSING_HISTORICAL_SLEEPER_BASELINE,True
fie-final-league-board-v1,1399318410818519040,2026,00-0040203,00-0040203,12511,Will Howard,PIT,QB,SEASON,M9,BLOCKED_STATISTICS,FIE_M9_DIAGNOSTIC_MARKET_ANCHORED,DIAGNOSTIC_MARKET_ANCHORED,DIAGNOSTIC_MARKET_ANCHORED,22.5,1.3235294117647058,-7.075745986370428,4.784629754266277,20.13948796262489,37.60282286615599,55.655892464388174,,445.0,239.9427249710953,-217.4427249710953,,adp_ppr,,,,,IRRELEVANT,False,62.0,True,True,,False,False,False,,,,"['LEAGUE_SPECIFIC_VORP', 'M9_PRODUCTION_MODEL', 'CURRENT_PLAYER_MATCH']",,,,prior_season_profile_unavailable,0.0664906608799572,0.0186205343989893,0.1313625026084561,4.0,4.0,M9.1c,22.5,0.0,,,,,,,DEPTH,BASELINE_ONLY,False,False,NO_PROFILE,BLOCKED_MISSING_HISTORICAL_SLEEPER_BASELINE,False
fie-final-league-board-v1,1399318410818519040,2026,4924,,4924,Zach Terrell,BAL,QB,SEASON,M9,BLOCKED_STATISTICS,MARKET_FALLBACK,MARKET_BASE,MARKET_BASE,,,,,,,,,,239.9427249710953,,700.0,adp_ppr,,504.0,,,UNAVAILABLE,False,10.0,True,True,,False,False,False,0.0,0.0,0.0,"['M9_PRODUCTION_MODEL', 'CURRENT_PLAYER_MATCH']",,,,prior_season_profile_unavailable,0.0664906608799572,0.0186205343989893,0.1313625026084561,4.0,4.0,M9.1c,,,,,,,,,UNRANKED,BASELINE_ONLY,False,False,NO_PROFILE,BLOCKED_MISSING_HISTORICAL_SLEEPER_BASELINE,False
fie-final-league-board-v1,1399318410818519040,2026,00-0037013,00-0037013,7538,Zach Wilson,NO,QB,SEASON,M9,BLOCKED_STATISTICS,MARKET_FALLBACK,MARKET_BASE,MARKET_BASE,,,,,,,,,,239.9427249710953,,,adp_ppr,,,,,UNAVAILABLE,False,11.0,True,True,,False,False,False,,,,"['M9_PRODUCTION_MODEL', 'CURRENT_PLAYER_MATCH']",,,,team_change_guardrail,0.0664906608799572,0.0186205343989893,0.1313625026084561,4.0,4.0,M9.1c,,,,,,,,,UNRANKED,BASELINE_ONLY,False,False,NO_PROFILE,BLOCKED_MISSING_HISTORICAL_SLEEPER_BASELINE,False
fie-final-league-board-v1,1399318410818519040,2026,00-0033280,00-0033280,4034,Christian McCaffrey,SF,RB,SEASON,M9,BLOCKED_STATISTICS,FIE_M9_DIAGNOSTIC_MARKET_ANCHORED,DIAGNOSTIC_MARKET_ANCHORED,DIAGNOSTIC_MARKET_ANCHORED,307.9959986615602,18.11741168597413,276.2312798808214,291.31132266674723,307.6590475620246,324.55428459204995,339.9445414799965,1.0,7.0,145.29392965362956,162.70206900793062,5.4,adp_ppr,3.0,5.0,2.0,-2.0,FAIR,False,66.0,True,True,,True,True,True,0.0,0.0,0.0,"['LEAGUE_SPECIFIC_VORP', 'RELEVANT_UNIVERSE_RANK_EDGE', 'M9_PRODUCTION_MODEL', 'CURRENT_PLAYER_MATCH']",,,,position_not_validated,0.0348981416554671,-0.0152697956717366,0.0855212615803308,3.0,4.0,M9.1c,320.61195327537,29.611953275370013,335.87932386048726,1.6650034663263351,1.0,1.0,0.409570584721577,31.552796170155432,CLEAR_STARTER,RESEARCH_ONLY_EXACT_REPLAY,True,False,STABLE_TEAM,BLOCKED_MISSING_HISTORICAL_SLEEPER_BASELINE,True
fie-final-league-board-v1,1399318410818519040,2026,00-0038542,00-0038542,9509,Bijan Robinson,ATL,RB,SEASON,M9,BLOCKED_STATISTICS,FIE_M9_DIAGNOSTIC_MARKET_ANCHORED,DIAGNOSTIC_MARKET_ANCHORED,DIAGNOSTIC_MARKET_ANCHORED,286.13292741477187,16.831348671457167,253.76075093414016,268.7186662293022,285.76305667729656,303.27838213141496,318.83584007740313,2.0,11.0,145.29392965362956,140.8389977611423,2.2,adp_ppr,2.0,2.0,0.0,-9.0,FAIR,False,66.0,True,True,,True,True,True,-0.5999999999999996,-0.5999999999999996,-0.5999999999999996,"['LEAGUE_SPECIFIC_VORP', 'RELEVANT_UNIVERSE_RANK_EDGE', 'M9_PRODUCTION_MODEL', 'CURRENT_PLAYER_MATCH']",,,,position_not_validated,0.0348981416554671,-0.0152697956717366,0.0855212615803308,3.0,4.0,M9.1c,324.9,0.0,314.0162526136989,-0.0483314752314699,0.5,0.0,0.3163117316987128,31.204753303369955,CLEAR_STARTER,RESEARCH_ONLY_EXACT_REPLAY,True,False,STABLE_TEAM,BLOCKED_MISSING_HISTORICAL_SLEEPER_BASELINE,False
fie-final-league-board-v1,1399318410818519040,2026,00-0039139,00-0039139,9221,Jahmyr Gibbs,DET,RB,SEASON,M9,BLOCKED_STATISTICS,FIE_M9_DIAGNOSTIC_MARKET_ANCHORED,DIAGNOSTIC_MARKET_ANCHORED,DIAGNOSTIC_MARKET_ANCHORED,267.87776096216896,15.75751535071582,235.83161398798725,250.900985079203,267.3844002685247,284.7046866071093,300.53200827040723,3.0,18.0,145.29392965362956,122.5838313085394,1.9,adp_ppr,1.0,1.0,-2.0,-17.0,FAIR,False,66.0,True,True,,True,True,True,0.1999999999999999,0.1999999999999999,0.1999999999999999,"['LEAGUE_SPECIFIC_VORP', 'RELEVANT_UNIVERSE_RANK_EDGE', 'M9_PRODUCTION_MODEL', 'CURRENT_PLAYER_MATCH']",,,,position_not_validated,0.0348981416554671,-0.0152697956717366,0.0855212615803308,3.0,4.0,M9.1c,327.0831749238167,-4.3168250761833065,295.76108616109605,-0.847985009879763,0.1,0.8,0.3018758794533791,31.72867811547036,CLEAR_STARTER,RESEARCH_ONLY_EXACT_REPLAY,True,False,STABLE_TEAM,BLOCKED_MISSING_HISTORICAL_SLEEPER_BASELINE,True
fie-final-league-board-v1,1399318410818519040,2026,00-0039040,00-0039040,9226,De'Von Achane,MIA,RB,SEASON,M9,BLOCKED_STATISTICS,FIE_M9_DIAGNOSTIC_MARKET_ANCHORED,DIAGNOSTIC_MARKET_ANCHORED,DIAGNOSTIC_MARKET_ANCHORED,264.7595939529409,15.574093761937704,232.6467365756945,248.09078145120864,264.67001288315,281.1659067714527,296.4631419971272,4.0,20.0,145.29392965362956,119.46566429931136,13.1,adp_ppr,7.0,13.0,3.0,-7.0,FAIR,False,66.0,True,True,,True,True,True,-0.0999999999999996,-0.0999999999999996,-0.0999999999999996,"['LEAGUE_SPECIFIC_VORP', 'RELEVANT_UNIVERSE_RANK_EDGE', 'M9_PRODUCTION_MODEL', 'CURRENT_PLAYER_MATCH']",,,,position_not_validated,0.0348981416554671,-0.0152697956717366,0.0855212615803308,3.0,4.0,M9.1c,269.99999999999994,12.599999999999966,292.64291915186794,1.343750536856943,1.0,1.0,0.5422497573219509,12.59999999999998,CLEAR_STARTER,RESEARCH_ONLY_EXACT_REPLAY,True,False,STABLE_TEAM,BLOCKED_MISSING_HISTORICAL_SLEEPER_BASELINE,True
fie-final-league-board-v1,1399318410818519040,2026,00-0036223,00-0036223,6813,Jonathan Taylor,IND,RB,SEASON,M9,BLOCKED_STATISTICS,FIE_M9_DIAGNOSTIC_MARKET_ANCHORED,DIAGNOSTIC_MARKET_ANCHORED,DIAGNOSTIC_MARKET_ANCHORED,264.5690456974147,15.562885041024394,232.9708061395302,248.2994456199584,264.4951753835017,280.6134803001756,295.5407339041454,5.0,21.0,145.29392965362956,119.27511604378516,7.2,adp_ppr,4.0,7.0,-1.0,-14.0,FAIR,False,66.0,True,True,,True,True,True,0.2000000000000001,0.2000000000000001,0.2000000000000001,"['LEAGUE_SPECIFIC_VORP', 'RELEVANT_UNIVERSE_RANK_EDGE', 'M9_PRODUCTION_MODEL', 'CURRENT_PLAYER_MATCH']",,,,position_not_validated,0.0348981416554671,-0.0152697956717366,0.0855212615803308,3.0,4.0,M9.1c,283.99657796934446,11.696577969344446,292.45237089634173,0.5391043248537841,0.8,0.6000000000000001,0.4614034701911024,22.05000000000001,CLEAR_STARTER,RESEARCH_ONLY_EXACT_REPLAY,True,False,STABLE_TEAM,BLOCKED_MISSING_HISTORICAL_SLEEPER_BASELINE,True
fie-final-league-board-v1,1399318410818519040,2026,00-0038134,00-0038134,8151,Kenneth Walker,KC,RB,SEASON,M9,BLOCKED_STATISTICS,FIE_M9_DIAGNOSTIC_MARKET_ANCHORED,DIAGNOSTIC_MARKET_ANCHORED,DIAGNOSTIC_MARKET_ANCHORED,244.0,14.352941176470589,212.2671849706097,227.1703840266915,243.69580829645784,260.417256562214,275.8766737737941,6.0,32.0,145.29392965362956,98.70607034637044,19.9,adp_ppr,11.0,19.0,5.0,-13.0,FAIR,False,55.0,True,True,,True,True,True,0.0999999999999978,0.0999999999999978,0.0999999999999978,"['LEAGUE_SPECIFIC_VORP', 'RELEVANT_UNIVERSE_RANK_EDGE', 'M9_PRODUCTION_MODEL', 'CURRENT_PLAYER_MATCH']",,,,position_not_validated,0.0348981416554671,-0.0152697956717366,0.0855212615803308,3.0,4.0,M9.1c,231.7,-12.299999999999985,175.01866642619572,-3.8364709454119534,0.05,0.9,0.5334957099730365,12.299999999999985,CLEAR_STARTER,RESEARCH_ONLY_TRANSITION_EXACT_REPLAY,True,True,NEW_TEAM_CONTEXT_REBUILT_V3,BLOCKED_MISSING_HISTORICAL_SLEEPER_BASELINE,True
fie-final-league-board-v1,1399318410818519040,2026,00-0037248,00-0037248,8138,James Cook,BUF,RB,SEASON,M9,BLOCKED_STATISTICS,FIE_M9_DIAGNOSTIC_MARKET_ANCHORED,DIAGNOSTIC_MARKET_ANCHORED,DIAGNOSTIC_MARKET_ANCHORED,237.3715791193632,13.963034065844893,205.7606463133026,220.4299264576746,237.18648950599564,253.78893044639275,269.3878222997787,7.0,39.0,145.29392965362956,92.0776494657336,8.6,adp_ppr,5.0,8.0,-2.0,-31.0,FAIR,False,66.0,True,True,,True,True,True,-1.0999999999999996,-1.0999999999999996,-1.0999999999999996,"['LEAGUE_SPECIFIC_VORP', 'RELEVANT_UNIVERSE_RANK_EDGE', 'M9_PRODUCTION_MODEL', 'CURRENT_PLAYER_MATCH']",,,,position_not_validated,0.0348981416554671,-0.0152697956717366,0.0855212615803308,3.0,4.0,M9.1c,258.53379081733794,-2.2662091826620667,265.2549043182902,-0.198956670732979,0.4,0.1999999999999999,0.5332256900381381,14.000000000000028,CLEAR_STARTER,RESEARCH_ONLY_EXACT_REPLAY,True,False,STABLE_TEAM,BLOCKED_MISSING_HISTORICAL_SLEEPER_BASELINE,True
fie-final-league-board-v1,1399318410818519040,2026,00-0038597,00-0038597,9224,Chase Brown,CIN,RB,SEASON,M9,BLOCKED_STATISTICS,FIE_M9_DIAGNOSTIC_MARKET_ANCHORED,DIAGNOSTIC_MARKET_ANCHORED,DIAGNOSTIC_MARKET_ANCHORED,228.819750892934,13.459985346643176,197.324661213218,212.24123627845148,228.6768560673488,244.8583170040462,260.15993466568784,8.0,46.0,145.29392965362956,83.52582123930443,16.7,adp_ppr,10.0,16.0,2.0,-30.0,FAIR,False,66.0,True,True,,True,True,True,0.6999999999999993,0.6999999999999993,0.6999999999999993,"['LEAGUE_SPECIFIC_VORP', 'RELEVANT_UNIVERSE_RANK_EDGE', 'M9_PRODUCTION_MODEL', 'CURRENT_PLAYER_MATCH']",,,,position_not_validated,0.0348981416554671,-0.0152697956717366,0.0855212615803308,3.0,4.0,M9.1c,255.2,0.0,256.7030760918611,-0.1516412976098456,0.5,0.0,0.5570644045260278,10.399999999999991,CLEAR_STARTER,RESEARCH_ONLY_EXACT_REPLAY,True,False,STABLE_TEAM,BLOCKED_MISSING_HISTORICAL_SLEEPER_BASELINE,False
fie-final-league-board-v1,1399318410818519040,2026,00-0041027,00-0041027,13287,Jeremiyah Love,ARI,RB,SEASON,M9,BLOCKED_STATISTICS,FIE_M9_DIAGNOSTIC_MARKET_ANCHORED,DIAGNOSTIC_MARKET_ANCHORED,DIAGNOSTIC_MARKET_ANCHORED,211.8,12.458823529411765,181.18040062220027,195.0546622661089,211.3301431387706,228.00679641869823,242.8479192729851,9.0,58.0,145.29392965362956,66.50607034637045,26.0,adp_ppr,13.0,26.0,4.0,-32.0,FAIR,False,62.0,True,True,,True,True,True,-1.8999999999999984,-1.8999999999999984,-1.8999999999999984,"['LEAGUE_SPECIFIC_VORP', 'RELEVANT_UNIVERSE_RANK_EDGE', 'M9_PRODUCTION_MODEL', 'CURRENT_PLAYER_MATCH']",,,,position_not_validated,0.0348981416554671,-0.0152697956717366,0.0855212615803308,3.0,4.0,M9.1c,211.8,0.0,,,,,,,CLEAR_STARTER,BASELINE_ONLY,False,False,NO_PROFILE,BLOCKED_MISSING_HISTORICAL_SLEEPER_BASELINE,False
fie-final-league-board-v1,1399318410818519040,2026,00-0037840,00-0037840,8150,Kyren Williams,LAR,RB,SEASON,M9,BLOCKED_STATISTICS,FIE_M9_DIAGNOSTIC_MARKET_ANCHORED,DIAGNOSTIC_MARKET_ANCHORED,DIAGNOSTIC_MARKET_ANCHORED,208.0,12.235294117647058,177.49577644681838,191.6217254615832,207.73971555869755,224.32161907083807,238.928361731814,10.0,61.0,145.29392965362956,62.70607034637044,28.5,adp_ppr,14.0,28.0,4.0,-33.0,FAIR,False,55.0,True,True,,True,True,True,0.6000000000000014,0.6000000000000014,0.6000000000000014,"['LEAGUE_SPECIFIC_VORP', 'RELEVANT_UNIVERSE_RANK_EDGE', 'M9_PRODUCTION_MODEL', 'CURRENT_PLAYER_MATCH']",,,,position_not_validated,0.0348981416554671,-0.0152697956717366,0.0855212615803308,3.0,4.0,M9.1c,216.75,8.75,219.20145315402104,0.8356096043104044,0.9,0.8,0.598470664343683,8.75,CLEAR_STARTER,RESEARCH_ONLY_EXACT_REPLAY,True,False,STABLE_TEAM,BLOCKED_MISSING_HISTORICAL_SLEEPER_BASELINE,True
fie-final-league-board-v1,1399318410818519040,2026,00-0036973,00-0036973,7543,Travis Etienne,NO,RB,SEASON,M9,BLOCKED_STATISTICS,FIE_M9_DIAGNOSTIC_MARKET_ANCHORED,DIAGNOSTIC_MARKET_ANCHORED,DIAGNOSTIC_MARKET_ANCHORED,207.7,12.217647058823529,176.88973162671277,191.57525334732,207.21276349875845,223.3253264255862,238.65020368037,11.0,63.0,145.29392965362956,62.40607034637043,44.3,adp_ppr,20.0,44.0,9.0,-19.0,VALUE,True,55.0,True,True,,True,True,True,-0.2000000000000028,-0.2000000000000028,-0.2000000000000028,"['LEAGUE_SPECIFIC_VORP', 'RELEVANT_UNIVERSE_RANK_EDGE', 'M9_PRODUCTION_MODEL', 'CURRENT_PLAYER_MATCH']",,,,position_not_validated,0.0348981416554671,-0.0152697956717366,0.0855212615803308,3.0,4.0,M9.1c,216.15,8.449999999999989,227.8833954498832,1.517840052015388,0.95,0.8999999999999999,0.5413707598895965,8.449999999999989,CLEAR_STARTER,RESEARCH_ONLY_TRANSITION_EXACT_REPLAY,True,True,NEW_TEAM_CONTEXT_REBUILT_V3,BLOCKED_MISSING_HISTORICAL_SLEEPER_BASELINE,True
fie-final-league-board-v1,1399318410818519040,2026,00-0040122,00-0040122,12527,Ashton Jeanty,LV,RB,SEASON,M9,BLOCKED_STATISTICS,FIE_M9_DIAGNOSTIC_MARKET_ANCHORED,DIAGNOSTIC_MARKET_ANCHORED,DIAGNOSTIC_MARKET_ANCHORED,206.32510214146453,12.136770714203797,174.84140201808677,189.8678338963808,206.3408562556385,222.63263896816028,237.47965679293893,12.0,64.0,145.29392965362956,61.031172487834965,14.2,adp_ppr,8.0,14.0,-4.0,-50.0,FAIR,False,66.0,True,True,,True,True,True,1.0,1.0,1.0,"['LEAGUE_SPECIFIC_VORP', 'RELEVANT_UNIVERSE_RANK_EDGE', 'M9_PRODUCTION_MODEL', 'CURRENT_PLAYER_MATCH']",,,,position_not_validated,0.0348981416554671,-0.0152697956717366,0.0855212615803308,3.0,4.0,M9.1c,238.64913442781696,4.749134427816955,234.2084273403916,0.245684478749039,0.7,0.3999999999999999,0.5653731461686858,21.599999999999994,CLEAR_STARTER,RESEARCH_ONLY_EXACT_REPLAY,True,False,STABLE_TEAM,BLOCKED_MISSING_HISTORICAL_SLEEPER_BASELINE,True
fie-final-league-board-v1,1399318410818519040,2026,00-0035685,00-0035685,5892,David Montgomery,HOU,RB,SEASON,M9,BLOCKED_STATISTICS,FIE_M9_DIAGNOSTIC_MARKET_ANCHORED,DIAGNOSTIC_MARKET_ANCHORED,DIAGNOSTIC_MARKET_ANCHORED,206.1,12.123529411764707,175.51240947184976,189.6007188842445,205.63368982052648,222.1194436353977,237.5363773141056,13.0,65.0,145.29392965362956,60.80607034637043,48.4,adp_ppr,21.0,48.0,8.0,-17.0,VALUE,True,55.0,True,True,,True,True,True,-0.5,-0.5,-0.5,"['LEAGUE_SPECIFIC_VORP', 'RELEVANT_UNIVERSE_RANK_EDGE', 'M9_PRODUCTION_MODEL', 'CURRENT_PLAYER_MATCH']",,,,position_not_validated,0.0348981416554671,-0.0152697956717366,0.0855212615803308,3.0,4.0,M9.1c,198.75000000000003,-7.349999999999994,141.6559757353225,-7.568032019071672,0.15,0.7,0.5631113463398091,7.349999999999994,CLEAR_STARTER,RESEARCH_ONLY_TRANSITION_EXACT_REPLAY,True,True,NEW_TEAM_CONTEXT_REBUILT_V3,BLOCKED_MISSING_HISTORICAL_SLEEPER_BASELINE,True
fie-final-league-board-v1,1399318410818519040,2026,00-0032764,00-0032764,3198,Derrick Henry,BAL,RB,SEASON,M9,BLOCKED_STATISTICS,FIE_M9_DIAGNOSTIC_MARKET_ANCHORED,DIAGNOSTIC_MARKET_ANCHORED,DIAGNOSTIC_MARKET_ANCHORED,202.13715794772844,11.89042105574873,170.77422547234124,185.2210527532705,202.17825339881,218.4329927020748,233.84533511343352,14.0,67.0,145.29392965362956,56.84322829409888,20.0,adp_ppr,12.0,20.0,-2.0,-47.0,FAIR,False,66.0,True,True,,True,True,True,-0.8999999999999986,-0.8999999999999986,-0.8999999999999986,"['LEAGUE_SPECIFIC_VORP', 'RELEVANT_UNIVERSE_RANK_EDGE', 'M9_PRODUCTION_MODEL', 'CURRENT_PLAYER_MATCH']",,,,position_not_validated,0.0348981416554671,-0.0152697956717366,0.0855212615803308,3.0,4.0,M9.1c,235.15,-11.75,230.0204831466555,-0.9315812520316218,0.2,0.6,0.5959936446736267,11.749999999999986,CLEAR_STARTER,RESEARCH_ONLY_EXACT_REPLAY,True,False,STABLE_TEAM,BLOCKED_MISSING_HISTORICAL_SLEEPER_BASELINE,True
fie-final-league-board-v1,1399318410818519040,2026,00-0034844,00-0034844,4866,Saquon Barkley,PHI,RB,SEASON,M9,BLOCKED_STATISTICS,FIE_M9_DIAGNOSTIC_MARKET_ANCHORED,DIAGNOSTIC_MARKET_ANCHORED,DIAGNOSTIC_MARKET_ANCHORED,199.75676628705384,11.75039801688552,168.05661533785369,182.77779675291788,199.8476715880429,215.8468318480747,231.18068061958107,15.0,69.0,145.29392965362956,54.462836633424274,12.6,adp_ppr,6.0,12.0,-9.0,-57.0,OVERPRICED,True,66.0,True,True,,True,True,True,0.0999999999999996,0.0999999999999996,0.0999999999999996,"['LEAGUE_SPECIFIC_VORP', 'RELEVANT_UNIVERSE_RANK_EDGE', 'M9_PRODUCTION_MODEL', 'CURRENT_PLAYER_MATCH']",,,,position_not_validated,0.0348981416554671,-0.0152697956717366,0.0855212615803308,3.0,4.0,M9.1c,234.95,-11.75,227.6400914859809,-1.051562574384032,0.1,0.8,0.5959936446736267,11.749999999999986,CLEAR_STARTER,RESEARCH_ONLY_EXACT_REPLAY,True,False,STABLE_TEAM,BLOCKED_MISSING_HISTORICAL_SLEEPER_BASELINE,True
fie-final-league-board-v1,1399318410818519040,2026,00-0040715,00-0040715,12481,Cam Skattebo,NYG,RB,SEASON,M9,BLOCKED_STATISTICS,FIE_M9_DIAGNOSTIC_MARKET_ANCHORED,DIAGNOSTIC_MARKET_ANCHORED,DIAGNOSTIC_MARKET_ANCHORED,199.49426542103924,11.734956789472896,168.73150005332118,182.8123880892166,198.90928287377395,215.4543065506807,230.9605075104137,16.0,70.0,145.29392965362956,54.20033576740968,42.0,adp_ppr,18.0,42.0,2.0,-28.0,FAIR,False,64.0,True,True,,True,True,True,0.5,0.5,0.5,"['LEAGUE_SPECIFIC_VORP', 'RELEVANT_UNIVERSE_RANK_EDGE', 'M9_PRODUCTION_MODEL', 'CURRENT_PLAYER_MATCH']",,,,position_not_validated,0.0348981416554671,-0.0152697956717366,0.0855212615803308,3.0,4.0,M9.1c,209.5,8.300000000000011,227.3775906199663,1.9097550588392471,1.0,1.0,0.6903762055770252,8.300000000000011,CLEAR_STARTER,RESEARCH_ONLY_EXACT_REPLAY,True,False,STABLE_TEAM,BLOCKED_MISSING_HISTORICAL_SLEEPER_BASELINE,True
fie-final-league-board-v1,1399318410818519040,2026,00-0040666,00-0040666,12507,Omarion Hampton,LAC,RB,SEASON,M9,BLOCKED_STATISTICS,FIE_M9_DIAGNOSTIC_MARKET_ANCHORED,DIAGNOSTIC_MARKET_ANCHORED,DIAGNOSTIC_MARKET_ANCHORED,196.76673713138348,11.57451394890491,165.7200208573732,179.9100712537214,196.6078062558016,213.0992226423417,227.970938005683,17.0,74.0,145.29392965362956,51.47280747775392,15.3,adp_ppr,9.0,15.0,-8.0,-59.0,OVERPRICED,True,64.0,True,True,,True,True,True,-0.3999999999999986,-0.3999999999999986,-0.3999999999999986,"['LEAGUE_SPECIFIC_VORP', 'RELEVANT_UNIVERSE_RANK_EDGE', 'M9_PRODUCTION_MODEL', 'CURRENT_PLAYER_MATCH']",,,,position_not_validated,0.0348981416554671,-0.0152697956717366,0.0855212615803308,3.0,4.0,M9.1c,237.9925515818703,-4.907448418129718,224.65006233031053,-0.9289312812599816,0.3,0.4,0.5842200497773504,13.399999999999975,CLEAR_STARTER,RESEARCH_ONLY_EXACT_REPLAY,True,False,STABLE_TEAM,BLOCKED_MISSING_HISTORICAL_SLEEPER_BASELINE,True
fie-final-league-board-v1,1399318410818519040,2026,00-0035700,00-0035700,5850,Josh Jacobs,GB,RB,SEASON,M9,BLOCKED_STATISTICS,FIE_M9_DIAGNOSTIC_MARKET_ANCHORED,DIAGNOSTIC_MARKET_ANCHORED,DIAGNOSTIC_MARKET_ANCHORED,191.3369131342841,11.25511253731083,165.7019344766186,176.93293523215715,190.3149518669036,204.54341696275583,218.41924464319652,18.0,79.0,145.29392965362956,46.04298348065453,35.9,adp_ppr,17.0,36.0,-1.0,-43.0,FAIR,False,65.0,True,True,,True,True,True,-0.8000000000000043,-0.8000000000000043,-0.8000000000000043,"['LEAGUE_SPECIFIC_VORP', 'RELEVANT_UNIVERSE_RANK_EDGE', 'M9_PRODUCTION_MODEL', 'CURRENT_PLAYER_MATCH']",,,,position_not_validated,0.0348981416554671,-0.0152697956717366,0.0855212615803308,3.0,4.0,M9.1c,102.3,15.100000000000009,219.2202383332111,2.5000730119044863,1.0,1.0,0.6192689957288049,15.1,STARTER,RESEARCH_ONLY_EXACT_REPLAY,True,False,STABLE_TEAM,BLOCKED_MISSING_HISTORICAL_SLEEPER_BASELINE,True
fie-final-league-board-v1,1399318410818519040,2026,00-0036997,00-0036997,7588,Javonte Williams,DAL,RB,SEASON,M9,BLOCKED_STATISTICS,FIE_M9_DIAGNOSTIC_MARKET_ANCHORED,DIAGNOSTIC_MARKET_ANCHORED,DIAGNOSTIC_MARKET_ANCHORED,183.31656672114948,10.783327454185264,152.72125008865703,166.9855262797266,182.9065828807406,199.37169235492487,214.80817803564025,19.0,92.0,145.29392965362956,38.02263706751992,33.5,adp_ppr,15.0,33.0,-4.0,-59.0,FAIR,False,66.0,True,True,,True,True,True,-0.2000000000000028,-0.2000000000000028,-0.2000000000000028,"['LEAGUE_SPECIFIC_VORP', 'RELEVANT_UNIVERSE_RANK_EDGE', 'M9_PRODUCTION_MODEL', 'CURRENT_PLAYER_MATCH']",,,,position_not_validated,0.0348981416554671,-0.0152697956717366,0.0855212615803308,3.0,4.0,M9.1c,213.24297540636897,1.24297540636897,211.1998919200765,0.0054002019430736,0.6,0.1999999999999999,0.6214877031844825,12.75,CLEAR_STARTER,RESEARCH_ONLY_EXACT_REPLAY,True,False,STABLE_TEAM,BLOCKED_MISSING_HISTORICAL_SLEEPER_BASELINE,True
fie-final-league-board-v1,1399318410818519040,2026,00-0036275,00-0036275,6790,D'Andre Swift,CHI,RB,SEASON,M9,BLOCKED_STATISTICS,FIE_M9_DIAGNOSTIC_MARKET_ANCHORED,DIAGNOSTIC_MARKET_ANCHORED,DIAGNOSTIC_MARKET_ANCHORED,180.6364641515025,10.625674361853088,150.09861447150638,164.35657277616264,180.4297246882783,196.35896388644693,212.09616393231005,20.0,95.0,145.29392965362956,35.34253449787295,52.6,adp_ppr,22.0,52.0,2.0,-43.0,FAIR,False,66.0,True,True,,True,True,True,1.3999999999999986,1.3999999999999986,1.3999999999999986,"['LEAGUE_SPECIFIC_VORP', 'RELEVANT_UNIVERSE_RANK_EDGE', 'M9_PRODUCTION_MODEL', 'CURRENT_PLAYER_MATCH']",,,,position_not_validated,0.0348981416554671,-0.0152697956717366,0.0855212615803308,3.0,4.0,M9.1c,208.89770599651555,0.8977059965155263,208.5197893504296,0.0185864049257461,0.6,0.1999999999999999,0.598470664343683,8.75,CLEAR_STARTER,RESEARCH_ONLY_EXACT_REPLAY,True,False,STABLE_TEAM,BLOCKED_MISSING_HISTORICAL_SLEEPER_BASELINE,True
fie-final-league-board-v1,1399318410818519040,2026,00-0039361,00-0039361,11584,Bucky Irving,TB,RB,SEASON,M9,BLOCKED_STATISTICS,FIE_M9_DIAGNOSTIC_MARKET_ANCHORED,DIAGNOSTIC_MARKET_ANCHORED,DIAGNOSTIC_MARKET_ANCHORED,178.63592552980086,10.50799561940005,148.11943361611213,161.90156704800958,178.5486978343405,194.5351925084393,209.75258480410787,21.0,100.0,145.29392965362956,33.341995876171296,43.9,adp_ppr,19.0,43.0,-2.0,-57.0,FAIR,False,64.0,True,True,,True,True,True,0.2999999999999971,0.2999999999999971,0.2999999999999971,"['LEAGUE_SPECIFIC_VORP', 'RELEVANT_UNIVERSE_RANK_EDGE', 'M9_PRODUCTION_MODEL', 'CURRENT_PLAYER_MATCH']",,,,position_not_validated,0.0348981416554671,-0.0152697956717366,0.0855212615803308,3.0,4.0,M9.1c,203.05462006463176,5.754620064631752,206.5192507287279,0.3698056690180242,0.7,0.3999999999999999,0.6576708645293435,12.199999999999989,CLEAR_STARTER,RESEARCH_ONLY_EXACT_REPLAY,True,False,STABLE_TEAM,BLOCKED_MISSING_HISTORICAL_SLEEPER_BASELINE,True
fie-final-league-board-v1,1399318410818519040,2026,00-0037228,00-0037228,8228,Jaylen Warren,PIT,RB,SEASON,M9,BLOCKED_STATISTICS,FIE_M9_DIAGNOSTIC_MARKET_ANCHORED,DIAGNOSTIC_MARKET_ANCHORED,DIAGNOSTIC_MARKET_ANCHORED,177.8850415454674,10.463825973262788,148.14104397682266,161.6624067442832,177.4311197634947,193.53266909458424,207.999428504406,22.0,101.0,145.29392965362956,32.59111189183784,71.8,adp_ppr,27.0,72.0,5.0,-29.0,FAIR,False,66.0,True,True,,True,True,True,-0.2999999999999971,-0.2999999999999971,-0.2999999999999971,"['LEAGUE_SPECIFIC_VORP', 'RELEVANT_UNIVERSE_RANK_EDGE', 'M9_PRODUCTION_MODEL', 'CURRENT_PLAYER_MATCH']",,,,position_not_validated,0.0348981416554671,-0.0152697956717366,0.0855212615803308,3.0,4.0,M9.1c,181.05000000000004,10.450000000000015,205.76836674439448,0.9982989828001496,0.9,0.8,0.6436097031625526,10.450000000000015,CLEAR_STARTER,RESEARCH_ONLY_EXACT_REPLAY,True,False,STABLE_TEAM,BLOCKED_MISSING_HISTORICAL_SLEEPER_BASELINE,True
fie-final-league-board-v1,1399318410818519040,2026,00-0041512,00-0041512,13286,Jadarian Price,SEA,RB,SEASON,M9,BLOCKED_STATISTICS,FIE_M9_DIAGNOSTIC_MARKET_ANCHORED,DIAGNOSTIC_MARKET_ANCHORED,DIAGNOSTIC_MARKET_ANCHORED,170.0,10.0,140.56790065425847,153.92124591357486,169.432091787886,185.56447434350292,199.8940567828128,23.0,113.0,145.29392965362956,24.70607034637044,65.8,adp_ppr,26.0,65.0,3.0,-48.0,FAIR,False,62.0,True,True,,True,True,True,0.2000000000000028,0.2000000000000028,0.2000000000000028,"['LEAGUE_SPECIFIC_VORP', 'RELEVANT_UNIVERSE_RANK_EDGE', 'M9_PRODUCTION_MODEL', 'CURRENT_PLAYER_MATCH']",,,,position_not_validated,0.0348981416554671,-0.0152697956717366,0.0855212615803308,3.0,4.0,M9.1c,170.0,0.0,,,,,,,CLEAR_STARTER,BASELINE_ONLY,False,False,NO_PROFILE,BLOCKED_MISSING_HISTORICAL_SLEEPER_BASELINE,False
fie-final-league-board-v1,1399318410818519040,2026,00-0038120,00-0038120,8155,Breece Hall,NYJ,RB,SEASON,M9,BLOCKED_STATISTICS,FIE_M9_DIAGNOSTIC_MARKET_ANCHORED,DIAGNOSTIC_MARKET_ANCHORED,DIAGNOSTIC_MARKET_ANCHORED,169.867743394469,9.992220199674644,138.48984625774574,153.27768622820412,169.57620475598182,185.7031754179716,201.3367343296872,24.0,114.0,145.29392965362956,24.573813740839427,34.1,adp_ppr,16.0,34.0,-8.0,-80.0,OVERPRICED,True,66.0,True,True,,True,True,True,-0.6000000000000014,-0.6000000000000014,-0.6000000000000014,"['LEAGUE_SPECIFIC_VORP', 'RELEVANT_UNIVERSE_RANK_EDGE', 'M9_PRODUCTION_MODEL', 'CURRENT_PLAYER_MATCH']",,,,position_not_validated,0.0348981416554671,-0.0152697956717366,0.0855212615803308,3.0,4.0,M9.1c,202.91634265394603,-8.083657346053968,197.75106859339604,-1.7058791159183102,0.1,0.8,0.6290783926890259,11.75,CLEAR_STARTER,RESEARCH_ONLY_EXACT_REPLAY,True,False,STABLE_TEAM,BLOCKED_MISSING_HISTORICAL_SLEEPER_BASELINE,True
fie-final-league-board-v1,1399318410818519040,2026,00-0040784,00-0040784,12512,Quinshon Judkins,CLE,RB,SEASON,M9,BLOCKED_STATISTICS,FIE_M9_DIAGNOSTIC_MARKET_ANCHORED,DIAGNOSTIC_MARKET_ANCHORED,DIAGNOSTIC_MARKET_ANCHORED,167.7907283919069,9.87004284658276,137.43892657878453,151.5552069624458,167.29471384757352,183.43137524944385,198.8399808705612,25.0,117.0,145.29392965362956,22.49679873827733,53.9,adp_ppr,23.0,54.0,-2.0,-63.0,FAIR,False,65.0,True,True,,True,True,True,0.1999999999999957,0.1999999999999957,0.1999999999999957,"['LEAGUE_SPECIFIC_VORP', 'RELEVANT_UNIVERSE_RANK_EDGE', 'M9_PRODUCTION_MODEL', 'CURRENT_PLAYER_MATCH']",,,,position_not_validated,0.0348981416554671,-0.0152697956717366,0.0855212615803308,3.0,4.0,M9.1c,187.0328592905837,-8.967140709416299,195.67405359083395,-0.4680367490904578,0.3,0.4,0.6474469826293359,13.5,CLEAR_STARTER,RESEARCH_ONLY_EXACT_REPLAY,True,False,STABLE_TEAM,BLOCKED_MISSING_HISTORICAL_SLEEPER_BASELINE,True
fie-final-league-board-v1,1399318410818519040,2026,00-0035261,00-0035261,5967,Tony Pollard,TEN,RB,SEASON,M9,BLOCKED_STATISTICS,FIE_M9_DIAGNOSTIC_MARKET_ANCHORED,DIAGNOSTIC_MARKET_ANCHORED,DIAGNOSTIC_MARKET_ANCHORED,167.13557527088545,9.831504427699144,137.96401598233783,151.15942029481153,166.43745143007803,182.57932646372424,197.10499364955743,26.0,120.0,145.29392965362956,21.84164561725589,84.6,adp_ppr,31.0,84.0,5.0,-36.0,FAIR,False,66.0,True,True,,True,True,True,1.0,1.0,1.0,"['LEAGUE_SPECIFIC_VORP', 'RELEVANT_UNIVERSE_RANK_EDGE', 'M9_PRODUCTION_MODEL', 'CURRENT_PLAYER_MATCH']",,,,position_not_validated,0.0348981416554671,-0.0152697956717366,0.0855212615803308,3.0,4.0,M9.1c,170.8,10.699999999999989,195.01890046981248,1.0701736524486798,1.0,1.0,0.6416189524568229,10.699999999999989,CLEAR_STARTER,RESEARCH_ONLY_EXACT_REPLAY,True,False,STABLE_TEAM,BLOCKED_MISSING_HISTORICAL_SLEEPER_BASELINE,True
fie-final-league-board-v1,1399318410818519040,2026,00-0036139,00-0036139,7021,Rico Dowdle,PIT,RB,SEASON,M9,BLOCKED_STATISTICS,FIE_M9_DIAGNOSTIC_MARKET_ANCHORED,DIAGNOSTIC_MARKET_ANCHORED,DIAGNOSTIC_MARKET_ANCHORED,161.1,9.476470588235294,131.8986416139919,145.26372698120724,160.54230828096448,176.15469058441835,191.5462222007808,27.0,125.0,145.29392965362956,15.806070346370433,86.5,adp_ppr,32.0,86.0,5.0,-39.0,FAIR,False,55.0,True,True,,True,True,True,0.4000000000000057,0.4000000000000057,0.4000000000000057,"['LEAGUE_SPECIFIC_VORP', 'RELEVANT_UNIVERSE_RANK_EDGE', 'M9_PRODUCTION_MODEL', 'CURRENT_PLAYER_MATCH']",,,,position_not_validated,0.0348981416554671,-0.0152697956717366,0.0855212615803308,3.0,4.0,M9.1c,170.8,9.700000000000015,197.20830256059196,1.1046735103863674,1.0,1.0,0.5854380094699986,9.700000000000015,CLEAR_STARTER,RESEARCH_ONLY_TRANSITION_EXACT_REPLAY,True,True,NEW_TEAM_CONTEXT_REBUILT_V3,BLOCKED_MISSING_HISTORICAL_SLEEPER_BASELINE,True
fie-final-league-board-v1,1399318410818519040,2026,00-0040734,00-0040734,12529,TreVeyon Henderson,NE,RB,SEASON,M9,BLOCKED_STATISTICS,FIE_M9_DIAGNOSTIC_MARKET_ANCHORED,DIAGNOSTIC_MARKET_ANCHORED,DIAGNOSTIC_MARKET_ANCHORED,156.75640858534692,9.22096521090276,126.77558549937557,140.4704946134835,155.97091092807491,172.08049178187062,187.9792834494489,28.0,127.0,145.29392965362956,11.462478931717357,57.2,adp_ppr,24.0,57.0,-4.0,-70.0,FAIR,False,66.0,True,True,,True,True,True,0.2000000000000028,0.2000000000000028,0.2000000000000028,"['LEAGUE_SPECIFIC_VORP', 'RELEVANT_UNIVERSE_RANK_EDGE', 'M9_PRODUCTION_MODEL', 'CURRENT_PLAYER_MATCH']",,,,position_not_validated,0.0348981416554671,-0.0152697956717366,0.0855212615803308,3.0,4.0,M9.1c,172.98533424736277,1.985334247362772,184.639733784274,0.2316088687701656,0.7,0.3999999999999999,0.6404304023750874,10.849999999999994,CLEAR_STARTER,RESEARCH_ONLY_EXACT_REPLAY,True,False,STABLE_TEAM,BLOCKED_MISSING_HISTORICAL_SLEEPER_BASELINE,True
fie-final-league-board-v1,1399318410818519040,2026,00-0039344,00-0039344,11583,Jonathon Brooks,CAR,RB,SEASON,M9,BLOCKED_STATISTICS,FIE_M9_DIAGNOSTIC_MARKET_ANCHORED,DIAGNOSTIC_MARKET_ANCHORED,DIAGNOSTIC_MARKET_ANCHORED,154.9,9.111764705882353,126.01582653440131,139.0418515563391,154.41493465020903,169.9825578686292,184.51298699753983,29.0,132.0,145.29392965362956,9.606070346370444,104.1,adp_ppr,36.0,101.0,7.0,-31.0,FAIR,False,62.0,True,True,,True,True,True,0.5,0.5,0.5,"['LEAGUE_SPECIFIC_VORP', 'RELEVANT_UNIVERSE_RANK_EDGE', 'M9_PRODUCTION_MODEL', 'CURRENT_PLAYER_MATCH']",,,,position_not_validated,0.0348981416554671,-0.0152697956717366,0.0855212615803308,3.0,4.0,M9.1c,154.9,0.0,,,,,,,STARTER,BASELINE_ONLY,False,False,NO_PROFILE,BLOCKED_MISSING_HISTORICAL_SLEEPER_BASELINE,False
fie-final-league-board-v1,1399318410818519040,2026,00-0036158,00-0036158,6806,J.K. Dobbins,DEN,RB,SEASON,M9,BLOCKED_STATISTICS,FIE_M9_DIAGNOSTIC_MARKET_ANCHORED,DIAGNOSTIC_MARKET_ANCHORED,DIAGNOSTIC_MARKET_ANCHORED,152.75285314137273,8.985461949492514,123.9355065574594,137.09284134594157,151.74374737125964,168.18998033380512,182.61318341375045,30.0,139.0,145.29392965362956,7.458923487743164,92.0,adp_ppr,33.0,90.0,3.0,-49.0,FAIR,False,64.0,True,True,,True,True,True,-0.7999999999999972,-0.7999999999999972,-0.7999999999999972,"['LEAGUE_SPECIFIC_VORP', 'RELEVANT_UNIVERSE_RANK_EDGE', 'M9_PRODUCTION_MODEL', 'CURRENT_PLAYER_MATCH']",,,,position_not_validated,0.0348981416554671,-0.0152697956717366,0.0855212615803308,3.0,4.0,M9.1c,170.22165486013296,10.02165486013297,180.63617834029975,0.5557065177179045,0.8,0.6000000000000001,0.6424137730854467,10.600000000000025,CLEAR_STARTER,RESEARCH_ONLY_EXACT_REPLAY,True,False,STABLE_TEAM,BLOCKED_MISSING_HISTORICAL_SLEEPER_BASELINE,True
fie-final-league-board-v1,1399318410818519040,2026,00-0040730,00-0040730,12489,RJ Harvey,DEN,RB,SEASON,M9,BLOCKED_STATISTICS,FIE_M9_DIAGNOSTIC_MARKET_ANCHORED,DIAGNOSTIC_MARKET_ANCHORED,DIAGNOSTIC_MARKET_ANCHORED,152.6980279570383,8.982236938649311,123.69176876901706,136.91539801408743,152.06513526201763,167.7669901592998,182.7252101037708,31.0,140.0,145.29392965362956,7.404098303408745,79.3,adp_ppr,29.0,79.0,-2.0,-61.0,FAIR,False,66.0,True,True,,True,True,True,-0.5,-0.5,-0.5,"['LEAGUE_SPECIFIC_VORP', 'RELEVANT_UNIVERSE_RANK_EDGE', 'M9_PRODUCTION_MODEL', 'CURRENT_PLAYER_MATCH']",,,,position_not_validated,0.0348981416554671,-0.0152697956717366,0.0855212615803308,3.0,4.0,M9.1c,154.24458615236463,10.14458615236464,180.5813531559654,1.568728771454334,0.875,0.75,0.5715259804149099,13.350000000000009,STARTER,RESEARCH_ONLY_EXACT_REPLAY,True,False,STABLE_TEAM,BLOCKED_MISSING_HISTORICAL_SLEEPER_BASELINE,True
fie-final-league-board-v1,1399318410818519040,2026,00-0036919,00-0036919,7567,Kenny Gainwell,TB,RB,SEASON,M9,BLOCKED_STATISTICS,FIE_M9_DIAGNOSTIC_MARKET_ANCHORED,DIAGNOSTIC_MARKET_ANCHORED,DIAGNOSTIC_MARKET_ANCHORED,152.3,8.958823529411765,122.88416418922066,136.26065530750506,152.0814067041958,167.4688655457597,181.8101679781978,32.0,141.0,145.29392965362956,7.00607034637045,113.4,adp_ppr,38.0,109.0,6.0,-32.0,FAIR,False,55.0,True,True,,True,True,True,-0.3999999999999915,-0.3999999999999915,-0.3999999999999915,"['LEAGUE_SPECIFIC_VORP', 'RELEVANT_UNIVERSE_RANK_EDGE', 'M9_PRODUCTION_MODEL', 'CURRENT_PLAYER_MATCH']",,,,position_not_validated,0.0348981416554671,-0.0152697956717366,0.0855212615803308,3.0,4.0,M9.1c,163.1870891728491,10.887089172849102,203.9041316092425,2.404793733892722,1.0,1.0,0.4733517031673518,20.700000000000003,STARTER,RESEARCH_ONLY_TRANSITION_EXACT_REPLAY,True,True,NEW_TEAM_CONTEXT_REBUILT_V3,BLOCKED_MISSING_HISTORICAL_SLEEPER_BASELINE,True
fie-final-league-board-v1,1399318410818519040,2026,00-0036875,00-0036875,7611,Rhamondre Stevenson,NE,RB,SEASON,M9,BLOCKED_STATISTICS,FIE_M9_DIAGNOSTIC_MARKET_ANCHORED,DIAGNOSTIC_MARKET_ANCHORED,DIAGNOSTIC_MARKET_ANCHORED,151.3842978223705,8.90495869543356,121.6021286154091,135.22511676870616,150.82519256760904,166.70619212130043,181.7062019768046,33.0,143.0,145.29392965362956,6.090368168740952,80.7,adp_ppr,30.0,81.0,-3.0,-62.0,FAIR,False,65.0,True,True,,True,True,True,-0.7000000000000028,-0.7000000000000028,-0.7000000000000028,"['LEAGUE_SPECIFIC_VORP', 'RELEVANT_UNIVERSE_RANK_EDGE', 'M9_PRODUCTION_MODEL', 'CURRENT_PLAYER_MATCH']",,,,position_not_validated,0.0348981416554671,-0.0152697956717366,0.0855212615803308,3.0,4.0,M9.1c,169.65664896273913,0.6566489627391263,179.26762302129757,0.1273768298553345,0.6,0.1999999999999999,0.6566489627391288,8.849999999999994,CLEAR_STARTER,RESEARCH_ONLY_EXACT_REPLAY,True,False,STABLE_TEAM,BLOCKED_MISSING_HISTORICAL_SLEEPER_BASELINE,True
fie-final-league-board-v1,1399318410818519040,2026,00-0039811,00-0039811,11581,MarShawn Lloyd,GB,RB,SEASON,M9,BLOCKED_STATISTICS,FIE_M9_DIAGNOSTIC_MARKET_ANCHORED,DIAGNOSTIC_MARKET_ANCHORED,DIAGNOSTIC_MARKET_ANCHORED,149.0,8.764705882352942,120.37842386457211,132.9362649776091,148.12813294952522,164.06173913840644,178.61074557130044,34.0,145.0,145.29392965362956,3.7060703463704394,157.8,adp_ppr,45.0,138.0,11.0,-7.0,VALUE,True,62.0,True,True,,True,False,True,-2.0,-2.0,-2.0,"['LEAGUE_SPECIFIC_VORP', 'RELEVANT_UNIVERSE_RANK_EDGE', 'M9_PRODUCTION_MODEL', 'CURRENT_PLAYER_MATCH']",,,,position_not_validated,0.0348981416554671,-0.0152697956717366,0.0855212615803308,3.0,4.0,M9.1c,149.0,0.0,,,,,,,STARTER,BASELINE_ONLY,False,False,NO_PROFILE,BLOCKED_MISSING_HISTORICAL_SLEEPER_BASELINE,False
fie-final-league-board-v1,1399318410818519040,2026,00-0039384,00-0039384,11655,Tyrone Tracy,NYG,RB,SEASON,M9,BLOCKED_STATISTICS,FIE_M9_DIAGNOSTIC_MARKET_ANCHORED,DIAGNOSTIC_MARKET_ANCHORED,DIAGNOSTIC_MARKET_ANCHORED,147.50116916633397,8.67653936272553,120.16263393388932,132.29662623916812,146.7377972509861,161.99930719507068,176.11619336347218,35.0,147.0,145.29392965362956,2.2072395127044047,173.0,adp_ppr,51.0,150.0,16.0,3.0,VALUE,True,65.0,True,True,,True,False,True,-1.0999999999999943,-1.0999999999999943,-1.0999999999999943,"['LEAGUE_SPECIFIC_VORP', 'RELEVANT_UNIVERSE_RANK_EDGE', 'M9_PRODUCTION_MODEL', 'CURRENT_PLAYER_MATCH']",,,,position_not_validated,0.0348981416554671,-0.0152697956717366,0.0855212615803308,3.0,4.0,M9.1c,121.44374441748532,10.143744417485308,175.38449436526102,0.9234842068517536,0.75,0.5,0.5439005049589978,23.300000000000004,STARTER,RESEARCH_ONLY_EXACT_REPLAY,True,False,STABLE_TEAM,BLOCKED_MISSING_HISTORICAL_SLEEPER_BASELINE,True
fie-final-league-board-v1,1399318410818519040,2026,00-0033293,00-0033293,4199,Aaron Jones,MIN,RB,SEASON,M9,BLOCKED_STATISTICS,FIE_M9_DIAGNOSTIC_MARKET_ANCHORED,DIAGNOSTIC_MARKET_ANCHORED,DIAGNOSTIC_MARKET_ANCHORED,145.29392965362956,8.54670174433115,116.69970726928824,129.5564131543636,144.80580237847988,160.12250893936346,174.57534722478076,36.0,153.0,145.29392965362956,0.0,125.1,adp_ppr,40.0,118.0,4.0,-35.0,FAIR,False,65.0,True,True,,True,True,True,-0.9000000000000057,-0.9000000000000057,-0.9000000000000057,"['LEAGUE_SPECIFIC_VORP', 'RELEVANT_UNIVERSE_RANK_EDGE', 'M9_PRODUCTION_MODEL', 'CURRENT_PLAYER_MATCH']",,,,position_not_validated,0.0348981416554671,-0.0152697956717366,0.0855212615803308,3.0,4.0,M9.1c,142.24373382373415,5.1437338237341805,173.17725485255662,1.372547470650007,0.75,0.5,0.5715259804149099,13.350000000000009,STARTER,RESEARCH_ONLY_EXACT_REPLAY,True,False,STABLE_TEAM,BLOCKED_MISSING_HISTORICAL_SLEEPER_BASELINE,True
fie-final-league-board-v1,1399318410818519040,2026,00-0033906,00-0033906,4035,Alvin Kamara,NO,RB,SEASON,M9,BLOCKED_STATISTICS,FIE_M9_DIAGNOSTIC_MARKET_ANCHORED,DIAGNOSTIC_MARKET_ANCHORED,DIAGNOSTIC_MARKET_ANCHORED,139.76400551210264,8.221412088947215,115.72575398102288,126.19296067382972,138.5284561430038,152.08884747173727,165.30920373755976,37.0,160.0,145.29392965362956,-5.529924141526919,166.3,adp_ppr,48.0,145.0,11.0,-15.0,MARKET_UNDERRATED,False,64.0,True,True,,True,False,True,-0.3999999999999772,-0.3999999999999772,-0.3999999999999772,"['LEAGUE_SPECIFIC_VORP', 'RELEVANT_UNIVERSE_RANK_EDGE', 'M9_PRODUCTION_MODEL', 'CURRENT_PLAYER_MATCH']",,,,position_not_validated,0.0348981416554671,-0.0152697956717366,0.0855212615803308,3.0,4.0,M9.1c,67.7,4.700000000000003,167.6473307110297,1.6028099926340278,1.0,1.0,0.8455480499851857,4.700000000000003,COMMITTEE_FRINGE,RESEARCH_ONLY_EXACT_REPLAY,True,False,STABLE_TEAM,BLOCKED_MISSING_HISTORICAL_SLEEPER_BASELINE,True
fie-final-league-board-v1,1399318410818519040,2026,00-0039738,00-0039738,11586,Blake Corum,LAR,RB,SEASON,M9,BLOCKED_STATISTICS,FIE_M9_DIAGNOSTIC_MARKET_ANCHORED,DIAGNOSTIC_MARKET_ANCHORED,DIAGNOSTIC_MARKET_ANCHORED,135.3,7.958823529411766,106.2934058193774,119.62063320244144,134.84887324209114,150.44542920533095,164.26373151824723,38.0,162.0,145.29392965362956,-9.99392965362955,102.2,adp_ppr,35.0,99.0,-3.0,-63.0,FAIR,False,55.0,True,True,,True,True,True,-0.3999999999999915,-0.3999999999999915,-0.3999999999999915,"['LEAGUE_SPECIFIC_VORP', 'RELEVANT_UNIVERSE_RANK_EDGE', 'M9_PRODUCTION_MODEL', 'CURRENT_PLAYER_MATCH']",,,,position_not_validated,0.0348981416554671,-0.0152697956717366,0.0855212615803308,3.0,4.0,M9.1c,121.25,-14.049999999999995,122.63307157384664,-0.6908333480034424,0.125,0.75,0.5667731656089647,14.049999999999995,STARTER,RESEARCH_ONLY_EXACT_REPLAY,True,False,STABLE_TEAM,BLOCKED_MISSING_HISTORICAL_SLEEPER_BASELINE,True
fie-final-league-board-v1,1399318410818519040,2026,00-0038611,00-0038611,10219,Chris Rodriguez,JAX,RB,SEASON,M9,BLOCKED_STATISTICS,FIE_M9_DIAGNOSTIC_MARKET_ANCHORED,DIAGNOSTIC_MARKET_ANCHORED,DIAGNOSTIC_MARKET_ANCHORED,132.5,7.794117647058823,103.89578318201598,117.00199980718688,131.84147659480527,147.46194657273452,161.66006748295828,39.0,166.0,145.29392965362956,-12.79392965362956,140.4,adp_ppr,42.0,128.0,3.0,-38.0,FAIR,False,55.0,True,True,,True,True,True,1.3000000000000114,1.3000000000000114,1.3000000000000114,"['LEAGUE_SPECIFIC_VORP', 'RELEVANT_UNIVERSE_RANK_EDGE', 'M9_PRODUCTION_MODEL', 'CURRENT_PLAYER_MATCH']",,,,position_not_validated,0.0348981416554671,-0.0152697956717366,0.0855212615803308,3.0,4.0,M9.1c,123.8889029339267,-8.611097066073299,122.96286310596638,-0.6330929440323263,0.3125,0.375,0.5065351215337229,14.75,STARTER,RESEARCH_ONLY_TRANSITION_EXACT_REPLAY,True,True,NEW_TEAM_CONTEXT_REBUILT_V3,BLOCKED_MISSING_HISTORICAL_SLEEPER_BASELINE,True
fie-final-league-board-v1,1399318410818519040,2026,00-0040583,00-0040583,12474,Woody Marks,HOU,RB,SEASON,M9,BLOCKED_STATISTICS,FIE_M9_DIAGNOSTIC_MARKET_ANCHORED,DIAGNOSTIC_MARKET_ANCHORED,DIAGNOSTIC_MARKET_ANCHORED,129.44665075349522,7.61450886785266,104.16552452313393,115.3484654349494,128.48579266832448,142.26644416135747,155.9619024385464,40.0,171.0,145.29392965362956,-15.84727890013434,160.3,adp_ppr,46.0,140.0,6.0,-31.0,FAIR,False,66.0,True,True,,True,False,True,10.0,10.0,10.0,"['LEAGUE_SPECIFIC_VORP', 'RELEVANT_UNIVERSE_RANK_EDGE', 'M9_PRODUCTION_MODEL', 'CURRENT_PLAYER_MATCH']",,,,position_not_validated,0.0348981416554671,-0.0152697956717366,0.0855212615803308,3.0,4.0,M9.1c,93.1450846749136,9.345084674913592,157.32997595242227,0.5936906233057965,0.75,0.5,0.6973943787248943,11.70000000000001,STARTER,RESEARCH_ONLY_EXACT_REPLAY,True,False,STABLE_TEAM,BLOCKED_MISSING_HISTORICAL_SLEEPER_BASELINE,True
fie-final-league-board-v1,1399318410818519040,2026,00-0037256,00-0037256,8136,Rachaad White,WAS,RB,SEASON,M9,BLOCKED_STATISTICS,FIE_M9_DIAGNOSTIC_MARKET_ANCHORED,DIAGNOSTIC_MARKET_ANCHORED,DIAGNOSTIC_MARKET_ANCHORED,128.1,7.535294117647059,99.7057589006328,112.9366768375638,127.31777691618106,142.68513646624922,156.94338081628263,41.0,174.0,145.29392965362956,-17.193929653629567,133.0,adp_ppr,41.0,124.0,0.0,-50.0,FAIR,False,55.0,True,True,,True,True,True,0.0999999999999943,0.0999999999999943,0.0999999999999943,"['LEAGUE_SPECIFIC_VORP', 'RELEVANT_UNIVERSE_RANK_EDGE', 'M9_PRODUCTION_MODEL', 'CURRENT_PLAYER_MATCH']",,,,position_not_validated,0.0348981416554671,-0.0152697956717366,0.0855212615803308,3.0,4.0,M9.1c,129.97417994967478,1.874179949674783,128.5379599323324,-0.333084681841483,0.5625,0.125,0.5065351215337229,14.75,STARTER,RESEARCH_ONLY_TRANSITION_EXACT_REPLAY,True,True,NEW_TEAM_CONTEXT_REBUILT_V3,BLOCKED_MISSING_HISTORICAL_SLEEPER_BASELINE,True
fie-final-league-board-v1,1399318410818519040,2026,00-0039165,00-0039165,9753,Zach Charbonnet,SEA,RB,SEASON,M9,BLOCKED_STATISTICS,FIE_M9_DIAGNOSTIC_MARKET_ANCHORED,DIAGNOSTIC_MARKET_ANCHORED,DIAGNOSTIC_MARKET_ANCHORED,122.08925446346925,7.18172085079231,97.75016374691567,108.68125072036212,121.21334526199128,134.2936868210649,147.58361474501106,42.0,185.0,145.29392965362956,-23.20467519016032,149.2,adp_ppr,44.0,135.0,2.0,-50.0,FAIR,False,66.0,True,True,,True,False,True,0.1999999999999886,0.1999999999999886,0.1999999999999886,"['LEAGUE_SPECIFIC_VORP', 'RELEVANT_UNIVERSE_RANK_EDGE', 'M9_PRODUCTION_MODEL', 'CURRENT_PLAYER_MATCH']",,,,position_not_validated,0.0348981416554671,-0.0152697956717366,0.0855212615803308,3.0,4.0,M9.1c,76.10000000000001,8.900000000000006,149.9725796623963,1.346011271510526,0.875,0.75,0.7221043345670924,8.900000000000002,STARTER,RESEARCH_ONLY_EXACT_REPLAY,True,False,STABLE_TEAM,BLOCKED_MISSING_HISTORICAL_SLEEPER_BASELINE,True
fie-final-league-board-v1,1399318410818519040,2026,00-0039032,00-0039032,9508,Tyjae Spears,TEN,RB,SEASON,M9,BLOCKED_STATISTICS,FIE_M9_DIAGNOSTIC_MARKET_ANCHORED,DIAGNOSTIC_MARKET_ANCHORED,DIAGNOSTIC_MARKET_ANCHORED,111.99031703930768,6.58766570819457,84.47954134456167,96.69821868809927,110.91337377778191,126.23735213712033,140.56633277796303,43.0,199.0,145.29392965362956,-33.30361261432188,165.7,adp_ppr,47.0,144.0,4.0,-55.0,FAIR,False,65.0,True,True,,True,False,True,0.2999999999999829,0.2999999999999829,0.2999999999999829,"['LEAGUE_SPECIFIC_VORP', 'RELEVANT_UNIVERSE_RANK_EDGE', 'M9_PRODUCTION_MODEL', 'CURRENT_PLAYER_MATCH']",,,,position_not_validated,0.0348981416554671,-0.0152697956717366,0.0855212615803308,3.0,4.0,M9.1c,114.6,0.0,139.87364223823474,-0.3815178340724635,0.5,0.0,0.543865164447838,21.60000000000001,STARTER,RESEARCH_ONLY_EXACT_REPLAY,True,False,STABLE_TEAM,BLOCKED_MISSING_HISTORICAL_SLEEPER_BASELINE,False
fie-final-league-board-v1,1399318410818519040,2026,00-0040236,00-0040236,12534,Kyle Monangai,CHI,RB,SEASON,M9,BLOCKED_STATISTICS,FIE_M9_DIAGNOSTIC_MARKET_ANCHORED,DIAGNOSTIC_MARKET_ANCHORED,DIAGNOSTIC_MARKET_ANCHORED,102.88347131958828,6.05196890115225,74.12313604922154,87.35654832489348,102.30896964883,117.91130870838415,132.033865337682,44.0,209.0,145.29392965362956,-42.41045833404128,101.1,adp_ppr,34.0,98.0,-10.0,-111.0,OVERPRICED,True,66.0,True,True,,True,True,True,-0.8000000000000114,-0.8000000000000114,-0.8000000000000114,"['LEAGUE_SPECIFIC_VORP', 'RELEVANT_UNIVERSE_RANK_EDGE', 'M9_PRODUCTION_MODEL', 'CURRENT_PLAYER_MATCH']",,,,position_not_validated,0.0348981416554671,-0.0152697956717366,0.0855212615803308,3.0,4.0,M9.1c,145.04556620496902,-9.554433795031002,130.76679651851532,-0.658148170950818,0.25,0.5,0.5123020801625192,23.00000000000001,STARTER,RESEARCH_ONLY_EXACT_REPLAY,True,False,STABLE_TEAM,BLOCKED_MISSING_HISTORICAL_SLEEPER_BASELINE,True
fie-final-league-board-v1,1399318410818519040,2026,00-0037525,00-0037525,8408,Jordan Mason,MIN,RB,SEASON,M9,BLOCKED_STATISTICS,FIE_M9_DIAGNOSTIC_MARKET_ANCHORED,DIAGNOSTIC_MARKET_ANCHORED,DIAGNOSTIC_MARKET_ANCHORED,101.8993924590994,5.994081909358789,72.19915292171734,85.67056190761483,101.32559060339042,117.29106200944923,131.8999305480844,45.0,210.0,145.29392965362956,-43.39453719453016,111.4,adp_ppr,37.0,107.0,-8.0,-103.0,OVERPRICED,True,66.0,True,True,,True,True,True,0.4000000000000057,0.4000000000000057,0.4000000000000057,"['LEAGUE_SPECIFIC_VORP', 'RELEVANT_UNIVERSE_RANK_EDGE', 'M9_PRODUCTION_MODEL', 'CURRENT_PLAYER_MATCH']",,,,position_not_validated,0.0348981416554671,-0.0152697956717366,0.0855212615803308,3.0,4.0,M9.1c,145.94147070296358,-7.758529297036404,129.78271765802646,-0.967527572574602,0.2,0.6,0.6014363796152239,16.100000000000023,CLEAR_STARTER,RESEARCH_ONLY_EXACT_REPLAY,True,False,STABLE_TEAM,BLOCKED_MISSING_HISTORICAL_SLEEPER_BASELINE,True
fie-final-league-board-v1,1399318410818519040,2026,00-0036555,00-0036555,7594,Chuba Hubbard,CAR,RB,SEASON,M9,BLOCKED_STATISTICS,FIE_M9_DIAGNOSTIC_MARKET_ANCHORED,DIAGNOSTIC_MARKET_ANCHORED,DIAGNOSTIC_MARKET_ANCHORED,99.75497718718736,5.867939834540433,71.27241401215333,83.90301236652516,98.87958975648648,114.81700448729772,129.32176139974422,46.0,214.0,145.29392965362956,-45.5389524664422,78.1,adp_ppr,28.0,78.0,-18.0,-136.0,STRONG_FADE,True,65.0,True,True,,True,True,True,-0.8000000000000114,-0.8000000000000114,-0.8000000000000114,"['LEAGUE_SPECIFIC_VORP', 'RELEVANT_UNIVERSE_RANK_EDGE', 'M9_PRODUCTION_MODEL', 'CURRENT_PLAYER_MATCH']",,,,position_not_validated,0.0348981416554671,-0.0152697956717366,0.0855212615803308,3.0,4.0,M9.1c,142.46193512434758,-5.4380648756524295,127.63830238611442,-0.7932750012403907,0.3,0.4,0.5635300389277119,21.90000000000001,CLEAR_STARTER,RESEARCH_ONLY_EXACT_REPLAY,True,False,STABLE_TEAM,BLOCKED_MISSING_HISTORICAL_SLEEPER_BASELINE,True
fie-final-league-board-v1,1399318410818519040,2026,00-0038454,00-0038454,9511,Keaton Mitchell,LAC,RB,SEASON,M9,BLOCKED_STATISTICS,FIE_M9_DIAGNOSTIC_MARKET_ANCHORED,DIAGNOSTIC_MARKET_ANCHORED,DIAGNOSTIC_MARKET_ANCHORED,96.9,5.7,69.98426969161169,81.97981439699518,96.1540939195773,110.5661285135484,124.7349697029906,47.0,220.0,145.29392965362956,-48.39392965362956,186.9,adp_ppr,53.0,159.0,6.0,-61.0,FAIR,False,55.0,True,True,,True,False,True,1.4000000000000057,1.4000000000000057,1.4000000000000057,"['LEAGUE_SPECIFIC_VORP', 'RELEVANT_UNIVERSE_RANK_EDGE', 'M9_PRODUCTION_MODEL', 'CURRENT_PLAYER_MATCH']",,,,position_not_validated,0.0348981416554671,-0.0152697956717366,0.0855212615803308,3.0,4.0,M9.1c,86.87016199472403,-10.029838005275977,75.37238181990492,-1.7859385148079348,0.0625,0.875,0.5480785795232778,16.049999999999997,STARTER,RESEARCH_ONLY_TRANSITION_EXACT_REPLAY,True,True,NEW_TEAM_CONTEXT_REBUILT_V3,BLOCKED_MISSING_HISTORICAL_SLEEPER_BASELINE,True
fie-final-league-board-v1,1399318410818519040,2026,00-0040242,00-0040242,12533,Jacory Croskey-Merritt,WAS,RB,SEASON,M9,BLOCKED_STATISTICS,FIE_M9_DIAGNOSTIC_MARKET_ANCHORED,DIAGNOSTIC_MARKET_ANCHORED,DIAGNOSTIC_MARKET_ANCHORED,96.004948503775,5.6473499119867645,68.04182396102726,80.64009736386866,95.21046751909284,110.4063318323547,124.46151596341235,48.0,221.0,145.29392965362956,-49.28898114985456,115.8,adp_ppr,39.0,111.0,-9.0,-110.0,OVERPRICED,True,66.0,True,True,,True,True,True,0.7000000000000028,0.7000000000000028,0.7000000000000028,"['LEAGUE_SPECIFIC_VORP', 'RELEVANT_UNIVERSE_RANK_EDGE', 'M9_PRODUCTION_MODEL', 'CURRENT_PLAYER_MATCH']",,,,position_not_validated,0.0348981416554671,-0.0152697956717366,0.0855212615803308,3.0,4.0,M9.1c,122.08227796080536,-5.817722039194635,123.88827370270204,-0.5223583427118675,0.375,0.25,0.5620987477482722,14.75,STARTER,RESEARCH_ONLY_EXACT_REPLAY,True,False,STABLE_TEAM,BLOCKED_MISSING_HISTORICAL_SLEEPER_BASELINE,True
fie-final-league-board-v1,1399318410818519040,2026,00-0040162,00-0040162,12469,Dylan Sampson,CLE,RB,SEASON,M9,BLOCKED_STATISTICS,FIE_M9_DIAGNOSTIC_MARKET_ANCHORED,DIAGNOSTIC_MARKET_ANCHORED,DIAGNOSTIC_MARKET_ANCHORED,85.28697673184644,5.016880984226261,59.56542381612468,70.9634909394787,84.4309386507956,98.6688442707484,112.02515161933268,49.0,240.0,145.29392965362956,-60.006952921783125,191.4,adp_ppr,55.0,164.0,6.0,-76.0,FAIR,False,65.0,True,True,,True,False,True,-0.4000000000000057,-0.4000000000000057,-0.4000000000000057,"['LEAGUE_SPECIFIC_VORP', 'RELEVANT_UNIVERSE_RANK_EDGE', 'M9_PRODUCTION_MODEL', 'CURRENT_PLAYER_MATCH']",,,,position_not_validated,0.0348981416554671,-0.0152697956717366,0.0855212615803308,3.0,4.0,M9.1c,82.24928426974382,-6.450715730256178,113.17030193077348,-0.4871498856128513,0.25,0.5,0.6085580877600161,16.6,STARTER,RESEARCH_ONLY_EXACT_REPLAY,True,False,STABLE_TEAM,BLOCKED_MISSING_HISTORICAL_SLEEPER_BASELINE,True
fie-final-league-board-v1,1399318410818519040,2026,00-0037263,00-0037263,8132,Tyler Allgeier,ARI,RB,SEASON,M9,BLOCKED_STATISTICS,FIE_M9_DIAGNOSTIC_MARKET_ANCHORED,DIAGNOSTIC_MARKET_ANCHORED,DIAGNOSTIC_MARKET_ANCHORED,77.2,4.541176470588235,52.04772443188526,63.17659913792541,76.26255359825768,90.07799487018836,103.2165987940164,50.0,251.0,145.29392965362956,-68.09392965362956,145.3,adp_ppr,43.0,132.0,-7.0,-119.0,FAIR,False,55.0,True,True,,True,False,True,0.3000000000000113,0.3000000000000113,0.3000000000000113,"['LEAGUE_SPECIFIC_VORP', 'RELEVANT_UNIVERSE_RANK_EDGE', 'M9_PRODUCTION_MODEL', 'CURRENT_PLAYER_MATCH']",,,,position_not_validated,0.0348981416554671,-0.0152697956717366,0.0855212615803308,3.0,4.0,M9.1c,74.05522600503613,-3.1447739949638702,97.32440907370533,-0.4955484528426482,0.3125,0.375,0.6417906112171172,10.0,STARTER,RESEARCH_ONLY_TRANSITION_EXACT_REPLAY,True,True,NEW_TEAM_CONTEXT_REBUILT_V3,BLOCKED_MISSING_HISTORICAL_SLEEPER_BASELINE,True
fie-final-league-board-v1,1399318410818519040,2026,00-0040202,00-0040202,12476,Devin Neal,NO,RB,SEASON,M9,BLOCKED_STATISTICS,FIE_M9_DIAGNOSTIC_MARKET_ANCHORED,DIAGNOSTIC_MARKET_ANCHORED,DIAGNOSTIC_MARKET_ANCHORED,76.87533674182865,4.522078631872273,55.98916435781462,64.75133349640656,75.49504868271714,87.82726313641345,99.28163509636384,51.0,252.0,145.29392965362956,-68.41859291180091,211.9,adp_ppr,59.0,181.0,8.0,-71.0,MARKET_UNDERRATED,False,64.0,True,True,,True,False,True,0.0,0.0,0.0,"['LEAGUE_SPECIFIC_VORP', 'RELEVANT_UNIVERSE_RANK_EDGE', 'M9_PRODUCTION_MODEL', 'CURRENT_PLAYER_MATCH']",,,,position_not_validated,0.0348981416554671,-0.0152697956717366,0.0855212615803308,3.0,4.0,M9.1c,37.62827978786576,5.728279787865759,104.7586619407557,0.5540473373867141,0.7272727272727273,0.4545454545454546,0.7160349734832196,12.0,DEPTH,RESEARCH_ONLY_EXACT_REPLAY,True,False,STABLE_TEAM,BLOCKED_MISSING_HISTORICAL_SLEEPER_BASELINE,True
fie-final-league-board-v1,1399318410818519040,2026,00-0037746,00-0037746,8154,Brian Robinson,ATL,RB,SEASON,M9,BLOCKED_STATISTICS,FIE_M9_DIAGNOSTIC_MARKET_ANCHORED,DIAGNOSTIC_MARKET_ANCHORED,DIAGNOSTIC_MARKET_ANCHORED,69.9,4.111764705882353,45.10387652953923,56.276373833177146,68.85315990385602,82.60858292007224,95.72369000537216,52.0,277.0,145.29392965362956,-75.39392965362956,169.1,adp_ppr,49.0,146.0,-3.0,-131.0,FAIR,False,55.0,True,True,,True,False,True,-2.300000000000012,-2.300000000000012,-2.300000000000012,"['LEAGUE_SPECIFIC_VORP', 'RELEVANT_UNIVERSE_RANK_EDGE', 'M9_PRODUCTION_MODEL', 'CURRENT_PLAYER_MATCH']",,,,position_not_validated,0.0348981416554671,-0.0152697956717366,0.0855212615803308,3.0,4.0,M9.1c,65.41567820797444,-4.484321792025568,67.63165455012627,-0.8082240239340329,0.1875,0.625,0.6499017089892135,9.000000000000004,STARTER,RESEARCH_ONLY_TRANSITION_EXACT_REPLAY,True,True,NEW_TEAM_CONTEXT_REBUILT_V3,BLOCKED_MISSING_HISTORICAL_SLEEPER_BASELINE,True
fie-final-league-board-v1,1399318410818519040,2026,00-0041013,00-0041013,13337,Emmett Johnson,KC,RB,SEASON,M9,BLOCKED_STATISTICS,FIE_M9_DIAGNOSTIC_MARKET_ANCHORED,DIAGNOSTIC_MARKET_ANCHORED,DIAGNOSTIC_MARKET_ANCHORED,65.2,3.835294117647059,40.93104827781892,51.42260988070078,64.19292389627068,77.72505131157342,90.77415636089756,53.0,293.0,145.29392965362956,-80.09392965362956,209.1,adp_ppr,58.0,178.0,5.0,-115.0,FAIR,False,62.0,True,True,,True,False,True,-0.8000000000000114,-0.8000000000000114,-0.8000000000000114,"['LEAGUE_SPECIFIC_VORP', 'RELEVANT_UNIVERSE_RANK_EDGE', 'M9_PRODUCTION_MODEL', 'CURRENT_PLAYER_MATCH']",,,,position_not_validated,0.0348981416554671,-0.0152697956717366,0.0855212615803308,3.0,4.0,M9.1c,65.2,0.0,,,,,,,STARTER,BASELINE_ONLY,False,False,NO_PROFILE,BLOCKED_MISSING_HISTORICAL_SLEEPER_BASELINE,False
fie-final-league-board-v1,1399318410818519040,2026,00-0041496,00-0041496,13345,Jonah Coleman,DEN,RB,SEASON,M9,BLOCKED_STATISTICS,FIE_M9_DIAGNOSTIC_MARKET_ANCHORED,DIAGNOSTIC_MARKET_ANCHORED,DIAGNOSTIC_MARKET_ANCHORED,63.900000000000006,3.758823529411765,40.29999778887252,50.06030823180544,62.454938327500216,76.49152003194872,89.4058576273061,54.0,298.0,145.29392965362956,-81.39392965362956,170.1,adp_ppr,50.0,147.0,-4.0,-151.0,FAIR,False,62.0,True,True,,True,False,True,0.6999999999999886,0.6999999999999886,0.6999999999999886,"['LEAGUE_SPECIFIC_VORP', 'RELEVANT_UNIVERSE_RANK_EDGE', 'M9_PRODUCTION_MODEL', 'CURRENT_PLAYER_MATCH']",,,,position_not_validated,0.0348981416554671,-0.0152697956717366,0.0855212615803308,3.0,4.0,M9.1c,63.900000000000006,0.0,,,,,,,COMMITTEE_FRINGE,BASELINE_ONLY,False,False,NO_PROFILE,BLOCKED_MISSING_HISTORICAL_SLEEPER_BASELINE,False
fie-final-league-board-v1,1399318410818519040,2026,00-0040719,00-0040719,12490,Bhayshul Tuten,JAX,RB,SEASON,M9,BLOCKED_STATISTICS,FIE_M9_DIAGNOSTIC_MARKET_ANCHORED,DIAGNOSTIC_MARKET_ANCHORED,DIAGNOSTIC_MARKET_ANCHORED,63.84033678130589,3.7553139283121113,33.95032505949237,47.516060760391866,63.51464968354935,79.55435939173017,93.91858308212716,55.0,299.0,145.29392965362956,-81.45359287232367,61.6,adp_ppr,25.0,61.0,-30.0,-238.0,STRONG_FADE,True,65.0,True,True,,True,True,True,0.6000000000000014,0.6000000000000014,0.6000000000000014,"['LEAGUE_SPECIFIC_VORP', 'RELEVANT_UNIVERSE_RANK_EDGE', 'M9_PRODUCTION_MODEL', 'CURRENT_PLAYER_MATCH']",,,,position_not_validated,0.0348981416554671,-0.0152697956717366,0.0855212615803308,3.0,4.0,M9.1c,166.2109960924999,-8.589003907500114,91.72366198023296,-4.782190466273741,0.1,0.8,0.6179139501798643,14.650000000000006,CLEAR_STARTER,RESEARCH_ONLY_EXACT_REPLAY,True,False,STABLE_TEAM,BLOCKED_MISSING_HISTORICAL_SLEEPER_BASELINE,True
fie-final-league-board-v1,1399318410818519040,2026,00-0040886,00-0040886,13288,Nicholas Singleton,TEN,RB,SEASON,M9,BLOCKED_STATISTICS,FIE_M9_DIAGNOSTIC_MARKET_ANCHORED,DIAGNOSTIC_MARKET_ANCHORED,DIAGNOSTIC_MARKET_ANCHORED,63.7,3.747058823529412,39.4559745003408,50.082580978153786,62.591745464193096,75.95150138270432,89.40005859416867,56.0,302.0,145.29392965362956,-81.59392965362956,212.1,adp_ppr,60.0,182.0,4.0,-120.0,FAIR,False,62.0,True,True,,True,False,True,0.0,0.0,0.0,"['LEAGUE_SPECIFIC_VORP', 'RELEVANT_UNIVERSE_RANK_EDGE', 'M9_PRODUCTION_MODEL', 'CURRENT_PLAYER_MATCH']",,,,position_not_validated,0.0348981416554671,-0.0152697956717366,0.0855212615803308,3.0,4.0,M9.1c,63.7,0.0,,,,,,,COMMITTEE_FRINGE,BASELINE_ONLY,False,False,NO_PROFILE,BLOCKED_MISSING_HISTORICAL_SLEEPER_BASELINE,False
fie-final-league-board-v1,1399318410818519040,2026,00-0037197,00-0037197,8205,Isiah Pacheco,DET,RB,SEASON,M9,BLOCKED_STATISTICS,FIE_M9_DIAGNOSTIC_MARKET_ANCHORED,DIAGNOSTIC_MARKET_ANCHORED,DIAGNOSTIC_MARKET_ANCHORED,53.6,3.152941176470588,31.05632307233779,40.46591867187869,52.28232992774864,65.2720361393456,78.13019407119509,57.0,329.0,145.29392965362956,-91.69392965362955,188.8,adp_ppr,54.0,162.0,-3.0,-167.0,FAIR,False,55.0,True,True,,True,False,True,-2.0999999999999943,-2.0999999999999943,-2.0999999999999943,"['LEAGUE_SPECIFIC_VORP', 'RELEVANT_UNIVERSE_RANK_EDGE', 'M9_PRODUCTION_MODEL', 'CURRENT_PLAYER_MATCH']",,,,position_not_validated,0.0348981416554671,-0.0152697956717366,0.0855212615803308,3.0,4.0,M9.1c,62.36157334983301,8.761573349833007,118.05575407433044,1.3326750554345872,0.8125,0.625,0.5802366456843049,18.5,STARTER,RESEARCH_ONLY_TRANSITION_EXACT_REPLAY,True,True,NEW_TEAM_CONTEXT_REBUILT_V3,BLOCKED_MISSING_HISTORICAL_SLEEPER_BASELINE,True
fie-final-league-board-v1,1399318410818519040,2026,00-0038555,00-0038555,9225,Tank Bigsby,PHI,RB,SEASON,M9,BLOCKED_STATISTICS,FIE_M9_DIAGNOSTIC_MARKET_ANCHORED,DIAGNOSTIC_MARKET_ANCHORED,DIAGNOSTIC_MARKET_ANCHORED,51.50341605722454,3.0296127092485023,27.112358641188784,37.80270617393849,50.558518823904976,63.88496392651906,77.0166691897436,58.0,334.0,145.29392965362956,-93.79051359640502,178.1,adp_ppr,52.0,153.0,-6.0,-181.0,FAIR,False,65.0,True,True,,True,False,True,-1.4000000000000057,-1.4000000000000057,-1.4000000000000057,"['LEAGUE_SPECIFIC_VORP', 'RELEVANT_UNIVERSE_RANK_EDGE', 'M9_PRODUCTION_MODEL', 'CURRENT_PLAYER_MATCH']",,,,position_not_validated,0.0348981416554671,-0.0152697956717366,0.0855212615803308,3.0,4.0,M9.1c,62.60042439555848,-2.599575604441526,79.3867412561516,-0.2586334678860115,0.375,0.25,0.7221043345670924,8.900000000000002,STARTER,RESEARCH_ONLY_EXACT_REPLAY,True,False,STABLE_TEAM,BLOCKED_MISSING_HISTORICAL_SLEEPER_BASELINE,True
fie-final-league-board-v1,1399318410818519040,2026,00-0039794,00-0039794,11576,Braelon Allen,NYJ,RB,SEASON,M9,BLOCKED_STATISTICS,FIE_M9_DIAGNOSTIC_MARKET_ANCHORED,DIAGNOSTIC_MARKET_ANCHORED,DIAGNOSTIC_MARKET_ANCHORED,42.55801658867574,2.503412740510338,19.49491954073448,29.080242568128725,41.65652827309829,54.53608819455528,67.30080434934618,59.0,355.0,145.29392965362956,-102.73591306495382,206.8,adp_ppr,57.0,176.0,-2.0,-179.0,FAIR,False,63.0,True,True,,True,False,True,1.5,1.5,1.5,"['LEAGUE_SPECIFIC_VORP', 'RELEVANT_UNIVERSE_RANK_EDGE', 'M9_PRODUCTION_MODEL', 'CURRENT_PLAYER_MATCH']",,,,position_not_validated,0.0348981416554671,-0.0152697956717366,0.0855212615803308,3.0,4.0,M9.1c,52.241628321432685,0.0416283214326824,70.4413417876028,0.0,0.5555555555555556,0.1111111111111111,0.8325664286537388,4.099999999999994,COMMITTEE_FRINGE,RESEARCH_ONLY_EXACT_REPLAY,True,False,STABLE_TEAM,BLOCKED_MISSING_HISTORICAL_SLEEPER_BASELINE,True
fie-final-league-board-v1,1399318410818519040,2026,00-0041052,00-0041052,13414,Kaelon Black,SF,RB,SEASON,M9,BLOCKED_STATISTICS,FIE_M9_DIAGNOSTIC_MARKET_ANCHORED,DIAGNOSTIC_MARKET_ANCHORED,DIAGNOSTIC_MARKET_ANCHORED,42.3,2.488235294117647,20.13960647964842,29.408383459666524,40.90343869003853,53.82710340543248,65.97517384808197,60.0,356.0,145.29392965362956,-102.99392965362956,196.9,adp_ppr,56.0,167.0,-4.0,-189.0,FAIR,False,62.0,True,True,,True,False,True,1.0999999999999943,1.0999999999999943,1.0999999999999943,"['LEAGUE_SPECIFIC_VORP', 'RELEVANT_UNIVERSE_RANK_EDGE', 'M9_PRODUCTION_MODEL', 'CURRENT_PLAYER_MATCH']",,,,position_not_validated,0.0348981416554671,-0.0152697956717366,0.0855212615803308,3.0,4.0,M9.1c,42.3,0.0,,,,,,,COMMITTEE_FRINGE,BASELINE_ONLY,False,False,NO_PROFILE,BLOCKED_MISSING_HISTORICAL_SLEEPER_BASELINE,False
fie-final-league-board-v1,1399318410818519040,2026,00-0040142,00-0040142,12504,Kaleb Johnson,GB,RB,SEASON,M9,BLOCKED_STATISTICS,FIE_M9_DIAGNOSTIC_MARKET_ANCHORED,DIAGNOSTIC_MARKET_ANCHORED,DIAGNOSTIC_MARKET_ANCHORED,32.0,1.88235294117647,11.073626122372488,19.7442616341472,30.69727367882773,42.69596678206517,54.79746499509778,61.0,401.0,145.29392965362956,-113.29392965362956,215.4,adp_ppr,61.0,186.0,0.0,-215.0,FAIR,False,55.0,True,True,,True,False,True,0.0999999999999943,0.0999999999999943,0.0999999999999943,"['LEAGUE_SPECIFIC_VORP', 'RELEVANT_UNIVERSE_RANK_EDGE', 'M9_PRODUCTION_MODEL', 'CURRENT_PLAYER_MATCH']",,,,position_not_validated,0.0348981416554671,-0.0152697956717366,0.0855212615803308,3.0,4.0,M9.1c,25.168618387511,-6.831381612489004,19.027897118105592,-1.0923421365846715,0.1363636363636363,0.7272727272727273,0.644469963442359,12.1,DEPTH,RESEARCH_ONLY_TRANSITION_EXACT_REPLAY,True,True,NEW_TEAM_CONTEXT_REBUILT_V3,BLOCKED_MISSING_HISTORICAL_SLEEPER_BASELINE,True
fie-final-league-board-v1,1399318410818519040,2026,00-0036265,00-0036265,6828,AJ Dillon,CAR,RB,SEASON,M9,BLOCKED_STATISTICS,MARKET_FALLBACK,MARKET_BASE,MARKET_BASE,,,,,,,,,,145.29392965362956,,,adp_ppr,,,,,UNAVAILABLE,False,11.0,True,True,,False,False,False,,,,"['M9_PRODUCTION_MODEL', 'CURRENT_PLAYER_MATCH']",,,,position_not_validated,0.0348981416554671,-0.0152697956717366,0.0855212615803308,3.0,4.0,M9.1c,,,,,,,,,UNRANKED,BASELINE_ONLY,False,False,NO_PROFILE,BLOCKED_MISSING_HISTORICAL_SLEEPER_BASELINE,False
fie-final-league-board-v1,1399318410818519040,2026,00-0040888,00-0040888,13302,Adam Randall,BAL,RB,SEASON,M9,BLOCKED_STATISTICS,FIE_M9_DIAGNOSTIC_MARKET_ANCHORED,DIAGNOSTIC_MARKET_ANCHORED,DIAGNOSTIC_MARKET_ANCHORED,30.1,1.7705882352941178,9.28125786462175,18.305453508306044,28.922215360053443,40.58651159657664,52.03875067941732,,408.0,145.29392965362956,-115.19392965362955,,adp_ppr,,,,,IRRELEVANT,False,62.0,True,True,,False,False,False,,,,"['LEAGUE_SPECIFIC_VORP', 'M9_PRODUCTION_MODEL', 'CURRENT_PLAYER_MATCH']",,,,position_not_validated,0.0348981416554671,-0.0152697956717366,0.0855212615803308,3.0,4.0,M9.1c,30.1,0.0,,,,,,,DEPTH,BASELINE_ONLY,False,False,NO_PROFILE,BLOCKED_MISSING_HISTORICAL_SLEEPER_BASELINE,False
fie-final-league-board-v1,1399318410818519040,2026,00-0036000,00-0036000,7093,Adrian Killins,DEN,RB,SEASON,M9,BLOCKED_STATISTICS,MARKET_FALLBACK,MARKET_BASE,MARKET_BASE,,,,,,,,,,145.29392965362956,,688.0,adp_ppr,,475.0,,,UNAVAILABLE,False,10.0,True,True,,False,False,False,0.0,0.0,0.0,"['M9_PRODUCTION_MODEL', 'CURRENT_PLAYER_MATCH']",,,,position_not_validated,0.0348981416554671,-0.0152697956717366,0.0855212615803308,3.0,4.0,M9.1c,,,,,,,,,UNRANKED,BASELINE_ONLY,False,False,NO_PROFILE,BLOCKED_MISSING_HISTORICAL_SLEEPER_BASELINE,False
fie-final-league-board-v1,1399318410818519040,2026,00-0040039,00-0040039,12928,Amar Johnson,LAC,RB,SEASON,M9,BLOCKED_STATISTICS,MARKET_FALLBACK,MARKET_BASE,MARKET_BASE,,,,,,,,,,145.29392965362956,,699.5,adp_ppr,,500.0,,,UNAVAILABLE,False,10.0,True,True,,False,False,False,0.0,0.0,0.0,"['M9_PRODUCTION_MODEL', 'CURRENT_PLAYER_MATCH']",,,,position_not_validated,0.0348981416554671,-0.0152697956717366,0.0855212615803308,3.0,4.0,M9.1c,,,,,,,,,UNRANKED,BASELINE_ONLY,False,False,NO_PROFILE,BLOCKED_MISSING_HISTORICAL_SLEEPER_BASELINE,False
fie-final-league-board-v1,1399318410818519040,2026,00-0032104,00-0032104,2359,Ameer Abdullah,JAX,RB,SEASON,M9,BLOCKED_STATISTICS,FIE_M9_DIAGNOSTIC_MARKET_ANCHORED,DIAGNOSTIC_MARKET_ANCHORED,DIAGNOSTIC_MARKET_ANCHORED,4.8,0.2823529411764706,-13.869748414195044,-6.298156874421014,3.5012197199821387,14.27889293632451,24.91231368001572,,499.0,145.29392965362956,-140.49392965362955,612.4,adp_ppr,,347.0,,-152.0,IRRELEVANT,False,55.0,True,True,,False,False,False,0.0,0.0,0.0,"['LEAGUE_SPECIFIC_VORP', 'M9_PRODUCTION_MODEL', 'CURRENT_PLAYER_MATCH']",,,,position_not_validated,0.0348981416554671,-0.0152697956717366,0.0855212615803308,3.0,4.0,M9.1c,4.8,0.0,53.79413776819149,0.1727727118766485,0.5909090909090909,0.1818181818181818,0.8803146886868967,1.0,DEPTH,RESEARCH_ONLY_TRANSITION_EXACT_REPLAY,True,True,NEW_TEAM_CONTEXT_REBUILT_V3,BLOCKED_MISSING_HISTORICAL_SLEEPER_BASELINE,False
fie-final-league-board-v1,1399318410818519040,2026,14041,,14041,Anderson Castle,IND,RB,SEASON,M9,BLOCKED_STATISTICS,MARKET_FALLBACK,MARKET_BASE,MARKET_BASE,,,,,,,,,,145.29392965362956,,624.0,adp_ppr,,357.0,,,UNAVAILABLE,False,10.0,True,True,,False,False,False,0.0,0.0,0.0,"['M9_PRODUCTION_MODEL', 'CURRENT_PLAYER_MATCH']",,,,position_not_validated,0.0348981416554671,-0.0152697956717366,0.0855212615803308,3.0,4.0,M9.1c,,,,,,,,,UNRANKED,BASELINE_ONLY,False,False,NO_PROFILE,BLOCKED_MISSING_HISTORICAL_SLEEPER_BASELINE,False
fie-final-league-board-v1,1399318410818519040,2026,12939,,12939,Anthony Tyus,CAR,RB,SEASON,M9,BLOCKED_STATISTICS,MARKET_FALLBACK,MARKET_BASE,MARKET_BASE,,,,,,,,,,145.29392965362956,,572.0,adp_ppr,,328.0,,,UNAVAILABLE,False,10.0,True,True,,False,False,False,0.0,0.0,0.0,"['M9_PRODUCTION_MODEL', 'CURRENT_PLAYER_MATCH']",,,,position_not_validated,0.0348981416554671,-0.0152697956717366,0.0855212615803308,3.0,4.0,M9.1c,,,,,,,,,UNRANKED,BASELINE_ONLY,False,False,NO_PROFILE,BLOCKED_MISSING_HISTORICAL_SLEEPER_BASELINE,False
fie-final-league-board-v1,1399318410818519040,2026,00-0039373,00-0039373,11579,Audric Estime,NO,RB,SEASON,M9,BLOCKED_STATISTICS,FIE_M9_DIAGNOSTIC_MARKET_ANCHORED,DIAGNOSTIC_MARKET_ANCHORED,DIAGNOSTIC_MARKET_ANCHORED,123.18147254033012,7.245968972960593,103.0278376216882,111.42378371327156,121.7564555395835,133.41960189757998,145.21349091028117,,184.0,145.29392965362956,-22.11245711329944,237.4,adp_ppr,,220.0,,36.0,IRRELEVANT,False,63.0,True,True,,False,False,False,0.0,0.0,0.0,"['LEAGUE_SPECIFIC_VORP', 'M9_PRODUCTION_MODEL', 'CURRENT_PLAYER_MATCH']",,,,position_not_validated,0.0348981416554671,-0.0152697956717366,0.0855212615803308,3.0,4.0,M9.1c,33.300000000000004,10.700000000000005,151.0647977392572,1.6230171768332249,1.0,1.0,0.7275517747888576,10.7,DEPTH,RESEARCH_ONLY_EXACT_REPLAY,True,False,STABLE_TEAM,BLOCKED_MISSING_HISTORICAL_SLEEPER_BASELINE,True
fie-final-league-board-v1,1399318410818519040,2026,00-0036117,00-0036117,7048,Benny LeMay,CLE,RB,SEASON,M9,BLOCKED_STATISTICS,MARKET_FALLBACK,MARKET_BASE,MARKET_BASE,,,,,,,,,,145.29392965362956,,,adp_ppr,,,,,UNAVAILABLE,False,10.0,True,True,,False,False,False,,,,"['M9_PRODUCTION_MODEL', 'CURRENT_PLAYER_MATCH']",,,,position_not_validated,0.0348981416554671,-0.0152697956717366,0.0855212615803308,3.0,4.0,M9.1c,,,,,,,,,UNRANKED,BASELINE_ONLY,False,False,NO_PROFILE,BLOCKED_MISSING_HISTORICAL_SLEEPER_BASELINE,False
fie-final-league-board-v1,1399318410818519040,2026,00-0038488,00-0038488,11280,Brady Russell,SEA,RB,SEASON,M9,BLOCKED_STATISTICS,MARKET_FALLBACK,MARKET_BASE,MARKET_BASE,,,,,,,,,,145.29392965362956,,636.0,adp_ppr,,373.0,,,UNAVAILABLE,False,12.0,True,True,,False,False,False,0.0,0.0,0.0,"['M9_PRODUCTION_MODEL', 'CURRENT_PLAYER_MATCH']",,,,position_not_validated,0.0348981416554671,-0.0152697956717366,0.0855212615803308,3.0,4.0,M9.1c,,,,,,,,,UNRANKED,BASELINE_ONLY,False,False,NO_PROFILE,BLOCKED_MISSING_HISTORICAL_SLEEPER_BASELINE,False
fie-final-league-board-v1,1399318410818519040,2026,00-0040078,00-0040078,12455,Brashard Smith,KC,RB,SEASON,M9,BLOCKED_STATISTICS,FIE_M9_DIAGNOSTIC_MARKET_ANCHORED,DIAGNOSTIC_MARKET_ANCHORED,DIAGNOSTIC_MARKET_ANCHORED,35.83214648037624,2.107773322375073,15.939917845622624,24.06171440980412,34.42385409182603,46.190040431457504,57.267987321208935,,392.0,145.29392965362956,-109.46178317325332,226.3,adp_ppr,,196.0,,-196.0,IRRELEVANT,False,66.0,True,True,,False,False,False,0.0,0.0,0.0,"['LEAGUE_SPECIFIC_VORP', 'M9_PRODUCTION_MODEL', 'CURRENT_PLAYER_MATCH']",,,,position_not_validated,0.0348981416554671,-0.0152697956717366,0.0855212615803308,3.0,4.0,M9.1c,19.86250114740977,-0.0374988525902288,63.71547167930329,-0.2184239103383124,0.4545454545454545,0.0909090909090909,0.7499770518045862,10.599999999999998,DEPTH,RESEARCH_ONLY_EXACT_REPLAY,True,False,STABLE_TEAM,BLOCKED_MISSING_HISTORICAL_SLEEPER_BASELINE,True
fie-final-league-board-v1,1399318410818519040,2026,00-0039603,00-0039603,12171,British Brooks,HOU,RB,SEASON,M9,BLOCKED_STATISTICS,MARKET_FALLBACK,MARKET_BASE,MARKET_BASE,,,,,,,,,,145.29392965362956,,268.0,adp_ppr,,254.0,,,UNAVAILABLE,False,12.0,True,True,,False,False,False,-88.30000000000001,-88.30000000000001,-88.30000000000001,"['M9_PRODUCTION_MODEL', 'CURRENT_PLAYER_MATCH']",,,,position_not_validated,0.0348981416554671,-0.0152697956717366,0.0855212615803308,3.0,4.0,M9.1c,,,,,,,,,UNRANKED,BASELINE_ONLY,False,False,NO_PROFILE,BLOCKED_MISSING_HISTORICAL_SLEEPER_BASELINE,False
fie-final-league-board-v1,1399318410818519040,2026,00-0037329,00-0037329,8423,Brittain Brown,CHI,RB,SEASON,M9,BLOCKED_STATISTICS,MARKET_FALLBACK,MARKET_BASE,MARKET_BASE,,,,,,,,,,145.29392965362956,,,adp_ppr,,,,,UNAVAILABLE,False,10.0,True,True,,False,False,False,,,,"['M9_PRODUCTION_MODEL', 'CURRENT_PLAYER_MATCH']",,,,position_not_validated,0.0348981416554671,-0.0152697956717366,0.0855212615803308,3.0,4.0,M9.1c,,,,,,,,,UNRANKED,BASELINE_ONLY,False,False,NO_PROFILE,BLOCKED_MISSING_HISTORICAL_SLEEPER_BASELINE,False
fie-final-league-board-v1,1399318410818519040,2026,00-0041326,00-0041326,13277,CJ Donaldson,NO,RB,SEASON,M9,BLOCKED_STATISTICS,MARKET_FALLBACK,MARKET_BASE,MARKET_BASE,,,,,,,,,,145.29392965362956,,465.5,adp_ppr,,290.0,,,UNAVAILABLE,False,10.0,True,True,,False,False,False,0.0,0.0,0.0,"['M9_PRODUCTION_MODEL', 'CURRENT_PLAYER_MATCH']",,,,position_not_validated,0.0348981416554671,-0.0152697956717366,0.0855212615803308,3.0,4.0,M9.1c,,,,,,,,,UNRANKED,BASELINE_ONLY,False,False,NO_PROFILE,BLOCKED_MISSING_HISTORICAL_SLEEPER_BASELINE,False
fie-final-league-board-v1,1399318410818519040,2026,00-0038930,00-0038930,11186,Carlos Washington,MIA,RB,SEASON,M9,BLOCKED_STATISTICS,MARKET_FALLBACK,MARKET_BASE,MARKET_BASE,,,,,,,,,,145.29392965362956,,270.0,adp_ppr,,255.0,,,UNAVAILABLE,False,10.0,True,True,,False,False,False,0.0,0.0,0.0,"['M9_PRODUCTION_MODEL', 'CURRENT_PLAYER_MATCH']",,,,position_not_validated,0.0348981416554671,-0.0152697956717366,0.0855212615803308,3.0,4.0,M9.1c,,,,,,,,,UNRANKED,BASELINE_ONLY,False,False,NO_PROFILE,BLOCKED_MISSING_HISTORICAL_SLEEPER_BASELINE,False
fie-final-league-board-v1,1399318410818519040,2026,00-0041191,00-0041191,13595,Cash Jones,ATL,RB,SEASON,M9,BLOCKED_STATISTICS,MARKET_FALLBACK,MARKET_BASE,MARKET_BASE,,,,,,,,,,145.29392965362956,,646.0,adp_ppr,,392.0,,,UNAVAILABLE,False,10.0,True,True,,False,False,False,0.0,0.0,0.0,"['M9_PRODUCTION_MODEL', 'CURRENT_PLAYER_MATCH']",,,,position_not_validated,0.0348981416554671,-0.0152697956717366,0.0855212615803308,3.0,4.0,M9.1c,,,,,,,,,UNRANKED,BASELINE_ONLY,False,False,NO_PROFILE,BLOCKED_MISSING_HISTORICAL_SLEEPER_BASELINE,False
fie-final-league-board-v1,1399318410818519040,2026,00-0038685,00-0038685,11370,Chris Brooks,GB,RB,SEASON,M9,BLOCKED_STATISTICS,FIE_M9_DIAGNOSTIC_MARKET_ANCHORED,DIAGNOSTIC_MARKET_ANCHORED,DIAGNOSTIC_MARKET_ANCHORED,10.566965962307762,0.6215862330769272,-12.920246377759495,-2.8238438119552285,9.323451495733195,22.454939109091413,35.62760646321786,,481.0,145.29392965362956,-134.7269636913218,,adp_ppr,,,,,IRRELEVANT,False,66.0,True,True,,False,False,False,,,,"['LEAGUE_SPECIFIC_VORP', 'M9_PRODUCTION_MODEL', 'CURRENT_PLAYER_MATCH']",,,,position_not_validated,0.0348981416554671,-0.0152697956717366,0.0855212615803308,3.0,4.0,M9.1c,52.86865405450703,-3.431345945492972,38.45029116123481,-0.7669298413480946,0.1111111111111111,0.7777777777777778,0.8686951760741707,3.799999999999997,COMMITTEE_FRINGE,RESEARCH_ONLY_EXACT_REPLAY,True,False,STABLE_TEAM,BLOCKED_MISSING_HISTORICAL_SLEEPER_BASELINE,True
fie-final-league-board-v1,1399318410818519040,2026,00-0039244,00-0039244,11963,Chris Collier,LV,RB,SEASON,M9,BLOCKED_STATISTICS,MARKET_FALLBACK,MARKET_BASE,MARKET_BASE,,,,,,,,,,145.29392965362956,,571.3,adp_ppr,,327.0,,,UNAVAILABLE,False,10.0,True,True,,False,False,False,-83.0,-83.0,-83.0,"['M9_PRODUCTION_MODEL', 'CURRENT_PLAYER_MATCH']",,,,position_not_validated,0.0348981416554671,-0.0152697956717366,0.0855212615803308,3.0,4.0,M9.1c,,,,,,,,,UNRANKED,BASELINE_ONLY,False,False,NO_PROFILE,BLOCKED_MISSING_HISTORICAL_SLEEPER_BASELINE,False
fie-final-league-board-v1,1399318410818519040,2026,00-0039703,00-0039703,11644,Cody Schrader,DEN,RB,SEASON,M9,BLOCKED_STATISTICS,MARKET_FALLBACK,MARKET_BASE,MARKET_BASE,,,,,,,,,,145.29392965362956,,,adp_ppr,,,,,UNAVAILABLE,False,10.0,True,True,,False,False,False,,,,"['M9_PRODUCTION_MODEL', 'CURRENT_PLAYER_MATCH']",,,,position_not_validated,0.0348981416554671,-0.0152697956717366,0.0855212615803308,3.0,4.0,M9.1c,,,,,,,,,UNRANKED,BASELINE_ONLY,False,False,NO_PROFILE,BLOCKED_MISSING_HISTORICAL_SLEEPER_BASELINE,False
fie-final-league-board-v1,1399318410818519040,2026,00-0040556,00-0040556,12491,Corey Kiner,NE,RB,SEASON,M9,BLOCKED_STATISTICS,MARKET_FALLBACK,MARKET_BASE,MARKET_BASE,,,,,,,,,,145.29392965362956,,487.0,adp_ppr,,297.0,,,UNAVAILABLE,False,11.0,True,True,,False,False,False,0.0,0.0,0.0,"['M9_PRODUCTION_MODEL', 'CURRENT_PLAYER_MATCH']",,,,position_not_validated,0.0348981416554671,-0.0152697956717366,0.0855212615803308,3.0,4.0,M9.1c,,,,,,,,,UNRANKED,BASELINE_ONLY,False,False,NO_PROFILE,BLOCKED_MISSING_HISTORICAL_SLEEPER_BASELINE,False
fie-final-league-board-v1,1399318410818519040,2026,00-0040179,00-0040179,12471,DJ Giddens,IND,RB,SEASON,M9,BLOCKED_STATISTICS,FIE_M9_DIAGNOSTIC_MARKET_ANCHORED,DIAGNOSTIC_MARKET_ANCHORED,DIAGNOSTIC_MARKET_ANCHORED,24.30371002769837,1.4296300016293155,3.5013311061582826,12.335914362131524,22.93533931289894,35.16929111643514,46.48558416491762,,435.0,145.29392965362956,-120.9902196259312,,adp_ppr,,,,,IRRELEVANT,False,63.0,True,True,,False,False,False,,,,"['LEAGUE_SPECIFIC_VORP', 'M9_PRODUCTION_MODEL', 'CURRENT_PLAYER_MATCH']",,,,position_not_validated,0.0348981416554671,-0.0152697956717366,0.0855212615803308,3.0,4.0,M9.1c,31.250833966149585,1.2508339661495853,52.18703522662542,0.0,0.5555555555555556,0.1111111111111111,0.8338893107663904,5.600000000000001,COMMITTEE_FRINGE,RESEARCH_ONLY_EXACT_REPLAY,True,False,STABLE_TEAM,BLOCKED_MISSING_HISTORICAL_SLEEPER_BASELINE,True
fie-final-league-board-v1,1399318410818519040,2026,00-0040651,00-0040651,12462,Damien Martinez,GB,RB,SEASON,M9,BLOCKED_STATISTICS,MARKET_FALLBACK,MARKET_BASE,MARKET_BASE,,,,,,,,,,145.29392965362956,,,adp_ppr,,,,,UNAVAILABLE,False,10.0,True,True,,False,False,False,,,,"['M9_PRODUCTION_MODEL', 'CURRENT_PLAYER_MATCH']",,,,position_not_validated,0.0348981416554671,-0.0152697956717366,0.0855212615803308,3.0,4.0,M9.1c,,,,,,,,,UNRANKED,BASELINE_ONLY,False,False,NO_PROFILE,BLOCKED_MISSING_HISTORICAL_SLEEPER_BASELINE,False
fie-final-league-board-v1,1399318410818519040,2026,13438,,13438,DeaMonte Trayanum,NYJ,RB,SEASON,M9,BLOCKED_STATISTICS,MARKET_FALLBACK,MARKET_BASE,MARKET_BASE,,,,,,,,,,145.29392965362956,,281.0,adp_ppr,,256.0,,,UNAVAILABLE,False,10.0,True,True,,False,False,False,-100.5,-100.5,-100.5,"['M9_PRODUCTION_MODEL', 'CURRENT_PLAYER_MATCH']",,,,position_not_validated,0.0348981416554671,-0.0152697956717366,0.0855212615803308,3.0,4.0,M9.1c,,,,,,,,,UNRANKED,BASELINE_ONLY,False,False,NO_PROFILE,BLOCKED_MISSING_HISTORICAL_SLEEPER_BASELINE,False
fie-final-league-board-v1,1399318410818519040,2026,00-0036425,00-0036425,6931,DeeJay Dallas,JAX,RB,SEASON,M9,BLOCKED_STATISTICS,MARKET_FALLBACK,MARKET_BASE,MARKET_BASE,,,,,,,,,,145.29392965362956,,677.3,adp_ppr,,451.0,,,UNAVAILABLE,False,11.0,True,True,,False,False,False,0.0,0.0,0.0,"['M9_PRODUCTION_MODEL', 'CURRENT_PLAYER_MATCH']",,,,position_not_validated,0.0348981416554671,-0.0152697956717366,0.0855212615803308,3.0,4.0,M9.1c,,,,,,,,,UNRANKED,BASELINE_ONLY,False,False,NO_PROFILE,BLOCKED_MISSING_HISTORICAL_SLEEPER_BASELINE,False
fie-final-league-board-v1,1399318410818519040,2026,00-0041104,00-0041104,13347,Demond Claiborne,MIN,RB,SEASON,M9,BLOCKED_STATISTICS,FIE_M9_DIAGNOSTIC_MARKET_ANCHORED,DIAGNOSTIC_MARKET_ANCHORED,DIAGNOSTIC_MARKET_ANCHORED,24.8,1.4588235294117649,4.616670009891738,12.875993744794156,23.338866844363327,35.43140500503739,46.8670892533616,,433.0,145.29392965362956,-120.49392965362956,242.0,adp_ppr,,235.0,,-198.0,IRRELEVANT,False,62.0,True,True,,False,False,False,0.0,0.0,0.0,"['LEAGUE_SPECIFIC_VORP', 'M9_PRODUCTION_MODEL', 'CURRENT_PLAYER_MATCH']",,,,position_not_validated,0.0348981416554671,-0.0152697956717366,0.0855212615803308,3.0,4.0,M9.1c,24.8,0.0,,,,,,,COMMITTEE_FRINGE,BASELINE_ONLY,False,False,NO_PROFILE,BLOCKED_MISSING_HISTORICAL_SLEEPER_BASELINE,False
fie-final-league-board-v1,1399318410818519040,2026,00-0038638,00-0038638,11038,Derek Parish,HOU,RB,SEASON,M9,BLOCKED_STATISTICS,MARKET_FALLBACK,MARKET_BASE,MARKET_BASE,,,,,,,,,,145.29392965362956,,,adp_ppr,,,,,UNAVAILABLE,False,10.0,True,True,,False,False,False,,,,"['M9_PRODUCTION_MODEL', 'CURRENT_PLAYER_MATCH']",,,,position_not_validated,0.0348981416554671,-0.0152697956717366,0.0855212615803308,3.0,4.0,M9.1c,,,,,,,,,UNRANKED,BASELINE_ONLY,False,False,NO_PROFILE,BLOCKED_MISSING_HISTORICAL_SLEEPER_BASELINE,False
fie-final-league-board-v1,1399318410818519040,2026,00-0035250,00-0035250,6130,Devin Singletary,NYG,RB,SEASON,M9,BLOCKED_STATISTICS,FIE_M9_DIAGNOSTIC_MARKET_ANCHORED,DIAGNOSTIC_MARKET_ANCHORED,DIAGNOSTIC_MARKET_ANCHORED,86.24748489086332,5.07338146416843,65.03741509583259,73.92556463916821,84.85534353792504,96.99320627141498,109.02355626712588,,236.0,145.29392965362956,-59.04644476276624,,adp_ppr,,,,,IRRELEVANT,False,66.0,True,True,,False,False,False,,,,"['LEAGUE_SPECIFIC_VORP', 'M9_PRODUCTION_MODEL', 'CURRENT_PLAYER_MATCH']",,,,position_not_validated,0.0348981416554671,-0.0152697956717366,0.0855212615803308,3.0,4.0,M9.1c,38.85771264385353,8.25771264385353,114.13081008979036,0.7590851871494931,0.8181818181818182,0.6363636363636365,0.7275517747888576,10.700000000000005,DEPTH,RESEARCH_ONLY_EXACT_REPLAY,True,False,STABLE_TEAM,BLOCKED_MISSING_HISTORICAL_SLEEPER_BASELINE,True
fie-final-league-board-v1,1399318410818519040,2026,00-0040937,00-0040937,13725,Dominic Richardson,NYJ,RB,SEASON,M9,BLOCKED_STATISTICS,MARKET_FALLBACK,MARKET_BASE,MARKET_BASE,,,,,,,,,,145.29392965362956,,254.0,adp_ppr,,252.0,,,UNAVAILABLE,False,10.0,True,True,,False,False,False,-126.3,-126.3,-126.3,"['M9_PRODUCTION_MODEL', 'CURRENT_PLAYER_MATCH']",,,,position_not_validated,0.0348981416554671,-0.0152697956717366,0.0855212615803308,3.0,4.0,M9.1c,,,,,,,,,UNRANKED,BASELINE_ONLY,False,False,NO_PROFILE,BLOCKED_MISSING_HISTORICAL_SLEEPER_BASELINE,False
fie-final-league-board-v1,1399318410818519040,2026,00-0039407,00-0039407,11574,Dylan Laube,LV,RB,SEASON,M9,BLOCKED_STATISTICS,FIE_M9_DIAGNOSTIC_MARKET_ANCHORED,DIAGNOSTIC_MARKET_ANCHORED,DIAGNOSTIC_MARKET_ANCHORED,-7.4372675948544895,-0.4374863291090876,-26.704844808497903,-18.96096990978172,-8.977405966654935,2.421904192581543,13.88500323368411,,518.0,145.29392965362956,-152.73119724848405,,adp_ppr,,,,,IRRELEVANT,False,66.0,True,True,,False,False,False,,,,"['LEAGUE_SPECIFIC_VORP', 'M9_PRODUCTION_MODEL', 'CURRENT_PLAYER_MATCH']",,,,position_not_validated,0.0348981416554671,-0.0152697956717366,0.0855212615803308,3.0,4.0,M9.1c,10.832213844262228,-1.0677861557377728,20.44605760407256,-0.4377490768697271,0.2727272727272727,0.4545454545454546,0.9285097006415408,2.9000000000000004,DEPTH,RESEARCH_ONLY_EXACT_REPLAY,True,False,STABLE_TEAM,BLOCKED_MISSING_HISTORICAL_SLEEPER_BASELINE,True
fie-final-league-board-v1,1399318410818519040,2026,00-0041490,00-0041490,13423,Eli Heidenreich,PIT,RB,SEASON,M9,BLOCKED_STATISTICS,MARKET_FALLBACK,MARKET_BASE,MARKET_BASE,,,,,,,,,,145.29392965362956,,,adp_ppr,,,,,UNAVAILABLE,False,10.0,True,True,,False,False,False,,,,"['M9_PRODUCTION_MODEL', 'CURRENT_PLAYER_MATCH']",,,,position_not_validated,0.0348981416554671,-0.0152697956717366,0.0855212615803308,3.0,4.0,M9.1c,,,,,,,,,UNRANKED,BASELINE_ONLY,False,False,NO_PROFILE,BLOCKED_MISSING_HISTORICAL_SLEEPER_BASELINE,False
fie-final-league-board-v1,1399318410818519040,2026,00-0033295,00-0033295,4263,Elijah McGuire,KC,RB,SEASON,M9,BLOCKED_STATISTICS,MARKET_FALLBACK,MARKET_BASE,MARKET_BASE,,,,,,,,,,145.29392965362956,,573.3,adp_ppr,,330.0,,,UNAVAILABLE,False,10.0,True,True,,False,False,False,0.0,0.0,0.0,"['M9_PRODUCTION_MODEL', 'CURRENT_PLAYER_MATCH']",,,,position_not_validated,0.0348981416554671,-0.0152697956717366,0.0855212615803308,3.0,4.0,M9.1c,,,,,,,,,UNRANKED,BASELINE_ONLY,False,False,NO_PROFILE,BLOCKED_MISSING_HISTORICAL_SLEEPER_BASELINE,False
fie-final-league-board-v1,1399318410818519040,2026,00-0038797,00-0038797,11435,Emanuel Wilson,SEA,RB,SEASON,M9,BLOCKED_STATISTICS,FIE_M9_DIAGNOSTIC_MARKET_ANCHORED,DIAGNOSTIC_MARKET_ANCHORED,DIAGNOSTIC_MARKET_ANCHORED,56.5,3.323529411764706,33.12239665903786,43.12601302517149,55.33831863258412,68.54828805024732,81.77835006548277,,323.0,145.29392965362956,-88.79392965362956,250.3,adp_ppr,,246.0,,-77.0,IRRELEVANT,False,55.0,True,True,,False,False,False,0.0,0.0,0.0,"['LEAGUE_SPECIFIC_VORP', 'M9_PRODUCTION_MODEL', 'CURRENT_PLAYER_MATCH']",,,,position_not_validated,0.0348981416554671,-0.0152697956717366,0.0855212615803308,3.0,4.0,M9.1c,59.778991362439385,3.2789913624393847,85.39565802262,0.2828838136528273,0.7222222222222222,0.4444444444444444,0.7807122291522347,4.0,COMMITTEE_FRINGE,RESEARCH_ONLY_TRANSITION_EXACT_REPLAY,True,True,NEW_TEAM_CONTEXT_REBUILT_V3,BLOCKED_MISSING_HISTORICAL_SLEEPER_BASELINE,True
fie-final-league-board-v1,1399318410818519040,2026,00-0038396,00-0038396,10223,Eric Gray,NYG,RB,SEASON,M9,BLOCKED_STATISTICS,MARKET_FALLBACK,MARKET_BASE,MARKET_BASE,,,,,,,,,,145.29392965362956,,,adp_ppr,,,,,UNAVAILABLE,False,10.0,True,True,,False,False,False,,,,"['M9_PRODUCTION_MODEL', 'CURRENT_PLAYER_MATCH']",,,,position_not_validated,0.0348981416554671,-0.0152697956717366,0.0855212615803308,3.0,4.0,M9.1c,,,,,,,,,UNRANKED,BASELINE_ONLY,False,False,NO_PROFILE,BLOCKED_MISSING_HISTORICAL_SLEEPER_BASELINE,False
fie-final-league-board-v1,1399318410818519040,2026,00-0036569,00-0036569,7529,Gary Brightwell,CIN,RB,SEASON,M9,BLOCKED_STATISTICS,MARKET_FALLBACK,MARKET_BASE,MARKET_BASE,,,,,,,,,,145.29392965362956,,558.5,adp_ppr,,324.0,,,UNAVAILABLE,False,10.0,True,True,,False,False,False,0.0,0.0,0.0,"['M9_PRODUCTION_MODEL', 'CURRENT_PLAYER_MATCH']",,,,position_not_validated,0.0348981416554671,-0.0152697956717366,0.0855212615803308,3.0,4.0,M9.1c,,,,,,,,,UNRANKED,BASELINE_ONLY,False,False,NO_PROFILE,BLOCKED_MISSING_HISTORICAL_SLEEPER_BASELINE,False
fie-final-league-board-v1,1399318410818519040,2026,00-0039299,00-0039299,12048,George Holani,SEA,RB,SEASON,M9,BLOCKED_STATISTICS,FIE_M9_DIAGNOSTIC_MARKET_ANCHORED,DIAGNOSTIC_MARKET_ANCHORED,DIAGNOSTIC_MARKET_ANCHORED,-1.5389619649290722,-0.0905271744075925,-21.764965723053347,-13.1743656295599,-2.833946441489396,8.674155527008356,19.927218148204503,,515.0,145.29392965362956,-146.83289161855862,,adp_ppr,,,,,IRRELEVANT,False,64.0,True,True,,False,False,False,,,,"['LEAGUE_SPECIFIC_VORP', 'M9_PRODUCTION_MODEL', 'CURRENT_PLAYER_MATCH']",,,,position_not_validated,0.0348981416554671,-0.0152697956717366,0.0855212615803308,3.0,4.0,M9.1c,17.51647031998176,-7.683529680018239,26.344363233997974,-0.8198414019737489,0.1818181818181818,0.6363636363636364,0.7248612905677585,11.000000000000004,DEPTH,RESEARCH_ONLY_EXACT_REPLAY,True,False,STABLE_TEAM,BLOCKED_MISSING_HISTORICAL_SLEEPER_BASELINE,True
fie-final-league-board-v1,1399318410818519040,2026,00-0038738,00-0038738,11510,Hunter Luepke,DAL,RB,SEASON,M9,BLOCKED_STATISTICS,FIE_M9_DIAGNOSTIC_MARKET_ANCHORED,DIAGNOSTIC_MARKET_ANCHORED,DIAGNOSTIC_MARKET_ANCHORED,21.29288504108557,1.2525226494756216,2.0206570095855234,9.981669284437878,19.933791261018484,30.91193439744253,42.00995586728995,,450.0,145.29392965362956,-124.001044612544,666.0,adp_ppr,,423.0,,-27.0,IRRELEVANT,False,65.0,True,True,,False,False,False,0.0,0.0,0.0,"['LEAGUE_SPECIFIC_VORP', 'M9_PRODUCTION_MODEL', 'CURRENT_PLAYER_MATCH']",,,,position_not_validated,0.0348981416554671,-0.0152697956717366,0.0855212615803308,3.0,4.0,M9.1c,9.291836684733926,0.2918366847339264,49.17621024001262,0.0,0.5454545454545454,0.0909090909090908,0.972788949113087,1.0,DEPTH,RESEARCH_ONLY_EXACT_REPLAY,True,False,STABLE_TEAM,BLOCKED_MISSING_HISTORICAL_SLEEPER_BASELINE,True
fie-final-league-board-v1,1399318410818519040,2026,00-0039363,00-0039363,11651,Isaac Guerendo,SF,RB,SEASON,M9,BLOCKED_STATISTICS,FIE_M9_DIAGNOSTIC_MARKET_ANCHORED,DIAGNOSTIC_MARKET_ANCHORED,DIAGNOSTIC_MARKET_ANCHORED,-20.275397355553338,-1.192670432679608,-38.54694069866366,-31.233303361015235,-21.66341489926156,-11.04337123000072,0.1432632823210262,,525.0,145.29392965362956,-165.5693270091829,,adp_ppr,,,,,IRRELEVANT,False,63.0,True,True,,False,False,False,,,,"['LEAGUE_SPECIFIC_VORP', 'M9_PRODUCTION_MODEL', 'CURRENT_PLAYER_MATCH']",,,,position_not_validated,0.0348981416554671,-0.0152697956717366,0.0855212615803308,3.0,4.0,M9.1c,5.956462031040778,-0.243537968959222,7.607927843373713,-0.6744907594765951,0.1818181818181818,0.6363636363636364,0.9741518758368882,1.0,DEPTH,RESEARCH_ONLY_EXACT_REPLAY,True,False,STABLE_TEAM,BLOCKED_MISSING_HISTORICAL_SLEEPER_BASELINE,True
fie-final-league-board-v1,1399318410818519040,2026,00-0039798,00-0039798,11571,Isaiah Davis,NYJ,RB,SEASON,M9,BLOCKED_STATISTICS,FIE_M9_DIAGNOSTIC_MARKET_ANCHORED,DIAGNOSTIC_MARKET_ANCHORED,DIAGNOSTIC_MARKET_ANCHORED,38.72495325525232,2.2779384267795484,15.19191088667808,25.39471051592904,37.86805980104363,50.71735634680151,63.518077931680935,,379.0,145.29392965362956,-106.56897639837725,,adp_ppr,,,,,IRRELEVANT,False,66.0,True,True,,False,False,False,,,,"['LEAGUE_SPECIFIC_VORP', 'M9_PRODUCTION_MODEL', 'CURRENT_PLAYER_MATCH']",,,,position_not_validated,0.0348981416554671,-0.0152697956717366,0.0855212615803308,3.0,4.0,M9.1c,58.92732891159877,-1.5726710884012365,66.60827845417937,-0.3598817393436082,0.4444444444444444,0.1111111111111111,0.8500924802168831,4.299999999999997,COMMITTEE_FRINGE,RESEARCH_ONLY_EXACT_REPLAY,True,False,STABLE_TEAM,BLOCKED_MISSING_HISTORICAL_SLEEPER_BASELINE,True
fie-final-league-board-v1,1399318410818519040,2026,00-0038389,00-0038389,9227,Israel Abanikanda,DAL,RB,SEASON,M9,BLOCKED_STATISTICS,MARKET_FALLBACK,MARKET_BASE,MARKET_BASE,,,,,,,,,,145.29392965362956,,,adp_ppr,,,,,UNAVAILABLE,False,10.0,True,True,,False,False,False,,,,"['M9_PRODUCTION_MODEL', 'CURRENT_PLAYER_MATCH']",,,,position_not_validated,0.0348981416554671,-0.0152697956717366,0.0855212615803308,3.0,4.0,M9.1c,,,,,,,,,UNRANKED,BASELINE_ONLY,False,False,NO_PROFILE,BLOCKED_MISSING_HISTORICAL_SLEEPER_BASELINE,False
fie-final-league-board-v1,1399318410818519040,2026,00-0034378,00-0034378,5004,Ito Smith,DAL,RB,SEASON,M9,BLOCKED_STATISTICS,MARKET_FALLBACK,MARKET_BASE,MARKET_BASE,,,,,,,,,,145.29392965362956,,681.3,adp_ppr,,459.0,,,UNAVAILABLE,False,10.0,True,True,,False,False,False,0.0,0.0,0.0,"['M9_PRODUCTION_MODEL', 'CURRENT_PLAYER_MATCH']",,,,position_not_validated,0.0348981416554671,-0.0152697956717366,0.0855212615803308,3.0,4.0,M9.1c,,,,,,,,,UNRANKED,BASELINE_ONLY,False,False,NO_PROFILE,BLOCKED_MISSING_HISTORICAL_SLEEPER_BASELINE,False
fie-final-league-board-v1,1399318410818519040,2026,00-0041217,00-0041217,13348,J'Mari Taylor,JAX,RB,SEASON,M9,BLOCKED_STATISTICS,FIE_M9_DIAGNOSTIC_MARKET_ANCHORED,DIAGNOSTIC_MARKET_ANCHORED,DIAGNOSTIC_MARKET_ANCHORED,30.7,1.8058823529411765,10.02816986442478,18.50638836139209,29.329787649725173,41.367714997403695,53.41064217909543,,406.0,145.29392965362956,-114.59392965362956,,adp_ppr,,,,,IRRELEVANT,False,62.0,True,True,,False,False,False,,,,"['LEAGUE_SPECIFIC_VORP', 'M9_PRODUCTION_MODEL', 'CURRENT_PLAYER_MATCH']",,,,position_not_validated,0.0348981416554671,-0.0152697956717366,0.0855212615803308,3.0,4.0,M9.1c,30.7,0.0,,,,,,,COMMITTEE_FRINGE,BASELINE_ONLY,False,False,NO_PROFILE,BLOCKED_MISSING_HISTORICAL_SLEEPER_BASELINE,False
fie-final-league-board-v1,1399318410818519040,2026,00-0040332,00-0040332,12479,Ja'Quinden Jackson,PHI,RB,SEASON,M9,BLOCKED_STATISTICS,MARKET_FALLBACK,MARKET_BASE,MARKET_BASE,,,,,,,,,,145.29392965362956,,,adp_ppr,,,,,UNAVAILABLE,False,10.0,True,True,,False,False,False,,,,"['M9_PRODUCTION_MODEL', 'CURRENT_PLAYER_MATCH']",,,,position_not_validated,0.0348981416554671,-0.0152697956717366,0.0855212615803308,3.0,4.0,M9.1c,,,,,,,,,UNRANKED,BASELINE_ONLY,False,False,NO_PROFILE,BLOCKED_MISSING_HISTORICAL_SLEEPER_BASELINE,False
fie-final-league-board-v1,1399318410818519040,2026,00-0035806,00-0035806,6996,JaMycal Hasty,NE,RB,SEASON,M9,BLOCKED_STATISTICS,MARKET_FALLBACK,MARKET_BASE,MARKET_BASE,,,,,,,,,,145.29392965362956,,625.0,adp_ppr,,360.0,,,UNAVAILABLE,False,10.0,True,True,,False,False,False,0.0,0.0,0.0,"['M9_PRODUCTION_MODEL', 'CURRENT_PLAYER_MATCH']",,,,position_not_validated,0.0348981416554671,-0.0152697956717366,0.0855212615803308,3.0,4.0,M9.1c,,,,,,,,,UNRANKED,BASELINE_ONLY,False,False,NO_PROFILE,BLOCKED_MISSING_HISTORICAL_SLEEPER_BASELINE,False
fie-final-league-board-v1,1399318410818519040,2026,00-0039652,00-0039652,12356,Jabari Small,DET,RB,SEASON,M9,BLOCKED_STATISTICS,MARKET_FALLBACK,MARKET_BASE,MARKET_BASE,,,,,,,,,,145.29392965362956,,491.0,adp_ppr,,300.0,,,UNAVAILABLE,False,10.0,True,True,,False,False,False,0.0,0.0,0.0,"['M9_PRODUCTION_MODEL', 'CURRENT_PLAYER_MATCH']",,,,position_not_validated,0.0348981416554671,-0.0152697956717366,0.0855212615803308,3.0,4.0,M9.1c,,,,,,,,,UNRANKED,BASELINE_ONLY,False,False,NO_PROFILE,BLOCKED_MISSING_HISTORICAL_SLEEPER_BASELINE,False
fie-final-league-board-v1,1399318410818519040,2026,00-0040067,00-0040067,13047,Jacardia Wright,SEA,RB,SEASON,M9,BLOCKED_STATISTICS,FIE_M9_DIAGNOSTIC_MARKET_ANCHORED,DIAGNOSTIC_MARKET_ANCHORED,DIAGNOSTIC_MARKET_ANCHORED,29.88380712318664,1.7578710072462729,11.442263631282202,18.902860723671605,28.307765034082284,39.12736653215255,50.153387431324944,,409.0,145.29392965362956,-115.41012253044292,677.2,adp_ppr,,450.0,,41.0,IRRELEVANT,False,62.0,True,True,,False,False,False,0.0,0.0,0.0,"['LEAGUE_SPECIFIC_VORP', 'M9_PRODUCTION_MODEL', 'CURRENT_PLAYER_MATCH']",,,,position_not_validated,0.0348981416554671,-0.0152697956717366,0.0855212615803308,3.0,4.0,M9.1c,4.78843975777736,0.4884397577773605,57.767132322113696,0.2520593603271342,0.7272727272727273,0.4545454545454546,0.9768795155547204,1.0,DEPTH,RESEARCH_ONLY_EXACT_REPLAY,True,False,STABLE_TEAM,BLOCKED_MISSING_HISTORICAL_SLEEPER_BASELINE,True
fie-final-league-board-v1,1399318410818519040,2026,00-0038896,00-0038896,11237,Jacob Saylors,DET,RB,SEASON,M9,BLOCKED_STATISTICS,FIE_M9_DIAGNOSTIC_MARKET_ANCHORED,DIAGNOSTIC_MARKET_ANCHORED,DIAGNOSTIC_MARKET_ANCHORED,-19.756739566550536,-1.162161150973561,-39.96193316354439,-31.654362173191004,-21.131478225495705,-9.53015813499961,2.2231617220251394,,523.0,145.29392965362956,-165.0506692201801,,adp_ppr,,,,,IRRELEVANT,False,64.0,True,True,,False,False,False,,,,"['LEAGUE_SPECIFIC_VORP', 'M9_PRODUCTION_MODEL', 'CURRENT_PLAYER_MATCH']",,,,position_not_validated,0.0348981416554671,-0.0152697956717366,0.0855212615803308,3.0,4.0,M9.1c,23.2,-2.3000000000000007,8.126585632376523,-1.4629164804988608,0.1111111111111111,0.7777777777777778,0.8178023616618633,2.3000000000000007,COMMITTEE_FRINGE,RESEARCH_ONLY_EXACT_REPLAY,True,False,STABLE_TEAM,BLOCKED_MISSING_HISTORICAL_SLEEPER_BASELINE,True
fie-final-league-board-v1,1399318410818519040,2026,13906,,13906,Jaden Nixon,GB,RB,SEASON,M9,BLOCKED_STATISTICS,MARKET_FALLBACK,MARKET_BASE,MARKET_BASE,,,,,,,,,,145.29392965362956,,655.5,adp_ppr,,410.0,,,UNAVAILABLE,False,10.0,True,True,,False,False,False,0.0,0.0,0.0,"['M9_PRODUCTION_MODEL', 'CURRENT_PLAYER_MATCH']",,,,position_not_validated,0.0348981416554671,-0.0152697956717366,0.0855212615803308,3.0,4.0,M9.1c,,,,,,,,,UNRANKED,BASELINE_ONLY,False,False,NO_PROFILE,BLOCKED_MISSING_HISTORICAL_SLEEPER_BASELINE,False
fie-final-league-board-v1,1399318410818519040,2026,00-0038794,00-0038794,11439,Jaleel McLaughlin,DEN,RB,SEASON,M9,BLOCKED_STATISTICS,FIE_M9_DIAGNOSTIC_MARKET_ANCHORED,DIAGNOSTIC_MARKET_ANCHORED,DIAGNOSTIC_MARKET_ANCHORED,40.89323956958995,2.405484680564115,22.070734352985934,29.657380039788222,39.2936178640507,50.33926973330928,61.51512509682001,,366.0,145.29392965362956,-104.4006900840396,,adp_ppr,,,,,IRRELEVANT,False,64.0,True,True,,False,False,False,,,,"['LEAGUE_SPECIFIC_VORP', 'M9_PRODUCTION_MODEL', 'CURRENT_PLAYER_MATCH']",,,,position_not_validated,0.0348981416554671,-0.0152697956717366,0.0855212615803308,3.0,4.0,M9.1c,8.465977041298334,0.9659770412983342,68.776564768517,0.9791259822573348,0.7272727272727273,0.4545454545454546,0.9659770412983336,1.0,DEPTH,RESEARCH_ONLY_EXACT_REPLAY,True,False,STABLE_TEAM,BLOCKED_MISSING_HISTORICAL_SLEEPER_BASELINE,True
fie-final-league-board-v1,1399318410818519040,2026,00-0033025,00-0033025,3868,Jalen Richard,LV,RB,SEASON,M9,BLOCKED_STATISTICS,MARKET_FALLBACK,MARKET_BASE,MARKET_BASE,,,,,,,,,,145.29392965362956,,641.3,adp_ppr,,385.0,,,UNAVAILABLE,False,10.0,True,True,,False,False,False,0.0,0.0,0.0,"['M9_PRODUCTION_MODEL', 'CURRENT_PLAYER_MATCH']",,,,position_not_validated,0.0348981416554671,-0.0152697956717366,0.0855212615803308,3.0,4.0,M9.1c,,,,,,,,,UNRANKED,BASELINE_ONLY,False,False,NO_PROFILE,BLOCKED_MISSING_HISTORICAL_SLEEPER_BASELINE,False
fie-final-league-board-v1,1399318410818519040,2026,00-0041244,00-0041244,13946,Jamal Haynes,CIN,RB,SEASON,M9,BLOCKED_STATISTICS,FIE_M9_DIAGNOSTIC_MARKET_ANCHORED,DIAGNOSTIC_MARKET_ANCHORED,DIAGNOSTIC_MARKET_ANCHORED,4.0,0.2352941176470587,-14.300719208333792,-6.662081182874349,2.7461310762088544,13.20558633221269,23.80460468616157,,505.0,145.29392965362956,-141.29392965362956,,adp_ppr,,,,,IRRELEVANT,False,62.0,True,True,,False,False,False,,,,"['LEAGUE_SPECIFIC_VORP', 'M9_PRODUCTION_MODEL', 'CURRENT_PLAYER_MATCH']",,,,position_not_validated,0.0348981416554671,-0.0152697956717366,0.0855212615803308,3.0,4.0,M9.1c,4.0,0.0,,,,,,,DEPTH,BASELINE_ONLY,False,False,NO_PROFILE,BLOCKED_MISSING_HISTORICAL_SLEEPER_BASELINE,False
fie-final-league-board-v1,1399318410818519040,2026,00-0033553,00-0033553,4137,James Conner,ARI,RB,SEASON,M9,BLOCKED_STATISTICS,FIE_M9_DIAGNOSTIC_MARKET_ANCHORED,DIAGNOSTIC_MARKET_ANCHORED,DIAGNOSTIC_MARKET_ANCHORED,134.94730325862852,7.938076662272266,111.99866424806868,121.5825625438266,133.90893499898883,146.71213594413962,159.87780747994924,,163.0,145.29392965362956,-10.34662639500104,231.6,adp_ppr,,211.0,,48.0,IRRELEVANT,False,62.0,True,True,,False,False,False,1.1999999999999886,1.1999999999999886,1.1999999999999886,"['LEAGUE_SPECIFIC_VORP', 'M9_PRODUCTION_MODEL', 'CURRENT_PLAYER_MATCH']",,,,position_not_validated,0.0348981416554671,-0.0152697956717366,0.0855212615803308,3.0,4.0,M9.1c,59.84543455529069,2.6454345552906844,162.83062845755558,0.1390293539848546,0.6363636363636364,0.2727272727272727,0.499138595337865,22.65086245547693,DEPTH,RESEARCH_ONLY_EXACT_REPLAY,True,False,STABLE_TEAM,BLOCKED_MISSING_HISTORICAL_SLEEPER_BASELINE,True
fie-final-league-board-v1,1399318410818519040,2026,00-0040692,00-0040692,11569,Jarquez Hunter,MIA,RB,SEASON,M9,BLOCKED_STATISTICS,FIE_M9_DIAGNOSTIC_MARKET_ANCHORED,DIAGNOSTIC_MARKET_ANCHORED,DIAGNOSTIC_MARKET_ANCHORED,9.6,0.5647058823529412,-9.09432594551216,-1.5348068886767583,8.169179371668953,19.07509370317512,30.306638164117658,,484.0,145.29392965362956,-135.69392965362957,240.6,adp_ppr,,228.0,,-256.0,IRRELEVANT,False,62.0,True,True,,False,False,False,0.0,0.0,0.0,"['LEAGUE_SPECIFIC_VORP', 'M9_PRODUCTION_MODEL', 'CURRENT_PLAYER_MATCH']",,,,position_not_validated,0.0348981416554671,-0.0152697956717366,0.0855212615803308,3.0,4.0,M9.1c,9.6,0.0,,,,,,,DEPTH,BASELINE_ONLY,False,False,NO_PROFILE,BLOCKED_MISSING_HISTORICAL_SLEEPER_BASELINE,False
fie-final-league-board-v1,1399318410818519040,2026,00-0037410,00-0037410,8194,Jashaun Corbin,DAL,RB,SEASON,M9,BLOCKED_STATISTICS,MARKET_FALLBACK,MARKET_BASE,MARKET_BASE,,,,,,,,,,145.29392965362956,,,adp_ppr,,,,,UNAVAILABLE,False,10.0,True,True,,False,False,False,,,,"['M9_PRODUCTION_MODEL', 'CURRENT_PLAYER_MATCH']",,,,position_not_validated,0.0348981416554671,-0.0152697956717366,0.0855212615803308,3.0,4.0,M9.1c,,,,,,,,,UNRANKED,BASELINE_ONLY,False,False,NO_PROFILE,BLOCKED_MISSING_HISTORICAL_SLEEPER_BASELINE,False
fie-final-league-board-v1,1399318410818519040,2026,00-0039874,00-0039874,11643,Jaylen Wright,MIA,RB,SEASON,M9,BLOCKED_STATISTICS,FIE_M9_DIAGNOSTIC_MARKET_ANCHORED,DIAGNOSTIC_MARKET_ANCHORED,DIAGNOSTIC_MARKET_ANCHORED,77.54679016622492,4.561575892130879,55.3086884483874,64.88435670635961,75.95538881330725,88.96660731207803,101.76317349168576,,248.0,145.29392965362956,-67.74713948740464,247.9,adp_ppr,,242.0,,-6.0,IRRELEVANT,False,64.0,True,True,,False,False,False,0.0,0.0,0.0,"['LEAGUE_SPECIFIC_VORP', 'M9_PRODUCTION_MODEL', 'CURRENT_PLAYER_MATCH']",,,,position_not_validated,0.0348981416554671,-0.0152697956717366,0.0855212615803308,3.0,4.0,M9.1c,47.2552273557542,3.1552273557541994,105.43011536515198,0.9950341138380964,1.0,1.0,0.7695676477449285,8.399999999999999,COMMITTEE_FRINGE,RESEARCH_ONLY_EXACT_REPLAY,True,False,STABLE_TEAM,BLOCKED_MISSING_HISTORICAL_SLEEPER_BASELINE,True
fie-final-league-board-v1,1399318410818519040,2026,00-0033955,00-0033955,4219,Jeremy McNichols,WAS,RB,SEASON,M9,BLOCKED_STATISTICS,FIE_M9_DIAGNOSTIC_MARKET_ANCHORED,DIAGNOSTIC_MARKET_ANCHORED,DIAGNOSTIC_MARKET_ANCHORED,39.64158228196455,2.3318577812920327,20.708707236817297,28.448264570786883,38.21189003781911,49.33184503179068,60.3930143958721,,374.0,145.29392965362956,-105.652347371665,,adp_ppr,,,,,IRRELEVANT,False,66.0,True,True,,False,False,False,,,,"['LEAGUE_SPECIFIC_VORP', 'M9_PRODUCTION_MODEL', 'CURRENT_PLAYER_MATCH']",,,,position_not_validated,0.0348981416554671,-0.0152697956717366,0.0855212615803308,3.0,4.0,M9.1c,9.733659716151452,0.3336597161514518,67.5249074808916,1.003560524694502,0.8181818181818182,0.6363636363636365,0.9533134747184324,1.0,DEPTH,RESEARCH_ONLY_EXACT_REPLAY,True,False,STABLE_TEAM,BLOCKED_MISSING_HISTORICAL_SLEEPER_BASELINE,True
fie-final-league-board-v1,1399318410818519040,2026,00-0036670,00-0036670,7599,Jermar Jefferson,MIN,RB,SEASON,M9,BLOCKED_STATISTICS,MARKET_FALLBACK,MARKET_BASE,MARKET_BASE,,,,,,,,,,145.29392965362956,,653.9,adp_ppr,,408.0,,,UNAVAILABLE,False,10.0,True,True,,False,False,False,0.0,0.0,0.0,"['M9_PRODUCTION_MODEL', 'CURRENT_PLAYER_MATCH']",,,,position_not_validated,0.0348981416554671,-0.0152697956717366,0.0855212615803308,3.0,4.0,M9.1c,,,,,,,,,UNRANKED,BASELINE_ONLY,False,False,NO_PROFILE,BLOCKED_MISSING_HISTORICAL_SLEEPER_BASELINE,False
fie-final-league-board-v1,1399318410818519040,2026,00-0037267,00-0037267,8143,Jerome Ford,WAS,RB,SEASON,M9,BLOCKED_STATISTICS,MARKET_FALLBACK,MARKET_BASE,MARKET_BASE,,,,,,,,,,145.29392965362956,,,adp_ppr,,,,,UNAVAILABLE,False,13.0,True,True,,False,False,False,,,,"['M9_PRODUCTION_MODEL', 'CURRENT_PLAYER_MATCH']",,,,position_not_validated,0.0348981416554671,-0.0152697956717366,0.0855212615803308,3.0,4.0,M9.1c,,,,,,,,,UNRANKED,BASELINE_ONLY,False,False,NO_PROFILE,BLOCKED_MISSING_HISTORICAL_SLEEPER_BASELINE,False
fie-final-league-board-v1,1399318410818519040,2026,00-0040177,00-0040177,12467,Jordan James,SF,RB,SEASON,M9,BLOCKED_STATISTICS,FIE_M9_DIAGNOSTIC_MARKET_ANCHORED,DIAGNOSTIC_MARKET_ANCHORED,DIAGNOSTIC_MARKET_ANCHORED,59.7,3.511764705882353,36.03584927882427,46.42508877987273,58.51645670028118,72.06473036942496,84.63185052808628,,317.0,145.29392965362956,-85.59392965362956,,adp_ppr,,,,,IRRELEVANT,False,62.0,True,True,,False,False,False,,,,"['LEAGUE_SPECIFIC_VORP', 'M9_PRODUCTION_MODEL', 'CURRENT_PLAYER_MATCH']",,,,position_not_validated,0.0348981416554671,-0.0152697956717366,0.0855212615803308,3.0,4.0,M9.1c,59.7,0.0,,,,,,,COMMITTEE_FRINGE,BASELINE_ONLY,False,False,NO_PROFILE,BLOCKED_MISSING_HISTORICAL_SLEEPER_BASELINE,False
fie-final-league-board-v1,1399318410818519040,2026,00-0038678,00-0038678,11378,Jordan Mims,PHI,RB,SEASON,M9,BLOCKED_STATISTICS,MARKET_FALLBACK,MARKET_BASE,MARKET_BASE,,,,,,,,,,145.29392965362956,,463.7,adp_ppr,,289.0,,,UNAVAILABLE,False,10.0,True,True,,False,False,False,0.0,0.0,0.0,"['M9_PRODUCTION_MODEL', 'CURRENT_PLAYER_MATCH']",,,,position_not_validated,0.0348981416554671,-0.0152697956717366,0.0855212615803308,3.0,4.0,M9.1c,,,,,,,,,UNRANKED,BASELINE_ONLY,False,False,NO_PROFILE,BLOCKED_MISSING_HISTORICAL_SLEEPER_BASELINE,False
fie-final-league-board-v1,1399318410818519040,2026,00-0035275,00-0035275,6167,Jordan Scarlett,MIA,RB,SEASON,M9,BLOCKED_STATISTICS,MARKET_FALLBACK,MARKET_BASE,MARKET_BASE,,,,,,,,,,145.29392965362956,,619.0,adp_ppr,,355.0,,,UNAVAILABLE,False,10.0,True,True,,False,False,False,0.0,0.0,0.0,"['M9_PRODUCTION_MODEL', 'CURRENT_PLAYER_MATCH']",,,,position_not_validated,0.0348981416554671,-0.0152697956717366,0.0855212615803308,3.0,4.0,M9.1c,,,,,,,,,UNRANKED,BASELINE_ONLY,False,False,NO_PROFILE,BLOCKED_MISSING_HISTORICAL_SLEEPER_BASELINE,False
fie-final-league-board-v1,1399318410818519040,2026,13010,,13010,Jordan Waters,LAR,RB,SEASON,M9,BLOCKED_STATISTICS,MARKET_FALLBACK,MARKET_BASE,MARKET_BASE,,,,,,,,,,145.29392965362956,,,adp_ppr,,,,,UNAVAILABLE,False,10.0,True,True,,False,False,False,,,,"['M9_PRODUCTION_MODEL', 'CURRENT_PLAYER_MATCH']",,,,position_not_validated,0.0348981416554671,-0.0152697956717366,0.0855212615803308,3.0,4.0,M9.1c,,,,,,,,,UNRANKED,BASELINE_ONLY,False,False,NO_PROFILE,BLOCKED_MISSING_HISTORICAL_SLEEPER_BASELINE,False
fie-final-league-board-v1,1399318410818519040,2026,00-0040429,00-0040429,12787,Josh Williams,TB,RB,SEASON,M9,BLOCKED_STATISTICS,MARKET_FALLBACK,MARKET_BASE,MARKET_BASE,,,,,,,,,,145.29392965362956,,655.4,adp_ppr,,409.0,,,UNAVAILABLE,False,10.0,True,True,,False,False,False,0.0,0.0,0.0,"['M9_PRODUCTION_MODEL', 'CURRENT_PLAYER_MATCH']",,,,position_not_validated,0.0348981416554671,-0.0152697956717366,0.0855212615803308,3.0,4.0,M9.1c,,,,,,,,,UNRANKED,BASELINE_ONLY,False,False,NO_PROFILE,BLOCKED_MISSING_HISTORICAL_SLEEPER_BASELINE,False
fie-final-league-board-v1,1399318410818519040,2026,00-0037594,00-0037594,8254,Julius Chestnut,TEN,RB,SEASON,M9,BLOCKED_STATISTICS,FIE_M9_DIAGNOSTIC_MARKET_ANCHORED,DIAGNOSTIC_MARKET_ANCHORED,DIAGNOSTIC_MARKET_ANCHORED,-18.38333092522872,-1.081372407366395,-37.01316007043363,-29.34975491603384,-19.64488980087888,-9.125098986666728,1.6828994330152582,,521.0,145.29392965362956,-163.6772605788583,,adp_ppr,,,,,IRRELEVANT,False,66.0,True,True,,False,False,False,,,,"['LEAGUE_SPECIFIC_VORP', 'M9_PRODUCTION_MODEL', 'CURRENT_PLAYER_MATCH']",,,,position_not_validated,0.0348981416554671,-0.0152697956717366,0.0855212615803308,3.0,4.0,M9.1c,5.111892465313643,-0.4881075346863568,9.499994273698336,-0.6667013791153112,0.3636363636363636,0.2727272727272727,0.9762150693727144,1.0,DEPTH,RESEARCH_ONLY_EXACT_REPLAY,True,False,STABLE_TEAM,BLOCKED_MISSING_HISTORICAL_SLEEPER_BASELINE,True
fie-final-league-board-v1,1399318410818519040,2026,00-0034975,00-0034975,5995,Justice Hill,BAL,RB,SEASON,M9,BLOCKED_STATISTICS,FIE_M9_DIAGNOSTIC_MARKET_ANCHORED,DIAGNOSTIC_MARKET_ANCHORED,DIAGNOSTIC_MARKET_ANCHORED,71.85288559607679,4.226640329180988,47.77867351658238,58.08744605755324,70.67844273202768,84.60557776404146,97.4304059760759,,271.0,145.29392965362956,-73.44104405755277,,adp_ppr,,,,,IRRELEVANT,False,64.0,True,True,,False,False,False,,,,"['LEAGUE_SPECIFIC_VORP', 'M9_PRODUCTION_MODEL', 'CURRENT_PLAYER_MATCH']",,,,position_not_validated,0.0348981416554671,-0.0152697956717366,0.0855212615803308,3.0,4.0,M9.1c,67.90323846077784,0.2032384607778397,99.73621079500384,0.0,0.5555555555555556,0.1111111111111111,0.8129538431113591,7.700000000000003,COMMITTEE_FRINGE,RESEARCH_ONLY_EXACT_REPLAY,True,False,STABLE_TEAM,BLOCKED_MISSING_HISTORICAL_SLEEPER_BASELINE,True
fie-final-league-board-v1,1399318410818519040,2026,14076,,14076,Justin Jones,SEA,RB,SEASON,M9,BLOCKED_STATISTICS,MARKET_FALLBACK,MARKET_BASE,MARKET_BASE,,,,,,,,,,145.29392965362956,,,adp_ppr,,,,,UNAVAILABLE,False,10.0,True,True,,False,False,False,,,,"['M9_PRODUCTION_MODEL', 'CURRENT_PLAYER_MATCH']",,,,position_not_validated,0.0348981416554671,-0.0152697956717366,0.0855212615803308,3.0,4.0,M9.1c,,,,,,,,,UNRANKED,BASELINE_ONLY,False,False,NO_PROFILE,BLOCKED_MISSING_HISTORICAL_SLEEPER_BASELINE,False
fie-final-league-board-v1,1399318410818519040,2026,00-0041096,00-0041096,13405,Kaytron Allen,WAS,RB,SEASON,M9,BLOCKED_STATISTICS,FIE_M9_DIAGNOSTIC_MARKET_ANCHORED,DIAGNOSTIC_MARKET_ANCHORED,DIAGNOSTIC_MARKET_ANCHORED,45.9,2.7,23.49109514840496,33.03595740482671,44.62099019818817,57.27510716751984,70.06190430513033,,346.0,145.29392965362956,-99.39392965362956,239.1,adp_ppr,,224.0,,-122.0,IRRELEVANT,False,62.0,True,True,,False,False,False,0.0,0.0,0.0,"['LEAGUE_SPECIFIC_VORP', 'M9_PRODUCTION_MODEL', 'CURRENT_PLAYER_MATCH']",,,,position_not_validated,0.0348981416554671,-0.0152697956717366,0.0855212615803308,3.0,4.0,M9.1c,45.9,0.0,,,,,,,COMMITTEE_FRINGE,BASELINE_ONLY,False,False,NO_PROFILE,BLOCKED_MISSING_HISTORICAL_SLEEPER_BASELINE,False
fie-final-league-board-v1,1399318410818519040,2026,00-0039266,00-0039266,11649,Kendall Milton,CIN,RB,SEASON,M9,BLOCKED_STATISTICS,MARKET_FALLBACK,MARKET_BASE,MARKET_BASE,,,,,,,,,,145.29392965362956,,598.3,adp_ppr,,338.0,,,UNAVAILABLE,False,10.0,True,True,,False,False,False,-89.0,-89.0,-89.0,"['M9_PRODUCTION_MODEL', 'CURRENT_PLAYER_MATCH']",,,,position_not_validated,0.0348981416554671,-0.0152697956717366,0.0855212615803308,3.0,4.0,M9.1c,,,,,,,,,UNRANKED,BASELINE_ONLY,False,False,NO_PROFILE,BLOCKED_MISSING_HISTORICAL_SLEEPER_BASELINE,False
fie-final-league-board-v1,1399318410818519040,2026,00-0038551,00-0038551,9757,Kendre Miller,NO,RB,SEASON,M9,BLOCKED_STATISTICS,FIE_M9_DIAGNOSTIC_MARKET_ANCHORED,DIAGNOSTIC_MARKET_ANCHORED,DIAGNOSTIC_MARKET_ANCHORED,57.17086365729629,3.3629919798409573,38.534147740094056,46.04993752630762,55.63441687603736,66.66524914049086,77.50395046874267,,322.0,145.29392965362956,-88.12306599633328,224.8,adp_ppr,,195.0,,-127.0,IRRELEVANT,False,63.0,True,True,,False,False,False,0.0,0.0,0.0,"['LEAGUE_SPECIFIC_VORP', 'M9_PRODUCTION_MODEL', 'CURRENT_PLAYER_MATCH']",,,,position_not_validated,0.0348981416554671,-0.0152697956717366,0.0855212615803308,3.0,4.0,M9.1c,5.892864520811814,0.2928645208118148,85.05418885622335,0.738114396580012,0.8181818181818182,0.6363636363636365,0.9762150693727144,1.0,DEPTH,RESEARCH_ONLY_EXACT_REPLAY,True,False,STABLE_TEAM,BLOCKED_MISSING_HISTORICAL_SLEEPER_BASELINE,True
fie-final-league-board-v1,1399318410818519040,2026,00-0036842,00-0036842,7720,Kene Nwangwu,NYJ,RB,SEASON,M9,BLOCKED_STATISTICS,MARKET_FALLBACK,MARKET_BASE,MARKET_BASE,,,,,,,,,,145.29392965362956,,,adp_ppr,,,,,UNAVAILABLE,False,12.0,True,True,,False,False,False,,,,"['M9_PRODUCTION_MODEL', 'CURRENT_PLAYER_MATCH']",,,,position_not_validated,0.0348981416554671,-0.0152697956717366,0.0855212615803308,3.0,4.0,M9.1c,,,,,,,,,UNRANKED,BASELINE_ONLY,False,False,NO_PROFILE,BLOCKED_MISSING_HISTORICAL_SLEEPER_BASELINE,False
fie-final-league-board-v1,1399318410818519040,2026,13436,,13436,Kentrel Bullock,CIN,RB,SEASON,M9,BLOCKED_STATISTICS,MARKET_FALLBACK,MARKET_BASE,MARKET_BASE,,,,,,,,,,145.29392965362956,,615.3,adp_ppr,,350.0,,,UNAVAILABLE,False,10.0,True,True,,False,False,False,0.0,0.0,0.0,"['M9_PRODUCTION_MODEL', 'CURRENT_PLAYER_MATCH']",,,,position_not_validated,0.0348981416554671,-0.0152697956717366,0.0855212615803308,3.0,4.0,M9.1c,,,,,,,,,UNRANKED,BASELINE_ONLY,False,False,NO_PROFILE,BLOCKED_MISSING_HISTORICAL_SLEEPER_BASELINE,False
fie-final-league-board-v1,1399318410818519040,2026,00-0035596,00-0035596,6175,Kerrith Whyte,GB,RB,SEASON,M9,BLOCKED_STATISTICS,MARKET_FALLBACK,MARKET_BASE,MARKET_BASE,,,,,,,,,,145.29392965362956,,686.0,adp_ppr,,471.0,,,UNAVAILABLE,False,10.0,True,True,,False,False,False,0.0,0.0,0.0,"['M9_PRODUCTION_MODEL', 'CURRENT_PLAYER_MATCH']",,,,position_not_validated,0.0348981416554671,-0.0152697956717366,0.0855212615803308,3.0,4.0,M9.1c,,,,,,,,,UNRANKED,BASELINE_ONLY,False,False,NO_PROFILE,BLOCKED_MISSING_HISTORICAL_SLEEPER_BASELINE,False
fie-final-league-board-v1,1399318410818519040,2026,00-0036906,00-0036906,7608,Khalil Herbert,SF,RB,SEASON,M9,BLOCKED_STATISTICS,MARKET_FALLBACK,MARKET_BASE,MARKET_BASE,,,,,,,,,,145.29392965362956,,,adp_ppr,,,,,UNAVAILABLE,False,11.0,True,True,,False,False,False,,,,"['M9_PRODUCTION_MODEL', 'CURRENT_PLAYER_MATCH']",,,,position_not_validated,0.0348981416554671,-0.0152697956717366,0.0855212615803308,3.0,4.0,M9.1c,,,,,,,,,UNRANKED,BASELINE_ONLY,False,False,NO_PROFILE,BLOCKED_MISSING_HISTORICAL_SLEEPER_BASELINE,False
fie-final-league-board-v1,1399318410818519040,2026,00-0039391,00-0039391,11647,Kimani Vidal,LAC,RB,SEASON,M9,BLOCKED_STATISTICS,FIE_M9_DIAGNOSTIC_MARKET_ANCHORED,DIAGNOSTIC_MARKET_ANCHORED,DIAGNOSTIC_MARKET_ANCHORED,114.38119428060628,6.728305545918016,91.09150754259176,101.01717115789016,113.32354038105936,126.2382817992498,139.17407760525873,,195.0,145.29392965362956,-30.91273537302328,237.8,adp_ppr,,221.0,,26.0,IRRELEVANT,False,65.0,True,True,,False,False,False,0.0,0.0,0.0,"['LEAGUE_SPECIFIC_VORP', 'M9_PRODUCTION_MODEL', 'CURRENT_PLAYER_MATCH']",,,,position_not_validated,0.0348981416554671,-0.0152697956717366,0.0855212615803308,3.0,4.0,M9.1c,63.8,3.799999999999997,142.26451947953333,1.215189869359984,0.8888888888888888,0.7777777777777777,0.8558421757205482,3.799999999999997,COMMITTEE_FRINGE,RESEARCH_ONLY_EXACT_REPLAY,True,False,STABLE_TEAM,BLOCKED_MISSING_HISTORICAL_SLEEPER_BASELINE,True
fie-final-league-board-v1,1399318410818519040,2026,00-0040568,00-0040568,12969,Lan Larison,NE,RB,SEASON,M9,BLOCKED_STATISTICS,MARKET_FALLBACK,MARKET_BASE,MARKET_BASE,,,,,,,,,,145.29392965362956,,,adp_ppr,,,,,UNAVAILABLE,False,10.0,True,True,,False,False,False,,,,"['M9_PRODUCTION_MODEL', 'CURRENT_PLAYER_MATCH']",,,,position_not_validated,0.0348981416554671,-0.0152697956717366,0.0855212615803308,3.0,4.0,M9.1c,,,,,,,,,UNRANKED,BASELINE_ONLY,False,False,NO_PROFILE,BLOCKED_MISSING_HISTORICAL_SLEEPER_BASELINE,False
fie-final-league-board-v1,1399318410818519040,2026,00-0040238,00-0040238,12544,LeQuint Allen,JAX,RB,SEASON,M9,BLOCKED_STATISTICS,FIE_M9_DIAGNOSTIC_MARKET_ANCHORED,DIAGNOSTIC_MARKET_ANCHORED,DIAGNOSTIC_MARKET_ANCHORED,14.083717327136869,0.8284539604198158,-8.74021694836948,0.9907193279888986,13.109295482700349,25.87933970071081,38.437247222349086,,462.0,145.29392965362956,-131.2102123264927,,adp_ppr,,,,,IRRELEVANT,False,66.0,True,True,,False,False,False,,,,"['LEAGUE_SPECIFIC_VORP', 'M9_PRODUCTION_MODEL', 'CURRENT_PLAYER_MATCH']",,,,position_not_validated,0.0348981416554671,-0.0152697956717366,0.0855212615803308,3.0,4.0,M9.1c,54.33230537144054,-1.8676946285594624,41.96704252606391,-0.6850914543585094,0.2222222222222222,0.5555555555555556,0.8686951760741707,3.799999999999997,COMMITTEE_FRINGE,RESEARCH_ONLY_EXACT_REPLAY,True,False,STABLE_TEAM,BLOCKED_MISSING_HISTORICAL_SLEEPER_BASELINE,True
fie-final-league-board-v1,1399318410818519040,2026,00-0038409,00-0038409,9510,Lew Nichols,PIT,RB,SEASON,M9,BLOCKED_STATISTICS,MARKET_FALLBACK,MARKET_BASE,MARKET_BASE,,,,,,,,,,145.29392965362956,,,adp_ppr,,,,,UNAVAILABLE,False,10.0,True,True,,False,False,False,,,,"['M9_PRODUCTION_MODEL', 'CURRENT_PLAYER_MATCH']",,,,position_not_validated,0.0348981416554671,-0.0152697956717366,0.0855212615803308,3.0,4.0,M9.1c,,,,,,,,,UNRANKED,BASELINE_ONLY,False,False,NO_PROFILE,BLOCKED_MISSING_HISTORICAL_SLEEPER_BASELINE,False
fie-final-league-board-v1,1399318410818519040,2026,00-0037563,00-0037563,8800,Malik Davis,DAL,RB,SEASON,M9,BLOCKED_STATISTICS,FIE_M9_DIAGNOSTIC_MARKET_ANCHORED,DIAGNOSTIC_MARKET_ANCHORED,DIAGNOSTIC_MARKET_ANCHORED,45.08965763278249,2.652332801928382,20.43649173592538,31.14955823439786,44.01815959802491,58.02731194395511,71.00637600001656,,348.0,145.29392965362956,-100.20427202084709,,adp_ppr,,,,,IRRELEVANT,False,64.0,True,True,,False,False,False,,,,"['LEAGUE_SPECIFIC_VORP', 'M9_PRODUCTION_MODEL', 'CURRENT_PLAYER_MATCH']",,,,position_not_validated,0.0348981416554671,-0.0152697956717366,0.0855212615803308,3.0,4.0,M9.1c,66.35316204672785,-8.04683795327216,72.97298283170954,-0.930761470472595,0.125,0.75,0.7184676743993009,9.300000000000004,STARTER,RESEARCH_ONLY_EXACT_REPLAY,True,False,STABLE_TEAM,BLOCKED_MISSING_HISTORICAL_SLEEPER_BASELINE,True
fie-final-league-board-v1,1399318410818519040,2026,00-0041081,00-0041081,13516,Max Bredeson,MIN,RB,SEASON,M9,BLOCKED_STATISTICS,FIE_M9_DIAGNOSTIC_MARKET_ANCHORED,DIAGNOSTIC_MARKET_ANCHORED,DIAGNOSTIC_MARKET_ANCHORED,3.8,0.2235294117647058,-14.538536226092743,-7.146207275615257,2.482902957536872,13.169509700500122,24.049478348178965,,507.0,145.29392965362956,-141.49392965362955,667.3,adp_ppr,,429.0,,-78.0,IRRELEVANT,False,62.0,True,True,,False,False,False,0.0,0.0,0.0,"['LEAGUE_SPECIFIC_VORP', 'M9_PRODUCTION_MODEL', 'CURRENT_PLAYER_MATCH']",,,,position_not_validated,0.0348981416554671,-0.0152697956717366,0.0855212615803308,3.0,4.0,M9.1c,3.8,0.0,,,,,,,DEPTH,BASELINE_ONLY,False,False,NO_PROFILE,BLOCKED_MISSING_HISTORICAL_SLEEPER_BASELINE,False
fie-final-league-board-v1,1399318410818519040,2026,00-0036006,00-0036006,6992,Michael Warren,DET,RB,SEASON,M9,BLOCKED_STATISTICS,MARKET_FALLBACK,MARKET_BASE,MARKET_BASE,,,,,,,,,,145.29392965362956,,384.2,adp_ppr,,270.0,,,UNAVAILABLE,False,10.0,True,True,,False,False,False,-44.400000000000034,-44.400000000000034,-44.400000000000034,"['M9_PRODUCTION_MODEL', 'CURRENT_PLAYER_MATCH']",,,,position_not_validated,0.0348981416554671,-0.0152697956717366,0.0855212615803308,3.0,4.0,M9.1c,,,,,,,,,UNRANKED,BASELINE_ONLY,False,False,NO_PROFILE,BLOCKED_MISSING_HISTORICAL_SLEEPER_BASELINE,False
fie-final-league-board-v1,1399318410818519040,2026,00-0036893,00-0036893,7528,Najee Harris,NYG,RB,SEASON,M9,BLOCKED_STATISTICS,FIE_M9_DIAGNOSTIC_MARKET_ANCHORED,DIAGNOSTIC_MARKET_ANCHORED,DIAGNOSTIC_MARKET_ANCHORED,26.3,1.5470588235294118,5.726414483544659,14.243093205402475,24.87000661945609,37.02650756234847,48.45334006413691,,426.0,145.29392965362956,-118.99392965362956,220.1,adp_ppr,,189.0,,-237.0,IRRELEVANT,False,55.0,True,True,,False,False,False,-0.4000000000000057,-0.4000000000000057,-0.4000000000000057,"['LEAGUE_SPECIFIC_VORP', 'M9_PRODUCTION_MODEL', 'CURRENT_PLAYER_MATCH']",,,,position_not_validated,0.0348981416554671,-0.0152697956717366,0.0855212615803308,3.0,4.0,M9.1c,29.4,3.1000000000000014,59.38406120846905,0.1891113082429335,0.7222222222222222,0.4444444444444444,0.7771149323890248,3.1000000000000014,COMMITTEE_FRINGE,RESEARCH_ONLY_TRANSITION_EXACT_REPLAY,True,True,NEW_TEAM_CONTEXT_REBUILT_V3,BLOCKED_MISSING_HISTORICAL_SLEEPER_BASELINE,True
fie-final-league-board-v1,1399318410818519040,2026,00-0040198,00-0040198,12495,Ollie Gordon,MIA,RB,SEASON,M9,BLOCKED_STATISTICS,FIE_M9_DIAGNOSTIC_MARKET_ANCHORED,DIAGNOSTIC_MARKET_ANCHORED,DIAGNOSTIC_MARKET_ANCHORED,22.62664062415648,1.3309788602444987,2.4188926707458087,11.010015982902368,21.168868372328333,32.87802982252626,44.53712673279321,,444.0,145.29392965362956,-122.66728902947308,,adp_ppr,,,,,IRRELEVANT,False,66.0,True,True,,False,False,False,,,,"['LEAGUE_SPECIFIC_VORP', 'M9_PRODUCTION_MODEL', 'CURRENT_PLAYER_MATCH']",,,,position_not_validated,0.0348981416554671,-0.0152697956717366,0.0855212615803308,3.0,4.0,M9.1c,23.80090635147136,0.6009063514713624,50.50996582308353,0.0,0.5555555555555556,0.1111111111111111,0.8012084686284808,3.8000000000000007,COMMITTEE_FRINGE,RESEARCH_ONLY_EXACT_REPLAY,True,False,STABLE_TEAM,BLOCKED_MISSING_HISTORICAL_SLEEPER_BASELINE,True
fie-final-league-board-v1,1399318410818519040,2026,00-0033376,00-0033376,4353,Patrick Ricard,NYG,RB,SEASON,M9,BLOCKED_STATISTICS,MARKET_FALLBACK,MARKET_BASE,MARKET_BASE,,,,,,,,,,145.29392965362956,,,adp_ppr,,,,,UNAVAILABLE,False,11.0,True,True,,False,False,False,,,,"['M9_PRODUCTION_MODEL', 'CURRENT_PLAYER_MATCH']",,,,position_not_validated,0.0348981416554671,-0.0152697956717366,0.0855212615803308,3.0,4.0,M9.1c,,,,,,,,,UNRANKED,BASELINE_ONLY,False,False,NO_PROFILE,BLOCKED_MISSING_HISTORICAL_SLEEPER_BASELINE,False
fie-final-league-board-v1,1399318410818519040,2026,00-0038098,00-0038098,8116,Pierre Strong,GB,RB,SEASON,M9,BLOCKED_STATISTICS,FIE_M9_DIAGNOSTIC_MARKET_ANCHORED,DIAGNOSTIC_MARKET_ANCHORED,DIAGNOSTIC_MARKET_ANCHORED,7.5,0.4411764705882353,-11.240405086496663,-3.3788382205489427,6.028940959114998,17.028460810405264,27.64331330306905,,487.0,145.29392965362956,-137.79392965362956,682.0,adp_ppr,,462.0,,-25.0,IRRELEVANT,False,62.0,True,True,,False,False,False,0.0,0.0,0.0,"['LEAGUE_SPECIFIC_VORP', 'M9_PRODUCTION_MODEL', 'CURRENT_PLAYER_MATCH']",,,,position_not_validated,0.0348981416554671,-0.0152697956717366,0.0855212615803308,3.0,4.0,M9.1c,7.5,0.0,,,,,,,DEPTH,BASELINE_ONLY,False,False,NO_PROFILE,BLOCKED_MISSING_HISTORICAL_SLEEPER_BASELINE,False
fie-final-league-board-v1,1399318410818519040,2026,00-0040466,00-0040466,12472,Raheim Sanders,CLE,RB,SEASON,M9,BLOCKED_STATISTICS,FIE_M9_DIAGNOSTIC_MARKET_ANCHORED,DIAGNOSTIC_MARKET_ANCHORED,DIAGNOSTIC_MARKET_ANCHORED,60.23906781292645,3.543474577230967,42.15365371255282,49.33830880190754,58.78867497188345,69.3915838565593,80.45362808872491,,315.0,145.29392965362956,-85.05486184070311,,adp_ppr,,,,,IRRELEVANT,False,63.0,True,True,,False,False,False,,,,"['LEAGUE_SPECIFIC_VORP', 'M9_PRODUCTION_MODEL', 'CURRENT_PLAYER_MATCH']",,,,position_not_validated,0.0348981416554671,-0.0152697956717366,0.0855212615803308,3.0,4.0,M9.1c,5.189129400922828,0.4891294009228275,88.1223930118535,0.8254116489307117,1.0,1.0,0.9782588018456556,1.0,DEPTH,RESEARCH_ONLY_EXACT_REPLAY,True,False,STABLE_TEAM,BLOCKED_MISSING_HISTORICAL_SLEEPER_BASELINE,True
fie-final-league-board-v1,1399318410818519040,2026,00-0039796,00-0039796,11570,Rasheen Ali,BAL,RB,SEASON,M9,BLOCKED_STATISTICS,FIE_M9_DIAGNOSTIC_MARKET_ANCHORED,DIAGNOSTIC_MARKET_ANCHORED,DIAGNOSTIC_MARKET_ANCHORED,0.5966415768232167,0.0350965633425421,-21.16202365501253,-12.152274244473476,-0.6505740109664515,11.681289289041388,24.04980455741172,,513.0,145.29392965362956,-144.69728807680633,,adp_ppr,,,,,IRRELEVANT,False,65.0,True,True,,False,False,False,,,,"['LEAGUE_SPECIFIC_VORP', 'M9_PRODUCTION_MODEL', 'CURRENT_PLAYER_MATCH']",,,,position_not_validated,0.0348981416554671,-0.0152697956717366,0.0855212615803308,3.0,4.0,M9.1c,31.38908534686163,-7.310914653138372,28.47996677575027,-0.6744907594765953,0.2222222222222222,0.5555555555555556,0.7460116992998341,8.700000000000003,COMMITTEE_FRINGE,RESEARCH_ONLY_EXACT_REPLAY,True,False,STABLE_TEAM,BLOCKED_MISSING_HISTORICAL_SLEEPER_BASELINE,True
fie-final-league-board-v1,1399318410818519040,2026,00-0039875,00-0039875,11575,Ray Davis,BUF,RB,SEASON,M9,BLOCKED_STATISTICS,FIE_M9_DIAGNOSTIC_MARKET_ANCHORED,DIAGNOSTIC_MARKET_ANCHORED,DIAGNOSTIC_MARKET_ANCHORED,25.55654676631833,1.5033262803716665,1.5991280693522754,12.00024609841445,24.28307822410289,37.86354962126933,50.84985042255616,,430.0,145.29392965362956,-119.73738288731124,224.3,adp_ppr,,194.0,,-236.0,IRRELEVANT,False,66.0,True,True,,False,False,False,0.6000000000000227,0.6000000000000227,0.6000000000000227,"['LEAGUE_SPECIFIC_VORP', 'M9_PRODUCTION_MODEL', 'CURRENT_PLAYER_MATCH']",,,,position_not_validated,0.0348981416554671,-0.0152697956717366,0.0855212615803308,3.0,4.0,M9.1c,60.17984610016845,-4.92015389983154,53.43987196524539,-0.8346519631971084,0.1111111111111111,0.7777777777777778,0.8410519486891529,5.099999999999994,COMMITTEE_FRINGE,RESEARCH_ONLY_EXACT_REPLAY,True,False,STABLE_TEAM,BLOCKED_MISSING_HISTORICAL_SLEEPER_BASELINE,True
fie-final-league-board-v1,1399318410818519040,2026,00-0036187,00-0036187,7204,Reggie Gilliam,NE,RB,SEASON,M9,BLOCKED_STATISTICS,MARKET_FALLBACK,MARKET_BASE,MARKET_BASE,,,,,,,,,,145.29392965362956,,,adp_ppr,,,,,UNAVAILABLE,False,12.0,True,True,,False,False,False,,,,"['M9_PRODUCTION_MODEL', 'CURRENT_PLAYER_MATCH']",,,,position_not_validated,0.0348981416554671,-0.0152697956717366,0.0855212615803308,3.0,4.0,M9.1c,,,,,,,,,UNRANKED,BASELINE_ONLY,False,False,NO_PROFILE,BLOCKED_MISSING_HISTORICAL_SLEEPER_BASELINE,False
fie-final-league-board-v1,1399318410818519040,2026,00-0040649,00-0040649,12656,Robbie Ouzts,SEA,RB,SEASON,M9,BLOCKED_STATISTICS,MARKET_FALLBACK,MARKET_BASE,MARKET_BASE,,,,,,,,,,145.29392965362956,,610.8,adp_ppr,,345.0,,,UNAVAILABLE,False,11.0,True,True,,False,False,False,0.0,0.0,0.0,"['M9_PRODUCTION_MODEL', 'CURRENT_PLAYER_MATCH']",,,,position_not_validated,0.0348981416554671,-0.0152697956717366,0.0855212615803308,3.0,4.0,M9.1c,,,,,,,,,UNRANKED,BASELINE_ONLY,False,False,NO_PROFILE,BLOCKED_MISSING_HISTORICAL_SLEEPER_BASELINE,False
fie-final-league-board-v1,1399318410818519040,2026,14008,,14008,Rodney Hammond,DEN,RB,SEASON,M9,BLOCKED_STATISTICS,MARKET_FALLBACK,MARKET_BASE,MARKET_BASE,,,,,,,,,,145.29392965362956,,489.6,adp_ppr,,298.0,,,UNAVAILABLE,False,10.0,True,True,,False,False,False,-253.29999999999995,-253.29999999999995,-253.29999999999995,"['M9_PRODUCTION_MODEL', 'CURRENT_PLAYER_MATCH']",,,,position_not_validated,0.0348981416554671,-0.0152697956717366,0.0855212615803308,3.0,4.0,M9.1c,,,,,,,,,UNRANKED,BASELINE_ONLY,False,False,NO_PROFILE,BLOCKED_MISSING_HISTORICAL_SLEEPER_BASELINE,False
fie-final-league-board-v1,1399318410818519040,2026,00-0040998,00-0040998,13416,Roman Hemby,LV,RB,SEASON,M9,BLOCKED_STATISTICS,MARKET_FALLBACK,MARKET_BASE,MARKET_BASE,,,,,,,,,,145.29392965362956,,691.0,adp_ppr,,477.0,,,UNAVAILABLE,False,10.0,True,True,,False,False,False,0.0,0.0,0.0,"['M9_PRODUCTION_MODEL', 'CURRENT_PLAYER_MATCH']",,,,position_not_validated,0.0348981416554671,-0.0152697956717366,0.0855212615803308,3.0,4.0,M9.1c,,,,,,,,,UNRANKED,BASELINE_ONLY,False,False,NO_PROFILE,BLOCKED_MISSING_HISTORICAL_SLEEPER_BASELINE,False
fie-final-league-board-v1,1399318410818519040,2026,00-0037557,00-0037557,8195,Ronnie Rivers,LAR,RB,SEASON,M9,BLOCKED_STATISTICS,FIE_M9_DIAGNOSTIC_MARKET_ANCHORED,DIAGNOSTIC_MARKET_ANCHORED,DIAGNOSTIC_MARKET_ANCHORED,7.1,0.4176470588235293,-11.690462736746184,-3.913240166025972,5.733178277043038,16.633422811827828,27.108109723973364,,489.0,145.29392965362956,-138.19392965362957,,adp_ppr,,,,,IRRELEVANT,False,55.0,True,True,,False,False,False,,,,"['LEAGUE_SPECIFIC_VORP', 'M9_PRODUCTION_MODEL', 'CURRENT_PLAYER_MATCH']",,,,position_not_validated,0.0348981416554671,-0.0152697956717366,0.0855212615803308,3.0,4.0,M9.1c,6.858339532492295,-0.2416604675077049,17.43421933118538,-0.4230199710857397,0.4545454545454545,0.0909090909090909,0.9666418700308188,1.0,DEPTH,RESEARCH_ONLY_EXACT_REPLAY,True,False,STABLE_TEAM,BLOCKED_MISSING_HISTORICAL_SLEEPER_BASELINE,True
fie-final-league-board-v1,1399318410818519040,2026,00-0039021,00-0039021,10235,Roschon Johnson,CHI,RB,SEASON,M9,BLOCKED_STATISTICS,FIE_M9_DIAGNOSTIC_MARKET_ANCHORED,DIAGNOSTIC_MARKET_ANCHORED,DIAGNOSTIC_MARKET_ANCHORED,-19.33982704762066,-1.1376368851541565,-37.9861047579108,-30.554018088196365,-20.780821997632906,-9.713767481216344,0.766988137963871,,522.0,145.29392965362956,-164.6337567012502,,adp_ppr,,,,,IRRELEVANT,False,63.0,True,True,,False,False,False,,,,"['LEAGUE_SPECIFIC_VORP', 'M9_PRODUCTION_MODEL', 'CURRENT_PLAYER_MATCH']",,,,position_not_validated,0.0348981416554671,-0.0152697956717366,0.0855212615803308,3.0,4.0,M9.1c,6.6,-1.0,8.543498151306398,-0.7601419489407731,0.0909090909090909,0.8181818181818181,0.9659770412983336,1.0,DEPTH,RESEARCH_ONLY_EXACT_REPLAY,True,False,STABLE_TEAM,BLOCKED_MISSING_HISTORICAL_SLEEPER_BASELINE,True
fie-final-league-board-v1,1399318410818519040,2026,00-0036020,00-0036020,6918,Salvon Ahmed,CHI,RB,SEASON,M9,BLOCKED_STATISTICS,MARKET_FALLBACK,MARKET_BASE,MARKET_BASE,,,,,,,,,,145.29392965362956,,640.0,adp_ppr,,382.0,,,UNAVAILABLE,False,10.0,True,True,,False,False,False,0.0,0.0,0.0,"['M9_PRODUCTION_MODEL', 'CURRENT_PLAYER_MATCH']",,,,position_not_validated,0.0348981416554671,-0.0152697956717366,0.0855212615803308,3.0,4.0,M9.1c,,,,,,,,,UNRANKED,BASELINE_ONLY,False,False,NO_PROFILE,BLOCKED_MISSING_HISTORICAL_SLEEPER_BASELINE,False
fie-final-league-board-v1,1399318410818519040,2026,00-0033526,00-0033526,4147,Samaje Perine,CIN,RB,SEASON,M9,BLOCKED_STATISTICS,FIE_M9_DIAGNOSTIC_MARKET_ANCHORED,DIAGNOSTIC_MARKET_ANCHORED,DIAGNOSTIC_MARKET_ANCHORED,65.43843616233443,3.8493197742549663,40.63125683971503,51.57498196752525,64.52375091816435,78.22765755510702,91.59512715282116,,288.0,145.29392965362956,-79.85549349129514,,adp_ppr,,,,,IRRELEVANT,False,65.0,True,True,,False,False,False,,,,"['LEAGUE_SPECIFIC_VORP', 'M9_PRODUCTION_MODEL', 'CURRENT_PLAYER_MATCH']",,,,position_not_validated,0.0348981416554671,-0.0152697956717366,0.0855212615803308,3.0,4.0,M9.1c,69.8,0.0,93.32176136126148,-0.1777582122557644,0.5,0.0,0.7221043345670924,8.900000000000002,STARTER,RESEARCH_ONLY_EXACT_REPLAY,True,False,STABLE_TEAM,BLOCKED_MISSING_HISTORICAL_SLEEPER_BASELINE,False
fie-final-league-board-v1,1399318410818519040,2026,00-0038951,00-0038951,9506,Sean Tucker,TB,RB,SEASON,M9,BLOCKED_STATISTICS,FIE_M9_DIAGNOSTIC_MARKET_ANCHORED,DIAGNOSTIC_MARKET_ANCHORED,DIAGNOSTIC_MARKET_ANCHORED,39.98460632513637,2.3520356661844923,16.80667014337309,26.868290143993136,38.585096392079976,51.63450470415606,64.73751103774941,,371.0,145.29392965362956,-105.3093233284932,243.9,adp_ppr,,239.0,,-132.0,IRRELEVANT,False,66.0,True,True,,False,False,False,0.0,0.0,0.0,"['LEAGUE_SPECIFIC_VORP', 'M9_PRODUCTION_MODEL', 'CURRENT_PLAYER_MATCH']",,,,position_not_validated,0.0348981416554671,-0.0152697956717366,0.0855212615803308,3.0,4.0,M9.1c,52.332810975537846,-0.1671890244621536,67.86793152406342,-0.0591112320194338,0.4444444444444444,0.1111111111111111,0.8359451223107711,3.799999999999997,COMMITTEE_FRINGE,RESEARCH_ONLY_EXACT_REPLAY,True,False,STABLE_TEAM,BLOCKED_MISSING_HISTORICAL_SLEEPER_BASELINE,True
fie-final-league-board-v1,1399318410818519040,2026,00-0041125,00-0041125,13424,Seth McGowan,IND,RB,SEASON,M9,BLOCKED_STATISTICS,FIE_M9_DIAGNOSTIC_MARKET_ANCHORED,DIAGNOSTIC_MARKET_ANCHORED,DIAGNOSTIC_MARKET_ANCHORED,36.3,2.135294117647059,14.969138968475145,23.8143386322062,34.7641290361376,47.53651831140472,59.86895990628656,,389.0,145.29392965362956,-108.99392965362956,,adp_ppr,,,,,IRRELEVANT,False,62.0,True,True,,False,False,False,,,,"['LEAGUE_SPECIFIC_VORP', 'M9_PRODUCTION_MODEL', 'CURRENT_PLAYER_MATCH']",,,,position_not_validated,0.0348981416554671,-0.0152697956717366,0.0855212615803308,3.0,4.0,M9.1c,36.3,0.0,,,,,,,COMMITTEE_FRINGE,BASELINE_ONLY,False,False,NO_PROFILE,BLOCKED_MISSING_HISTORICAL_SLEEPER_BASELINE,False
fie-final-league-board-v1,1399318410818519040,2026,00-0037509,00-0037509,8220,Sincere McCormick,SF,RB,SEASON,M9,BLOCKED_STATISTICS,MARKET_FALLBACK,MARKET_BASE,MARKET_BASE,,,,,,,,,,145.29392965362956,,,adp_ppr,,,,,UNAVAILABLE,False,10.0,True,True,,False,False,False,,,,"['M9_PRODUCTION_MODEL', 'CURRENT_PLAYER_MATCH']",,,,position_not_validated,0.0348981416554671,-0.0152697956717366,0.0855212615803308,3.0,4.0,M9.1c,,,,,,,,,UNRANKED,BASELINE_ONLY,False,False,NO_PROFILE,BLOCKED_MISSING_HISTORICAL_SLEEPER_BASELINE,False
fie-final-league-board-v1,1399318410818519040,2026,00-0039364,00-0039364,11729,Sione Vaki,DET,RB,SEASON,M9,BLOCKED_STATISTICS,FIE_M9_DIAGNOSTIC_MARKET_ANCHORED,DIAGNOSTIC_MARKET_ANCHORED,DIAGNOSTIC_MARKET_ANCHORED,-20.02741450748617,-1.1780832063227156,-38.28679987228186,-30.97782477723864,-21.493774046725413,-10.894105436646504,0.1441035730697279,,524.0,145.29392965362956,-165.32134416111575,,adp_ppr,,,,,IRRELEVANT,False,64.0,True,True,,False,False,False,,,,"['LEAGUE_SPECIFIC_VORP', 'M9_PRODUCTION_MODEL', 'CURRENT_PLAYER_MATCH']",,,,position_not_validated,0.0348981416554671,-0.0152697956717366,0.0855212615803308,3.0,4.0,M9.1c,3.2704263288095627,-0.7295736711904373,7.855910691440887,-0.6934159198825105,0.2727272727272727,0.4545454545454546,0.9727648949205836,1.0999999999999996,DEPTH,RESEARCH_ONLY_EXACT_REPLAY,True,False,STABLE_TEAM,BLOCKED_MISSING_HISTORICAL_SLEEPER_BASELINE,True
fie-final-league-board-v1,1399318410818519040,2026,00-0040208,00-0040208,12543,Tahj Brooks,CIN,RB,SEASON,M9,BLOCKED_STATISTICS,FIE_M9_DIAGNOSTIC_MARKET_ANCHORED,DIAGNOSTIC_MARKET_ANCHORED,DIAGNOSTIC_MARKET_ANCHORED,-13.91525734173247,-0.8185445495136747,-34.249611802551705,-25.76343948215981,-15.398265757208655,-3.546951330416853,8.254473926386076,,520.0,145.29392965362956,-159.20918699536202,,adp_ppr,,,,,IRRELEVANT,False,65.0,True,True,,False,False,False,,,,"['LEAGUE_SPECIFIC_VORP', 'M9_PRODUCTION_MODEL', 'CURRENT_PLAYER_MATCH']",,,,position_not_validated,0.0348981416554671,-0.0152697956717366,0.0855212615803308,3.0,4.0,M9.1c,22.93402812130562,-1.4659718786943792,13.968067857194583,-1.2338454937204082,0.2222222222222222,0.5555555555555556,0.8144288214968779,2.6000000000000014,COMMITTEE_FRINGE,RESEARCH_ONLY_EXACT_REPLAY,True,False,STABLE_TEAM,BLOCKED_MISSING_HISTORICAL_SLEEPER_BASELINE,True
fie-final-league-board-v1,1399318410818519040,2026,00-0033373,00-0033373,4349,Taquan Mizzell,NYG,RB,SEASON,M9,BLOCKED_STATISTICS,MARKET_FALLBACK,MARKET_BASE,MARKET_BASE,,,,,,,,,,145.29392965362956,,609.0,adp_ppr,,344.0,,,UNAVAILABLE,False,10.0,True,True,,False,False,False,0.0,0.0,0.0,"['M9_PRODUCTION_MODEL', 'CURRENT_PLAYER_MATCH']",,,,position_not_validated,0.0348981416554671,-0.0152697956717366,0.0855212615803308,3.0,4.0,M9.1c,,,,,,,,,UNRANKED,BASELINE_ONLY,False,False,NO_PROFILE,BLOCKED_MISSING_HISTORICAL_SLEEPER_BASELINE,False
fie-final-league-board-v1,1399318410818519040,2026,00-0035825,00-0035825,7103,Tavien Feaster,ARI,RB,SEASON,M9,BLOCKED_STATISTICS,MARKET_FALLBACK,MARKET_BASE,MARKET_BASE,,,,,,,,,,145.29392965362956,,,adp_ppr,,,,,UNAVAILABLE,False,10.0,True,True,,False,False,False,0.0,0.0,0.0,"['M9_PRODUCTION_MODEL', 'CURRENT_PLAYER_MATCH']",,,,position_not_validated,0.0348981416554671,-0.0152697956717366,0.0855212615803308,3.0,4.0,M9.1c,,,,,,,,,UNRANKED,BASELINE_ONLY,False,False,NO_PROFILE,BLOCKED_MISSING_HISTORICAL_SLEEPER_BASELINE,False
fie-final-league-board-v1,1399318410818519040,2026,13780,,13780,Terion Stewart,KC,RB,SEASON,M9,BLOCKED_STATISTICS,MARKET_FALLBACK,MARKET_BASE,MARKET_BASE,,,,,,,,,,145.29392965362956,,637.1,adp_ppr,,376.0,,,UNAVAILABLE,False,10.0,True,True,,False,False,False,-155.0,-155.0,-155.0,"['M9_PRODUCTION_MODEL', 'CURRENT_PLAYER_MATCH']",,,,position_not_validated,0.0348981416554671,-0.0152697956717366,0.0855212615803308,3.0,4.0,M9.1c,,,,,,,,,UNRANKED,BASELINE_ONLY,False,False,NO_PROFILE,BLOCKED_MISSING_HISTORICAL_SLEEPER_BASELINE,False
fie-final-league-board-v1,1399318410818519040,2026,00-0035594,00-0035594,6012,Travis Homer,PIT,RB,SEASON,M9,BLOCKED_STATISTICS,MARKET_FALLBACK,MARKET_BASE,MARKET_BASE,,,,,,,,,,145.29392965362956,,695.2,adp_ppr,,489.0,,,UNAVAILABLE,False,12.0,True,True,,False,False,False,0.0,0.0,0.0,"['M9_PRODUCTION_MODEL', 'CURRENT_PLAYER_MATCH']",,,,position_not_validated,0.0348981416554671,-0.0152697956717366,0.0855212615803308,3.0,4.0,M9.1c,,,,,,,,,UNRANKED,BASELINE_ONLY,False,False,NO_PROFILE,BLOCKED_MISSING_HISTORICAL_SLEEPER_BASELINE,False
fie-final-league-board-v1,1399318410818519040,2026,00-0040644,00-0040644,12531,Trevor Etienne,CAR,RB,SEASON,M9,BLOCKED_STATISTICS,FIE_M9_DIAGNOSTIC_MARKET_ANCHORED,DIAGNOSTIC_MARKET_ANCHORED,DIAGNOSTIC_MARKET_ANCHORED,-10.846681863919583,-0.6380401096423284,-32.41548250808346,-23.151445086495187,-12.130998925508235,0.1556061633729797,12.236766321682367,,519.0,145.29392965362956,-156.14061151754913,,adp_ppr,,,,,IRRELEVANT,False,66.0,True,True,,False,False,False,,,,"['LEAGUE_SPECIFIC_VORP', 'M9_PRODUCTION_MODEL', 'CURRENT_PLAYER_MATCH']",,,,position_not_validated,0.0348981416554671,-0.0152697956717366,0.0855212615803308,3.0,4.0,M9.1c,28.15578306072456,-8.044216939275444,17.03664333500747,-2.6779872541784973,0.0909090909090909,0.8181818181818181,0.6048283412989055,16.300000000000004,DEPTH,RESEARCH_ONLY_EXACT_REPLAY,True,False,STABLE_TEAM,BLOCKED_MISSING_HISTORICAL_SLEEPER_BASELINE,True
fie-final-league-board-v1,1399318410818519040,2026,00-0039921,00-0039921,11589,Trey Benson,ARI,RB,SEASON,M9,BLOCKED_STATISTICS,MARKET_FALLBACK,MARKET_BASE,MARKET_BASE,,,,,,,,,,145.29392965362956,,255.2,adp_ppr,,253.0,,,UNAVAILABLE,False,11.0,True,True,,False,False,False,0.0,0.0,0.0,"['M9_PRODUCTION_MODEL', 'CURRENT_PLAYER_MATCH']",,,,position_not_validated,0.0348981416554671,-0.0152697956717366,0.0855212615803308,3.0,4.0,M9.1c,,,,,,,,,UNRANKED,BASELINE_ONLY,False,False,NO_PROFILE,BLOCKED_MISSING_HISTORICAL_SLEEPER_BASELINE,False
fie-final-league-board-v1,1399318410818519040,2026,00-0036984,00-0036984,7593,Trey Sermon,ATL,RB,SEASON,M9,BLOCKED_STATISTICS,MARKET_FALLBACK,MARKET_BASE,MARKET_BASE,,,,,,,,,,145.29392965362956,,649.0,adp_ppr,,401.0,,,UNAVAILABLE,False,10.0,True,True,,False,False,False,0.0,0.0,0.0,"['M9_PRODUCTION_MODEL', 'CURRENT_PLAYER_MATCH']",,,,position_not_validated,0.0348981416554671,-0.0152697956717366,0.0855212615803308,3.0,4.0,M9.1c,,,,,,,,,UNRANKED,BASELINE_ONLY,False,False,NO_PROFILE,BLOCKED_MISSING_HISTORICAL_SLEEPER_BASELINE,False
fie-final-league-board-v1,1399318410818519040,2026,00-0037276,00-0037276,8230,Ty Chandler,NO,RB,SEASON,M9,BLOCKED_STATISTICS,MARKET_FALLBACK,MARKET_BASE,MARKET_BASE,,,,,,,,,,145.29392965362956,,,adp_ppr,,,,,UNAVAILABLE,False,10.0,True,True,,False,False,False,,,,"['M9_PRODUCTION_MODEL', 'CURRENT_PLAYER_MATCH']",,,,position_not_validated,0.0348981416554671,-0.0152697956717366,0.0855212615803308,3.0,4.0,M9.1c,,,,,,,,,UNRANKED,BASELINE_ONLY,False,False,NO_PROFILE,BLOCKED_MISSING_HISTORICAL_SLEEPER_BASELINE,False
fie-final-league-board-v1,1399318410818519040,2026,00-0035537,00-0035537,6039,Ty Johnson,BUF,RB,SEASON,M9,BLOCKED_STATISTICS,FIE_M9_DIAGNOSTIC_MARKET_ANCHORED,DIAGNOSTIC_MARKET_ANCHORED,DIAGNOSTIC_MARKET_ANCHORED,68.49376556615145,4.029045033303028,44.92453142820346,55.089831553194585,67.11614236176723,80.69140978389001,93.88624706893252,,281.0,145.29392965362956,-76.80016408747811,,adp_ppr,,,,,IRRELEVANT,False,66.0,True,True,,False,False,False,,,,"['LEAGUE_SPECIFIC_VORP', 'M9_PRODUCTION_MODEL', 'CURRENT_PLAYER_MATCH']",,,,position_not_validated,0.0348981416554671,-0.0152697956717366,0.0855212615803308,3.0,4.0,M9.1c,59.400000000000006,3.6000000000000014,96.3770907650785,0.5492076569286649,0.7777777777777778,0.5555555555555556,0.8710517584439887,3.6000000000000014,COMMITTEE_FRINGE,RESEARCH_ONLY_EXACT_REPLAY,True,False,STABLE_TEAM,BLOCKED_MISSING_HISTORICAL_SLEEPER_BASELINE,True
fie-final-league-board-v1,1399318410818519040,2026,00-0037085,00-0037085,8208,Tyler Badie,DEN,RB,SEASON,M9,BLOCKED_STATISTICS,FIE_M9_DIAGNOSTIC_MARKET_ANCHORED,DIAGNOSTIC_MARKET_ANCHORED,DIAGNOSTIC_MARKET_ANCHORED,9.34455150269622,0.549679500158601,-9.16913331533303,-1.9154700415135133,7.656301124780475,18.873342016830414,30.310845473205816,,485.0,145.29392965362956,-135.94937815093334,,adp_ppr,,,,,IRRELEVANT,False,66.0,True,True,,False,False,False,,,,"['LEAGUE_SPECIFIC_VORP', 'M9_PRODUCTION_MODEL', 'CURRENT_PLAYER_MATCH']",,,,position_not_validated,0.0348981416554671,-0.0152697956717366,0.0855212615803308,3.0,4.0,M9.1c,8.254697996988336,-0.1453020030116647,37.22787670162327,-0.3926712954548699,0.4545454545454545,0.0909090909090909,0.9686800200777624,1.0,DEPTH,RESEARCH_ONLY_EXACT_REPLAY,True,False,STABLE_TEAM,BLOCKED_MISSING_HISTORICAL_SLEEPER_BASELINE,True
fie-final-league-board-v1,1399318410818519040,2026,00-0037120,00-0037120,8207,Tyler Goodson,ATL,RB,SEASON,M9,BLOCKED_STATISTICS,FIE_M9_DIAGNOSTIC_MARKET_ANCHORED,DIAGNOSTIC_MARKET_ANCHORED,DIAGNOSTIC_MARKET_ANCHORED,4.8,0.2823529411764706,-13.725920538442352,-6.177130779850653,3.169995353088368,14.04749055332779,25.15795615604089,,500.0,145.29392965362956,-140.49392965362955,683.8,adp_ppr,,466.0,,-34.0,IRRELEVANT,False,55.0,True,True,,False,False,False,0.0,0.0,0.0,"['LEAGUE_SPECIFIC_VORP', 'M9_PRODUCTION_MODEL', 'CURRENT_PLAYER_MATCH']",,,,position_not_validated,0.0348981416554671,-0.0152697956717366,0.0855212615803308,3.0,4.0,M9.1c,3.8,-1.0,3.324937694150364,-0.7856034945978128,0.0454545454545454,0.9090909090909092,0.8803146886868967,1.0,DEPTH,RESEARCH_ONLY_TRANSITION_EXACT_REPLAY,True,True,NEW_TEAM_CONTEXT_REBUILT_V3,BLOCKED_MISSING_HISTORICAL_SLEEPER_BASELINE,True
fie-final-league-board-v1,1399318410818519040,2026,00-0040476,00-0040476,12826,Ulysses Bentley,IND,RB,SEASON,M9,BLOCKED_STATISTICS,MARKET_FALLBACK,MARKET_BASE,MARKET_BASE,,,,,,,,,,145.29392965362956,,644.1,adp_ppr,,390.0,,,UNAVAILABLE,False,10.0,True,True,,False,False,False,0.0,0.0,0.0,"['M9_PRODUCTION_MODEL', 'CURRENT_PLAYER_MATCH']",,,,position_not_validated,0.0348981416554671,-0.0152697956717366,0.0855212615803308,3.0,4.0,M9.1c,,,,,,,,,UNRANKED,BASELINE_ONLY,False,False,NO_PROFILE,BLOCKED_MISSING_HISTORICAL_SLEEPER_BASELINE,False
fie-final-league-board-v1,1399318410818519040,2026,00-0032782,00-0032782,3309,Wendell Smallwood,WAS,RB,SEASON,M9,BLOCKED_STATISTICS,MARKET_FALLBACK,MARKET_BASE,MARKET_BASE,,,,,,,,,,145.29392965362956,,,adp_ppr,,,,,UNAVAILABLE,False,10.0,True,True,,False,False,False,,,,"['M9_PRODUCTION_MODEL', 'CURRENT_PLAYER_MATCH']",,,,position_not_validated,0.0348981416554671,-0.0152697956717366,0.0855212615803308,3.0,4.0,M9.1c,,,,,,,,,UNRANKED,BASELINE_ONLY,False,False,NO_PROFILE,BLOCKED_MISSING_HISTORICAL_SLEEPER_BASELINE,False
fie-final-league-board-v1,1399318410818519040,2026,00-0039746,00-0039746,11577,Will Shipley,PHI,RB,SEASON,M9,BLOCKED_STATISTICS,FIE_M9_DIAGNOSTIC_MARKET_ANCHORED,DIAGNOSTIC_MARKET_ANCHORED,DIAGNOSTIC_MARKET_ANCHORED,17.656196954354513,1.0385998208443832,-3.190386093852048,5.339179206372791,16.246526005337486,28.38778187639126,40.03349245486726,,456.0,145.29392965362956,-127.63773269927503,,adp_ppr,,,,,IRRELEVANT,False,65.0,True,True,,False,False,False,,,,"['LEAGUE_SPECIFIC_VORP', 'M9_PRODUCTION_MODEL', 'CURRENT_PLAYER_MATCH']",,,,position_not_validated,0.0348981416554671,-0.0152697956717366,0.0855212615803308,3.0,4.0,M9.1c,32.60250818034888,-1.1974918196511195,45.53952215328157,-0.3477052123765403,0.4444444444444444,0.1111111111111111,0.7983278797674142,6.799999999999997,COMMITTEE_FRINGE,RESEARCH_ONLY_EXACT_REPLAY,True,False,STABLE_TEAM,BLOCKED_MISSING_HISTORICAL_SLEEPER_BASELINE,True
fie-final-league-board-v1,1399318410818519040,2026,00-0038440,00-0038440,11299,Zavier Scott,MIN,RB,SEASON,M9,BLOCKED_STATISTICS,FIE_M9_DIAGNOSTIC_MARKET_ANCHORED,DIAGNOSTIC_MARKET_ANCHORED,DIAGNOSTIC_MARKET_ANCHORED,36.11872256845716,2.124630739321009,17.543727023320553,24.929935216946888,34.70065290517757,45.15764365484983,56.42278669934514,,390.0,145.29392965362956,-109.1752070851724,693.0,adp_ppr,,483.0,,93.0,IRRELEVANT,False,64.0,True,True,,False,False,False,0.0,0.0,0.0,"['LEAGUE_SPECIFIC_VORP', 'M9_PRODUCTION_MODEL', 'CURRENT_PLAYER_MATCH']",,,,position_not_validated,0.0348981416554671,-0.0152697956717366,0.0855212615803308,3.0,4.0,M9.1c,5.6,0.0,64.00204776738421,0.3466817292452824,0.7272727272727273,0.4545454545454546,0.9762150693727144,1.0,DEPTH,RESEARCH_ONLY_EXACT_REPLAY,True,False,STABLE_TEAM,BLOCKED_MISSING_HISTORICAL_SLEEPER_BASELINE,False
fie-final-league-board-v1,1399318410818519040,2026,00-0037157,00-0037157,8122,Zonovan Knight,ARI,RB,SEASON,M9,BLOCKED_STATISTICS,MARKET_FALLBACK,MARKET_BASE,MARKET_BASE,,,,,,,,,,145.29392965362956,,,adp_ppr,,,,,UNAVAILABLE,False,13.0,True,True,,False,False,False,,,,"['M9_PRODUCTION_MODEL', 'CURRENT_PLAYER_MATCH']",,,,position_not_validated,0.0348981416554671,-0.0152697956717366,0.0855212615803308,3.0,4.0,M9.1c,,,,,,,,,UNRANKED,BASELINE_ONLY,False,False,NO_PROFILE,BLOCKED_MISSING_HISTORICAL_SLEEPER_BASELINE,False
fie-final-league-board-v1,1399318410818519040,2026,00-0037744,00-0037744,8130,Trey McBride,ARI,TE,SEASON,M9,BLOCKED_STATISTICS,FIE_M9_VALIDATED_PRESEASON,PRODUCTION,PRODUCTION,305.1516155644687,17.950095033204043,275.8289895617548,289.33029619259185,305.01427940027475,320.20467521485483,335.14759202009924,1.0,8.0,153.32371751178778,151.82789805268095,24.3,adp_ppr,2.0,24.0,1.0,16.0,FAIR,False,94.0,True,True,,True,True,True,0.3000000000000007,0.3000000000000007,0.3000000000000007,"['LEAGUE_SPECIFIC_VORP', 'RELEVANT_UNIVERSE_RANK_EDGE', 'M9_PRODUCTION_MODEL', 'CURRENT_PLAYER_MATCH']",,,,position_not_validated,0.0148640510950138,-0.0206069189180887,0.0500966112378824,2.0,4.0,M9.1c,302.3033573985924,19.403357398592448,305.1516155644687,2.4205519080641373,1.0,1.0,0.2470191903067145,29.17516036783786,CLEAR_STARTER,RESEARCH_ONLY_EXACT_REPLAY,True,False,STABLE_TEAM,BLOCKED_MISSING_HISTORICAL_SLEEPER_BASELINE,True
fie-final-league-board-v1,1399318410818519040,2026,00-0033288,00-0033288,4217,George Kittle,SF,TE,SEASON,M9,BLOCKED_STATISTICS,FIE_M9_VALIDATED_PRESEASON,PRODUCTION,PRODUCTION,254.7585954619704,14.985799733057082,225.74835007893503,239.40082709338867,254.49815181370167,269.85198317187326,283.59790148222083,2.0,25.0,153.32371751178778,101.43487795018262,83.2,adp_ppr,9.0,83.0,7.0,58.0,FAIR,False,92.0,True,True,,True,True,True,-0.3999999999999915,-0.3999999999999915,-0.3999999999999915,"['LEAGUE_SPECIFIC_VORP', 'RELEVANT_UNIVERSE_RANK_EDGE', 'M9_PRODUCTION_MODEL', 'CURRENT_PLAYER_MATCH']",,,,position_not_validated,0.0148640510950138,-0.0206069189180887,0.0500966112378824,2.0,4.0,M9.1c,207.15,6.849999999999994,254.7585954619704,3.183376746746293,1.0,1.0,0.6969077033442802,6.849999999999994,CLEAR_STARTER,RESEARCH_ONLY_EXACT_REPLAY,True,False,STABLE_TEAM,BLOCKED_MISSING_HISTORICAL_SLEEPER_BASELINE,True
fie-final-league-board-v1,1399318410818519040,2026,00-0036970,00-0036970,7553,Kyle Pitts,ATL,TE,SEASON,M9,BLOCKED_STATISTICS,FIE_M9_VALIDATED_PRESEASON,PRODUCTION,PRODUCTION,247.9690834196633,14.5864166717449,218.8344654130494,232.5152295784329,247.7831873013491,263.1742374906821,277.1135860176352,3.0,28.0,153.32371751178778,94.64536590787552,68.6,adp_ppr,7.0,68.0,4.0,40.0,FAIR,False,94.0,True,True,,True,True,True,0.5,0.5,0.5,"['LEAGUE_SPECIFIC_VORP', 'RELEVANT_UNIVERSE_RANK_EDGE', 'M9_PRODUCTION_MODEL', 'CURRENT_PLAYER_MATCH']",,,,position_not_validated,0.0148640510950138,-0.0206069189180887,0.0500966112378824,2.0,4.0,M9.1c,213.50000000000003,8.900000000000006,247.9690834196633,2.188169857359251,0.9,0.8,0.674140200685224,8.900000000000006,CLEAR_STARTER,RESEARCH_ONLY_EXACT_REPLAY,True,False,STABLE_TEAM,BLOCKED_MISSING_HISTORICAL_SLEEPER_BASELINE,True
fie-final-league-board-v1,1399318410818519040,2026,00-0039338,00-0039338,11604,Brock Bowers,LV,TE,SEASON,M9,BLOCKED_STATISTICS,FIE_M9_VALIDATED_PRESEASON,PRODUCTION,PRODUCTION,241.0093663641329,14.177021550831345,211.03912548699088,225.40035883781763,241.0625254870976,256.5843027288327,271.03191624280464,4.0,34.0,153.32371751178778,87.68564885234511,23.2,adp_ppr,1.0,23.0,-3.0,-11.0,FAIR,False,93.0,True,True,,True,True,True,-0.4000000000000021,-0.4000000000000021,-0.4000000000000021,"['LEAGUE_SPECIFIC_VORP', 'RELEVANT_UNIVERSE_RANK_EDGE', 'M9_PRODUCTION_MODEL', 'CURRENT_PLAYER_MATCH']",,,,position_not_validated,0.0148640510950138,-0.0206069189180887,0.0500966112378824,2.0,4.0,M9.1c,309.47161568865494,4.971615688654936,241.0093663641329,0.1552355719614624,0.7,0.3999999999999999,0.2067199870542595,29.31866748991814,CLEAR_STARTER,RESEARCH_ONLY_EXACT_REPLAY,True,False,STABLE_TEAM,BLOCKED_MISSING_HISTORICAL_SLEEPER_BASELINE,True
fie-final-league-board-v1,1399318410818519040,2026,00-0040663,00-0040663,12506,Harold Fannin,CLE,TE,SEASON,M9,BLOCKED_STATISTICS,FIE_M9_VALIDATED_PRESEASON,PRODUCTION,PRODUCTION,230.7967331848536,13.576278422638444,201.7044704057924,215.67394657008137,230.7332542602444,245.54271510937988,260.00335055418,5.0,43.0,153.32371751178778,77.47301567306579,70.6,adp_ppr,8.0,70.0,3.0,27.0,FAIR,False,94.0,True,True,,True,True,True,0.7999999999999972,0.7999999999999972,0.7999999999999972,"['LEAGUE_SPECIFIC_VORP', 'RELEVANT_UNIVERSE_RANK_EDGE', 'M9_PRODUCTION_MODEL', 'CURRENT_PLAYER_MATCH']",,,,position_not_validated,0.0148640510950138,-0.0206069189180887,0.0500966112378824,2.0,4.0,M9.1c,219.9664042673084,2.5664042673084,230.79673318485357,0.2646880525915198,0.7,0.3999999999999999,0.5460434611294471,17.099999999999994,CLEAR_STARTER,RESEARCH_ONLY_EXACT_REPLAY,True,False,STABLE_TEAM,BLOCKED_MISSING_HISTORICAL_SLEEPER_BASELINE,True
fie-final-league-board-v1,1399318410818519040,2026,00-0038996,00-0038996,9484,Tucker Kraft,GB,TE,SEASON,M9,BLOCKED_STATISTICS,FIE_M9_VALIDATED_PRESEASON,PRODUCTION,PRODUCTION,223.407043049144,13.141590767596702,194.5719225901646,208.0170642525333,223.2464714772565,238.81827408635067,252.40158457039936,6.0,49.0,153.32371751178778,70.08332553735619,62.8,adp_ppr,6.0,63.0,0.0,14.0,FAIR,False,92.0,True,True,,True,True,True,0.2999999999999971,0.2999999999999971,0.2999999999999971,"['LEAGUE_SPECIFIC_VORP', 'RELEVANT_UNIVERSE_RANK_EDGE', 'M9_PRODUCTION_MODEL', 'CURRENT_PLAYER_MATCH']",,,,position_not_validated,0.0148640510950138,-0.0206069189180887,0.0500966112378824,2.0,4.0,M9.1c,212.541730708648,4.641730708647998,223.40704304914397,0.4395815391878711,0.7,0.3999999999999999,0.6584015189571644,10.399999999999991,CLEAR_STARTER,RESEARCH_ONLY_EXACT_REPLAY,True,False,STABLE_TEAM,BLOCKED_MISSING_HISTORICAL_SLEEPER_BASELINE,True
fie-final-league-board-v1,1399318410818519040,2026,00-0040128,00-0040128,12518,Tyler Warren,IND,TE,SEASON,M9,BLOCKED_STATISTICS,FIE_M9_VALIDATED_PRESEASON,PRODUCTION,PRODUCTION,219.56859061675263,12.915799448044272,191.0134253148221,204.54110031704883,219.5131292325773,234.3216029581508,248.1701063715153,7.0,53.0,153.32371751178778,66.24487310496485,49.7,adp_ppr,4.0,49.0,-3.0,-4.0,FAIR,False,94.0,True,True,,True,True,True,1.2000000000000028,1.2000000000000028,1.2000000000000028,"['LEAGUE_SPECIFIC_VORP', 'RELEVANT_UNIVERSE_RANK_EDGE', 'M9_PRODUCTION_MODEL', 'CURRENT_PLAYER_MATCH']",,,,position_not_validated,0.0148640510950138,-0.0206069189180887,0.0500966112378824,2.0,4.0,M9.1c,240.75875783585963,-1.84124216414034,219.56859061675263,-0.2943317712845537,0.4,0.1999999999999999,0.3347713025709702,27.833417398603416,CLEAR_STARTER,RESEARCH_ONLY_EXACT_REPLAY,True,False,STABLE_TEAM,BLOCKED_MISSING_HISTORICAL_SLEEPER_BASELINE,True
fie-final-league-board-v1,1399318410818519040,2026,00-0039065,00-0039065,10859,Sam LaPorta,DET,TE,SEASON,M9,BLOCKED_STATISTICS,FIE_M9_VALIDATED_PRESEASON,PRODUCTION,PRODUCTION,210.94460087475167,12.408505933808922,182.41008861211608,195.9579449701155,210.6965862250241,225.4741619605525,239.6318732526085,8.0,59.0,153.32371751178778,57.620883362963895,58.8,adp_ppr,5.0,58.0,-3.0,-1.0,FAIR,False,92.0,True,True,,True,True,True,0.0,0.0,0.0,"['LEAGUE_SPECIFIC_VORP', 'RELEVANT_UNIVERSE_RANK_EDGE', 'M9_PRODUCTION_MODEL', 'CURRENT_PLAYER_MATCH']",,,,position_not_validated,0.0148640510950138,-0.0206069189180887,0.0500966112378824,2.0,4.0,M9.1c,234.5,0.0,210.94460087475167,-0.024510716838999,0.5,0.0,0.4194022284638237,27.349999999999994,CLEAR_STARTER,RESEARCH_ONLY_EXACT_REPLAY,True,False,STABLE_TEAM,BLOCKED_MISSING_HISTORICAL_SLEEPER_BASELINE,False
fie-final-league-board-v1,1399318410818519040,2026,00-0034383,00-0034383,5001,Dalton Schultz,HOU,TE,SEASON,M9,BLOCKED_STATISTICS,FIE_M9_VALIDATED_PRESEASON,PRODUCTION,PRODUCTION,207.9279049593272,12.2310532329016,179.35257453363332,192.9544634871197,207.4273128300897,222.7853246316743,236.57757661925845,9.0,62.0,153.32371751178778,54.60418744753943,188.8,adp_ppr,23.0,161.0,14.0,99.0,VALUE,True,94.0,True,True,,True,False,True,2.5,2.5,2.5,"['LEAGUE_SPECIFIC_VORP', 'RELEVANT_UNIVERSE_RANK_EDGE', 'M9_PRODUCTION_MODEL', 'CURRENT_PLAYER_MATCH']",,,,position_not_validated,0.0148640510950138,-0.0206069189180887,0.0500966112378824,2.0,4.0,M9.1c,190.31603458696117,7.416034586961132,207.9279049593272,1.6198916025437866,1.0,1.0,0.6651152095929245,10.549999999999995,CLEAR_STARTER,RESEARCH_ONLY_EXACT_REPLAY,True,False,STABLE_TEAM,BLOCKED_MISSING_HISTORICAL_SLEEPER_BASELINE,True
fie-final-league-board-v1,1399318410818519040,2026,00-0030506,00-0030506,1466,Travis Kelce,KC,TE,SEASON,M9,BLOCKED_STATISTICS,FIE_M9_VALIDATED_PRESEASON,PRODUCTION,PRODUCTION,205.3418555554644,12.0789326797332,176.8370726522104,190.24174087577484,204.8758324705269,220.3008598035216,233.86137904584183,10.0,66.0,153.32371751178778,52.01813804367663,89.1,adp_ppr,11.0,88.0,1.0,22.0,FAIR,False,94.0,True,True,,True,True,True,-0.2000000000000028,-0.2000000000000028,-0.2000000000000028,"['LEAGUE_SPECIFIC_VORP', 'RELEVANT_UNIVERSE_RANK_EDGE', 'M9_PRODUCTION_MODEL', 'CURRENT_PLAYER_MATCH']",,,,position_not_validated,0.0148640510950138,-0.0206069189180887,0.0500966112378824,2.0,4.0,M9.1c,204.5893958228678,-1.8106041771322052,205.3418555554644,-0.25314968711289,0.4,0.1999999999999999,0.6584015189571644,10.399999999999991,CLEAR_STARTER,RESEARCH_ONLY_EXACT_REPLAY,True,False,STABLE_TEAM,BLOCKED_MISSING_HISTORICAL_SLEEPER_BASELINE,True
fie-final-league-board-v1,1399318410818519040,2026,00-0036040,00-0036040,7002,Juwan Johnson,NO,TE,SEASON,M9,BLOCKED_STATISTICS,FIE_M9_VALIDATED_PRESEASON,PRODUCTION,PRODUCTION,198.03552723473115,11.64914866086654,169.63122097955073,182.65772830386564,197.71002797877827,213.168467008596,226.84156777551087,11.0,71.0,153.32371751178778,44.71180972294337,182.0,adp_ppr,22.0,155.0,11.0,84.0,VALUE,True,94.0,True,True,,True,False,True,0.6999999999999886,0.6999999999999886,0.6999999999999886,"['LEAGUE_SPECIFIC_VORP', 'RELEVANT_UNIVERSE_RANK_EDGE', 'M9_PRODUCTION_MODEL', 'CURRENT_PLAYER_MATCH']",,,,position_not_validated,0.0148640510950138,-0.0206069189180887,0.0500966112378824,2.0,4.0,M9.1c,178.57475824575474,9.674758245754733,198.03552723473115,0.7591709137189724,0.9,0.8,0.6009166612270019,11.849999999999994,CLEAR_STARTER,RESEARCH_ONLY_EXACT_REPLAY,True,False,STABLE_TEAM,BLOCKED_MISSING_HISTORICAL_SLEEPER_BASELINE,True
fie-final-league-board-v1,1399318410818519040,2026,00-0034351,00-0034351,5022,Dallas Goedert,PHI,TE,SEASON,M9,BLOCKED_STATISTICS,FIE_M9_VALIDATED_PRESEASON,PRODUCTION,PRODUCTION,196.96241916586155,11.586024656815384,168.9092744629089,181.99830829038672,196.80505762154652,211.5319125818352,225.22345166997903,12.0,73.0,153.32371751178778,43.63870165407377,120.3,adp_ppr,14.0,114.0,2.0,41.0,FAIR,False,93.0,True,True,,True,True,True,-0.1000000000000085,-0.1000000000000085,-0.1000000000000085,"['LEAGUE_SPECIFIC_VORP', 'RELEVANT_UNIVERSE_RANK_EDGE', 'M9_PRODUCTION_MODEL', 'CURRENT_PLAYER_MATCH']",,,,position_not_validated,0.0148640510950138,-0.0206069189180887,0.0500966112378824,2.0,4.0,M9.1c,171.25,8.75,196.96241916586155,0.9204185141088947,1.0,1.0,0.6306745150577321,8.75,CLEAR_STARTER,RESEARCH_ONLY_EXACT_REPLAY,True,False,STABLE_TEAM,BLOCKED_MISSING_HISTORICAL_SLEEPER_BASELINE,True
fie-final-league-board-v1,1399318410818519040,2026,00-0038041,00-0038041,8110,Jake Ferguson,DAL,TE,SEASON,M9,BLOCKED_STATISTICS,FIE_M9_VALIDATED_PRESEASON,PRODUCTION,PRODUCTION,190.20818444241544,11.18871673190679,162.1134692462668,174.9120581693483,189.7143405333907,204.9701369224585,219.25312261205525,13.0,80.0,153.32371751178778,36.88446693062767,97.9,adp_ppr,12.0,94.0,-1.0,14.0,FAIR,False,94.0,True,True,,True,True,True,-0.0999999999999943,-0.0999999999999943,-0.0999999999999943,"['LEAGUE_SPECIFIC_VORP', 'RELEVANT_UNIVERSE_RANK_EDGE', 'M9_PRODUCTION_MODEL', 'CURRENT_PLAYER_MATCH']",,,,position_not_validated,0.0148640510950138,-0.0206069189180887,0.0500966112378824,2.0,4.0,M9.1c,196.3057335676292,1.5057335676291927,190.20818444241544,0.0824952443854155,0.6,0.1999999999999999,0.734504179331307,6.150000000000006,CLEAR_STARTER,RESEARCH_ONLY_EXACT_REPLAY,True,False,STABLE_TEAM,BLOCKED_MISSING_HISTORICAL_SLEEPER_BASELINE,True
fie-final-league-board-v1,1399318410818519040,2026,00-0037838,00-0037838,8131,Isaiah Likely,NYG,TE,SEASON,M9,BLOCKED_STATISTICS,FIE_M9_DIAGNOSTIC_MARKET_ANCHORED,DIAGNOSTIC_MARKET_ANCHORED,DIAGNOSTIC_MARKET_ANCHORED,188.3,11.076470588235296,160.2038452089757,173.05276796062284,187.97030035365933,203.36648988018868,216.82776081471047,14.0,85.0,153.32371751178778,34.976282488212235,107.6,adp_ppr,13.0,103.0,-1.0,18.0,FAIR,False,55.0,True,True,,True,True,True,0.1999999999999886,0.1999999999999886,0.1999999999999886,"['LEAGUE_SPECIFIC_VORP', 'RELEVANT_UNIVERSE_RANK_EDGE', 'M9_PRODUCTION_MODEL', 'CURRENT_PLAYER_MATCH']",,,,position_not_validated,0.0148640510950138,-0.0206069189180887,0.0500966112378824,2.0,4.0,M9.1c,182.15,-6.150000000000006,123.38971997120964,-1.335656159741246,0.05,0.9,0.6860237757274662,6.150000000000006,CLEAR_STARTER,RESEARCH_ONLY_TRANSITION_EXACT_REPLAY,True,True,NEW_TEAM_CONTEXT_REBUILT_V3,BLOCKED_MISSING_HISTORICAL_SLEEPER_BASELINE,True
fie-final-league-board-v1,1399318410818519040,2026,00-0033090,00-0033090,3214,Hunter Henry,NE,TE,SEASON,M9,BLOCKED_STATISTICS,FIE_M9_VALIDATED_PRESEASON,PRODUCTION,PRODUCTION,186.82315414404368,10.989597302590806,158.47434256688615,171.73231325906707,186.5646888866139,201.81110539220973,215.65184560270515,15.0,87.0,153.32371751178778,33.49943663225591,141.6,adp_ppr,17.0,129.0,2.0,42.0,FAIR,False,94.0,True,True,,True,True,True,-1.0999999999999943,-1.0999999999999943,-1.0999999999999943,"['LEAGUE_SPECIFIC_VORP', 'RELEVANT_UNIVERSE_RANK_EDGE', 'M9_PRODUCTION_MODEL', 'CURRENT_PLAYER_MATCH']",,,,position_not_validated,0.0148640510950138,-0.0206069189180887,0.0500966112378824,2.0,4.0,M9.1c,187.18906222763013,4.689062227630132,186.82315414404368,0.7002650843264127,0.7,0.3999999999999999,0.6651152095929245,10.549999999999995,CLEAR_STARTER,RESEARCH_ONLY_EXACT_REPLAY,True,False,STABLE_TEAM,BLOCKED_MISSING_HISTORICAL_SLEEPER_BASELINE,True
fie-final-league-board-v1,1399318410818519040,2026,00-0040126,00-0040126,12517,Colston Loveland,CHI,TE,SEASON,M9,BLOCKED_STATISTICS,FIE_M9_VALIDATED_PRESEASON,PRODUCTION,PRODUCTION,174.90067643943556,10.28827508467268,146.94804252145275,160.00561033711844,174.7745942348223,189.3189504589649,203.3332871475304,16.0,105.0,153.32371751178778,21.57695892764778,40.5,adp_ppr,3.0,40.0,-13.0,-65.0,OVERPRICED,True,94.0,True,True,,True,True,True,0.2000000000000028,0.2000000000000028,0.2000000000000028,"['LEAGUE_SPECIFIC_VORP', 'RELEVANT_UNIVERSE_RANK_EDGE', 'M9_PRODUCTION_MODEL', 'CURRENT_PLAYER_MATCH']",,,,position_not_validated,0.0148640510950138,-0.0206069189180887,0.0500966112378824,2.0,4.0,M9.1c,250.79642127596892,-6.603578724031024,174.90067643943556,-1.938149436071672,0.1,0.8,0.2810033499587676,26.864716078618983,CLEAR_STARTER,RESEARCH_ONLY_EXACT_REPLAY,True,False,STABLE_TEAM,BLOCKED_MISSING_HISTORICAL_SLEEPER_BASELINE,True
fie-final-league-board-v1,1399318410818519040,2026,00-0037809,00-0037809,8210,Chig Okonkwo,WAS,TE,SEASON,M9,BLOCKED_STATISTICS,FIE_M9_DIAGNOSTIC_MARKET_ANCHORED,DIAGNOSTIC_MARKET_ANCHORED,DIAGNOSTIC_MARKET_ANCHORED,174.6,10.270588235294117,146.93723889203443,159.85832012450211,174.14793261006946,188.919569155138,202.774750292684,17.0,106.0,153.32371751178778,21.276282488212217,192.2,adp_ppr,24.0,165.0,7.0,59.0,FAIR,False,55.0,True,True,,True,False,True,-0.4000000000000057,-0.4000000000000057,-0.4000000000000057,"['LEAGUE_SPECIFIC_VORP', 'RELEVANT_UNIVERSE_RANK_EDGE', 'M9_PRODUCTION_MODEL', 'CURRENT_PLAYER_MATCH']",,,,position_not_validated,0.0148640510950138,-0.0206069189180887,0.0500966112378824,2.0,4.0,M9.1c,165.34661324195318,-9.253386758046815,151.56623836877776,-0.8601256546348084,0.15,0.7,0.6403727860240022,10.200000000000005,CLEAR_STARTER,RESEARCH_ONLY_TRANSITION_EXACT_REPLAY,True,True,NEW_TEAM_CONTEXT_REBUILT_V3,BLOCKED_MISSING_HISTORICAL_SLEEPER_BASELINE,True
fie-final-league-board-v1,1399318410818519040,2026,00-0040189,00-0040189,12493,Oronde Gadsden,LAC,TE,SEASON,M9,BLOCKED_STATISTICS,FIE_M9_VALIDATED_PRESEASON,PRODUCTION,PRODUCTION,173.3905394264545,10.199443495673794,145.7539025659102,158.28898318727238,172.86432079384545,188.0469056816584,201.83216138413755,18.0,107.0,153.32371751178778,20.06682191466672,138.1,adp_ppr,16.0,126.0,-2.0,19.0,FAIR,False,93.0,True,True,,True,True,True,-1.700000000000017,-1.700000000000017,-1.700000000000017,"['LEAGUE_SPECIFIC_VORP', 'RELEVANT_UNIVERSE_RANK_EDGE', 'M9_PRODUCTION_MODEL', 'CURRENT_PLAYER_MATCH']",,,,position_not_validated,0.0148640510950138,-0.0206069189180887,0.0500966112378824,2.0,4.0,M9.1c,169.8,0.0,173.3905394264545,-0.0102026885939346,0.5,0.0,0.6009166612270019,11.849999999999994,CLEAR_STARTER,RESEARCH_ONLY_EXACT_REPLAY,True,False,STABLE_TEAM,BLOCKED_MISSING_HISTORICAL_SLEEPER_BASELINE,False
fie-final-league-board-v1,1399318410818519040,2026,00-0038935,00-0038935,9480,Brenton Strange,JAX,TE,SEASON,M9,BLOCKED_STATISTICS,FIE_M9_VALIDATED_PRESEASON,PRODUCTION,PRODUCTION,169.4307055201392,9.966512089419954,141.31742101463217,154.38963288630592,168.8310978781162,183.74078443845323,197.99357807113685,19.0,115.0,153.32371751178778,16.106988008351436,152.2,adp_ppr,18.0,137.0,-1.0,22.0,FAIR,False,93.0,True,True,,True,False,True,-4.100000000000023,-4.100000000000023,-4.100000000000023,"['LEAGUE_SPECIFIC_VORP', 'RELEVANT_UNIVERSE_RANK_EDGE', 'M9_PRODUCTION_MODEL', 'CURRENT_PLAYER_MATCH']",,,,position_not_validated,0.0148640510950138,-0.0206069189180887,0.0500966112378824,2.0,4.0,M9.1c,191.655320193769,-0.8446798062309995,169.4307055201392,-0.3081760780078711,0.4,0.1999999999999999,0.734504179331307,6.150000000000006,CLEAR_STARTER,RESEARCH_ONLY_EXACT_REPLAY,True,False,STABLE_TEAM,BLOCKED_MISSING_HISTORICAL_SLEEPER_BASELINE,True
fie-final-league-board-v1,1399318410818519040,2026,00-0035229,00-0035229,5844,T.J. Hockenson,MIN,TE,SEASON,M9,BLOCKED_STATISTICS,FIE_M9_VALIDATED_PRESEASON,PRODUCTION,PRODUCTION,155.30836525783178,9.135786191637164,127.86052741327327,139.8022822911323,154.56463004461233,170.00150402478664,183.8849073737642,20.0,131.0,153.32371751178778,1.984647746044004,164.9,adp_ppr,19.0,143.0,-1.0,12.0,FAIR,False,93.0,True,True,,True,False,True,0.3000000000000113,0.3000000000000113,0.3000000000000113,"['LEAGUE_SPECIFIC_VORP', 'RELEVANT_UNIVERSE_RANK_EDGE', 'M9_PRODUCTION_MODEL', 'CURRENT_PLAYER_MATCH']",,,,position_not_validated,0.0148640510950138,-0.0206069189180887,0.0500966112378824,2.0,4.0,M9.1c,183.16353238112137,-4.836467618878629,155.30836525783178,-0.5979798137102396,0.3,0.4,0.6860237757274662,6.150000000000006,CLEAR_STARTER,RESEARCH_ONLY_EXACT_REPLAY,True,False,STABLE_TEAM,BLOCKED_MISSING_HISTORICAL_SLEEPER_BASELINE,True
fie-final-league-board-v1,1399318410818519040,2026,00-0039793,00-0039793,11603,AJ Barner,SEA,TE,SEASON,M9,BLOCKED_STATISTICS,FIE_M9_VALIDATED_PRESEASON,PRODUCTION,PRODUCTION,153.53263707237727,9.03133159249278,125.79526859997884,138.62088594384716,153.1384072718387,168.0212432035124,181.6410325752516,21.0,135.0,153.32371751178778,0.2089195605894929,181.4,adp_ppr,21.0,154.0,0.0,19.0,FAIR,False,94.0,True,True,,True,False,True,0.3000000000000113,0.3000000000000113,0.3000000000000113,"['LEAGUE_SPECIFIC_VORP', 'RELEVANT_UNIVERSE_RANK_EDGE', 'M9_PRODUCTION_MODEL', 'CURRENT_PLAYER_MATCH']",,,,position_not_validated,0.0148640510950138,-0.0206069189180887,0.0500966112378824,2.0,4.0,M9.1c,171.4,0.0,153.53263707237727,-0.3057907004409905,0.5,0.0,0.6084748954644339,11.299999999999995,CLEAR_STARTER,RESEARCH_ONLY_EXACT_REPLAY,True,False,STABLE_TEAM,BLOCKED_MISSING_HISTORICAL_SLEEPER_BASELINE,False
fie-final-league-board-v1,1399318410818519040,2026,00-0038933,00-0038933,10236,Dalton Kincaid,BUF,TE,SEASON,M9,BLOCKED_STATISTICS,FIE_M9_VALIDATED_PRESEASON,PRODUCTION,PRODUCTION,152.2978012162774,8.958694189192789,125.09579861432618,137.6282984892818,151.7850981542138,166.6056511297752,179.8713531388943,22.0,142.0,153.32371751178778,-1.0259162955103704,87.7,adp_ppr,10.0,87.0,-12.0,-55.0,OVERPRICED,True,93.0,True,True,,True,True,True,0.2999999999999971,0.2999999999999971,0.2999999999999971,"['LEAGUE_SPECIFIC_VORP', 'RELEVANT_UNIVERSE_RANK_EDGE', 'M9_PRODUCTION_MODEL', 'CURRENT_PLAYER_MATCH']",,,,position_not_validated,0.0148640510950138,-0.0206069189180887,0.0500966112378824,2.0,4.0,M9.1c,190.55,-6.050000000000011,152.2978012162774,-1.320930837719955,0.1,0.8,0.7296316518487858,6.050000000000011,CLEAR_STARTER,RESEARCH_ONLY_EXACT_REPLAY,True,False,STABLE_TEAM,BLOCKED_MISSING_HISTORICAL_SLEEPER_BASELINE,True
fie-final-league-board-v1,1399318410818519040,2026,00-0034753,00-0034753,5012,Mark Andrews,BAL,TE,SEASON,M9,BLOCKED_STATISTICS,FIE_M9_VALIDATED_PRESEASON,PRODUCTION,PRODUCTION,149.20118622097496,8.776540365939704,121.70420992760096,134.76249948971238,148.7830754855386,163.50831456143283,176.43674597124,23.0,144.0,153.32371751178778,-4.122531290812816,128.1,adp_ppr,15.0,120.0,-8.0,-24.0,OVERPRICED,True,94.0,True,True,,True,True,True,-0.3000000000000113,-0.3000000000000113,-0.3000000000000113,"['LEAGUE_SPECIFIC_VORP', 'RELEVANT_UNIVERSE_RANK_EDGE', 'M9_PRODUCTION_MODEL', 'CURRENT_PLAYER_MATCH']",,,,position_not_validated,0.0148640510950138,-0.0206069189180887,0.0500966112378824,2.0,4.0,M9.1c,186.4770657294833,-6.022934270516714,149.20118622097496,-0.789975735565989,0.2,0.6,0.734504179331307,6.150000000000006,CLEAR_STARTER,RESEARCH_ONLY_EXACT_REPLAY,True,False,STABLE_TEAM,BLOCKED_MISSING_HISTORICAL_SLEEPER_BASELINE,True
fie-final-league-board-v1,1399318410818519040,2026,00-0041032,00-0041032,13330,Kenyon Sadiq,NYJ,TE,SEASON,M9,BLOCKED_STATISTICS,FIE_M9_DIAGNOSTIC_MARKET_ANCHORED,DIAGNOSTIC_MARKET_ANCHORED,DIAGNOSTIC_MARKET_ANCHORED,120.2,7.070588235294117,94.08967686643814,105.9752640738648,119.72452111555027,133.75286838345738,147.59582875474774,24.0,188.0,153.32371751178778,-33.123717511787774,170.8,adp_ppr,20.0,148.0,-4.0,-40.0,FAIR,False,62.0,True,True,,True,False,True,-2.5,-2.5,-2.5,"['LEAGUE_SPECIFIC_VORP', 'RELEVANT_UNIVERSE_RANK_EDGE', 'M9_PRODUCTION_MODEL', 'CURRENT_PLAYER_MATCH']",,,,position_not_validated,0.0148640510950138,-0.0206069189180887,0.0500966112378824,2.0,4.0,M9.1c,120.2,0.0,,,,,,,CLEAR_STARTER,BASELINE_ONLY,False,False,NO_PROFILE,BLOCKED_MISSING_HISTORICAL_SLEEPER_BASELINE,False
fie-final-league-board-v1,1399318410818519040,2026,00-0040737,00-0040737,12487,Terrance Ferguson,LAR,TE,SEASON,M9,BLOCKED_STATISTICS,FIE_M9_DIAGNOSTIC_MARKET_ANCHORED,DIAGNOSTIC_MARKET_ANCHORED,DIAGNOSTIC_MARKET_ANCHORED,117.8,6.929411764705883,91.38918777076242,103.41491069228098,117.66778400150486,131.24143221955188,144.71136395501225,25.0,191.0,153.32371751178778,-35.52371751178778,206.5,adp_ppr,25.0,175.0,0.0,-16.0,FAIR,False,55.0,True,True,,True,False,True,-1.4000000000000057,-1.4000000000000057,-1.4000000000000057,"['LEAGUE_SPECIFIC_VORP', 'RELEVANT_UNIVERSE_RANK_EDGE', 'M9_PRODUCTION_MODEL', 'CURRENT_PLAYER_MATCH']",,,,position_not_validated,0.0148640510950138,-0.0206069189180887,0.0500966112378824,2.0,4.0,M9.1c,113.2560003883416,-4.543999611658421,66.84223920717963,-1.1809708521681492,0.125,0.75,0.5644720014482513,18.10000000000001,STARTER,RESEARCH_ONLY_EXACT_REPLAY,True,False,STABLE_TEAM,BLOCKED_MISSING_HISTORICAL_SLEEPER_BASELINE,True
fie-final-league-board-v1,1399318410818519040,2026,00-0036422,00-0036422,6869,Adam Trautman,DEN,TE,SEASON,M9,BLOCKED_STATISTICS,FIE_M9_VALIDATED_PRESEASON,PRODUCTION,PRODUCTION,75.8855092991234,4.463853488183729,52.43600376283601,62.715521638178814,75.24435131817826,88.00234788383291,99.97642992223456,,255.0,153.32371751178778,-77.43820821266438,682.8,adp_ppr,,463.0,,208.0,IRRELEVANT,False,93.0,True,True,,False,False,False,0.0,0.0,0.0,"['LEAGUE_SPECIFIC_VORP', 'M9_PRODUCTION_MODEL', 'CURRENT_PLAYER_MATCH']",,,,position_not_validated,0.0148640510950138,-0.0206069189180887,0.0500966112378824,2.0,4.0,M9.1c,34.3,1.0,75.8855092991234,0.0143800959472537,0.7142857142857143,0.4285714285714286,0.9172292288239532,1.0,COMMITTEE_FRINGE,RESEARCH_ONLY_EXACT_REPLAY,True,False,STABLE_TEAM,BLOCKED_MISSING_HISTORICAL_SLEEPER_BASELINE,True
fie-final-league-board-v1,1399318410818519040,2026,00-0032392,00-0032392,3202,Austin Hooper,ATL,TE,SEASON,M9,BLOCKED_STATISTICS,FIE_M9_DIAGNOSTIC_MARKET_ANCHORED,DIAGNOSTIC_MARKET_ANCHORED,DIAGNOSTIC_MARKET_ANCHORED,40.2,2.364705882352941,19.020354414760263,28.179594243466543,39.105658382503776,50.83332837687063,62.53223042197471,,369.0,153.32371751178778,-113.12371751178776,430.0,adp_ppr,,278.0,,-91.0,IRRELEVANT,False,55.0,True,True,,False,False,False,0.0,0.0,0.0,"['LEAGUE_SPECIFIC_VORP', 'M9_PRODUCTION_MODEL', 'CURRENT_PLAYER_MATCH']",,,,position_not_validated,0.0148640510950138,-0.0206069189180887,0.0500966112378824,2.0,4.0,M9.1c,40.2,0.0,75.18985598547175,-0.4013918246268315,0.5,0.0,0.94830908592942,1.9000000000000057,COMMITTEE_FRINGE,RESEARCH_ONLY_TRANSITION_EXACT_REPLAY,True,True,NEW_TEAM_CONTEXT_REBUILT_V3,BLOCKED_MISSING_HISTORICAL_SLEEPER_BASELINE,False
fie-final-league-board-v1,1399318410818519040,2026,4744,,4744,Barrett Burns,BAL,TE,SEASON,M9,BLOCKED_STATISTICS,MARKET_FALLBACK,MARKET_BASE,MARKET_BASE,,,,,,,,,,153.32371751178778,,640.3,adp_ppr,,383.0,,,UNAVAILABLE,False,10.0,True,True,,False,False,False,-71.0,-71.0,-71.0,"['M9_PRODUCTION_MODEL', 'CURRENT_PLAYER_MATCH']",,,,position_not_validated,0.0148640510950138,-0.0206069189180887,0.0500966112378824,2.0,4.0,M9.1c,,,,,,,,,UNRANKED,BASELINE_ONLY,False,False,NO_PROFILE,BLOCKED_MISSING_HISTORICAL_SLEEPER_BASELINE,False
fie-final-league-board-v1,1399318410818519040,2026,00-0041094,00-0041094,13308,Bauer Sharp,TB,TE,SEASON,M9,BLOCKED_STATISTICS,MARKET_FALLBACK,MARKET_BASE,MARKET_BASE,,,,,,,,,,153.32371751178778,,588.2,adp_ppr,,337.0,,,UNAVAILABLE,False,10.0,True,True,,False,False,False,0.0,0.0,0.0,"['M9_PRODUCTION_MODEL', 'CURRENT_PLAYER_MATCH']",,,,position_not_validated,0.0148640510950138,-0.0206069189180887,0.0500966112378824,2.0,4.0,M9.1c,,,,,,,,,UNRANKED,BASELINE_ONLY,False,False,NO_PROFILE,BLOCKED_MISSING_HISTORICAL_SLEEPER_BASELINE,False
fie-final-league-board-v1,1399318410818519040,2026,00-0038809,00-0038809,11082,Ben Sims,MIA,TE,SEASON,M9,BLOCKED_STATISTICS,MARKET_FALLBACK,MARKET_BASE,MARKET_BASE,,,,,,,,,,153.32371751178778,,468.0,adp_ppr,,292.0,,,UNAVAILABLE,False,10.0,True,True,,False,False,False,0.0,0.0,0.0,"['M9_PRODUCTION_MODEL', 'CURRENT_PLAYER_MATCH']",,,,position_not_validated,0.0148640510950138,-0.0206069189180887,0.0500966112378824,2.0,4.0,M9.1c,,,,,,,,,UNRANKED,BASELINE_ONLY,False,False,NO_PROFILE,BLOCKED_MISSING_HISTORICAL_SLEEPER_BASELINE,False
fie-final-league-board-v1,1399318410818519040,2026,00-0039912,00-0039912,11596,Ben Sinnott,WAS,TE,SEASON,M9,BLOCKED_STATISTICS,FIE_M9_VALIDATED_PRESEASON,PRODUCTION,PRODUCTION,60.8655562893766,3.5803268405515647,38.13132456586374,48.29589598939377,59.91881844285446,72.5387125802635,84.87600696372881,,313.0,153.32371751178778,-92.45816122241118,,adp_ppr,,,,,IRRELEVANT,False,92.0,True,True,,False,False,False,,,,"['LEAGUE_SPECIFIC_VORP', 'M9_PRODUCTION_MODEL', 'CURRENT_PLAYER_MATCH']",,,,position_not_validated,0.0148640510950138,-0.0206069189180887,0.0500966112378824,2.0,4.0,M9.1c,32.9077707868349,-0.0922292131650976,60.8655562893766,-0.6744907594765952,0.4285714285714285,0.1428571428571429,0.9222921316509484,1.0,COMMITTEE_FRINGE,RESEARCH_ONLY_EXACT_REPLAY,True,False,STABLE_TEAM,BLOCKED_MISSING_HISTORICAL_SLEEPER_BASELINE,True
fie-final-league-board-v1,1399318410818519040,2026,00-0040509,00-0040509,13121,Ben Yurosek,MIN,TE,SEASON,M9,BLOCKED_STATISTICS,FIE_M9_VALIDATED_PRESEASON,PRODUCTION,PRODUCTION,27.727182020374645,1.6310107070808617,8.076262646864247,16.462924029516497,26.548571750513705,37.747383738728274,48.65314255289401,,418.0,153.32371751178778,-125.59653549141314,,adp_ppr,,,,,IRRELEVANT,False,91.0,True,True,,False,False,False,,,,"['LEAGUE_SPECIFIC_VORP', 'M9_PRODUCTION_MODEL', 'CURRENT_PLAYER_MATCH']",,,,position_not_validated,0.0148640510950138,-0.0206069189180887,0.0500966112378824,2.0,4.0,M9.1c,4.0,0.0,27.727182020374645,0.0,0.5454545454545454,0.0909090909090908,0.944833035339733,1.4000000000000004,DEPTH,RESEARCH_ONLY_EXACT_REPLAY,True,False,STABLE_TEAM,BLOCKED_MISSING_HISTORICAL_SLEEPER_BASELINE,False
fie-final-league-board-v1,1399318410818519040,2026,00-0038710,00-0038710,11201,Blake Whiteheart,CLE,TE,SEASON,M9,BLOCKED_STATISTICS,FIE_M9_VALIDATED_PRESEASON,PRODUCTION,PRODUCTION,26.720483161247497,1.5717931271322056,7.291625236929786,15.470448008571946,25.625415000505303,36.637159910070366,47.34068471036409,,424.0,153.32371751178778,-126.60323435054028,,adp_ppr,,,,,IRRELEVANT,False,92.0,True,True,,False,False,False,,,,"['LEAGUE_SPECIFIC_VORP', 'M9_PRODUCTION_MODEL', 'CURRENT_PLAYER_MATCH']",,,,position_not_validated,0.0148640510950138,-0.0206069189180887,0.0500966112378824,2.0,4.0,M9.1c,4.019994741846791,-0.3800052581532096,26.720483161247497,-0.6744907594765952,0.2727272727272727,0.4545454545454546,0.9500131453830222,1.0,DEPTH,RESEARCH_ONLY_EXACT_REPLAY,True,False,STABLE_TEAM,BLOCKED_MISSING_HISTORICAL_SLEEPER_BASELINE,True
fie-final-league-board-v1,1399318410818519040,2026,00-0038643,00-0038643,10224,Brayden Willis,SF,TE,SEASON,M9,BLOCKED_STATISTICS,FIE_M9_VALIDATED_PRESEASON,PRODUCTION,PRODUCTION,12.159669420875906,0.7152746718162297,-6.066056777461615,1.3626351926290283,10.932743585370986,21.60201724643975,31.873171529076195,,475.0,153.32371751178778,-141.16404809091188,682.8,adp_ppr,,464.0,,-11.0,IRRELEVANT,False,91.0,True,True,,False,False,False,0.0,0.0,0.0,"['LEAGUE_SPECIFIC_VORP', 'M9_PRODUCTION_MODEL', 'CURRENT_PLAYER_MATCH']",,,,position_not_validated,0.0148640510950138,-0.0206069189180887,0.0500966112378824,2.0,4.0,M9.1c,,,,,,,,,UNRANKED,BASELINE_ONLY,False,False,NO_PROFILE,BLOCKED_MISSING_HISTORICAL_SLEEPER_BASELINE,False
fie-final-league-board-v1,1399318410818519040,2026,00-0039530,00-0039530,11593,Brevyn Spann-Ford,DAL,TE,SEASON,M9,BLOCKED_STATISTICS,FIE_M9_VALIDATED_PRESEASON,PRODUCTION,PRODUCTION,37.690804116201285,2.2171061244824286,17.046353752929292,25.797457870502427,36.64885337837026,48.352528572338784,59.76595686079153,,384.0,153.32371751178778,-115.63291339558648,,adp_ppr,,,,,IRRELEVANT,False,94.0,True,True,,False,False,False,,,,"['LEAGUE_SPECIFIC_VORP', 'M9_PRODUCTION_MODEL', 'CURRENT_PLAYER_MATCH']",,,,position_not_validated,0.0148640510950138,-0.0206069189180887,0.0500966112378824,2.0,4.0,M9.1c,34.288142823008904,-1.1118571769910943,37.690804116201285,-5.092713351685529,0.1818181818181818,0.6363636363636364,0.5423693546298033,19.148969116863128,DEPTH,RESEARCH_ONLY_EXACT_REPLAY,True,False,STABLE_TEAM,BLOCKED_MISSING_HISTORICAL_SLEEPER_BASELINE,True
fie-final-league-board-v1,1399318410818519040,2026,00-0036754,00-0036754,7891,Brock Wright,DET,TE,SEASON,M9,BLOCKED_STATISTICS,FIE_M9_VALIDATED_PRESEASON,PRODUCTION,PRODUCTION,100.32451585385778,5.901442109050457,74.76895730131498,86.13842089687694,99.49682334582988,113.48705868874976,126.24547742481008,,213.0,153.32371751178778,-52.99920165793,690.8,adp_ppr,,476.0,,263.0,IRRELEVANT,False,92.0,True,True,,False,False,False,0.0,0.0,0.0,"['LEAGUE_SPECIFIC_VORP', 'M9_PRODUCTION_MODEL', 'CURRENT_PLAYER_MATCH']",,,,position_not_validated,0.0148640510950138,-0.0206069189180887,0.0500966112378824,2.0,4.0,M9.1c,33.8,1.0,100.32451585385778,1.1281251342159873,1.0,1.0,0.9222921316509484,1.0,COMMITTEE_FRINGE,RESEARCH_ONLY_EXACT_REPLAY,True,False,STABLE_TEAM,BLOCKED_MISSING_HISTORICAL_SLEEPER_BASELINE,True
fie-final-league-board-v1,1399318410818519040,2026,00-0033117,00-0033117,3239,Bronson Kaufusi,GB,TE,SEASON,M9,BLOCKED_STATISTICS,MARKET_FALLBACK,MARKET_BASE,MARKET_BASE,,,,,,,,,,153.32371751178778,,,adp_ppr,,,,,UNAVAILABLE,False,10.0,True,True,,False,False,False,,,,"['M9_PRODUCTION_MODEL', 'CURRENT_PLAYER_MATCH']",,,,position_not_validated,0.0148640510950138,-0.0206069189180887,0.0500966112378824,2.0,4.0,M9.1c,,,,,,,,,UNRANKED,BASELINE_ONLY,False,False,NO_PROFILE,BLOCKED_MISSING_HISTORICAL_SLEEPER_BASELINE,False
fie-final-league-board-v1,1399318410818519040,2026,12941,,12941,Bryson Nesbit,MIN,TE,SEASON,M9,BLOCKED_STATISTICS,MARKET_FALLBACK,MARKET_BASE,MARKET_BASE,,,,,,,,,,153.32371751178778,,651.0,adp_ppr,,403.0,,,UNAVAILABLE,False,10.0,True,True,,False,False,False,0.0,0.0,0.0,"['M9_PRODUCTION_MODEL', 'CURRENT_PLAYER_MATCH']",,,,position_not_validated,0.0148640510950138,-0.0206069189180887,0.0500966112378824,2.0,4.0,M9.1c,,,,,,,,,UNRANKED,BASELINE_ONLY,False,False,NO_PROFILE,BLOCKED_MISSING_HISTORICAL_SLEEPER_BASELINE,False
fie-final-league-board-v1,1399318410818519040,2026,00-0038129,00-0038129,8111,Cade Otton,TB,TE,SEASON,M9,BLOCKED_STATISTICS,FIE_M9_VALIDATED_PRESEASON,PRODUCTION,PRODUCTION,162.8772907949078,9.581017105582813,135.61402817506436,148.18210781215203,162.34552387412543,176.97665336529624,190.9538829403623,,122.0,153.32371751178778,9.553573283120016,233.1,adp_ppr,,214.0,,92.0,DEEP_MARKET_OUTLIER,False,93.0,True,True,,False,False,False,0.0,0.0,0.0,"['LEAGUE_SPECIFIC_VORP', 'M9_PRODUCTION_MODEL', 'CURRENT_PLAYER_MATCH']",,,,position_not_validated,0.0148640510950138,-0.0206069189180887,0.0500966112378824,2.0,4.0,M9.1c,150.70609106306426,1.9060910630642525,162.8772907949078,0.2111876638261935,0.6,0.1999999999999999,0.5222167296066387,17.25,CLEAR_STARTER,RESEARCH_ONLY_EXACT_REPLAY,True,False,STABLE_TEAM,BLOCKED_MISSING_HISTORICAL_SLEEPER_BASELINE,True
fie-final-league-board-v1,1399318410818519040,2026,00-0039359,00-0039359,11599,Cade Stover,HOU,TE,SEASON,M9,BLOCKED_STATISTICS,FIE_M9_VALIDATED_PRESEASON,PRODUCTION,PRODUCTION,75.33935369930553,4.431726688194443,51.605412561530805,62.07283832530753,74.49239226042297,87.70350928583585,100.30394850425706,,257.0,153.32371751178778,-77.98436381248224,,adp_ppr,,,,,IRRELEVANT,False,91.0,True,True,,False,False,False,,,,"['LEAGUE_SPECIFIC_VORP', 'M9_PRODUCTION_MODEL', 'CURRENT_PLAYER_MATCH']",,,,position_not_validated,0.0148640510950138,-0.0206069189180887,0.0500966112378824,2.0,4.0,M9.1c,33.240867874979635,-6.959132125020368,75.33935369930553,-0.1950732693937985,0.375,0.25,0.3988041332389898,23.756147405364075,STARTER,RESEARCH_ONLY_EXACT_REPLAY,True,False,STABLE_TEAM,BLOCKED_MISSING_HISTORICAL_SLEEPER_BASELINE,True
fie-final-league-board-v1,1399318410818519040,2026,00-0040240,00-0040240,12735,Caleb Lohner,DEN,TE,SEASON,M9,BLOCKED_STATISTICS,MARKET_FALLBACK,MARKET_BASE,MARKET_BASE,,,,,,,,,,153.32371751178778,,,adp_ppr,,,,,UNAVAILABLE,False,10.0,True,True,,False,False,False,,,,"['M9_PRODUCTION_MODEL', 'CURRENT_PLAYER_MATCH']",,,,position_not_validated,0.0148640510950138,-0.0206069189180887,0.0500966112378824,2.0,4.0,M9.1c,,,,,,,,,UNRANKED,BASELINE_ONLY,False,False,NO_PROFILE,BLOCKED_MISSING_HISTORICAL_SLEEPER_BASELINE,False
fie-final-league-board-v1,1399318410818519040,2026,00-0039631,00-0039631,12062,Cam Grandy,CIN,TE,SEASON,M9,BLOCKED_STATISTICS,FIE_M9_VALIDATED_PRESEASON,PRODUCTION,PRODUCTION,44.80985792646208,2.63587399567424,23.75220979304416,32.78976232714541,43.56274809073066,55.78560231534985,67.4659741383505,,349.0,153.32371751178778,-108.51385958532568,599.7,adp_ppr,,341.0,,-8.0,IRRELEVANT,False,90.0,True,True,,False,False,False,0.0,0.0,0.0,"['LEAGUE_SPECIFIC_VORP', 'M9_PRODUCTION_MODEL', 'CURRENT_PLAYER_MATCH']",,,,position_not_validated,0.0148640510950138,-0.0206069189180887,0.0500966112378824,2.0,4.0,M9.1c,,,,,,,,,UNRANKED,BASELINE_ONLY,False,False,NO_PROFILE,BLOCKED_MISSING_HISTORICAL_SLEEPER_BASELINE,False
fie-final-league-board-v1,1399318410818519040,2026,00-0038564,00-0038564,10210,Cameron Latu,PHI,TE,SEASON,M9,BLOCKED_STATISTICS,FIE_M9_VALIDATED_PRESEASON,PRODUCTION,PRODUCTION,27.06808194110922,1.5922401141828952,7.130449250204162,15.565364020624015,26.02516459048183,36.91248233754079,48.32710710179145,,422.0,153.32371751178778,-126.25563557067856,673.1,adp_ppr,,442.0,,20.0,IRRELEVANT,False,92.0,True,True,,False,False,False,0.0,0.0,0.0,"['LEAGUE_SPECIFIC_VORP', 'M9_PRODUCTION_MODEL', 'CURRENT_PLAYER_MATCH']",,,,position_not_validated,0.0148640510950138,-0.0206069189180887,0.0500966112378824,2.0,4.0,M9.1c,3.1968919199612267,-0.8031080800387733,27.06808194110922,-0.4792251652637792,0.2727272727272727,0.4545454545454546,0.944833035339733,1.4000000000000004,DEPTH,RESEARCH_ONLY_EXACT_REPLAY,True,False,STABLE_TEAM,BLOCKED_MISSING_HISTORICAL_SLEEPER_BASELINE,True
fie-final-league-board-v1,1399318410818519040,2026,00-0041131,00-0041131,13580,Carsen Ryan,CLE,TE,SEASON,M9,BLOCKED_STATISTICS,MARKET_FALLBACK,MARKET_BASE,MARKET_BASE,,,,,,,,,,153.32371751178778,,430.5,adp_ppr,,279.0,,,UNAVAILABLE,False,10.0,True,True,,False,False,False,-56.0,-56.0,-56.0,"['M9_PRODUCTION_MODEL', 'CURRENT_PLAYER_MATCH']",,,,position_not_validated,0.0148640510950138,-0.0206069189180887,0.0500966112378824,2.0,4.0,M9.1c,,,,,,,,,UNRANKED,BASELINE_ONLY,False,False,NO_PROFILE,BLOCKED_MISSING_HISTORICAL_SLEEPER_BASELINE,False
fie-final-league-board-v1,1399318410818519040,2026,13407,,13407,Carson Towt,IND,TE,SEASON,M9,BLOCKED_STATISTICS,MARKET_FALLBACK,MARKET_BASE,MARKET_BASE,,,,,,,,,,153.32371751178778,,,adp_ppr,,,,,UNAVAILABLE,False,10.0,True,True,,False,False,False,,,,"['M9_PRODUCTION_MODEL', 'CURRENT_PLAYER_MATCH']",,,,position_not_validated,0.0148640510950138,-0.0206069189180887,0.0500966112378824,2.0,4.0,M9.1c,,,,,,,,,UNRANKED,BASELINE_ONLY,False,False,NO_PROFILE,BLOCKED_MISSING_HISTORICAL_SLEEPER_BASELINE,False
fie-final-league-board-v1,1399318410818519040,2026,00-0040488,00-0040488,13122,Carter Runyon,LV,TE,SEASON,M9,BLOCKED_STATISTICS,FIE_M9_VALIDATED_PRESEASON,PRODUCTION,PRODUCTION,20.12420101167194,1.1837765300983494,1.1592390990182473,8.921067143632119,18.74027039028267,29.95813688965492,40.83845894646677,,453.0,153.32371751178778,-133.19951650011583,,adp_ppr,,,,,IRRELEVANT,False,90.0,True,True,,False,False,False,,,,"['LEAGUE_SPECIFIC_VORP', 'M9_PRODUCTION_MODEL', 'CURRENT_PLAYER_MATCH']",,,,position_not_validated,0.0148640510950138,-0.0206069189180887,0.0500966112378824,2.0,4.0,M9.1c,,,,,,,,,UNRANKED,BASELINE_ONLY,False,False,NO_PROFILE,BLOCKED_MISSING_HISTORICAL_SLEEPER_BASELINE,False
fie-final-league-board-v1,1399318410818519040,2026,00-0038046,00-0038046,8127,Charlie Kolar,LAC,TE,SEASON,M9,BLOCKED_STATISTICS,FIE_M9_DIAGNOSTIC_MARKET_ANCHORED,DIAGNOSTIC_MARKET_ANCHORED,DIAGNOSTIC_MARKET_ANCHORED,46.400000000000006,2.729411764705883,25.370636328772136,34.42216677195833,45.17793627832006,57.47034986991315,69.17548507948803,,342.0,153.32371751178778,-106.92371751178776,,adp_ppr,,,,,IRRELEVANT,False,55.0,True,True,,False,False,False,,,,"['LEAGUE_SPECIFIC_VORP', 'M9_PRODUCTION_MODEL', 'CURRENT_PLAYER_MATCH']",,,,position_not_validated,0.0148640510950138,-0.0206069189180887,0.0500966112378824,2.0,4.0,M9.1c,46.05863934437085,-0.3413606556291526,51.01848045941916,-3.073920262922865,0.0714285714285714,0.8571428571428572,0.8534016390728841,8.100000000000009,COMMITTEE_FRINGE,RESEARCH_ONLY_TRANSITION_EXACT_REPLAY,True,True,NEW_TEAM_CONTEXT_REBUILT_V3,BLOCKED_MISSING_HISTORICAL_SLEEPER_BASELINE,True
fie-final-league-board-v1,1399318410818519040,2026,00-0036429,00-0036429,7075,Charlie Woerner,ATL,TE,SEASON,M9,BLOCKED_STATISTICS,FIE_M9_VALIDATED_PRESEASON,PRODUCTION,PRODUCTION,43.39183453932383,2.552460855254343,21.99882706535668,31.27644726852715,42.29553084971546,54.30119566991655,66.30699681749107,,353.0,153.32371751178778,-109.93188297246394,641.5,adp_ppr,,386.0,,33.0,IRRELEVANT,False,91.0,True,True,,False,False,False,0.0,0.0,0.0,"['LEAGUE_SPECIFIC_VORP', 'M9_PRODUCTION_MODEL', 'CURRENT_PLAYER_MATCH']",,,,position_not_validated,0.0148640510950138,-0.0206069189180887,0.0500966112378824,2.0,4.0,M9.1c,7.761809822249967,-0.2381901777500328,43.39183453932383,-0.270623026975981,0.4545454545454545,0.0909090909090909,0.9527607110001316,1.0,DEPTH,RESEARCH_ONLY_EXACT_REPLAY,True,False,STABLE_TEAM,BLOCKED_MISSING_HISTORICAL_SLEEPER_BASELINE,True
fie-final-league-board-v1,1399318410818519040,2026,13839,,13839,Chase Curtis,NYJ,TE,SEASON,M9,BLOCKED_STATISTICS,MARKET_FALLBACK,MARKET_BASE,MARKET_BASE,,,,,,,,,,153.32371751178778,,,adp_ppr,,,,,UNAVAILABLE,False,10.0,True,True,,False,False,False,,,,"['M9_PRODUCTION_MODEL', 'CURRENT_PLAYER_MATCH']",,,,position_not_validated,0.0148640510950138,-0.0206069189180887,0.0500966112378824,2.0,4.0,M9.1c,,,,,,,,,UNRANKED,BASELINE_ONLY,False,False,NO_PROFILE,BLOCKED_MISSING_HISTORICAL_SLEEPER_BASELINE,False
fie-final-league-board-v1,1399318410818519040,2026,00-0031484,00-0031484,3048,Chris Manhertz,NYG,TE,SEASON,M9,BLOCKED_STATISTICS,FIE_M9_VALIDATED_PRESEASON,PRODUCTION,PRODUCTION,25.356438311985247,1.4915551948226615,5.628851459126029,13.908605642148355,24.13505148725103,35.44064782165276,46.75371549334753,,432.0,153.32371751178778,-127.96727919980252,625.3,adp_ppr,,362.0,,-70.0,IRRELEVANT,False,91.0,True,True,,False,False,False,0.0,0.0,0.0,"['LEAGUE_SPECIFIC_VORP', 'M9_PRODUCTION_MODEL', 'CURRENT_PLAYER_MATCH']",,,,position_not_validated,0.0148640510950138,-0.0206069189180887,0.0500966112378824,2.0,4.0,M9.1c,0.7110395193503234,-1.5889604806496764,25.356438311985247,-0.6744907594765952,0.1818181818181818,0.6363636363636364,0.9346826356762802,1.7000000000000002,DEPTH,RESEARCH_ONLY_EXACT_REPLAY,True,False,STABLE_TEAM,BLOCKED_MISSING_HISTORICAL_SLEEPER_BASELINE,True
fie-final-league-board-v1,1399318410818519040,2026,00-0035345,00-0035345,6529,Chris Myarick,LV,TE,SEASON,M9,BLOCKED_STATISTICS,MARKET_FALLBACK,MARKET_BASE,MARKET_BASE,,,,,,,,,,153.32371751178778,,680.0,adp_ppr,,458.0,,,UNAVAILABLE,False,10.0,True,True,,False,False,False,0.0,0.0,0.0,"['M9_PRODUCTION_MODEL', 'CURRENT_PLAYER_MATCH']",,,,position_not_validated,0.0148640510950138,-0.0206069189180887,0.0500966112378824,2.0,4.0,M9.1c,,,,,,,,,UNRANKED,BASELINE_ONLY,False,False,NO_PROFILE,BLOCKED_MISSING_HISTORICAL_SLEEPER_BASELINE,False
fie-final-league-board-v1,1399318410818519040,2026,13834,,13834,Cody Hardy,NO,TE,SEASON,M9,BLOCKED_STATISTICS,MARKET_FALLBACK,MARKET_BASE,MARKET_BASE,,,,,,,,,,153.32371751178778,,618.5,adp_ppr,,352.0,,,UNAVAILABLE,False,10.0,True,True,,False,False,False,-463.5,-463.5,-463.5,"['M9_PRODUCTION_MODEL', 'CURRENT_PLAYER_MATCH']",,,,position_not_validated,0.0148640510950138,-0.0206069189180887,0.0500966112378824,2.0,4.0,M9.1c,,,,,,,,,UNRANKED,BASELINE_ONLY,False,False,NO_PROFILE,BLOCKED_MISSING_HISTORICAL_SLEEPER_BASELINE,False
fie-final-league-board-v1,1399318410818519040,2026,00-0036244,00-0036244,6865,Colby Parkinson,LAR,TE,SEASON,M9,BLOCKED_STATISTICS,FIE_M9_DIAGNOSTIC_MARKET_ANCHORED,DIAGNOSTIC_MARKET_ANCHORED,DIAGNOSTIC_MARKET_ANCHORED,90.8,5.341176470588235,66.0558129147694,77.17694794388741,89.98349578612697,103.8489212841209,116.44597017233986,,233.0,153.32371751178778,-62.52371751178778,251.4,adp_ppr,,249.0,,16.0,IRRELEVANT,False,55.0,True,True,,False,False,False,0.0,0.0,0.0,"['LEAGUE_SPECIFIC_VORP', 'M9_PRODUCTION_MODEL', 'CURRENT_PLAYER_MATCH']",,,,position_not_validated,0.0148640510950138,-0.0206069189180887,0.0500966112378824,2.0,4.0,M9.1c,95.15,4.349999999999994,158.47390834843495,0.7241910465941122,0.875,0.75,0.8325000645944758,4.349999999999994,STARTER,RESEARCH_ONLY_EXACT_REPLAY,True,False,STABLE_TEAM,BLOCKED_MISSING_HISTORICAL_SLEEPER_BASELINE,True
fie-final-league-board-v1,1399318410818519040,2026,00-0036290,00-0036290,6826,Cole Kmet,CHI,TE,SEASON,M9,BLOCKED_STATISTICS,FIE_M9_VALIDATED_PRESEASON,PRODUCTION,PRODUCTION,98.28005107077033,5.781179474751196,73.32070431236846,84.71732192776248,97.6852409282451,110.96766746446926,123.98781520499992,,217.0,153.32371751178778,-55.04366644101745,,adp_ppr,,,,,IRRELEVANT,False,94.0,True,True,,False,False,False,,,,"['LEAGUE_SPECIFIC_VORP', 'M9_PRODUCTION_MODEL', 'CURRENT_PLAYER_MATCH']",,,,position_not_validated,0.0148640510950138,-0.0206069189180887,0.0500966112378824,2.0,4.0,M9.1c,94.23500128536028,-2.4649987146397336,98.28005107077033,-0.7492013189933535,0.25,0.5,0.7951608756902384,5.399999999999999,STARTER,RESEARCH_ONLY_EXACT_REPLAY,True,False,STABLE_TEAM,BLOCKED_MISSING_HISTORICAL_SLEEPER_BASELINE,True
fie-final-league-board-v1,1399318410818519040,2026,00-0037078,00-0037078,8214,Cole Turner,MIA,TE,SEASON,M9,BLOCKED_STATISTICS,MARKET_FALLBACK,MARKET_BASE,MARKET_BASE,,,,,,,,,,153.32371751178778,,444.0,adp_ppr,,283.0,,,UNAVAILABLE,False,10.0,True,True,,False,False,False,0.0,0.0,0.0,"['M9_PRODUCTION_MODEL', 'CURRENT_PLAYER_MATCH']",,,,position_not_validated,0.0148640510950138,-0.0206069189180887,0.0500966112378824,2.0,4.0,M9.1c,,,,,,,,,UNRANKED,BASELINE_ONLY,False,False,NO_PROFILE,BLOCKED_MISSING_HISTORICAL_SLEEPER_BASELINE,False
fie-final-league-board-v1,1399318410818519040,2026,00-0039686,00-0039686,11942,Colson Yankoff,WAS,TE,SEASON,M9,BLOCKED_STATISTICS,FIE_M9_VALIDATED_PRESEASON,PRODUCTION,PRODUCTION,27.51272261090952,1.61839544770056,7.817435344349327,16.11968542058856,26.301027873495663,37.63385095923444,48.72089708557821,,421.0,153.32371751178778,-125.81099490087826,,adp_ppr,,,,,IRRELEVANT,False,92.0,True,True,,False,False,False,,,,"['LEAGUE_SPECIFIC_VORP', 'M9_PRODUCTION_MODEL', 'CURRENT_PLAYER_MATCH']",,,,position_not_validated,0.0148640510950138,-0.0206069189180887,0.0500966112378824,2.0,4.0,M9.1c,,,,,,,,,UNRANKED,BASELINE_ONLY,False,False,NO_PROFILE,BLOCKED_MISSING_HISTORICAL_SLEEPER_BASELINE,False
fie-final-league-board-v1,1399318410818519040,2026,14069,,14069,Connor Hulstein,NYJ,TE,SEASON,M9,BLOCKED_STATISTICS,MARKET_FALLBACK,MARKET_BASE,MARKET_BASE,,,,,,,,,,153.32371751178778,,,adp_ppr,,,,,UNAVAILABLE,False,10.0,True,True,,False,False,False,,,,"['M9_PRODUCTION_MODEL', 'CURRENT_PLAYER_MATCH']",,,,position_not_validated,0.0148640510950138,-0.0206069189180887,0.0500966112378824,2.0,4.0,M9.1c,,,,,,,,,UNRANKED,BASELINE_ONLY,False,False,NO_PROFILE,BLOCKED_MISSING_HISTORICAL_SLEEPER_BASELINE,False
fie-final-league-board-v1,1399318410818519040,2026,13355,,13355,DJ Rogers,DAL,TE,SEASON,M9,BLOCKED_STATISTICS,MARKET_FALLBACK,MARKET_BASE,MARKET_BASE,,,,,,,,,,153.32371751178778,,,adp_ppr,,,,,UNAVAILABLE,False,10.0,True,True,,False,False,False,,,,"['M9_PRODUCTION_MODEL', 'CURRENT_PLAYER_MATCH']",,,,position_not_validated,0.0148640510950138,-0.0206069189180887,0.0500966112378824,2.0,4.0,M9.1c,,,,,,,,,UNRANKED,BASELINE_ONLY,False,False,NO_PROFILE,BLOCKED_MISSING_HISTORICAL_SLEEPER_BASELINE,False
fie-final-league-board-v1,1399318410818519040,2026,00-0041133,00-0041133,13577,Dallen Bentley,DEN,TE,SEASON,M9,BLOCKED_STATISTICS,MARKET_FALLBACK,MARKET_BASE,MARKET_BASE,,,,,,,,,,153.32371751178778,,355.0,adp_ppr,,264.0,,,UNAVAILABLE,False,10.0,True,True,,False,False,False,73.0,73.0,73.0,"['M9_PRODUCTION_MODEL', 'CURRENT_PLAYER_MATCH']",,,,position_not_validated,0.0148640510950138,-0.0206069189180887,0.0500966112378824,2.0,4.0,M9.1c,,,,,,,,,UNRANKED,BASELINE_ONLY,False,False,NO_PROFILE,BLOCKED_MISSING_HISTORICAL_SLEEPER_BASELINE,False
fie-final-league-board-v1,1399318410818519040,2026,00-0038115,00-0038115,8225,Daniel Bellinger,TEN,TE,SEASON,M9,BLOCKED_STATISTICS,FIE_M9_DIAGNOSTIC_MARKET_ANCHORED,DIAGNOSTIC_MARKET_ANCHORED,DIAGNOSTIC_MARKET_ANCHORED,48.6,2.8588235294117648,27.19037513861769,36.54721835762805,47.635952317705794,59.64031842219169,71.21243685034105,,339.0,153.32371751178778,-104.72371751178778,,adp_ppr,,,,,IRRELEVANT,False,55.0,True,True,,False,False,False,,,,"['LEAGUE_SPECIFIC_VORP', 'M9_PRODUCTION_MODEL', 'CURRENT_PLAYER_MATCH']",,,,position_not_validated,0.0148640510950138,-0.0206069189180887,0.0500966112378824,2.0,4.0,M9.1c,51.825382030276415,3.225382030276414,90.78578371687506,0.0077571863957945,0.5625,0.125,0.4388274871124367,20.67661652037316,STARTER,RESEARCH_ONLY_TRANSITION_EXACT_REPLAY,True,True,NEW_TEAM_CONTEXT_REBUILT_V3,BLOCKED_MISSING_HISTORICAL_SLEEPER_BASELINE,True
fie-final-league-board-v1,1399318410818519040,2026,00-0038558,00-0038558,9479,Darnell Washington,PIT,TE,SEASON,M9,BLOCKED_STATISTICS,FIE_M9_VALIDATED_PRESEASON,PRODUCTION,PRODUCTION,129.1453690969838,7.596786417469635,102.80572162225847,114.71286289247716,128.51614762580013,143.3727241537214,155.89260553680495,,172.0,153.32371751178778,-24.178348414803963,,adp_ppr,,,,,IRRELEVANT,False,93.0,True,True,,False,False,False,,,,"['LEAGUE_SPECIFIC_VORP', 'M9_PRODUCTION_MODEL', 'CURRENT_PLAYER_MATCH']",,,,position_not_validated,0.0148640510950138,-0.0206069189180887,0.0500966112378824,2.0,4.0,M9.1c,101.6,0.0,129.1453690969838,-0.1592128963438557,0.5,0.0,0.6615977194015139,9.949999999999996,STARTER,RESEARCH_ONLY_EXACT_REPLAY,True,False,STABLE_TEAM,BLOCKED_MISSING_HISTORICAL_SLEEPER_BASELINE,False
fie-final-league-board-v1,1399318410818519040,2026,00-0029738,00-0029738,1592,Darren Fells,TB,TE,SEASON,M9,BLOCKED_STATISTICS,MARKET_FALLBACK,MARKET_BASE,MARKET_BASE,,,,,,,,,,153.32371751178778,,,adp_ppr,,,,,UNAVAILABLE,False,10.0,True,True,,False,False,False,,,,"['M9_PRODUCTION_MODEL', 'CURRENT_PLAYER_MATCH']",,,,position_not_validated,0.0148640510950138,-0.0206069189180887,0.0500966112378824,2.0,4.0,M9.1c,,,,,,,,,UNRANKED,BASELINE_ONLY,False,False,NO_PROFILE,BLOCKED_MISSING_HISTORICAL_SLEEPER_BASELINE,False
fie-final-league-board-v1,1399318410818519040,2026,00-0031610,00-0031610,2505,Darren Waller,CAR,TE,SEASON,M9,BLOCKED_STATISTICS,FIE_M9_DIAGNOSTIC_MARKET_ANCHORED,DIAGNOSTIC_MARKET_ANCHORED,DIAGNOSTIC_MARKET_ANCHORED,146.1,8.594117647058823,118.85099679505554,131.70047315128713,145.6258809624165,160.10644649928707,174.1410054199426,,152.0,153.32371751178778,-7.2237175117877825,,adp_ppr,,,,,IRRELEVANT,False,55.0,True,True,,False,False,False,,,,"['LEAGUE_SPECIFIC_VORP', 'M9_PRODUCTION_MODEL', 'CURRENT_PLAYER_MATCH']",,,,position_not_validated,0.0148640510950138,-0.0206069189180887,0.0500966112378824,2.0,4.0,M9.1c,147.717627642207,1.6176276422069975,156.3766191038429,0.0685486762864695,0.55,0.1,0.5055086381896802,19.60000000000001,CLEAR_STARTER,RESEARCH_ONLY_TRANSITION_EXACT_REPLAY,True,True,NEW_TEAM_CONTEXT_REBUILT_V3,BLOCKED_MISSING_HISTORICAL_SLEEPER_BASELINE,True
fie-final-league-board-v1,1399318410818519040,2026,00-0039648,00-0039648,12357,David Martin-Robinson,TEN,TE,SEASON,M9,BLOCKED_STATISTICS,FIE_M9_VALIDATED_PRESEASON,PRODUCTION,PRODUCTION,24.59562442820336,1.4468014369531388,5.162378125077304,13.229960425578277,23.41340560450889,34.48795215302722,45.4344611161373,,434.0,153.32371751178778,-128.7280930835844,,adp_ppr,,,,,IRRELEVANT,False,92.0,True,True,,False,False,False,,,,"['LEAGUE_SPECIFIC_VORP', 'M9_PRODUCTION_MODEL', 'CURRENT_PLAYER_MATCH']",,,,position_not_validated,0.0148640510950138,-0.0206069189180887,0.0500966112378824,2.0,4.0,M9.1c,,,,,,,,,UNRANKED,BASELINE_ONLY,False,False,NO_PROFILE,BLOCKED_MISSING_HISTORICAL_SLEEPER_BASELINE,False
fie-final-league-board-v1,1399318410818519040,2026,00-0033885,00-0033885,4033,David Njoku,LAC,TE,SEASON,M9,BLOCKED_STATISTICS,FIE_M9_DIAGNOSTIC_MARKET_ANCHORED,DIAGNOSTIC_MARKET_ANCHORED,DIAGNOSTIC_MARKET_ANCHORED,69.5,4.088235294117647,46.68609254617977,56.807746141103166,68.50152527790286,81.18035145050543,93.82931927016352,,278.0,153.32371751178778,-83.82371751178778,223.8,adp_ppr,,191.0,,-87.0,IRRELEVANT,False,55.0,True,True,,False,False,False,-0.0999999999999943,-0.0999999999999943,-0.0999999999999943,"['LEAGUE_SPECIFIC_VORP', 'M9_PRODUCTION_MODEL', 'CURRENT_PLAYER_MATCH']",,,,position_not_validated,0.0148640510950138,-0.0206069189180887,0.0500966112378824,2.0,4.0,M9.1c,71.63853712213326,2.1385371221332576,118.8181704467278,0.3277670367531833,0.6875,0.375,0.5414018030717098,17.9,STARTER,RESEARCH_ONLY_TRANSITION_EXACT_REPLAY,True,True,NEW_TEAM_CONTEXT_REBUILT_V3,BLOCKED_MISSING_HISTORICAL_SLEEPER_BASELINE,True
fie-final-league-board-v1,1399318410818519040,2026,00-0039074,00-0039074,10214,Davis Allen,LAR,TE,SEASON,M9,BLOCKED_STATISTICS,FIE_M9_DIAGNOSTIC_MARKET_ANCHORED,DIAGNOSTIC_MARKET_ANCHORED,DIAGNOSTIC_MARKET_ANCHORED,5.9,0.3470588235294118,-11.850079087321806,-4.454977884354655,4.75388220175401,14.513713824129551,24.615069518797146,,495.0,153.32371751178778,-147.42371751178777,660.7,adp_ppr,,414.0,,-81.0,IRRELEVANT,False,55.0,True,True,,False,False,False,0.0,0.0,0.0,"['LEAGUE_SPECIFIC_VORP', 'M9_PRODUCTION_MODEL', 'CURRENT_PLAYER_MATCH']",,,,position_not_validated,0.0148640510950138,-0.0206069189180887,0.0500966112378824,2.0,4.0,M9.1c,7.3,1.3999999999999997,72.72350523533879,8.709707198703748,0.9090909090909092,0.8181818181818181,0.943983365343924,1.3999999999999997,DEPTH,RESEARCH_ONLY_EXACT_REPLAY,True,False,STABLE_TEAM,BLOCKED_MISSING_HISTORICAL_SLEEPER_BASELINE,True
fie-final-league-board-v1,1399318410818519040,2026,00-0035689,00-0035689,5906,Dawson Knox,BUF,TE,SEASON,M9,BLOCKED_STATISTICS,FIE_M9_VALIDATED_PRESEASON,PRODUCTION,PRODUCTION,146.95449458710775,8.644382034535752,119.81608460174547,132.23741173889087,146.3867827806454,161.12920591175128,174.8628730147752,,148.0,153.32371751178778,-6.369222924680031,,adp_ppr,,,,,IRRELEVANT,False,94.0,True,True,,False,False,False,,,,"['LEAGUE_SPECIFIC_VORP', 'M9_PRODUCTION_MODEL', 'CURRENT_PLAYER_MATCH']",,,,position_not_validated,0.0148640510950138,-0.0206069189180887,0.0500966112378824,2.0,4.0,M9.1c,93.75304524286496,3.353045242864951,146.95449458710775,0.3595733353438508,0.75,0.5,0.8382613107162368,3.950000000000003,STARTER,RESEARCH_ONLY_EXACT_REPLAY,True,False,STABLE_TEAM,BLOCKED_MISSING_HISTORICAL_SLEEPER_BASELINE,True
fie-final-league-board-v1,1399318410818519040,2026,00-0035058,00-0035058,6016,Dax Raymond,PIT,TE,SEASON,M9,BLOCKED_STATISTICS,MARKET_FALLBACK,MARKET_BASE,MARKET_BASE,,,,,,,,,,153.32371751178778,,,adp_ppr,,,,,UNAVAILABLE,False,10.0,True,True,,False,False,False,,,,"['M9_PRODUCTION_MODEL', 'CURRENT_PLAYER_MATCH']",,,,position_not_validated,0.0148640510950138,-0.0206069189180887,0.0500966112378824,2.0,4.0,M9.1c,,,,,,,,,UNRANKED,BASELINE_ONLY,False,False,NO_PROFILE,BLOCKED_MISSING_HISTORICAL_SLEEPER_BASELINE,False
fie-final-league-board-v1,1399318410818519040,2026,00-0039754,00-0039754,11820,Devin Culp,TB,TE,SEASON,M9,BLOCKED_STATISTICS,FIE_M9_VALIDATED_PRESEASON,PRODUCTION,PRODUCTION,20.493385411354765,1.2054932594914567,1.718101660598318,9.53468887023142,19.13409603776296,30.0400543039977,41.16604492431458,,452.0,153.32371751178778,-132.830332100433,668.9,adp_ppr,,434.0,,-18.0,IRRELEVANT,False,91.0,True,True,,False,False,False,0.0,0.0,0.0,"['LEAGUE_SPECIFIC_VORP', 'M9_PRODUCTION_MODEL', 'CURRENT_PLAYER_MATCH']",,,,position_not_validated,0.0148640510950138,-0.0206069189180887,0.0500966112378824,2.0,4.0,M9.1c,6.3,-1.0,20.493385411354765,-0.920011500060746,0.1818181818181818,0.6363636363636364,0.9638821232963796,1.0,DEPTH,RESEARCH_ONLY_EXACT_REPLAY,True,False,STABLE_TEAM,BLOCKED_MISSING_HISTORICAL_SLEEPER_BASELINE,True
fie-final-league-board-v1,1399318410818519040,2026,00-0040628,00-0040628,13210,Drake Dabney,GB,TE,SEASON,M9,BLOCKED_STATISTICS,FIE_M9_VALIDATED_PRESEASON,PRODUCTION,PRODUCTION,73.70587393614473,4.335639643302631,49.72397781223272,60.45965252347014,72.78356611700488,86.01591874576127,98.73000989337224,,265.0,153.32371751178778,-79.61784357564305,409.3,adp_ppr,,276.0,,11.0,IRRELEVANT,False,90.0,True,True,,False,False,False,0.0,0.0,0.0,"['LEAGUE_SPECIFIC_VORP', 'M9_PRODUCTION_MODEL', 'CURRENT_PLAYER_MATCH']",,,,position_not_validated,0.0148640510950138,-0.0206069189180887,0.0500966112378824,2.0,4.0,M9.1c,,,,,,,,,UNRANKED,BASELINE_ONLY,False,False,NO_PROFILE,BLOCKED_MISSING_HISTORICAL_SLEEPER_BASELINE,False
fie-final-league-board-v1,1399318410818519040,2026,00-0037292,00-0037292,8489,Drew Ogletree,IND,TE,SEASON,M9,BLOCKED_STATISTICS,FIE_M9_VALIDATED_PRESEASON,PRODUCTION,PRODUCTION,28.8867989845862,1.6992234696815407,9.100961409553236,17.45646547266869,27.49817363221699,39.31762719257939,49.94512129728169,,414.0,153.32371751178778,-124.43691852720158,,adp_ppr,,,,,IRRELEVANT,False,92.0,True,True,,False,False,False,,,,"['LEAGUE_SPECIFIC_VORP', 'M9_PRODUCTION_MODEL', 'CURRENT_PLAYER_MATCH']",,,,position_not_validated,0.0148640510950138,-0.0206069189180887,0.0500966112378824,2.0,4.0,M9.1c,4.4,-1.0,28.886798984586196,-0.1655628020431459,0.3636363636363636,0.2727272727272727,0.9525807484786518,1.0,DEPTH,RESEARCH_ONLY_EXACT_REPLAY,True,False,STABLE_TEAM,BLOCKED_MISSING_HISTORICAL_SLEEPER_BASELINE,True
fie-final-league-board-v1,1399318410818519040,2026,00-0035631,00-0035631,6001,Drew Sample,CIN,TE,SEASON,M9,BLOCKED_STATISTICS,FIE_M9_VALIDATED_PRESEASON,PRODUCTION,PRODUCTION,61.01567469614562,3.589157335067389,38.64483387204444,48.413774837569655,60.00729436721234,72.61614953898531,84.43520073178556,,312.0,153.32371751178778,-92.30804281564215,,adp_ppr,,,,,IRRELEVANT,False,93.0,True,True,,False,False,False,,,,"['LEAGUE_SPECIFIC_VORP', 'M9_PRODUCTION_MODEL', 'CURRENT_PLAYER_MATCH']",,,,position_not_validated,0.0148640510950138,-0.0206069189180887,0.0500966112378824,2.0,4.0,M9.1c,38.00218643563263,-0.0978135643673709,61.01567469614562,-0.6107997844141171,0.4285714285714285,0.1428571428571429,0.9781356436737312,1.0,COMMITTEE_FRINGE,RESEARCH_ONLY_EXACT_REPLAY,True,False,STABLE_TEAM,BLOCKED_MISSING_HISTORICAL_SLEEPER_BASELINE,True
fie-final-league-board-v1,1399318410818519040,2026,00-0034798,00-0034798,5008,Durham Smythe,BAL,TE,SEASON,M9,BLOCKED_STATISTICS,FIE_M9_DIAGNOSTIC_MARKET_ANCHORED,DIAGNOSTIC_MARKET_ANCHORED,DIAGNOSTIC_MARKET_ANCHORED,9.9,0.5823529411764706,-8.170503858357343,-0.5158489002229274,8.68869214892743,18.863531261837515,29.228171070106484,,482.0,153.32371751178778,-143.42371751178777,624.2,adp_ppr,,358.0,,-124.0,IRRELEVANT,False,55.0,True,True,,False,False,False,57.30000000000007,57.30000000000007,57.30000000000007,"['LEAGUE_SPECIFIC_VORP', 'M9_PRODUCTION_MODEL', 'CURRENT_PLAYER_MATCH']",,,,position_not_validated,0.0148640510950138,-0.0206069189180887,0.0500966112378824,2.0,4.0,M9.1c,-3.3686275728812074,-13.268627572881208,25.31913407989477,-7.599333968800851,0.0714285714285714,0.8571428571428572,0.5768968509948351,16.71979923638128,COMMITTEE_FRINGE,RESEARCH_ONLY_TRANSITION_EXACT_REPLAY,True,True,NEW_TEAM_CONTEXT_REBUILT_V3,BLOCKED_MISSING_HISTORICAL_SLEEPER_BASELINE,True
fie-final-league-board-v1,1399318410818519040,2026,00-0038498,00-0038498,11304,E.J. Jenkins,PHI,TE,SEASON,M9,BLOCKED_STATISTICS,FIE_M9_VALIDATED_PRESEASON,PRODUCTION,PRODUCTION,31.4482078869174,1.8498945815833765,11.279902581161735,19.801416063027595,30.406950114031268,41.880940748856816,52.76683627773073,,403.0,153.32371751178778,-121.87550962487038,362.0,adp_ppr,,265.0,,-138.0,IRRELEVANT,False,90.0,True,True,,False,False,False,65.69999999999999,65.69999999999999,65.69999999999999,"['LEAGUE_SPECIFIC_VORP', 'M9_PRODUCTION_MODEL', 'CURRENT_PLAYER_MATCH']",,,,position_not_validated,0.0148640510950138,-0.0206069189180887,0.0500966112378824,2.0,4.0,M9.1c,,,,,,,,,UNRANKED,BASELINE_ONLY,False,False,NO_PROFILE,BLOCKED_MISSING_HISTORICAL_SLEEPER_BASELINE,False
fie-final-league-board-v1,1399318410818519040,2026,00-0041395,00-0041395,13421,Eli Raridon,NE,TE,SEASON,M9,BLOCKED_STATISTICS,FIE_M9_DIAGNOSTIC_MARKET_ANCHORED,DIAGNOSTIC_MARKET_ANCHORED,DIAGNOSTIC_MARKET_ANCHORED,40.0,2.3529411764705883,19.18623460798829,28.090794561473487,38.96001233459525,50.68376151747515,62.20117929601331,,370.0,153.32371751178778,-113.32371751178778,,adp_ppr,,,,,IRRELEVANT,False,62.0,True,True,,False,False,False,,,,"['LEAGUE_SPECIFIC_VORP', 'M9_PRODUCTION_MODEL', 'CURRENT_PLAYER_MATCH']",,,,position_not_validated,0.0148640510950138,-0.0206069189180887,0.0500966112378824,2.0,4.0,M9.1c,40.0,0.0,,,,,,,STARTER,BASELINE_ONLY,False,False,NO_PROFILE,BLOCKED_MISSING_HISTORICAL_SLEEPER_BASELINE,False
fie-final-league-board-v1,1399318410818519040,2026,00-0041483,00-0041483,13349,Eli Stowers,PHI,TE,SEASON,M9,BLOCKED_STATISTICS,FIE_M9_DIAGNOSTIC_MARKET_ANCHORED,DIAGNOSTIC_MARKET_ANCHORED,DIAGNOSTIC_MARKET_ANCHORED,96.9,5.7,71.60302255526477,83.01164192165167,96.26279704983509,110.11271702344445,123.31904002683574,,219.0,153.32371751178778,-56.42371751178777,238.9,adp_ppr,,223.0,,4.0,IRRELEVANT,False,62.0,True,True,,False,False,False,0.0,0.0,0.0,"['LEAGUE_SPECIFIC_VORP', 'M9_PRODUCTION_MODEL', 'CURRENT_PLAYER_MATCH']",,,,position_not_validated,0.0148640510950138,-0.0206069189180887,0.0500966112378824,2.0,4.0,M9.1c,96.9,0.0,,,,,,,STARTER,BASELINE_ONLY,False,False,NO_PROFILE,BLOCKED_MISSING_HISTORICAL_SLEEPER_BASELINE,False
fie-final-league-board-v1,1399318410818519040,2026,00-0040739,00-0040739,12521,Elijah Arroyo,SEA,TE,SEASON,M9,BLOCKED_STATISTICS,FIE_M9_VALIDATED_PRESEASON,PRODUCTION,PRODUCTION,77.69419095365373,4.570246526685514,54.23376767305752,64.42235281209634,76.698843628916,90.12687704851176,102.5405341489758,,247.0,153.32371751178778,-75.62952655813405,,adp_ppr,,,,,IRRELEVANT,False,93.0,True,True,,False,False,False,,,,"['LEAGUE_SPECIFIC_VORP', 'M9_PRODUCTION_MODEL', 'CURRENT_PLAYER_MATCH']",,,,position_not_validated,0.0148640510950138,-0.0206069189180887,0.0500966112378824,2.0,4.0,M9.1c,82.84065944080983,-3.859340559190173,77.69419095365373,-1.8963727857719888,0.125,0.75,0.8389870780848223,3.899999999999999,STARTER,RESEARCH_ONLY_EXACT_REPLAY,True,False,STABLE_TEAM,BLOCKED_MISSING_HISTORICAL_SLEEPER_BASELINE,True
fie-final-league-board-v1,1399318410818519040,2026,00-0039041,00-0039041,10231,Elijah Higgins,ARI,TE,SEASON,M9,BLOCKED_STATISTICS,FIE_M9_VALIDATED_PRESEASON,PRODUCTION,PRODUCTION,85.42288894870323,5.024875820511955,60.721543810841865,71.65639542385757,84.66942267922107,98.51067737382296,111.07307585846344,,239.0,153.32371751178778,-67.90082856308454,,adp_ppr,,,,,IRRELEVANT,False,94.0,True,True,,False,False,False,,,,"['LEAGUE_SPECIFIC_VORP', 'M9_PRODUCTION_MODEL', 'CURRENT_PLAYER_MATCH']",,,,position_not_validated,0.0148640510950138,-0.0206069189180887,0.0500966112378824,2.0,4.0,M9.1c,50.900000000000006,0.0,85.42288894870323,-0.1301654211248648,0.5,0.0,0.4512267895738447,23.484444419285083,STARTER,RESEARCH_ONLY_EXACT_REPLAY,True,False,STABLE_TEAM,BLOCKED_MISSING_HISTORICAL_SLEEPER_BASELINE,False
fie-final-league-board-v1,1399318410818519040,2026,00-0031387,00-0031387,2118,Eric Ebron,PIT,TE,SEASON,M9,BLOCKED_STATISTICS,MARKET_FALLBACK,MARKET_BASE,MARKET_BASE,,,,,,,,,,153.32371751178778,,646.1,adp_ppr,,393.0,,,UNAVAILABLE,False,10.0,True,True,,False,False,False,0.0,0.0,0.0,"['M9_PRODUCTION_MODEL', 'CURRENT_PLAYER_MATCH']",,,,position_not_validated,0.0148640510950138,-0.0206069189180887,0.0500966112378824,2.0,4.0,M9.1c,,,,,,,,,UNRANKED,BASELINE_ONLY,False,False,NO_PROFILE,BLOCKED_MISSING_HISTORICAL_SLEEPER_BASELINE,False
fie-final-league-board-v1,1399318410818519040,2026,00-0033576,00-0033576,4189,Eric Saubert,SEA,TE,SEASON,M9,BLOCKED_STATISTICS,FIE_M9_VALIDATED_PRESEASON,PRODUCTION,PRODUCTION,33.390502534302044,1.9641472079001203,13.265645603223716,21.816399286715463,32.14562616656212,43.561101003030096,55.40655540023025,,397.0,153.32371751178778,-119.93321497748572,575.5,adp_ppr,,332.0,,-65.0,IRRELEVANT,False,92.0,True,True,,False,False,False,0.0,0.0,0.0,"['LEAGUE_SPECIFIC_VORP', 'M9_PRODUCTION_MODEL', 'CURRENT_PLAYER_MATCH']",,,,position_not_validated,0.0148640510950138,-0.0206069189180887,0.0500966112378824,2.0,4.0,M9.1c,6.0315896449486655,0.3315896449486653,33.390502534302044,0.6744907594765952,0.7272727272727273,0.4545454545454546,0.9473989855676166,1.2999999999999998,DEPTH,RESEARCH_ONLY_EXACT_REPLAY,True,False,STABLE_TEAM,BLOCKED_MISSING_HISTORICAL_SLEEPER_BASELINE,True
fie-final-league-board-v1,1399318410818519040,2026,00-0039814,00-0039814,11592,Erick All,CIN,TE,SEASON,M9,BLOCKED_STATISTICS,MARKET_FALLBACK,MARKET_BASE,MARKET_BASE,,,,,,,,,,153.32371751178778,,,adp_ppr,,,,,UNAVAILABLE,False,10.0,True,True,,False,False,False,,,,"['M9_PRODUCTION_MODEL', 'CURRENT_PLAYER_MATCH']",,,,position_not_validated,0.0148640510950138,-0.0206069189180887,0.0500966112378824,2.0,4.0,M9.1c,,,,,,,,,UNRANKED,BASELINE_ONLY,False,False,NO_PROFILE,BLOCKED_MISSING_HISTORICAL_SLEEPER_BASELINE,False
fie-final-league-board-v1,1399318410818519040,2026,00-0033881,00-0033881,4066,Evan Engram,DEN,TE,SEASON,M9,BLOCKED_STATISTICS,FIE_M9_VALIDATED_PRESEASON,PRODUCTION,PRODUCTION,120.97964117202352,7.116449480707266,94.60253500684487,106.5886172400898,120.23750143944268,134.80546412699096,148.4537457099466,,187.0,153.32371751178778,-32.34407633976426,,adp_ppr,,,,,IRRELEVANT,False,94.0,True,True,,False,False,False,,,,"['LEAGUE_SPECIFIC_VORP', 'M9_PRODUCTION_MODEL', 'CURRENT_PLAYER_MATCH']",,,,position_not_validated,0.0148640510950138,-0.0206069189180887,0.0500966112378824,2.0,4.0,M9.1c,84.49483978185809,-1.7051602181419128,120.97964117202352,-0.6247904723267992,0.375,0.25,0.8317854722643517,4.399999999999999,STARTER,RESEARCH_ONLY_EXACT_REPLAY,True,False,STABLE_TEAM,BLOCKED_MISSING_HISTORICAL_SLEEPER_BASELINE,True
fie-final-league-board-v1,1399318410818519040,2026,13630,,13630,Evan Svoboda,LAC,TE,SEASON,M9,BLOCKED_STATISTICS,MARKET_FALLBACK,MARKET_BASE,MARKET_BASE,,,,,,,,,,153.32371751178778,,493.0,adp_ppr,,303.0,,,UNAVAILABLE,False,10.0,True,True,,False,False,False,0.0,0.0,0.0,"['M9_PRODUCTION_MODEL', 'CURRENT_PLAYER_MATCH']",,,,position_not_validated,0.0148640510950138,-0.0206069189180887,0.0500966112378824,2.0,4.0,M9.1c,,,,,,,,,UNRANKED,BASELINE_ONLY,False,False,NO_PROFILE,BLOCKED_MISSING_HISTORICAL_SLEEPER_BASELINE,False
fie-final-league-board-v1,1399318410818519040,2026,00-0036825,00-0036825,7531,Feleipe Franks,CAR,TE,SEASON,M9,BLOCKED_STATISTICS,FIE_M9_DIAGNOSTIC_MARKET_ANCHORED,DIAGNOSTIC_MARKET_ANCHORED,DIAGNOSTIC_MARKET_ANCHORED,1.9,0.1117647058823529,-15.477777561754593,-8.365520305425235,0.6988497741934268,10.630096965328356,20.982230650688663,,509.0,153.32371751178778,-151.42371751178777,,adp_ppr,,,,,IRRELEVANT,False,55.0,True,True,,False,False,False,,,,"['LEAGUE_SPECIFIC_VORP', 'M9_PRODUCTION_MODEL', 'CURRENT_PLAYER_MATCH']",,,,position_not_validated,0.0148640510950138,-0.0206069189180887,0.0500966112378824,2.0,4.0,M9.1c,0.3223993798017954,-1.5776006201982045,25.247864942944226,-0.7449709675230299,0.1363636363636363,0.7272727272727273,0.9280003648224732,2.1,DEPTH,RESEARCH_ONLY_TRANSITION_EXACT_REPLAY,True,True,NEW_TEAM_CONTEXT_REBUILT_V3,BLOCKED_MISSING_HISTORICAL_SLEEPER_BASELINE,True
fie-final-league-board-v1,1399318410818519040,2026,00-0034981,00-0034981,5985,Foster Moreau,HOU,TE,SEASON,M9,BLOCKED_STATISTICS,FIE_M9_DIAGNOSTIC_MARKET_ANCHORED,DIAGNOSTIC_MARKET_ANCHORED,DIAGNOSTIC_MARKET_ANCHORED,9.8,0.5764705882352942,-8.193386250500868,-0.8045006654459605,8.489576443210577,18.794361984089672,29.771161080751657,,483.0,153.32371751178778,-143.52371751178777,638.3,adp_ppr,,379.0,,-104.0,IRRELEVANT,False,55.0,True,True,,False,False,False,0.0,0.0,0.0,"['LEAGUE_SPECIFIC_VORP', 'M9_PRODUCTION_MODEL', 'CURRENT_PLAYER_MATCH']",,,,position_not_validated,0.0148640510950138,-0.0206069189180887,0.0500966112378824,2.0,4.0,M9.1c,9.349236842350704,-0.4507631576492965,42.13168637063534,-0.2895121401458672,0.3181818181818182,0.3636363636363636,0.9015263152985946,1.8000000000000007,DEPTH,RESEARCH_ONLY_TRANSITION_EXACT_REPLAY,True,True,NEW_TEAM_CONTEXT_REBUILT_V3,BLOCKED_MISSING_HISTORICAL_SLEEPER_BASELINE,True
fie-final-league-board-v1,1399318410818519040,2026,4930,,4930,Franko House,CHI,TE,SEASON,M9,BLOCKED_STATISTICS,MARKET_FALLBACK,MARKET_BASE,MARKET_BASE,,,,,,,,,,153.32371751178778,,,adp_ppr,,,,,UNAVAILABLE,False,10.0,True,True,,False,False,False,,,,"['M9_PRODUCTION_MODEL', 'CURRENT_PLAYER_MATCH']",,,,position_not_validated,0.0148640510950138,-0.0206069189180887,0.0500966112378824,2.0,4.0,M9.1c,,,,,,,,,UNRANKED,BASELINE_ONLY,False,False,NO_PROFILE,BLOCKED_MISSING_HISTORICAL_SLEEPER_BASELINE,False
fie-final-league-board-v1,1399318410818519040,2026,00-0040215,00-0040215,12700,Gavin Bartholomew,MIN,TE,SEASON,M9,BLOCKED_STATISTICS,MARKET_FALLBACK,MARKET_BASE,MARKET_BASE,,,,,,,,,,153.32371751178778,,667.2,adp_ppr,,428.0,,,UNAVAILABLE,False,10.0,True,True,,False,False,False,0.0,0.0,0.0,"['M9_PRODUCTION_MODEL', 'CURRENT_PLAYER_MATCH']",,,,position_not_validated,0.0148640510950138,-0.0206069189180887,0.0500966112378824,2.0,4.0,M9.1c,,,,,,,,,UNRANKED,BASELINE_ONLY,False,False,NO_PROFILE,BLOCKED_MISSING_HISTORICAL_SLEEPER_BASELINE,False
fie-final-league-board-v1,1399318410818519040,2026,00-0037086,00-0037086,8177,Grant Calcaterra,PHI,TE,SEASON,M9,BLOCKED_STATISTICS,FIE_M9_VALIDATED_PRESEASON,PRODUCTION,PRODUCTION,73.25361847302716,4.309036380766304,49.67379876353257,60.124497206984586,72.23495846352863,85.46850543011575,97.87689971177753,,269.0,153.32371751178778,-80.07009903876062,685.8,adp_ppr,,470.0,,201.0,IRRELEVANT,False,92.0,True,True,,False,False,False,0.0,0.0,0.0,"['LEAGUE_SPECIFIC_VORP', 'M9_PRODUCTION_MODEL', 'CURRENT_PLAYER_MATCH']",,,,position_not_validated,0.0148640510950138,-0.0206069189180887,0.0500966112378824,2.0,4.0,M9.1c,33.198230058981444,2.598230058981443,73.25361847302716,0.037018750361587,0.6363636363636364,0.2727272727272727,0.5773844575514315,20.5,DEPTH,RESEARCH_ONLY_EXACT_REPLAY,True,False,STABLE_TEAM,BLOCKED_MISSING_HISTORICAL_SLEEPER_BASELINE,True
fie-final-league-board-v1,1399318410818519040,2026,00-0037252,00-0037252,8172,Greg Dulcich,MIA,TE,SEASON,M9,BLOCKED_STATISTICS,FIE_M9_VALIDATED_PRESEASON,PRODUCTION,PRODUCTION,153.16614107665222,9.009773004508954,125.69465686755842,138.88994461187914,152.98663194159298,167.07847015894652,180.64182580123745,,137.0,153.32371751178778,-0.157576435135553,229.7,adp_ppr,,206.0,,69.0,IRRELEVANT,False,92.0,True,True,,False,False,False,0.0,0.0,0.0,"['LEAGUE_SPECIFIC_VORP', 'M9_PRODUCTION_MODEL', 'CURRENT_PLAYER_MATCH']",,,,position_not_validated,0.0148640510950138,-0.0206069189180887,0.0500966112378824,2.0,4.0,M9.1c,136.53664223637884,2.136642236378833,153.16614107665222,0.4117310734404179,0.7,0.3999999999999999,0.4360494359956783,27.226826395782297,CLEAR_STARTER,RESEARCH_ONLY_EXACT_REPLAY,True,False,STABLE_TEAM,BLOCKED_MISSING_HISTORICAL_SLEEPER_BASELINE,True
fie-final-league-board-v1,1399318410818519040,2026,00-0040584,00-0040584,12502,Gunnar Helm,TEN,TE,SEASON,M9,BLOCKED_STATISTICS,FIE_M9_VALIDATED_PRESEASON,PRODUCTION,PRODUCTION,130.18211465148482,7.657771450087342,103.83789242581936,115.75226575593123,129.59057951304516,143.73438317804968,157.04858792296392,,170.0,153.32371751178778,-23.141602860302957,233.1,adp_ppr,,215.0,,45.0,IRRELEVANT,False,94.0,True,True,,False,False,False,0.0,0.0,0.0,"['LEAGUE_SPECIFIC_VORP', 'M9_PRODUCTION_MODEL', 'CURRENT_PLAYER_MATCH']",,,,position_not_validated,0.0148640510950138,-0.0206069189180887,0.0500966112378824,2.0,4.0,M9.1c,148.25,-10.550000000000011,130.18211465148482,-1.447049083244574,0.1,0.8,0.576546730978758,10.549999999999995,CLEAR_STARTER,RESEARCH_ONLY_EXACT_REPLAY,True,False,STABLE_TEAM,BLOCKED_MISSING_HISTORICAL_SLEEPER_BASELINE,True
fie-final-league-board-v1,1399318410818519040,2026,13712,,13712,Hayden Large,CHI,TE,SEASON,M9,BLOCKED_STATISTICS,MARKET_FALLBACK,MARKET_BASE,MARKET_BASE,,,,,,,,,,153.32371751178778,,632.5,adp_ppr,,368.0,,,UNAVAILABLE,False,10.0,True,True,,False,False,False,0.0,0.0,0.0,"['M9_PRODUCTION_MODEL', 'CURRENT_PLAYER_MATCH']",,,,position_not_validated,0.0148640510950138,-0.0206069189180887,0.0500966112378824,2.0,4.0,M9.1c,,,,,,,,,UNRANKED,BASELINE_ONLY,False,False,NO_PROFILE,BLOCKED_MISSING_HISTORICAL_SLEEPER_BASELINE,False
fie-final-league-board-v1,1399318410818519040,2026,00-0039489,00-0039489,12389,Hayden Rucci,SF,TE,SEASON,M9,BLOCKED_STATISTICS,MARKET_FALLBACK,MARKET_BASE,MARKET_BASE,,,,,,,,,,153.32371751178778,,349.0,adp_ppr,,262.0,,,UNAVAILABLE,False,10.0,True,True,,False,False,False,-35.0,-35.0,-35.0,"['M9_PRODUCTION_MODEL', 'CURRENT_PLAYER_MATCH']",,,,position_not_validated,0.0148640510950138,-0.0206069189180887,0.0500966112378824,2.0,4.0,M9.1c,,,,,,,,,UNRANKED,BASELINE_ONLY,False,False,NO_PROFILE,BLOCKED_MISSING_HISTORICAL_SLEEPER_BASELINE,False
fie-final-league-board-v1,1399318410818519040,2026,00-0037004,00-0037004,7535,Hunter Long,ARI,TE,SEASON,M9,BLOCKED_STATISTICS,MARKET_FALLBACK,MARKET_BASE,MARKET_BASE,,,,,,,,,,153.32371751178778,,,adp_ppr,,,,,UNAVAILABLE,False,11.0,True,True,,False,False,False,,,,"['M9_PRODUCTION_MODEL', 'CURRENT_PLAYER_MATCH']",,,,position_not_validated,0.0148640510950138,-0.0206069189180887,0.0500966112378824,2.0,4.0,M9.1c,,,,,,,,,UNRANKED,BASELINE_ONLY,False,False,NO_PROFILE,BLOCKED_MISSING_HISTORICAL_SLEEPER_BASELINE,False
fie-final-league-board-v1,1399318410818519040,2026,00-0034365,00-0034365,4995,Ian Thomas,LV,TE,SEASON,M9,BLOCKED_STATISTICS,FIE_M9_VALIDATED_PRESEASON,PRODUCTION,PRODUCTION,59.87235876174116,3.5219034565730096,37.93762875035914,47.33774127684787,59.03553124762377,71.22318720874819,83.03077196275925,,316.0,153.32371751178778,-93.4513587500466,252.0,adp_ppr,,250.0,,-66.0,IRRELEVANT,False,92.0,True,True,,False,False,False,-15.199999999999989,-15.199999999999989,-15.199999999999989,"['LEAGUE_SPECIFIC_VORP', 'M9_PRODUCTION_MODEL', 'CURRENT_PLAYER_MATCH']",,,,position_not_validated,0.0148640510950138,-0.0206069189180887,0.0500966112378824,2.0,4.0,M9.1c,5.4,1.4000000000000004,59.87235876174116,23.372440879514947,0.9090909090909092,0.8181818181818181,0.944833035339733,1.4000000000000004,DEPTH,RESEARCH_ONLY_EXACT_REPLAY,True,False,STABLE_TEAM,BLOCKED_MISSING_HISTORICAL_SLEEPER_BASELINE,True
fie-final-league-board-v1,1399318410818519040,2026,00-0035539,00-0035539,5957,Isaac Nauta,GB,TE,SEASON,M9,BLOCKED_STATISTICS,MARKET_FALLBACK,MARKET_BASE,MARKET_BASE,,,,,,,,,,153.32371751178778,,,adp_ppr,,,,,UNAVAILABLE,False,10.0,True,True,,False,False,False,,,,"['M9_PRODUCTION_MODEL', 'CURRENT_PLAYER_MATCH']",,,,position_not_validated,0.0148640510950138,-0.0206069189180887,0.0500966112378824,2.0,4.0,M9.1c,,,,,,,,,UNRANKED,BASELINE_ONLY,False,False,NO_PROFILE,BLOCKED_MISSING_HISTORICAL_SLEEPER_BASELINE,False
fie-final-league-board-v1,1399318410818519040,2026,12975,,12975,JJ Galbreath,IND,TE,SEASON,M9,BLOCKED_STATISTICS,MARKET_FALLBACK,MARKET_BASE,MARKET_BASE,,,,,,,,,,153.32371751178778,,409.8,adp_ppr,,277.0,,,UNAVAILABLE,False,10.0,True,True,,False,False,False,-71.80000000000001,-71.80000000000001,-71.80000000000001,"['M9_PRODUCTION_MODEL', 'CURRENT_PLAYER_MATCH']",,,,position_not_validated,0.0148640510950138,-0.0206069189180887,0.0500966112378824,2.0,4.0,M9.1c,,,,,,,,,UNRANKED,BASELINE_ONLY,False,False,NO_PROFILE,BLOCKED_MISSING_HISTORICAL_SLEEPER_BASELINE,False
fie-final-league-board-v1,1399318410818519040,2026,00-0039356,00-0039356,11600,Ja'Tavion Sanders,CAR,TE,SEASON,M9,BLOCKED_STATISTICS,FIE_M9_VALIDATED_PRESEASON,PRODUCTION,PRODUCTION,76.10672421468917,4.476866130275833,52.41312161081145,62.84454026601442,75.25965683010239,88.23080230865922,101.02543450782404,,254.0,153.32371751178778,-77.21699329709861,,adp_ppr,,,,,IRRELEVANT,False,93.0,True,True,,False,False,False,,,,"['LEAGUE_SPECIFIC_VORP', 'M9_PRODUCTION_MODEL', 'CURRENT_PLAYER_MATCH']",,,,position_not_validated,0.0148640510950138,-0.0206069189180887,0.0500966112378824,2.0,4.0,M9.1c,30.032027859583568,0.1320278595835695,76.10672421468917,0.0,0.5714285714285714,0.1428571428571428,0.8801857305571383,3.1000000000000014,COMMITTEE_FRINGE,RESEARCH_ONLY_EXACT_REPLAY,True,False,STABLE_TEAM,BLOCKED_MISSING_HISTORICAL_SLEEPER_BASELINE,True
fie-final-league-board-v1,1399318410818519040,2026,00-0030181,00-0030181,1706,Jack Doyle,IND,TE,SEASON,M9,BLOCKED_STATISTICS,MARKET_FALLBACK,MARKET_BASE,MARKET_BASE,,,,,,,,,,153.32371751178778,,,adp_ppr,,,,,UNAVAILABLE,False,10.0,True,True,,False,False,False,,,,"['M9_PRODUCTION_MODEL', 'CURRENT_PLAYER_MATCH']",,,,position_not_validated,0.0148640510950138,-0.0206069189180887,0.0500966112378824,2.0,4.0,M9.1c,,,,,,,,,UNRANKED,BASELINE_ONLY,False,False,NO_PROFILE,BLOCKED_MISSING_HISTORICAL_SLEEPER_BASELINE,False
fie-final-league-board-v1,1399318410818519040,2026,00-0041116,00-0041116,13282,Jack Endries,CIN,TE,SEASON,M9,BLOCKED_STATISTICS,FIE_M9_DIAGNOSTIC_MARKET_ANCHORED,DIAGNOSTIC_MARKET_ANCHORED,DIAGNOSTIC_MARKET_ANCHORED,63.8,3.752941176470588,40.948580478909655,50.78209823301812,62.6950442161986,75.82891301238382,88.16950012799562,,300.0,153.32371751178778,-89.52371751178778,,adp_ppr,,,,,IRRELEVANT,False,62.0,True,True,,False,False,False,,,,"['LEAGUE_SPECIFIC_VORP', 'M9_PRODUCTION_MODEL', 'CURRENT_PLAYER_MATCH']",,,,position_not_validated,0.0148640510950138,-0.0206069189180887,0.0500966112378824,2.0,4.0,M9.1c,63.8,0.0,,,,,,,DEPTH,BASELINE_ONLY,False,False,NO_PROFILE,BLOCKED_MISSING_HISTORICAL_SLEEPER_BASELINE,False
fie-final-league-board-v1,1399318410818519040,2026,13846,,13846,Jack Velling,ATL,TE,SEASON,M9,BLOCKED_STATISTICS,FIE_M9_DIAGNOSTIC_MARKET_ANCHORED,DIAGNOSTIC_MARKET_ANCHORED,DIAGNOSTIC_MARKET_ANCHORED,7.3,0.4294117647058823,-10.44356305131555,-3.32133139156371,5.990423030811819,16.586514077979295,26.63451518138811,,488.0,153.32371751178778,-146.02371751178777,664.6,adp_ppr,,421.0,,-67.0,IRRELEVANT,False,62.0,True,True,,False,False,False,0.0,0.0,0.0,"['LEAGUE_SPECIFIC_VORP', 'M9_PRODUCTION_MODEL', 'CURRENT_PLAYER_MATCH']",,,,position_not_validated,0.0148640510950138,-0.0206069189180887,0.0500966112378824,2.0,4.0,M9.1c,7.3,0.0,,,,,,,DEPTH,BASELINE_ONLY,False,False,NO_PROFILE,BLOCKED_MISSING_HISTORICAL_SLEEPER_BASELINE,False
fie-final-league-board-v1,1399318410818519040,2026,00-0039305,00-0039305,12045,Jack Westover,NE,TE,SEASON,M9,BLOCKED_STATISTICS,FIE_M9_VALIDATED_PRESEASON,PRODUCTION,PRODUCTION,22.270477538491345,1.3100280904994908,3.175402495944038,11.396497937359626,21.04188062321592,32.07973079629366,42.80131223629485,,446.0,153.32371751178778,-131.05323997329643,625.5,adp_ppr,,363.0,,-83.0,IRRELEVANT,False,91.0,True,True,,False,False,False,0.0,0.0,0.0,"['LEAGUE_SPECIFIC_VORP', 'M9_PRODUCTION_MODEL', 'CURRENT_PLAYER_MATCH']",,,,position_not_validated,0.0148640510950138,-0.0206069189180887,0.0500966112378824,2.0,4.0,M9.1c,,,,,,,,,UNRANKED,BASELINE_ONLY,False,False,NO_PROFILE,BLOCKED_MISSING_HISTORICAL_SLEEPER_BASELINE,False
fie-final-league-board-v1,1399318410818519040,2026,00-0040194,00-0040194,12658,Jackson Hawes,BUF,TE,SEASON,M9,BLOCKED_STATISTICS,FIE_M9_VALIDATED_PRESEASON,PRODUCTION,PRODUCTION,74.69413972945716,4.393772925262186,50.69598342917886,61.15135316833536,73.87789242119821,87.10624055378268,100.22929140868008,,262.0,153.32371751178778,-78.62957778233061,613.5,adp_ppr,,349.0,,87.0,IRRELEVANT,False,93.0,True,True,,False,False,False,0.0,0.0,0.0,"['LEAGUE_SPECIFIC_VORP', 'M9_PRODUCTION_MODEL', 'CURRENT_PLAYER_MATCH']",,,,position_not_validated,0.0148640510950138,-0.0206069189180887,0.0500966112378824,2.0,4.0,M9.1c,38.4,0.0,74.69413972945716,0.0,0.5714285714285714,0.1428571428571428,0.9763292989947402,1.0,COMMITTEE_FRINGE,RESEARCH_ONLY_EXACT_REPLAY,True,False,STABLE_TEAM,BLOCKED_MISSING_HISTORICAL_SLEEPER_BASELINE,False
fie-final-league-board-v1,1399318410818519040,2026,00-0040081,00-0040081,12817,Jake Briningstool,KC,TE,SEASON,M9,BLOCKED_STATISTICS,MARKET_FALLBACK,MARKET_BASE,MARKET_BASE,,,,,,,,,,153.32371751178778,,458.4,adp_ppr,,288.0,,,UNAVAILABLE,False,10.0,True,True,,False,False,False,-3.0,-3.0,-3.0,"['M9_PRODUCTION_MODEL', 'CURRENT_PLAYER_MATCH']",,,,position_not_validated,0.0148640510950138,-0.0206069189180887,0.0500966112378824,2.0,4.0,M9.1c,,,,,,,,,UNRANKED,BASELINE_ONLY,False,False,NO_PROFILE,BLOCKED_MISSING_HISTORICAL_SLEEPER_BASELINE,False
fie-final-league-board-v1,1399318410818519040,2026,00-0037112,00-0037112,8698,Jake Tonges,SF,TE,SEASON,M9,BLOCKED_STATISTICS,FIE_M9_VALIDATED_PRESEASON,PRODUCTION,PRODUCTION,153.32371751178778,9.019042206575753,125.5407805864487,138.32238662326745,152.93229443765966,167.8537882253688,181.64258289139812,,136.0,153.32371751178778,0.0,241.4,adp_ppr,,230.0,,94.0,DEEP_MARKET_OUTLIER,False,92.0,True,True,,False,False,False,0.0,0.0,0.0,"['LEAGUE_SPECIFIC_VORP', 'M9_PRODUCTION_MODEL', 'CURRENT_PLAYER_MATCH']",,,,position_not_validated,0.0148640510950138,-0.0206069189180887,0.0500966112378824,2.0,4.0,M9.1c,86.66741822587159,0.8674182258715888,153.32371751178778,0.3240730696585319,0.625,0.25,0.8261125960681754,4.800000000000004,STARTER,RESEARCH_ONLY_EXACT_REPLAY,True,False,STABLE_TEAM,BLOCKED_MISSING_HISTORICAL_SLEEPER_BASELINE,True
fie-final-league-board-v1,1399318410818519040,2026,00-0037282,00-0037282,8170,James Mitchell,CAR,TE,SEASON,M9,BLOCKED_STATISTICS,FIE_M9_VALIDATED_PRESEASON,PRODUCTION,PRODUCTION,66.10131086444801,3.8883124037910592,43.642949808686296,53.28542702917926,65.11095796587175,77.77508795188533,90.23587612926568,,286.0,153.32371751178778,-87.22240664733977,,adp_ppr,,,,,IRRELEVANT,False,90.0,True,True,,False,False,False,,,,"['LEAGUE_SPECIFIC_VORP', 'M9_PRODUCTION_MODEL', 'CURRENT_PLAYER_MATCH']",,,,position_not_validated,0.0148640510950138,-0.0206069189180887,0.0500966112378824,2.0,4.0,M9.1c,,,,,,,,,UNRANKED,BASELINE_ONLY,False,False,NO_PROFILE,BLOCKED_MISSING_HISTORICAL_SLEEPER_BASELINE,False
fie-final-league-board-v1,1399318410818519040,2026,13879,,13879,Jameson Geers,ARI,TE,SEASON,M9,BLOCKED_STATISTICS,MARKET_FALLBACK,MARKET_BASE,MARKET_BASE,,,,,,,,,,153.32371751178778,,619.0,adp_ppr,,354.0,,,UNAVAILABLE,False,10.0,True,True,,False,False,False,0.0,0.0,0.0,"['M9_PRODUCTION_MODEL', 'CURRENT_PLAYER_MATCH']",,,,position_not_validated,0.0148640510950138,-0.0206069189180887,0.0500966112378824,2.0,4.0,M9.1c,,,,,,,,,UNRANKED,BASELINE_ONLY,False,False,NO_PROFILE,BLOCKED_MISSING_HISTORICAL_SLEEPER_BASELINE,False
fie-final-league-board-v1,1399318410818519040,2026,00-0039824,00-0039824,11595,Jared Wiley,KC,TE,SEASON,M9,BLOCKED_STATISTICS,FIE_M9_VALIDATED_PRESEASON,PRODUCTION,PRODUCTION,46.27747696375407,2.722204527279651,24.811650814270138,33.78704977577677,45.26739657553619,57.258057608984345,69.36378930353565,,344.0,153.32371751178778,-107.04624054803372,677.5,adp_ppr,,452.0,,108.0,IRRELEVANT,False,90.0,True,True,,False,False,False,0.0,0.0,0.0,"['LEAGUE_SPECIFIC_VORP', 'M9_PRODUCTION_MODEL', 'CURRENT_PLAYER_MATCH']",,,,position_not_validated,0.0148640510950138,-0.0206069189180887,0.0500966112378824,2.0,4.0,M9.1c,,,,,,,,,UNRANKED,BASELINE_ONLY,False,False,NO_PROFILE,BLOCKED_MISSING_HISTORICAL_SLEEPER_BASELINE,False
fie-final-league-board-v1,1399318410818519040,2026,00-0040901,00-0040901,13422,Jaren Kanak,TEN,TE,SEASON,M9,BLOCKED_STATISTICS,FIE_M9_DIAGNOSTIC_MARKET_ANCHORED,DIAGNOSTIC_MARKET_ANCHORED,DIAGNOSTIC_MARKET_ANCHORED,38.1,2.241176470588236,17.52101934656516,26.320533842751217,36.9349813288913,48.64588180729855,60.02105290834548,,383.0,153.32371751178778,-115.22371751178778,530.2,adp_ppr,,315.0,,-68.0,IRRELEVANT,False,62.0,True,True,,False,False,False,0.0,0.0,0.0,"['LEAGUE_SPECIFIC_VORP', 'M9_PRODUCTION_MODEL', 'CURRENT_PLAYER_MATCH']",,,,position_not_validated,0.0148640510950138,-0.0206069189180887,0.0500966112378824,2.0,4.0,M9.1c,38.1,0.0,,,,,,,DEPTH,BASELINE_ONLY,False,False,NO_PROFILE,BLOCKED_MISSING_HISTORICAL_SLEEPER_BASELINE,False
fie-final-league-board-v1,1399318410818519040,2026,00-0037755,00-0037755,8219,Jelani Woods,NYJ,TE,SEASON,M9,BLOCKED_STATISTICS,FIE_M9_VALIDATED_PRESEASON,PRODUCTION,PRODUCTION,68.90696005062563,4.053350591213272,45.79941467993666,55.879259702182566,67.80327824236784,80.83130608996649,93.23106096454585,,280.0,153.32371751178778,-84.41675746116215,243.0,adp_ppr,,238.0,,-42.0,IRRELEVANT,False,90.0,True,True,,False,False,False,0.0,0.0,0.0,"['LEAGUE_SPECIFIC_VORP', 'M9_PRODUCTION_MODEL', 'CURRENT_PLAYER_MATCH']",,,,position_not_validated,0.0148640510950138,-0.0206069189180887,0.0500966112378824,2.0,4.0,M9.1c,,,,,,,,,UNRANKED,BASELINE_ONLY,False,False,NO_PROFILE,BLOCKED_MISSING_HISTORICAL_SLEEPER_BASELINE,False
fie-final-league-board-v1,1399318410818519040,2026,14061,,14061,Jeremiah Franklin,MIA,TE,SEASON,M9,BLOCKED_STATISTICS,MARKET_FALLBACK,MARKET_BASE,MARKET_BASE,,,,,,,,,,153.32371751178778,,527.5,adp_ppr,,313.0,,,UNAVAILABLE,False,10.0,True,True,,False,False,False,-97.5,-97.5,-97.5,"['M9_PRODUCTION_MODEL', 'CURRENT_PLAYER_MATCH']",,,,position_not_validated,0.0148640510950138,-0.0206069189180887,0.0500966112378824,2.0,4.0,M9.1c,,,,,,,,,UNRANKED,BASELINE_ONLY,False,False,NO_PROFILE,BLOCKED_MISSING_HISTORICAL_SLEEPER_BASELINE,False
fie-final-league-board-v1,1399318410818519040,2026,00-0037805,00-0037805,8145,Jeremy Ruckert,NYJ,TE,SEASON,M9,BLOCKED_STATISTICS,FIE_M9_VALIDATED_PRESEASON,PRODUCTION,PRODUCTION,64.26672364909999,3.780395508770588,41.62774532213346,51.46094302525127,63.26371123671804,75.9851073785329,87.90403250743341,,295.0,153.32371751178778,-89.05699386268779,,adp_ppr,,,,,IRRELEVANT,False,93.0,True,True,,False,False,False,,,,"['LEAGUE_SPECIFIC_VORP', 'M9_PRODUCTION_MODEL', 'CURRENT_PLAYER_MATCH']",,,,position_not_validated,0.0148640510950138,-0.0206069189180887,0.0500966112378824,2.0,4.0,M9.1c,10.6,1.3000000000000007,64.26672364909999,0.7466065463203775,0.9090909090909092,0.8181818181818181,0.93894006605362,1.3000000000000007,DEPTH,RESEARCH_ONLY_EXACT_REPLAY,True,False,STABLE_TEAM,BLOCKED_MISSING_HISTORICAL_SLEEPER_BASELINE,True
fie-final-league-board-v1,1399318410818519040,2026,00-0041087,00-0041087,13435,Joe Royer,CLE,TE,SEASON,M9,BLOCKED_STATISTICS,FIE_M9_DIAGNOSTIC_MARKET_ANCHORED,DIAGNOSTIC_MARKET_ANCHORED,DIAGNOSTIC_MARKET_ANCHORED,69.3,4.076470588235294,46.36204889799559,56.35270879309154,68.43349873976436,81.1858817083874,93.42499314464744,,279.0,153.32371751178778,-84.02371751178778,683.0,adp_ppr,,465.0,,186.0,IRRELEVANT,False,62.0,True,True,,False,False,False,0.0,0.0,0.0,"['LEAGUE_SPECIFIC_VORP', 'M9_PRODUCTION_MODEL', 'CURRENT_PLAYER_MATCH']",,,,position_not_validated,0.0148640510950138,-0.0206069189180887,0.0500966112378824,2.0,4.0,M9.1c,69.3,0.0,,,,,,,DEPTH,BASELINE_ONLY,False,False,NO_PROFILE,BLOCKED_MISSING_HISTORICAL_SLEEPER_BASELINE,False
fie-final-league-board-v1,1399318410818519040,2026,00-0036628,00-0036628,7716,John Bates,WAS,TE,SEASON,M9,BLOCKED_STATISTICS,FIE_M9_VALIDATED_PRESEASON,PRODUCTION,PRODUCTION,55.91330486883276,3.2890179334607508,33.65852308407224,43.24448025506887,54.90183332586647,67.32459708233685,79.42198891751602,,326.0,153.32371751178778,-97.410412642955,,adp_ppr,,,,,IRRELEVANT,False,92.0,True,True,,False,False,False,,,,"['LEAGUE_SPECIFIC_VORP', 'M9_PRODUCTION_MODEL', 'CURRENT_PLAYER_MATCH']",,,,position_not_validated,0.0148640510950138,-0.0206069189180887,0.0500966112378824,2.0,4.0,M9.1c,37.908745742530506,-0.391254257469491,55.91330486883276,-0.912477061167911,0.1428571428571428,0.7142857142857143,0.9781356436737316,1.0,COMMITTEE_FRINGE,RESEARCH_ONLY_EXACT_REPLAY,True,False,STABLE_TEAM,BLOCKED_MISSING_HISTORICAL_SLEEPER_BASELINE,True
fie-final-league-board-v1,1399318410818519040,2026,00-0040955,00-0040955,13342,John Michael Gyllenborg,KC,TE,SEASON,M9,BLOCKED_STATISTICS,FIE_M9_DIAGNOSTIC_MARKET_ANCHORED,DIAGNOSTIC_MARKET_ANCHORED,DIAGNOSTIC_MARKET_ANCHORED,45.9,2.7,24.220099641581548,33.70509529350937,44.82774142435649,57.238116979823154,68.77266685262282,,345.0,153.32371751178778,-107.42371751178776,611.2,adp_ppr,,346.0,,1.0,IRRELEVANT,False,62.0,True,True,,False,False,False,0.0,0.0,0.0,"['LEAGUE_SPECIFIC_VORP', 'M9_PRODUCTION_MODEL', 'CURRENT_PLAYER_MATCH']",,,,position_not_validated,0.0148640510950138,-0.0206069189180887,0.0500966112378824,2.0,4.0,M9.1c,45.9,0.0,,,,,,,COMMITTEE_FRINGE,BASELINE_ONLY,False,False,NO_PROFILE,BLOCKED_MISSING_HISTORICAL_SLEEPER_BASELINE,False
fie-final-league-board-v1,1399318410818519040,2026,00-0033246,00-0033246,4314,Johnny Mundt,PHI,TE,SEASON,M9,BLOCKED_STATISTICS,MARKET_FALLBACK,MARKET_BASE,MARKET_BASE,,,,,,,,,,153.32371751178778,,492.0,adp_ppr,,302.0,,,UNAVAILABLE,False,13.0,True,True,,False,False,False,-67.0,-67.0,-67.0,"['M9_PRODUCTION_MODEL', 'CURRENT_PLAYER_MATCH']",,,,position_not_validated,0.0148640510950138,-0.0206069189180887,0.0500966112378824,2.0,4.0,M9.1c,,,,,,,,,UNRANKED,BASELINE_ONLY,False,False,NO_PROFILE,BLOCKED_MISSING_HISTORICAL_SLEEPER_BASELINE,False
fie-final-league-board-v1,1399318410818519040,2026,14029,,14029,Johnny Pascuzzi,LAC,TE,SEASON,M9,BLOCKED_STATISTICS,MARKET_FALLBACK,MARKET_BASE,MARKET_BASE,,,,,,,,,,153.32371751178778,,603.2,adp_ppr,,343.0,,,UNAVAILABLE,False,10.0,True,True,,False,False,False,0.0,0.0,0.0,"['M9_PRODUCTION_MODEL', 'CURRENT_PLAYER_MATCH']",,,,position_not_validated,0.0148640510950138,-0.0206069189180887,0.0500966112378824,2.0,4.0,M9.1c,,,,,,,,,UNRANKED,BASELINE_ONLY,False,False,NO_PROFILE,BLOCKED_MISSING_HISTORICAL_SLEEPER_BASELINE,False
fie-final-league-board-v1,1399318410818519040,2026,00-0033858,00-0033858,4144,Jonnu Smith,GB,TE,SEASON,M9,BLOCKED_STATISTICS,FIE_M9_DIAGNOSTIC_MARKET_ANCHORED,DIAGNOSTIC_MARKET_ANCHORED,DIAGNOSTIC_MARKET_ANCHORED,43.4,2.552941176470588,22.3518984226552,31.437546527916737,42.465055027891545,54.21247802853757,65.30718142289842,,352.0,153.32371751178778,-109.92371751178776,,adp_ppr,,,,,IRRELEVANT,False,55.0,True,True,,False,False,False,,,,"['LEAGUE_SPECIFIC_VORP', 'M9_PRODUCTION_MODEL', 'CURRENT_PLAYER_MATCH']",,,,position_not_validated,0.0148640510950138,-0.0206069189180887,0.0500966112378824,2.0,4.0,M9.1c,46.4367207641635,3.036720764163505,84.07063887996097,-0.0603868719953329,0.5625,0.125,0.4131592876412931,20.48708410808333,STARTER,RESEARCH_ONLY_TRANSITION_EXACT_REPLAY,True,True,NEW_TEAM_CONTEXT_REBUILT_V3,BLOCKED_MISSING_HISTORICAL_SLEEPER_BASELINE,True
fie-final-league-board-v1,1399318410818519040,2026,00-0040887,00-0040887,13273,Josh Cuevas,BAL,TE,SEASON,M9,BLOCKED_STATISTICS,FIE_M9_DIAGNOSTIC_MARKET_ANCHORED,DIAGNOSTIC_MARKET_ANCHORED,DIAGNOSTIC_MARKET_ANCHORED,33.3,1.9588235294117649,13.06830523567558,21.535825197717138,32.22371011061483,43.829717225490576,55.0205286543516,,398.0,153.32371751178778,-120.02371751178778,697.1,adp_ppr,,494.0,,96.0,IRRELEVANT,False,62.0,True,True,,False,False,False,0.0,0.0,0.0,"['LEAGUE_SPECIFIC_VORP', 'M9_PRODUCTION_MODEL', 'CURRENT_PLAYER_MATCH']",,,,position_not_validated,0.0148640510950138,-0.0206069189180887,0.0500966112378824,2.0,4.0,M9.1c,33.3,0.0,,,,,,,DEPTH,BASELINE_ONLY,False,False,NO_PROFILE,BLOCKED_MISSING_HISTORICAL_SLEEPER_BASELINE,False
fie-final-league-board-v1,1399318410818519040,2026,13312,,13312,Josh Kattus,CIN,TE,SEASON,M9,BLOCKED_STATISTICS,MARKET_FALLBACK,MARKET_BASE,MARKET_BASE,,,,,,,,,,153.32371751178778,,699.2,adp_ppr,,499.0,,,UNAVAILABLE,False,10.0,True,True,,False,False,False,0.0,0.0,0.0,"['M9_PRODUCTION_MODEL', 'CURRENT_PLAYER_MATCH']",,,,position_not_validated,0.0148640510950138,-0.0206069189180887,0.0500966112378824,2.0,4.0,M9.1c,,,,,,,,,UNRANKED,BASELINE_ONLY,False,False,NO_PROFILE,BLOCKED_MISSING_HISTORICAL_SLEEPER_BASELINE,False
fie-final-league-board-v1,1399318410818519040,2026,00-0035249,00-0035249,5973,Josh Oliver,MIN,TE,SEASON,M9,BLOCKED_STATISTICS,FIE_M9_VALIDATED_PRESEASON,PRODUCTION,PRODUCTION,85.85109057353979,5.050064151384694,61.05224873734656,72.42607884577045,85.47649730232094,98.16376917279224,110.73372920635995,,237.0,153.32371751178778,-67.47262693824798,,adp_ppr,,,,,IRRELEVANT,False,93.0,True,True,,False,False,False,,,,"['LEAGUE_SPECIFIC_VORP', 'M9_PRODUCTION_MODEL', 'CURRENT_PLAYER_MATCH']",,,,position_not_validated,0.0148640510950138,-0.0206069189180887,0.0500966112378824,2.0,4.0,M9.1c,38.72835017160333,0.8283501716033257,85.85109057353979,0.6744907594765952,0.8571428571428571,0.7142857142857142,0.9745296136509712,1.0,COMMITTEE_FRINGE,RESEARCH_ONLY_EXACT_REPLAY,True,False,STABLE_TEAM,BLOCKED_MISSING_HISTORICAL_SLEEPER_BASELINE,True
fie-final-league-board-v1,1399318410818519040,2026,00-0038589,00-0038589,10212,Josh Whyle,GB,TE,SEASON,M9,BLOCKED_STATISTICS,FIE_M9_VALIDATED_PRESEASON,PRODUCTION,PRODUCTION,65.5009272556428,3.852995720920164,43.13665380630616,52.76746685878835,64.21753790020041,77.28010318246423,89.82569893584659,,287.0,153.32371751178778,-87.82279025614498,695.5,adp_ppr,,492.0,,205.0,IRRELEVANT,False,91.0,True,True,,False,False,False,0.0,0.0,0.0,"['LEAGUE_SPECIFIC_VORP', 'M9_PRODUCTION_MODEL', 'CURRENT_PLAYER_MATCH']",,,,position_not_validated,0.0148640510950138,-0.0206069189180887,0.0500966112378824,2.0,4.0,M9.1c,17.035168748356423,3.235168748356422,65.5009272556428,0.6744907594765952,0.7272727272727273,0.4545454545454546,0.8403035710016671,5.700000000000001,DEPTH,RESEARCH_ONLY_EXACT_REPLAY,True,False,STABLE_TEAM,BLOCKED_MISSING_HISTORICAL_SLEEPER_BASELINE,True
fie-final-league-board-v1,1399318410818519040,2026,00-0032599,00-0032599,3668,Joshua Perkins,NYJ,TE,SEASON,M9,BLOCKED_STATISTICS,MARKET_FALLBACK,MARKET_BASE,MARKET_BASE,,,,,,,,,,153.32371751178778,,,adp_ppr,,,,,UNAVAILABLE,False,10.0,True,True,,False,False,False,,,,"['M9_PRODUCTION_MODEL', 'CURRENT_PLAYER_MATCH']",,,,position_not_validated,0.0148640510950138,-0.0206069189180887,0.0500966112378824,2.0,4.0,M9.1c,,,,,,,,,UNRANKED,BASELINE_ONLY,False,False,NO_PROFILE,BLOCKED_MISSING_HISTORICAL_SLEEPER_BASELINE,False
fie-final-league-board-v1,1399318410818519040,2026,00-0038720,00-0038720,11371,Julian Hill,NE,TE,SEASON,M9,BLOCKED_STATISTICS,FIE_M9_DIAGNOSTIC_MARKET_ANCHORED,DIAGNOSTIC_MARKET_ANCHORED,DIAGNOSTIC_MARKET_ANCHORED,5.6,0.3294117647058822,-11.737203067530718,-4.482483305394336,4.465686473892937,14.309438921126514,24.2373147740622,,497.0,153.32371751178778,-147.72371751178778,668.8,adp_ppr,,433.0,,-64.0,IRRELEVANT,False,55.0,True,True,,False,False,False,0.0,0.0,0.0,"['LEAGUE_SPECIFIC_VORP', 'M9_PRODUCTION_MODEL', 'CURRENT_PLAYER_MATCH']",,,,position_not_validated,0.0148640510950138,-0.0206069189180887,0.0500966112378824,2.0,4.0,M9.1c,5.979647985860519,0.3796479858605197,52.22364118464809,4.578370456646992,0.7727272727272727,0.5454545454545454,0.9491199646513,1.1999999999999993,DEPTH,RESEARCH_ONLY_TRANSITION_EXACT_REPLAY,True,True,NEW_TEAM_CONTEXT_REBUILT_V3,BLOCKED_MISSING_HISTORICAL_SLEEPER_BASELINE,True
fie-final-league-board-v1,1399318410818519040,2026,00-0038590,00-0038590,9489,Justin Shorter,LV,TE,SEASON,M9,BLOCKED_STATISTICS,FIE_M9_VALIDATED_PRESEASON,PRODUCTION,PRODUCTION,11.217549161819244,0.6598558330481908,-7.067400438258954,0.4330273412335579,10.067496697371396,20.6259137869461,31.04406549038766,,479.0,153.32371751178778,-142.10616834996853,698.5,adp_ppr,,496.0,,17.0,IRRELEVANT,False,90.0,True,True,,False,False,False,0.0,0.0,0.0,"['LEAGUE_SPECIFIC_VORP', 'M9_PRODUCTION_MODEL', 'CURRENT_PLAYER_MATCH']",,,,position_not_validated,0.0148640510950138,-0.0206069189180887,0.0500966112378824,2.0,4.0,M9.1c,,,,,,,,,UNRANKED,BASELINE_ONLY,False,False,NO_PROFILE,BLOCKED_MISSING_HISTORICAL_SLEEPER_BASELINE,False
fie-final-league-board-v1,1399318410818519040,2026,8088,,8088,Kalif Jackson,MIA,TE,SEASON,M9,BLOCKED_STATISTICS,MARKET_FALLBACK,MARKET_BASE,MARKET_BASE,,,,,,,,,,153.32371751178778,,693.5,adp_ppr,,485.0,,,UNAVAILABLE,False,10.0,True,True,,False,False,False,0.0,0.0,0.0,"['M9_PRODUCTION_MODEL', 'CURRENT_PLAYER_MATCH']",,,,position_not_validated,0.0148640510950138,-0.0206069189180887,0.0500966112378824,2.0,4.0,M9.1c,,,,,,,,,UNRANKED,BASELINE_ONLY,False,False,NO_PROFILE,BLOCKED_MISSING_HISTORICAL_SLEEPER_BASELINE,False
fie-final-league-board-v1,1399318410818519040,2026,00-0040363,00-0040363,12765,Keleki Latu,BUF,TE,SEASON,M9,BLOCKED_STATISTICS,FIE_M9_VALIDATED_PRESEASON,PRODUCTION,PRODUCTION,40.91209332331868,2.4065937249010987,19.89811715313789,28.980036086842134,39.84717147784046,51.46587709869099,63.15609256094916,,365.0,153.32371751178778,-112.41162418846908,578.3,adp_ppr,,333.0,,-32.0,IRRELEVANT,False,90.0,True,True,,False,False,False,-2.700000000000045,-2.700000000000045,-2.700000000000045,"['LEAGUE_SPECIFIC_VORP', 'M9_PRODUCTION_MODEL', 'CURRENT_PLAYER_MATCH']",,,,position_not_validated,0.0148640510950138,-0.0206069189180887,0.0500966112378824,2.0,4.0,M9.1c,,,,,,,,,UNRANKED,BASELINE_ONLY,False,False,NO_PROFILE,BLOCKED_MISSING_HISTORICAL_SLEEPER_BASELINE,False
fie-final-league-board-v1,1399318410818519040,2026,13957,,13957,Kenny Fletcher,TB,TE,SEASON,M9,BLOCKED_STATISTICS,MARKET_FALLBACK,MARKET_BASE,MARKET_BASE,,,,,,,,,,153.32371751178778,,,adp_ppr,,,,,UNAVAILABLE,False,10.0,True,True,,False,False,False,,,,"['M9_PRODUCTION_MODEL', 'CURRENT_PLAYER_MATCH']",,,,position_not_validated,0.0148640510950138,-0.0206069189180887,0.0500966112378824,2.0,4.0,M9.1c,,,,,,,,,UNRANKED,BASELINE_ONLY,False,False,NO_PROFILE,BLOCKED_MISSING_HISTORICAL_SLEEPER_BASELINE,False
fie-final-league-board-v1,1399318410818519040,2026,00-0037311,00-0037311,8484,Ko Kieft,TB,TE,SEASON,M9,BLOCKED_STATISTICS,FIE_M9_VALIDATED_PRESEASON,PRODUCTION,PRODUCTION,26.084732415211366,1.534396024424198,6.329074441910759,14.67632706740734,25.01841985363676,36.19651295083949,47.143284845244736,,428.0,153.32371751178778,-127.2389850965764,,adp_ppr,,,,,IRRELEVANT,False,90.0,True,True,,False,False,False,,,,"['LEAGUE_SPECIFIC_VORP', 'M9_PRODUCTION_MODEL', 'CURRENT_PLAYER_MATCH']",,,,position_not_validated,0.0148640510950138,-0.0206069189180887,0.0500966112378824,2.0,4.0,M9.1c,0.7110395193503234,-1.5889604806496764,26.084732415211366,-0.531468291686597,0.2727272727272727,0.4545454545454546,0.9346826356762802,1.7000000000000002,DEPTH,RESEARCH_ONLY_EXACT_REPLAY,True,False,STABLE_TEAM,BLOCKED_MISSING_HISTORICAL_SLEEPER_BASELINE,True
fie-final-league-board-v1,1399318410818519040,2026,00-0036876,00-0036876,7602,Kylen Granson,TEN,TE,SEASON,M9,BLOCKED_STATISTICS,FIE_M9_DIAGNOSTIC_MARKET_ANCHORED,DIAGNOSTIC_MARKET_ANCHORED,DIAGNOSTIC_MARKET_ANCHORED,4.0,0.2352941176470587,-13.10187959923972,-6.409133231481292,2.596773788604473,12.684177514473395,23.10555046862192,,506.0,153.32371751178778,-149.32371751178778,505.0,adp_ppr,,306.0,,-200.0,IRRELEVANT,False,55.0,True,True,,False,False,False,0.0,0.0,0.0,"['LEAGUE_SPECIFIC_VORP', 'M9_PRODUCTION_MODEL', 'CURRENT_PLAYER_MATCH']",,,,position_not_validated,0.0148640510950138,-0.0206069189180887,0.0500966112378824,2.0,4.0,M9.1c,2.6,-1.4000000000000004,20.685597875644856,-5.119866362689361,0.1363636363636363,0.7272727272727273,0.944833035339733,1.4000000000000004,DEPTH,RESEARCH_ONLY_TRANSITION_EXACT_REPLAY,True,True,NEW_TEAM_CONTEXT_REBUILT_V3,BLOCKED_MISSING_HISTORICAL_SLEEPER_BASELINE,True
fie-final-league-board-v1,1399318410818519040,2026,13292,,13292,Lake McRee,PIT,TE,SEASON,M9,BLOCKED_STATISTICS,MARKET_FALLBACK,MARKET_BASE,MARKET_BASE,,,,,,,,,,153.32371751178778,,700.3,adp_ppr,,505.0,,,UNAVAILABLE,False,10.0,True,True,,False,False,False,0.0,0.0,0.0,"['M9_PRODUCTION_MODEL', 'CURRENT_PLAYER_MATCH']",,,,position_not_validated,0.0148640510950138,-0.0206069189180887,0.0500966112378824,2.0,4.0,M9.1c,,,,,,,,,UNRANKED,BASELINE_ONLY,False,False,NO_PROFILE,BLOCKED_MISSING_HISTORICAL_SLEEPER_BASELINE,False
fie-final-league-board-v1,1399318410818519040,2026,00-0028097,00-0028097,812,Lee Smith,ATL,TE,SEASON,M9,BLOCKED_STATISTICS,MARKET_FALLBACK,MARKET_BASE,MARKET_BASE,,,,,,,,,,153.32371751178778,,671.3,adp_ppr,,440.0,,,UNAVAILABLE,False,10.0,True,True,,False,False,False,0.0,0.0,0.0,"['M9_PRODUCTION_MODEL', 'CURRENT_PLAYER_MATCH']",,,,position_not_validated,0.0148640510950138,-0.0206069189180887,0.0500966112378824,2.0,4.0,M9.1c,,,,,,,,,UNRANKED,BASELINE_ONLY,False,False,NO_PROFILE,BLOCKED_MISSING_HISTORICAL_SLEEPER_BASELINE,False
fie-final-league-board-v1,1399318410818519040,2026,00-0030443,00-0030443,1642,Levine Toilolo,NYG,TE,SEASON,M9,BLOCKED_STATISTICS,MARKET_FALLBACK,MARKET_BASE,MARKET_BASE,,,,,,,,,,153.32371751178778,,,adp_ppr,,,,,UNAVAILABLE,False,10.0,True,True,,False,False,False,,,,"['M9_PRODUCTION_MODEL', 'CURRENT_PLAYER_MATCH']",,,,position_not_validated,0.0148640510950138,-0.0206069189180887,0.0500966112378824,2.0,4.0,M9.1c,,,,,,,,,UNRANKED,BASELINE_ONLY,False,False,NO_PROFILE,BLOCKED_MISSING_HISTORICAL_SLEEPER_BASELINE,False
fie-final-league-board-v1,1399318410818519040,2026,00-0037539,00-0037539,8249,Lucas Krull,DEN,TE,SEASON,M9,BLOCKED_STATISTICS,FIE_M9_VALIDATED_PRESEASON,PRODUCTION,PRODUCTION,62.40322787719619,3.670778110423305,39.77193437853356,49.68453468404178,61.47020794400122,73.90415256963081,86.31227773780851,,307.0,153.32371751178778,-90.9204896345916,,adp_ppr,,,,,IRRELEVANT,False,90.0,True,True,,False,False,False,,,,"['LEAGUE_SPECIFIC_VORP', 'M9_PRODUCTION_MODEL', 'CURRENT_PLAYER_MATCH']",,,,position_not_validated,0.0148640510950138,-0.0206069189180887,0.0500966112378824,2.0,4.0,M9.1c,8.195101092089727,0.0951010920897275,62.40322787719619,0.5221320583689595,0.7272727272727273,0.4545454545454546,0.9510109208972846,1.0,DEPTH,RESEARCH_ONLY_EXACT_REPLAY,True,False,STABLE_TEAM,BLOCKED_MISSING_HISTORICAL_SLEEPER_BASELINE,True
fie-final-league-board-v1,1399318410818519040,2026,00-0036887,00-0036887,7842,Luke Farrell,SF,TE,SEASON,M9,BLOCKED_STATISTICS,FIE_M9_VALIDATED_PRESEASON,PRODUCTION,PRODUCTION,47.69686553166442,2.805697972450848,26.10406072885295,35.444207181304016,46.57176139214187,58.799864109413,70.56205288310002,,341.0,153.32371751178778,-105.62685198012336,491.0,adp_ppr,,301.0,,-40.0,IRRELEVANT,False,93.0,True,True,,False,False,False,0.0,0.0,0.0,"['LEAGUE_SPECIFIC_VORP', 'M9_PRODUCTION_MODEL', 'CURRENT_PLAYER_MATCH']",,,,position_not_validated,0.0148640510950138,-0.0206069189180887,0.0500966112378824,2.0,4.0,M9.1c,10.1,0.0,47.69686553166442,-0.0653429749527374,0.4545454545454545,0.0909090909090909,0.8966923940369398,2.1,DEPTH,RESEARCH_ONLY_EXACT_REPLAY,True,False,STABLE_TEAM,BLOCKED_MISSING_HISTORICAL_SLEEPER_BASELINE,False
fie-final-league-board-v1,1399318410818519040,2026,00-0039144,00-0039144,9481,Luke Musgrave,GB,TE,SEASON,M9,BLOCKED_STATISTICS,FIE_M9_VALIDATED_PRESEASON,PRODUCTION,PRODUCTION,91.45106722035896,5.379474542374056,66.14327363602214,77.8491266764742,90.82685539469594,104.65474283139396,117.16605452564605,,231.0,153.32371751178778,-61.87265029142881,,adp_ppr,,,,,IRRELEVANT,False,93.0,True,True,,False,False,False,,,,"['LEAGUE_SPECIFIC_VORP', 'M9_PRODUCTION_MODEL', 'CURRENT_PLAYER_MATCH']",,,,position_not_validated,0.0148640510950138,-0.0206069189180887,0.0500966112378824,2.0,4.0,M9.1c,,,,,,,,,UNRANKED,BASELINE_ONLY,False,False,NO_PROFILE,BLOCKED_MISSING_HISTORICAL_SLEEPER_BASELINE,False
fie-final-league-board-v1,1399318410818519040,2026,00-0038547,00-0038547,10871,Luke Schoonmaker,DAL,TE,SEASON,M9,BLOCKED_STATISTICS,FIE_M9_VALIDATED_PRESEASON,PRODUCTION,PRODUCTION,56.38017449306618,3.3164808525333047,34.37936490654305,43.91504683022666,55.33457197937048,67.61265745360285,79.88536374679491,,324.0,153.32371751178778,-96.9435430187216,,adp_ppr,,,,,IRRELEVANT,False,93.0,True,True,,False,False,False,,,,"['LEAGUE_SPECIFIC_VORP', 'M9_PRODUCTION_MODEL', 'CURRENT_PLAYER_MATCH']",,,,position_not_validated,0.0148640510950138,-0.0206069189180887,0.0500966112378824,2.0,4.0,M9.1c,37.60764111590471,-0.292358884095286,56.38017449306618,-0.7945163050208909,0.2857142857142857,0.4285714285714286,0.9745296136509712,1.0,COMMITTEE_FRINGE,RESEARCH_ONLY_EXACT_REPLAY,True,False,STABLE_TEAM,BLOCKED_MISSING_HISTORICAL_SLEEPER_BASELINE,True
fie-final-league-board-v1,1399318410818519040,2026,13013,,13013,Mark Redman,GB,TE,SEASON,M9,BLOCKED_STATISTICS,MARKET_FALLBACK,MARKET_BASE,MARKET_BASE,,,,,,,,,,153.32371751178778,,295.0,adp_ppr,,257.0,,,UNAVAILABLE,False,10.0,True,True,,False,False,False,34.0,34.0,34.0,"['M9_PRODUCTION_MODEL', 'CURRENT_PLAYER_MATCH']",,,,position_not_validated,0.0148640510950138,-0.0206069189180887,0.0500966112378824,2.0,4.0,M9.1c,,,,,,,,,UNRANKED,BASELINE_ONLY,False,False,NO_PROFILE,BLOCKED_MISSING_HISTORICAL_SLEEPER_BASELINE,False
fie-final-league-board-v1,1399318410818519040,2026,00-0041472,00-0041472,13307,Marlin Klein,HOU,TE,SEASON,M9,BLOCKED_STATISTICS,FIE_M9_DIAGNOSTIC_MARKET_ANCHORED,DIAGNOSTIC_MARKET_ANCHORED,DIAGNOSTIC_MARKET_ANCHORED,35.5,2.088235294117647,15.123185420707244,23.532660513077595,34.33672914567676,46.22597315468786,57.27440298998028,,393.0,153.32371751178778,-117.82371751178778,,adp_ppr,,,,,IRRELEVANT,False,62.0,True,True,,False,False,False,,,,"['LEAGUE_SPECIFIC_VORP', 'M9_PRODUCTION_MODEL', 'CURRENT_PLAYER_MATCH']",,,,position_not_validated,0.0148640510950138,-0.0206069189180887,0.0500966112378824,2.0,4.0,M9.1c,35.5,0.0,,,,,,,COMMITTEE_FRINGE,BASELINE_ONLY,False,False,NO_PROFILE,BLOCKED_MISSING_HISTORICAL_SLEEPER_BASELINE,False
fie-final-league-board-v1,1399318410818519040,2026,13032,,13032,Marshall Lang,MIN,TE,SEASON,M9,BLOCKED_STATISTICS,MARKET_FALLBACK,MARKET_BASE,MARKET_BASE,,,,,,,,,,153.32371751178778,,,adp_ppr,,,,,UNAVAILABLE,False,10.0,True,True,,False,False,False,,,,"['M9_PRODUCTION_MODEL', 'CURRENT_PLAYER_MATCH']",,,,position_not_validated,0.0148640510950138,-0.0206069189180887,0.0500966112378824,2.0,4.0,M9.1c,,,,,,,,,UNRANKED,BASELINE_ONLY,False,False,NO_PROFILE,BLOCKED_MISSING_HISTORICAL_SLEEPER_BASELINE,False
fie-final-league-board-v1,1399318410818519040,2026,00-0040736,00-0040736,12498,Mason Taylor,NYJ,TE,SEASON,M9,BLOCKED_STATISTICS,FIE_M9_VALIDATED_PRESEASON,PRODUCTION,PRODUCTION,148.05660244280105,8.709211908400063,120.8279710734165,133.11323482560664,147.36341814432657,162.29557268293453,175.76861413371682,,146.0,153.32371751178778,-5.267115068986726,224.3,adp_ppr,,193.0,,47.0,IRRELEVANT,False,93.0,True,True,,False,False,False,0.0,0.0,0.0,"['LEAGUE_SPECIFIC_VORP', 'M9_PRODUCTION_MODEL', 'CURRENT_PLAYER_MATCH']",,,,position_not_validated,0.0148640510950138,-0.0206069189180887,0.0500966112378824,2.0,4.0,M9.1c,129.15116648005767,12.751166480057664,148.05660244280105,0.6852595334596949,0.875,0.75,0.5756734302509098,16.700000000000003,STARTER,RESEARCH_ONLY_EXACT_REPLAY,True,False,STABLE_TEAM,BLOCKED_MISSING_HISTORICAL_SLEEPER_BASELINE,True
fie-final-league-board-v1,1399318410818519040,2026,13324,,13324,Matt Hibner,BAL,TE,SEASON,M9,BLOCKED_STATISTICS,FIE_M9_DIAGNOSTIC_MARKET_ANCHORED,DIAGNOSTIC_MARKET_ANCHORED,DIAGNOSTIC_MARKET_ANCHORED,38.3,2.252941176470588,17.307904777777836,26.2911974055166,37.393199399901725,48.974561282157566,60.61865595358941,,382.0,153.32371751178778,-115.02371751178778,,adp_ppr,,,,,IRRELEVANT,False,62.0,True,True,,False,False,False,,,,"['LEAGUE_SPECIFIC_VORP', 'M9_PRODUCTION_MODEL', 'CURRENT_PLAYER_MATCH']",,,,position_not_validated,0.0148640510950138,-0.0206069189180887,0.0500966112378824,2.0,4.0,M9.1c,38.3,0.0,,,,,,,COMMITTEE_FRINGE,BASELINE_ONLY,False,False,NO_PROFILE,BLOCKED_MISSING_HISTORICAL_SLEEPER_BASELINE,False
fie-final-league-board-v1,1399318410818519040,2026,00-0031744,00-0031744,2944,Matt LaCosse,NE,TE,SEASON,M9,BLOCKED_STATISTICS,MARKET_FALLBACK,MARKET_BASE,MARKET_BASE,,,,,,,,,,153.32371751178778,,,adp_ppr,,,,,UNAVAILABLE,False,10.0,True,True,,False,False,False,,,,"['M9_PRODUCTION_MODEL', 'CURRENT_PLAYER_MATCH']",,,,position_not_validated,0.0148640510950138,-0.0206069189180887,0.0500966112378824,2.0,4.0,M9.1c,,,,,,,,,UNRANKED,BASELINE_ONLY,False,False,NO_PROFILE,BLOCKED_MISSING_HISTORICAL_SLEEPER_BASELINE,False
fie-final-league-board-v1,1399318410818519040,2026,13806,,13806,Matt Lauter,MIN,TE,SEASON,M9,BLOCKED_STATISTICS,MARKET_FALLBACK,MARKET_BASE,MARKET_BASE,,,,,,,,,,153.32371751178778,,509.5,adp_ppr,,308.0,,,UNAVAILABLE,False,10.0,True,True,,False,False,False,-210.0,-210.0,-210.0,"['M9_PRODUCTION_MODEL', 'CURRENT_PLAYER_MATCH']",,,,position_not_validated,0.0148640510950138,-0.0206069189180887,0.0500966112378824,2.0,4.0,M9.1c,,,,,,,,,UNRANKED,BASELINE_ONLY,False,False,NO_PROFILE,BLOCKED_MISSING_HISTORICAL_SLEEPER_BASELINE,False
fie-final-league-board-v1,1399318410818519040,2026,00-0041510,00-0041510,13278,Max Klare,LAR,TE,SEASON,M9,BLOCKED_STATISTICS,FIE_M9_DIAGNOSTIC_MARKET_ANCHORED,DIAGNOSTIC_MARKET_ANCHORED,DIAGNOSTIC_MARKET_ANCHORED,67.1,3.947058823529413,43.653433754371626,54.20976949989945,66.30278100175256,78.84917109951222,91.52798008640302,,285.0,153.32371751178778,-86.22371751178778,248.8,adp_ppr,,243.0,,-42.0,IRRELEVANT,False,62.0,True,True,,False,False,False,0.0,0.0,0.0,"['LEAGUE_SPECIFIC_VORP', 'M9_PRODUCTION_MODEL', 'CURRENT_PLAYER_MATCH']",,,,position_not_validated,0.0148640510950138,-0.0206069189180887,0.0500966112378824,2.0,4.0,M9.1c,67.1,0.0,,,,,,,DEPTH,BASELINE_ONLY,False,False,NO_PROFILE,BLOCKED_MISSING_HISTORICAL_SLEEPER_BASELINE,False
fie-final-league-board-v1,1399318410818519040,2026,00-0039263,00-0039263,12070,McCallan Castles,GB,TE,SEASON,M9,BLOCKED_STATISTICS,MARKET_FALLBACK,MARKET_BASE,MARKET_BASE,,,,,,,,,,153.32371751178778,,,adp_ppr,,,,,UNAVAILABLE,False,10.0,True,True,,False,False,False,,,,"['M9_PRODUCTION_MODEL', 'CURRENT_PLAYER_MATCH']",,,,position_not_validated,0.0148640510950138,-0.0206069189180887,0.0500966112378824,2.0,4.0,M9.1c,,,,,,,,,UNRANKED,BASELINE_ONLY,False,False,NO_PROFILE,BLOCKED_MISSING_HISTORICAL_SLEEPER_BASELINE,False
fie-final-league-board-v1,1399318410818519040,2026,12154,,12154,Messiah Swinson,GB,TE,SEASON,M9,BLOCKED_STATISTICS,MARKET_FALLBACK,MARKET_BASE,MARKET_BASE,,,,,,,,,,153.32371751178778,,335.2,adp_ppr,,260.0,,,UNAVAILABLE,False,10.0,True,True,,False,False,False,-37.39999999999998,-37.39999999999998,-37.39999999999998,"['M9_PRODUCTION_MODEL', 'CURRENT_PLAYER_MATCH']",,,,position_not_validated,0.0148640510950138,-0.0206069189180887,0.0500966112378824,2.0,4.0,M9.1c,,,,,,,,,UNRANKED,BASELINE_ONLY,False,False,NO_PROFILE,BLOCKED_MISSING_HISTORICAL_SLEEPER_BASELINE,False
fie-final-league-board-v1,1399318410818519040,2026,00-0039066,00-0039066,9482,Michael Mayer,LV,TE,SEASON,M9,BLOCKED_STATISTICS,FIE_M9_VALIDATED_PRESEASON,PRODUCTION,PRODUCTION,111.97094451276978,6.586526147809987,86.27531042994045,97.93646415223076,111.31083099179902,125.37408760889832,138.27776261687546,,200.0,153.32371751178778,-41.352772999018,,adp_ppr,,,,,IRRELEVANT,False,93.0,True,True,,False,False,False,,,,"['LEAGUE_SPECIFIC_VORP', 'M9_PRODUCTION_MODEL', 'CURRENT_PLAYER_MATCH']",,,,position_not_validated,0.0148640510950138,-0.0206069189180887,0.0500966112378824,2.0,4.0,M9.1c,96.9755175670187,-0.8244824329813127,111.97094451276978,-0.3398503389521045,0.375,0.25,0.7852213647441103,6.150000000000013,STARTER,RESEARCH_ONLY_EXACT_REPLAY,True,False,STABLE_TEAM,BLOCKED_MISSING_HISTORICAL_SLEEPER_BASELINE,True
fie-final-league-board-v1,1399318410818519040,2026,00-0040939,00-0040939,13401,Michael Trigg,DAL,TE,SEASON,M9,BLOCKED_STATISTICS,FIE_M9_DIAGNOSTIC_MARKET_ANCHORED,DIAGNOSTIC_MARKET_ANCHORED,DIAGNOSTIC_MARKET_ANCHORED,40.8,2.4,19.96418876542636,28.691855366055016,39.684631340368846,51.66614485565345,63.30734626799256,,367.0,153.32371751178778,-112.52371751178778,249.7,adp_ppr,,245.0,,-122.0,IRRELEVANT,False,62.0,True,True,,False,False,False,0.0,0.0,0.0,"['LEAGUE_SPECIFIC_VORP', 'M9_PRODUCTION_MODEL', 'CURRENT_PLAYER_MATCH']",,,,position_not_validated,0.0148640510950138,-0.0206069189180887,0.0500966112378824,2.0,4.0,M9.1c,40.8,0.0,,,,,,,COMMITTEE_FRINGE,BASELINE_ONLY,False,False,NO_PROFILE,BLOCKED_MISSING_HISTORICAL_SLEEPER_BASELINE,False
fie-final-league-board-v1,1399318410818519040,2026,00-0034829,00-0034829,4993,Mike Gesicki,CIN,TE,SEASON,M9,BLOCKED_STATISTICS,FIE_M9_VALIDATED_PRESEASON,PRODUCTION,PRODUCTION,114.62421290371826,6.742600759042251,89.09127025920999,100.5811748665933,113.90105202230907,127.75967563138836,141.195507317257,,194.0,153.32371751178778,-38.69950460806952,,adp_ppr,,,,,IRRELEVANT,False,93.0,True,True,,False,False,False,,,,"['LEAGUE_SPECIFIC_VORP', 'M9_PRODUCTION_MODEL', 'CURRENT_PLAYER_MATCH']",,,,position_not_validated,0.0148640510950138,-0.0206069189180887,0.0500966112378824,2.0,4.0,M9.1c,130.61840065820206,4.718400658202057,114.62421290371826,0.1583117995006571,0.625,0.25,0.5073549094840935,25.33361781563805,STARTER,RESEARCH_ONLY_EXACT_REPLAY,True,False,STABLE_TEAM,BLOCKED_MISSING_HISTORICAL_SLEEPER_BASELINE,True
fie-final-league-board-v1,1399318410818519040,2026,00-0040187,00-0040187,12473,Mitchell Evans,CAR,TE,SEASON,M9,BLOCKED_STATISTICS,FIE_M9_VALIDATED_PRESEASON,PRODUCTION,PRODUCTION,70.48258568195175,4.1460344518795145,47.10599611560912,57.344551299028055,69.73477932338338,82.4121201450296,95.52602562494565,,275.0,153.32371751178778,-82.84113182983603,,adp_ppr,,,,,IRRELEVANT,False,93.0,True,True,,False,False,False,,,,"['LEAGUE_SPECIFIC_VORP', 'M9_PRODUCTION_MODEL', 'CURRENT_PLAYER_MATCH']",,,,position_not_validated,0.0148640510950138,-0.0206069189180887,0.0500966112378824,2.0,4.0,M9.1c,17.00291495923578,1.3029149592357818,70.48258568195175,0.4882983095661495,0.6363636363636364,0.2727272727272727,0.8143218495223642,7.6,DEPTH,RESEARCH_ONLY_EXACT_REPLAY,True,False,STABLE_TEAM,BLOCKED_MISSING_HISTORICAL_SLEEPER_BASELINE,True
fie-final-league-board-v1,1399318410818519040,2026,00-0033217,00-0033217,4054,Mo Alie-Cox,IND,TE,SEASON,M9,BLOCKED_STATISTICS,FIE_M9_VALIDATED_PRESEASON,PRODUCTION,PRODUCTION,63.55466044452537,3.738509437913257,41.232687268334566,50.92283950653716,62.61056420788057,75.21751832311209,86.85027290961303,,305.0,153.32371751178778,-89.76905706726241,527.6,adp_ppr,,314.0,,9.0,IRRELEVANT,False,92.0,True,True,,False,False,False,0.0,0.0,0.0,"['LEAGUE_SPECIFIC_VORP', 'M9_PRODUCTION_MODEL', 'CURRENT_PLAYER_MATCH']",,,,position_not_validated,0.0148640510950138,-0.0206069189180887,0.0500966112378824,2.0,4.0,M9.1c,14.591897201745994,-0.8081027982540068,63.55466044452537,-0.3059583975230429,0.4285714285714285,0.1428571428571429,0.6216175371184656,17.1,COMMITTEE_FRINGE,RESEARCH_ONLY_EXACT_REPLAY,True,False,STABLE_TEAM,BLOCKED_MISSING_HISTORICAL_SLEEPER_BASELINE,True
fie-final-league-board-v1,1399318410818519040,2026,00-0040244,00-0040244,12480,Moliki Matavao,NO,TE,SEASON,M9,BLOCKED_STATISTICS,FIE_M9_VALIDATED_PRESEASON,PRODUCTION,PRODUCTION,84.64636812529413,4.979198125017302,60.633991265227735,71.12036455874467,83.66001633726745,97.27037011672108,109.82067910197864,,241.0,153.32371751178778,-68.67734938649365,,adp_ppr,,,,,IRRELEVANT,False,90.0,True,True,,False,False,False,,,,"['LEAGUE_SPECIFIC_VORP', 'M9_PRODUCTION_MODEL', 'CURRENT_PLAYER_MATCH']",,,,position_not_validated,0.0148640510950138,-0.0206069189180887,0.0500966112378824,2.0,4.0,M9.1c,,,,,,,,,UNRANKED,BASELINE_ONLY,False,False,NO_PROFILE,BLOCKED_MISSING_HISTORICAL_SLEEPER_BASELINE,False
fie-final-league-board-v1,1399318410818519040,2026,00-0038783,00-0038783,11433,Nate Adkins,DEN,TE,SEASON,M9,BLOCKED_STATISTICS,FIE_M9_VALIDATED_PRESEASON,PRODUCTION,PRODUCTION,30.6108362246861,1.8006374249815351,10.462330526989684,19.069709013899608,29.320316133528923,40.91813536071511,52.07816093874219,,407.0,153.32371751178778,-122.71288128710168,627.5,adp_ppr,,365.0,,-42.0,IRRELEVANT,False,91.0,True,True,,False,False,False,0.0,0.0,0.0,"['LEAGUE_SPECIFIC_VORP', 'M9_PRODUCTION_MODEL', 'CURRENT_PLAYER_MATCH']",,,,position_not_validated,0.0148640510950138,-0.0206069189180887,0.0500966112378824,2.0,4.0,M9.1c,5.984219695670285,0.2842196956702851,30.6108362246861,0.1025607093116177,0.6363636363636364,0.2727272727272727,0.9473989855676166,1.2999999999999998,DEPTH,RESEARCH_ONLY_EXACT_REPLAY,True,False,STABLE_TEAM,BLOCKED_MISSING_HISTORICAL_SLEEPER_BASELINE,True
fie-final-league-board-v1,1399318410818519040,2026,00-0041503,00-0041503,13299,Nate Boerkircher,JAX,TE,SEASON,M9,BLOCKED_STATISTICS,FIE_M9_DIAGNOSTIC_MARKET_ANCHORED,DIAGNOSTIC_MARKET_ANCHORED,DIAGNOSTIC_MARKET_ANCHORED,32.9,1.9352941176470588,12.7816637997786,21.307740928963952,31.88798522236454,43.21229329447074,54.16793010545258,,399.0,153.32371751178778,-120.42371751178776,,adp_ppr,,,,,IRRELEVANT,False,62.0,True,True,,False,False,False,,,,"['LEAGUE_SPECIFIC_VORP', 'M9_PRODUCTION_MODEL', 'CURRENT_PLAYER_MATCH']",,,,position_not_validated,0.0148640510950138,-0.0206069189180887,0.0500966112378824,2.0,4.0,M9.1c,32.9,0.0,,,,,,,COMMITTEE_FRINGE,BASELINE_ONLY,False,False,NO_PROFILE,BLOCKED_MISSING_HISTORICAL_SLEEPER_BASELINE,False
fie-final-league-board-v1,1399318410818519040,2026,00-0040058,00-0040058,13151,Nick Kallerup,SEA,TE,SEASON,M9,BLOCKED_STATISTICS,FIE_M9_VALIDATED_PRESEASON,PRODUCTION,PRODUCTION,26.0675233564589,1.5333837268505237,6.105839242484922,14.60365402538023,24.780454287746267,36.075062335159885,47.57739221679981,,429.0,153.32371751178778,-127.25619415532888,,adp_ppr,,,,,IRRELEVANT,False,91.0,True,True,,False,False,False,,,,"['LEAGUE_SPECIFIC_VORP', 'M9_PRODUCTION_MODEL', 'CURRENT_PLAYER_MATCH']",,,,position_not_validated,0.0148640510950138,-0.0206069189180887,0.0500966112378824,2.0,4.0,M9.1c,,,,,,,,,UNRANKED,BASELINE_ONLY,False,False,NO_PROFILE,BLOCKED_MISSING_HISTORICAL_SLEEPER_BASELINE,False
fie-final-league-board-v1,1399318410818519040,2026,00-0037317,00-0037317,8523,Nick Muse,ATL,TE,SEASON,M9,BLOCKED_STATISTICS,MARKET_FALLBACK,MARKET_BASE,MARKET_BASE,,,,,,,,,,153.32371751178778,,,adp_ppr,,,,,UNAVAILABLE,False,10.0,True,True,,False,False,False,,,,"['M9_PRODUCTION_MODEL', 'CURRENT_PLAYER_MATCH']",,,,position_not_validated,0.0148640510950138,-0.0206069189180887,0.0500966112378824,2.0,4.0,M9.1c,,,,,,,,,UNRANKED,BASELINE_ONLY,False,False,NO_PROFILE,BLOCKED_MISSING_HISTORICAL_SLEEPER_BASELINE,False
fie-final-league-board-v1,1399318410818519040,2026,00-0032394,00-0032394,3258,Nick Vannett,SEA,TE,SEASON,M9,BLOCKED_STATISTICS,MARKET_FALLBACK,MARKET_BASE,MARKET_BASE,,,,,,,,,,153.32371751178778,,666.0,adp_ppr,,424.0,,,UNAVAILABLE,False,10.0,True,True,,False,False,False,0.0,0.0,0.0,"['M9_PRODUCTION_MODEL', 'CURRENT_PLAYER_MATCH']",,,,position_not_validated,0.0148640510950138,-0.0206069189180887,0.0500966112378824,2.0,4.0,M9.1c,,,,,,,,,UNRANKED,BASELINE_ONLY,False,False,NO_PROFILE,BLOCKED_MISSING_HISTORICAL_SLEEPER_BASELINE,False
fie-final-league-board-v1,1399318410818519040,2026,00-0037031,00-0037031,8107,Nikola Kalinic,CHI,TE,SEASON,M9,BLOCKED_STATISTICS,FIE_M9_VALIDATED_PRESEASON,PRODUCTION,PRODUCTION,25.424314497264245,1.495547911603779,5.989383962811779,14.026325786829712,24.16591959367816,35.43222712832832,46.001352222096926,,431.0,153.32371751178778,-127.89940301452351,436.8,adp_ppr,,280.0,,-151.0,IRRELEVANT,False,90.0,True,True,,False,False,False,-10.5,-10.5,-10.5,"['LEAGUE_SPECIFIC_VORP', 'M9_PRODUCTION_MODEL', 'CURRENT_PLAYER_MATCH']",,,,position_not_validated,0.0148640510950138,-0.0206069189180887,0.0500966112378824,2.0,4.0,M9.1c,,,,,,,,,UNRANKED,BASELINE_ONLY,False,False,NO_PROFILE,BLOCKED_MISSING_HISTORICAL_SLEEPER_BASELINE,False
fie-final-league-board-v1,1399318410818519040,2026,00-0035644,00-0035644,5857,Noah Fant,NO,TE,SEASON,M9,BLOCKED_STATISTICS,FIE_M9_DIAGNOSTIC_MARKET_ANCHORED,DIAGNOSTIC_MARKET_ANCHORED,DIAGNOSTIC_MARKET_ANCHORED,44.1,2.594117647058824,23.119304311203685,32.073239004707595,43.02205566219561,54.86366522623592,66.37915627010668,,350.0,153.32371751178778,-109.22371751178778,,adp_ppr,,,,,IRRELEVANT,False,55.0,True,True,,False,False,False,,,,"['LEAGUE_SPECIFIC_VORP', 'M9_PRODUCTION_MODEL', 'CURRENT_PLAYER_MATCH']",,,,position_not_validated,0.0148640510950138,-0.0206069189180887,0.0500966112378824,2.0,4.0,M9.1c,47.16082172260925,3.060821722609248,84.14912907880917,-0.0678619622342075,0.5625,0.125,0.4164383296067002,20.63004086305829,STARTER,RESEARCH_ONLY_TRANSITION_EXACT_REPLAY,True,True,NEW_TEAM_CONTEXT_REBUILT_V3,BLOCKED_MISSING_HISTORICAL_SLEEPER_BASELINE,True
fie-final-league-board-v1,1399318410818519040,2026,00-0036637,00-0036637,7828,Noah Gray,KC,TE,SEASON,M9,BLOCKED_STATISTICS,FIE_M9_VALIDATED_PRESEASON,PRODUCTION,PRODUCTION,61.09713797004237,3.593949292355433,38.60340288342396,48.33596728597473,60.26196618937325,72.61026359942998,84.59495370589161,,311.0,153.32371751178778,-92.2265795417454,,adp_ppr,,,,,IRRELEVANT,False,93.0,True,True,,False,False,False,,,,"['LEAGUE_SPECIFIC_VORP', 'M9_PRODUCTION_MODEL', 'CURRENT_PLAYER_MATCH']",,,,position_not_validated,0.0148640510950138,-0.0206069189180887,0.0500966112378824,2.0,4.0,M9.1c,66.74144972001176,-4.358550279988236,61.09713797004237,-2.394090888254804,0.25,0.5,0.5448187849985299,17.45000000000001,STARTER,RESEARCH_ONLY_EXACT_REPLAY,True,False,STABLE_TEAM,BLOCKED_MISSING_HISTORICAL_SLEEPER_BASELINE,True
fie-final-league-board-v1,1399318410818519040,2026,00-0041041,00-0041041,13319,Oscar Delp,NO,TE,SEASON,M9,BLOCKED_STATISTICS,FIE_M9_DIAGNOSTIC_MARKET_ANCHORED,DIAGNOSTIC_MARKET_ANCHORED,DIAGNOSTIC_MARKET_ANCHORED,47.900000000000006,2.8176470588235296,26.41825846720293,35.66591226737137,46.78218944943329,58.89760883324122,70.68288315763894,,340.0,153.32371751178778,-105.42371751178776,,adp_ppr,,,,,IRRELEVANT,False,62.0,True,True,,False,False,False,,,,"['LEAGUE_SPECIFIC_VORP', 'M9_PRODUCTION_MODEL', 'CURRENT_PLAYER_MATCH']",,,,position_not_validated,0.0148640510950138,-0.0206069189180887,0.0500966112378824,2.0,4.0,M9.1c,47.900000000000006,0.0,,,,,,,COMMITTEE_FRINGE,BASELINE_ONLY,False,False,NO_PROFILE,BLOCKED_MISSING_HISTORICAL_SLEEPER_BASELINE,False
fie-final-league-board-v1,1399318410818519040,2026,00-0036894,00-0036894,7600,Pat Freiermuth,PIT,TE,SEASON,M9,BLOCKED_STATISTICS,FIE_M9_VALIDATED_PRESEASON,PRODUCTION,PRODUCTION,134.76796630788834,7.927527429875785,108.46326535998018,120.03303673437644,134.16155812700347,148.82763580496845,161.76275903627473,,164.0,153.32371751178778,-18.555751203899437,239.9,adp_ppr,,227.0,,63.0,IRRELEVANT,False,93.0,True,True,,False,False,False,0.0,0.0,0.0,"['LEAGUE_SPECIFIC_VORP', 'M9_PRODUCTION_MODEL', 'CURRENT_PLAYER_MATCH']",,,,position_not_validated,0.0148640510950138,-0.0206069189180887,0.0500966112378824,2.0,4.0,M9.1c,146.21154551274591,-7.688454487254091,134.76796630788834,-1.0749169208557834,0.2,0.6,0.5357808005055124,15.450000000000005,CLEAR_STARTER,RESEARCH_ONLY_EXACT_REPLAY,True,False,STABLE_TEAM,BLOCKED_MISSING_HISTORICAL_SLEEPER_BASELINE,True
fie-final-league-board-v1,1399318410818519040,2026,12901,,12901,Patrick Herbert,JAX,TE,SEASON,M9,BLOCKED_STATISTICS,MARKET_FALLBACK,MARKET_BASE,MARKET_BASE,,,,,,,,,,153.32371751178778,,,adp_ppr,,,,,UNAVAILABLE,False,10.0,True,True,,False,False,False,,,,"['M9_PRODUCTION_MODEL', 'CURRENT_PLAYER_MATCH']",,,,position_not_validated,0.0148640510950138,-0.0206069189180887,0.0500966112378824,2.0,4.0,M9.1c,,,,,,,,,UNRANKED,BASELINE_ONLY,False,False,NO_PROFILE,BLOCKED_MISSING_HISTORICAL_SLEEPER_BASELINE,False
fie-final-league-board-v1,1399318410818519040,2026,00-0039050,00-0039050,10227,Payne Durham,TB,TE,SEASON,M9,BLOCKED_STATISTICS,FIE_M9_VALIDATED_PRESEASON,PRODUCTION,PRODUCTION,0.9191669013426772,0.0540686412554515,-16.075258500765564,-9.192511012125124,-0.4991715749816023,9.52330026538673,19.8176738356065,,512.0,153.32371751178778,-152.4045506104451,564.0,adp_ppr,,326.0,,-186.0,IRRELEVANT,False,92.0,True,True,,False,False,False,0.0,0.0,0.0,"['LEAGUE_SPECIFIC_VORP', 'M9_PRODUCTION_MODEL', 'CURRENT_PLAYER_MATCH']",,,,position_not_validated,0.0148640510950138,-0.0206069189180887,0.0500966112378824,2.0,4.0,M9.1c,7.1,-1.0,0.9191669013426772,-2.001807850037057,0.0909090909090909,0.8181818181818181,0.9510109208972846,1.0,DEPTH,RESEARCH_ONLY_EXACT_REPLAY,True,False,STABLE_TEAM,BLOCKED_MISSING_HISTORICAL_SLEEPER_BASELINE,True
fie-final-league-board-v1,1399318410818519040,2026,00-0033439,00-0033439,4443,Pharaoh Brown,IND,TE,SEASON,M9,BLOCKED_STATISTICS,MARKET_FALLBACK,MARKET_BASE,MARKET_BASE,,,,,,,,,,153.32371751178778,,,adp_ppr,,,,,UNAVAILABLE,False,11.0,True,True,,False,False,False,,,,"['M9_PRODUCTION_MODEL', 'CURRENT_PLAYER_MATCH']",,,,position_not_validated,0.0148640510950138,-0.0206069189180887,0.0500966112378824,2.0,4.0,M9.1c,,,,,,,,,UNRANKED,BASELINE_ONLY,False,False,NO_PROFILE,BLOCKED_MISSING_HISTORICAL_SLEEPER_BASELINE,False
fie-final-league-board-v1,1399318410818519040,2026,00-0038735,00-0038735,11508,Princeton Fant,DAL,TE,SEASON,M9,BLOCKED_STATISTICS,FIE_M9_VALIDATED_PRESEASON,PRODUCTION,PRODUCTION,42.10885315063915,2.4769913618023027,21.076795751958343,29.94261949537387,40.93930279669022,52.99789451658397,64.64785006883459,,357.0,153.32371751178778,-111.21486436114864,,adp_ppr,,,,,IRRELEVANT,False,90.0,True,True,,False,False,False,0.0,0.0,0.0,"['LEAGUE_SPECIFIC_VORP', 'M9_PRODUCTION_MODEL', 'CURRENT_PLAYER_MATCH']",,,,position_not_validated,0.0148640510950138,-0.0206069189180887,0.0500966112378824,2.0,4.0,M9.1c,,,,,,,,,UNRANKED,BASELINE_ONLY,False,False,NO_PROFILE,BLOCKED_MISSING_HISTORICAL_SLEEPER_BASELINE,False
fie-final-league-board-v1,1399318410818519040,2026,00-0036590,00-0036590,7536,Quintin Morris,JAX,TE,SEASON,M9,BLOCKED_STATISTICS,FIE_M9_VALIDATED_PRESEASON,PRODUCTION,PRODUCTION,41.96788858260397,2.468699328388469,20.79870602585852,30.015042703644973,41.0634302994664,52.59413922338377,64.22032462946538,,359.0,153.32371751178778,-111.35582892918382,,adp_ppr,,,,,IRRELEVANT,False,92.0,True,True,,False,False,False,0.0,0.0,0.0,"['LEAGUE_SPECIFIC_VORP', 'M9_PRODUCTION_MODEL', 'CURRENT_PLAYER_MATCH']",,,,position_not_validated,0.0148640510950138,-0.0206069189180887,0.0500966112378824,2.0,4.0,M9.1c,7.523619644499934,-0.4763803555000656,41.96788858260397,-0.3290764532873967,0.3636363636363636,0.2727272727272727,0.9527607110001316,1.0,DEPTH,RESEARCH_ONLY_EXACT_REPLAY,True,False,STABLE_TEAM,BLOCKED_MISSING_HISTORICAL_SLEEPER_BASELINE,True
fie-final-league-board-v1,1399318410818519040,2026,13430,,13430,RJ Maryland,GB,TE,SEASON,M9,BLOCKED_STATISTICS,MARKET_FALLBACK,MARKET_BASE,MARKET_BASE,,,,,,,,,,153.32371751178778,,,adp_ppr,,,,,UNAVAILABLE,False,10.0,True,True,,False,False,False,,,,"['M9_PRODUCTION_MODEL', 'CURRENT_PLAYER_MATCH']",,,,position_not_validated,0.0148640510950138,-0.0206069189180887,0.0500966112378824,2.0,4.0,M9.1c,,,,,,,,,UNRANKED,BASELINE_ONLY,False,False,NO_PROFILE,BLOCKED_MISSING_HISTORICAL_SLEEPER_BASELINE,False
fie-final-league-board-v1,1399318410818519040,2026,00-0033757,00-0033757,4602,Robert Tonyan,PIT,TE,SEASON,M9,BLOCKED_STATISTICS,FIE_M9_DIAGNOSTIC_MARKET_ANCHORED,DIAGNOSTIC_MARKET_ANCHORED,DIAGNOSTIC_MARKET_ANCHORED,1.9,0.1117647058823529,-15.118535782534476,-8.440704665902778,0.5681670763696971,10.6125092110874,20.836056657839627,,510.0,153.32371751178778,-151.42371751178777,687.9,adp_ppr,,474.0,,-36.0,IRRELEVANT,False,55.0,True,True,,False,False,False,0.0,0.0,0.0,"['LEAGUE_SPECIFIC_VORP', 'M9_PRODUCTION_MODEL', 'CURRENT_PLAYER_MATCH']",,,,position_not_validated,0.0148640510950138,-0.0206069189180887,0.0500966112378824,2.0,4.0,M9.1c,2.271200145928989,0.3712001459289893,37.87208636921778,1.7341748807201387,0.7727272727272727,0.5454545454545454,0.9280003648224732,2.1,DEPTH,RESEARCH_ONLY_TRANSITION_EXACT_REPLAY,True,True,NEW_TEAM_CONTEXT_REBUILT_V3,BLOCKED_MISSING_HISTORICAL_SLEEPER_BASELINE,True
fie-final-league-board-v1,1399318410818519040,2026,00-0041558,00-0041558,13322,Sam Roush,CHI,TE,SEASON,M9,BLOCKED_STATISTICS,FIE_M9_DIAGNOSTIC_MARKET_ANCHORED,DIAGNOSTIC_MARKET_ANCHORED,DIAGNOSTIC_MARKET_ANCHORED,40.5,2.3823529411764706,19.724609378154646,28.64919462317513,39.59942831849256,51.31408170437393,62.69573542994944,,368.0,153.32371751178778,-112.82371751178778,,adp_ppr,,,,,IRRELEVANT,False,62.0,True,True,,False,False,False,,,,"['LEAGUE_SPECIFIC_VORP', 'M9_PRODUCTION_MODEL', 'CURRENT_PLAYER_MATCH']",,,,position_not_validated,0.0148640510950138,-0.0206069189180887,0.0500966112378824,2.0,4.0,M9.1c,40.5,0.0,,,,,,,COMMITTEE_FRINGE,BASELINE_ONLY,False,False,NO_PROFILE,BLOCKED_MISSING_HISTORICAL_SLEEPER_BASELINE,False
fie-final-league-board-v1,1399318410818519040,2026,00-0036032,00-0036032,6964,Sean McKeon,IND,TE,SEASON,M9,BLOCKED_STATISTICS,MARKET_FALLBACK,MARKET_BASE,MARKET_BASE,,,,,,,,,,153.32371751178778,,,adp_ppr,,,,,UNAVAILABLE,False,10.0,True,True,,False,False,False,0.0,0.0,0.0,"['M9_PRODUCTION_MODEL', 'CURRENT_PLAYER_MATCH']",,,,position_not_validated,0.0148640510950138,-0.0206069189180887,0.0500966112378824,2.0,4.0,M9.1c,,,,,,,,,UNRANKED,BASELINE_ONLY,False,False,NO_PROFILE,BLOCKED_MISSING_HISTORICAL_SLEEPER_BASELINE,False
fie-final-league-board-v1,1399318410818519040,2026,00-0041579,00-0041579,13429,Seydou Traore,MIA,TE,SEASON,M9,BLOCKED_STATISTICS,FIE_M9_DIAGNOSTIC_MARKET_ANCHORED,DIAGNOSTIC_MARKET_ANCHORED,DIAGNOSTIC_MARKET_ANCHORED,8.0,0.4705882352941175,-9.664306357960545,-2.4243029276650567,6.849391708918986,16.86549877011622,27.32939791711176,,486.0,153.32371751178778,-145.32371751178778,668.6,adp_ppr,,432.0,,-54.0,IRRELEVANT,False,62.0,True,True,,False,False,False,0.0,0.0,0.0,"['LEAGUE_SPECIFIC_VORP', 'M9_PRODUCTION_MODEL', 'CURRENT_PLAYER_MATCH']",,,,position_not_validated,0.0148640510950138,-0.0206069189180887,0.0500966112378824,2.0,4.0,M9.1c,8.0,0.0,,,,,,,DEPTH,BASELINE_ONLY,False,False,NO_PROFILE,BLOCKED_MISSING_HISTORICAL_SLEEPER_BASELINE,False
fie-final-league-board-v1,1399318410818519040,2026,00-0035039,00-0035039,6451,Stephen Carlson,CHI,TE,SEASON,M9,BLOCKED_STATISTICS,MARKET_FALLBACK,MARKET_BASE,MARKET_BASE,,,,,,,,,,153.32371751178778,,,adp_ppr,,,,,UNAVAILABLE,False,10.0,True,True,,False,False,False,,,,"['M9_PRODUCTION_MODEL', 'CURRENT_PLAYER_MATCH']",,,,position_not_validated,0.0148640510950138,-0.0206069189180887,0.0500966112378824,2.0,4.0,M9.1c,,,,,,,,,UNRANKED,BASELINE_ONLY,False,False,NO_PROFILE,BLOCKED_MISSING_HISTORICAL_SLEEPER_BASELINE,False
fie-final-league-board-v1,1399318410818519040,2026,00-0037475,00-0037475,8583,Stone Smartt,PHI,TE,SEASON,M9,BLOCKED_STATISTICS,FIE_M9_DIAGNOSTIC_MARKET_ANCHORED,DIAGNOSTIC_MARKET_ANCHORED,DIAGNOSTIC_MARKET_ANCHORED,5.7,0.3352941176470587,-11.73537523051635,-4.810994943225261,4.39221782341135,14.586253771975096,24.592613347959592,,496.0,153.32371751178778,-147.6237175117878,,adp_ppr,,,,,IRRELEVANT,False,55.0,True,True,,False,False,False,,,,"['LEAGUE_SPECIFIC_VORP', 'M9_PRODUCTION_MODEL', 'CURRENT_PLAYER_MATCH']",,,,position_not_validated,0.0148640510950138,-0.0206069189180887,0.0500966112378824,2.0,4.0,M9.1c,4.4,-1.2999999999999998,3.085992407971608,-5.560811635209743,0.0454545454545454,0.9090909090909092,0.9473989855676166,1.2999999999999998,DEPTH,RESEARCH_ONLY_TRANSITION_EXACT_REPLAY,True,True,NEW_TEAM_CONTEXT_REBUILT_V3,BLOCKED_MISSING_HISTORICAL_SLEEPER_BASELINE,True
fie-final-league-board-v1,1399318410818519040,2026,13827,,13827,Tanner Arkin,NE,TE,SEASON,M9,BLOCKED_STATISTICS,MARKET_FALLBACK,MARKET_BASE,MARKET_BASE,,,,,,,,,,153.32371751178778,,451.9,adp_ppr,,284.0,,,UNAVAILABLE,False,10.0,True,True,,False,False,False,-185.9,-185.9,-185.9,"['M9_PRODUCTION_MODEL', 'CURRENT_PLAYER_MATCH']",,,,position_not_validated,0.0148640510950138,-0.0206069189180887,0.0500966112378824,2.0,4.0,M9.1c,,,,,,,,,UNRANKED,BASELINE_ONLY,False,False,NO_PROFILE,BLOCKED_MISSING_HISTORICAL_SLEEPER_BASELINE,False
fie-final-league-board-v1,1399318410818519040,2026,00-0037348,00-0037348,8849,Tanner Conner,NYG,TE,SEASON,M9,BLOCKED_STATISTICS,MARKET_FALLBACK,MARKET_BASE,MARKET_BASE,,,,,,,,,,153.32371751178778,,,adp_ppr,,,,,UNAVAILABLE,False,12.0,True,True,,False,False,False,,,,"['M9_PRODUCTION_MODEL', 'CURRENT_PLAYER_MATCH']",,,,position_not_validated,0.0148640510950138,-0.0206069189180887,0.0500966112378824,2.0,4.0,M9.1c,,,,,,,,,UNRANKED,BASELINE_ONLY,False,False,NO_PROFILE,BLOCKED_MISSING_HISTORICAL_SLEEPER_BASELINE,False
fie-final-league-board-v1,1399318410818519040,2026,00-0034613,00-0034613,5409,Tanner Hudson,CIN,TE,SEASON,M9,BLOCKED_STATISTICS,FIE_M9_VALIDATED_PRESEASON,PRODUCTION,PRODUCTION,80.63764431456453,4.743390842033207,56.14712804239434,67.17276744077532,79.98597754176618,93.12094845889736,105.81468830012884,,244.0,153.32371751178778,-72.68607319722325,,adp_ppr,,,,,IRRELEVANT,False,92.0,True,True,,False,False,False,,,,"['LEAGUE_SPECIFIC_VORP', 'M9_PRODUCTION_MODEL', 'CURRENT_PLAYER_MATCH']",,,,position_not_validated,0.0148640510950138,-0.0206069189180887,0.0500966112378824,2.0,4.0,M9.1c,7.199999999999999,1.3999999999999997,80.63764431456453,10.36694767038626,1.0,1.0,0.943983365343924,1.3999999999999997,DEPTH,RESEARCH_ONLY_EXACT_REPLAY,True,False,STABLE_TEAM,BLOCKED_MISSING_HISTORICAL_SLEEPER_BASELINE,True
fie-final-league-board-v1,1399318410818519040,2026,00-0041084,00-0041084,13408,Tanner Koziol,JAX,TE,SEASON,M9,BLOCKED_STATISTICS,FIE_M9_DIAGNOSTIC_MARKET_ANCHORED,DIAGNOSTIC_MARKET_ANCHORED,DIAGNOSTIC_MARKET_ANCHORED,39.8,2.341176470588235,18.971829329649204,28.08338144196829,38.70265460757807,50.43155125301117,62.02162895895146,,373.0,153.32371751178778,-113.52371751178778,,adp_ppr,,,,,IRRELEVANT,False,62.0,True,True,,False,False,False,,,,"['LEAGUE_SPECIFIC_VORP', 'M9_PRODUCTION_MODEL', 'CURRENT_PLAYER_MATCH']",,,,position_not_validated,0.0148640510950138,-0.0206069189180887,0.0500966112378824,2.0,4.0,M9.1c,39.8,0.0,,,,,,,COMMITTEE_FRINGE,BASELINE_ONLY,False,False,NO_PROFILE,BLOCKED_MISSING_HISTORICAL_SLEEPER_BASELINE,False
fie-final-league-board-v1,1399318410818519040,2026,00-0033112,00-0033112,3333,Temarrick Hemingway,WAS,TE,SEASON,M9,BLOCKED_STATISTICS,MARKET_FALLBACK,MARKET_BASE,MARKET_BASE,,,,,,,,,,153.32371751178778,,375.6,adp_ppr,,268.0,,,UNAVAILABLE,False,10.0,True,True,,False,False,False,-50.79999999999996,-50.79999999999996,-50.79999999999996,"['M9_PRODUCTION_MODEL', 'CURRENT_PLAYER_MATCH']",,,,position_not_validated,0.0148640510950138,-0.0206069189180887,0.0500966112378824,2.0,4.0,M9.1c,,,,,,,,,UNRANKED,BASELINE_ONLY,False,False,NO_PROFILE,BLOCKED_MISSING_HISTORICAL_SLEEPER_BASELINE,False
fie-final-league-board-v1,1399318410818519040,2026,00-0039847,00-0039847,11597,Theo Johnson,NYG,TE,SEASON,M9,BLOCKED_STATISTICS,FIE_M9_VALIDATED_PRESEASON,PRODUCTION,PRODUCTION,176.31174274853922,10.371278985208187,148.50768213306552,161.1787828036594,176.36827418245113,190.87515658285005,204.6223485849095,,103.0,153.32371751178778,22.98802523675144,232.2,adp_ppr,,212.0,,109.0,DEEP_MARKET_OUTLIER,False,93.0,True,True,,False,False,False,0.0,0.0,0.0,"['LEAGUE_SPECIFIC_VORP', 'M9_PRODUCTION_MODEL', 'CURRENT_PLAYER_MATCH']",,,,position_not_validated,0.0148640510950138,-0.0206069189180887,0.0500966112378824,2.0,4.0,M9.1c,97.25,4.75,176.31174274853922,1.341945453236182,1.0,1.0,0.8268174702969026,4.750000000000007,STARTER,RESEARCH_ONLY_EXACT_REPLAY,True,False,STABLE_TEAM,BLOCKED_MISSING_HISTORICAL_SLEEPER_BASELINE,True
fie-final-league-board-v1,1399318410818519040,2026,00-0040225,00-0040225,12715,Thomas Fidone,NYG,TE,SEASON,M9,BLOCKED_STATISTICS,FIE_M9_VALIDATED_PRESEASON,PRODUCTION,PRODUCTION,42.10885315063915,2.4769913618023027,21.40621373568909,30.0291680182274,40.95202034971596,52.99302024267441,64.36841511789501,,358.0,153.32371751178778,-111.21486436114864,365.0,adp_ppr,,266.0,,-92.0,IRRELEVANT,False,90.0,True,True,,False,False,False,0.0,0.0,0.0,"['LEAGUE_SPECIFIC_VORP', 'M9_PRODUCTION_MODEL', 'CURRENT_PLAYER_MATCH']",,,,position_not_validated,0.0148640510950138,-0.0206069189180887,0.0500966112378824,2.0,4.0,M9.1c,,,,,,,,,UNRANKED,BASELINE_ONLY,False,False,NO_PROFILE,BLOCKED_MISSING_HISTORICAL_SLEEPER_BASELINE,False
fie-final-league-board-v1,1399318410818519040,2026,12113,,12113,Thomas Yassmin,GB,TE,SEASON,M9,BLOCKED_STATISTICS,MARKET_FALLBACK,MARKET_BASE,MARKET_BASE,,,,,,,,,,153.32371751178778,,628.9,adp_ppr,,366.0,,,UNAVAILABLE,False,10.0,True,True,,False,False,False,0.0,0.0,0.0,"['M9_PRODUCTION_MODEL', 'CURRENT_PLAYER_MATCH']",,,,position_not_validated,0.0148640510950138,-0.0206069189180887,0.0500966112378824,2.0,4.0,M9.1c,,,,,,,,,UNRANKED,BASELINE_ONLY,False,False,NO_PROFILE,BLOCKED_MISSING_HISTORICAL_SLEEPER_BASELINE,False
fie-final-league-board-v1,1399318410818519040,2026,00-0039737,00-0039737,11716,Tip Reiman,ARI,TE,SEASON,M9,BLOCKED_STATISTICS,FIE_M9_VALIDATED_PRESEASON,PRODUCTION,PRODUCTION,65.33846875489756,3.843439338523386,42.20122754419887,52.5056829615726,64.43908152907571,77.16631450529893,89.43571370431046,,289.0,153.32371751178778,-87.98524875689021,,adp_ppr,,,,,IRRELEVANT,False,90.0,True,True,,False,False,False,,,,"['LEAGUE_SPECIFIC_VORP', 'M9_PRODUCTION_MODEL', 'CURRENT_PLAYER_MATCH']",,,,position_not_validated,0.0148640510950138,-0.0206069189180887,0.0500966112378824,2.0,4.0,M9.1c,15.35908415563929,-0.0409158443607111,65.33846875489756,-0.2669890335234885,0.3636363636363636,0.2727272727272727,0.8183168872142154,7.300000000000001,DEPTH,RESEARCH_ONLY_EXACT_REPLAY,True,False,STABLE_TEAM,BLOCKED_MISSING_HISTORICAL_SLEEPER_BASELINE,True
fie-final-league-board-v1,1399318410818519040,2026,00-0037005,00-0037005,7694,Tommy Tremble,CAR,TE,SEASON,M9,BLOCKED_STATISTICS,FIE_M9_VALIDATED_PRESEASON,PRODUCTION,PRODUCTION,85.56186945856925,5.03305114462172,61.26100681102604,72.1442011532411,84.63208830575381,98.00559797879323,111.30704104905044,,238.0,153.32371751178778,-67.76184805321853,,adp_ppr,,,,,IRRELEVANT,False,93.0,True,True,,False,False,False,,,,"['LEAGUE_SPECIFIC_VORP', 'M9_PRODUCTION_MODEL', 'CURRENT_PLAYER_MATCH']",,,,position_not_validated,0.0148640510950138,-0.0206069189180887,0.0500966112378824,2.0,4.0,M9.1c,38.34890678218368,0.0489067821836854,85.56186945856925,0.5653850696004675,0.7142857142857143,0.4285714285714286,0.9781356436737316,1.0,COMMITTEE_FRINGE,RESEARCH_ONLY_EXACT_REPLAY,True,False,STABLE_TEAM,BLOCKED_MISSING_HISTORICAL_SLEEPER_BASELINE,True
fie-final-league-board-v1,1399318410818519040,2026,00-0038456,00-0038456,11381,Travis Vokolek,ARI,TE,SEASON,M9,BLOCKED_STATISTICS,FIE_M9_VALIDATED_PRESEASON,PRODUCTION,PRODUCTION,51.46415520397559,3.0273032472926817,29.42085535566096,39.13988167375175,50.28843155097049,63.00515143384691,74.78031016248053,,335.0,153.32371751178778,-101.85956230781218,,adp_ppr,,,,,IRRELEVANT,False,90.0,True,True,,False,False,False,,,,"['LEAGUE_SPECIFIC_VORP', 'M9_PRODUCTION_MODEL', 'CURRENT_PLAYER_MATCH']",,,,position_not_validated,0.0148640510950138,-0.0206069189180887,0.0500966112378824,2.0,4.0,M9.1c,,,,,,,,,UNRANKED,BASELINE_ONLY,False,False,NO_PROFILE,BLOCKED_MISSING_HISTORICAL_SLEEPER_BASELINE,False
fie-final-league-board-v1,1399318410818519040,2026,12079,,12079,Treyton Welch,NO,TE,SEASON,M9,BLOCKED_STATISTICS,MARKET_FALLBACK,MARKET_BASE,MARKET_BASE,,,,,,,,,,153.32371751178778,,516.5,adp_ppr,,310.0,,,UNAVAILABLE,False,10.0,True,True,,False,False,False,-204.5,-204.5,-204.5,"['M9_PRODUCTION_MODEL', 'CURRENT_PLAYER_MATCH']",,,,position_not_validated,0.0148640510950138,-0.0206069189180887,0.0500966112378824,2.0,4.0,M9.1c,,,,,,,,,UNRANKED,BASELINE_ONLY,False,False,NO_PROFILE,BLOCKED_MISSING_HISTORICAL_SLEEPER_BASELINE,False
fie-final-league-board-v1,1399318410818519040,2026,00-0033110,00-0033110,3271,Tyler Higbee,LAR,TE,SEASON,M9,BLOCKED_STATISTICS,FIE_M9_DIAGNOSTIC_MARKET_ANCHORED,DIAGNOSTIC_MARKET_ANCHORED,DIAGNOSTIC_MARKET_ANCHORED,39.9,2.347058823529412,18.941833541091952,28.10257844835636,38.67314496378367,50.5798331450472,62.12791112062224,,372.0,153.32371751178778,-113.42371751178776,,adp_ppr,,,,,IRRELEVANT,False,55.0,True,True,,False,False,False,,,,"['LEAGUE_SPECIFIC_VORP', 'M9_PRODUCTION_MODEL', 'CURRENT_PLAYER_MATCH']",,,,position_not_validated,0.0148640510950138,-0.0206069189180887,0.0500966112378824,2.0,4.0,M9.1c,41.4255035250659,1.5255035250659006,133.72765148460985,2.587499578156897,1.0,1.0,0.9534397031661888,1.6000000000000014,COMMITTEE_FRINGE,RESEARCH_ONLY_EXACT_REPLAY,True,False,STABLE_TEAM,BLOCKED_MISSING_HISTORICAL_SLEEPER_BASELINE,True
fie-final-league-board-v1,1399318410818519040,2026,14062,,14062,Tyler Moore,IND,TE,SEASON,M9,BLOCKED_STATISTICS,MARKET_FALLBACK,MARKET_BASE,MARKET_BASE,,,,,,,,,,153.32371751178778,,653.3,adp_ppr,,407.0,,,UNAVAILABLE,False,10.0,True,True,,False,False,False,0.0,0.0,0.0,"['M9_PRODUCTION_MODEL', 'CURRENT_PLAYER_MATCH']",,,,position_not_validated,0.0148640510950138,-0.0206069189180887,0.0500966112378824,2.0,4.0,M9.1c,,,,,,,,,UNRANKED,BASELINE_ONLY,False,False,NO_PROFILE,BLOCKED_MISSING_HISTORICAL_SLEEPER_BASELINE,False
fie-final-league-board-v1,1399318410818519040,2026,00-0041524,00-0041524,13434,Will Kacmarek,MIA,TE,SEASON,M9,BLOCKED_STATISTICS,FIE_M9_DIAGNOSTIC_MARKET_ANCHORED,DIAGNOSTIC_MARKET_ANCHORED,DIAGNOSTIC_MARKET_ANCHORED,74.1,4.358823529411764,50.3020551984198,60.97969713894699,73.11799220645968,86.16520577115874,99.2402655356299,,264.0,153.32371751178778,-79.22371751178778,,adp_ppr,,,,,IRRELEVANT,False,62.0,True,True,,False,False,False,,,,"['LEAGUE_SPECIFIC_VORP', 'M9_PRODUCTION_MODEL', 'CURRENT_PLAYER_MATCH']",,,,position_not_validated,0.0148640510950138,-0.0206069189180887,0.0500966112378824,2.0,4.0,M9.1c,74.1,0.0,,,,,,,STARTER,BASELINE_ONLY,False,False,NO_PROFILE,BLOCKED_MISSING_HISTORICAL_SLEEPER_BASELINE,False
fie-final-league-board-v1,1399318410818519040,2026,00-0038394,00-0038394,10220,Will Mallory,IND,TE,SEASON,M9,BLOCKED_STATISTICS,FIE_M9_VALIDATED_PRESEASON,PRODUCTION,PRODUCTION,61.1901276453974,3.599419273258671,38.52655323129133,48.36274869719193,60.469535640084565,72.95435948610324,84.77353342755978,,310.0,153.32371751178778,-92.13358986639037,698.5,adp_ppr,,497.0,,187.0,IRRELEVANT,False,90.0,True,True,,False,False,False,0.0,0.0,0.0,"['LEAGUE_SPECIFIC_VORP', 'M9_PRODUCTION_MODEL', 'CURRENT_PLAYER_MATCH']",,,,position_not_validated,0.0148640510950138,-0.0206069189180887,0.0500966112378824,2.0,4.0,M9.1c,,,,,,,,,UNRANKED,BASELINE_ONLY,False,False,NO_PROFILE,BLOCKED_MISSING_HISTORICAL_SLEEPER_BASELINE,False
fie-final-league-board-v1,1399318410818519040,2026,4490,,4490,Wyatt Houston,CAR,TE,SEASON,M9,BLOCKED_STATISTICS,MARKET_FALLBACK,MARKET_BASE,MARKET_BASE,,,,,,,,,,153.32371751178778,,,adp_ppr,,,,,UNAVAILABLE,False,10.0,True,True,,False,False,False,,,,"['M9_PRODUCTION_MODEL', 'CURRENT_PLAYER_MATCH']",,,,position_not_validated,0.0148640510950138,-0.0206069189180887,0.0500966112378824,2.0,4.0,M9.1c,,,,,,,,,UNRANKED,BASELINE_ONLY,False,False,NO_PROFILE,BLOCKED_MISSING_HISTORICAL_SLEEPER_BASELINE,False
fie-final-league-board-v1,1399318410818519040,2026,00-0038406,00-0038406,9483,Zack Kuntz,DAL,TE,SEASON,M9,BLOCKED_STATISTICS,MARKET_FALLBACK,MARKET_BASE,MARKET_BASE,,,,,,,,,,153.32371751178778,,,adp_ppr,,,,,UNAVAILABLE,False,10.0,True,True,,False,False,False,,,,"['M9_PRODUCTION_MODEL', 'CURRENT_PLAYER_MATCH']",,,,position_not_validated,0.0148640510950138,-0.0206069189180887,0.0500966112378824,2.0,4.0,M9.1c,,,,,,,,,UNRANKED,BASELINE_ONLY,False,False,NO_PROFILE,BLOCKED_MISSING_HISTORICAL_SLEEPER_BASELINE,False
fie-final-league-board-v1,1399318410818519040,2026,00-0039075,00-0039075,9493,Puka Nacua,LAR,WR,SEASON,M9,BLOCKED_STATISTICS,FIE_M9_DIAGNOSTIC_MARKET_ANCHORED,DIAGNOSTIC_MARKET_ANCHORED,DIAGNOSTIC_MARKET_ANCHORED,312.5,18.38235294117647,280.2914338945521,295.7001082799917,312.23799078283,329.46556584406943,344.8753512830125,1.0,5.0,153.7064827442174,158.7935172557826,4.4,adp_ppr,2.0,4.0,1.0,-1.0,FAIR,False,55.0,True,True,,True,True,True,-0.1999999999999993,-0.1999999999999993,-0.1999999999999993,"['LEAGUE_SPECIFIC_VORP', 'RELEVANT_UNIVERSE_RANK_EDGE', 'M9_PRODUCTION_MODEL', 'CURRENT_PLAYER_MATCH']",,,,team_change_guardrail,0.0563060869237183,0.0299607358219246,0.1012617410815205,4.0,4.0,M9.1c,327.0867225029528,14.586722502952796,332.3724152168271,0.6723401099075935,0.8333333333333334,0.6666666666666667,0.3502214286423231,31.70213167762938,CLEAR_STARTER,RESEARCH_ONLY_EXACT_REPLAY,True,False,STABLE_TEAM,BLOCKED_MISSING_HISTORICAL_SLEEPER_BASELINE,True
fie-final-league-board-v1,1399318410818519040,2026,00-0038543,00-0038543,9488,Jaxon Smith-Njigba,SEA,WR,SEASON,M9,BLOCKED_STATISTICS,FIE_M9_VALIDATED_PRESEASON,PRODUCTION,PRODUCTION,309.355185894021,18.197363876118885,277.37599443875456,292.0631243193756,309.1054715742449,326.2782040691621,341.8746358636785,2.0,6.0,153.7064827442174,155.64870314980362,6.2,adp_ppr,3.0,6.0,1.0,0.0,FAIR,False,94.0,True,True,,True,True,True,0.1000000000000005,0.1000000000000005,0.1000000000000005,"['LEAGUE_SPECIFIC_VORP', 'RELEVANT_UNIVERSE_RANK_EDGE', 'M9_PRODUCTION_MODEL', 'CURRENT_PLAYER_MATCH']",V9.7.2,314.083509084273,4.728323190251956,validated_component_shadow,0.0563060869237183,0.0299607358219246,0.1012617410815205,4.0,4.0,M9.1c,308.9074766560752,24.307476656075156,309.355185894021,0.8840913570436056,0.9166666666666666,0.8333333333333333,0.4371848319437973,30.97484509693527,CLEAR_STARTER,RESEARCH_ONLY_EXACT_REPLAY,True,False,STABLE_TEAM,BLOCKED_MISSING_HISTORICAL_SLEEPER_BASELINE,True
fie-final-league-board-v1,1399318410818519040,2026,00-0036900,00-0036900,7564,Ja'Marr Chase,CIN,WR,SEASON,M9,BLOCKED_STATISTICS,FIE_M9_VALIDATED_PRESEASON,PRODUCTION,PRODUCTION,285.77746288934395,16.81043899349082,253.7680696264696,268.4348518744008,285.5031947594954,302.1300234339214,317.824570075786,3.0,12.0,153.7064827442174,132.07098014512655,3.2,adp_ppr,1.0,3.0,-2.0,-9.0,FAIR,False,94.0,True,True,,True,True,True,-0.3999999999999999,-0.3999999999999999,-0.3999999999999999,"['LEAGUE_SPECIFIC_VORP', 'RELEVANT_UNIVERSE_RANK_EDGE', 'M9_PRODUCTION_MODEL', 'CURRENT_PLAYER_MATCH']",V9.7.2,290.19298019766615,4.415517308322194,validated_component_shadow,0.0563060869237183,0.0299607358219246,0.1012617410815205,4.0,4.0,M9.1c,308.1784513078893,-2.9215486921107185,285.77746288934395,-0.6766414090455969,0.3333333333333333,0.3333333333333333,0.3541271141952395,32.2073503523369,CLEAR_STARTER,RESEARCH_ONLY_EXACT_REPLAY,True,False,STABLE_TEAM,BLOCKED_MISSING_HISTORICAL_SLEEPER_BASELINE,True
fie-final-league-board-v1,1399318410818519040,2026,00-0036963,00-0036963,7547,Amon-Ra St. Brown,DET,WR,SEASON,M9,BLOCKED_STATISTICS,FIE_M9_VALIDATED_PRESEASON,PRODUCTION,PRODUCTION,277.9774523017923,16.3516148412819,245.9700101189601,260.9612437283945,278.0308096870449,294.7713194197436,309.7073344198128,4.0,16.0,153.7064827442174,124.27096955757492,8.8,adp_ppr,4.0,9.0,0.0,-7.0,FAIR,False,94.0,True,True,,True,True,True,0.200000000000001,0.200000000000001,0.200000000000001,"['LEAGUE_SPECIFIC_VORP', 'RELEVANT_UNIVERSE_RANK_EDGE', 'M9_PRODUCTION_MODEL', 'CURRENT_PLAYER_MATCH']",V9.7.2,279.8411429407899,1.863690638997582,validated_component_shadow,0.0563060869237183,0.0299607358219246,0.1012617410815205,4.0,4.0,M9.1c,288.98774862517024,8.48774862517024,277.9774523017923,0.0775636988590048,0.6666666666666666,0.3333333333333332,0.4397797215114123,30.450000000000003,CLEAR_STARTER,RESEARCH_ONLY_EXACT_REPLAY,True,False,STABLE_TEAM,BLOCKED_MISSING_HISTORICAL_SLEEPER_BASELINE,True
fie-final-league-board-v1,1399318410818519040,2026,00-0039067,00-0039067,10229,Rashee Rice,KC,WR,SEASON,M9,BLOCKED_STATISTICS,FIE_M9_VALIDATED_PRESEASON,PRODUCTION,PRODUCTION,264.4773745843379,15.557492622608112,232.19245547125243,247.49742015528187,264.4710502882673,281.0717607499797,296.08423902400926,5.0,22.0,153.7064827442174,110.7708918401205,29.0,adp_ppr,12.0,29.0,7.0,7.0,FAIR,False,92.0,True,True,,True,True,True,-0.6999999999999993,-0.6999999999999993,-0.6999999999999993,"['LEAGUE_SPECIFIC_VORP', 'RELEVANT_UNIVERSE_RANK_EDGE', 'M9_PRODUCTION_MODEL', 'CURRENT_PLAYER_MATCH']",V9.7.2,247.77438654580203,-16.702988038535864,validated_component_shadow,0.0563060869237183,0.0299607358219246,0.1012617410815205,4.0,4.0,M9.1c,234.40000000000003,5.100000000000023,264.4773745843379,2.8815216636813576,1.0,1.0,0.7608595121362423,5.1000000000000085,CLEAR_STARTER,RESEARCH_ONLY_EXACT_REPLAY,True,False,STABLE_TEAM,BLOCKED_MISSING_HISTORICAL_SLEEPER_BASELINE,True
fie-final-league-board-v1,1399318410818519040,2026,00-0035676,00-0035676,5859,A.J. Brown,NE,WR,SEASON,M9,BLOCKED_STATISTICS,FIE_M9_DIAGNOSTIC_MARKET_ANCHORED,DIAGNOSTIC_MARKET_ANCHORED,DIAGNOSTIC_MARKET_ANCHORED,247.2,14.541176470588235,215.9947190779422,230.2781861040739,247.1096934608284,263.5380347393315,278.6097484326772,6.0,29.0,153.7064827442174,93.4935172557826,17.1,adp_ppr,7.0,17.0,1.0,-12.0,FAIR,False,55.0,True,True,,True,True,True,0.0,0.0,0.0,"['LEAGUE_SPECIFIC_VORP', 'RELEVANT_UNIVERSE_RANK_EDGE', 'M9_PRODUCTION_MODEL', 'CURRENT_PLAYER_MATCH']",,,,team_change_guardrail,0.0563060869237183,0.0299607358219246,0.1012617410815205,4.0,4.0,M9.1c,245.2014170141579,-1.99858298584212,216.25227615636405,-0.337281589783093,0.4583333333333333,0.0833333333333333,0.6056312078309402,16.349999999999994,CLEAR_STARTER,RESEARCH_ONLY_TRANSITION_EXACT_REPLAY,True,True,NEW_TEAM_CONTEXT_REBUILT_V3,BLOCKED_MISSING_HISTORICAL_SLEEPER_BASELINE,True
fie-final-league-board-v1,1399318410818519040,2026,00-0037238,00-0037238,8112,Drake London,ATL,WR,SEASON,M9,BLOCKED_STATISTICS,FIE_M9_VALIDATED_PRESEASON,PRODUCTION,PRODUCTION,242.1328520744009,14.243108945552994,210.6036242121894,225.2063611572667,241.72583935494345,258.7685887834605,274.0733113805593,7.0,33.0,153.7064827442174,88.42636933018349,17.7,adp_ppr,8.0,18.0,1.0,-15.0,FAIR,False,93.0,True,True,,True,True,True,-0.8000000000000007,-0.8000000000000007,-0.8000000000000007,"['LEAGUE_SPECIFIC_VORP', 'RELEVANT_UNIVERSE_RANK_EDGE', 'M9_PRODUCTION_MODEL', 'CURRENT_PLAYER_MATCH']",V9.7.2,234.9035856523328,-7.229266422068065,validated_component_shadow,0.0563060869237183,0.0299607358219246,0.1012617410815205,4.0,4.0,M9.1c,262.2844918246798,12.08449182467976,242.1328520744009,0.7248235916095387,0.8333333333333334,0.6666666666666667,0.6072608957125505,17.299999999999997,CLEAR_STARTER,RESEARCH_ONLY_EXACT_REPLAY,True,False,STABLE_TEAM,BLOCKED_MISSING_HISTORICAL_SLEEPER_BASELINE,True
fie-final-league-board-v1,1399318410818519040,2026,00-0037239,00-0037239,8144,Chris Olave,NO,WR,SEASON,M9,BLOCKED_STATISTICS,FIE_M9_VALIDATED_PRESEASON,PRODUCTION,PRODUCTION,239.6478677982803,14.09693339989884,208.60506011151008,222.6136584592556,239.35420252106408,256.03464282520656,271.2236324675061,8.0,36.0,153.7064827442174,85.94138505406289,30.1,adp_ppr,13.0,30.0,5.0,-6.0,FAIR,False,94.0,True,True,,True,True,True,-0.2999999999999971,-0.2999999999999971,-0.2999999999999971,"['LEAGUE_SPECIFIC_VORP', 'RELEVANT_UNIVERSE_RANK_EDGE', 'M9_PRODUCTION_MODEL', 'CURRENT_PLAYER_MATCH']",V9.7.2,244.40055895902395,4.752691160743666,validated_component_shadow,0.0563060869237183,0.0299607358219246,0.1012617410815205,4.0,4.0,M9.1c,244.65000000000003,8.750000000000028,239.6478677982803,1.2014468005036465,0.8333333333333334,0.6666666666666667,0.7461274972874027,8.750000000000014,CLEAR_STARTER,RESEARCH_ONLY_EXACT_REPLAY,True,False,STABLE_TEAM,BLOCKED_MISSING_HISTORICAL_SLEEPER_BASELINE,True
fie-final-league-board-v1,1399318410818519040,2026,00-0037247,00-0037247,8137,George Pickens,DAL,WR,SEASON,M9,BLOCKED_STATISTICS,FIE_M9_VALIDATED_PRESEASON,PRODUCTION,PRODUCTION,238.4175574595081,14.024562203500476,207.17765995016023,221.8731136236392,237.88086593447687,254.60138893331543,270.4265173398717,9.0,37.0,153.7064827442174,84.71107471529069,22.1,adp_ppr,9.0,22.0,0.0,-15.0,FAIR,False,94.0,True,True,,True,True,True,-0.3999999999999986,-0.3999999999999986,-0.3999999999999986,"['LEAGUE_SPECIFIC_VORP', 'RELEVANT_UNIVERSE_RANK_EDGE', 'M9_PRODUCTION_MODEL', 'CURRENT_PLAYER_MATCH']",V9.7.2,248.6951282243166,10.277570764808502,validated_component_shadow,0.0563060869237183,0.0299607358219246,0.1012617410815205,4.0,4.0,M9.1c,255.54470075953503,9.844700759535044,238.4175574595081,0.5238449402465106,0.75,0.5,0.6413485836830658,16.349999999999994,CLEAR_STARTER,RESEARCH_ONLY_EXACT_REPLAY,True,False,STABLE_TEAM,BLOCKED_MISSING_HISTORICAL_SLEEPER_BASELINE,True
fie-final-league-board-v1,1399318410818519040,2026,00-0036358,00-0036358,6786,CeeDee Lamb,DAL,WR,SEASON,M9,BLOCKED_STATISTICS,FIE_M9_VALIDATED_PRESEASON,PRODUCTION,PRODUCTION,232.72588945234736,13.689758203079256,201.36788100751264,215.90175140319488,232.55179553646616,249.13406344048752,263.947437328534,10.0,42.0,153.7064827442174,79.01940670812996,10.4,adp_ppr,5.0,10.0,-5.0,-32.0,FAIR,False,93.0,True,True,,True,True,True,-0.5,-0.5,-0.5,"['LEAGUE_SPECIFIC_VORP', 'RELEVANT_UNIVERSE_RANK_EDGE', 'M9_PRODUCTION_MODEL', 'CURRENT_PLAYER_MATCH']",V9.7.2,230.23956789425603,-2.4863215580913334,validated_component_shadow,0.0563060869237183,0.0299607358219246,0.1012617410815205,4.0,4.0,M9.1c,266.1334461103652,-4.366553889634815,232.72588945234736,-0.7480753366500296,0.3333333333333333,0.3333333333333333,0.4798410867730562,22.549999999999983,CLEAR_STARTER,RESEARCH_ONLY_EXACT_REPLAY,True,False,STABLE_TEAM,BLOCKED_MISSING_HISTORICAL_SLEEPER_BASELINE,True
fie-final-league-board-v1,1399318410818519040,2026,00-0039064,00-0039064,9997,Zay Flowers,BAL,WR,SEASON,M9,BLOCKED_STATISTICS,FIE_M9_VALIDATED_PRESEASON,PRODUCTION,PRODUCTION,226.4579375274373,13.321055148672784,194.5580095959639,209.61239315677548,226.47673820090623,242.91853484653976,258.14995878666264,11.0,47.0,153.7064827442174,72.75145478321991,41.8,adp_ppr,19.0,41.0,8.0,-6.0,VALUE,True,94.0,True,True,,True,True,True,0.3999999999999986,0.3999999999999986,0.3999999999999986,"['LEAGUE_SPECIFIC_VORP', 'RELEVANT_UNIVERSE_RANK_EDGE', 'M9_PRODUCTION_MODEL', 'CURRENT_PLAYER_MATCH']",V9.7.2,225.3985035437858,-1.059433983651502,validated_component_shadow,0.0563060869237183,0.0299607358219246,0.1012617410815205,4.0,4.0,M9.1c,232.20000000000005,4.000000000000028,226.4579375274373,1.0217381765881404,0.9166666666666666,0.8333333333333333,0.8075116346350965,4.000000000000014,CLEAR_STARTER,RESEARCH_ONLY_EXACT_REPLAY,True,False,STABLE_TEAM,BLOCKED_MISSING_HISTORICAL_SLEEPER_BASELINE,True
fie-final-league-board-v1,1399318410818519040,2026,00-0031408,00-0031408,2216,Mike Evans,SF,WR,SEASON,M9,BLOCKED_STATISTICS,FIE_M9_DIAGNOSTIC_MARKET_ANCHORED,DIAGNOSTIC_MARKET_ANCHORED,DIAGNOSTIC_MARKET_ANCHORED,222.2,13.070588235294116,191.1950492576492,205.46234055134624,221.85519517841985,238.42688389377423,254.05650212572493,12.0,50.0,153.7064827442174,68.49351725578259,62.4,adp_ppr,27.0,62.0,15.0,12.0,VALUE,True,55.0,True,True,,True,True,True,0.2999999999999971,0.2999999999999971,0.2999999999999971,"['LEAGUE_SPECIFIC_VORP', 'RELEVANT_UNIVERSE_RANK_EDGE', 'M9_PRODUCTION_MODEL', 'CURRENT_PLAYER_MATCH']",,,,team_change_guardrail,0.0563060869237183,0.0299607358219246,0.1012617410815205,4.0,4.0,M9.1c,215.7,-6.500000000000028,154.4336935633922,-1.809939563793396,0.125,0.75,0.7264199225795895,6.500000000000028,CLEAR_STARTER,RESEARCH_ONLY_TRANSITION_EXACT_REPLAY,True,True,NEW_TEAM_CONTEXT_REBUILT_V3,BLOCKED_MISSING_HISTORICAL_SLEEPER_BASELINE,True
fie-final-league-board-v1,1399318410818519040,2026,00-0036613,00-0036613,7526,Jaylen Waddle,DEN,WR,SEASON,M9,BLOCKED_STATISTICS,FIE_M9_DIAGNOSTIC_MARKET_ANCHORED,DIAGNOSTIC_MARKET_ANCHORED,DIAGNOSTIC_MARKET_ANCHORED,221.0,13.0,190.3598080765433,204.8839568009312,220.5343551453808,236.95640237954024,251.8031304095228,13.0,51.0,153.7064827442174,67.2935172557826,44.7,adp_ppr,20.0,45.0,7.0,-6.0,FAIR,False,55.0,True,True,,True,True,True,-0.5,-0.5,-0.5,"['LEAGUE_SPECIFIC_VORP', 'RELEVANT_UNIVERSE_RANK_EDGE', 'M9_PRODUCTION_MODEL', 'CURRENT_PLAYER_MATCH']",,,,team_change_guardrail,0.0563060869237183,0.0299607358219246,0.1012617410815205,4.0,4.0,M9.1c,220.1069283684664,-0.893071631533644,181.4604284472969,-0.0771820504056666,0.375,0.25,0.7442263596113768,7.200000000000003,CLEAR_STARTER,RESEARCH_ONLY_TRANSITION_EXACT_REPLAY,True,True,NEW_TEAM_CONTEXT_REBUILT_V3,BLOCKED_MISSING_HISTORICAL_SLEEPER_BASELINE,True
fie-final-league-board-v1,1399318410818519040,2026,00-0036554,00-0036554,7569,Nico Collins,HOU,WR,SEASON,M9,BLOCKED_STATISTICS,FIE_M9_VALIDATED_PRESEASON,PRODUCTION,PRODUCTION,219.771513143106,12.927736067241527,188.2586202882368,203.02134739456343,219.6725456930676,236.2771621228764,251.4688969121073,14.0,52.0,153.7064827442174,66.06503039888861,25.1,adp_ppr,10.0,25.0,-4.0,-27.0,FAIR,False,93.0,True,True,,True,True,True,-0.2999999999999971,-0.2999999999999971,-0.2999999999999971,"['LEAGUE_SPECIFIC_VORP', 'RELEVANT_UNIVERSE_RANK_EDGE', 'M9_PRODUCTION_MODEL', 'CURRENT_PLAYER_MATCH']",V9.7.2,213.14730131811203,-6.624211824993978,validated_component_shadow,0.0563060869237183,0.0299607358219246,0.1012617410815205,4.0,4.0,M9.1c,253.5018976106144,-8.498102389385593,219.771513143106,-1.074406194557266,0.25,0.5,0.5536223054974322,20.55000000000001,CLEAR_STARTER,RESEARCH_ONLY_EXACT_REPLAY,True,False,STABLE_TEAM,BLOCKED_MISSING_HISTORICAL_SLEEPER_BASELINE,True
fie-final-league-board-v1,1399318410818519040,2026,00-0037740,00-0037740,8146,Garrett Wilson,NYJ,WR,SEASON,M9,BLOCKED_STATISTICS,FIE_M9_VALIDATED_PRESEASON,PRODUCTION,PRODUCTION,215.66282875725665,12.68604875042686,184.52177839707133,199.20071100768544,215.2798770533212,232.1861372698868,246.8724028860368,15.0,55.0,153.7064827442174,61.95634601303925,46.4,adp_ppr,21.0,46.0,6.0,-9.0,FAIR,False,91.0,True,True,,True,True,True,-0.1000000000000014,-0.1000000000000014,-0.1000000000000014,"['LEAGUE_SPECIFIC_VORP', 'RELEVANT_UNIVERSE_RANK_EDGE', 'M9_PRODUCTION_MODEL', 'CURRENT_PLAYER_MATCH']",V9.7.2,198.05802000661944,-17.604808750637233,validated_component_shadow,0.0563060869237183,0.0299607358219246,0.1012617410815205,4.0,4.0,M9.1c,228.7,3.8000000000000114,215.66282875725665,0.911521856548584,0.8333333333333334,0.6666666666666667,0.8096812712688767,3.8000000000000114,CLEAR_STARTER,RESEARCH_ONLY_EXACT_REPLAY,True,False,STABLE_TEAM,BLOCKED_MISSING_HISTORICAL_SLEEPER_BASELINE,True
fie-final-league-board-v1,1399318410818519040,2026,00-0039337,00-0039337,11632,Malik Nabers,NYG,WR,SEASON,M9,BLOCKED_STATISTICS,FIE_M9_VALIDATED_PRESEASON,PRODUCTION,PRODUCTION,215.5975075152708,12.682206324427693,184.7209835442944,198.91266578303475,215.1353005544668,231.66309109635745,246.72647174214924,16.0,56.0,153.7064827442174,61.8910247710534,26.9,adp_ppr,11.0,27.0,-5.0,-29.0,FAIR,False,91.0,True,True,,True,True,True,0.1999999999999993,0.1999999999999993,0.1999999999999993,"['LEAGUE_SPECIFIC_VORP', 'RELEVANT_UNIVERSE_RANK_EDGE', 'M9_PRODUCTION_MODEL', 'CURRENT_PLAYER_MATCH']",V9.7.2,195.04200919497416,-20.555498320296635,validated_component_shadow,0.0563060869237183,0.0299607358219246,0.1012617410815205,4.0,4.0,M9.1c,237.1103701235081,0.4103701235080734,215.5975075152708,0.0163394723331723,0.5833333333333334,0.1666666666666667,0.7461274972874027,8.750000000000014,CLEAR_STARTER,RESEARCH_ONLY_EXACT_REPLAY,True,False,STABLE_TEAM,BLOCKED_MISSING_HISTORICAL_SLEEPER_BASELINE,True
fie-final-league-board-v1,1399318410818519040,2026,00-0034348,00-0034348,5045,Courtland Sutton,DEN,WR,SEASON,M9,BLOCKED_STATISTICS,FIE_M9_VALIDATED_PRESEASON,PRODUCTION,PRODUCTION,201.9748589936977,11.880874058452806,171.02575520169103,185.43717430989616,201.9164512340633,218.0481148977925,233.1960078506116,17.0,68.0,153.7064827442174,48.2683762494803,80.6,adp_ppr,35.0,80.0,18.0,12.0,STRONG_VALUE,True,94.0,True,True,,True,True,True,0.5,0.5,0.5,"['LEAGUE_SPECIFIC_VORP', 'RELEVANT_UNIVERSE_RANK_EDGE', 'M9_PRODUCTION_MODEL', 'CURRENT_PLAYER_MATCH']",V9.7.2,196.7230540160756,-5.251804977622129,validated_component_shadow,0.0563060869237183,0.0299607358219246,0.1012617410815205,4.0,4.0,M9.1c,180.25000000000003,5.950000000000017,201.9748589936977,1.7444103856449642,0.9166666666666666,0.8333333333333333,0.7629893024333883,5.950000000000017,CLEAR_STARTER,RESEARCH_ONLY_EXACT_REPLAY,True,False,STABLE_TEAM,BLOCKED_MISSING_HISTORICAL_SLEEPER_BASELINE,True
fie-final-league-board-v1,1399318410818519040,2026,00-0036322,00-0036322,6794,Justin Jefferson,MIN,WR,SEASON,M9,BLOCKED_STATISTICS,FIE_M9_VALIDATED_PRESEASON,PRODUCTION,PRODUCTION,196.64491551061872,11.567347971212866,166.04022094337245,179.98716072712483,196.359842408672,212.51382040841705,228.04884543754952,18.0,75.0,153.7064827442174,42.93843276640132,11.3,adp_ppr,6.0,11.0,-12.0,-64.0,OVERPRICED,True,94.0,True,True,,True,True,True,-0.0999999999999996,-0.0999999999999996,-0.0999999999999996,"['LEAGUE_SPECIFIC_VORP', 'RELEVANT_UNIVERSE_RANK_EDGE', 'M9_PRODUCTION_MODEL', 'CURRENT_PLAYER_MATCH']",V9.7.2,200.11628366459,3.471368153971269,validated_component_shadow,0.0563060869237183,0.0299607358219246,0.1012617410815205,4.0,4.0,M9.1c,245.78481719258463,-4.61518280741538,196.64491551061872,-1.194376563453273,0.25,0.5,0.6072608957125505,17.299999999999997,CLEAR_STARTER,RESEARCH_ONLY_EXACT_REPLAY,True,False,STABLE_TEAM,BLOCKED_MISSING_HISTORICAL_SLEEPER_BASELINE,True
fie-final-league-board-v1,1399318410818519040,2026,00-0038559,00-0038559,10232,Michael Wilson,ARI,WR,SEASON,M9,BLOCKED_STATISTICS,FIE_M9_VALIDATED_PRESEASON,PRODUCTION,PRODUCTION,193.6296415817834,11.389978916575494,162.63442724761035,176.83094168223715,193.16915744972903,209.89936891025835,224.54328118196423,19.0,77.0,153.7064827442174,39.92315883756601,85.9,adp_ppr,36.0,85.0,17.0,8.0,VALUE,True,94.0,True,True,,True,True,True,0.1000000000000085,0.1000000000000085,0.1000000000000085,"['LEAGUE_SPECIFIC_VORP', 'RELEVANT_UNIVERSE_RANK_EDGE', 'M9_PRODUCTION_MODEL', 'CURRENT_PLAYER_MATCH']",V9.7.2,197.0382919945559,3.408650412772488,validated_component_shadow,0.0563060869237183,0.0299607358219246,0.1012617410815205,4.0,4.0,M9.1c,173.95,7.949999999999989,193.6296415817834,1.8151469873337145,1.0,1.0,0.7435717283297868,7.950000000000003,CLEAR_STARTER,RESEARCH_ONLY_EXACT_REPLAY,True,False,STABLE_TEAM,BLOCKED_MISSING_HISTORICAL_SLEEPER_BASELINE,True
fie-final-league-board-v1,1399318410818519040,2026,00-0031381,00-0031381,2133,Davante Adams,LAR,WR,SEASON,M9,BLOCKED_STATISTICS,FIE_M9_DIAGNOSTIC_MARKET_ANCHORED,DIAGNOSTIC_MARKET_ANCHORED,DIAGNOSTIC_MARKET_ANCHORED,192.5,11.323529411764708,162.26436374963166,176.0929345651383,191.9667810154167,208.5859172419767,223.5441782727628,20.0,78.0,153.7064827442174,38.79351725578261,50.1,adp_ppr,22.0,50.0,2.0,-28.0,FAIR,False,55.0,True,True,,True,True,True,-0.1999999999999957,-0.1999999999999957,-0.1999999999999957,"['LEAGUE_SPECIFIC_VORP', 'RELEVANT_UNIVERSE_RANK_EDGE', 'M9_PRODUCTION_MODEL', 'CURRENT_PLAYER_MATCH']",,,,team_change_guardrail,0.0563060869237183,0.0299607358219246,0.1012617410815205,4.0,4.0,M9.1c,202.52605784994955,10.026057849949552,212.1089927016536,1.3196144716628846,1.0,1.0,0.666183245843823,14.15000000000002,CLEAR_STARTER,RESEARCH_ONLY_EXACT_REPLAY,True,False,STABLE_TEAM,BLOCKED_MISSING_HISTORICAL_SLEEPER_BASELINE,True
fie-final-league-board-v1,1399318410818519040,2026,00-0037240,00-0037240,8148,Jameson Williams,DET,WR,SEASON,M9,BLOCKED_STATISTICS,FIE_M9_VALIDATED_PRESEASON,PRODUCTION,PRODUCTION,189.4083127340045,11.141665454941442,158.92281483836462,172.89477992873887,189.2584891258452,205.5252334834705,219.85347753351945,21.0,81.0,153.7064827442174,35.701829989787115,59.0,adp_ppr,26.0,59.0,5.0,-22.0,FAIR,False,94.0,True,True,,True,True,True,-1.1000000000000014,-1.1000000000000014,-1.1000000000000014,"['LEAGUE_SPECIFIC_VORP', 'RELEVANT_UNIVERSE_RANK_EDGE', 'M9_PRODUCTION_MODEL', 'CURRENT_PLAYER_MATCH']",V9.7.2,190.14401114395787,0.7356984099533577,validated_component_shadow,0.0563060869237183,0.0299607358219246,0.1012617410815205,4.0,4.0,M9.1c,214.3,8.099999999999994,189.4083127340045,1.6509295785108886,0.9166666666666666,0.8333333333333333,0.7318697863206053,8.099999999999994,CLEAR_STARTER,RESEARCH_ONLY_EXACT_REPLAY,True,False,STABLE_TEAM,BLOCKED_MISSING_HISTORICAL_SLEEPER_BASELINE,True
fie-final-league-board-v1,1399318410818519040,2026,00-0036410,00-0036410,6801,Tee Higgins,CIN,WR,SEASON,M9,BLOCKED_STATISTICS,FIE_M9_VALIDATED_PRESEASON,PRODUCTION,PRODUCTION,189.3695059726567,11.139382704273924,159.42457948956738,173.400295152828,189.12691148941715,205.3254615972668,219.9081694900738,22.0,82.0,153.7064827442174,35.6630232284393,35.2,adp_ppr,15.0,35.0,-7.0,-47.0,FAIR,False,93.0,True,True,,True,True,True,1.0,1.0,1.0,"['LEAGUE_SPECIFIC_VORP', 'RELEVANT_UNIVERSE_RANK_EDGE', 'M9_PRODUCTION_MODEL', 'CURRENT_PLAYER_MATCH']",V9.7.2,196.48937993522955,7.1198739625728535,validated_component_shadow,0.0563060869237183,0.0299607358219246,0.1012617410815205,4.0,4.0,M9.1c,224.4,0.0,189.3695059726567,-0.1680220475243753,0.5,0.0,0.8042788941461486,4.300000000000011,CLEAR_STARTER,RESEARCH_ONLY_EXACT_REPLAY,True,False,STABLE_TEAM,BLOCKED_MISSING_HISTORICAL_SLEEPER_BASELINE,False
fie-final-league-board-v1,1399318410818519040,2026,00-0038124,00-0038124,8167,Christian Watson,GB,WR,SEASON,M9,BLOCKED_STATISTICS,FIE_M9_VALIDATED_PRESEASON,PRODUCTION,PRODUCTION,188.6835724736322,11.09903367491954,158.0365640517047,172.04380247432377,188.2573487205593,204.3358707552284,219.92862364731943,23.0,83.0,153.7064827442174,34.977089729414814,69.6,adp_ppr,30.0,69.0,7.0,-14.0,FAIR,False,92.0,True,True,,True,True,True,0.5999999999999943,0.5999999999999943,0.5999999999999943,"['LEAGUE_SPECIFIC_VORP', 'RELEVANT_UNIVERSE_RANK_EDGE', 'M9_PRODUCTION_MODEL', 'CURRENT_PLAYER_MATCH']",V9.7.2,180.52560423441523,-8.157968239216984,validated_component_shadow,0.0563060869237183,0.0299607358219246,0.1012617410815205,4.0,4.0,M9.1c,215.7,8.099999999999994,188.6835724736322,1.4988320545257725,0.8333333333333334,0.6666666666666667,0.7318697863206053,8.099999999999994,CLEAR_STARTER,RESEARCH_ONLY_EXACT_REPLAY,True,False,STABLE_TEAM,BLOCKED_MISSING_HISTORICAL_SLEEPER_BASELINE,True
fie-final-league-board-v1,1399318410818519040,2026,00-0040124,00-0040124,12526,Tetairoa McMillan,CAR,WR,SEASON,M9,BLOCKED_STATISTICS,FIE_M9_VALIDATED_PRESEASON,PRODUCTION,PRODUCTION,185.79316646550612,10.929009792088598,155.7394243385954,169.85322825666276,185.396657091328,201.1906833044005,216.3182742888013,24.0,88.0,153.7064827442174,32.08668372128875,38.3,adp_ppr,17.0,38.0,-7.0,-50.0,FAIR,False,94.0,True,True,,True,True,True,-0.3000000000000042,-0.3000000000000042,-0.3000000000000042,"['LEAGUE_SPECIFIC_VORP', 'RELEVANT_UNIVERSE_RANK_EDGE', 'M9_PRODUCTION_MODEL', 'CURRENT_PLAYER_MATCH']",V9.7.2,191.90755968871017,6.114393223204019,validated_component_shadow,0.0563060869237183,0.0299607358219246,0.1012617410815205,4.0,4.0,M9.1c,221.49989540793,-1.5001045920700449,185.79316646550615,-0.1715298202681735,0.4166666666666667,0.1666666666666666,0.7895287326684396,5.700000000000017,CLEAR_STARTER,RESEARCH_ONLY_EXACT_REPLAY,True,False,STABLE_TEAM,BLOCKED_MISSING_HISTORICAL_SLEEPER_BASELINE,True
fie-final-league-board-v1,1399318410818519040,2026,00-0035640,00-0035640,5846,DK Metcalf,PIT,WR,SEASON,M9,BLOCKED_STATISTICS,FIE_M9_VALIDATED_PRESEASON,PRODUCTION,PRODUCTION,183.39184412426013,10.787755536721184,153.23215620596358,167.20610389054488,182.7443495837762,199.13469610007573,214.7749571375378,25.0,91.0,153.7064827442174,29.685361380042732,75.9,adp_ppr,33.0,75.0,8.0,-16.0,VALUE,True,93.0,True,True,,True,True,True,0.5,0.5,0.5,"['LEAGUE_SPECIFIC_VORP', 'RELEVANT_UNIVERSE_RANK_EDGE', 'M9_PRODUCTION_MODEL', 'CURRENT_PLAYER_MATCH']",V9.7.2,174.7101162631372,-8.681727861122937,validated_component_shadow,0.0563060869237183,0.0299607358219246,0.1012617410815205,4.0,4.0,M9.1c,192.7442250713329,9.444225071332852,183.39184412426013,0.6813506713472516,0.75,0.5,0.7127717034968193,10.350000000000009,CLEAR_STARTER,RESEARCH_ONLY_EXACT_REPLAY,True,False,STABLE_TEAM,BLOCKED_MISSING_HISTORICAL_SLEEPER_BASELINE,True
fie-final-league-board-v1,1399318410818519040,2026,00-0036912,00-0036912,7525,DeVonta Smith,PHI,WR,SEASON,M9,BLOCKED_STATISTICS,FIE_M9_VALIDATED_PRESEASON,PRODUCTION,PRODUCTION,180.6667418915568,10.627455405385694,150.99094171035088,164.37190310328197,179.90907967563805,196.4288352332068,211.1733915840788,26.0,94.0,153.7064827442174,26.9602591473394,32.1,adp_ppr,14.0,32.0,-12.0,-62.0,OVERPRICED,True,94.0,True,True,,True,True,True,-0.2999999999999971,-0.2999999999999971,-0.2999999999999971,"['LEAGUE_SPECIFIC_VORP', 'RELEVANT_UNIVERSE_RANK_EDGE', 'M9_PRODUCTION_MODEL', 'CURRENT_PLAYER_MATCH']",V9.7.2,188.84552453812967,8.178782646572927,validated_component_shadow,0.0563060869237183,0.0299607358219246,0.1012617410815205,4.0,4.0,M9.1c,225.61923242687865,-3.5807675731213635,180.6667418915568,-0.8975599577556463,0.1666666666666666,0.6666666666666667,0.7618654410896532,5.000000000000014,CLEAR_STARTER,RESEARCH_ONLY_EXACT_REPLAY,True,False,STABLE_TEAM,BLOCKED_MISSING_HISTORICAL_SLEEPER_BASELINE,True
fie-final-league-board-v1,1399318410818519040,2026,00-0039919,00-0039919,11620,Rome Odunze,CHI,WR,SEASON,M9,BLOCKED_STATISTICS,FIE_M9_VALIDATED_PRESEASON,PRODUCTION,PRODUCTION,180.18095405665605,10.598879650391533,150.18939846534423,163.7997955812527,179.5813422688959,195.9997144377916,210.90497203386263,27.0,96.0,153.7064827442174,26.47447131243865,64.1,adp_ppr,28.0,64.0,1.0,-32.0,FAIR,False,93.0,True,True,,True,True,True,-0.1000000000000085,-0.1000000000000085,-0.1000000000000085,"['LEAGUE_SPECIFIC_VORP', 'RELEVANT_UNIVERSE_RANK_EDGE', 'M9_PRODUCTION_MODEL', 'CURRENT_PLAYER_MATCH']",V9.7.2,178.71748913083067,-1.4634649258253771,validated_component_shadow,0.0563060869237183,0.0299607358219246,0.1012617410815205,4.0,4.0,M9.1c,215.18210437389004,7.282104373890036,180.18095405665605,0.7916393799412319,0.75,0.5,0.7318697863206053,8.099999999999994,CLEAR_STARTER,RESEARCH_ONLY_EXACT_REPLAY,True,False,STABLE_TEAM,BLOCKED_MISSING_HISTORICAL_SLEEPER_BASELINE,True
fie-final-league-board-v1,1399318410818519040,2026,00-0038544,00-0038544,9754,Quentin Johnston,LAC,WR,SEASON,M9,BLOCKED_STATISTICS,FIE_M9_VALIDATED_PRESEASON,PRODUCTION,PRODUCTION,179.26616288266382,10.545068404862578,149.30456157838012,162.8824967019358,178.63367535216258,195.0864518272012,210.0895382460409,28.0,97.0,153.7064827442174,25.559680138446424,114.8,adp_ppr,46.0,110.0,18.0,13.0,STRONG_VALUE,True,93.0,True,True,,True,True,True,-0.1000000000000085,-0.1000000000000085,-0.1000000000000085,"['LEAGUE_SPECIFIC_VORP', 'RELEVANT_UNIVERSE_RANK_EDGE', 'M9_PRODUCTION_MODEL', 'CURRENT_PLAYER_MATCH']",V9.7.2,183.46574352787647,4.199580645212649,validated_component_shadow,0.0563060869237183,0.0299607358219246,0.1012617410815205,4.0,4.0,M9.1c,179.8559091794275,15.955909179427492,179.26616288266382,1.780608614361512,1.0,1.0,0.5001852407344038,29.96918134085493,STARTER,RESEARCH_ONLY_EXACT_REPLAY,True,False,STABLE_TEAM,BLOCKED_MISSING_HISTORICAL_SLEEPER_BASELINE,True
fie-final-league-board-v1,1399318410818519040,2026,00-0034827,00-0034827,4983,DJ Moore,BUF,WR,SEASON,M9,BLOCKED_STATISTICS,FIE_M9_DIAGNOSTIC_MARKET_ANCHORED,DIAGNOSTIC_MARKET_ANCHORED,DIAGNOSTIC_MARKET_ANCHORED,179.00000000000003,10.529411764705884,149.1439616891601,162.93042754041966,178.3804311933968,194.6512650689362,209.27520947688976,29.0,98.0,153.7064827442174,25.293517255782632,55.6,adp_ppr,24.0,55.0,-5.0,-43.0,FAIR,False,55.0,True,True,,True,True,True,-0.2999999999999971,-0.2999999999999971,-0.2999999999999971,"['LEAGUE_SPECIFIC_VORP', 'RELEVANT_UNIVERSE_RANK_EDGE', 'M9_PRODUCTION_MODEL', 'CURRENT_PLAYER_MATCH']",,,,team_change_guardrail,0.0563060869237183,0.0299607358219246,0.1012617410815205,4.0,4.0,M9.1c,177.8310212184659,-1.1689787815340935,148.37741105292636,-0.6565261849109217,0.375,0.25,0.7084719888085461,7.25,CLEAR_STARTER,RESEARCH_ONLY_TRANSITION_EXACT_REPLAY,True,True,NEW_TEAM_CONTEXT_REBUILT_V3,BLOCKED_MISSING_HISTORICAL_SLEEPER_BASELINE,True
fie-final-league-board-v1,1399318410818519040,2026,00-0040129,00-0040129,12514,Emeka Egbuka,TB,WR,SEASON,M9,BLOCKED_STATISTICS,FIE_M9_VALIDATED_PRESEASON,PRODUCTION,PRODUCTION,178.64470498041086,10.508512057671227,148.6928978059167,162.55437253018388,177.80919738416148,194.12532650140147,209.33322832642372,30.0,99.0,153.7064827442174,24.938222236193468,39.0,adp_ppr,18.0,39.0,-12.0,-60.0,OVERPRICED,True,94.0,True,True,,True,True,True,-0.8999999999999986,-0.8999999999999986,-0.8999999999999986,"['LEAGUE_SPECIFIC_VORP', 'RELEVANT_UNIVERSE_RANK_EDGE', 'M9_PRODUCTION_MODEL', 'CURRENT_PLAYER_MATCH']",V9.7.2,184.009758814912,5.365053834501111,validated_component_shadow,0.0563060869237183,0.0299607358219246,0.1012617410815205,4.0,4.0,M9.1c,221.5599737000599,-2.4400262999400866,178.64470498041086,-0.5872615239735994,0.25,0.5,0.8000086229311698,4.700000000000017,CLEAR_STARTER,RESEARCH_ONLY_EXACT_REPLAY,True,False,STABLE_TEAM,BLOCKED_MISSING_HISTORICAL_SLEEPER_BASELINE,True
fie-final-league-board-v1,1399318410818519040,2026,00-0041438,00-0041438,13279,Carnell Tate,TEN,WR,SEASON,M9,BLOCKED_STATISTICS,FIE_M9_DIAGNOSTIC_MARKET_ANCHORED,DIAGNOSTIC_MARKET_ANCHORED,DIAGNOSTIC_MARKET_ANCHORED,177.3,10.429411764705884,147.71144480264266,160.9522942908109,176.6793387467327,193.09355604841136,208.27703162167097,31.0,102.0,153.7064827442174,23.59351725578261,67.0,adp_ppr,29.0,67.0,-2.0,-35.0,FAIR,False,62.0,True,True,,True,True,True,0.0,0.0,0.0,"['LEAGUE_SPECIFIC_VORP', 'RELEVANT_UNIVERSE_RANK_EDGE', 'M9_PRODUCTION_MODEL', 'CURRENT_PLAYER_MATCH']",,,,prior_season_profile_unavailable,0.0563060869237183,0.0299607358219246,0.1012617410815205,4.0,4.0,M9.1c,177.3,0.0,,,,,,,CLEAR_STARTER,BASELINE_ONLY,False,False,NO_PROFILE,BLOCKED_MISSING_HISTORICAL_SLEEPER_BASELINE,False
fie-final-league-board-v1,1399318410818519040,2026,00-0034960,00-0034960,5947,Jakobi Meyers,JAX,WR,SEASON,M9,BLOCKED_STATISTICS,FIE_M9_VALIDATED_PRESEASON,PRODUCTION,PRODUCTION,176.16888484291024,10.36287557899472,146.16388172556043,160.08323632308384,175.7886620600289,191.91435099478184,206.3761259484544,32.0,104.0,153.7064827442174,22.46240209869285,122.8,adp_ppr,49.0,116.0,17.0,12.0,VALUE,True,94.0,True,True,,True,True,True,-0.2000000000000028,-0.2000000000000028,-0.2000000000000028,"['LEAGUE_SPECIFIC_VORP', 'RELEVANT_UNIVERSE_RANK_EDGE', 'M9_PRODUCTION_MODEL', 'CURRENT_PLAYER_MATCH']",V9.7.2,173.38531292319527,-2.783571919714973,validated_component_shadow,0.0563060869237183,0.0299607358219246,0.1012617410815205,4.0,4.0,M9.1c,189.1932806835236,19.893280683523614,176.16888484291024,1.849070130754652,1.0,1.0,0.3483937072420947,29.17330129342426,COMMITTEE_FRINGE,RESEARCH_ONLY_EXACT_REPLAY,True,False,STABLE_TEAM,BLOCKED_MISSING_HISTORICAL_SLEEPER_BASELINE,True
fie-final-league-board-v1,1399318410818519040,2026,00-0037664,00-0037664,8142,Alec Pierce,IND,WR,SEASON,M9,BLOCKED_STATISTICS,FIE_M9_VALIDATED_PRESEASON,PRODUCTION,PRODUCTION,172.52475904502137,10.148515237942432,142.6208489033435,156.1724807495345,172.09221013468652,187.88624709133643,203.25470429299963,33.0,109.0,153.7064827442174,18.818276300803973,98.7,adp_ppr,40.0,96.0,7.0,-13.0,FAIR,False,93.0,True,True,,True,True,True,1.1000000000000083,1.1000000000000083,1.1000000000000083,"['LEAGUE_SPECIFIC_VORP', 'RELEVANT_UNIVERSE_RANK_EDGE', 'M9_PRODUCTION_MODEL', 'CURRENT_PLAYER_MATCH']",V9.7.2,178.43439097470304,5.909631929681666,validated_component_shadow,0.0563060869237183,0.0299607358219246,0.1012617410815205,4.0,4.0,M9.1c,182.9246736354392,5.0246736354392,172.52475904502137,0.3750880663925622,0.6666666666666666,0.3333333333333332,0.7555900203667967,6.699999999999989,CLEAR_STARTER,RESEARCH_ONLY_EXACT_REPLAY,True,False,STABLE_TEAM,BLOCKED_MISSING_HISTORICAL_SLEEPER_BASELINE,True
fie-final-league-board-v1,1399318410818519040,2026,00-0035659,00-0035659,5927,Terry McLaurin,WAS,WR,SEASON,M9,BLOCKED_STATISTICS,FIE_M9_VALIDATED_PRESEASON,PRODUCTION,PRODUCTION,172.33677345607762,10.137457262122211,141.95951393991032,156.02626284797546,171.69666140183782,188.0880856037101,203.0355606473051,34.0,110.0,153.7064827442174,18.630290711860223,56.2,adp_ppr,25.0,56.0,-9.0,-54.0,OVERPRICED,True,92.0,True,True,,True,True,True,0.9000000000000057,0.9000000000000057,0.9000000000000057,"['LEAGUE_SPECIFIC_VORP', 'RELEVANT_UNIVERSE_RANK_EDGE', 'M9_PRODUCTION_MODEL', 'CURRENT_PLAYER_MATCH']",V9.7.2,168.2261197708372,-4.110653685240436,validated_component_shadow,0.0563060869237183,0.0299607358219246,0.1012617410815205,4.0,4.0,M9.1c,209.70151246456248,-4.098487535437556,172.33677345607762,-0.5175703246572129,0.4166666666666667,0.1666666666666666,0.7732995349882202,8.399999999999991,CLEAR_STARTER,RESEARCH_ONLY_EXACT_REPLAY,True,False,STABLE_TEAM,BLOCKED_MISSING_HISTORICAL_SLEEPER_BASELINE,True
fie-final-league-board-v1,1399318410818519040,2026,00-0036252,00-0036252,6819,Michael Pittman,PIT,WR,SEASON,M9,BLOCKED_STATISTICS,FIE_M9_DIAGNOSTIC_MARKET_ANCHORED,DIAGNOSTIC_MARKET_ANCHORED,DIAGNOSTIC_MARKET_ANCHORED,170.89999999999998,10.052941176470586,141.2176190285509,154.4590190759764,170.31355829104672,186.3527191284107,201.9309209822336,35.0,111.0,153.7064827442174,17.19351725578258,105.9,adp_ppr,42.0,102.0,7.0,-9.0,FAIR,False,55.0,True,True,,True,True,True,1.4000000000000057,1.4000000000000057,1.4000000000000057,"['LEAGUE_SPECIFIC_VORP', 'RELEVANT_UNIVERSE_RANK_EDGE', 'M9_PRODUCTION_MODEL', 'CURRENT_PLAYER_MATCH']",,,,team_change_guardrail,0.0563060869237183,0.0299607358219246,0.1012617410815205,4.0,4.0,M9.1c,175.84999999999997,4.949999999999989,176.48500326718832,0.8799529973315421,0.7916666666666666,0.5833333333333333,0.7300295952151566,4.949999999999974,CLEAR_STARTER,RESEARCH_ONLY_TRANSITION_EXACT_REPLAY,True,True,NEW_TEAM_CONTEXT_REBUILT_V3,BLOCKED_MISSING_HISTORICAL_SLEEPER_BASELINE,True
fie-final-league-board-v1,1399318410818519040,2026,00-0038117,00-0038117,8126,Wan'Dale Robinson,TEN,WR,SEASON,M9,BLOCKED_STATISTICS,FIE_M9_DIAGNOSTIC_MARKET_ANCHORED,DIAGNOSTIC_MARKET_ANCHORED,DIAGNOSTIC_MARKET_ANCHORED,170.70000000000002,10.041176470588232,140.6998901399502,154.5994736081101,170.3148763184368,186.4575319248173,200.99943489933847,36.0,112.0,153.7064827442174,16.99351725578262,119.0,adp_ppr,47.0,113.0,11.0,1.0,VALUE,True,55.0,True,True,,True,True,True,0.2999999999999971,0.2999999999999971,0.2999999999999971,"['LEAGUE_SPECIFIC_VORP', 'RELEVANT_UNIVERSE_RANK_EDGE', 'M9_PRODUCTION_MODEL', 'CURRENT_PLAYER_MATCH']",,,,team_change_guardrail,0.0563060869237183,0.0299607358219246,0.1012617410815205,4.0,4.0,M9.1c,175.45000000000005,4.750000000000028,206.2559112427462,2.0949053103975874,1.0,1.0,0.731966334317037,4.750000000000014,CLEAR_STARTER,RESEARCH_ONLY_TRANSITION_EXACT_REPLAY,True,True,NEW_TEAM_CONTEXT_REBUILT_V3,BLOCKED_MISSING_HISTORICAL_SLEEPER_BASELINE,True
fie-final-league-board-v1,1399318410818519040,2026,00-0040867,00-0040867,13294,Makai Lemon,PHI,WR,SEASON,M9,BLOCKED_STATISTICS,FIE_M9_DIAGNOSTIC_MARKET_ANCHORED,DIAGNOSTIC_MARKET_ANCHORED,DIAGNOSTIC_MARKET_ANCHORED,168.5,9.911764705882351,138.91755613272866,152.31509431389128,167.9033004329355,183.955132284483,198.73297366937,37.0,116.0,153.7064827442174,14.793517255782604,89.5,adp_ppr,37.0,89.0,0.0,-27.0,FAIR,False,62.0,True,True,,True,True,True,-0.5,-0.5,-0.5,"['LEAGUE_SPECIFIC_VORP', 'RELEVANT_UNIVERSE_RANK_EDGE', 'M9_PRODUCTION_MODEL', 'CURRENT_PLAYER_MATCH']",,,,prior_season_profile_unavailable,0.0563060869237183,0.0299607358219246,0.1012617410815205,4.0,4.0,M9.1c,168.5,0.0,,,,,,,CLEAR_STARTER,BASELINE_ONLY,False,False,NO_PROFILE,BLOCKED_MISSING_HISTORICAL_SLEEPER_BASELINE,False
fie-final-league-board-v1,1399318410818519040,2026,00-0039915,00-0039915,11635,Ladd McConkey,LAC,WR,SEASON,M9,BLOCKED_STATISTICS,FIE_M9_VALIDATED_PRESEASON,PRODUCTION,PRODUCTION,167.28291489907616,9.840171464651538,137.15015764636294,151.29039016240054,166.64704946453529,182.6517800096022,197.24568773827207,38.0,118.0,153.7064827442174,13.576432154858765,37.7,adp_ppr,16.0,37.0,-22.0,-81.0,STRONG_FADE,True,94.0,True,True,,True,True,True,-0.0999999999999943,-0.0999999999999943,-0.0999999999999943,"['LEAGUE_SPECIFIC_VORP', 'RELEVANT_UNIVERSE_RANK_EDGE', 'M9_PRODUCTION_MODEL', 'CURRENT_PLAYER_MATCH']",V9.7.2,167.23667113900572,-0.046243760070439,validated_component_shadow,0.0563060869237183,0.0299607358219246,0.1012617410815205,4.0,4.0,M9.1c,224.2,-4.0,167.28291489907616,-1.5289394809278305,0.0833333333333333,0.8333333333333334,0.8075116346350968,3.999999999999986,CLEAR_STARTER,RESEARCH_ONLY_EXACT_REPLAY,True,False,STABLE_TEAM,BLOCKED_MISSING_HISTORICAL_SLEEPER_BASELINE,True
fie-final-league-board-v1,1399318410818519040,2026,00-0038606,00-0038606,9487,Parker Washington,JAX,WR,SEASON,M9,BLOCKED_STATISTICS,FIE_M9_VALIDATED_PRESEASON,PRODUCTION,PRODUCTION,167.20883561626084,9.83581385978005,136.5698514616947,151.14104956806278,167.07093425757813,182.92622914793523,197.33906105097208,39.0,119.0,153.7064827442174,13.502352872043446,73.8,adp_ppr,31.0,73.0,-8.0,-46.0,OVERPRICED,True,94.0,True,True,,True,True,True,-0.1000000000000085,-0.1000000000000085,-0.1000000000000085,"['LEAGUE_SPECIFIC_VORP', 'RELEVANT_UNIVERSE_RANK_EDGE', 'M9_PRODUCTION_MODEL', 'CURRENT_PLAYER_MATCH']",V9.7.2,174.3775202251234,7.168684608862549,validated_component_shadow,0.0563060869237183,0.0299607358219246,0.1012617410815205,4.0,4.0,M9.1c,208.98408006211093,-3.4159199378891003,167.20883561626084,-0.3698760015734947,0.3333333333333333,0.3333333333333333,0.7346064382557189,8.399999999999991,CLEAR_STARTER,RESEARCH_ONLY_EXACT_REPLAY,True,False,STABLE_TEAM,BLOCKED_MISSING_HISTORICAL_SLEEPER_BASELINE,True
fie-final-league-board-v1,1399318410818519040,2026,00-0039849,00-0039849,11628,Marvin Harrison,ARI,WR,SEASON,M9,BLOCKED_STATISTICS,FIE_M9_VALIDATED_PRESEASON,PRODUCTION,PRODUCTION,165.5771431942469,9.739831952602758,136.31013353436603,149.88616441615767,165.0835832512295,180.88404314022827,195.9455581563366,40.0,121.0,153.7064827442174,11.870660450029504,76.6,adp_ppr,34.0,76.0,-6.0,-45.0,FAIR,False,93.0,True,True,,True,True,True,-0.3000000000000113,-0.3000000000000113,-0.3000000000000113,"['LEAGUE_SPECIFIC_VORP', 'RELEVANT_UNIVERSE_RANK_EDGE', 'M9_PRODUCTION_MODEL', 'CURRENT_PLAYER_MATCH']",V9.7.2,157.873021498836,-7.70412169541089,validated_component_shadow,0.0563060869237183,0.0299607358219246,0.1012617410815205,4.0,4.0,M9.1c,186.2,0.0,165.5771431942469,-0.1404109279236132,0.5,0.0,0.6860344459152433,11.650000000000006,CLEAR_STARTER,RESEARCH_ONLY_EXACT_REPLAY,True,False,STABLE_TEAM,BLOCKED_MISSING_HISTORICAL_SLEEPER_BASELINE,False
fie-final-league-board-v1,1399318410818519040,2026,00-0037261,00-0037261,8134,Khalil Shakir,BUF,WR,SEASON,M9,BLOCKED_STATISTICS,FIE_M9_VALIDATED_PRESEASON,PRODUCTION,PRODUCTION,162.27765643659916,9.545744496270538,132.47959674982158,146.30449420092563,161.6130598451486,177.4587027458477,192.698052766615,41.0,123.0,153.7064827442174,8.571173692381763,143.4,adp_ppr,55.0,131.0,14.0,8.0,VALUE,True,94.0,True,True,,True,True,True,-1.5,-1.5,-1.5,"['LEAGUE_SPECIFIC_VORP', 'RELEVANT_UNIVERSE_RANK_EDGE', 'M9_PRODUCTION_MODEL', 'CURRENT_PLAYER_MATCH']",V9.7.2,163.94560975638953,1.6679533197903709,validated_component_shadow,0.0563060869237183,0.0299607358219246,0.1012617410815205,4.0,4.0,M9.1c,172.3665389206467,1.6665389206467012,162.27765643659916,0.314692912772628,0.5833333333333334,0.1666666666666667,0.7751343816961318,4.749999999999986,CLEAR_STARTER,RESEARCH_ONLY_EXACT_REPLAY,True,False,STABLE_TEAM,BLOCKED_MISSING_HISTORICAL_SLEEPER_BASELINE,True
fie-final-league-board-v1,1399318410818519040,2026,00-0037816,00-0037816,8121,Romeo Doubs,NE,WR,SEASON,M9,BLOCKED_STATISTICS,FIE_M9_DIAGNOSTIC_MARKET_ANCHORED,DIAGNOSTIC_MARKET_ANCHORED,DIAGNOSTIC_MARKET_ANCHORED,161.2,9.48235294117647,131.79723295239205,145.09042540040724,160.72717583841683,176.52400252952904,191.3060969048721,42.0,124.0,153.7064827442174,7.493517255782592,132.9,adp_ppr,52.0,123.0,10.0,-1.0,VALUE,True,55.0,True,True,,True,True,True,1.0999999999999943,1.0999999999999943,1.0999999999999943,"['LEAGUE_SPECIFIC_VORP', 'RELEVANT_UNIVERSE_RANK_EDGE', 'M9_PRODUCTION_MODEL', 'CURRENT_PLAYER_MATCH']",,,,team_change_guardrail,0.0563060869237183,0.0299607358219246,0.1012617410815205,4.0,4.0,M9.1c,166.97673879704752,5.776738797047528,148.22914334405397,0.1112575336516993,0.7916666666666666,0.5833333333333333,0.5581390142074903,12.750000000000014,CLEAR_STARTER,RESEARCH_ONLY_TRANSITION_EXACT_REPLAY,True,True,NEW_TEAM_CONTEXT_REBUILT_V3,BLOCKED_MISSING_HISTORICAL_SLEEPER_BASELINE,True
fie-final-league-board-v1,1399318410818519040,2026,00-0031588,00-0031588,2449,Stefon Diggs,WAS,WR,SEASON,M9,BLOCKED_STATISTICS,FIE_M9_DIAGNOSTIC_MARKET_ANCHORED,DIAGNOSTIC_MARKET_ANCHORED,DIAGNOSTIC_MARKET_ANCHORED,157.29999999999998,9.252941176470587,127.70621515008484,141.2394341918477,156.77612982341847,172.51469018773233,187.33943148473307,43.0,126.0,153.7064827442174,3.5935172557825865,107.9,adp_ppr,43.0,104.0,0.0,-22.0,FAIR,False,55.0,True,True,,True,True,True,-0.5,-0.5,-0.5,"['LEAGUE_SPECIFIC_VORP', 'RELEVANT_UNIVERSE_RANK_EDGE', 'M9_PRODUCTION_MODEL', 'CURRENT_PLAYER_MATCH']",,,,team_change_guardrail,0.0563060869237183,0.0299607358219246,0.1012617410815205,4.0,4.0,M9.1c,167.72408733522312,10.424087335223136,180.8125114500053,1.4463325996886378,1.0,1.0,0.5332013982211325,16.65000000000002,CLEAR_STARTER,RESEARCH_ONLY_TRANSITION_EXACT_REPLAY,True,True,NEW_TEAM_CONTEXT_REBUILT_V3,BLOCKED_MISSING_HISTORICAL_SLEEPER_BASELINE,True
fie-final-league-board-v1,1399318410818519040,2026,00-0041547,00-0041547,13298,KC Concepcion,CLE,WR,SEASON,M9,BLOCKED_STATISTICS,FIE_M9_DIAGNOSTIC_MARKET_ANCHORED,DIAGNOSTIC_MARKET_ANCHORED,DIAGNOSTIC_MARKET_ANCHORED,156.4,9.2,126.74030016815384,140.6133440975237,155.40968074879757,171.68601011816426,186.68467190041576,44.0,128.0,153.7064827442174,2.6935172557826093,121.8,adp_ppr,48.0,115.0,4.0,-13.0,FAIR,False,62.0,True,True,,True,True,True,0.2000000000000028,0.2000000000000028,0.2000000000000028,"['LEAGUE_SPECIFIC_VORP', 'RELEVANT_UNIVERSE_RANK_EDGE', 'M9_PRODUCTION_MODEL', 'CURRENT_PLAYER_MATCH']",,,,prior_season_profile_unavailable,0.0563060869237183,0.0299607358219246,0.1012617410815205,4.0,4.0,M9.1c,156.4,0.0,,,,,,,CLEAR_STARTER,BASELINE_ONLY,False,False,NO_PROFILE,BLOCKED_MISSING_HISTORICAL_SLEEPER_BASELINE,False
fie-final-league-board-v1,1399318410818519040,2026,00-0035719,00-0035719,5872,Deebo Samuel,SF,WR,SEASON,M9,BLOCKED_STATISTICS,FIE_M9_DIAGNOSTIC_MARKET_ANCHORED,DIAGNOSTIC_MARKET_ANCHORED,DIAGNOSTIC_MARKET_ANCHORED,155.70000000000002,9.158823529411766,126.1849836445833,139.62917406148705,154.92473734384555,170.83214712602964,186.1287729089429,45.0,129.0,153.7064827442174,1.9935172557826208,130.1,adp_ppr,51.0,121.0,6.0,-8.0,FAIR,False,55.0,True,True,,True,True,True,-0.5999999999999943,-0.5999999999999943,-0.5999999999999943,"['LEAGUE_SPECIFIC_VORP', 'RELEVANT_UNIVERSE_RANK_EDGE', 'M9_PRODUCTION_MODEL', 'CURRENT_PLAYER_MATCH']",,,,team_change_guardrail,0.0563060869237183,0.0299607358219246,0.1012617410815205,4.0,4.0,M9.1c,172.07698771419243,16.37698771419241,169.49426965796218,1.543866216136632,0.9166666666666666,0.8333333333333333,0.5133851948022702,23.700000000000017,STARTER,RESEARCH_ONLY_TRANSITION_EXACT_REPLAY,True,True,NEW_TEAM_CONTEXT_REBUILT_V3,BLOCKED_MISSING_HISTORICAL_SLEEPER_BASELINE,True
fie-final-league-board-v1,1399318410818519040,2026,00-0039893,00-0039893,11631,Brian Thomas,JAX,WR,SEASON,M9,BLOCKED_STATISTICS,FIE_M9_VALIDATED_PRESEASON,PRODUCTION,PRODUCTION,153.7064827442174,9.041557808483375,124.48580159568336,137.52102826623113,152.9177370187924,169.06491228560236,184.0341446608792,46.0,134.0,153.7064827442174,0.0,74.6,adp_ppr,32.0,74.0,-14.0,-60.0,OVERPRICED,True,93.0,True,True,,True,True,True,0.0999999999999943,0.0999999999999943,0.0999999999999943,"['LEAGUE_SPECIFIC_VORP', 'RELEVANT_UNIVERSE_RANK_EDGE', 'M9_PRODUCTION_MODEL', 'CURRENT_PLAYER_MATCH']",V9.7.2,150.49345012294873,-3.213032621268667,validated_component_shadow,0.0563060869237183,0.0299607358219246,0.1012617410815205,4.0,4.0,M9.1c,186.86158709911135,-8.538412900888602,153.7064827442174,-0.9290512372177686,0.25,0.5,0.6803516255688106,12.149999999999991,CLEAR_STARTER,RESEARCH_ONLY_EXACT_REPLAY,True,False,STABLE_TEAM,BLOCKED_MISSING_HISTORICAL_SLEEPER_BASELINE,True
fie-final-league-board-v1,1399318410818519040,2026,00-0039146,00-0039146,10222,Jayden Reed,GB,WR,SEASON,M9,BLOCKED_STATISTICS,FIE_M9_VALIDATED_PRESEASON,PRODUCTION,PRODUCTION,146.48206717506858,8.61659218676874,117.65183287235924,130.88703926990596,145.8427937806271,161.24034112359115,176.11408188093222,47.0,151.0,153.7064827442174,-7.224415569148817,109.6,adp_ppr,44.0,105.0,-3.0,-46.0,FAIR,False,91.0,True,True,,True,True,True,0.0,0.0,0.0,"['LEAGUE_SPECIFIC_VORP', 'RELEVANT_UNIVERSE_RANK_EDGE', 'M9_PRODUCTION_MODEL', 'CURRENT_PLAYER_MATCH']",V9.7.2,129.37660376721968,-17.1054634078489,validated_component_shadow,0.0563060869237183,0.0299607358219246,0.1012617410815205,4.0,4.0,M9.1c,186.75000000000009,-10.849999999999966,146.48206717506858,-1.2853827760431462,0.1666666666666666,0.6666666666666667,0.6912055247955564,10.84999999999998,CLEAR_STARTER,RESEARCH_ONLY_EXACT_REPLAY,True,False,STABLE_TEAM,BLOCKED_MISSING_HISTORICAL_SLEEPER_BASELINE,True
fie-final-league-board-v1,1399318410818519040,2026,00-0038994,00-0038994,9756,Jordan Addison,MIN,WR,SEASON,M9,BLOCKED_STATISTICS,FIE_M9_VALIDATED_PRESEASON,PRODUCTION,PRODUCTION,145.10119224517757,8.535364249716327,115.67902468186556,129.60414656234687,144.6183571963053,160.26427770590095,174.51488575417648,48.0,154.0,153.7064827442174,-8.605290499039825,103.0,adp_ppr,41.0,100.0,-7.0,-54.0,FAIR,False,93.0,True,True,,True,True,True,-1.2000000000000028,-1.2000000000000028,-1.2000000000000028,"['LEAGUE_SPECIFIC_VORP', 'RELEVANT_UNIVERSE_RANK_EDGE', 'M9_PRODUCTION_MODEL', 'CURRENT_PLAYER_MATCH']",V9.7.2,155.52385256307514,10.422660317897568,validated_component_shadow,0.0563060869237183,0.0299607358219246,0.1012617410815205,4.0,4.0,M9.1c,170.93501301652603,-0.7649869834739604,145.10119224517757,-0.4298220599063717,0.4166666666666667,0.1666666666666666,0.7649869834739603,5.749999999999986,CLEAR_STARTER,RESEARCH_ONLY_EXACT_REPLAY,True,False,STABLE_TEAM,BLOCKED_MISSING_HISTORICAL_SLEEPER_BASELINE,True
fie-final-league-board-v1,1399318410818519040,2026,00-0038563,00-0038563,10213,Tre Tucker,LV,WR,SEASON,M9,BLOCKED_STATISTICS,FIE_M9_VALIDATED_PRESEASON,PRODUCTION,PRODUCTION,142.458393360319,8.379905491783472,113.2786490321236,126.52432882808569,141.28409169043795,157.77245059122706,172.55110772495263,49.0,157.0,153.7064827442174,-11.248089383898389,202.8,adp_ppr,70.0,172.0,21.0,15.0,MARKET_UNDERRATED,False,94.0,True,True,,True,False,True,0.5,0.5,0.5,"['LEAGUE_SPECIFIC_VORP', 'RELEVANT_UNIVERSE_RANK_EDGE', 'M9_PRODUCTION_MODEL', 'CURRENT_PLAYER_MATCH']",V9.7.2,142.7327819968602,0.2743886365412038,validated_component_shadow,0.0563060869237183,0.0299607358219246,0.1012617410815205,4.0,4.0,M9.1c,139.65,13.75,142.458393360319,4.298761256391373,1.0,1.0,0.6530764470890155,13.75,STARTER,RESEARCH_ONLY_EXACT_REPLAY,True,False,STABLE_TEAM,BLOCKED_MISSING_HISTORICAL_SLEEPER_BASELINE,True
fie-final-league-board-v1,1399318410818519040,2026,00-0033921,00-0033921,4037,Chris Godwin,TB,WR,SEASON,M9,BLOCKED_STATISTICS,FIE_M9_VALIDATED_PRESEASON,PRODUCTION,PRODUCTION,141.1054165627998,8.300318621341164,112.24760161304197,125.9012136905544,140.25698098021763,156.16592781269105,170.71979294157592,50.0,158.0,153.7064827442174,-12.601066181417591,93.1,adp_ppr,38.0,91.0,-12.0,-67.0,OVERPRICED,True,92.0,True,True,,True,True,True,-0.5,-0.5,-0.5,"['LEAGUE_SPECIFIC_VORP', 'RELEVANT_UNIVERSE_RANK_EDGE', 'M9_PRODUCTION_MODEL', 'CURRENT_PLAYER_MATCH']",V9.7.2,129.52333215430025,-11.582084408499554,validated_component_shadow,0.0563060869237183,0.0299607358219246,0.1012617410815205,4.0,4.0,M9.1c,171.5017794183082,-2.0982205816918054,141.1054165627998,-0.6850911090233385,0.25,0.5,0.7629893024333884,5.949999999999989,CLEAR_STARTER,RESEARCH_ONLY_EXACT_REPLAY,True,False,STABLE_TEAM,BLOCKED_MISSING_HISTORICAL_SLEEPER_BASELINE,True
fie-final-league-board-v1,1399318410818519040,2026,00-0038997,00-0038997,9500,Josh Downs,IND,WR,SEASON,M9,BLOCKED_STATISTICS,FIE_M9_VALIDATED_PRESEASON,PRODUCTION,PRODUCTION,140.048374531916,8.238139678348,111.69544975985474,124.32726507776414,139.38709766237722,154.65247607169647,169.23033102958604,51.0,159.0,153.7064827442174,-13.658108212301386,112.4,adp_ppr,45.0,108.0,-6.0,-51.0,FAIR,False,94.0,True,True,,True,True,True,0.6000000000000085,0.6000000000000085,0.6000000000000085,"['LEAGUE_SPECIFIC_VORP', 'RELEVANT_UNIVERSE_RANK_EDGE', 'M9_PRODUCTION_MODEL', 'CURRENT_PLAYER_MATCH']",V9.7.2,133.71352503497724,-6.334849496938773,validated_component_shadow,0.0563060869237183,0.0299607358219246,0.1012617410815205,4.0,4.0,M9.1c,170.81217086025492,-1.487829139745088,140.048374531916,-0.6638904099292249,0.3333333333333333,0.3333333333333333,0.7629893024333884,5.949999999999989,CLEAR_STARTER,RESEARCH_ONLY_EXACT_REPLAY,True,False,STABLE_TEAM,BLOCKED_MISSING_HISTORICAL_SLEEPER_BASELINE,True
fie-final-league-board-v1,1399318410818519040,2026,00-0040735,00-0040735,12519,Luther Burden,CHI,WR,SEASON,M9,BLOCKED_STATISTICS,FIE_M9_VALIDATED_PRESEASON,PRODUCTION,PRODUCTION,139.30469368140606,8.194393745965062,110.1438565680034,123.82441058061114,138.87961480117406,154.139418182928,169.19771144702946,52.0,161.0,153.7064827442174,-14.401789062811332,53.7,adp_ppr,23.0,53.0,-29.0,-108.0,STRONG_FADE,True,93.0,True,True,,True,True,True,-1.1999999999999955,-1.1999999999999955,-1.1999999999999955,"['LEAGUE_SPECIFIC_VORP', 'RELEVANT_UNIVERSE_RANK_EDGE', 'M9_PRODUCTION_MODEL', 'CURRENT_PLAYER_MATCH']",V9.7.2,140.9395090784409,1.6348153970348278,validated_component_shadow,0.0563060869237183,0.0299607358219246,0.1012617410815205,4.0,4.0,M9.1c,200.9,-8.099999999999994,139.30469368140606,-2.24780978256319,0.0833333333333333,0.8333333333333334,0.7421551763786901,8.099999999999994,CLEAR_STARTER,RESEARCH_ONLY_EXACT_REPLAY,True,False,STABLE_TEAM,BLOCKED_MISSING_HISTORICAL_SLEEPER_BASELINE,True
fie-final-league-board-v1,1399318410818519040,2026,00-0041037,00-0041037,13346,Denzel Boston,CLE,WR,SEASON,M9,BLOCKED_STATISTICS,FIE_M9_DIAGNOSTIC_MARKET_ANCHORED,DIAGNOSTIC_MARKET_ANCHORED,DIAGNOSTIC_MARKET_ANCHORED,134.70000000000002,7.923529411764707,105.95502057387075,118.99738529808876,134.06453959896393,149.6682000943831,164.02687023011126,53.0,165.0,153.7064827442174,-19.00648274421738,172.4,adp_ppr,59.0,149.0,6.0,-16.0,FAIR,False,62.0,True,True,,True,False,True,-0.5,-0.5,-0.5,"['LEAGUE_SPECIFIC_VORP', 'RELEVANT_UNIVERSE_RANK_EDGE', 'M9_PRODUCTION_MODEL', 'CURRENT_PLAYER_MATCH']",,,,prior_season_profile_unavailable,0.0563060869237183,0.0299607358219246,0.1012617410815205,4.0,4.0,M9.1c,134.70000000000002,0.0,,,,,,,COMMITTEE_FRINGE,BASELINE_ONLY,False,False,NO_PROFILE,BLOCKED_MISSING_HISTORICAL_SLEEPER_BASELINE,False
fie-final-league-board-v1,1399318410818519040,2026,00-0037291,00-0037291,8180,Jalen Nailor,LV,WR,SEASON,M9,BLOCKED_STATISTICS,FIE_M9_DIAGNOSTIC_MARKET_ANCHORED,DIAGNOSTIC_MARKET_ANCHORED,DIAGNOSTIC_MARKET_ANCHORED,130.6,7.68235294117647,101.85430685778718,114.88355742878323,129.93934872143166,145.8308731692605,160.06596834349446,54.0,169.0,153.7064827442174,-23.1064827442174,184.7,adp_ppr,62.0,157.0,8.0,-12.0,MARKET_UNDERRATED,False,55.0,True,True,,True,False,True,0.5999999999999943,0.5999999999999943,0.5999999999999943,"['LEAGUE_SPECIFIC_VORP', 'RELEVANT_UNIVERSE_RANK_EDGE', 'M9_PRODUCTION_MODEL', 'CURRENT_PLAYER_MATCH']",,,,team_change_guardrail,0.0563060869237183,0.0299607358219246,0.1012617410815205,4.0,4.0,M9.1c,123.96961823255644,-6.630381767443566,93.7493772358232,-4.41741525111691,0.25,0.5,0.5457104335344499,15.5,STARTER,RESEARCH_ONLY_TRANSITION_EXACT_REPLAY,True,True,NEW_TEAM_CONTEXT_REBUILT_V3,BLOCKED_MISSING_HISTORICAL_SLEEPER_BASELINE,True
fie-final-league-board-v1,1399318410818519040,2026,00-0041035,00-0041035,13417,De'Zhaun Stribling,SF,WR,SEASON,M9,BLOCKED_STATISTICS,FIE_M9_DIAGNOSTIC_MARKET_ANCHORED,DIAGNOSTIC_MARKET_ANCHORED,DIAGNOSTIC_MARKET_ANCHORED,128.4,7.552941176470589,100.11639040090672,112.847831459027,127.70302577967615,143.09361523027613,157.48879609885702,55.0,173.0,153.7064827442174,-25.30648274421739,137.3,adp_ppr,53.0,125.0,-2.0,-48.0,FAIR,False,62.0,True,True,,True,True,True,0.200000000000017,0.200000000000017,0.200000000000017,"['LEAGUE_SPECIFIC_VORP', 'RELEVANT_UNIVERSE_RANK_EDGE', 'M9_PRODUCTION_MODEL', 'CURRENT_PLAYER_MATCH']",,,,prior_season_profile_unavailable,0.0563060869237183,0.0299607358219246,0.1012617410815205,4.0,4.0,M9.1c,128.4,0.0,,,,,,,COMMITTEE_FRINGE,BASELINE_ONLY,False,False,NO_PROFILE,BLOCKED_MISSING_HISTORICAL_SLEEPER_BASELINE,False
fie-final-league-board-v1,1399318410818519040,2026,00-0041511,00-0041511,13276,Omar Cooper,NYJ,WR,SEASON,M9,BLOCKED_STATISTICS,FIE_M9_DIAGNOSTIC_MARKET_ANCHORED,DIAGNOSTIC_MARKET_ANCHORED,DIAGNOSTIC_MARKET_ANCHORED,127.1,7.476470588235294,98.48185447233443,111.7219506467886,126.32668252637768,141.65899438527094,156.1925322031869,56.0,176.0,153.7064827442174,-26.6064827442174,194.2,adp_ppr,65.0,166.0,9.0,-10.0,MARKET_UNDERRATED,False,62.0,True,True,,True,False,True,0.0,0.0,0.0,"['LEAGUE_SPECIFIC_VORP', 'RELEVANT_UNIVERSE_RANK_EDGE', 'M9_PRODUCTION_MODEL', 'CURRENT_PLAYER_MATCH']",,,,prior_season_profile_unavailable,0.0563060869237183,0.0299607358219246,0.1012617410815205,4.0,4.0,M9.1c,127.1,0.0,,,,,,,COMMITTEE_FRINGE,BASELINE_ONLY,False,False,NO_PROFILE,BLOCKED_MISSING_HISTORICAL_SLEEPER_BASELINE,False
fie-final-league-board-v1,1399318410818519040,2026,00-0039491,00-0039491,11646,Jalen Coker,CAR,WR,SEASON,M9,BLOCKED_STATISTICS,FIE_M9_VALIDATED_PRESEASON,PRODUCTION,PRODUCTION,125.35154612087707,7.373620360051593,97.8110923735366,109.9539532545198,124.48156643501598,140.00392513085592,154.09973927954712,57.0,177.0,153.7064827442174,-28.35493662334032,146.1,adp_ppr,56.0,133.0,-1.0,-44.0,FAIR,False,92.0,True,True,,True,False,True,-0.5,-0.5,-0.5,"['LEAGUE_SPECIFIC_VORP', 'RELEVANT_UNIVERSE_RANK_EDGE', 'M9_PRODUCTION_MODEL', 'CURRENT_PLAYER_MATCH']",V9.7.2,114.68405272028194,-10.667493400595134,validated_component_shadow,0.0563060869237183,0.0299607358219246,0.1012617410815205,4.0,4.0,M9.1c,161.7412901423904,-4.158709857609608,125.35154612087707,-0.943785605542216,0.1666666666666666,0.6666666666666667,0.7426267602874298,8.049999999999997,CLEAR_STARTER,RESEARCH_ONLY_EXACT_REPLAY,True,False,STABLE_TEAM,BLOCKED_MISSING_HISTORICAL_SLEEPER_BASELINE,True
fie-final-league-board-v1,1399318410818519040,2026,00-0038608,00-0038608,9504,Kayshon Boutte,HOU,WR,SEASON,M9,BLOCKED_STATISTICS,FIE_M9_DIAGNOSTIC_MARKET_ANCHORED,DIAGNOSTIC_MARKET_ANCHORED,DIAGNOSTIC_MARKET_ANCHORED,125.2,7.364705882352942,97.26749810178896,109.85107749864734,124.2226137944034,139.81957779984486,154.26972344436803,58.0,178.0,153.7064827442174,-28.506482744217397,201.7,adp_ppr,69.0,171.0,11.0,-7.0,MARKET_UNDERRATED,False,55.0,True,True,,True,False,True,0.5,0.5,0.5,"['LEAGUE_SPECIFIC_VORP', 'RELEVANT_UNIVERSE_RANK_EDGE', 'M9_PRODUCTION_MODEL', 'CURRENT_PLAYER_MATCH']",,,,team_change_guardrail,0.0563060869237183,0.0299607358219246,0.1012617410815205,4.0,4.0,M9.1c,138.95,13.749999999999986,124.01870657018598,0.939575580190499,0.9166666666666666,0.8333333333333333,0.6167059342130157,13.75,STARTER,RESEARCH_ONLY_TRANSITION_EXACT_REPLAY,True,True,NEW_TEAM_CONTEXT_REBUILT_V3,BLOCKED_MISSING_HISTORICAL_SLEEPER_BASELINE,True
fie-final-league-board-v1,1399318410818519040,2026,00-0039855,00-0039855,11618,Jalen McMillan,TB,WR,SEASON,M9,BLOCKED_STATISTICS,FIE_M9_VALIDATED_PRESEASON,PRODUCTION,PRODUCTION,125.1641479545984,7.362596938505789,97.13660206099532,109.28344094556668,124.48354362711908,139.92551652427753,154.30210237347865,59.0,179.0,153.7064827442174,-28.54233478961899,211.6,adp_ppr,72.0,180.0,13.0,1.0,MARKET_UNDERRATED,False,91.0,True,True,,True,False,True,0.4000000000000057,0.4000000000000057,0.4000000000000057,"['LEAGUE_SPECIFIC_VORP', 'RELEVANT_UNIVERSE_RANK_EDGE', 'M9_PRODUCTION_MODEL', 'CURRENT_PLAYER_MATCH']",V9.7.2,104.08035479321651,-21.08379316138188,validated_component_shadow,0.0563060869237183,0.0299607358219246,0.1012617410815205,4.0,4.0,M9.1c,131.71062533711418,4.310625337114189,125.1641479545984,0.0,0.5555555555555556,0.1111111111111111,0.3991319756587222,27.566454342639677,COMMITTEE_FRINGE,RESEARCH_ONLY_EXACT_REPLAY,True,False,STABLE_TEAM,BLOCKED_MISSING_HISTORICAL_SLEEPER_BASELINE,True
fie-final-league-board-v1,1399318410818519040,2026,00-0037545,00-0037545,8676,Rashid Shaheed,SEA,WR,SEASON,M9,BLOCKED_STATISTICS,FIE_M9_VALIDATED_PRESEASON,PRODUCTION,PRODUCTION,123.99356991507808,7.293739406769299,96.12308914747804,108.64338172114704,123.28637605355785,138.74568303479276,153.14870467905615,60.0,180.0,153.7064827442174,-29.712912829139317,147.2,adp_ppr,57.0,134.0,-3.0,-46.0,FAIR,False,94.0,True,True,,True,False,True,-0.8000000000000114,-0.8000000000000114,-0.8000000000000114,"['LEAGUE_SPECIFIC_VORP', 'RELEVANT_UNIVERSE_RANK_EDGE', 'M9_PRODUCTION_MODEL', 'CURRENT_PLAYER_MATCH']",V9.7.2,137.1522123676004,13.15864245252233,validated_component_shadow,0.0563060869237183,0.0299607358219246,0.1012617410815205,4.0,4.0,M9.1c,132.9201268390699,-5.1798731609301,123.99356991507808,-0.2571350701942603,0.3333333333333333,0.3333333333333333,0.5599862876681199,20.950000000000003,STARTER,RESEARCH_ONLY_EXACT_REPLAY,True,False,STABLE_TEAM,BLOCKED_MISSING_HISTORICAL_SLEEPER_BASELINE,True
fie-final-league-board-v1,1399318410818519040,2026,00-0039894,00-0039894,11624,Xavier Worthy,KC,WR,SEASON,M9,BLOCKED_STATISTICS,FIE_M9_VALIDATED_PRESEASON,PRODUCTION,PRODUCTION,123.22765231354668,7.248685430208628,95.98863572240836,107.93446080598171,122.29323334257845,137.44541734802198,152.3055602444673,61.0,183.0,153.7064827442174,-30.478830430670712,139.3,adp_ppr,54.0,127.0,-7.0,-56.0,FAIR,False,93.0,True,True,,True,True,True,1.200000000000017,1.200000000000017,1.200000000000017,"['LEAGUE_SPECIFIC_VORP', 'RELEVANT_UNIVERSE_RANK_EDGE', 'M9_PRODUCTION_MODEL', 'CURRENT_PLAYER_MATCH']",V9.7.2,126.9276616958349,3.700009382288215,validated_component_shadow,0.0563060869237183,0.0299607358219246,0.1012617410815205,4.0,4.0,M9.1c,152.84427286822134,-8.655727131778661,123.22765231354668,-1.0918464487935438,0.1666666666666666,0.6666666666666667,0.5121732030638265,26.900238745603588,STARTER,RESEARCH_ONLY_EXACT_REPLAY,True,False,STABLE_TEAM,BLOCKED_MISSING_HISTORICAL_SLEEPER_BASELINE,True
fie-final-league-board-v1,1399318410818519040,2026,00-0033908,00-0033908,4039,Cooper Kupp,SEA,WR,SEASON,M9,BLOCKED_STATISTICS,FIE_M9_VALIDATED_PRESEASON,PRODUCTION,PRODUCTION,118.196872084245,6.952757181426176,90.32391270362608,102.89036054603096,117.45895233885328,132.57317964826075,147.15993249270332,62.0,189.0,153.7064827442174,-35.509610659972395,199.0,adp_ppr,68.0,170.0,6.0,-19.0,FAIR,False,94.0,True,True,,True,False,True,1.0,1.0,1.0,"['LEAGUE_SPECIFIC_VORP', 'RELEVANT_UNIVERSE_RANK_EDGE', 'M9_PRODUCTION_MODEL', 'CURRENT_PLAYER_MATCH']",V9.7.2,119.35035295827495,1.1534808740299525,validated_component_shadow,0.0563060869237183,0.0299607358219246,0.1012617410815205,4.0,4.0,M9.1c,87.62930572802962,1.2293057280296154,118.196872084245,0.4790840267823429,0.7777777777777778,0.5555555555555556,0.7931004696965259,4.900000000000006,COMMITTEE_FRINGE,RESEARCH_ONLY_EXACT_REPLAY,True,False,STABLE_TEAM,BLOCKED_MISSING_HISTORICAL_SLEEPER_BASELINE,True
fie-final-league-board-v1,1399318410818519040,2026,00-0036407,00-0036407,6783,Jerry Jeudy,CLE,WR,SEASON,M9,BLOCKED_STATISTICS,FIE_M9_VALIDATED_PRESEASON,PRODUCTION,PRODUCTION,114.89700032543976,6.758647077967045,86.56032494004697,99.5488942388552,113.84790813316306,129.26495464857106,144.00252154059496,63.0,193.0,153.7064827442174,-38.809482418777634,190.1,adp_ppr,64.0,163.0,1.0,-30.0,FAIR,False,94.0,True,True,,True,False,True,1.799999999999983,1.799999999999983,1.799999999999983,"['LEAGUE_SPECIFIC_VORP', 'RELEVANT_UNIVERSE_RANK_EDGE', 'M9_PRODUCTION_MODEL', 'CURRENT_PLAYER_MATCH']",V9.7.2,128.27393371298126,13.3769333875415,validated_component_shadow,0.0563060869237183,0.0299607358219246,0.1012617410815205,4.0,4.0,M9.1c,119.6,0.0,114.89700032543976,-0.0800274944546808,0.5,0.0,0.6577531096968438,13.149999999999991,STARTER,RESEARCH_ONLY_EXACT_REPLAY,True,False,STABLE_TEAM,BLOCKED_MISSING_HISTORICAL_SLEEPER_BASELINE,False
fie-final-league-board-v1,1399318410818519040,2026,00-0041029,00-0041029,13281,Jordyn Tyson,NO,WR,SEASON,M9,BLOCKED_STATISTICS,FIE_M9_DIAGNOSTIC_MARKET_ANCHORED,DIAGNOSTIC_MARKET_ANCHORED,DIAGNOSTIC_MARKET_ANCHORED,111.0,6.529411764705882,83.15533357511892,95.854354397231,110.29665808893829,125.44156279520035,139.28409377707118,64.0,201.0,153.7064827442174,-42.7064827442174,98.0,adp_ppr,39.0,95.0,-25.0,-106.0,STRONG_FADE,True,62.0,True,True,,True,True,True,-1.5,-1.5,-1.5,"['LEAGUE_SPECIFIC_VORP', 'RELEVANT_UNIVERSE_RANK_EDGE', 'M9_PRODUCTION_MODEL', 'CURRENT_PLAYER_MATCH']",,,,prior_season_profile_unavailable,0.0563060869237183,0.0299607358219246,0.1012617410815205,4.0,4.0,M9.1c,111.0,0.0,,,,,,,DEPTH,BASELINE_ONLY,False,False,NO_PROFILE,BLOCKED_MISSING_HISTORICAL_SLEEPER_BASELINE,False
fie-final-league-board-v1,1399318410818519040,2026,00-0040130,00-0040130,12484,Jayden Higgins,HOU,WR,SEASON,M9,BLOCKED_STATISTICS,FIE_M9_VALIDATED_PRESEASON,PRODUCTION,PRODUCTION,110.23122513329388,6.484189713723169,82.43129641256405,94.80711294874584,109.41354946059404,124.41730582575538,138.56453090063974,65.0,202.0,153.7064827442174,-43.47525761092352,214.2,adp_ppr,75.0,185.0,10.0,-17.0,MARKET_UNDERRATED,False,94.0,True,True,,True,False,True,-0.3000000000000113,-0.3000000000000113,-0.3000000000000113,"['LEAGUE_SPECIFIC_VORP', 'RELEVANT_UNIVERSE_RANK_EDGE', 'M9_PRODUCTION_MODEL', 'CURRENT_PLAYER_MATCH']",V9.7.2,117.62082620028264,7.389601066988774,validated_component_shadow,0.0563060869237183,0.0299607358219246,0.1012617410815205,4.0,4.0,M9.1c,,,,,,,,,UNRANKED,BASELINE_ONLY,False,False,NO_PROFILE,BLOCKED_MISSING_HISTORICAL_SLEEPER_BASELINE,False
fie-final-league-board-v1,1399318410818519040,2026,00-0030279,00-0030279,1479,Keenan Allen,IND,WR,SEASON,M9,BLOCKED_STATISTICS,FIE_M9_DIAGNOSTIC_MARKET_ANCHORED,DIAGNOSTIC_MARKET_ANCHORED,DIAGNOSTIC_MARKET_ANCHORED,106.8,6.282352941176471,79.01795769463405,91.50969725816876,106.04142402616768,121.24183783184256,134.98319897535958,66.0,204.0,153.7064827442174,-46.9064827442174,197.8,adp_ppr,67.0,169.0,1.0,-35.0,FAIR,False,55.0,True,True,,True,False,True,-2.0,-2.0,-2.0,"['LEAGUE_SPECIFIC_VORP', 'RELEVANT_UNIVERSE_RANK_EDGE', 'M9_PRODUCTION_MODEL', 'CURRENT_PLAYER_MATCH']",,,,team_change_guardrail,0.0563060869237183,0.0299607358219246,0.1012617410815205,4.0,4.0,M9.1c,127.20000000000002,20.40000000000001,157.47234172447054,1.7040195159803535,1.0,1.0,0.549796236998007,20.40000000000001,COMMITTEE_FRINGE,RESEARCH_ONLY_TRANSITION_EXACT_REPLAY,True,True,NEW_TEAM_CONTEXT_REBUILT_V3,BLOCKED_MISSING_HISTORICAL_SLEEPER_BASELINE,True
fie-final-league-board-v1,1399318410818519040,2026,00-0036259,00-0036259,7049,Jauan Jennings,MIN,WR,SEASON,M9,BLOCKED_STATISTICS,FIE_M9_DIAGNOSTIC_MARKET_ANCHORED,DIAGNOSTIC_MARKET_ANCHORED,DIAGNOSTIC_MARKET_ANCHORED,105.7,6.2176470588235295,78.79007753142267,90.57416704790424,104.91101788971288,119.4078553111339,133.9208371183496,67.0,205.0,153.7064827442174,-48.006482744217394,213.8,adp_ppr,74.0,184.0,7.0,-21.0,FAIR,False,55.0,True,True,,True,False,True,0.5,0.5,0.5,"['LEAGUE_SPECIFIC_VORP', 'RELEVANT_UNIVERSE_RANK_EDGE', 'M9_PRODUCTION_MODEL', 'CURRENT_PLAYER_MATCH']",,,,team_change_guardrail,0.0563060869237183,0.0299607358219246,0.1012617410815205,4.0,4.0,M9.1c,125.0,19.3,154.83353175353642,1.635627846329426,1.0,1.0,0.5565206385068083,19.3,COMMITTEE_FRINGE,RESEARCH_ONLY_TRANSITION_EXACT_REPLAY,True,True,NEW_TEAM_CONTEXT_REBUILT_V3,BLOCKED_MISSING_HISTORICAL_SLEEPER_BASELINE,True
fie-final-league-board-v1,1399318410818519040,2026,00-0040870,00-0040870,13293,Ja'Kobi Lane,BAL,WR,SEASON,M9,BLOCKED_STATISTICS,FIE_M9_DIAGNOSTIC_MARKET_ANCHORED,DIAGNOSTIC_MARKET_ANCHORED,DIAGNOSTIC_MARKET_ANCHORED,104.9,6.170588235294118,77.47503999126118,89.68181154821998,104.1546093333626,119.09577535559067,133.44056912920524,68.0,207.0,153.7064827442174,-48.80648274421739,159.0,adp_ppr,58.0,139.0,-10.0,-68.0,FAIR,False,62.0,True,True,,True,False,True,-1.6999999999999886,-1.6999999999999886,-1.6999999999999886,"['LEAGUE_SPECIFIC_VORP', 'RELEVANT_UNIVERSE_RANK_EDGE', 'M9_PRODUCTION_MODEL', 'CURRENT_PLAYER_MATCH']",,,,prior_season_profile_unavailable,0.0563060869237183,0.0299607358219246,0.1012617410815205,4.0,4.0,M9.1c,104.9,0.0,,,,,,,COMMITTEE_FRINGE,BASELINE_ONLY,False,False,NO_PROFILE,BLOCKED_MISSING_HISTORICAL_SLEEPER_BASELINE,False
fie-final-league-board-v1,1399318410818519040,2026,00-0039880,00-0039880,11610,Malik Washington,MIA,WR,SEASON,M9,BLOCKED_STATISTICS,FIE_M9_VALIDATED_PRESEASON,PRODUCTION,PRODUCTION,95.04789834783814,5.591052843990479,68.55709292414761,80.5813091636539,94.3787875072697,108.39672654457756,122.50803226196238,69.0,224.0,153.7064827442174,-58.65858439637925,175.5,adp_ppr,60.0,151.0,-9.0,-73.0,FAIR,False,94.0,True,True,,True,False,True,-0.5,-0.5,-0.5,"['LEAGUE_SPECIFIC_VORP', 'RELEVANT_UNIVERSE_RANK_EDGE', 'M9_PRODUCTION_MODEL', 'CURRENT_PLAYER_MATCH']",V9.7.2,98.5130423224982,3.465143974660052,validated_component_shadow,0.0563060869237183,0.0299607358219246,0.1012617410815205,4.0,4.0,M9.1c,132.6826376211823,1.3826376211822833,95.04789834783814,0.0321190419387197,0.6666666666666666,0.3333333333333332,0.4389325781531034,25.52122998698306,CLEAR_STARTER,RESEARCH_ONLY_EXACT_REPLAY,True,False,STABLE_TEAM,BLOCKED_MISSING_HISTORICAL_SLEEPER_BASELINE,True
fie-final-league-board-v1,1399318410818519040,2026,00-0041523,00-0041523,13296,Caleb Douglas,MIA,WR,SEASON,M9,BLOCKED_STATISTICS,FIE_M9_DIAGNOSTIC_MARKET_ANCHORED,DIAGNOSTIC_MARKET_ANCHORED,DIAGNOSTIC_MARKET_ANCHORED,94.8,5.576470588235295,68.50304487397868,80.38952457336269,93.71752073245578,108.2994851267974,122.32314322708304,70.0,225.0,153.7064827442174,-58.9064827442174,197.6,adp_ppr,66.0,168.0,-4.0,-57.0,FAIR,False,62.0,True,True,,True,False,True,0.1999999999999886,0.1999999999999886,0.1999999999999886,"['LEAGUE_SPECIFIC_VORP', 'RELEVANT_UNIVERSE_RANK_EDGE', 'M9_PRODUCTION_MODEL', 'CURRENT_PLAYER_MATCH']",,,,prior_season_profile_unavailable,0.0563060869237183,0.0299607358219246,0.1012617410815205,4.0,4.0,M9.1c,94.8,0.0,,,,,,,STARTER,BASELINE_ONLY,False,False,NO_PROFILE,BLOCKED_MISSING_HISTORICAL_SLEEPER_BASELINE,False
fie-final-league-board-v1,1399318410818519040,2026,00-0040890,00-0040890,13413,Cyrus Allen,KC,WR,SEASON,M9,BLOCKED_STATISTICS,FIE_M9_DIAGNOSTIC_MARKET_ANCHORED,DIAGNOSTIC_MARKET_ANCHORED,DIAGNOSTIC_MARKET_ANCHORED,94.5,5.5588235294117645,67.56562456576951,79.69716607934514,93.90415600961684,108.10304748675055,122.22307199051995,71.0,226.0,153.7064827442174,-59.2064827442174,176.3,adp_ppr,61.0,152.0,-10.0,-74.0,FAIR,False,62.0,True,True,,True,False,True,-0.799999999999983,-0.799999999999983,-0.799999999999983,"['LEAGUE_SPECIFIC_VORP', 'RELEVANT_UNIVERSE_RANK_EDGE', 'M9_PRODUCTION_MODEL', 'CURRENT_PLAYER_MATCH']",,,,prior_season_profile_unavailable,0.0563060869237183,0.0299607358219246,0.1012617410815205,4.0,4.0,M9.1c,94.5,0.0,,,,,,,DEPTH,BASELINE_ONLY,False,False,NO_PROFILE,BLOCKED_MISSING_HISTORICAL_SLEEPER_BASELINE,False
fie-final-league-board-v1,1399318410818519040,2026,00-0040667,00-0040667,12501,Matthew Golden,GB,WR,SEASON,M9,BLOCKED_STATISTICS,FIE_M9_VALIDATED_PRESEASON,PRODUCTION,PRODUCTION,82.83548191955757,4.872675407032798,57.04026366583297,68.36908969611078,81.98431030535193,96.26089530673428,109.70604978563088,72.0,242.0,153.7064827442174,-70.87100082465983,127.0,adp_ppr,50.0,119.0,-22.0,-123.0,STRONG_FADE,True,93.0,True,True,,True,True,True,-0.5,-0.5,-0.5,"['LEAGUE_SPECIFIC_VORP', 'RELEVANT_UNIVERSE_RANK_EDGE', 'M9_PRODUCTION_MODEL', 'CURRENT_PLAYER_MATCH']",V9.7.2,93.78474322660554,10.949261307047976,validated_component_shadow,0.0563060869237183,0.0299607358219246,0.1012617410815205,4.0,4.0,M9.1c,160.71421502969002,-9.285784970309976,82.83548191955757,-1.2166275127661863,0.1111111111111111,0.7777777777777778,0.3464845138175367,24.828592240181536,COMMITTEE_FRINGE,RESEARCH_ONLY_EXACT_REPLAY,True,False,STABLE_TEAM,BLOCKED_MISSING_HISTORICAL_SLEEPER_BASELINE,True
fie-final-league-board-v1,1399318410818519040,2026,00-0041044,00-0041044,13320,Zachariah Branch,ATL,WR,SEASON,M9,BLOCKED_STATISTICS,FIE_M9_DIAGNOSTIC_MARKET_ANCHORED,DIAGNOSTIC_MARKET_ANCHORED,DIAGNOSTIC_MARKET_ANCHORED,78.5,4.617647058823529,53.10738817165388,64.23423484205948,77.36205943838529,91.5697851949795,105.04454791111289,73.0,246.0,153.7064827442174,-75.2064827442174,210.3,adp_ppr,71.0,179.0,-2.0,-67.0,FAIR,False,62.0,True,True,,True,False,True,1.200000000000017,1.200000000000017,1.200000000000017,"['LEAGUE_SPECIFIC_VORP', 'RELEVANT_UNIVERSE_RANK_EDGE', 'M9_PRODUCTION_MODEL', 'CURRENT_PLAYER_MATCH']",,,,prior_season_profile_unavailable,0.0563060869237183,0.0299607358219246,0.1012617410815205,4.0,4.0,M9.1c,78.5,0.0,,,,,,,COMMITTEE_FRINGE,BASELINE_ONLY,False,False,NO_PROFILE,BLOCKED_MISSING_HISTORICAL_SLEEPER_BASELINE,False
fie-final-league-board-v1,1399318410818519040,2026,00-0040138,00-0040138,12536,Jaylin Noel,HOU,WR,SEASON,M9,BLOCKED_STATISTICS,FIE_M9_VALIDATED_PRESEASON,PRODUCTION,PRODUCTION,65.26543036055683,3.839142962385696,40.697796974081854,51.58478042427781,64.48724282295554,77.67632218435618,91.19392184008822,74.0,291.0,153.7064827442174,-88.44105238366056,213.7,adp_ppr,73.0,183.0,-1.0,-108.0,FAIR,False,94.0,True,True,,True,False,True,0.0,0.0,0.0,"['LEAGUE_SPECIFIC_VORP', 'RELEVANT_UNIVERSE_RANK_EDGE', 'M9_PRODUCTION_MODEL', 'CURRENT_PLAYER_MATCH']",V9.7.2,74.12783127334303,8.8624009127862,validated_component_shadow,0.0563060869237183,0.0299607358219246,0.1012617410815205,4.0,4.0,M9.1c,80.4,-4.799999999999997,65.26543036055683,-1.0118457225343351,0.1111111111111111,0.7777777777777778,0.794151804204823,4.799999999999997,COMMITTEE_FRINGE,RESEARCH_ONLY_EXACT_REPLAY,True,False,STABLE_TEAM,BLOCKED_MISSING_HISTORICAL_SLEEPER_BASELINE,True
fie-final-league-board-v1,1399318410818519040,2026,00-0038977,00-0038977,9502,Tank Dell,HOU,WR,SEASON,M9,BLOCKED_STATISTICS,FIE_M9_DIAGNOSTIC_MARKET_ANCHORED,DIAGNOSTIC_MARKET_ANCHORED,DIAGNOSTIC_MARKET_ANCHORED,51.9,3.052941176470588,28.536616040003217,38.68295665992567,50.75306990116071,63.732319796023496,76.71433542982592,75.0,332.0,153.7064827442174,-101.8064827442174,185.5,adp_ppr,63.0,158.0,-12.0,-174.0,FAIR,False,62.0,True,True,,True,False,True,-2.0,-2.0,-2.0,"['LEAGUE_SPECIFIC_VORP', 'RELEVANT_UNIVERSE_RANK_EDGE', 'M9_PRODUCTION_MODEL', 'CURRENT_PLAYER_MATCH']",,,,prior_season_profile_unavailable,0.0563060869237183,0.0299607358219246,0.1012617410815205,4.0,4.0,M9.1c,51.9,0.0,,,,,,,DEPTH,BASELINE_ONLY,False,False,NO_PROFILE,BLOCKED_MISSING_HISTORICAL_SLEEPER_BASELINE,False
fie-final-league-board-v1,1399318410818519040,2026,12865,,12865,AJ Henning,MIA,WR,SEASON,M9,BLOCKED_STATISTICS,MARKET_FALLBACK,MARKET_BASE,MARKET_BASE,,,,,,,,,,153.7064827442174,,686.6,adp_ppr,,473.0,,,UNAVAILABLE,False,10.0,True,True,,False,False,False,0.0,0.0,0.0,"['M9_PRODUCTION_MODEL', 'CURRENT_PLAYER_MATCH']",,,,prior_season_profile_unavailable,0.0563060869237183,0.0299607358219246,0.1012617410815205,4.0,4.0,M9.1c,,,,,,,,,UNRANKED,BASELINE_ONLY,False,False,NO_PROFILE,BLOCKED_MISSING_HISTORICAL_SLEEPER_BASELINE,False
fie-final-league-board-v1,1399318410818519040,2026,00-0039890,00-0039890,11625,Adonai Mitchell,NYJ,WR,SEASON,M9,BLOCKED_STATISTICS,FIE_M9_VALIDATED_PRESEASON,PRODUCTION,PRODUCTION,101.81835315494553,5.989314891467384,74.57605058354812,86.54525299799612,100.90623955776036,116.06142821220756,129.89560525244195,,211.0,153.7064827442174,-51.88812958927187,231.0,adp_ppr,,210.0,,-1.0,IRRELEVANT,False,94.0,True,True,,False,False,False,0.0,0.0,0.0,"['LEAGUE_SPECIFIC_VORP', 'M9_PRODUCTION_MODEL', 'CURRENT_PLAYER_MATCH']",V9.7.2,101.9040998753728,0.0857467204272666,validated_component_shadow,0.0563060869237183,0.0299607358219246,0.1012617410815205,4.0,4.0,M9.1c,95.36039912964142,-2.939600870358589,101.81835315494553,-1.0745012505382168,0.3333333333333333,0.3333333333333333,0.6836281093857176,8.449999999999996,STARTER,RESEARCH_ONLY_EXACT_REPLAY,True,False,STABLE_TEAM,BLOCKED_MISSING_HISTORICAL_SLEEPER_BASELINE,True
fie-final-league-board-v1,1399318410818519040,2026,4937,,4937,Al Riles,IND,WR,SEASON,M9,BLOCKED_STATISTICS,MARKET_FALLBACK,MARKET_BASE,MARKET_BASE,,,,,,,,,,153.7064827442174,,,adp_ppr,,,,,UNAVAILABLE,False,10.0,True,True,,False,False,False,,,,"['M9_PRODUCTION_MODEL', 'CURRENT_PLAYER_MATCH']",,,,prior_season_profile_unavailable,0.0563060869237183,0.0299607358219246,0.1012617410815205,4.0,4.0,M9.1c,,,,,,,,,UNRANKED,BASELINE_ONLY,False,False,NO_PROFILE,BLOCKED_MISSING_HISTORICAL_SLEEPER_BASELINE,False
fie-final-league-board-v1,1399318410818519040,2026,00-0035602,00-0035602,6386,Alex Bachman,LAR,WR,SEASON,M9,BLOCKED_STATISTICS,MARKET_FALLBACK,MARKET_BASE,MARKET_BASE,,,,,,,,,,153.7064827442174,,670.3,adp_ppr,,438.0,,,UNAVAILABLE,False,12.0,True,True,,False,False,False,0.0,0.0,0.0,"['M9_PRODUCTION_MODEL', 'CURRENT_PLAYER_MATCH']",,,,team_change_guardrail,0.0563060869237183,0.0299607358219246,0.1012617410815205,4.0,4.0,M9.1c,,,,,,,,,UNRANKED,BASELINE_ONLY,False,False,NO_PROFILE,BLOCKED_MISSING_HISTORICAL_SLEEPER_BASELINE,False
fie-final-league-board-v1,1399318410818519040,2026,00-0030821,00-0030821,1984,Allen Hurns,MIA,WR,SEASON,M9,BLOCKED_STATISTICS,MARKET_FALLBACK,MARKET_BASE,MARKET_BASE,,,,,,,,,,153.7064827442174,,452.3,adp_ppr,,285.0,,,UNAVAILABLE,False,10.0,True,True,,False,False,False,-58.39999999999998,-58.39999999999998,-58.39999999999998,"['M9_PRODUCTION_MODEL', 'CURRENT_PLAYER_MATCH']",,,,prior_season_profile_unavailable,0.0563060869237183,0.0299607358219246,0.1012617410815205,4.0,4.0,M9.1c,,,,,,,,,UNRANKED,BASELINE_ONLY,False,False,NO_PROFILE,BLOCKED_MISSING_HISTORICAL_SLEEPER_BASELINE,False
fie-final-league-board-v1,1399318410818519040,2026,00-0038619,00-0038619,10226,Andrei Iosivas,CIN,WR,SEASON,M9,BLOCKED_STATISTICS,FIE_M9_VALIDATED_PRESEASON,PRODUCTION,PRODUCTION,95.5790141181231,5.622294948124888,69.08940519189358,80.9282679736985,94.68749186221268,109.20716802356188,123.62509636965054,,223.0,153.7064827442174,-58.1274686260943,,adp_ppr,,,,,IRRELEVANT,False,93.0,True,True,,False,False,False,,,,"['LEAGUE_SPECIFIC_VORP', 'M9_PRODUCTION_MODEL', 'CURRENT_PLAYER_MATCH']",V9.7.2,99.74724119452522,4.168227076402118,validated_component_shadow,0.0563060869237183,0.0299607358219246,0.1012617410815205,4.0,4.0,M9.1c,91.09256445624092,-0.2074355437590895,95.5790141181231,-0.6744907594765952,0.4444444444444444,0.1111111111111111,0.6914518125302961,6.1000000000000085,COMMITTEE_FRINGE,RESEARCH_ONLY_EXACT_REPLAY,True,False,STABLE_TEAM,BLOCKED_MISSING_HISTORICAL_SLEEPER_BASELINE,True
fie-final-league-board-v1,1399318410818519040,2026,00-0039816,00-0039816,11762,Anthony Gould,IND,WR,SEASON,M9,BLOCKED_STATISTICS,FIE_M9_VALIDATED_PRESEASON,PRODUCTION,PRODUCTION,16.45007622135949,0.9676515424329112,-3.764255837039397,4.634508927005118,15.000924953553897,26.807398931648653,38.29318228878772,,459.0,153.7064827442174,-137.2564065228579,,adp_ppr,,,,,IRRELEVANT,False,92.0,True,True,,False,False,False,,,,"['LEAGUE_SPECIFIC_VORP', 'M9_PRODUCTION_MODEL', 'CURRENT_PLAYER_MATCH']",V9.7.2,14.593081573266474,-1.8569946480930173,validated_component_shadow,0.0563060869237183,0.0299607358219246,0.1012617410815205,4.0,4.0,M9.1c,2.2,-1.0,16.45007622135949,-0.9034947200898762,0.0833333333333333,0.8333333333333334,0.9695795334190498,1.0,DEPTH,RESEARCH_ONLY_EXACT_REPLAY,True,False,STABLE_TEAM,BLOCKED_MISSING_HISTORICAL_SLEEPER_BASELINE,True
fie-final-league-board-v1,1399318410818519040,2026,00-0040900,00-0040900,13582,Anthony Smith,DAL,WR,SEASON,M9,BLOCKED_STATISTICS,MARKET_FALLBACK,MARKET_BASE,MARKET_BASE,,,,,,,,,,153.7064827442174,,,adp_ppr,,,,,UNAVAILABLE,False,10.0,True,True,,False,False,False,,,,"['M9_PRODUCTION_MODEL', 'CURRENT_PLAYER_MATCH']",,,,prior_season_profile_unavailable,0.0563060869237183,0.0299607358219246,0.1012617410815205,4.0,4.0,M9.1c,,,,,,,,,UNRANKED,BASELINE_ONLY,False,False,NO_PROFILE,BLOCKED_MISSING_HISTORICAL_SLEEPER_BASELINE,False
fie-final-league-board-v1,1399318410818519040,2026,00-0041040,00-0041040,13301,Antonio Williams,WAS,WR,SEASON,M9,BLOCKED_STATISTICS,FIE_M9_DIAGNOSTIC_MARKET_ANCHORED,DIAGNOSTIC_MARKET_ANCHORED,DIAGNOSTIC_MARKET_ANCHORED,75.2,4.423529411764706,50.24057256711722,60.95989329795313,73.96984933160057,88.40052380855762,101.48496037025116,,258.0,153.7064827442174,-78.5064827442174,235.8,adp_ppr,,217.0,,-41.0,IRRELEVANT,False,62.0,True,True,,False,False,False,0.0,0.0,0.0,"['LEAGUE_SPECIFIC_VORP', 'M9_PRODUCTION_MODEL', 'CURRENT_PLAYER_MATCH']",,,,prior_season_profile_unavailable,0.0563060869237183,0.0299607358219246,0.1012617410815205,4.0,4.0,M9.1c,75.2,0.0,,,,,,,COMMITTEE_FRINGE,BASELINE_ONLY,False,False,NO_PROFILE,BLOCKED_MISSING_HISTORICAL_SLEEPER_BASELINE,False
fie-final-league-board-v1,1399318410818519040,2026,00-0040438,00-0040438,12460,Antwane Wells,ATL,WR,SEASON,M9,BLOCKED_STATISTICS,MARKET_FALLBACK,MARKET_BASE,MARKET_BASE,,,,,,,,,,153.7064827442174,,,adp_ppr,,,,,UNAVAILABLE,False,10.0,True,True,,False,False,False,,,,"['M9_PRODUCTION_MODEL', 'CURRENT_PLAYER_MATCH']",,,,prior_season_profile_unavailable,0.0563060869237183,0.0299607358219246,0.1012617410815205,4.0,4.0,M9.1c,,,,,,,,,UNRANKED,BASELINE_ONLY,False,False,NO_PROFILE,BLOCKED_MISSING_HISTORICAL_SLEEPER_BASELINE,False
fie-final-league-board-v1,1399318410818519040,2026,00-0040582,00-0040582,12539,Arian Smith,NYJ,WR,SEASON,M9,BLOCKED_STATISTICS,FIE_M9_VALIDATED_PRESEASON,PRODUCTION,PRODUCTION,28.138205426745504,1.6551885545144414,6.931349617544289,15.739625851177651,26.85218337796961,38.958452467873,50.902081011048764,,415.0,153.7064827442174,-125.5682773174719,372.4,adp_ppr,,267.0,,-148.0,IRRELEVANT,False,93.0,True,True,,False,False,False,-1.3000000000000114,-1.3000000000000114,-1.3000000000000114,"['LEAGUE_SPECIFIC_VORP', 'M9_PRODUCTION_MODEL', 'CURRENT_PLAYER_MATCH']",V9.7.2,42.19717044578614,14.058965019040638,validated_component_shadow,0.0563060869237183,0.0299607358219246,0.1012617410815205,4.0,4.0,M9.1c,6.316160825242925,-0.783839174757075,28.138205426745504,-1.5498551752905618,0.0833333333333333,0.8333333333333334,0.9797989684463432,1.0,DEPTH,RESEARCH_ONLY_EXACT_REPLAY,True,False,STABLE_TEAM,BLOCKED_MISSING_HISTORICAL_SLEEPER_BASELINE,True
fie-final-league-board-v1,1399318410818519040,2026,00-0035021,00-0035021,6427,Ashton Dulin,IND,WR,SEASON,M9,BLOCKED_STATISTICS,FIE_M9_VALIDATED_PRESEASON,PRODUCTION,PRODUCTION,36.39305916447401,2.14076818614553,14.766548518384958,23.946282286680585,35.09887785376644,47.40346553412866,59.78202923566546,,388.0,153.7064827442174,-117.3134235797434,,adp_ppr,,,,,IRRELEVANT,False,93.0,True,True,,False,False,False,,,,"['LEAGUE_SPECIFIC_VORP', 'M9_PRODUCTION_MODEL', 'CURRENT_PLAYER_MATCH']",V9.7.2,53.7058411220776,17.312781957603583,validated_component_shadow,0.0563060869237183,0.0299607358219246,0.1012617410815205,4.0,4.0,M9.1c,3.387287799688224,0.3872877996882238,36.39305916447401,0.0424423808077738,0.5833333333333334,0.1666666666666667,0.9682194992205592,1.0499999999999998,DEPTH,RESEARCH_ONLY_EXACT_REPLAY,True,False,STABLE_TEAM,BLOCKED_MISSING_HISTORICAL_SLEEPER_BASELINE,True
fie-final-league-board-v1,1399318410818519040,2026,00-0036841,00-0036841,7746,Austin Trammell,JAX,WR,SEASON,M9,BLOCKED_STATISTICS,FIE_M9_VALIDATED_PRESEASON,PRODUCTION,PRODUCTION,41.30944934901278,2.4299676087654576,19.145770158150285,28.61504160470904,40.17807606119452,52.60728081713361,64.53162788716675,,362.0,153.7064827442174,-112.39703339520462,658.0,adp_ppr,,411.0,,49.0,IRRELEVANT,False,91.0,True,True,,False,False,False,0.0,0.0,0.0,"['LEAGUE_SPECIFIC_VORP', 'M9_PRODUCTION_MODEL', 'CURRENT_PLAYER_MATCH']",V9.7.2,37.52557714918699,-3.783872199825794,validated_component_shadow,0.0563060869237183,0.0299607358219246,0.1012617410815205,4.0,4.0,M9.1c,,,,,,,,,UNRANKED,BASELINE_ONLY,False,False,NO_PROFILE,BLOCKED_MISSING_HISTORICAL_SLEEPER_BASELINE,False
fie-final-league-board-v1,1399318410818519040,2026,00-0041099,00-0041099,13533,Barion Brown,NO,WR,SEASON,M9,BLOCKED_STATISTICS,FIE_M9_DIAGNOSTIC_MARKET_ANCHORED,DIAGNOSTIC_MARKET_ANCHORED,DIAGNOSTIC_MARKET_ANCHORED,63.0,3.7058823529411766,38.39558551176156,49.40603374017197,61.95372863249544,75.7616370268945,88.24650663009251,,306.0,153.7064827442174,-90.7064827442174,,adp_ppr,,,,,IRRELEVANT,False,62.0,True,True,,False,False,False,,,,"['LEAGUE_SPECIFIC_VORP', 'M9_PRODUCTION_MODEL', 'CURRENT_PLAYER_MATCH']",,,,prior_season_profile_unavailable,0.0563060869237183,0.0299607358219246,0.1012617410815205,4.0,4.0,M9.1c,63.0,0.0,,,,,,,DEPTH,BASELINE_ONLY,False,False,NO_PROFILE,BLOCKED_MISSING_HISTORICAL_SLEEPER_BASELINE,False
fie-final-league-board-v1,1399318410818519040,2026,00-0040432,00-0040432,12889,Beaux Collins,ATL,WR,SEASON,M9,BLOCKED_STATISTICS,MARKET_FALLBACK,MARKET_BASE,MARKET_BASE,,,,,,,,,,153.7064827442174,,679.9,adp_ppr,,457.0,,,UNAVAILABLE,False,11.0,True,True,,False,False,False,0.0,0.0,0.0,"['M9_PRODUCTION_MODEL', 'CURRENT_PLAYER_MATCH']",,,,team_change_guardrail,0.0563060869237183,0.0299607358219246,0.1012617410815205,4.0,4.0,M9.1c,,,,,,,,,UNRANKED,BASELINE_ONLY,False,False,NO_PROFILE,BLOCKED_MISSING_HISTORICAL_SLEEPER_BASELINE,False
fie-final-league-board-v1,1399318410818519040,2026,00-0036862,00-0036862,7757,Ben Skowronek,PIT,WR,SEASON,M9,BLOCKED_STATISTICS,FIE_M9_VALIDATED_PRESEASON,PRODUCTION,PRODUCTION,26.44206535166964,1.5554156089217432,5.94647416458276,14.31586078823412,25.03543411798933,36.85997660803208,48.79558818136136,,425.0,153.7064827442174,-127.26441739254776,667.7,adp_ppr,,430.0,,5.0,IRRELEVANT,False,94.0,True,True,,False,False,False,0.0,0.0,0.0,"['LEAGUE_SPECIFIC_VORP', 'M9_PRODUCTION_MODEL', 'CURRENT_PLAYER_MATCH']",V9.7.2,30.969887256397936,4.527821904728299,validated_component_shadow,0.0563060869237183,0.0299607358219246,0.1012617410815205,4.0,4.0,M9.1c,0.1679176080557742,-0.4320823919442257,26.442065351669637,-0.177217466137802,0.4166666666666667,0.1666666666666666,0.9601830932093908,1.25,DEPTH,RESEARCH_ONLY_EXACT_REPLAY,True,False,STABLE_TEAM,BLOCKED_MISSING_HISTORICAL_SLEEPER_BASELINE,True
fie-final-league-board-v1,1399318410818519040,2026,00-0037091,00-0037091,8204,Bo Melton,GB,WR,SEASON,M9,BLOCKED_STATISTICS,FIE_M9_VALIDATED_PRESEASON,PRODUCTION,PRODUCTION,37.02780076719784,2.1781059274822256,15.156101774742917,24.412824554320565,35.84286886850131,48.32145862955284,60.13238366539223,,387.0,153.7064827442174,-116.67868197701956,695.0,adp_ppr,,488.0,,101.0,IRRELEVANT,False,93.0,True,True,,False,False,False,0.0,0.0,0.0,"['LEAGUE_SPECIFIC_VORP', 'M9_PRODUCTION_MODEL', 'CURRENT_PLAYER_MATCH']",V9.7.2,52.723770750257984,15.695969983060143,validated_component_shadow,0.0563060869237183,0.0299607358219246,0.1012617410815205,4.0,4.0,M9.1c,8.518023614783248,-1.281976385216753,37.02780076719784,-1.9845946033545203,0.0833333333333333,0.8333333333333334,0.9496121371975954,1.7000000000000006,DEPTH,RESEARCH_ONLY_EXACT_REPLAY,True,False,STABLE_TEAM,BLOCKED_MISSING_HISTORICAL_SLEEPER_BASELINE,True
fie-final-league-board-v1,1399318410818519040,2026,13658,,13658,Brady Boyd,JAX,WR,SEASON,M9,BLOCKED_STATISTICS,MARKET_FALLBACK,MARKET_BASE,MARKET_BASE,,,,,,,,,,153.7064827442174,,652.5,adp_ppr,,405.0,,,UNAVAILABLE,False,10.0,True,True,,False,False,False,0.0,0.0,0.0,"['M9_PRODUCTION_MODEL', 'CURRENT_PLAYER_MATCH']",,,,prior_season_profile_unavailable,0.0563060869237183,0.0299607358219246,0.1012617410815205,4.0,4.0,M9.1c,,,,,,,,,UNRANKED,BASELINE_ONLY,False,False,NO_PROFILE,BLOCKED_MISSING_HISTORICAL_SLEEPER_BASELINE,False
fie-final-league-board-v1,1399318410818519040,2026,00-0036261,00-0036261,6803,Brandon Aiyuk,SF,WR,SEASON,M9,BLOCKED_STATISTICS,FIE_M9_DIAGNOSTIC_MARKET_ANCHORED,DIAGNOSTIC_MARKET_ANCHORED,DIAGNOSTIC_MARKET_ANCHORED,49.6,2.9176470588235297,26.36779210968617,36.3012882038642,48.49001866838945,61.68731161113203,74.08072347213053,,337.0,153.7064827442174,-104.1064827442174,251.4,adp_ppr,,248.0,,-89.0,IRRELEVANT,False,62.0,True,True,,False,False,False,0.0,0.0,0.0,"['LEAGUE_SPECIFIC_VORP', 'M9_PRODUCTION_MODEL', 'CURRENT_PLAYER_MATCH']",,,,prior_season_profile_unavailable,0.0563060869237183,0.0299607358219246,0.1012617410815205,4.0,4.0,M9.1c,49.6,0.0,,,,,,,DEPTH,BASELINE_ONLY,False,False,NO_PROFILE,BLOCKED_MISSING_HISTORICAL_SLEEPER_BASELINE,False
fie-final-league-board-v1,1399318410818519040,2026,00-0037382,00-0037382,8756,Brandon Johnson,LV,WR,SEASON,M9,BLOCKED_STATISTICS,MARKET_FALLBACK,MARKET_BASE,MARKET_BASE,,,,,,,,,,153.7064827442174,,632.8,adp_ppr,,369.0,,,UNAVAILABLE,False,10.0,True,True,,False,False,False,0.0,0.0,0.0,"['M9_PRODUCTION_MODEL', 'CURRENT_PLAYER_MATCH']",,,,prior_season_profile_unavailable,0.0563060869237183,0.0299607358219246,0.1012617410815205,4.0,4.0,M9.1c,,,,,,,,,UNRANKED,BASELINE_ONLY,False,False,NO_PROFILE,BLOCKED_MISSING_HISTORICAL_SLEEPER_BASELINE,False
fie-final-league-board-v1,1399318410818519040,2026,00-0036775,00-0036775,7865,Brandon Smith,PIT,WR,SEASON,M9,BLOCKED_STATISTICS,MARKET_FALLBACK,MARKET_BASE,MARKET_BASE,,,,,,,,,,153.7064827442174,,645.0,adp_ppr,,391.0,,,UNAVAILABLE,False,10.0,True,True,,False,False,False,0.0,0.0,0.0,"['M9_PRODUCTION_MODEL', 'CURRENT_PLAYER_MATCH']",,,,prior_season_profile_unavailable,0.0563060869237183,0.0299607358219246,0.1012617410815205,4.0,4.0,M9.1c,,,,,,,,,UNRANKED,BASELINE_ONLY,False,False,NO_PROFILE,BLOCKED_MISSING_HISTORICAL_SLEEPER_BASELINE,False
fie-final-league-board-v1,1399318410818519040,2026,00-0041550,00-0041550,13380,Brenen Thompson,LAC,WR,SEASON,M9,BLOCKED_STATISTICS,FIE_M9_DIAGNOSTIC_MARKET_ANCHORED,DIAGNOSTIC_MARKET_ANCHORED,DIAGNOSTIC_MARKET_ANCHORED,39.0,2.294117647058824,16.782210402968197,26.197182254345265,37.67031272249917,50.41782299057426,62.99988139262136,,377.0,153.7064827442174,-114.7064827442174,,adp_ppr,,,,,IRRELEVANT,False,62.0,True,True,,False,False,False,,,,"['LEAGUE_SPECIFIC_VORP', 'M9_PRODUCTION_MODEL', 'CURRENT_PLAYER_MATCH']",,,,prior_season_profile_unavailable,0.0563060869237183,0.0299607358219246,0.1012617410815205,4.0,4.0,M9.1c,39.0,0.0,,,,,,,DEPTH,BASELINE_ONLY,False,False,NO_PROFILE,BLOCKED_MISSING_HISTORICAL_SLEEPER_BASELINE,False
fie-final-league-board-v1,1399318410818519040,2026,00-0040597,00-0040597,13011,Brennan Presley,LAR,WR,SEASON,M9,BLOCKED_STATISTICS,MARKET_FALLBACK,MARKET_BASE,MARKET_BASE,,,,,,,,,,153.7064827442174,,646.5,adp_ppr,,394.0,,,UNAVAILABLE,False,10.0,True,True,,False,False,False,0.0,0.0,0.0,"['M9_PRODUCTION_MODEL', 'CURRENT_PLAYER_MATCH']",,,,prior_season_profile_unavailable,0.0563060869237183,0.0299607358219246,0.1012617410815205,4.0,4.0,M9.1c,,,,,,,,,UNRANKED,BASELINE_ONLY,False,False,NO_PROFILE,BLOCKED_MISSING_HISTORICAL_SLEEPER_BASELINE,False
fie-final-league-board-v1,1399318410818519040,2026,00-0037132,00-0037132,8414,Britain Covey,PHI,WR,SEASON,M9,BLOCKED_STATISTICS,FIE_M9_VALIDATED_PRESEASON,PRODUCTION,PRODUCTION,21.187100862607103,1.2463000507415942,0.6175510994821103,9.2405274845705,19.78741248065657,31.72276357113692,43.51907520883207,,451.0,153.7064827442174,-132.5193818816103,,adp_ppr,,,,,IRRELEVANT,False,91.0,True,True,,False,False,False,,,,"['LEAGUE_SPECIFIC_VORP', 'M9_PRODUCTION_MODEL', 'CURRENT_PLAYER_MATCH']",V9.7.2,25.587536424852367,4.400435562245264,validated_component_shadow,0.0563060869237183,0.0299607358219246,0.1012617410815205,4.0,4.0,M9.1c,,,,,,,,,UNRANKED,BASELINE_ONLY,False,False,NO_PROFILE,BLOCKED_MISSING_HISTORICAL_SLEEPER_BASELINE,False
fie-final-league-board-v1,1399318410818519040,2026,00-0041067,00-0041067,13420,Bryce Lance,NO,WR,SEASON,M9,BLOCKED_STATISTICS,FIE_M9_DIAGNOSTIC_MARKET_ANCHORED,DIAGNOSTIC_MARKET_ANCHORED,DIAGNOSTIC_MARKET_ANCHORED,38.7,2.2764705882352945,16.61628965596087,26.1131800957181,37.67043834126314,49.6020870819784,62.13888536118336,,381.0,153.7064827442174,-115.0064827442174,,adp_ppr,,,,,IRRELEVANT,False,62.0,True,True,,False,False,False,,,,"['LEAGUE_SPECIFIC_VORP', 'M9_PRODUCTION_MODEL', 'CURRENT_PLAYER_MATCH']",,,,prior_season_profile_unavailable,0.0563060869237183,0.0299607358219246,0.1012617410815205,4.0,4.0,M9.1c,38.7,0.0,,,,,,,COMMITTEE_FRINGE,BASELINE_ONLY,False,False,NO_PROFILE,BLOCKED_MISSING_HISTORICAL_SLEEPER_BASELINE,False
fie-final-league-board-v1,1399318410818519040,2026,00-0038840,00-0038840,11157,Brycen Tremayne,CAR,WR,SEASON,M9,BLOCKED_STATISTICS,FIE_M9_VALIDATED_PRESEASON,PRODUCTION,PRODUCTION,40.92036596068094,2.4070803506282905,18.1194397128302,28.0666935416301,39.52302244372604,52.446047432176535,64.61837270307248,,363.0,153.7064827442174,-112.78611678353646,675.5,adp_ppr,,446.0,,83.0,IRRELEVANT,False,93.0,True,True,,False,False,False,0.0,0.0,0.0,"['LEAGUE_SPECIFIC_VORP', 'M9_PRODUCTION_MODEL', 'CURRENT_PLAYER_MATCH']",V9.7.2,53.70149489065117,12.78112892997023,validated_component_shadow,0.0563060869237183,0.0299607358219246,0.1012617410815205,4.0,4.0,M9.1c,,,,,,,,,UNRANKED,BASELINE_ONLY,False,False,NO_PROFILE,BLOCKED_MISSING_HISTORICAL_SLEEPER_BASELINE,False
fie-final-league-board-v1,1399318410818519040,2026,13270,,13270,CJ Daniels,LAR,WR,SEASON,M9,BLOCKED_STATISTICS,FIE_M9_DIAGNOSTIC_MARKET_ANCHORED,DIAGNOSTIC_MARKET_ANCHORED,DIAGNOSTIC_MARKET_ANCHORED,39.3,2.311764705882353,17.234752756351327,26.58424673189967,38.09785891606733,50.70377553511649,62.93792939271846,,375.0,153.7064827442174,-114.4064827442174,,adp_ppr,,,,,IRRELEVANT,False,62.0,True,True,,False,False,False,,,,"['LEAGUE_SPECIFIC_VORP', 'M9_PRODUCTION_MODEL', 'CURRENT_PLAYER_MATCH']",,,,prior_season_profile_unavailable,0.0563060869237183,0.0299607358219246,0.1012617410815205,4.0,4.0,M9.1c,39.3,0.0,,,,,,,DEPTH,BASELINE_ONLY,False,False,NO_PROFILE,BLOCKED_MISSING_HISTORICAL_SLEEPER_BASELINE,False
fie-final-league-board-v1,1399318410818519040,2026,00-0041106,00-0041106,13554,CJ Williams,JAX,WR,SEASON,M9,BLOCKED_STATISTICS,MARKET_FALLBACK,MARKET_BASE,MARKET_BASE,,,,,,,,,,153.7064827442174,,,adp_ppr,,,,,UNAVAILABLE,False,10.0,True,True,,False,False,False,,,,"['M9_PRODUCTION_MODEL', 'CURRENT_PLAYER_MATCH']",,,,prior_season_profile_unavailable,0.0563060869237183,0.0299607358219246,0.1012617410815205,4.0,4.0,M9.1c,,,,,,,,,UNRANKED,BASELINE_ONLY,False,False,NO_PROFILE,BLOCKED_MISSING_HISTORICAL_SLEEPER_BASELINE,False
fie-final-league-board-v1,1399318410818519040,2026,5223,,5223,Caleb Scott,TEN,WR,SEASON,M9,BLOCKED_STATISTICS,MARKET_FALLBACK,MARKET_BASE,MARKET_BASE,,,,,,,,,,153.7064827442174,,,adp_ppr,,,,,UNAVAILABLE,False,10.0,True,True,,False,False,False,,,,"['M9_PRODUCTION_MODEL', 'CURRENT_PLAYER_MATCH']",,,,prior_season_profile_unavailable,0.0563060869237183,0.0299607358219246,0.1012617410815205,4.0,4.0,M9.1c,,,,,,,,,UNRANKED,BASELINE_ONLY,False,False,NO_PROFILE,BLOCKED_MISSING_HISTORICAL_SLEEPER_BASELINE,False
fie-final-league-board-v1,1399318410818519040,2026,00-0037837,00-0037837,8125,Calvin Austin,NYG,WR,SEASON,M9,BLOCKED_STATISTICS,MARKET_FALLBACK,MARKET_BASE,MARKET_BASE,,,,,,,,,,153.7064827442174,,,adp_ppr,,,,,UNAVAILABLE,False,13.0,True,True,,False,False,False,,,,"['M9_PRODUCTION_MODEL', 'CURRENT_PLAYER_MATCH']",,,,team_change_guardrail,0.0563060869237183,0.0299607358219246,0.1012617410815205,4.0,4.0,M9.1c,,,,,,,,,UNRANKED,BASELINE_ONLY,False,False,NO_PROFILE,BLOCKED_MISSING_HISTORICAL_SLEEPER_BASELINE,False
fie-final-league-board-v1,1399318410818519040,2026,00-0034837,00-0034837,4981,Calvin Ridley,TEN,WR,SEASON,M9,BLOCKED_STATISTICS,FIE_M9_VALIDATED_PRESEASON,PRODUCTION,PRODUCTION,123.41194170637596,7.259525982727998,95.3871769672189,107.94553821197226,122.42895104276316,137.93744719946346,152.80866118615373,,181.0,153.7064827442174,-30.29454103784144,253.2,adp_ppr,,251.0,,70.0,IRRELEVANT,False,91.0,True,True,,False,False,False,0.0,0.0,0.0,"['LEAGUE_SPECIFIC_VORP', 'M9_PRODUCTION_MODEL', 'CURRENT_PLAYER_MATCH']",V9.7.2,115.10576586561976,-8.306175840756183,validated_component_shadow,0.0563060869237183,0.0299607358219246,0.1012617410815205,4.0,4.0,M9.1c,77.97619305918458,0.6761930591845839,123.41194170637596,0.3568998615220287,0.6666666666666666,0.3333333333333332,0.7513256213162104,9.100000000000009,COMMITTEE_FRINGE,RESEARCH_ONLY_EXACT_REPLAY,True,False,STABLE_TEAM,BLOCKED_MISSING_HISTORICAL_SLEEPER_BASELINE,True
fie-final-league-board-v1,1399318410818519040,2026,12906,,12906,Cam Camper,NYJ,WR,SEASON,M9,BLOCKED_STATISTICS,MARKET_FALLBACK,MARKET_BASE,MARKET_BASE,,,,,,,,,,153.7064827442174,,,adp_ppr,,,,,UNAVAILABLE,False,10.0,True,True,,False,False,False,,,,"['M9_PRODUCTION_MODEL', 'CURRENT_PLAYER_MATCH']",,,,prior_season_profile_unavailable,0.0563060869237183,0.0299607358219246,0.1012617410815205,4.0,4.0,M9.1c,,,,,,,,,UNRANKED,BASELINE_ONLY,False,False,NO_PROFILE,BLOCKED_MISSING_HISTORICAL_SLEEPER_BASELINE,False
fie-final-league-board-v1,1399318410818519040,2026,00-0040930,00-0040930,13726,Camden Brown,DAL,WR,SEASON,M9,BLOCKED_STATISTICS,MARKET_FALLBACK,MARKET_BASE,MARKET_BASE,,,,,,,,,,153.7064827442174,,637.3,adp_ppr,,377.0,,,UNAVAILABLE,False,10.0,True,True,,False,False,False,0.0,0.0,0.0,"['M9_PRODUCTION_MODEL', 'CURRENT_PLAYER_MATCH']",,,,prior_season_profile_unavailable,0.0563060869237183,0.0299607358219246,0.1012617410815205,4.0,4.0,M9.1c,,,,,,,,,UNRANKED,BASELINE_ONLY,False,False,NO_PROFILE,BLOCKED_MISSING_HISTORICAL_SLEEPER_BASELINE,False
fie-final-league-board-v1,1399318410818519040,2026,13962,,13962,Cameron Dorner,NE,WR,SEASON,M9,BLOCKED_STATISTICS,MARKET_FALLBACK,MARKET_BASE,MARKET_BASE,,,,,,,,,,153.7064827442174,,697.2,adp_ppr,,495.0,,,UNAVAILABLE,False,10.0,True,True,,False,False,False,0.0,0.0,0.0,"['M9_PRODUCTION_MODEL', 'CURRENT_PLAYER_MATCH']",,,,prior_season_profile_unavailable,0.0563060869237183,0.0299607358219246,0.1012617410815205,4.0,4.0,M9.1c,,,,,,,,,UNRANKED,BASELINE_ONLY,False,False,NO_PROFILE,BLOCKED_MISSING_HISTORICAL_SLEEPER_BASELINE,False
fie-final-league-board-v1,1399318410818519040,2026,13744,,13744,Cameron Ross,DEN,WR,SEASON,M9,BLOCKED_STATISTICS,MARKET_FALLBACK,MARKET_BASE,MARKET_BASE,,,,,,,,,,153.7064827442174,,499.0,adp_ppr,,304.0,,,UNAVAILABLE,False,10.0,True,True,,False,False,False,-77.0,-77.0,-77.0,"['M9_PRODUCTION_MODEL', 'CURRENT_PLAYER_MATCH']",,,,prior_season_profile_unavailable,0.0563060869237183,0.0299607358219246,0.1012617410815205,4.0,4.0,M9.1c,,,,,,,,,UNRANKED,BASELINE_ONLY,False,False,NO_PROFILE,BLOCKED_MISSING_HISTORICAL_SLEEPER_BASELINE,False
fie-final-league-board-v1,1399318410818519040,2026,00-0039394,00-0039394,11806,Casey Washington,CAR,WR,SEASON,M9,BLOCKED_STATISTICS,MARKET_FALLBACK,MARKET_BASE,MARKET_BASE,,,,,,,,,,153.7064827442174,,,adp_ppr,,,,,UNAVAILABLE,False,11.0,True,True,,False,False,False,,,,"['M9_PRODUCTION_MODEL', 'CURRENT_PLAYER_MATCH']",,,,team_change_guardrail,0.0563060869237183,0.0299607358219246,0.1012617410815205,4.0,4.0,M9.1c,,,,,,,,,UNRANKED,BASELINE_ONLY,False,False,NO_PROFILE,BLOCKED_MISSING_HISTORICAL_SLEEPER_BASELINE,False
fie-final-league-board-v1,1399318410818519040,2026,12908,,12908,Chandler Brayboy,JAX,WR,SEASON,M9,BLOCKED_STATISTICS,MARKET_FALLBACK,MARKET_BASE,MARKET_BASE,,,,,,,,,,153.7064827442174,,653.3,adp_ppr,,406.0,,,UNAVAILABLE,False,10.0,True,True,,False,False,False,0.0,0.0,0.0,"['M9_PRODUCTION_MODEL', 'CURRENT_PLAYER_MATCH']",,,,prior_season_profile_unavailable,0.0563060869237183,0.0299607358219246,0.1012617410815205,4.0,4.0,M9.1c,,,,,,,,,UNRANKED,BASELINE_ONLY,False,False,NO_PROFILE,BLOCKED_MISSING_HISTORICAL_SLEEPER_BASELINE,False
fie-final-league-board-v1,1399318410818519040,2026,00-0041004,00-0041004,13410,Chase Roberts,LV,WR,SEASON,M9,BLOCKED_STATISTICS,FIE_M9_DIAGNOSTIC_MARKET_ANCHORED,DIAGNOSTIC_MARKET_ANCHORED,DIAGNOSTIC_MARKET_ANCHORED,6.6,0.388235294117647,-12.335410692707438,-4.626168663769278,5.028801627947388,16.272396026489737,27.658728031728245,,490.0,153.7064827442174,-147.1064827442174,350.0,adp_ppr,,263.0,,-227.0,IRRELEVANT,False,62.0,True,True,,False,False,False,0.0,0.0,0.0,"['LEAGUE_SPECIFIC_VORP', 'M9_PRODUCTION_MODEL', 'CURRENT_PLAYER_MATCH']",,,,prior_season_profile_unavailable,0.0563060869237183,0.0299607358219246,0.1012617410815205,4.0,4.0,M9.1c,6.6,0.0,,,,,,,DEPTH,BASELINE_ONLY,False,False,NO_PROFILE,BLOCKED_MISSING_HISTORICAL_SLEEPER_BASELINE,False
fie-final-league-board-v1,1399318410818519040,2026,00-0040705,00-0040705,12540,Chimere Dike,TEN,WR,SEASON,M9,BLOCKED_STATISTICS,FIE_M9_VALIDATED_PRESEASON,PRODUCTION,PRODUCTION,115.79910058286598,6.811711798992116,87.60548742465363,100.4870837573033,115.05211673214777,130.38045982172514,144.84559567868416,,192.0,153.7064827442174,-37.90738216135142,229.4,adp_ppr,,204.0,,12.0,IRRELEVANT,False,94.0,True,True,,False,False,False,0.0,0.0,0.0,"['LEAGUE_SPECIFIC_VORP', 'M9_PRODUCTION_MODEL', 'CURRENT_PLAYER_MATCH']",V9.7.2,112.35786935089106,-3.4412312319749105,validated_component_shadow,0.0563060869237183,0.0299607358219246,0.1012617410815205,4.0,4.0,M9.1c,102.3960631710965,12.996063171096496,115.79910058286598,0.6830800800173572,0.8333333333333334,0.6666666666666667,0.5337192267390753,23.050000000000008,DEPTH,RESEARCH_ONLY_EXACT_REPLAY,True,False,STABLE_TEAM,BLOCKED_MISSING_HISTORICAL_SLEEPER_BASELINE,True
fie-final-league-board-v1,1399318410818519040,2026,00-0041525,00-0041525,13311,Chris Bell,MIA,WR,SEASON,M9,BLOCKED_STATISTICS,FIE_M9_DIAGNOSTIC_MARKET_ANCHORED,DIAGNOSTIC_MARKET_ANCHORED,DIAGNOSTIC_MARKET_ANCHORED,67.2,3.952941176470589,42.46977943066871,53.35425386981738,66.06848532554362,79.76013355757276,93.09276236616276,,284.0,153.7064827442174,-86.5064827442174,240.9,adp_ppr,,229.0,,-55.0,IRRELEVANT,False,62.0,True,True,,False,False,False,0.0,0.0,0.0,"['LEAGUE_SPECIFIC_VORP', 'M9_PRODUCTION_MODEL', 'CURRENT_PLAYER_MATCH']",,,,prior_season_profile_unavailable,0.0563060869237183,0.0299607358219246,0.1012617410815205,4.0,4.0,M9.1c,67.2,0.0,,,,,,,COMMITTEE_FRINGE,BASELINE_ONLY,False,False,NO_PROFILE,BLOCKED_MISSING_HISTORICAL_SLEEPER_BASELINE,False
fie-final-league-board-v1,1399318410818519040,2026,00-0036463,00-0036463,7521,Chris Blair,ATL,WR,SEASON,M9,BLOCKED_STATISTICS,FIE_M9_VALIDATED_PRESEASON,PRODUCTION,PRODUCTION,15.1700200484408,0.8923541204965176,-4.728754718826842,3.424203978327924,14.073589479761251,25.37148076836881,36.65281935848249,,460.0,153.7064827442174,-138.5364626957766,634.5,adp_ppr,,371.0,,-89.0,IRRELEVANT,False,90.0,True,True,,False,False,False,0.0,0.0,0.0,"['LEAGUE_SPECIFIC_VORP', 'M9_PRODUCTION_MODEL', 'CURRENT_PLAYER_MATCH']",,,,prior_season_games_below_gate,0.0563060869237183,0.0299607358219246,0.1012617410815205,4.0,4.0,M9.1c,,,,,,,,,UNRANKED,BASELINE_ONLY,False,False,NO_PROFILE,BLOCKED_MISSING_HISTORICAL_SLEEPER_BASELINE,False
fie-final-league-board-v1,1399318410818519040,2026,00-0041047,00-0041047,13353,Chris Brazzell,CAR,WR,SEASON,M9,BLOCKED_STATISTICS,MARKET_FALLBACK,MARKET_BASE,MARKET_BASE,,,,,,,,,,153.7064827442174,,400.0,adp_ppr,,274.0,,,UNAVAILABLE,False,10.0,True,True,,False,False,False,0.0,0.0,0.0,"['M9_PRODUCTION_MODEL', 'CURRENT_PLAYER_MATCH']",,,,prior_season_profile_unavailable,0.0563060869237183,0.0299607358219246,0.1012617410815205,4.0,4.0,M9.1c,,,,,,,,,UNRANKED,BASELINE_ONLY,False,False,NO_PROFILE,BLOCKED_MISSING_HISTORICAL_SLEEPER_BASELINE,False
fie-final-league-board-v1,1399318410818519040,2026,00-0041179,00-0041179,13674,Chris Hilton,GB,WR,SEASON,M9,BLOCKED_STATISTICS,MARKET_FALLBACK,MARKET_BASE,MARKET_BASE,,,,,,,,,,153.7064827442174,,599.0,adp_ppr,,339.0,,,UNAVAILABLE,False,10.0,True,True,,False,False,False,0.0,0.0,0.0,"['M9_PRODUCTION_MODEL', 'CURRENT_PLAYER_MATCH']",,,,prior_season_profile_unavailable,0.0563060869237183,0.0299607358219246,0.1012617410815205,4.0,4.0,M9.1c,,,,,,,,,UNRANKED,BASELINE_ONLY,False,False,NO_PROFILE,BLOCKED_MISSING_HISTORICAL_SLEEPER_BASELINE,False
fie-final-league-board-v1,1399318410818519040,2026,00-0034775,00-0034775,4950,Christian Kirk,SF,WR,SEASON,M9,BLOCKED_STATISTICS,FIE_M9_DIAGNOSTIC_MARKET_ANCHORED,DIAGNOSTIC_MARKET_ANCHORED,DIAGNOSTIC_MARKET_ANCHORED,46.4,2.7294117647058824,23.32104996341573,33.390330458824124,45.1621277520154,57.95396143365971,70.57742544456573,,343.0,153.7064827442174,-107.3064827442174,241.7,adp_ppr,,232.0,,-111.0,IRRELEVANT,False,55.0,True,True,,False,False,False,0.0,0.0,0.0,"['LEAGUE_SPECIFIC_VORP', 'M9_PRODUCTION_MODEL', 'CURRENT_PLAYER_MATCH']",,,,team_change_guardrail,0.0563060869237183,0.0299607358219246,0.1012617410815205,4.0,4.0,M9.1c,46.74756570559964,0.3475657055996421,84.82942874893176,-0.051214927450536,0.5416666666666666,0.0833333333333332,0.6951314111992888,10.6,DEPTH,RESEARCH_ONLY_TRANSITION_EXACT_REPLAY,True,True,NEW_TEAM_CONTEXT_REBUILT_V3,BLOCKED_MISSING_HISTORICAL_SLEEPER_BASELINE,True
fie-final-league-board-v1,1399318410818519040,2026,00-0035891,00-0035891,7039,Cody White,SEA,WR,SEASON,M9,BLOCKED_STATISTICS,FIE_M9_VALIDATED_PRESEASON,PRODUCTION,PRODUCTION,37.03940100105048,2.17878829417944,15.073408154489684,24.18806078602259,35.74875982438965,48.45642120529593,60.84008812446633,,386.0,153.7064827442174,-116.66708174316692,664.0,adp_ppr,,419.0,,33.0,IRRELEVANT,False,92.0,True,True,,False,False,False,0.0,0.0,0.0,"['LEAGUE_SPECIFIC_VORP', 'M9_PRODUCTION_MODEL', 'CURRENT_PLAYER_MATCH']",V9.7.2,15.6526710379359,-21.386729963114576,validated_component_shadow,0.0563060869237183,0.0299607358219246,0.1012617410815205,4.0,4.0,M9.1c,8.137569332469232,-0.3624306675307682,34.29170636261684,-0.9936015152137848,0.2083333333333333,0.5833333333333333,0.9060766688269228,1.3500000000000003,DEPTH,RESEARCH_ONLY_TRANSITION_EXACT_REPLAY,True,True,NEW_TEAM_CONTEXT_REBUILT_V3,BLOCKED_MISSING_HISTORICAL_SLEEPER_BASELINE,True
fie-final-league-board-v1,1399318410818519040,2026,00-0041069,00-0041069,13477,Colbie Young,CIN,WR,SEASON,M9,BLOCKED_STATISTICS,FIE_M9_DIAGNOSTIC_MARKET_ANCHORED,DIAGNOSTIC_MARKET_ANCHORED,DIAGNOSTIC_MARKET_ANCHORED,31.0,1.8235294117647052,9.541329500978064,18.58746739080521,29.60206837187613,42.12838411414716,54.29576763044455,,405.0,153.7064827442174,-122.7064827442174,,adp_ppr,,,,,IRRELEVANT,False,62.0,True,True,,False,False,False,,,,"['LEAGUE_SPECIFIC_VORP', 'M9_PRODUCTION_MODEL', 'CURRENT_PLAYER_MATCH']",,,,prior_season_profile_unavailable,0.0563060869237183,0.0299607358219246,0.1012617410815205,4.0,4.0,M9.1c,31.0,0.0,,,,,,,DEPTH,BASELINE_ONLY,False,False,NO_PROFILE,BLOCKED_MISSING_HISTORICAL_SLEEPER_BASELINE,False
fie-final-league-board-v1,1399318410818519040,2026,00-0039626,00-0039626,12210,Cole Burgess,PIT,WR,SEASON,M9,BLOCKED_STATISTICS,MARKET_FALLBACK,MARKET_BASE,MARKET_BASE,,,,,,,,,,153.7064827442174,,443.0,adp_ppr,,282.0,,,UNAVAILABLE,False,10.0,True,True,,False,False,False,0.0,0.0,0.0,"['M9_PRODUCTION_MODEL', 'CURRENT_PLAYER_MATCH']",,,,prior_season_profile_unavailable,0.0563060869237183,0.0299607358219246,0.1012617410815205,4.0,4.0,M9.1c,,,,,,,,,UNRANKED,BASELINE_ONLY,False,False,NO_PROFILE,BLOCKED_MISSING_HISTORICAL_SLEEPER_BASELINE,False
fie-final-league-board-v1,1399318410818519040,2026,00-0040352,00-0040352,12829,Coleman Owen,IND,WR,SEASON,M9,BLOCKED_STATISTICS,FIE_M9_VALIDATED_PRESEASON,PRODUCTION,PRODUCTION,22.74508010185809,1.3379458883445936,2.00437326118605,10.804503173615746,21.21497439696415,33.13227041774104,44.941242811517455,,442.0,153.7064827442174,-130.9614026423593,244.0,adp_ppr,,240.0,,-202.0,IRRELEVANT,False,90.0,True,True,,False,False,False,0.0,0.0,0.0,"['LEAGUE_SPECIFIC_VORP', 'M9_PRODUCTION_MODEL', 'CURRENT_PLAYER_MATCH']",,,,prior_season_games_below_gate,0.0563060869237183,0.0299607358219246,0.1012617410815205,4.0,4.0,M9.1c,,,,,,,,,UNRANKED,BASELINE_ONLY,False,False,NO_PROFILE,BLOCKED_MISSING_HISTORICAL_SLEEPER_BASELINE,False
fie-final-league-board-v1,1399318410818519040,2026,13898,,13898,Corey Rucker,LV,WR,SEASON,M9,BLOCKED_STATISTICS,MARKET_FALLBACK,MARKET_BASE,MARKET_BASE,,,,,,,,,,153.7064827442174,,613.0,adp_ppr,,348.0,,,UNAVAILABLE,False,10.0,True,True,,False,False,False,-67.0,-67.0,-67.0,"['M9_PRODUCTION_MODEL', 'CURRENT_PLAYER_MATCH']",,,,prior_season_profile_unavailable,0.0563060869237183,0.0299607358219246,0.1012617410815205,4.0,4.0,M9.1c,,,,,,,,,UNRANKED,BASELINE_ONLY,False,False,NO_PROFILE,BLOCKED_MISSING_HISTORICAL_SLEEPER_BASELINE,False
fie-final-league-board-v1,1399318410818519040,2026,00-0035045,00-0035045,6453,D.J. Montgomery,IND,WR,SEASON,M9,BLOCKED_STATISTICS,MARKET_FALLBACK,MARKET_BASE,MARKET_BASE,,,,,,,,,,153.7064827442174,,641.7,adp_ppr,,387.0,,,UNAVAILABLE,False,10.0,True,True,,False,False,False,0.0,0.0,0.0,"['M9_PRODUCTION_MODEL', 'CURRENT_PLAYER_MATCH']",,,,prior_season_profile_unavailable,0.0563060869237183,0.0299607358219246,0.1012617410815205,4.0,4.0,M9.1c,,,,,,,,,UNRANKED,BASELINE_ONLY,False,False,NO_PROFILE,BLOCKED_MISSING_HISTORICAL_SLEEPER_BASELINE,False
fie-final-league-board-v1,1399318410818519040,2026,12892,,12892,Da'Quan Felton,NYJ,WR,SEASON,M9,BLOCKED_STATISTICS,MARKET_FALLBACK,MARKET_BASE,MARKET_BASE,,,,,,,,,,153.7064827442174,,647.0,adp_ppr,,398.0,,,UNAVAILABLE,False,10.0,True,True,,False,False,False,0.0,0.0,0.0,"['M9_PRODUCTION_MODEL', 'CURRENT_PLAYER_MATCH']",,,,prior_season_profile_unavailable,0.0563060869237183,0.0299607358219246,0.1012617410815205,4.0,4.0,M9.1c,,,,,,,,,UNRANKED,BASELINE_ONLY,False,False,NO_PROFILE,BLOCKED_MISSING_HISTORICAL_SLEEPER_BASELINE,False
fie-final-league-board-v1,1399318410818519040,2026,00-0040431,00-0040431,12888,Dalen Cambre,NYG,WR,SEASON,M9,BLOCKED_STATISTICS,FIE_M9_VALIDATED_PRESEASON,PRODUCTION,PRODUCTION,12.613230627773197,0.741954742810188,-6.815733512953042,1.047846737562239,11.20982150722014,22.50796442957786,33.55288861299795,,471.0,153.7064827442174,-141.0932521164442,686.5,adp_ppr,,472.0,,1.0,IRRELEVANT,False,90.0,True,True,,False,False,False,0.0,0.0,0.0,"['LEAGUE_SPECIFIC_VORP', 'M9_PRODUCTION_MODEL', 'CURRENT_PLAYER_MATCH']",V9.7.2,3.283778263561956,-9.32945236421124,validated_component_shadow,0.0563060869237183,0.0299607358219246,0.1012617410815205,4.0,4.0,M9.1c,,,,,,,,,UNRANKED,BASELINE_ONLY,False,False,NO_PROFILE,BLOCKED_MISSING_HISTORICAL_SLEEPER_BASELINE,False
fie-final-league-board-v1,1399318410818519040,2026,00-0041293,00-0041293,13336,Dane Key,DEN,WR,SEASON,M9,BLOCKED_STATISTICS,FIE_M9_DIAGNOSTIC_MARKET_ANCHORED,DIAGNOSTIC_MARKET_ANCHORED,DIAGNOSTIC_MARKET_ANCHORED,6.6,0.388235294117647,-12.52656285815717,-4.893436813716811,5.155459449430587,16.419560487521295,27.62483809915512,,491.0,153.7064827442174,-147.1064827442174,,adp_ppr,,,,,IRRELEVANT,False,62.0,True,True,,False,False,False,,,,"['LEAGUE_SPECIFIC_VORP', 'M9_PRODUCTION_MODEL', 'CURRENT_PLAYER_MATCH']",,,,prior_season_profile_unavailable,0.0563060869237183,0.0299607358219246,0.1012617410815205,4.0,4.0,M9.1c,6.6,0.0,,,,,,,DEPTH,BASELINE_ONLY,False,False,NO_PROFILE,BLOCKED_MISSING_HISTORICAL_SLEEPER_BASELINE,False
fie-final-league-board-v1,1399318410818519040,2026,13861,,13861,Daniel Sobkowicz,HOU,WR,SEASON,M9,BLOCKED_STATISTICS,MARKET_FALLBACK,MARKET_BASE,MARKET_BASE,,,,,,,,,,153.7064827442174,,,adp_ppr,,,,,UNAVAILABLE,False,10.0,True,True,,False,False,False,,,,"['M9_PRODUCTION_MODEL', 'CURRENT_PLAYER_MATCH']",,,,prior_season_profile_unavailable,0.0563060869237183,0.0299607358219246,0.1012617410815205,4.0,4.0,M9.1c,,,,,,,,,UNRANKED,BASELINE_ONLY,False,False,NO_PROFILE,BLOCKED_MISSING_HISTORICAL_SLEEPER_BASELINE,False
fie-final-league-board-v1,1399318410818519040,2026,00-0037828,00-0037828,8176,Danny Gray,PHI,WR,SEASON,M9,BLOCKED_STATISTICS,MARKET_FALLBACK,MARKET_BASE,MARKET_BASE,,,,,,,,,,153.7064827442174,,621.7,adp_ppr,,356.0,,,UNAVAILABLE,False,10.0,True,True,,False,False,False,0.0,0.0,0.0,"['M9_PRODUCTION_MODEL', 'CURRENT_PLAYER_MATCH']",,,,prior_season_profile_unavailable,0.0563060869237183,0.0299607358219246,0.1012617410815205,4.0,4.0,M9.1c,,,,,,,,,UNRANKED,BASELINE_ONLY,False,False,NO_PROFILE,BLOCKED_MISSING_HISTORICAL_SLEEPER_BASELINE,False
fie-final-league-board-v1,1399318410818519040,2026,00-0037093,00-0037093,8527,Dareke Young,LV,WR,SEASON,M9,BLOCKED_STATISTICS,FIE_M9_DIAGNOSTIC_MARKET_ANCHORED,DIAGNOSTIC_MARKET_ANCHORED,DIAGNOSTIC_MARKET_ANCHORED,4.6,0.2705882352941176,-14.493355048926894,-6.597192728931674,3.124533921645778,14.046854130462677,25.423640625849536,,501.0,153.7064827442174,-149.1064827442174,676.0,adp_ppr,,447.0,,-54.0,IRRELEVANT,False,55.0,True,True,,False,False,False,0.0,0.0,0.0,"['LEAGUE_SPECIFIC_VORP', 'M9_PRODUCTION_MODEL', 'CURRENT_PLAYER_MATCH']",,,,team_change_guardrail,0.0563060869237183,0.0299607358219246,0.1012617410815205,4.0,4.0,M9.1c,4.274348544402757,-0.3256514555972423,23.658475217798223,-0.7310460331717823,0.2083333333333333,0.5833333333333333,0.9304327302778366,1.0,DEPTH,RESEARCH_ONLY_TRANSITION_EXACT_REPLAY,True,True,NEW_TEAM_CONTEXT_REBUILT_V3,BLOCKED_MISSING_HISTORICAL_SLEEPER_BASELINE,True
fie-final-league-board-v1,1399318410818519040,2026,00-0040024,00-0040024,13150,Darius Cooper,PHI,WR,SEASON,M9,BLOCKED_STATISTICS,FIE_M9_VALIDATED_PRESEASON,PRODUCTION,PRODUCTION,53.65288340213031,3.1560519648311947,30.25101024823085,40.37854238286228,52.632757729958165,65.83129416933184,78.42987334094462,,328.0,153.7064827442174,-100.0535993420871,,adp_ppr,,,,,IRRELEVANT,False,91.0,True,True,,False,False,False,,,,"['LEAGUE_SPECIFIC_VORP', 'M9_PRODUCTION_MODEL', 'CURRENT_PLAYER_MATCH']",V9.7.2,46.67199728466182,-6.980886117468486,validated_component_shadow,0.0563060869237183,0.0299607358219246,0.1012617410815205,4.0,4.0,M9.1c,6.847488531856918,0.1474885318569176,53.65288340213031,0.4911996769829068,0.6666666666666666,0.3333333333333332,0.9832568790461184,1.0,DEPTH,RESEARCH_ONLY_EXACT_REPLAY,True,False,STABLE_TEAM,BLOCKED_MISSING_HISTORICAL_SLEEPER_BASELINE,True
fie-final-league-board-v1,1399318410818519040,2026,00-0035535,00-0035535,6149,Darius Slayton,NYG,WR,SEASON,M9,BLOCKED_STATISTICS,FIE_M9_VALIDATED_PRESEASON,PRODUCTION,PRODUCTION,122.04788534657118,7.179287373327717,93.5157640329258,106.55124571336452,121.1478494463625,136.78969590373583,151.43831556238695,,186.0,153.7064827442174,-31.65859739764622,,adp_ppr,,,,,IRRELEVANT,False,93.0,True,True,,False,False,False,,,,"['LEAGUE_SPECIFIC_VORP', 'M9_PRODUCTION_MODEL', 'CURRENT_PLAYER_MATCH']",V9.7.2,120.49301595564256,-1.55486939092863,validated_component_shadow,0.0563060869237183,0.0299607358219246,0.1012617410815205,4.0,4.0,M9.1c,79.81349723229602,3.513497232296004,122.04788534657118,0.012335001745308,0.6666666666666666,0.3333333333333332,0.5713003629749617,24.0,STARTER,RESEARCH_ONLY_EXACT_REPLAY,True,False,STABLE_TEAM,BLOCKED_MISSING_HISTORICAL_SLEEPER_BASELINE,True
fie-final-league-board-v1,1399318410818519040,2026,00-0036309,00-0036309,7090,Darnell Mooney,NYG,WR,SEASON,M9,BLOCKED_STATISTICS,FIE_M9_DIAGNOSTIC_MARKET_ANCHORED,DIAGNOSTIC_MARKET_ANCHORED,DIAGNOSTIC_MARKET_ANCHORED,73.39999999999999,4.317647058823529,48.13897249035721,59.11475914245182,72.25700941102555,86.3529625682628,100.32290447041926,,266.0,153.7064827442174,-80.3064827442174,249.2,adp_ppr,,244.0,,-22.0,IRRELEVANT,False,55.0,True,True,,False,False,False,0.0,0.0,0.0,"['LEAGUE_SPECIFIC_VORP', 'M9_PRODUCTION_MODEL', 'CURRENT_PLAYER_MATCH']",,,,team_change_guardrail,0.0563060869237183,0.0299607358219246,0.1012617410815205,4.0,4.0,M9.1c,68.65036968492223,-4.749630315077766,86.54289230267429,-0.0815788359111615,0.375,0.25,0.5428148931517445,16.35,DEPTH,RESEARCH_ONLY_TRANSITION_EXACT_REPLAY,True,True,NEW_TEAM_CONTEXT_REBUILT_V3,BLOCKED_MISSING_HISTORICAL_SLEEPER_BASELINE,True
fie-final-league-board-v1,1399318410818519040,2026,00-0033589,00-0033589,4274,David Moore,CAR,WR,SEASON,M9,BLOCKED_STATISTICS,FIE_M9_VALIDATED_PRESEASON,PRODUCTION,PRODUCTION,23.641727922552647,1.3906898777972143,2.880955916766613,11.55734215707323,22.157293688216463,34.66145541188816,46.03524452125806,,439.0,153.7064827442174,-130.06475482166474,575.5,adp_ppr,,331.0,,-108.0,IRRELEVANT,False,90.0,True,True,,False,False,False,0.0,0.0,0.0,"['LEAGUE_SPECIFIC_VORP', 'M9_PRODUCTION_MODEL', 'CURRENT_PLAYER_MATCH']",V9.7.2,5.9716057697899165,-17.67012215276273,validated_component_shadow,0.0563060869237183,0.0299607358219246,0.1012617410815205,4.0,4.0,M9.1c,3.80734728820098,-0.4926527117990202,23.641727922552647,-0.7437350035050534,0.0833333333333333,0.8333333333333334,0.9853054235980424,1.0,DEPTH,RESEARCH_ONLY_EXACT_REPLAY,True,False,STABLE_TEAM,BLOCKED_MISSING_HISTORICAL_SLEEPER_BASELINE,True
fie-final-league-board-v1,1399318410818519040,2026,00-0035359,00-0035359,6154,David Sills,TB,WR,SEASON,M9,BLOCKED_STATISTICS,FIE_M9_DIAGNOSTIC_MARKET_ANCHORED,DIAGNOSTIC_MARKET_ANCHORED,DIAGNOSTIC_MARKET_ANCHORED,26.9,1.5823529411764707,5.655954009091641,14.621551698560278,25.856011170823013,37.42889191173745,49.43181355530516,,423.0,153.7064827442174,-126.8064827442174,405.0,adp_ppr,,275.0,,-148.0,IRRELEVANT,False,55.0,True,True,,False,False,False,0.0,0.0,0.0,"['LEAGUE_SPECIFIC_VORP', 'M9_PRODUCTION_MODEL', 'CURRENT_PLAYER_MATCH']",,,,team_change_guardrail,0.0563060869237183,0.0299607358219246,0.1012617410815205,4.0,4.0,M9.1c,29.48689566804521,2.5868956680452087,76.60926269265289,1.398111856954806,0.9583333333333334,0.9166666666666669,0.8481625141131841,3.1499999999999986,DEPTH,RESEARCH_ONLY_TRANSITION_EXACT_REPLAY,True,True,NEW_TEAM_CONTEXT_REBUILT_V3,BLOCKED_MISSING_HISTORICAL_SLEEPER_BASELINE,True
fie-final-league-board-v1,1399318410818519040,2026,6540,,6540,DeAndre Thompkins,GB,WR,SEASON,M9,BLOCKED_STATISTICS,MARKET_FALLBACK,MARKET_BASE,MARKET_BASE,,,,,,,,,,153.7064827442174,,331.0,adp_ppr,,259.0,,,UNAVAILABLE,False,10.0,True,True,,False,False,False,25.0,25.0,25.0,"['M9_PRODUCTION_MODEL', 'CURRENT_PLAYER_MATCH']",,,,prior_season_profile_unavailable,0.0563060869237183,0.0299607358219246,0.1012617410815205,4.0,4.0,M9.1c,,,,,,,,,UNRANKED,BASELINE_ONLY,False,False,NO_PROFILE,BLOCKED_MISSING_HISTORICAL_SLEEPER_BASELINE,False
fie-final-league-board-v1,1399318410818519040,2026,00-0038621,00-0038621,9501,DeMario Douglas,NE,WR,SEASON,M9,BLOCKED_STATISTICS,FIE_M9_VALIDATED_PRESEASON,PRODUCTION,PRODUCTION,92.19546137352714,5.42326243373689,65.6346595305637,77.46789981975806,91.22587537827673,105.76790759330966,120.05823979298744,,230.0,153.7064827442174,-61.51102137069026,,adp_ppr,,,,,IRRELEVANT,False,94.0,True,True,,False,False,False,,,,"['LEAGUE_SPECIFIC_VORP', 'M9_PRODUCTION_MODEL', 'CURRENT_PLAYER_MATCH']",V9.7.2,102.95883902883872,10.763377655311572,validated_component_shadow,0.0563060869237183,0.0299607358219246,0.1012617410815205,4.0,4.0,M9.1c,78.52387950870941,-1.8761204912905924,92.19546137352714,-0.411234548152017,0.4444444444444444,0.1111111111111111,0.7817168713710825,6.0,COMMITTEE_FRINGE,RESEARCH_ONLY_EXACT_REPLAY,True,False,STABLE_TEAM,BLOCKED_MISSING_HISTORICAL_SLEEPER_BASELINE,True
fie-final-league-board-v1,1399318410818519040,2026,14020,,14020,Dean Patterson,TB,WR,SEASON,M9,BLOCKED_STATISTICS,MARKET_FALLBACK,MARKET_BASE,MARKET_BASE,,,,,,,,,,153.7064827442174,,695.5,adp_ppr,,491.0,,,UNAVAILABLE,False,10.0,True,True,,False,False,False,0.0,0.0,0.0,"['M9_PRODUCTION_MODEL', 'CURRENT_PLAYER_MATCH']",,,,prior_season_profile_unavailable,0.0563060869237183,0.0299607358219246,0.1012617410815205,4.0,4.0,M9.1c,,,,,,,,,UNRANKED,BASELINE_ONLY,False,False,NO_PROFILE,BLOCKED_MISSING_HISTORICAL_SLEEPER_BASELINE,False
fie-final-league-board-v1,1399318410818519040,2026,00-0041132,00-0041132,13333,Deion Burks,IND,WR,SEASON,M9,BLOCKED_STATISTICS,FIE_M9_DIAGNOSTIC_MARKET_ANCHORED,DIAGNOSTIC_MARKET_ANCHORED,DIAGNOSTIC_MARKET_ANCHORED,23.3,1.3705882352941177,2.388810606681304,11.52810908273359,22.001200039487674,33.781329283329384,45.543680629324896,,441.0,153.7064827442174,-130.4064827442174,,adp_ppr,,,,,IRRELEVANT,False,62.0,True,True,,False,False,False,,,,"['LEAGUE_SPECIFIC_VORP', 'M9_PRODUCTION_MODEL', 'CURRENT_PLAYER_MATCH']",,,,prior_season_profile_unavailable,0.0563060869237183,0.0299607358219246,0.1012617410815205,4.0,4.0,M9.1c,23.3,0.0,,,,,,,DEPTH,BASELINE_ONLY,False,False,NO_PROFILE,BLOCKED_MISSING_HISTORICAL_SLEEPER_BASELINE,False
fie-final-league-board-v1,1399318410818519040,2026,00-0032775,00-0032775,3286,Demarcus Robinson,SF,WR,SEASON,M9,BLOCKED_STATISTICS,FIE_M9_VALIDATED_PRESEASON,PRODUCTION,PRODUCTION,65.21065955709442,3.83592115041732,40.66575680355569,51.52968384850574,63.99741014406503,78.06198412124355,90.84326952949638,,292.0,153.7064827442174,-88.49582318712298,,adp_ppr,,,,,IRRELEVANT,False,93.0,True,True,,False,False,False,,,,"['LEAGUE_SPECIFIC_VORP', 'M9_PRODUCTION_MODEL', 'CURRENT_PLAYER_MATCH']",V9.7.2,77.26637393564727,12.05571437855285,validated_component_shadow,0.0563060869237183,0.0299607358219246,0.1012617410815205,4.0,4.0,M9.1c,39.91932092893116,1.8193209289311556,65.21065955709442,0.1503886236553877,0.6666666666666666,0.3333333333333332,0.8874736238688593,3.4499999999999997,DEPTH,RESEARCH_ONLY_EXACT_REPLAY,True,False,STABLE_TEAM,BLOCKED_MISSING_HISTORICAL_SLEEPER_BASELINE,True
fie-final-league-board-v1,1399318410818519040,2026,00-0037570,00-0037570,8801,Dennis Houston,TB,WR,SEASON,M9,BLOCKED_STATISTICS,MARKET_FALLBACK,MARKET_BASE,MARKET_BASE,,,,,,,,,,153.7064827442174,,,adp_ppr,,,,,UNAVAILABLE,False,10.0,True,True,,False,False,False,,,,"['M9_PRODUCTION_MODEL', 'CURRENT_PLAYER_MATCH']",,,,prior_season_profile_unavailable,0.0563060869237183,0.0299607358219246,0.1012617410815205,4.0,4.0,M9.1c,,,,,,,,,UNRANKED,BASELINE_ONLY,False,False,NO_PROFILE,BLOCKED_MISSING_HISTORICAL_SLEEPER_BASELINE,False
fie-final-league-board-v1,1399318410818519040,2026,00-0038573,00-0038573,10234,Derius Davis,LAC,WR,SEASON,M9,BLOCKED_STATISTICS,FIE_M9_VALIDATED_PRESEASON,PRODUCTION,PRODUCTION,17.781483149715317,1.0459695970420777,-2.34889529020683,6.126100383578969,16.26710908830903,27.994060782318147,39.70098647005781,,455.0,153.7064827442174,-135.92499959450208,,adp_ppr,,,,,IRRELEVANT,False,92.0,True,True,,False,False,False,,,,"['LEAGUE_SPECIFIC_VORP', 'M9_PRODUCTION_MODEL', 'CURRENT_PLAYER_MATCH']",V9.7.2,19.654630161721705,1.873147012006385,validated_component_shadow,0.0563060869237183,0.0299607358219246,0.1012617410815205,4.0,4.0,M9.1c,-0.9,0.0,17.781483149715317,,,,,,UNRANKED,RESEARCH_ONLY_EXACT_REPLAY,True,False,STABLE_TEAM,BLOCKED_MISSING_HISTORICAL_SLEEPER_BASELINE,False
fie-final-league-board-v1,1399318410818519040,2026,00-0039424,00-0039424,11834,Devaughn Vele,NO,WR,SEASON,M9,BLOCKED_STATISTICS,FIE_M9_VALIDATED_PRESEASON,PRODUCTION,PRODUCTION,113.22292463218862,6.660172037187566,85.5381911293753,97.8880950432558,112.19711003391932,127.6509252632582,141.85137463947132,,196.0,153.7064827442174,-40.48355811202877,239.8,adp_ppr,,226.0,,30.0,IRRELEVANT,False,92.0,True,True,,False,False,False,0.0,0.0,0.0,"['LEAGUE_SPECIFIC_VORP', 'M9_PRODUCTION_MODEL', 'CURRENT_PLAYER_MATCH']",V9.7.2,108.20390631222374,-5.019018319964886,validated_component_shadow,0.0563060869237183,0.0299607358219246,0.1012617410815205,4.0,4.0,M9.1c,110.6,0.0,113.22292463218862,-0.0208797877661379,0.5,0.0,0.7076849717193504,10.649999999999991,STARTER,RESEARCH_ONLY_EXACT_REPLAY,True,False,STABLE_TEAM,BLOCKED_MISSING_HISTORICAL_SLEEPER_BASELINE,False
fie-final-league-board-v1,1399318410818519040,2026,00-0037487,00-0037487,8253,Deven Thompkins,LV,WR,SEASON,M9,BLOCKED_STATISTICS,MARKET_FALLBACK,MARKET_BASE,MARKET_BASE,,,,,,,,,,153.7064827442174,,698.8,adp_ppr,,498.0,,,UNAVAILABLE,False,11.0,True,True,,False,False,False,0.0,0.0,0.0,"['M9_PRODUCTION_MODEL', 'CURRENT_PLAYER_MATCH']",,,,team_change_guardrail,0.0563060869237183,0.0299607358219246,0.1012617410815205,4.0,4.0,M9.1c,,,,,,,,,UNRANKED,BASELINE_ONLY,False,False,NO_PROFILE,BLOCKED_MISSING_HISTORICAL_SLEEPER_BASELINE,False
fie-final-league-board-v1,1399318410818519040,2026,00-0036331,00-0036331,6847,Devin Duvernay,ARI,WR,SEASON,M9,BLOCKED_STATISTICS,FIE_M9_DIAGNOSTIC_MARKET_ANCHORED,DIAGNOSTIC_MARKET_ANCHORED,DIAGNOSTIC_MARKET_ANCHORED,-1.4,-0.0823529411764705,-19.690467819916595,-12.436680428110478,-2.717407651619162,7.917659980613799,18.61858425247477,,514.0,153.7064827442174,-155.1064827442174,,adp_ppr,,,,,IRRELEVANT,False,55.0,True,True,,False,False,False,,,,"['LEAGUE_SPECIFIC_VORP', 'M9_PRODUCTION_MODEL', 'CURRENT_PLAYER_MATCH']",,,,team_change_guardrail,0.0563060869237183,0.0299607358219246,0.1012617410815205,4.0,4.0,M9.1c,-1.4,0.0,11.769952568865344,,,,,,UNRANKED,RESEARCH_ONLY_TRANSITION_EXACT_REPLAY,True,True,NEW_TEAM_CONTEXT_REBUILT_V3,BLOCKED_MISSING_HISTORICAL_SLEEPER_BASELINE,False
fie-final-league-board-v1,1399318410818519040,2026,13632,,13632,Devonte Ross,LAC,WR,SEASON,M9,BLOCKED_STATISTICS,MARKET_FALLBACK,MARKET_BASE,MARKET_BASE,,,,,,,,,,153.7064827442174,,,adp_ppr,,,,,UNAVAILABLE,False,10.0,True,True,,False,False,False,,,,"['M9_PRODUCTION_MODEL', 'CURRENT_PLAYER_MATCH']",,,,prior_season_profile_unavailable,0.0563060869237183,0.0299607358219246,0.1012617410815205,4.0,4.0,M9.1c,,,,,,,,,UNRANKED,BASELINE_ONLY,False,False,NO_PROFILE,BLOCKED_MISSING_HISTORICAL_SLEEPER_BASELINE,False
fie-final-league-board-v1,1399318410818519040,2026,00-0039792,00-0039792,11629,Devontez Walker,BAL,WR,SEASON,M9,BLOCKED_STATISTICS,FIE_M9_VALIDATED_PRESEASON,PRODUCTION,PRODUCTION,65.32067215810605,3.8423924798885913,41.12470376935396,51.59242984869468,64.27456984069732,78.04563243134344,91.09763422245705,,290.0,153.7064827442174,-88.38581058611135,,adp_ppr,,,,,IRRELEVANT,False,92.0,True,True,,False,False,False,,,,"['LEAGUE_SPECIFIC_VORP', 'M9_PRODUCTION_MODEL', 'CURRENT_PLAYER_MATCH']",V9.7.2,39.43638749068238,-25.88428466742367,validated_component_shadow,0.0563060869237183,0.0299607358219246,0.1012617410815205,4.0,4.0,M9.1c,31.711204337298216,1.8112043372982145,65.32067215810605,0.4957843029972302,0.75,0.5,0.9056021686491076,2.3999999999999986,DEPTH,RESEARCH_ONLY_EXACT_REPLAY,True,False,STABLE_TEAM,BLOCKED_MISSING_HISTORICAL_SLEEPER_BASELINE,True
fie-final-league-board-v1,1399318410818519040,2026,00-0041342,00-0041342,13621,Dillon Bell,MIN,WR,SEASON,M9,BLOCKED_STATISTICS,MARKET_FALLBACK,MARKET_BASE,MARKET_BASE,,,,,,,,,,153.7064827442174,,,adp_ppr,,,,,UNAVAILABLE,False,10.0,True,True,,False,False,False,,,,"['M9_PRODUCTION_MODEL', 'CURRENT_PLAYER_MATCH']",,,,prior_season_profile_unavailable,0.0563060869237183,0.0299607358219246,0.1012617410815205,4.0,4.0,M9.1c,,,,,,,,,UNRANKED,BASELINE_ONLY,False,False,NO_PROFILE,BLOCKED_MISSING_HISTORICAL_SLEEPER_BASELINE,False
fie-final-league-board-v1,1399318410818519040,2026,00-0040785,00-0040785,13264,Dohnte Meyers,CIN,WR,SEASON,M9,BLOCKED_STATISTICS,MARKET_FALLBACK,MARKET_BASE,MARKET_BASE,,,,,,,,,,153.7064827442174,,627.5,adp_ppr,,364.0,,,UNAVAILABLE,False,10.0,True,True,,False,False,False,0.0,0.0,0.0,"['M9_PRODUCTION_MODEL', 'CURRENT_PLAYER_MATCH']",,,,prior_season_profile_unavailable,0.0563060869237183,0.0299607358219246,0.1012617410815205,4.0,4.0,M9.1c,,,,,,,,,UNRANKED,BASELINE_ONLY,False,False,NO_PROFILE,BLOCKED_MISSING_HISTORICAL_SLEEPER_BASELINE,False
fie-final-league-board-v1,1399318410818519040,2026,00-0041158,00-0041158,13409,Donaven McCulley,MIA,WR,SEASON,M9,BLOCKED_STATISTICS,MARKET_FALLBACK,MARKET_BASE,MARKET_BASE,,,,,,,,,,153.7064827442174,,501.3,adp_ppr,,305.0,,,UNAVAILABLE,False,10.0,True,True,,False,False,False,-77.99999999999994,-77.99999999999994,-77.99999999999994,"['M9_PRODUCTION_MODEL', 'CURRENT_PLAYER_MATCH']",,,,prior_season_profile_unavailable,0.0563060869237183,0.0299607358219246,0.1012617410815205,4.0,4.0,M9.1c,,,,,,,,,UNRANKED,BASELINE_ONLY,False,False,NO_PROFILE,BLOCKED_MISSING_HISTORICAL_SLEEPER_BASELINE,False
fie-final-league-board-v1,1399318410818519040,2026,00-0040581,00-0040581,12541,Dont'e Thornton,LV,WR,SEASON,M9,BLOCKED_STATISTICS,FIE_M9_VALIDATED_PRESEASON,PRODUCTION,PRODUCTION,52.95187227273739,3.114816016043376,29.70523217712517,39.45056606782472,51.70768410928355,65.02569730640137,77.50639303763106,,331.0,153.7064827442174,-100.75461047148,,adp_ppr,,,,,IRRELEVANT,False,92.0,True,True,,False,False,False,,,,"['LEAGUE_SPECIFIC_VORP', 'M9_PRODUCTION_MODEL', 'CURRENT_PLAYER_MATCH']",V9.7.2,56.499811070947885,3.547938798210496,validated_component_shadow,0.0563060869237183,0.0299607358219246,0.1012617410815205,4.0,4.0,M9.1c,4.995175813290661,0.295175813290661,52.95187227273739,0.3682015529592118,0.6666666666666666,0.3333333333333332,0.9839193776355342,1.0,DEPTH,RESEARCH_ONLY_EXACT_REPLAY,True,False,STABLE_TEAM,BLOCKED_MISSING_HISTORICAL_SLEEPER_BASELINE,True
fie-final-league-board-v1,1399318410818519040,2026,12946,,12946,Dontae Fleming,MIN,WR,SEASON,M9,BLOCKED_STATISTICS,MARKET_FALLBACK,MARKET_BASE,MARKET_BASE,,,,,,,,,,153.7064827442174,,534.8,adp_ppr,,318.0,,,UNAVAILABLE,False,10.0,True,True,,False,False,False,-85.09999999999997,-85.09999999999997,-85.09999999999997,"['M9_PRODUCTION_MODEL', 'CURRENT_PLAYER_MATCH']",,,,prior_season_profile_unavailable,0.0563060869237183,0.0299607358219246,0.1012617410815205,4.0,4.0,M9.1c,,,,,,,,,UNRANKED,BASELINE_ONLY,False,False,NO_PROFILE,BLOCKED_MISSING_HISTORICAL_SLEEPER_BASELINE,False
fie-final-league-board-v1,1399318410818519040,2026,00-0038393,00-0038393,9486,Dontayvion Wicks,PHI,WR,SEASON,M9,BLOCKED_STATISTICS,FIE_M9_DIAGNOSTIC_MARKET_ANCHORED,DIAGNOSTIC_MARKET_ANCHORED,DIAGNOSTIC_MARKET_ANCHORED,70.39999999999999,4.141176470588235,45.60297374687714,56.26035419848408,69.5125890350649,83.44620543515343,96.60716808975162,,276.0,153.7064827442174,-83.3064827442174,,adp_ppr,,,,,IRRELEVANT,False,55.0,True,True,,False,False,False,,,,"['LEAGUE_SPECIFIC_VORP', 'M9_PRODUCTION_MODEL', 'CURRENT_PLAYER_MATCH']",,,,team_change_guardrail,0.0563060869237183,0.0299607358219246,0.1012617410815205,4.0,4.0,M9.1c,68.21465330962653,-2.185346690373464,90.2841712263016,-0.2146454913164663,0.3888888888888889,0.2222222222222222,0.7049505452817602,10.000000000000014,COMMITTEE_FRINGE,RESEARCH_ONLY_TRANSITION_EXACT_REPLAY,True,True,NEW_TEAM_CONTEXT_REBUILT_V3,BLOCKED_MISSING_HISTORICAL_SLEEPER_BASELINE,True
fie-final-league-board-v1,1399318410818519040,2026,00-0036626,00-0036626,7587,Dyami Brown,WAS,WR,SEASON,M9,BLOCKED_STATISTICS,FIE_M9_DIAGNOSTIC_MARKET_ANCHORED,DIAGNOSTIC_MARKET_ANCHORED,DIAGNOSTIC_MARKET_ANCHORED,4.9,0.2882352941176471,-14.21196592752769,-6.511183655983146,3.4503852375629336,14.478139338872984,25.853676991062635,,498.0,153.7064827442174,-148.8064827442174,,adp_ppr,,,,,IRRELEVANT,False,55.0,True,True,,False,False,False,,,,"['LEAGUE_SPECIFIC_VORP', 'M9_PRODUCTION_MODEL', 'CURRENT_PLAYER_MATCH']",,,,team_change_guardrail,0.0563060869237183,0.0299607358219246,0.1012617410815205,4.0,4.0,M9.1c,5.224964789375637,0.3249647893756364,70.5951910800204,1.0358949182856572,0.7916666666666666,0.5833333333333333,0.9284708267875302,1.0,DEPTH,RESEARCH_ONLY_TRANSITION_EXACT_REPLAY,True,True,NEW_TEAM_CONTEXT_REBUILT_V3,BLOCKED_MISSING_HISTORICAL_SLEEPER_BASELINE,True
fie-final-league-board-v1,1399318410818519040,2026,00-0038953,00-0038953,11474,Dylan Drummond,ATL,WR,SEASON,M9,BLOCKED_STATISTICS,FIE_M9_VALIDATED_PRESEASON,PRODUCTION,PRODUCTION,43.06051820597628,2.532971659175076,19.99522987043823,30.01768558035232,41.65630585900992,54.57129342883543,67.53112061854118,,354.0,153.7064827442174,-110.64596453824112,251.0,adp_ppr,,247.0,,-107.0,IRRELEVANT,False,91.0,True,True,,False,False,False,0.0,0.0,0.0,"['LEAGUE_SPECIFIC_VORP', 'M9_PRODUCTION_MODEL', 'CURRENT_PLAYER_MATCH']",V9.7.2,33.81574641314762,-9.244771792828658,validated_component_shadow,0.0563060869237183,0.0299607358219246,0.1012617410815205,4.0,4.0,M9.1c,,,,,,,,,UNRANKED,BASELINE_ONLY,False,False,NO_PROFILE,BLOCKED_MISSING_HISTORICAL_SLEEPER_BASELINE,False
fie-final-league-board-v1,1399318410818519040,2026,13805,,13805,E.J. Williams,LV,WR,SEASON,M9,BLOCKED_STATISTICS,MARKET_FALLBACK,MARKET_BASE,MARKET_BASE,,,,,,,,,,153.7064827442174,,641.3,adp_ppr,,384.0,,,UNAVAILABLE,False,10.0,True,True,,False,False,False,0.0,0.0,0.0,"['M9_PRODUCTION_MODEL', 'CURRENT_PLAYER_MATCH']",,,,prior_season_profile_unavailable,0.0563060869237183,0.0299607358219246,0.1012617410815205,4.0,4.0,M9.1c,,,,,,,,,UNRANKED,BASELINE_ONLY,False,False,NO_PROFILE,BLOCKED_MISSING_HISTORICAL_SLEEPER_BASELINE,False
fie-final-league-board-v1,1399318410818519040,2026,00-0040563,00-0040563,12542,Efton Chism,NE,WR,SEASON,M9,BLOCKED_STATISTICS,FIE_M9_VALIDATED_PRESEASON,PRODUCTION,PRODUCTION,34.72562485834726,2.042683815196898,12.923686187985304,22.18666704538198,33.37439330119223,45.87837390242747,58.17297315649516,,394.0,153.7064827442174,-118.98085788587014,,adp_ppr,,,,,IRRELEVANT,False,92.0,True,True,,False,False,False,,,,"['LEAGUE_SPECIFIC_VORP', 'M9_PRODUCTION_MODEL', 'CURRENT_PLAYER_MATCH']",V9.7.2,9.695802821522252,-25.029822036825006,validated_component_shadow,0.0563060869237183,0.0299607358219246,0.1012617410815205,4.0,4.0,M9.1c,4.6000000000000005,8.881784197001252e-16,34.72562485834726,-0.3172655091158716,0.5,0.0,0.9853054235980424,1.0,DEPTH,RESEARCH_ONLY_EXACT_REPLAY,True,False,STABLE_TEAM,BLOCKED_MISSING_HISTORICAL_SLEEPER_BASELINE,False
fie-final-league-board-v1,1399318410818519040,2026,5744,,5744,Eldridge Massington,NO,WR,SEASON,M9,BLOCKED_STATISTICS,MARKET_FALLBACK,MARKET_BASE,MARKET_BASE,,,,,,,,,,153.7064827442174,,637.6,adp_ppr,,378.0,,,UNAVAILABLE,False,10.0,True,True,,False,False,False,-70.10000000000002,-70.10000000000002,-70.10000000000002,"['M9_PRODUCTION_MODEL', 'CURRENT_PLAYER_MATCH']",,,,prior_season_profile_unavailable,0.0563060869237183,0.0299607358219246,0.1012617410815205,4.0,4.0,M9.1c,,,,,,,,,UNRANKED,BASELINE_ONLY,False,False,NO_PROFILE,BLOCKED_MISSING_HISTORICAL_SLEEPER_BASELINE,False
fie-final-league-board-v1,1399318410818519040,2026,00-0040337,00-0040337,12909,Eli Pancol,IND,WR,SEASON,M9,BLOCKED_STATISTICS,MARKET_FALLBACK,MARKET_BASE,MARKET_BASE,,,,,,,,,,153.7064827442174,,,adp_ppr,,,,,UNAVAILABLE,False,10.0,True,True,,False,False,False,,,,"['M9_PRODUCTION_MODEL', 'CURRENT_PLAYER_MATCH']",,,,prior_season_profile_unavailable,0.0563060869237183,0.0299607358219246,0.1012617410815205,4.0,4.0,M9.1c,,,,,,,,,UNRANKED,BASELINE_ONLY,False,False,NO_PROFILE,BLOCKED_MISSING_HISTORICAL_SLEEPER_BASELINE,False
fie-final-league-board-v1,1399318410818519040,2026,00-0040170,00-0040170,12499,Elic Ayomanor,TEN,WR,SEASON,M9,BLOCKED_STATISTICS,FIE_M9_VALIDATED_PRESEASON,PRODUCTION,PRODUCTION,109.55511295975148,6.444418409397146,82.24767632752082,94.35784159995406,108.46100173068872,123.46688900509562,138.0448553771007,,203.0,153.7064827442174,-44.15136978446591,241.5,adp_ppr,,231.0,,28.0,IRRELEVANT,False,94.0,True,True,,False,False,False,0.0,0.0,0.0,"['LEAGUE_SPECIFIC_VORP', 'M9_PRODUCTION_MODEL', 'CURRENT_PLAYER_MATCH']",V9.7.2,122.21884150103516,12.663728541283676,validated_component_shadow,0.0563060869237183,0.0299607358219246,0.1012617410815205,4.0,4.0,M9.1c,72.57225796043089,15.872257960430886,109.55511295975148,1.0311410843371598,0.9166666666666666,0.8333333333333333,0.6224414886443483,16.65,DEPTH,RESEARCH_ONLY_EXACT_REPLAY,True,False,STABLE_TEAM,BLOCKED_MISSING_HISTORICAL_SLEEPER_BASELINE,True
fie-final-league-board-v1,1399318410818519040,2026,00-0036980,00-0036980,7596,Elijah Moore,PHI,WR,SEASON,M9,BLOCKED_STATISTICS,MARKET_FALLBACK,MARKET_BASE,MARKET_BASE,,,,,,,,,,153.7064827442174,,700.0,adp_ppr,,503.0,,,UNAVAILABLE,False,12.0,True,True,,False,False,False,0.0,0.0,0.0,"['M9_PRODUCTION_MODEL', 'CURRENT_PLAYER_MATCH']",,,,team_change_guardrail,0.0563060869237183,0.0299607358219246,0.1012617410815205,4.0,4.0,M9.1c,,,,,,,,,UNRANKED,BASELINE_ONLY,False,False,NO_PROFILE,BLOCKED_MISSING_HISTORICAL_SLEEPER_BASELINE,False
fie-final-league-board-v1,1399318410818519040,2026,00-0040876,00-0040876,13268,Elijah Sarratt,BAL,WR,SEASON,M9,BLOCKED_STATISTICS,FIE_M9_DIAGNOSTIC_MARKET_ANCHORED,DIAGNOSTIC_MARKET_ANCHORED,DIAGNOSTIC_MARKET_ANCHORED,61.4,3.611764705882353,37.0991225701065,47.68339923876291,60.41255167509497,74.15863386130985,86.93611699924676,,309.0,153.7064827442174,-92.3064827442174,229.2,adp_ppr,,203.0,,-106.0,IRRELEVANT,False,62.0,True,True,,False,False,False,0.0,0.0,0.0,"['LEAGUE_SPECIFIC_VORP', 'M9_PRODUCTION_MODEL', 'CURRENT_PLAYER_MATCH']",,,,prior_season_profile_unavailable,0.0563060869237183,0.0299607358219246,0.1012617410815205,4.0,4.0,M9.1c,61.4,0.0,,,,,,,DEPTH,BASELINE_ONLY,False,False,NO_PROFILE,BLOCKED_MISSING_HISTORICAL_SLEEPER_BASELINE,False
fie-final-league-board-v1,1399318410818519040,2026,00-0041257,00-0041257,13316,Eric Rivers,TB,WR,SEASON,M9,BLOCKED_STATISTICS,FIE_M9_DIAGNOSTIC_MARKET_ANCHORED,DIAGNOSTIC_MARKET_ANCHORED,DIAGNOSTIC_MARKET_ANCHORED,29.4,1.7294117647058822,7.775120729147332,16.79149670445093,28.059935109794864,40.43367648461744,52.86628525264366,,411.0,153.7064827442174,-124.3064827442174,695.3,adp_ppr,,490.0,,79.0,IRRELEVANT,False,62.0,True,True,,False,False,False,0.0,0.0,0.0,"['LEAGUE_SPECIFIC_VORP', 'M9_PRODUCTION_MODEL', 'CURRENT_PLAYER_MATCH']",,,,prior_season_profile_unavailable,0.0563060869237183,0.0299607358219246,0.1012617410815205,4.0,4.0,M9.1c,29.4,0.0,,,,,,,COMMITTEE_FRINGE,BASELINE_ONLY,False,False,NO_PROFILE,BLOCKED_MISSING_HISTORICAL_SLEEPER_BASELINE,False
fie-final-league-board-v1,1399318410818519040,2026,00-0038092,00-0038092,8114,Erik Ezukanma,PHI,WR,SEASON,M9,BLOCKED_STATISTICS,MARKET_FALLBACK,MARKET_BASE,MARKET_BASE,,,,,,,,,,153.7064827442174,,377.4,adp_ppr,,269.0,,,UNAVAILABLE,False,10.0,True,True,,False,False,False,-17.400000000000034,-17.400000000000034,-17.400000000000034,"['M9_PRODUCTION_MODEL', 'CURRENT_PLAYER_MATCH']",,,,prior_season_profile_unavailable,0.0563060869237183,0.0299607358219246,0.1012617410815205,4.0,4.0,M9.1c,,,,,,,,,UNRANKED,BASELINE_ONLY,False,False,NO_PROFILE,BLOCKED_MISSING_HISTORICAL_SLEEPER_BASELINE,False
fie-final-league-board-v1,1399318410818519040,2026,4922,,4922,Garrett Scantling,ATL,WR,SEASON,M9,BLOCKED_STATISTICS,MARKET_FALLBACK,MARKET_BASE,MARKET_BASE,,,,,,,,,,153.7064827442174,,394.0,adp_ppr,,273.0,,,UNAVAILABLE,False,10.0,True,True,,False,False,False,-84.0,-84.0,-84.0,"['M9_PRODUCTION_MODEL', 'CURRENT_PLAYER_MATCH']",,,,prior_season_profile_unavailable,0.0563060869237183,0.0299607358219246,0.1012617410815205,4.0,4.0,M9.1c,,,,,,,,,UNRANKED,BASELINE_ONLY,False,False,NO_PROFILE,BLOCKED_MISSING_HISTORICAL_SLEEPER_BASELINE,False
fie-final-league-board-v1,1399318410818519040,2026,00-0035589,00-0035589,6045,Gary Jennings,LAC,WR,SEASON,M9,BLOCKED_STATISTICS,MARKET_FALLBACK,MARKET_BASE,MARKET_BASE,,,,,,,,,,153.7064827442174,,638.9,adp_ppr,,380.0,,,UNAVAILABLE,False,10.0,True,True,,False,False,False,33.60000000000002,33.60000000000002,33.60000000000002,"['M9_PRODUCTION_MODEL', 'CURRENT_PLAYER_MATCH']",,,,prior_season_profile_unavailable,0.0563060869237183,0.0299607358219246,0.1012617410815205,4.0,4.0,M9.1c,,,,,,,,,UNRANKED,BASELINE_ONLY,False,False,NO_PROFILE,BLOCKED_MISSING_HISTORICAL_SLEEPER_BASELINE,False
fie-final-league-board-v1,1399318410818519040,2026,00-0041489,00-0041489,13274,Germie Bernard,PIT,WR,SEASON,M9,BLOCKED_STATISTICS,FIE_M9_DIAGNOSTIC_MARKET_ANCHORED,DIAGNOSTIC_MARKET_ANCHORED,DIAGNOSTIC_MARKET_ANCHORED,98.9,5.81764705882353,71.9740700221872,84.41335866129823,98.34060534108951,112.47043513526116,126.54035662625876,,215.0,153.7064827442174,-54.80648274421739,229.8,adp_ppr,,207.0,,-8.0,IRRELEVANT,False,62.0,True,True,,False,False,False,0.0,0.0,0.0,"['LEAGUE_SPECIFIC_VORP', 'M9_PRODUCTION_MODEL', 'CURRENT_PLAYER_MATCH']",,,,prior_season_profile_unavailable,0.0563060869237183,0.0299607358219246,0.1012617410815205,4.0,4.0,M9.1c,98.9,0.0,,,,,,,COMMITTEE_FRINGE,BASELINE_ONLY,False,False,NO_PROFILE,BLOCKED_MISSING_HISTORICAL_SLEEPER_BASELINE,False
fie-final-league-board-v1,1399318410818519040,2026,00-0035645,00-0035645,6699,Gunner Olszewski,NYG,WR,SEASON,M9,BLOCKED_STATISTICS,FIE_M9_VALIDATED_PRESEASON,PRODUCTION,PRODUCTION,38.74829953993268,2.279311737643099,16.356451917756935,25.875485841891965,37.67755563977864,50.38178032714907,62.456522775012274,,378.0,153.7064827442174,-114.95818320428472,,adp_ppr,,,,,IRRELEVANT,False,94.0,True,True,,False,False,False,,,,"['LEAGUE_SPECIFIC_VORP', 'M9_PRODUCTION_MODEL', 'CURRENT_PLAYER_MATCH']",V9.7.2,50.19053347843897,11.442233938506291,validated_component_shadow,0.0563060869237183,0.0299607358219246,0.1012617410815205,4.0,4.0,M9.1c,,,,,,,,,UNRANKED,BASELINE_ONLY,False,False,NO_PROFILE,BLOCKED_MISSING_HISTORICAL_SLEEPER_BASELINE,False
fie-final-league-board-v1,1399318410818519040,2026,00-0037156,00-0037156,8861,Irv Charles,SEA,WR,SEASON,M9,BLOCKED_STATISTICS,MARKET_FALLBACK,MARKET_BASE,MARKET_BASE,,,,,,,,,,153.7064827442174,,,adp_ppr,,,,,UNAVAILABLE,False,10.0,True,True,,False,False,False,,,,"['M9_PRODUCTION_MODEL', 'CURRENT_PLAYER_MATCH']",,,,prior_season_profile_unavailable,0.0563060869237183,0.0299607358219246,0.1012617410815205,4.0,4.0,M9.1c,,,,,,,,,UNRANKED,BASELINE_ONLY,False,False,NO_PROFILE,BLOCKED_MISSING_HISTORICAL_SLEEPER_BASELINE,False
fie-final-league-board-v1,1399318410818519040,2026,00-0040669,00-0040669,12535,Isaac TeSlaa,DET,WR,SEASON,M9,BLOCKED_STATISTICS,FIE_M9_VALIDATED_PRESEASON,PRODUCTION,PRODUCTION,74.37156264097547,4.374797802410321,48.87537459263782,60.09295796766774,73.50568901551257,87.36894745099819,100.75736215557863,,263.0,153.7064827442174,-79.33492010324193,228.9,adp_ppr,,202.0,,-61.0,IRRELEVANT,False,93.0,True,True,,False,False,False,0.700000000000017,0.700000000000017,0.700000000000017,"['LEAGUE_SPECIFIC_VORP', 'M9_PRODUCTION_MODEL', 'CURRENT_PLAYER_MATCH']",V9.7.2,68.72986505464264,-5.641697586332825,validated_component_shadow,0.0563060869237183,0.0299607358219246,0.1012617410815205,4.0,4.0,M9.1c,82.9,-4.200000000000003,74.37156264097547,-0.7059170848006677,0.3333333333333333,0.3333333333333333,0.8005188138259739,4.200000000000003,COMMITTEE_FRINGE,RESEARCH_ONLY_EXACT_REPLAY,True,False,STABLE_TEAM,BLOCKED_MISSING_HISTORICAL_SLEEPER_BASELINE,True
fie-final-league-board-v1,1399318410818519040,2026,00-0040782,00-0040782,12503,Isaiah Bond,CLE,WR,SEASON,M9,BLOCKED_STATISTICS,FIE_M9_VALIDATED_PRESEASON,PRODUCTION,PRODUCTION,61.472085415352105,3.616005024432477,37.51780052643269,47.93020325123344,60.42955632051845,73.58911771166635,86.94461485073114,,308.0,153.7064827442174,-92.2343973288653,,adp_ppr,,,,,IRRELEVANT,False,93.0,True,True,,False,False,False,,,,"['LEAGUE_SPECIFIC_VORP', 'M9_PRODUCTION_MODEL', 'CURRENT_PLAYER_MATCH']",V9.7.2,80.21030668580724,18.73822127045513,validated_component_shadow,0.0563060869237183,0.0299607358219246,0.1012617410815205,4.0,4.0,M9.1c,51.84255017338875,-10.957449826611253,61.472085415352105,-0.7589396338082424,0.25,0.5,0.5797592500852515,18.1,DEPTH,RESEARCH_ONLY_EXACT_REPLAY,True,False,STABLE_TEAM,BLOCKED_MISSING_HISTORICAL_SLEEPER_BASELINE,True
fie-final-league-board-v1,1399318410818519040,2026,00-0039451,00-0039451,11608,Isaiah Williams,NYJ,WR,SEASON,M9,BLOCKED_STATISTICS,FIE_M9_VALIDATED_PRESEASON,PRODUCTION,PRODUCTION,63.94169172642772,3.761275983907513,39.43227890785122,50.03318254566261,62.91027614884902,76.70988007133603,90.00116774588116,,296.0,153.7064827442174,-89.76479101778968,,adp_ppr,,,,,IRRELEVANT,False,93.0,True,True,,False,False,False,,,,"['LEAGUE_SPECIFIC_VORP', 'M9_PRODUCTION_MODEL', 'CURRENT_PLAYER_MATCH']",V9.7.2,75.94900639058676,12.00731466415904,validated_component_shadow,0.0563060869237183,0.0299607358219246,0.1012617410815205,4.0,4.0,M9.1c,31.892748464604544,0.5927484646045436,63.94169172642772,0.1825943009751169,0.5833333333333334,0.1666666666666667,0.9119207147762146,1.7499999999999982,DEPTH,RESEARCH_ONLY_EXACT_REPLAY,True,False,STABLE_TEAM,BLOCKED_MISSING_HISTORICAL_SLEEPER_BASELINE,True
fie-final-league-board-v1,1399318410818519040,2026,00-0040948,00-0040948,13770,J. Michael Sturdivant,GB,WR,SEASON,M9,BLOCKED_STATISTICS,MARKET_FALLBACK,MARKET_BASE,MARKET_BASE,,,,,,,,,,153.7064827442174,,683.9,adp_ppr,,467.0,,,UNAVAILABLE,False,10.0,True,True,,False,False,False,0.0,0.0,0.0,"['M9_PRODUCTION_MODEL', 'CURRENT_PLAYER_MATCH']",,,,prior_season_profile_unavailable,0.0563060869237183,0.0299607358219246,0.1012617410815205,4.0,4.0,M9.1c,,,,,,,,,UNRANKED,BASELINE_ONLY,False,False,NO_PROFILE,BLOCKED_MISSING_HISTORICAL_SLEEPER_BASELINE,False
fie-final-league-board-v1,1399318410818519040,2026,00-0040265,00-0040265,13179,Ja'seem Reed,CAR,WR,SEASON,M9,BLOCKED_STATISTICS,MARKET_FALLBACK,MARKET_BASE,MARKET_BASE,,,,,,,,,,153.7064827442174,,676.8,adp_ppr,,449.0,,,UNAVAILABLE,False,10.0,True,True,,False,False,False,0.0,0.0,0.0,"['M9_PRODUCTION_MODEL', 'CURRENT_PLAYER_MATCH']",,,,prior_season_profile_unavailable,0.0563060869237183,0.0299607358219246,0.1012617410815205,4.0,4.0,M9.1c,,,,,,,,,UNRANKED,BASELINE_ONLY,False,False,NO_PROFILE,BLOCKED_MISSING_HISTORICAL_SLEEPER_BASELINE,False
fie-final-league-board-v1,1399318410818519040,2026,11940,,11940,JaQuae Jackson,LAC,WR,SEASON,M9,BLOCKED_STATISTICS,MARKET_FALLBACK,MARKET_BASE,MARKET_BASE,,,,,,,,,,153.7064827442174,,454.5,adp_ppr,,287.0,,,UNAVAILABLE,False,10.0,True,True,,False,False,False,-59.0,-59.0,-59.0,"['M9_PRODUCTION_MODEL', 'CURRENT_PLAYER_MATCH']",,,,prior_season_profile_unavailable,0.0563060869237183,0.0299607358219246,0.1012617410815205,4.0,4.0,M9.1c,,,,,,,,,UNRANKED,BASELINE_ONLY,False,False,NO_PROFILE,BLOCKED_MISSING_HISTORICAL_SLEEPER_BASELINE,False
fie-final-league-board-v1,1399318410818519040,2026,00-0040729,00-0040729,12483,Jack Bech,LV,WR,SEASON,M9,BLOCKED_STATISTICS,FIE_M9_VALIDATED_PRESEASON,PRODUCTION,PRODUCTION,57.62578391574775,3.3897519950439854,33.46976702449589,43.9089933336256,56.23665066796868,70.0182582835823,83.4404812605066,,320.0,153.7064827442174,-96.08069882846964,238.2,adp_ppr,,222.0,,-98.0,IRRELEVANT,False,93.0,True,True,,False,False,False,0.0,0.0,0.0,"['LEAGUE_SPECIFIC_VORP', 'M9_PRODUCTION_MODEL', 'CURRENT_PLAYER_MATCH']",V9.7.2,63.513558502411314,5.887774586663561,validated_component_shadow,0.0563060869237183,0.0299607358219246,0.1012617410815205,4.0,4.0,M9.1c,61.8304732689202,-16.069526731079804,57.62578391574775,-1.1810462131912582,0.0833333333333333,0.8333333333333334,0.5718692786861144,16.8,DEPTH,RESEARCH_ONLY_EXACT_REPLAY,True,False,STABLE_TEAM,BLOCKED_MISSING_HISTORICAL_SLEEPER_BASELINE,True
fie-final-league-board-v1,1399318410818519040,2026,00-0040390,00-0040390,12938,Jackson Meeks,DET,WR,SEASON,M9,BLOCKED_STATISTICS,MARKET_FALLBACK,MARKET_BASE,MARKET_BASE,,,,,,,,,,153.7064827442174,,677.8,adp_ppr,,454.0,,,UNAVAILABLE,False,10.0,True,True,,False,False,False,0.0,0.0,0.0,"['M9_PRODUCTION_MODEL', 'CURRENT_PLAYER_MATCH']",,,,prior_season_profile_unavailable,0.0563060869237183,0.0299607358219246,0.1012617410815205,4.0,4.0,M9.1c,,,,,,,,,UNRANKED,BASELINE_ONLY,False,False,NO_PROFILE,BLOCKED_MISSING_HISTORICAL_SLEEPER_BASELINE,False
fie-final-league-board-v1,1399318410818519040,2026,00-0039365,00-0039365,11616,Jacob Cowing,SF,WR,SEASON,M9,BLOCKED_STATISTICS,FIE_M9_DIAGNOSTIC_MARKET_ANCHORED,DIAGNOSTIC_MARKET_ANCHORED,DIAGNOSTIC_MARKET_ANCHORED,1.7,0.0999999999999999,-17.02860419641566,-9.741381692790185,0.1839636460119322,11.196703144920122,22.711711470154142,,511.0,153.7064827442174,-152.0064827442174,,adp_ppr,,,,,IRRELEVANT,False,62.0,True,True,,False,False,False,,,,"['LEAGUE_SPECIFIC_VORP', 'M9_PRODUCTION_MODEL', 'CURRENT_PLAYER_MATCH']",,,,prior_season_profile_unavailable,0.0563060869237183,0.0299607358219246,0.1012617410815205,4.0,4.0,M9.1c,1.7,0.0,,,,,,,DEPTH,BASELINE_ONLY,False,False,NO_PROFILE,BLOCKED_MISSING_HISTORICAL_SLEEPER_BASELINE,False
fie-final-league-board-v1,1399318410818519040,2026,13246,,13246,Jaden Smith,DAL,WR,SEASON,M9,BLOCKED_STATISTICS,MARKET_FALLBACK,MARKET_BASE,MARKET_BASE,,,,,,,,,,153.7064827442174,,,adp_ppr,,,,,UNAVAILABLE,False,10.0,True,True,,False,False,False,,,,"['M9_PRODUCTION_MODEL', 'CURRENT_PLAYER_MATCH']",,,,prior_season_profile_unavailable,0.0563060869237183,0.0299607358219246,0.1012617410815205,4.0,4.0,M9.1c,,,,,,,,,UNRANKED,BASELINE_ONLY,False,False,NO_PROFILE,BLOCKED_MISSING_HISTORICAL_SLEEPER_BASELINE,False
fie-final-league-board-v1,1399318410818519040,2026,00-0037741,00-0037741,8119,Jahan Dotson,ATL,WR,SEASON,M9,BLOCKED_STATISTICS,FIE_M9_DIAGNOSTIC_MARKET_ANCHORED,DIAGNOSTIC_MARKET_ANCHORED,DIAGNOSTIC_MARKET_ANCHORED,71.19999999999999,4.188235294117646,46.652305698066925,57.26754046808402,69.7766595548733,84.08856941493224,97.5451234753215,,272.0,153.7064827442174,-82.50648274421741,,adp_ppr,,,,,IRRELEVANT,False,55.0,True,True,,False,False,False,,,,"['LEAGUE_SPECIFIC_VORP', 'M9_PRODUCTION_MODEL', 'CURRENT_PLAYER_MATCH']",,,,team_change_guardrail,0.0563060869237183,0.0299607358219246,0.1012617410815205,4.0,4.0,M9.1c,58.914449291136734,-12.285550708863257,56.20280789488151,-4.920866238531339,0.0833333333333333,0.8333333333333334,0.5118979462026357,24.143006426158088,STARTER,RESEARCH_ONLY_TRANSITION_EXACT_REPLAY,True,True,NEW_TEAM_CONTEXT_REBUILT_V3,BLOCKED_MISSING_HISTORICAL_SLEEPER_BASELINE,True
fie-final-league-board-v1,1399318410818519040,2026,00-0040277,00-0040277,13079,Jahdae Walker,CHI,WR,SEASON,M9,BLOCKED_STATISTICS,FIE_M9_VALIDATED_PRESEASON,PRODUCTION,PRODUCTION,63.760493163849794,3.7506172449323407,39.21361873695945,50.0785632816612,62.6280312099752,76.38008962381704,89.93514392135245,,301.0,153.7064827442174,-89.94598958036761,,adp_ppr,,,,,IRRELEVANT,False,91.0,True,True,,False,False,False,,,,"['LEAGUE_SPECIFIC_VORP', 'M9_PRODUCTION_MODEL', 'CURRENT_PLAYER_MATCH']",V9.7.2,48.56514499851843,-15.195348165331367,validated_component_shadow,0.0563060869237183,0.0299607358219246,0.1012617410815205,4.0,4.0,M9.1c,26.34606898246832,0.4460689824683186,63.760493163849794,0.1996719533251886,0.5833333333333334,0.1666666666666667,0.8921379649366419,3.650000000000004,DEPTH,RESEARCH_ONLY_EXACT_REPLAY,True,False,STABLE_TEAM,BLOCKED_MISSING_HISTORICAL_SLEEPER_BASELINE,True
fie-final-league-board-v1,1399318410818519040,2026,00-0038752,00-0038752,10867,Jake Bobo,SEA,WR,SEASON,M9,BLOCKED_STATISTICS,FIE_M9_VALIDATED_PRESEASON,PRODUCTION,PRODUCTION,24.055605717598027,1.4150356304469427,3.1312581608528163,11.574249579891545,22.548441097177275,34.83914954693816,46.79731708697496,,437.0,153.7064827442174,-129.65087702661936,,adp_ppr,,,,,IRRELEVANT,False,91.0,True,True,,False,False,False,,,,"['LEAGUE_SPECIFIC_VORP', 'M9_PRODUCTION_MODEL', 'CURRENT_PLAYER_MATCH']",V9.7.2,10.187940321417186,-13.867665396180842,validated_component_shadow,0.0563060869237183,0.0299607358219246,0.1012617410815205,4.0,4.0,M9.1c,4.003352402431403,-0.1966475975685968,24.055605717598027,-0.4727534810307454,0.25,0.5,0.9832379878429844,1.0,DEPTH,RESEARCH_ONLY_EXACT_REPLAY,True,False,STABLE_TEAM,BLOCKED_MISSING_HISTORICAL_SLEEPER_BASELINE,True
fie-final-league-board-v1,1399318410818519040,2026,00-0038640,00-0038640,11034,Jalen Brooks,ARI,WR,SEASON,M9,BLOCKED_STATISTICS,FIE_M9_VALIDATED_PRESEASON,PRODUCTION,PRODUCTION,41.3989503006479,2.435232370626347,18.906631432359823,28.58008551665001,40.400044574450895,52.82590319405731,65.16583401557679,,361.0,153.7064827442174,-112.3075324435695,691.3,adp_ppr,,478.0,,117.0,IRRELEVANT,False,91.0,True,True,,False,False,False,0.0,0.0,0.0,"['LEAGUE_SPECIFIC_VORP', 'M9_PRODUCTION_MODEL', 'CURRENT_PLAYER_MATCH']",V9.7.2,32.43204007887382,-8.966910221774079,validated_component_shadow,0.0563060869237183,0.0299607358219246,0.1012617410815205,4.0,4.0,M9.1c,6.352615498142629,-0.1473845018573714,41.3989503006479,-0.5500158862960544,0.25,0.5,0.9825633457158092,1.0,DEPTH,RESEARCH_ONLY_EXACT_REPLAY,True,False,STABLE_TEAM,BLOCKED_MISSING_HISTORICAL_SLEEPER_BASELINE,True
fie-final-league-board-v1,1399318410818519040,2026,00-0036387,00-0036387,6798,Jalen Reagor,MIA,WR,SEASON,M9,BLOCKED_STATISTICS,MARKET_FALLBACK,MARKET_BASE,MARKET_BASE,,,,,,,,,,153.7064827442174,,442.0,adp_ppr,,281.0,,,UNAVAILABLE,False,10.0,True,True,,False,False,False,0.0,0.0,0.0,"['M9_PRODUCTION_MODEL', 'CURRENT_PLAYER_MATCH']",,,,prior_season_profile_unavailable,0.0563060869237183,0.0299607358219246,0.1012617410815205,4.0,4.0,M9.1c,,,,,,,,,UNRANKED,BASELINE_ONLY,False,False,NO_PROFILE,BLOCKED_MISSING_HISTORICAL_SLEEPER_BASELINE,False
fie-final-league-board-v1,1399318410818519040,2026,00-0040646,00-0040646,12505,Jalen Royals,KC,WR,SEASON,M9,BLOCKED_STATISTICS,FIE_M9_VALIDATED_PRESEASON,PRODUCTION,PRODUCTION,35.85879903970093,2.109341119982408,14.146383358101424,23.39959575502812,34.59648717895348,47.160412562223485,59.12076454281899,,391.0,153.7064827442174,-117.84768370451648,,adp_ppr,,,,,IRRELEVANT,False,90.0,True,True,,False,False,False,,,,"['LEAGUE_SPECIFIC_VORP', 'M9_PRODUCTION_MODEL', 'CURRENT_PLAYER_MATCH']",,,,prior_season_games_below_gate,0.0563060869237183,0.0299607358219246,0.1012617410815205,4.0,4.0,M9.1c,31.577036705905428,-2.3229632940945706,35.85879903970093,-2.171992718384637,0.1666666666666666,0.6666666666666667,0.9109659976841455,2.6499999999999986,DEPTH,RESEARCH_ONLY_EXACT_REPLAY,True,False,STABLE_TEAM,BLOCKED_MISSING_HISTORICAL_SLEEPER_BASELINE,True
fie-final-league-board-v1,1399318410818519040,2026,00-0037666,00-0037666,8117,Jalen Tolbert,MIA,WR,SEASON,M9,BLOCKED_STATISTICS,FIE_M9_DIAGNOSTIC_MARKET_ANCHORED,DIAGNOSTIC_MARKET_ANCHORED,DIAGNOSTIC_MARKET_ANCHORED,34.2,2.011764705882353,12.49566188958142,21.57745319256381,32.72726015798777,45.62089811794432,57.52387963499488,,396.0,153.7064827442174,-119.5064827442174,,adp_ppr,,,,,IRRELEVANT,False,55.0,True,True,,False,False,False,,,,"['LEAGUE_SPECIFIC_VORP', 'M9_PRODUCTION_MODEL', 'CURRENT_PLAYER_MATCH']",,,,team_change_guardrail,0.0563060869237183,0.0299607358219246,0.1012617410815205,4.0,4.0,M9.1c,34.58684108502701,0.3868410850270081,61.43747388428361,-0.0322830884446475,0.5416666666666666,0.0833333333333332,0.8596468556155678,2.700000000000001,DEPTH,RESEARCH_ONLY_TRANSITION_EXACT_REPLAY,True,True,NEW_TEAM_CONTEXT_REBUILT_V3,BLOCKED_MISSING_HISTORICAL_SLEEPER_BASELINE,True
fie-final-league-board-v1,1399318410818519040,2026,00-0040405,00-0040405,12925,Jamaal Pritchett,NYJ,WR,SEASON,M9,BLOCKED_STATISTICS,MARKET_FALLBACK,MARKET_BASE,MARKET_BASE,,,,,,,,,,153.7064827442174,,505.2,adp_ppr,,307.0,,,UNAVAILABLE,False,10.0,True,True,,False,False,False,-64.19999999999999,-64.19999999999999,-64.19999999999999,"['M9_PRODUCTION_MODEL', 'CURRENT_PLAYER_MATCH']",,,,prior_season_profile_unavailable,0.0563060869237183,0.0299607358219246,0.1012617410815205,4.0,4.0,M9.1c,,,,,,,,,UNRANKED,BASELINE_ONLY,False,False,NO_PROFILE,BLOCKED_MISSING_HISTORICAL_SLEEPER_BASELINE,False
fie-final-league-board-v1,1399318410818519040,2026,00-0039379,00-0039379,11633,Jamari Thrash,CLE,WR,SEASON,M9,BLOCKED_STATISTICS,FIE_M9_VALIDATED_PRESEASON,PRODUCTION,PRODUCTION,50.93120098656184,2.99595299920952,27.37796429288786,37.8372104822576,50.05886585774471,62.88838287019816,74.98872350799229,,336.0,153.7064827442174,-102.77528175765556,,adp_ppr,,,,,IRRELEVANT,False,92.0,True,True,,False,False,False,,,,"['LEAGUE_SPECIFIC_VORP', 'M9_PRODUCTION_MODEL', 'CURRENT_PLAYER_MATCH']",V9.7.2,48.88839703261365,-2.042803953948188,validated_component_shadow,0.0563060869237183,0.0299607358219246,0.1012617410815205,4.0,4.0,M9.1c,,,,,,,,,UNRANKED,BASELINE_ONLY,False,False,NO_PROFILE,BLOCKED_MISSING_HISTORICAL_SLEEPER_BASELINE,False
fie-final-league-board-v1,1399318410818519040,2026,00-0038728,00-0038728,11056,Jared Wayne,HOU,WR,SEASON,M9,BLOCKED_STATISTICS,FIE_M9_VALIDATED_PRESEASON,PRODUCTION,PRODUCTION,73.32394354499677,4.313173149705692,48.24952066046213,59.46992074831407,72.14846543238217,86.19703041851527,99.37449017543746,,268.0,153.7064827442174,-80.38253919922063,682.0,adp_ppr,,461.0,,193.0,IRRELEVANT,False,90.0,True,True,,False,False,False,0.0,0.0,0.0,"['LEAGUE_SPECIFIC_VORP', 'M9_PRODUCTION_MODEL', 'CURRENT_PLAYER_MATCH']",,,,prior_season_games_below_gate,0.0563060869237183,0.0299607358219246,0.1012617410815205,4.0,4.0,M9.1c,,,,,,,,,UNRANKED,BASELINE_ONLY,False,False,NO_PROFILE,BLOCKED_MISSING_HISTORICAL_SLEEPER_BASELINE,False
fie-final-league-board-v1,1399318410818519040,2026,00-0040164,00-0040164,12641,Jaylin Lane,WAS,WR,SEASON,M9,BLOCKED_STATISTICS,FIE_M9_VALIDATED_PRESEASON,PRODUCTION,PRODUCTION,51.50427656629549,3.0296633274291462,28.48499974150178,38.57795356336645,50.47642891401884,63.523754113433725,75.78624166270883,,333.0,153.7064827442174,-102.20220617792192,,adp_ppr,,,,,IRRELEVANT,False,93.0,True,True,,False,False,False,,,,"['LEAGUE_SPECIFIC_VORP', 'M9_PRODUCTION_MODEL', 'CURRENT_PLAYER_MATCH']",V9.7.2,67.8650072070598,16.360730640764316,validated_component_shadow,0.0563060869237183,0.0299607358219246,0.1012617410815205,4.0,4.0,M9.1c,36.989061507866765,-0.7109384921332307,51.50427656629549,-0.5197783271448664,0.4166666666666667,0.1666666666666666,0.8886731151665365,3.3499999999999943,DEPTH,RESEARCH_ONLY_EXACT_REPLAY,True,False,STABLE_TEAM,BLOCKED_MISSING_HISTORICAL_SLEEPER_BASELINE,True
fie-final-league-board-v1,1399318410818519040,2026,00-0040953,00-0040953,13392,Jeff Caldwell,KC,WR,SEASON,M9,BLOCKED_STATISTICS,MARKET_FALLBACK,MARKET_BASE,MARKET_BASE,,,,,,,,,,153.7064827442174,,679.4,adp_ppr,,455.0,,,UNAVAILABLE,False,10.0,True,True,,False,False,False,0.0,0.0,0.0,"['M9_PRODUCTION_MODEL', 'CURRENT_PLAYER_MATCH']",,,,prior_season_profile_unavailable,0.0563060869237183,0.0299607358219246,0.1012617410815205,4.0,4.0,M9.1c,,,,,,,,,UNRANKED,BASELINE_ONLY,False,False,NO_PROFILE,BLOCKED_MISSING_HISTORICAL_SLEEPER_BASELINE,False
fie-final-league-board-v1,1399318410818519040,2026,13124,,13124,Jeremiah Webb,NE,WR,SEASON,M9,BLOCKED_STATISTICS,MARKET_FALLBACK,MARKET_BASE,MARKET_BASE,,,,,,,,,,153.7064827442174,,467.0,adp_ppr,,291.0,,,UNAVAILABLE,False,10.0,True,True,,False,False,False,0.0,0.0,0.0,"['M9_PRODUCTION_MODEL', 'CURRENT_PLAYER_MATCH']",,,,prior_season_profile_unavailable,0.0563060869237183,0.0299607358219246,0.1012617410815205,4.0,4.0,M9.1c,,,,,,,,,UNRANKED,BASELINE_ONLY,False,False,NO_PROFILE,BLOCKED_MISSING_HISTORICAL_SLEEPER_BASELINE,False
fie-final-league-board-v1,1399318410818519040,2026,00-0039710,00-0039710,11911,Jeshaun Jones,MIN,WR,SEASON,M9,BLOCKED_STATISTICS,FIE_M9_VALIDATED_PRESEASON,PRODUCTION,PRODUCTION,22.0545325852459,1.2973254461909354,1.554163918973149,9.917729349286624,20.60882253607688,32.64189911601236,44.63117591030366,,448.0,153.7064827442174,-131.6519501589715,385.6,adp_ppr,,271.0,,-177.0,IRRELEVANT,False,90.0,True,True,,False,False,False,-132.8,-132.8,-132.8,"['LEAGUE_SPECIFIC_VORP', 'M9_PRODUCTION_MODEL', 'CURRENT_PLAYER_MATCH']",,,,prior_season_games_below_gate,0.0563060869237183,0.0299607358219246,0.1012617410815205,4.0,4.0,M9.1c,,,,,,,,,UNRANKED,BASELINE_ONLY,False,False,NO_PROFILE,BLOCKED_MISSING_HISTORICAL_SLEEPER_BASELINE,False
fie-final-league-board-v1,1399318410818519040,2026,00-0039392,00-0039392,11808,Jha'Quan Jackson,TB,WR,SEASON,M9,BLOCKED_STATISTICS,MARKET_FALLBACK,MARKET_BASE,MARKET_BASE,,,,,,,,,,153.7064827442174,,599.4,adp_ppr,,340.0,,,UNAVAILABLE,False,10.0,True,True,,False,False,False,-89.0,-89.0,-89.0,"['M9_PRODUCTION_MODEL', 'CURRENT_PLAYER_MATCH']",,,,prior_season_profile_unavailable,0.0563060869237183,0.0299607358219246,0.1012617410815205,4.0,4.0,M9.1c,,,,,,,,,UNRANKED,BASELINE_ONLY,False,False,NO_PROFILE,BLOCKED_MISSING_HISTORICAL_SLEEPER_BASELINE,False
fie-final-league-board-v1,1399318410818519040,2026,13173,,13173,Jimmy Holiday,KC,WR,SEASON,M9,BLOCKED_STATISTICS,MARKET_FALLBACK,MARKET_BASE,MARKET_BASE,,,,,,,,,,153.7064827442174,,563.0,adp_ppr,,325.0,,,UNAVAILABLE,False,10.0,True,True,,False,False,False,0.0,0.0,0.0,"['M9_PRODUCTION_MODEL', 'CURRENT_PLAYER_MATCH']",,,,prior_season_profile_unavailable,0.0563060869237183,0.0299607358219246,0.1012617410815205,4.0,4.0,M9.1c,,,,,,,,,UNRANKED,BASELINE_ONLY,False,False,NO_PROFILE,BLOCKED_MISSING_HISTORICAL_SLEEPER_BASELINE,False
fie-final-league-board-v1,1399318410818519040,2026,00-0040218,00-0040218,12523,Jimmy Horn,CAR,WR,SEASON,M9,BLOCKED_STATISTICS,FIE_M9_VALIDATED_PRESEASON,PRODUCTION,PRODUCTION,54.910065528421136,3.230003854613008,31.090179900219866,41.37444713209022,53.928538043691695,67.03457392327317,80.39445310656475,,327.0,153.7064827442174,-98.79641721579624,,adp_ppr,,,,,IRRELEVANT,False,92.0,True,True,,False,False,False,,,,"['LEAGUE_SPECIFIC_VORP', 'M9_PRODUCTION_MODEL', 'CURRENT_PLAYER_MATCH']",V9.7.2,55.22675342846417,0.3166879000430356,validated_component_shadow,0.0563060869237183,0.0299607358219246,0.1012617410815205,4.0,4.0,M9.1c,30.2,0.0,54.910065528421136,-0.2057291762209926,0.5,0.0,0.90933725234864,2.1000000000000014,DEPTH,RESEARCH_ONLY_EXACT_REPLAY,True,False,STABLE_TEAM,BLOCKED_MISSING_HISTORICAL_SLEEPER_BASELINE,False
fie-final-league-board-v1,1399318410818519040,2026,13967,,13967,Jimmy Kibble,NE,WR,SEASON,M9,BLOCKED_STATISTICS,MARKET_FALLBACK,MARKET_BASE,MARKET_BASE,,,,,,,,,,153.7064827442174,,,adp_ppr,,,,,UNAVAILABLE,False,10.0,True,True,,False,False,False,,,,"['M9_PRODUCTION_MODEL', 'CURRENT_PLAYER_MATCH']",,,,prior_season_profile_unavailable,0.0563060869237183,0.0299607358219246,0.1012617410815205,4.0,4.0,M9.1c,,,,,,,,,UNRANKED,BASELINE_ONLY,False,False,NO_PROFILE,BLOCKED_MISSING_HISTORICAL_SLEEPER_BASELINE,False
fie-final-league-board-v1,1399318410818519040,2026,00-0037614,00-0037614,8147,John Metchie,CAR,WR,SEASON,M9,BLOCKED_STATISTICS,FIE_M9_DIAGNOSTIC_MARKET_ANCHORED,DIAGNOSTIC_MARKET_ANCHORED,DIAGNOSTIC_MARKET_ANCHORED,48.8,2.8705882352941177,25.5613197450454,35.173886594815194,47.62680988905565,60.826023564516575,73.52484458413177,,338.0,153.7064827442174,-104.9064827442174,,adp_ppr,,,,,IRRELEVANT,False,55.0,True,True,,False,False,False,,,,"['LEAGUE_SPECIFIC_VORP', 'M9_PRODUCTION_MODEL', 'CURRENT_PLAYER_MATCH']",,,,team_change_guardrail,0.0563060869237183,0.0299607358219246,0.1012617410815205,4.0,4.0,M9.1c,49.13412889595764,0.3341288959576403,90.9681292771054,0.1525099558682209,0.625,0.25,0.668257791915269,11.599999999999998,DEPTH,RESEARCH_ONLY_TRANSITION_EXACT_REPLAY,True,True,NEW_TEAM_CONTEXT_REBUILT_V3,BLOCKED_MISSING_HISTORICAL_SLEEPER_BASELINE,True
fie-final-league-board-v1,1399318410818519040,2026,00-0039236,00-0039236,11636,Johnny Wilson,PHI,WR,SEASON,M9,BLOCKED_STATISTICS,MARKET_FALLBACK,MARKET_BASE,MARKET_BASE,,,,,,,,,,153.7064827442174,,,adp_ppr,,,,,UNAVAILABLE,False,10.0,True,True,,False,False,False,,,,"['M9_PRODUCTION_MODEL', 'CURRENT_PLAYER_MATCH']",,,,prior_season_profile_unavailable,0.0563060869237183,0.0299607358219246,0.1012617410815205,4.0,4.0,M9.1c,,,,,,,,,UNRANKED,BASELINE_ONLY,False,False,NO_PROFILE,BLOCKED_MISSING_HISTORICAL_SLEEPER_BASELINE,False
fie-final-league-board-v1,1399318410818519040,2026,00-0039062,00-0039062,10225,Jonathan Mingo,DAL,WR,SEASON,M9,BLOCKED_STATISTICS,FIE_M9_VALIDATED_PRESEASON,PRODUCTION,PRODUCTION,31.807674369240143,1.871039668778832,10.219778736783915,19.46079952215365,30.544794093912486,42.77430734384545,54.75648658902223,,402.0,153.7064827442174,-121.89880837497724,699.9,adp_ppr,,502.0,,100.0,IRRELEVANT,False,91.0,True,True,,False,False,False,0.0,0.0,0.0,"['LEAGUE_SPECIFIC_VORP', 'M9_PRODUCTION_MODEL', 'CURRENT_PLAYER_MATCH']",V9.7.2,28.30378851220341,-3.503885857036732,validated_component_shadow,0.0563060869237183,0.0299607358219246,0.1012617410815205,4.0,4.0,M9.1c,,,,,,,,,UNRANKED,BASELINE_ONLY,False,False,NO_PROFILE,BLOCKED_MISSING_HISTORICAL_SLEEPER_BASELINE,False
fie-final-league-board-v1,1399318410818519040,2026,00-0040934,00-0040934,13325,Jordan Hudson,DAL,WR,SEASON,M9,BLOCKED_STATISTICS,MARKET_FALLBACK,MARKET_BASE,MARKET_BASE,,,,,,,,,,153.7064827442174,,695.8,adp_ppr,,493.0,,,UNAVAILABLE,False,10.0,True,True,,False,False,False,0.0,0.0,0.0,"['M9_PRODUCTION_MODEL', 'CURRENT_PLAYER_MATCH']",,,,prior_season_profile_unavailable,0.0563060869237183,0.0299607358219246,0.1012617410815205,4.0,4.0,M9.1c,,,,,,,,,UNRANKED,BASELINE_ONLY,False,False,NO_PROFILE,BLOCKED_MISSING_HISTORICAL_SLEEPER_BASELINE,False
fie-final-league-board-v1,1399318410818519040,2026,00-0040375,00-0040375,12761,Jordan Moore,CIN,WR,SEASON,M9,BLOCKED_STATISTICS,MARKET_FALLBACK,MARKET_BASE,MARKET_BASE,,,,,,,,,,153.7064827442174,,634.3,adp_ppr,,370.0,,,UNAVAILABLE,False,10.0,True,True,,False,False,False,0.0,0.0,0.0,"['M9_PRODUCTION_MODEL', 'CURRENT_PLAYER_MATCH']",,,,prior_season_profile_unavailable,0.0563060869237183,0.0299607358219246,0.1012617410815205,4.0,4.0,M9.1c,,,,,,,,,UNRANKED,BASELINE_ONLY,False,False,NO_PROFILE,BLOCKED_MISSING_HISTORICAL_SLEEPER_BASELINE,False
fie-final-league-board-v1,1399318410818519040,2026,00-0040172,00-0040172,12634,Jordan Watkins,SF,WR,SEASON,M9,BLOCKED_STATISTICS,FIE_M9_VALIDATED_PRESEASON,PRODUCTION,PRODUCTION,52.96792203999619,3.115760119999776,29.77981465747853,40.01380440116432,51.963400804964486,64.8842012776417,77.79491135208451,,330.0,153.7064827442174,-100.7385607042212,,adp_ppr,,,,,IRRELEVANT,False,90.0,True,True,,False,False,False,,,,"['LEAGUE_SPECIFIC_VORP', 'M9_PRODUCTION_MODEL', 'CURRENT_PLAYER_MATCH']",,,,prior_season_games_below_gate,0.0563060869237183,0.0299607358219246,0.1012617410815205,4.0,4.0,M9.1c,3.1686892576757995,0.7686892576757995,52.96792203999619,0.6608607740390994,0.6666666666666666,0.3333333333333332,0.96086157209475,1.1,DEPTH,RESEARCH_ONLY_EXACT_REPLAY,True,False,STABLE_TEAM,BLOCKED_MISSING_HISTORICAL_SLEEPER_BASELINE,True
fie-final-league-board-v1,1399318410818519040,2026,00-0039751,00-0039751,11623,Jordan Whittington,LAR,WR,SEASON,M9,BLOCKED_STATISTICS,FIE_M9_DIAGNOSTIC_MARKET_ANCHORED,DIAGNOSTIC_MARKET_ANCHORED,DIAGNOSTIC_MARKET_ANCHORED,23.300000000000004,1.370588235294118,2.3277362389398,11.360347997304238,22.096127355903064,33.65358225167728,45.59528246412916,,440.0,153.7064827442174,-130.4064827442174,,adp_ppr,,,,,IRRELEVANT,False,55.0,True,True,,False,False,False,,,,"['LEAGUE_SPECIFIC_VORP', 'M9_PRODUCTION_MODEL', 'CURRENT_PLAYER_MATCH']",,,,team_change_guardrail,0.0563060869237183,0.0299607358219246,0.1012617410815205,4.0,4.0,M9.1c,19.378037642405463,-3.921962357594541,46.799030725324926,-1.4115954209791108,0.25,0.5,0.8619697489218767,6.249999999999998,DEPTH,RESEARCH_ONLY_EXACT_REPLAY,True,False,STABLE_TEAM,BLOCKED_MISSING_HISTORICAL_SLEEPER_BASELINE,True
fie-final-league-board-v1,1399318410818519040,2026,13743,,13743,Joseph Manjack,DEN,WR,SEASON,M9,BLOCKED_STATISTICS,MARKET_FALLBACK,MARKET_BASE,MARKET_BASE,,,,,,,,,,153.7064827442174,,650.0,adp_ppr,,402.0,,,UNAVAILABLE,False,10.0,True,True,,False,False,False,0.0,0.0,0.0,"['M9_PRODUCTION_MODEL', 'CURRENT_PLAYER_MATCH']",,,,prior_season_profile_unavailable,0.0563060869237183,0.0299607358219246,0.1012617410815205,4.0,4.0,M9.1c,,,,,,,,,UNRANKED,BASELINE_ONLY,False,False,NO_PROFILE,BLOCKED_MISSING_HISTORICAL_SLEEPER_BASELINE,False
fie-final-league-board-v1,1399318410818519040,2026,00-0041100,00-0041100,13394,Josh Cameron,JAX,WR,SEASON,M9,BLOCKED_STATISTICS,FIE_M9_DIAGNOSTIC_MARKET_ANCHORED,DIAGNOSTIC_MARKET_ANCHORED,DIAGNOSTIC_MARKET_ANCHORED,59.60000000000001,3.505882352941177,35.77211156006598,46.11152505980046,58.67951140434896,71.91152708527882,84.70886265543652,,318.0,153.7064827442174,-94.1064827442174,,adp_ppr,,,,,IRRELEVANT,False,62.0,True,True,,False,False,False,,,,"['LEAGUE_SPECIFIC_VORP', 'M9_PRODUCTION_MODEL', 'CURRENT_PLAYER_MATCH']",,,,prior_season_profile_unavailable,0.0563060869237183,0.0299607358219246,0.1012617410815205,4.0,4.0,M9.1c,59.60000000000001,0.0,,,,,,,DEPTH,BASELINE_ONLY,False,False,NO_PROFILE,BLOCKED_MISSING_HISTORICAL_SLEEPER_BASELINE,False
fie-final-league-board-v1,1399318410818519040,2026,00-0036988,00-0036988,7670,Joshua Palmer,BUF,WR,SEASON,M9,BLOCKED_STATISTICS,FIE_M9_VALIDATED_PRESEASON,PRODUCTION,PRODUCTION,74.78418654184739,4.3990697965792585,49.66990609801139,60.49082164867998,73.61567726032712,87.5957142838867,101.27276377677352,,261.0,153.7064827442174,-78.92229620237,,adp_ppr,,,,,IRRELEVANT,False,93.0,True,True,,False,False,False,,,,"['LEAGUE_SPECIFIC_VORP', 'M9_PRODUCTION_MODEL', 'CURRENT_PLAYER_MATCH']",V9.7.2,78.73610705864044,3.951920516793052,validated_component_shadow,0.0563060869237183,0.0299607358219246,0.1012617410815205,4.0,4.0,M9.1c,34.900000000000006,2.3000000000000043,74.78418654184739,1.0522682983208476,0.9166666666666666,0.8333333333333333,0.913503960596708,2.3000000000000025,DEPTH,RESEARCH_ONLY_EXACT_REPLAY,True,False,STABLE_TEAM,BLOCKED_MISSING_HISTORICAL_SLEEPER_BASELINE,True
fie-final-league-board-v1,1399318410818519040,2026,00-0040247,00-0040247,12743,Junior Bergen,NYJ,WR,SEASON,M9,BLOCKED_STATISTICS,MARKET_FALLBACK,MARKET_BASE,MARKET_BASE,,,,,,,,,,153.7064827442174,,673.4,adp_ppr,,443.0,,,UNAVAILABLE,False,10.0,True,True,,False,False,False,0.0,0.0,0.0,"['M9_PRODUCTION_MODEL', 'CURRENT_PLAYER_MATCH']",,,,prior_season_profile_unavailable,0.0563060869237183,0.0299607358219246,0.1012617410815205,4.0,4.0,M9.1c,,,,,,,,,UNRANKED,BASELINE_ONLY,False,False,NO_PROFILE,BLOCKED_MISSING_HISTORICAL_SLEEPER_BASELINE,False
fie-final-league-board-v1,1399318410818519040,2026,00-0036382,00-0036382,6866,KJ Hill,LAC,WR,SEASON,M9,BLOCKED_STATISTICS,MARKET_FALLBACK,MARKET_BASE,MARKET_BASE,,,,,,,,,,153.7064827442174,,579.3,adp_ppr,,334.0,,,UNAVAILABLE,False,10.0,True,True,,False,False,False,-84.0,-84.0,-84.0,"['M9_PRODUCTION_MODEL', 'CURRENT_PLAYER_MATCH']",,,,prior_season_profile_unavailable,0.0563060869237183,0.0299607358219246,0.1012617410815205,4.0,4.0,M9.1c,,,,,,,,,UNRANKED,BASELINE_ONLY,False,False,NO_PROFILE,BLOCKED_MISSING_HISTORICAL_SLEEPER_BASELINE,False
fie-final-league-board-v1,1399318410818519040,2026,00-0037801,00-0037801,8917,KaVontae Turpin,DAL,WR,SEASON,M9,BLOCKED_STATISTICS,FIE_M9_VALIDATED_PRESEASON,PRODUCTION,PRODUCTION,86.91245615662463,5.11249742097792,61.35390425489189,72.34776481616778,86.04494336275208,99.8207555951665,114.15901518945952,,235.0,153.7064827442174,-66.79402658759277,,adp_ppr,,,,,IRRELEVANT,False,93.0,True,True,,False,False,False,,,,"['LEAGUE_SPECIFIC_VORP', 'M9_PRODUCTION_MODEL', 'CURRENT_PLAYER_MATCH']",V9.7.2,97.24375120710064,10.331295050476015,validated_component_shadow,0.0563060869237183,0.0299607358219246,0.1012617410815205,4.0,4.0,M9.1c,71.5,0.0,86.91245615662463,-0.0363572035479717,0.5,0.0,0.5748276482841457,16.35,DEPTH,RESEARCH_ONLY_EXACT_REPLAY,True,False,STABLE_TEAM,BLOCKED_MISSING_HISTORICAL_SLEEPER_BASELINE,False
fie-final-league-board-v1,1399318410818519040,2026,00-0037380,00-0037380,8755,Kaden Davis,CHI,WR,SEASON,M9,BLOCKED_STATISTICS,MARKET_FALLBACK,MARKET_BASE,MARKET_BASE,,,,,,,,,,153.7064827442174,,,adp_ppr,,,,,UNAVAILABLE,False,10.0,True,True,,False,False,False,,,,"['M9_PRODUCTION_MODEL', 'CURRENT_PLAYER_MATCH']",,,,prior_season_games_below_gate,0.0563060869237183,0.0299607358219246,0.1012617410815205,4.0,4.0,M9.1c,,,,,,,,,UNRANKED,BASELINE_ONLY,False,False,NO_PROFILE,BLOCKED_MISSING_HISTORICAL_SLEEPER_BASELINE,False
fie-final-league-board-v1,1399318410818519040,2026,00-0040239,00-0040239,12721,Kaden Prather,GB,WR,SEASON,M9,BLOCKED_STATISTICS,MARKET_FALLBACK,MARKET_BASE,MARKET_BASE,,,,,,,,,,153.7064827442174,,,adp_ppr,,,,,UNAVAILABLE,False,10.0,True,True,,False,False,False,,,,"['M9_PRODUCTION_MODEL', 'CURRENT_PLAYER_MATCH']",,,,prior_season_profile_unavailable,0.0563060869237183,0.0299607358219246,0.1012617410815205,4.0,4.0,M9.1c,,,,,,,,,UNRANKED,BASELINE_ONLY,False,False,NO_PROFILE,BLOCKED_MISSING_HISTORICAL_SLEEPER_BASELINE,False
fie-final-league-board-v1,1399318410818519040,2026,00-0041397,00-0041397,13491,Kaden Wetjen,PIT,WR,SEASON,M9,BLOCKED_STATISTICS,FIE_M9_DIAGNOSTIC_MARKET_ANCHORED,DIAGNOSTIC_MARKET_ANCHORED,DIAGNOSTIC_MARKET_ANCHORED,4.2,0.2470588235294116,-14.627262186479271,-6.893878638126019,2.801055890248108,13.907491944238764,24.7200135592558,,502.0,153.7064827442174,-149.5064827442174,,adp_ppr,,,,,IRRELEVANT,False,62.0,True,True,,False,False,False,,,,"['LEAGUE_SPECIFIC_VORP', 'M9_PRODUCTION_MODEL', 'CURRENT_PLAYER_MATCH']",,,,prior_season_profile_unavailable,0.0563060869237183,0.0299607358219246,0.1012617410815205,4.0,4.0,M9.1c,4.2,0.0,,,,,,,DEPTH,BASELINE_ONLY,False,False,NO_PROFILE,BLOCKED_MISSING_HISTORICAL_SLEEPER_BASELINE,False
fie-final-league-board-v1,1399318410818519040,2026,00-0032464,00-0032464,3634,Kalif Raymond,CHI,WR,SEASON,M9,BLOCKED_STATISTICS,FIE_M9_DIAGNOSTIC_MARKET_ANCHORED,DIAGNOSTIC_MARKET_ANCHORED,DIAGNOSTIC_MARKET_ANCHORED,27.700000000000003,1.6294117647058826,6.652532429776684,15.108678213693445,26.219522774874896,38.76193039049576,50.875978499355135,,419.0,153.7064827442174,-126.0064827442174,,adp_ppr,,,,,IRRELEVANT,False,55.0,True,True,,False,False,False,,,,"['LEAGUE_SPECIFIC_VORP', 'M9_PRODUCTION_MODEL', 'CURRENT_PLAYER_MATCH']",,,,team_change_guardrail,0.0563060869237183,0.0299607358219246,0.1012617410815205,4.0,4.0,M9.1c,28.2483331353878,0.5483331353877929,64.1132607725897,0.2730495013422547,0.625,0.25,0.843589439058151,3.549999999999997,DEPTH,RESEARCH_ONLY_TRANSITION_EXACT_REPLAY,True,True,NEW_TEAM_CONTEXT_REBUILT_V3,BLOCKED_MISSING_HISTORICAL_SLEEPER_BASELINE,True
fie-final-league-board-v1,1399318410818519040,2026,00-0039589,00-0039589,11994,Kameron Johnson,TB,WR,SEASON,M9,BLOCKED_STATISTICS,FIE_M9_VALIDATED_PRESEASON,PRODUCTION,PRODUCTION,28.94987589768977,1.7029338763346926,8.116587647659468,16.86306588199663,27.52029331109388,39.38965197506619,51.87219845686751,,413.0,153.7064827442174,-124.75660684652765,,adp_ppr,,,,,IRRELEVANT,False,94.0,True,True,,False,False,False,,,,"['LEAGUE_SPECIFIC_VORP', 'M9_PRODUCTION_MODEL', 'CURRENT_PLAYER_MATCH']",V9.7.2,39.44817120582466,10.498295308134892,validated_component_shadow,0.0563060869237183,0.0299607358219246,0.1012617410815205,4.0,4.0,M9.1c,4.60335443680853,-0.1966455631914696,28.949875897689772,-0.5251683405205905,0.4166666666666667,0.1666666666666666,0.9832278159573506,1.0,DEPTH,RESEARCH_ONLY_EXACT_REPLAY,True,False,STABLE_TEAM,BLOCKED_MISSING_HISTORICAL_SLEEPER_BASELINE,True
fie-final-league-board-v1,1399318410818519040,2026,00-0040534,00-0040534,12971,Ke'Shawn Williams,CIN,WR,SEASON,M9,BLOCKED_STATISTICS,FIE_M9_VALIDATED_PRESEASON,PRODUCTION,PRODUCTION,16.595714889868127,0.9762185229334192,-3.5016683830122304,4.980038136458575,15.324393946940424,26.72499430873473,38.07713270681756,,458.0,153.7064827442174,-137.11076785434926,636.0,adp_ppr,,374.0,,-84.0,IRRELEVANT,False,92.0,True,True,,False,False,False,0.0,0.0,0.0,"['LEAGUE_SPECIFIC_VORP', 'M9_PRODUCTION_MODEL', 'CURRENT_PLAYER_MATCH']",V9.7.2,13.709081487701406,-2.886633402166721,validated_component_shadow,0.0563060869237183,0.0299607358219246,0.1012617410815205,4.0,4.0,M9.1c,,,,,,,,,UNRANKED,BASELINE_ONLY,False,False,NO_PROFILE,BLOCKED_MISSING_HISTORICAL_SLEEPER_BASELINE,False
fie-final-league-board-v1,1399318410818519040,2026,00-0040184,00-0040184,12670,KeAndre Lambert-Smith,LAC,WR,SEASON,M9,BLOCKED_STATISTICS,FIE_M9_VALIDATED_PRESEASON,PRODUCTION,PRODUCTION,31.121404110634373,1.830670830037316,9.634565136295263,18.83317882556674,29.9646435549473,42.13088794376665,54.14198403887271,,404.0,153.7064827442174,-122.58507863358302,,adp_ppr,,,,,IRRELEVANT,False,92.0,True,True,,False,False,False,,,,"['LEAGUE_SPECIFIC_VORP', 'M9_PRODUCTION_MODEL', 'CURRENT_PLAYER_MATCH']",V9.7.2,36.7425292022192,5.621125091584823,validated_component_shadow,0.0563060869237183,0.0299607358219246,0.1012617410815205,4.0,4.0,M9.1c,32.75,-2.75,31.121404110634373,-1.4805910915209075,0.0833333333333333,0.8333333333333334,0.9097246881999904,2.75,DEPTH,RESEARCH_ONLY_EXACT_REPLAY,True,False,STABLE_TEAM,BLOCKED_MISSING_HISTORICAL_SLEEPER_BASELINE,True
fie-final-league-board-v1,1399318410818519040,2026,00-0037422,00-0037422,8783,Kendric Pryor,CIN,WR,SEASON,M9,BLOCKED_STATISTICS,MARKET_FALLBACK,MARKET_BASE,MARKET_BASE,,,,,,,,,,153.7064827442174,,,adp_ppr,,,,,UNAVAILABLE,False,10.0,True,True,,False,False,False,,,,"['M9_PRODUCTION_MODEL', 'CURRENT_PLAYER_MATCH']",,,,prior_season_profile_unavailable,0.0563060869237183,0.0299607358219246,0.1012617410815205,4.0,4.0,M9.1c,,,,,,,,,UNRANKED,BASELINE_ONLY,False,False,NO_PROFILE,BLOCKED_MISSING_HISTORICAL_SLEEPER_BASELINE,False
fie-final-league-board-v1,1399318410818519040,2026,00-0033307,00-0033307,4454,Kendrick Bourne,ARI,WR,SEASON,M9,BLOCKED_STATISTICS,FIE_M9_DIAGNOSTIC_MARKET_ANCHORED,DIAGNOSTIC_MARKET_ANCHORED,DIAGNOSTIC_MARKET_ANCHORED,77.4,4.552941176470589,51.7984229829063,63.01016819396658,76.50188753865162,90.81058727022548,104.23026587875589,,250.0,153.7064827442174,-76.30648274421739,,adp_ppr,,,,,IRRELEVANT,False,55.0,True,True,,False,False,False,,,,"['LEAGUE_SPECIFIC_VORP', 'M9_PRODUCTION_MODEL', 'CURRENT_PLAYER_MATCH']",,,,team_change_guardrail,0.0563060869237183,0.0299607358219246,0.1012617410815205,4.0,4.0,M9.1c,77.4,0.0,105.19662548468855,-0.141201253762393,0.5,0.0,0.7103744000317594,9.0,COMMITTEE_FRINGE,RESEARCH_ONLY_TRANSITION_EXACT_REPLAY,True,True,NEW_TEAM_CONTEXT_REBUILT_V3,BLOCKED_MISSING_HISTORICAL_SLEEPER_BASELINE,False
fie-final-league-board-v1,1399318410818519040,2026,00-0041446,00-0041446,13412,Kendrick Law,DET,WR,SEASON,M9,BLOCKED_STATISTICS,MARKET_FALLBACK,MARKET_BASE,MARKET_BASE,,,,,,,,,,153.7064827442174,,,adp_ppr,,,,,UNAVAILABLE,False,10.0,True,True,,False,False,False,,,,"['M9_PRODUCTION_MODEL', 'CURRENT_PLAYER_MATCH']",,,,prior_season_profile_unavailable,0.0563060869237183,0.0299607358219246,0.1012617410815205,4.0,4.0,M9.1c,,,,,,,,,UNRANKED,BASELINE_ONLY,False,False,NO_PROFILE,BLOCKED_MISSING_HISTORICAL_SLEEPER_BASELINE,False
fie-final-league-board-v1,1399318410818519040,2026,00-0039901,00-0039901,11637,Keon Coleman,BUF,WR,SEASON,M9,BLOCKED_STATISTICS,FIE_M9_VALIDATED_PRESEASON,PRODUCTION,PRODUCTION,127.54625238936096,7.502720728785939,98.54557346193614,111.96551858303744,126.774628409607,142.58249959268167,157.39323026467358,,175.0,153.7064827442174,-26.16023035485644,234.8,adp_ppr,,216.0,,41.0,IRRELEVANT,False,93.0,True,True,,False,False,False,0.0,0.0,0.0,"['LEAGUE_SPECIFIC_VORP', 'M9_PRODUCTION_MODEL', 'CURRENT_PLAYER_MATCH']",V9.7.2,126.38911143584292,-1.1571409535180237,validated_component_shadow,0.0563060869237183,0.0299607358219246,0.1012617410815205,4.0,4.0,M9.1c,90.6061001880806,4.806100188080606,127.54625238936096,0.7187288844476435,1.0,1.0,0.7878852767345237,5.399999999999992,COMMITTEE_FRINGE,RESEARCH_ONLY_EXACT_REPLAY,True,False,STABLE_TEAM,BLOCKED_MISSING_HISTORICAL_SLEEPER_BASELINE,True
fie-final-league-board-v1,1399318410818519040,2026,00-0037231,00-0037231,8200,Kevin Austin,NO,WR,SEASON,M9,BLOCKED_STATISTICS,FIE_M9_VALIDATED_PRESEASON,PRODUCTION,PRODUCTION,104.63243823547477,6.154849307969103,77.7152901886783,89.89052053706025,103.63712442436564,118.49158026691524,132.44697998519223,,208.0,153.7064827442174,-49.07404450874263,,adp_ppr,,,,,IRRELEVANT,False,91.0,True,True,,False,False,False,,,,"['LEAGUE_SPECIFIC_VORP', 'M9_PRODUCTION_MODEL', 'CURRENT_PLAYER_MATCH']",V9.7.2,90.6968312074817,-13.935607027993072,validated_component_shadow,0.0563060869237183,0.0299607358219246,0.1012617410815205,4.0,4.0,M9.1c,7.138666174715276,0.6386661747152758,104.63243823547477,4.662481901945484,1.0,1.0,0.9825633457158092,1.0,DEPTH,RESEARCH_ONLY_EXACT_REPLAY,True,False,STABLE_TEAM,BLOCKED_MISSING_HISTORICAL_SLEEPER_BASELINE,True
fie-final-league-board-v1,1399318410818519040,2026,00-0041529,00-0041529,13338,Kevin Coleman,MIA,WR,SEASON,M9,BLOCKED_STATISTICS,FIE_M9_DIAGNOSTIC_MARKET_ANCHORED,DIAGNOSTIC_MARKET_ANCHORED,DIAGNOSTIC_MARKET_ANCHORED,32.4,1.9058823529411764,10.88562328333527,19.86814380673168,31.10790164748626,43.612084299296896,55.3582550692298,,400.0,153.7064827442174,-121.3064827442174,,adp_ppr,,,,,IRRELEVANT,False,62.0,True,True,,False,False,False,,,,"['LEAGUE_SPECIFIC_VORP', 'M9_PRODUCTION_MODEL', 'CURRENT_PLAYER_MATCH']",,,,prior_season_profile_unavailable,0.0563060869237183,0.0299607358219246,0.1012617410815205,4.0,4.0,M9.1c,32.4,0.0,,,,,,,DEPTH,BASELINE_ONLY,False,False,NO_PROFILE,BLOCKED_MISSING_HISTORICAL_SLEEPER_BASELINE,False
fie-final-league-board-v1,1399318410818519040,2026,00-0034854,00-0034854,5773,KhaDarel Hodge,SF,WR,SEASON,M9,BLOCKED_STATISTICS,MARKET_FALLBACK,MARKET_BASE,MARKET_BASE,,,,,,,,,,153.7064827442174,,,adp_ppr,,,,,UNAVAILABLE,False,12.0,True,True,,False,False,False,,,,"['M9_PRODUCTION_MODEL', 'CURRENT_PLAYER_MATCH']",,,,team_change_guardrail,0.0563060869237183,0.0299607358219246,0.1012617410815205,4.0,4.0,M9.1c,,,,,,,,,UNRANKED,BASELINE_ONLY,False,False,NO_PROFILE,BLOCKED_MISSING_HISTORICAL_SLEEPER_BASELINE,False
fie-final-league-board-v1,1399318410818519040,2026,13166,,13166,Kisean Johnson,GB,WR,SEASON,M9,BLOCKED_STATISTICS,MARKET_FALLBACK,MARKET_BASE,MARKET_BASE,,,,,,,,,,153.7064827442174,,325.0,adp_ppr,,258.0,,,UNAVAILABLE,False,10.0,True,True,,False,False,False,-25.0,-25.0,-25.0,"['M9_PRODUCTION_MODEL', 'CURRENT_PLAYER_MATCH']",,,,prior_season_profile_unavailable,0.0563060869237183,0.0299607358219246,0.1012617410815205,4.0,4.0,M9.1c,,,,,,,,,UNRANKED,BASELINE_ONLY,False,False,NO_PROFILE,BLOCKED_MISSING_HISTORICAL_SLEEPER_BASELINE,False
fie-final-league-board-v1,1399318410818519040,2026,13981,,13981,Kolbe Katsis,DEN,WR,SEASON,M9,BLOCKED_STATISTICS,MARKET_FALLBACK,MARKET_BASE,MARKET_BASE,,,,,,,,,,153.7064827442174,,663.7,adp_ppr,,418.0,,,UNAVAILABLE,False,10.0,True,True,,False,False,False,0.0,0.0,0.0,"['M9_PRODUCTION_MODEL', 'CURRENT_PLAYER_MATCH']",,,,prior_season_profile_unavailable,0.0563060869237183,0.0299607358219246,0.1012617410815205,4.0,4.0,M9.1c,,,,,,,,,UNRANKED,BASELINE_ONLY,False,False,NO_PROFILE,BLOCKED_MISSING_HISTORICAL_SLEEPER_BASELINE,False
fie-final-league-board-v1,1399318410818519040,2026,00-0040590,00-0040590,12718,Konata Mumpfield,LAR,WR,SEASON,M9,BLOCKED_STATISTICS,FIE_M9_DIAGNOSTIC_MARKET_ANCHORED,DIAGNOSTIC_MARKET_ANCHORED,DIAGNOSTIC_MARKET_ANCHORED,41.7,2.4529411764705884,19.46629742429785,28.72196698408828,40.73671873787798,53.328552000498,65.46931457595468,,360.0,153.7064827442174,-112.0064827442174,,adp_ppr,,,,,IRRELEVANT,False,55.0,True,True,,False,False,False,,,,"['LEAGUE_SPECIFIC_VORP', 'M9_PRODUCTION_MODEL', 'CURRENT_PLAYER_MATCH']",,,,team_change_guardrail,0.0563060869237183,0.0299607358219246,0.1012617410815205,4.0,4.0,M9.1c,40.08152117887055,-1.6184788211294574,49.42585843921522,-0.6664227996063088,0.3333333333333333,0.3333333333333333,0.8518309584891869,6.550000000000001,DEPTH,RESEARCH_ONLY_EXACT_REPLAY,True,False,STABLE_TEAM,BLOCKED_MISSING_HISTORICAL_SLEEPER_BASELINE,True
fie-final-league-board-v1,1399318410818519040,2026,13830,,13830,Kyle Dixon,NE,WR,SEASON,M9,BLOCKED_STATISTICS,MARKET_FALLBACK,MARKET_BASE,MARKET_BASE,,,,,,,,,,153.7064827442174,,630.0,adp_ppr,,367.0,,,UNAVAILABLE,False,10.0,True,True,,False,False,False,0.0,0.0,0.0,"['M9_PRODUCTION_MODEL', 'CURRENT_PLAYER_MATCH']",,,,prior_season_profile_unavailable,0.0563060869237183,0.0299607358219246,0.1012617410815205,4.0,4.0,M9.1c,,,,,,,,,UNRANKED,BASELINE_ONLY,False,False,NO_PROFILE,BLOCKED_MISSING_HISTORICAL_SLEEPER_BASELINE,False
fie-final-league-board-v1,1399318410818519040,2026,00-0040131,00-0040131,12547,Kyle Williams,NE,WR,SEASON,M9,BLOCKED_STATISTICS,FIE_M9_VALIDATED_PRESEASON,PRODUCTION,PRODUCTION,58.07319230921937,3.4160701358364336,34.39552035855481,44.74193796957766,57.01139247438483,70.11150749591235,82.8973267407028,,319.0,153.7064827442174,-95.63329043499805,222.1,adp_ppr,,190.0,,-129.0,IRRELEVANT,False,93.0,True,True,,False,False,False,0.0,0.0,0.0,"['LEAGUE_SPECIFIC_VORP', 'M9_PRODUCTION_MODEL', 'CURRENT_PLAYER_MATCH']",V9.7.2,56.85707869148381,-1.2161136177355658,validated_component_shadow,0.0563060869237183,0.0299607358219246,0.1012617410815205,4.0,4.0,M9.1c,31.565746222320147,0.3657462223201477,58.07319230921937,0.2057291762210665,0.5833333333333334,0.1666666666666667,0.914365555800369,1.6999999999999993,DEPTH,RESEARCH_ONLY_EXACT_REPLAY,True,False,STABLE_TEAM,BLOCKED_MISSING_HISTORICAL_SLEEPER_BASELINE,True
fie-final-league-board-v1,1399318410818519040,2026,13208,,13208,Kyrese Rowan,DEN,WR,SEASON,M9,BLOCKED_STATISTICS,MARKET_FALLBACK,MARKET_BASE,MARKET_BASE,,,,,,,,,,153.7064827442174,,,adp_ppr,,,,,UNAVAILABLE,False,10.0,True,True,,False,False,False,,,,"['M9_PRODUCTION_MODEL', 'CURRENT_PLAYER_MATCH']",,,,prior_season_profile_unavailable,0.0563060869237183,0.0299607358219246,0.1012617410815205,4.0,4.0,M9.1c,,,,,,,,,UNRANKED,BASELINE_ONLY,False,False,NO_PROFILE,BLOCKED_MISSING_HISTORICAL_SLEEPER_BASELINE,False
fie-final-league-board-v1,1399318410818519040,2026,00-0040075,00-0040075,12699,LaJohntay Wester,BAL,WR,SEASON,M9,BLOCKED_STATISTICS,FIE_M9_VALIDATED_PRESEASON,PRODUCTION,PRODUCTION,13.109392053614537,0.7711407090361491,-6.744218712114513,1.4875464439483892,11.644630192032096,23.06980728175128,34.60349678613346,,467.0,153.7064827442174,-140.59709069060287,,adp_ppr,,,,,IRRELEVANT,False,93.0,True,True,,False,False,False,,,,"['LEAGUE_SPECIFIC_VORP', 'M9_PRODUCTION_MODEL', 'CURRENT_PLAYER_MATCH']",V9.7.2,23.29474723750852,10.185355183893984,validated_component_shadow,0.0563060869237183,0.0299607358219246,0.1012617410815205,4.0,4.0,M9.1c,0.0,-1.0,13.109392053614537,-0.8221796540577918,0.0833333333333333,0.8333333333333334,0.965555686142194,1.0,DEPTH,RESEARCH_ONLY_EXACT_REPLAY,True,False,STABLE_TEAM,BLOCKED_MISSING_HISTORICAL_SLEEPER_BASELINE,True
fie-final-league-board-v1,1399318410818519040,2026,00-0032951,00-0032951,3155,Laquon Treadwell,IND,WR,SEASON,M9,BLOCKED_STATISTICS,FIE_M9_VALIDATED_PRESEASON,PRODUCTION,PRODUCTION,12.67166139002306,0.7453918464719447,-6.697152485413056,1.0928573265923802,11.16843952510375,22.8469791422836,33.66022051312412,,470.0,153.7064827442174,-141.03482135419435,643.3,adp_ppr,,389.0,,-81.0,IRRELEVANT,False,91.0,True,True,,False,False,False,0.0,0.0,0.0,"['LEAGUE_SPECIFIC_VORP', 'M9_PRODUCTION_MODEL', 'CURRENT_PLAYER_MATCH']",V9.7.2,7.652908778520668,-5.018752611502391,validated_component_shadow,0.0563060869237183,0.0299607358219246,0.1012617410815205,4.0,4.0,M9.1c,,,,,,,,,UNRANKED,BASELINE_ONLY,False,False,NO_PROFILE,BLOCKED_MISSING_HISTORICAL_SLEEPER_BASELINE,False
fie-final-league-board-v1,1399318410818519040,2026,00-0035406,00-0035406,5938,Lil'Jordan Humphrey,DEN,WR,SEASON,M9,BLOCKED_STATISTICS,FIE_M9_VALIDATED_PRESEASON,PRODUCTION,PRODUCTION,79.45365889365418,4.673744640803187,53.99950377468296,65.15912027785504,78.43192408735288,92.33755948844824,106.49069837645936,,245.0,153.7064827442174,-74.25282385056322,,adp_ppr,,,,,IRRELEVANT,False,91.0,True,True,,False,False,False,,,,"['LEAGUE_SPECIFIC_VORP', 'M9_PRODUCTION_MODEL', 'CURRENT_PLAYER_MATCH']",V9.7.2,75.53730872691601,-3.9163501667381695,validated_component_shadow,0.0563060869237183,0.0299607358219246,0.1012617410815205,4.0,4.0,M9.1c,26.65316268632261,2.653162686322609,79.45365889365418,1.5921435927956065,1.0,1.0,0.8698894053516757,5.5500000000000025,DEPTH,RESEARCH_ONLY_EXACT_REPLAY,True,False,STABLE_TEAM,BLOCKED_MISSING_HISTORICAL_SLEEPER_BASELINE,True
fie-final-league-board-v1,1399318410818519040,2026,00-0039355,00-0039355,11650,Luke McCaffrey,WAS,WR,SEASON,M9,BLOCKED_STATISTICS,FIE_M9_VALIDATED_PRESEASON,PRODUCTION,PRODUCTION,77.47232856460742,4.557195797918084,52.28355142156251,63.38268259640365,76.50869608732667,90.78394467771297,104.04245069034768,,249.0,153.7064827442174,-76.23415417960997,,adp_ppr,,,,,IRRELEVANT,False,92.0,True,True,,False,False,False,,,,"['LEAGUE_SPECIFIC_VORP', 'M9_PRODUCTION_MODEL', 'CURRENT_PLAYER_MATCH']",V9.7.2,66.05487221819077,-11.417456346416657,validated_component_shadow,0.0563060869237183,0.0299607358219246,0.1012617410815205,4.0,4.0,M9.1c,10.676937598936515,1.3769375989365145,77.47232856460742,0.8611577605790719,0.8333333333333334,0.6666666666666667,0.9496121371975954,1.6999999999999995,DEPTH,RESEARCH_ONLY_EXACT_REPLAY,True,False,STABLE_TEAM,BLOCKED_MISSING_HISTORICAL_SLEEPER_BASELINE,True
fie-final-league-board-v1,1399318410818519040,2026,00-0033555,00-0033555,4177,Mack Hollins,NE,WR,SEASON,M9,BLOCKED_STATISTICS,FIE_M9_VALIDATED_PRESEASON,PRODUCTION,PRODUCTION,132.2147580045484,7.777338706149906,103.83041819503887,116.98287445790766,131.46517964620656,147.06784530322946,161.44738919891077,,167.0,153.7064827442174,-21.491724739669,,adp_ppr,,,,,IRRELEVANT,False,93.0,True,True,,False,False,False,,,,"['LEAGUE_SPECIFIC_VORP', 'M9_PRODUCTION_MODEL', 'CURRENT_PLAYER_MATCH']",V9.7.2,132.18192416288457,-0.0328338416638303,validated_component_shadow,0.0563060869237183,0.0299607358219246,0.1012617410815205,4.0,4.0,M9.1c,75.15,17.550000000000004,132.2147580045484,1.7335946259417163,1.0,1.0,0.6160891446071558,17.549999999999997,DEPTH,RESEARCH_ONLY_EXACT_REPLAY,True,False,STABLE_TEAM,BLOCKED_MISSING_HISTORICAL_SLEEPER_BASELINE,True
fie-final-league-board-v1,1399318410818519040,2026,00-0039920,00-0039920,11617,Malachi Corley,CLE,WR,SEASON,M9,BLOCKED_STATISTICS,FIE_M9_VALIDATED_PRESEASON,PRODUCTION,PRODUCTION,45.16348199320048,2.656675411364734,21.992487877824185,32.061234078884944,43.91807570809012,57.03846818811213,69.35594508386401,,347.0,153.7064827442174,-108.54300075101692,242.0,adp_ppr,,236.0,,-111.0,IRRELEVANT,False,93.0,True,True,,False,False,False,0.0,0.0,0.0,"['LEAGUE_SPECIFIC_VORP', 'M9_PRODUCTION_MODEL', 'CURRENT_PLAYER_MATCH']",V9.7.2,51.53102326035931,6.367541267158835,validated_component_shadow,0.0563060869237183,0.0299607358219246,0.1012617410815205,4.0,4.0,M9.1c,6.701812920994636,-0.0981870790053633,45.16348199320048,-0.1930570546310135,0.4166666666666667,0.1666666666666666,0.9818707900536304,1.0,DEPTH,RESEARCH_ONLY_EXACT_REPLAY,True,False,STABLE_TEAM,BLOCKED_MISSING_HISTORICAL_SLEEPER_BASELINE,True
fie-final-league-board-v1,1399318410818519040,2026,00-0041042,00-0041042,13285,Malachi Fields,NYG,WR,SEASON,M9,BLOCKED_STATISTICS,FIE_M9_DIAGNOSTIC_MARKET_ANCHORED,DIAGNOSTIC_MARKET_ANCHORED,DIAGNOSTIC_MARKET_ANCHORED,105.2,6.188235294117647,78.43585959920276,90.42466253923472,104.32594986997908,119.04163410967573,133.1595832853016,,206.0,153.7064827442174,-48.506482744217394,219.6,adp_ppr,,188.0,,-18.0,IRRELEVANT,False,62.0,True,True,,False,False,False,0.5999999999999943,0.5999999999999943,0.5999999999999943,"['LEAGUE_SPECIFIC_VORP', 'M9_PRODUCTION_MODEL', 'CURRENT_PLAYER_MATCH']",,,,prior_season_profile_unavailable,0.0563060869237183,0.0299607358219246,0.1012617410815205,4.0,4.0,M9.1c,105.2,0.0,,,,,,,COMMITTEE_FRINGE,BASELINE_ONLY,False,False,NO_PROFILE,BLOCKED_MISSING_HISTORICAL_SLEEPER_BASELINE,False
fie-final-league-board-v1,1399318410818519040,2026,00-0040894,00-0040894,13329,Malik Benson,LV,WR,SEASON,M9,BLOCKED_STATISTICS,FIE_M9_DIAGNOSTIC_MARKET_ANCHORED,DIAGNOSTIC_MARKET_ANCHORED,DIAGNOSTIC_MARKET_ANCHORED,60.6,3.5647058823529414,36.25686004257116,46.92185706174077,59.44204990526279,73.0835219293609,85.73230417714882,,314.0,153.7064827442174,-93.1064827442174,,adp_ppr,,,,,IRRELEVANT,False,62.0,True,True,,False,False,False,,,,"['LEAGUE_SPECIFIC_VORP', 'M9_PRODUCTION_MODEL', 'CURRENT_PLAYER_MATCH']",,,,prior_season_profile_unavailable,0.0563060869237183,0.0299607358219246,0.1012617410815205,4.0,4.0,M9.1c,60.6,0.0,,,,,,,COMMITTEE_FRINGE,BASELINE_ONLY,False,False,NO_PROFILE,BLOCKED_MISSING_HISTORICAL_SLEEPER_BASELINE,False
fie-final-league-board-v1,1399318410818519040,2026,00-0038911,00-0038911,10860,Malik Cunningham,DET,WR,SEASON,M9,BLOCKED_STATISTICS,FIE_M9_VALIDATED_PRESEASON,PRODUCTION,PRODUCTION,22.728923967396423,1.3369955274939074,1.9424255943851487,10.8023421398253,21.58547185722577,33.19201761364086,45.097536541125066,,443.0,153.7064827442174,-130.97755877682098,669.0,adp_ppr,,435.0,,-8.0,IRRELEVANT,False,90.0,True,True,,False,False,False,0.0,0.0,0.0,"['LEAGUE_SPECIFIC_VORP', 'M9_PRODUCTION_MODEL', 'CURRENT_PLAYER_MATCH']",,,,prior_season_games_below_gate,0.0563060869237183,0.0299607358219246,0.1012617410815205,4.0,4.0,M9.1c,,,,,,,,,UNRANKED,BASELINE_ONLY,False,False,NO_PROFILE,BLOCKED_MISSING_HISTORICAL_SLEEPER_BASELINE,False
fie-final-league-board-v1,1399318410818519040,2026,00-0038465,00-0038465,11210,Malik Heath,ATL,WR,SEASON,M9,BLOCKED_STATISTICS,MARKET_FALLBACK,MARKET_BASE,MARKET_BASE,,,,,,,,,,153.7064827442174,,637.0,adp_ppr,,375.0,,,UNAVAILABLE,False,11.0,True,True,,False,False,False,0.0,0.0,0.0,"['M9_PRODUCTION_MODEL', 'CURRENT_PLAYER_MATCH']",,,,team_change_guardrail,0.0563060869237183,0.0299607358219246,0.1012617410815205,4.0,4.0,M9.1c,,,,,,,,,UNRANKED,BASELINE_ONLY,False,False,NO_PROFILE,BLOCKED_MISSING_HISTORICAL_SLEEPER_BASELINE,False
fie-final-league-board-v1,1399318410818519040,2026,13825,,13825,Malik McClain,NYJ,WR,SEASON,M9,BLOCKED_STATISTICS,MARKET_FALLBACK,MARKET_BASE,MARKET_BASE,,,,,,,,,,153.7064827442174,,580.0,adp_ppr,,335.0,,,UNAVAILABLE,False,10.0,True,True,,False,False,False,0.0,0.0,0.0,"['M9_PRODUCTION_MODEL', 'CURRENT_PLAYER_MATCH']",,,,prior_season_profile_unavailable,0.0563060869237183,0.0299607358219246,0.1012617410815205,4.0,4.0,M9.1c,,,,,,,,,UNRANKED,BASELINE_ONLY,False,False,NO_PROFILE,BLOCKED_MISSING_HISTORICAL_SLEEPER_BASELINE,False
fie-final-league-board-v1,1399318410818519040,2026,00-0034867,00-0034867,5781,Malik Turner,SF,WR,SEASON,M9,BLOCKED_STATISTICS,FIE_M9_VALIDATED_PRESEASON,PRODUCTION,PRODUCTION,13.557160728500085,0.797480042852946,-6.183786388403874,2.0391922522759387,12.20908182222189,23.435339623644,34.957997913637286,,466.0,153.7064827442174,-140.1493220157173,685.0,adp_ppr,,468.0,,2.0,IRRELEVANT,False,90.0,True,True,,False,False,False,0.0,0.0,0.0,"['LEAGUE_SPECIFIC_VORP', 'M9_PRODUCTION_MODEL', 'CURRENT_PLAYER_MATCH']",,,,prior_season_games_below_gate,0.0563060869237183,0.0299607358219246,0.1012617410815205,4.0,4.0,M9.1c,,,,,,,,,UNRANKED,BASELINE_ONLY,False,False,NO_PROFILE,BLOCKED_MISSING_HISTORICAL_SLEEPER_BASELINE,False
fie-final-league-board-v1,1399318410818519040,2026,13619,,13619,Marcus Sanders,MIN,WR,SEASON,M9,BLOCKED_STATISTICS,MARKET_FALLBACK,MARKET_BASE,MARKET_BASE,,,,,,,,,,153.7064827442174,,674.4,adp_ppr,,444.0,,,UNAVAILABLE,False,10.0,True,True,,False,False,False,-280.9,-280.9,-280.9,"['M9_PRODUCTION_MODEL', 'CURRENT_PLAYER_MATCH']",,,,prior_season_profile_unavailable,0.0563060869237183,0.0299607358219246,0.1012617410815205,4.0,4.0,M9.1c,,,,,,,,,UNRANKED,BASELINE_ONLY,False,False,NO_PROFILE,BLOCKED_MISSING_HISTORICAL_SLEEPER_BASELINE,False
fie-final-league-board-v1,1399318410818519040,2026,00-0035662,00-0035662,5848,Marquise Brown,PHI,WR,SEASON,M9,BLOCKED_STATISTICS,FIE_M9_DIAGNOSTIC_MARKET_ANCHORED,DIAGNOSTIC_MARKET_ANCHORED,DIAGNOSTIC_MARKET_ANCHORED,67.5,3.9705882352941178,43.20774283937851,53.53729786110203,66.46924145820353,80.14806651254045,94.18711709293632,,283.0,153.7064827442174,-86.2064827442174,,adp_ppr,,,,,IRRELEVANT,False,55.0,True,True,,False,False,False,,,,"['LEAGUE_SPECIFIC_VORP', 'M9_PRODUCTION_MODEL', 'CURRENT_PLAYER_MATCH']",,,,team_change_guardrail,0.0563060869237183,0.0299607358219246,0.1012617410815205,4.0,4.0,M9.1c,83.81158753920992,16.311587539209924,125.12891953693897,1.383743427364326,0.9583333333333334,0.9166666666666669,0.5428148931517445,16.35,DEPTH,RESEARCH_ONLY_TRANSITION_EXACT_REPLAY,True,True,NEW_TEAM_CONTEXT_REBUILT_V3,BLOCKED_MISSING_HISTORICAL_SLEEPER_BASELINE,True
fie-final-league-board-v1,1399318410818519040,2026,00-0038976,00-0038976,9494,Marvin Mims,DEN,WR,SEASON,M9,BLOCKED_STATISTICS,FIE_M9_VALIDATED_PRESEASON,PRODUCTION,PRODUCTION,92.67301989399851,5.4513541114116775,66.01282452925493,78.1774095942533,91.64165584184352,106.2174355424908,119.6706916540994,,229.0,153.7064827442174,-61.03346285021888,219.5,adp_ppr,,187.0,,-42.0,IRRELEVANT,False,93.0,True,True,,False,False,False,0.0,0.0,0.0,"['LEAGUE_SPECIFIC_VORP', 'M9_PRODUCTION_MODEL', 'CURRENT_PLAYER_MATCH']",V9.7.2,102.22414655764388,9.551126663645377,validated_component_shadow,0.0563060869237183,0.0299607358219246,0.1012617410815205,4.0,4.0,M9.1c,74.69981086317262,4.799810863172624,92.67301989399851,0.1945696097604665,0.6666666666666666,0.3333333333333332,0.5748276482841457,16.35,DEPTH,RESEARCH_ONLY_EXACT_REPLAY,True,False,STABLE_TEAM,BLOCKED_MISSING_HISTORICAL_SLEEPER_BASELINE,True
fie-final-league-board-v1,1399318410818519040,2026,00-0039623,00-0039623,11895,Mason Tipton,NO,WR,SEASON,M9,BLOCKED_STATISTICS,FIE_M9_VALIDATED_PRESEASON,PRODUCTION,PRODUCTION,40.91284571548001,2.40663798326353,18.46101343074072,28.10617012749428,39.88058130855469,52.412311749469374,64.52494808906835,,364.0,153.7064827442174,-112.79363702873738,490.0,adp_ppr,,299.0,,-65.0,IRRELEVANT,False,92.0,True,True,,False,False,False,0.0,0.0,0.0,"['LEAGUE_SPECIFIC_VORP', 'M9_PRODUCTION_MODEL', 'CURRENT_PLAYER_MATCH']",V9.7.2,37.80011266086055,-3.1127330546194614,validated_component_shadow,0.0563060869237183,0.0299607358219246,0.1012617410815205,4.0,4.0,M9.1c,,,,,,,,,UNRANKED,BASELINE_ONLY,False,False,NO_PROFILE,BLOCKED_MISSING_HISTORICAL_SLEEPER_BASELINE,False
fie-final-league-board-v1,1399318410818519040,2026,14085,,14085,Matthew Henry,TB,WR,SEASON,M9,BLOCKED_STATISTICS,MARKET_FALLBACK,MARKET_BASE,MARKET_BASE,,,,,,,,,,153.7064827442174,,486.0,adp_ppr,,296.0,,,UNAVAILABLE,False,10.0,True,True,,False,False,False,-81.39999999999998,-81.39999999999998,-81.39999999999998,"['M9_PRODUCTION_MODEL', 'CURRENT_PLAYER_MATCH']",,,,prior_season_profile_unavailable,0.0563060869237183,0.0299607358219246,0.1012617410815205,4.0,4.0,M9.1c,,,,,,,,,UNRANKED,BASELINE_ONLY,False,False,NO_PROFILE,BLOCKED_MISSING_HISTORICAL_SLEEPER_BASELINE,False
fie-final-league-board-v1,1399318410818519040,2026,00-0037708,00-0037708,8921,Maurice Alexander,CHI,WR,SEASON,M9,BLOCKED_STATISTICS,MARKET_FALLBACK,MARKET_BASE,MARKET_BASE,,,,,,,,,,153.7064827442174,,,adp_ppr,,,,,UNAVAILABLE,False,10.0,True,True,,False,False,False,,,,"['M9_PRODUCTION_MODEL', 'CURRENT_PLAYER_MATCH']",,,,prior_season_profile_unavailable,0.0563060869237183,0.0299607358219246,0.1012617410815205,4.0,4.0,M9.1c,,,,,,,,,UNRANKED,BASELINE_ONLY,False,False,NO_PROFILE,BLOCKED_MISSING_HISTORICAL_SLEEPER_BASELINE,False
fie-final-league-board-v1,1399318410818519040,2026,7618,,7618,Micah Simon,CAR,WR,SEASON,M9,BLOCKED_STATISTICS,MARKET_FALLBACK,MARKET_BASE,MARKET_BASE,,,,,,,,,,153.7064827442174,,625.0,adp_ppr,,361.0,,,UNAVAILABLE,False,10.0,True,True,,False,False,False,0.0,0.0,0.0,"['M9_PRODUCTION_MODEL', 'CURRENT_PLAYER_MATCH']",,,,prior_season_profile_unavailable,0.0563060869237183,0.0299607358219246,0.1012617410815205,4.0,4.0,M9.1c,,,,,,,,,UNRANKED,BASELINE_ONLY,False,False,NO_PROFILE,BLOCKED_MISSING_HISTORICAL_SLEEPER_BASELINE,False
fie-final-league-board-v1,1399318410818519040,2026,00-0036959,00-0036959,8076,Michael Bandy,DEN,WR,SEASON,M9,BLOCKED_STATISTICS,FIE_M9_VALIDATED_PRESEASON,PRODUCTION,PRODUCTION,56.14647694151922,3.3027339377364244,32.67286834638337,42.77198525135151,54.91792078414596,68.38039269697978,81.39872419883426,,325.0,153.7064827442174,-97.5600058026982,,adp_ppr,,,,,IRRELEVANT,False,91.0,True,True,,False,False,False,,,,"['LEAGUE_SPECIFIC_VORP', 'M9_PRODUCTION_MODEL', 'CURRENT_PLAYER_MATCH']",V9.7.2,29.523779493322422,-26.6226974481968,validated_component_shadow,0.0563060869237183,0.0299607358219246,0.1012617410815205,4.0,4.0,M9.1c,,,,,,,,,UNRANKED,BASELINE_ONLY,False,False,NO_PROFILE,BLOCKED_MISSING_HISTORICAL_SLEEPER_BASELINE,False
fie-final-league-board-v1,1399318410818519040,2026,13890,,13890,Michael Briscoe,MIN,WR,SEASON,M9,BLOCKED_STATISTICS,MARKET_FALLBACK,MARKET_BASE,MARKET_BASE,,,,,,,,,,153.7064827442174,,452.6,adp_ppr,,286.0,,,UNAVAILABLE,False,10.0,True,True,,False,False,False,0.0,0.0,0.0,"['M9_PRODUCTION_MODEL', 'CURRENT_PLAYER_MATCH']",,,,prior_season_profile_unavailable,0.0563060869237183,0.0299607358219246,0.1012617410815205,4.0,4.0,M9.1c,,,,,,,,,UNRANKED,BASELINE_ONLY,False,False,NO_PROFILE,BLOCKED_MISSING_HISTORICAL_SLEEPER_BASELINE,False
fie-final-league-board-v1,1399318410818519040,2026,00-0037300,00-0037300,8202,Michael Woods,DEN,WR,SEASON,M9,BLOCKED_STATISTICS,MARKET_FALLBACK,MARKET_BASE,MARKET_BASE,,,,,,,,,,153.7064827442174,,524.3,adp_ppr,,312.0,,,UNAVAILABLE,False,10.0,True,True,,False,False,False,0.0,0.0,0.0,"['M9_PRODUCTION_MODEL', 'CURRENT_PLAYER_MATCH']",,,,prior_season_profile_unavailable,0.0563060869237183,0.0299607358219246,0.1012617410815205,4.0,4.0,M9.1c,,,,,,,,,UNRANKED,BASELINE_ONLY,False,False,NO_PROFILE,BLOCKED_MISSING_HISTORICAL_SLEEPER_BASELINE,False
fie-final-league-board-v1,1399318410818519040,2026,13645,,13645,Michael Wortham,JAX,WR,SEASON,M9,BLOCKED_STATISTICS,MARKET_FALLBACK,MARKET_BASE,MARKET_BASE,,,,,,,,,,153.7064827442174,,618.7,adp_ppr,,353.0,,,UNAVAILABLE,False,10.0,True,True,,False,False,False,0.0,0.0,0.0,"['M9_PRODUCTION_MODEL', 'CURRENT_PLAYER_MATCH']",,,,prior_season_profile_unavailable,0.0563060869237183,0.0299607358219246,0.1012617410815205,4.0,4.0,M9.1c,,,,,,,,,UNRANKED,BASELINE_ONLY,False,False,NO_PROFILE,BLOCKED_MISSING_HISTORICAL_SLEEPER_BASELINE,False
fie-final-league-board-v1,1399318410818519040,2026,13227,,13227,Mitch Van Vooren,DAL,WR,SEASON,M9,BLOCKED_STATISTICS,MARKET_FALLBACK,MARKET_BASE,MARKET_BASE,,,,,,,,,,153.7064827442174,,471.3,adp_ppr,,294.0,,,UNAVAILABLE,False,10.0,True,True,,False,False,False,0.0,0.0,0.0,"['M9_PRODUCTION_MODEL', 'CURRENT_PLAYER_MATCH']",,,,prior_season_profile_unavailable,0.0563060869237183,0.0299607358219246,0.1012617410815205,4.0,4.0,M9.1c,,,,,,,,,UNRANKED,BASELINE_ONLY,False,False,NO_PROFILE,BLOCKED_MISSING_HISTORICAL_SLEEPER_BASELINE,False
fie-final-league-board-v1,1399318410818519040,2026,00-0040621,00-0040621,13199,Montorie Foster,SEA,WR,SEASON,M9,BLOCKED_STATISTICS,MARKET_FALLBACK,MARKET_BASE,MARKET_BASE,,,,,,,,,,153.7064827442174,,647.0,adp_ppr,,399.0,,,UNAVAILABLE,False,10.0,True,True,,False,False,False,0.0,0.0,0.0,"['M9_PRODUCTION_MODEL', 'CURRENT_PLAYER_MATCH']",,,,prior_season_profile_unavailable,0.0563060869237183,0.0299607358219246,0.1012617410815205,4.0,4.0,M9.1c,,,,,,,,,UNRANKED,BASELINE_ONLY,False,False,NO_PROFILE,BLOCKED_MISSING_HISTORICAL_SLEEPER_BASELINE,False
fie-final-league-board-v1,1399318410818519040,2026,00-0040506,00-0040506,13075,Myles Price,MIN,WR,SEASON,M9,BLOCKED_STATISTICS,FIE_M9_VALIDATED_PRESEASON,PRODUCTION,PRODUCTION,14.208317324804376,0.8357833720473161,-5.190480604609213,2.80258083306908,12.864591062340672,24.162548870296128,35.36762100123705,,461.0,153.7064827442174,-139.49816541941303,,adp_ppr,,,,,IRRELEVANT,False,94.0,True,True,,False,False,False,,,,"['LEAGUE_SPECIFIC_VORP', 'M9_PRODUCTION_MODEL', 'CURRENT_PLAYER_MATCH']",V9.7.2,30.30099606377736,16.09267873897298,validated_component_shadow,0.0563060869237183,0.0299607358219246,0.1012617410815205,4.0,4.0,M9.1c,,,,,,,,,UNRANKED,BASELINE_ONLY,False,False,NO_PROFILE,BLOCKED_MISSING_HISTORICAL_SLEEPER_BASELINE,False
fie-final-league-board-v1,1399318410818519040,2026,13963,,13963,Nick DeGennaro,NE,WR,SEASON,M9,BLOCKED_STATISTICS,MARKET_FALLBACK,MARKET_BASE,MARKET_BASE,,,,,,,,,,153.7064827442174,,556.9,adp_ppr,,323.0,,,UNAVAILABLE,False,10.0,True,True,,False,False,False,-99.5,-99.5,-99.5,"['M9_PRODUCTION_MODEL', 'CURRENT_PLAYER_MATCH']",,,,prior_season_profile_unavailable,0.0563060869237183,0.0299607358219246,0.1012617410815205,4.0,4.0,M9.1c,,,,,,,,,UNRANKED,BASELINE_ONLY,False,False,NO_PROFILE,BLOCKED_MISSING_HISTORICAL_SLEEPER_BASELINE,False
fie-final-league-board-v1,1399318410818519040,2026,00-0036182,00-0036182,7496,Nick Westbrook-Ikhine,IND,WR,SEASON,M9,BLOCKED_STATISTICS,FIE_M9_DIAGNOSTIC_MARKET_ANCHORED,DIAGNOSTIC_MARKET_ANCHORED,DIAGNOSTIC_MARKET_ANCHORED,29.5,1.7352941176470589,8.48414998443782,17.371711408267153,28.080586750618068,40.27101035228065,52.295968362650505,,410.0,153.7064827442174,-124.2064827442174,,adp_ppr,,,,,IRRELEVANT,False,55.0,True,True,,False,False,False,,,,"['LEAGUE_SPECIFIC_VORP', 'M9_PRODUCTION_MODEL', 'CURRENT_PLAYER_MATCH']",,,,team_change_guardrail,0.0563060869237183,0.0299607358219246,0.1012617410815205,4.0,4.0,M9.1c,12.850010353565487,-16.649989646434513,37.13596670070937,-2.6152954395217365,0.0555555555555555,0.8888888888888888,0.4663862646060087,20.49834599615892,COMMITTEE_FRINGE,RESEARCH_ONLY_TRANSITION_EXACT_REPLAY,True,True,NEW_TEAM_CONTEXT_REBUILT_V3,BLOCKED_MISSING_HISTORICAL_SLEEPER_BASELINE,True
fie-final-league-board-v1,1399318410818519040,2026,00-0029848,00-0029848,1604,Nick Williams,DEN,WR,SEASON,M9,BLOCKED_STATISTICS,MARKET_FALLBACK,MARKET_BASE,MARKET_BASE,,,,,,,,,,153.7064827442174,,,adp_ppr,,,,,UNAVAILABLE,False,10.0,True,True,,False,False,False,,,,"['M9_PRODUCTION_MODEL', 'CURRENT_PLAYER_MATCH']",,,,prior_season_profile_unavailable,0.0563060869237183,0.0299607358219246,0.1012617410815205,4.0,4.0,M9.1c,,,,,,,,,UNRANKED,BASELINE_ONLY,False,False,NO_PROFILE,BLOCKED_MISSING_HISTORICAL_SLEEPER_BASELINE,False
fie-final-league-board-v1,1399318410818519040,2026,00-0038519,00-0038519,11320,Nikko Remigio,KC,WR,SEASON,M9,BLOCKED_STATISTICS,FIE_M9_VALIDATED_PRESEASON,PRODUCTION,PRODUCTION,17.6166266404812,1.0362721553224237,-2.3908495346978675,5.7739869791342215,16.34872282937843,27.69483595028997,39.715214228979576,,457.0,153.7064827442174,-136.0898561037362,,adp_ppr,,,,,IRRELEVANT,False,93.0,True,True,,False,False,False,,,,"['LEAGUE_SPECIFIC_VORP', 'M9_PRODUCTION_MODEL', 'CURRENT_PLAYER_MATCH']",V9.7.2,32.633566752309285,15.016940111828085,validated_component_shadow,0.0563060869237183,0.0299607358219246,0.1012617410815205,4.0,4.0,M9.1c,-0.4081922478698606,-1.0081922478698606,17.6166266404812,-0.6016375868360978,0.3333333333333333,0.3333333333333333,0.9601830932093908,1.25,DEPTH,RESEARCH_ONLY_EXACT_REPLAY,True,False,STABLE_TEAM,BLOCKED_MISSING_HISTORICAL_SLEEPER_BASELINE,True
fie-final-league-board-v1,1399318410818519040,2026,00-0041248,00-0041248,13318,Noah Thomas,CIN,WR,SEASON,M9,BLOCKED_STATISTICS,FIE_M9_DIAGNOSTIC_MARKET_ANCHORED,DIAGNOSTIC_MARKET_ANCHORED,DIAGNOSTIC_MARKET_ANCHORED,6.6,0.388235294117647,-12.342677537638458,-4.647369670863284,5.125319637223022,16.29574652600497,27.82330630374909,,492.0,153.7064827442174,-147.1064827442174,646.8,adp_ppr,,397.0,,-95.0,IRRELEVANT,False,62.0,True,True,,False,False,False,0.0,0.0,0.0,"['LEAGUE_SPECIFIC_VORP', 'M9_PRODUCTION_MODEL', 'CURRENT_PLAYER_MATCH']",,,,prior_season_profile_unavailable,0.0563060869237183,0.0299607358219246,0.1012617410815205,4.0,4.0,M9.1c,6.6,0.0,,,,,,,DEPTH,BASELINE_ONLY,False,False,NO_PROFILE,BLOCKED_MISSING_HISTORICAL_SLEEPER_BASELINE,False
fie-final-league-board-v1,1399318410818519040,2026,00-0031235,00-0031235,2078,Odell Beckham,NYG,WR,SEASON,M9,BLOCKED_STATISTICS,FIE_M9_DIAGNOSTIC_MARKET_ANCHORED,DIAGNOSTIC_MARKET_ANCHORED,DIAGNOSTIC_MARKET_ANCHORED,28.0,1.6470588235294117,7.13500016475691,15.870462490968158,26.742092642613684,38.69634173803446,50.28511795169837,,416.0,153.7064827442174,-125.7064827442174,,adp_ppr,,,,,IRRELEVANT,False,62.0,True,True,,False,False,False,,,,"['LEAGUE_SPECIFIC_VORP', 'M9_PRODUCTION_MODEL', 'CURRENT_PLAYER_MATCH']",,,,prior_season_profile_unavailable,0.0563060869237183,0.0299607358219246,0.1012617410815205,4.0,4.0,M9.1c,28.0,0.0,,,,,,,DEPTH,BASELINE_ONLY,False,False,NO_PROFILE,BLOCKED_MISSING_HISTORICAL_SLEEPER_BASELINE,False
fie-final-league-board-v1,1399318410818519040,2026,00-0035208,00-0035208,6271,Olamide Zaccheaus,ATL,WR,SEASON,M9,BLOCKED_STATISTICS,FIE_M9_DIAGNOSTIC_MARKET_ANCHORED,DIAGNOSTIC_MARKET_ANCHORED,DIAGNOSTIC_MARKET_ANCHORED,75.8,4.458823529411765,50.34287312623341,61.80053512391089,75.23409201419354,88.8737430356712,101.85000999625532,,256.0,153.7064827442174,-77.9064827442174,,adp_ppr,,,,,IRRELEVANT,False,55.0,True,True,,False,False,False,,,,"['LEAGUE_SPECIFIC_VORP', 'M9_PRODUCTION_MODEL', 'CURRENT_PLAYER_MATCH']",,,,team_change_guardrail,0.0563060869237183,0.0299607358219246,0.1012617410815205,4.0,4.0,M9.1c,77.70834543718836,1.908345437188359,91.00169852548508,0.035610479953703,0.5416666666666666,0.0833333333333332,0.5375620949826369,17.2,DEPTH,RESEARCH_ONLY_TRANSITION_EXACT_REPLAY,True,True,NEW_TEAM_CONTEXT_REBUILT_V3,BLOCKED_MISSING_HISTORICAL_SLEEPER_BASELINE,True
fie-final-league-board-v1,1399318410818519040,2026,13941,,13941,Omari Kelly,CHI,WR,SEASON,M9,BLOCKED_STATISTICS,MARKET_FALLBACK,MARKET_BASE,MARKET_BASE,,,,,,,,,,153.7064827442174,,700.8,adp_ppr,,506.0,,,UNAVAILABLE,False,10.0,True,True,,False,False,False,0.0,0.0,0.0,"['M9_PRODUCTION_MODEL', 'CURRENT_PLAYER_MATCH']",,,,prior_season_profile_unavailable,0.0563060869237183,0.0299607358219246,0.1012617410815205,4.0,4.0,M9.1c,,,,,,,,,UNRANKED,BASELINE_ONLY,False,False,NO_PROFILE,BLOCKED_MISSING_HISTORICAL_SLEEPER_BASELINE,False
fie-final-league-board-v1,1399318410818519040,2026,00-0040134,00-0040134,12492,Pat Bryant,DEN,WR,SEASON,M9,BLOCKED_STATISTICS,FIE_M9_VALIDATED_PRESEASON,PRODUCTION,PRODUCTION,100.87059231065986,5.933564253568227,73.95282902727826,85.7790592421532,100.05948753229409,115.1181093261952,129.10970012767638,,212.0,153.7064827442174,-52.83589043355754,227.2,adp_ppr,,198.0,,-14.0,IRRELEVANT,False,93.0,True,True,,False,False,False,0.0,0.0,0.0,"['LEAGUE_SPECIFIC_VORP', 'M9_PRODUCTION_MODEL', 'CURRENT_PLAYER_MATCH']",V9.7.2,102.19658779390444,1.3259954832445686,validated_component_shadow,0.0563060869237183,0.0299607358219246,0.1012617410815205,4.0,4.0,M9.1c,98.5602708105749,2.1602708105749,100.87059231065986,0.0363572035480972,0.5833333333333334,0.1666666666666667,0.496613979442504,25.399984940730175,DEPTH,RESEARCH_ONLY_EXACT_REPLAY,True,False,STABLE_TEAM,BLOCKED_MISSING_HISTORICAL_SLEEPER_BASELINE,True
fie-final-league-board-v1,1399318410818519040,2026,00-0032208,00-0032208,2334,Phillip Dorsett,LV,WR,SEASON,M9,BLOCKED_STATISTICS,MARKET_FALLBACK,MARKET_BASE,MARKET_BASE,,,,,,,,,,153.7064827442174,,,adp_ppr,,,,,UNAVAILABLE,False,10.0,True,True,,False,False,False,,,,"['M9_PRODUCTION_MODEL', 'CURRENT_PLAYER_MATCH']",,,,prior_season_profile_unavailable,0.0563060869237183,0.0299607358219246,0.1012617410815205,4.0,4.0,M9.1c,,,,,,,,,UNRANKED,BASELINE_ONLY,False,False,NO_PROFILE,BLOCKED_MISSING_HISTORICAL_SLEEPER_BASELINE,False
fie-final-league-board-v1,1399318410818519040,2026,12267,,12267,Qadir Ismail,CHI,WR,SEASON,M9,BLOCKED_STATISTICS,MARKET_FALLBACK,MARKET_BASE,MARKET_BASE,,,,,,,,,,153.7064827442174,,548.5,adp_ppr,,321.0,,,UNAVAILABLE,False,10.0,True,True,,False,False,False,0.0,0.0,0.0,"['M9_PRODUCTION_MODEL', 'CURRENT_PLAYER_MATCH']",,,,prior_season_profile_unavailable,0.0563060869237183,0.0299607358219246,0.1012617410815205,4.0,4.0,M9.1c,,,,,,,,,UNRANKED,BASELINE_ONLY,False,False,NO_PROFILE,BLOCKED_MISSING_HISTORICAL_SLEEPER_BASELINE,False
fie-final-league-board-v1,1399318410818519040,2026,00-0036271,00-0036271,6927,Quez Watkins,PHI,WR,SEASON,M9,BLOCKED_STATISTICS,MARKET_FALLBACK,MARKET_BASE,MARKET_BASE,,,,,,,,,,153.7064827442174,,,adp_ppr,,,,,UNAVAILABLE,False,10.0,True,True,,False,False,False,,,,"['M9_PRODUCTION_MODEL', 'CURRENT_PLAYER_MATCH']",,,,prior_season_profile_unavailable,0.0563060869237183,0.0299607358219246,0.1012617410815205,4.0,4.0,M9.1c,,,,,,,,,UNRANKED,BASELINE_ONLY,False,False,NO_PROFILE,BLOCKED_MISSING_HISTORICAL_SLEEPER_BASELINE,False
fie-final-league-board-v1,1399318410818519040,2026,00-0040553,00-0040553,12884,Quincy Skinner,NYJ,WR,SEASON,M9,BLOCKED_STATISTICS,MARKET_FALLBACK,MARKET_BASE,MARKET_BASE,,,,,,,,,,153.7064827442174,,615.9,adp_ppr,,351.0,,,UNAVAILABLE,False,10.0,True,True,,False,False,False,0.0,0.0,0.0,"['M9_PRODUCTION_MODEL', 'CURRENT_PLAYER_MATCH']",,,,prior_season_profile_unavailable,0.0563060869237183,0.0299607358219246,0.1012617410815205,4.0,4.0,M9.1c,,,,,,,,,UNRANKED,BASELINE_ONLY,False,False,NO_PROFILE,BLOCKED_MISSING_HISTORICAL_SLEEPER_BASELINE,False
fie-final-league-board-v1,1399318410818519040,2026,14037,,14037,Rashad Rochelle,SEA,WR,SEASON,M9,BLOCKED_STATISTICS,MARKET_FALLBACK,MARKET_BASE,MARKET_BASE,,,,,,,,,,153.7064827442174,,,adp_ppr,,,,,UNAVAILABLE,False,10.0,True,True,,False,False,False,,,,"['M9_PRODUCTION_MODEL', 'CURRENT_PLAYER_MATCH']",,,,prior_season_profile_unavailable,0.0563060869237183,0.0299607358219246,0.1012617410815205,4.0,4.0,M9.1c,,,,,,,,,UNRANKED,BASELINE_ONLY,False,False,NO_PROFILE,BLOCKED_MISSING_HISTORICAL_SLEEPER_BASELINE,False
fie-final-league-board-v1,1399318410818519040,2026,00-0036550,00-0036550,7571,Rashod Bateman,BAL,WR,SEASON,M9,BLOCKED_STATISTICS,FIE_M9_VALIDATED_PRESEASON,PRODUCTION,PRODUCTION,72.65522434555434,4.273836726209079,47.64942086098255,58.74618111190408,71.5647893486527,85.63065287932066,99.08017475701888,,270.0,153.7064827442174,-81.05125839866305,232.7,adp_ppr,,213.0,,-57.0,IRRELEVANT,False,93.0,True,True,,False,False,False,0.0,0.0,0.0,"['LEAGUE_SPECIFIC_VORP', 'M9_PRODUCTION_MODEL', 'CURRENT_PLAYER_MATCH']",V9.7.2,68.57809281146697,-4.077131534087371,validated_component_shadow,0.0563060869237183,0.0299607358219246,0.1012617410815205,4.0,4.0,M9.1c,94.69897461231228,-7.601025387687727,72.65522434555434,-2.0666725973367424,0.1666666666666666,0.6666666666666667,0.7273708504964337,8.449999999999996,STARTER,RESEARCH_ONLY_EXACT_REPLAY,True,False,STABLE_TEAM,BLOCKED_MISSING_HISTORICAL_SLEEPER_BASELINE,True
fie-final-league-board-v1,1399318410818519040,2026,00-0034407,00-0034407,5096,Ray-Ray McCloud,CHI,WR,SEASON,M9,BLOCKED_STATISTICS,MARKET_FALLBACK,MARKET_BASE,MARKET_BASE,,,,,,,,,,153.7064827442174,,,adp_ppr,,,,,UNAVAILABLE,False,11.0,True,True,,False,False,False,,,,"['M9_PRODUCTION_MODEL', 'CURRENT_PLAYER_MATCH']",,,,team_change_guardrail,0.0563060869237183,0.0299607358219246,0.1012617410815205,4.0,4.0,M9.1c,,,,,,,,,UNRANKED,BASELINE_ONLY,False,False,NO_PROFILE,BLOCKED_MISSING_HISTORICAL_SLEEPER_BASELINE,False
fie-final-league-board-v1,1399318410818519040,2026,13783,,13783,Raylen Sharpe,IND,WR,SEASON,M9,BLOCKED_STATISTICS,MARKET_FALLBACK,MARKET_BASE,MARKET_BASE,,,,,,,,,,153.7064827442174,,,adp_ppr,,,,,UNAVAILABLE,False,10.0,True,True,,False,False,False,,,,"['M9_PRODUCTION_MODEL', 'CURRENT_PLAYER_MATCH']",,,,prior_season_profile_unavailable,0.0563060869237183,0.0299607358219246,0.1012617410815205,4.0,4.0,M9.1c,,,,,,,,,UNRANKED,BASELINE_ONLY,False,False,NO_PROFILE,BLOCKED_MISSING_HISTORICAL_SLEEPER_BASELINE,False
fie-final-league-board-v1,1399318410818519040,2026,00-0041070,00-0041070,13297,Reggie Virgil,ARI,WR,SEASON,M9,BLOCKED_STATISTICS,FIE_M9_DIAGNOSTIC_MARKET_ANCHORED,DIAGNOSTIC_MARKET_ANCHORED,DIAGNOSTIC_MARKET_ANCHORED,26.1,1.535294117647059,5.294588234947085,13.93492479019568,24.918100072580263,36.692890822885175,48.58612030570138,,427.0,153.7064827442174,-127.6064827442174,,adp_ppr,,,,,IRRELEVANT,False,62.0,True,True,,False,False,False,,,,"['LEAGUE_SPECIFIC_VORP', 'M9_PRODUCTION_MODEL', 'CURRENT_PLAYER_MATCH']",,,,prior_season_profile_unavailable,0.0563060869237183,0.0299607358219246,0.1012617410815205,4.0,4.0,M9.1c,26.1,0.0,,,,,,,DEPTH,BASELINE_ONLY,False,False,NO_PROFILE,BLOCKED_MISSING_HISTORICAL_SLEEPER_BASELINE,False
fie-final-league-board-v1,1399318410818519040,2026,00-0039916,00-0039916,11638,Ricky Pearsall,SF,WR,SEASON,M9,BLOCKED_STATISTICS,FIE_M9_VALIDATED_PRESEASON,PRODUCTION,PRODUCTION,152.8223074321212,8.989547496007129,124.0365300345016,136.71671875349412,152.10557245064035,167.79523875148675,182.7325625586544,,138.0,153.7064827442174,-0.8841753120962039,244.4,adp_ppr,,241.0,,103.0,IRRELEVANT,False,92.0,True,True,,False,False,False,0.0,0.0,0.0,"['LEAGUE_SPECIFIC_VORP', 'M9_PRODUCTION_MODEL', 'CURRENT_PLAYER_MATCH']",V9.7.2,148.64895504661223,-4.173352385508963,validated_component_shadow,0.0563060869237183,0.0299607358219246,0.1012617410815205,4.0,4.0,M9.1c,,,,,,,,,UNRANKED,BASELINE_ONLY,False,False,NO_PROFILE,BLOCKED_MISSING_HISTORICAL_SLEEPER_BASELINE,False
fie-final-league-board-v1,1399318410818519040,2026,00-0040653,00-0040653,12475,Ricky White,SEA,WR,SEASON,M9,BLOCKED_STATISTICS,FIE_M9_DIAGNOSTIC_MARKET_ANCHORED,DIAGNOSTIC_MARKET_ANCHORED,DIAGNOSTIC_MARKET_ANCHORED,4.2,0.2470588235294116,-14.66950759512947,-6.952151302978127,2.721410623811508,13.648195113993609,25.041993801614986,,503.0,153.7064827442174,-149.5064827442174,676.5,adp_ppr,,448.0,,-55.0,IRRELEVANT,False,62.0,True,True,,False,False,False,0.0,0.0,0.0,"['LEAGUE_SPECIFIC_VORP', 'M9_PRODUCTION_MODEL', 'CURRENT_PLAYER_MATCH']",,,,prior_season_profile_unavailable,0.0563060869237183,0.0299607358219246,0.1012617410815205,4.0,4.0,M9.1c,4.2,0.0,,,,,,,DEPTH,BASELINE_ONLY,False,False,NO_PROFILE,BLOCKED_MISSING_HISTORICAL_SLEEPER_BASELINE,False
fie-final-league-board-v1,1399318410818519040,2026,00-0039739,00-0039739,11630,Roman Wilson,PIT,WR,SEASON,M9,BLOCKED_STATISTICS,FIE_M9_VALIDATED_PRESEASON,PRODUCTION,PRODUCTION,70.50224931187647,4.147191135992734,45.122567810112976,56.217773146792254,69.86556526806018,83.348372313249,96.78138569043831,,274.0,153.7064827442174,-83.20423343234093,,adp_ppr,,,,,IRRELEVANT,False,92.0,True,True,,False,False,False,,,,"['LEAGUE_SPECIFIC_VORP', 'M9_PRODUCTION_MODEL', 'CURRENT_PLAYER_MATCH']",V9.7.2,64.47139175103109,-6.0308575608453765,validated_component_shadow,0.0563060869237183,0.0299607358219246,0.1012617410815205,4.0,4.0,M9.1c,28.683632117035824,1.8836321170358232,70.50224931187647,0.837063519662811,0.8333333333333334,0.6666666666666667,0.8969676747789651,3.25,DEPTH,RESEARCH_ONLY_EXACT_REPLAY,True,False,STABLE_TEAM,BLOCKED_MISSING_HISTORICAL_SLEEPER_BASELINE,True
fie-final-league-board-v1,1399318410818519040,2026,00-0039410,00-0039410,11783,Ryan Flournoy,DAL,WR,SEASON,M9,BLOCKED_STATISTICS,FIE_M9_VALIDATED_PRESEASON,PRODUCTION,PRODUCTION,112.42405680997436,6.613179812351433,85.42811773900706,97.5024388351496,111.646183909652,126.38441209277804,140.52981765998533,,198.0,153.7064827442174,-41.28242593424304,230.7,adp_ppr,,209.0,,11.0,IRRELEVANT,False,93.0,True,True,,False,False,False,0.0,0.0,0.0,"['LEAGUE_SPECIFIC_VORP', 'M9_PRODUCTION_MODEL', 'CURRENT_PLAYER_MATCH']",V9.7.2,122.1260657121436,9.702008902169254,validated_component_shadow,0.0563060869237183,0.0299607358219246,0.1012617410815205,4.0,4.0,M9.1c,128.79096581486343,7.590965814863424,112.42405680997436,0.0374154740347929,0.6666666666666666,0.3333333333333332,0.5060643876575621,26.543549841391552,COMMITTEE_FRINGE,RESEARCH_ONLY_EXACT_REPLAY,True,False,STABLE_TEAM,BLOCKED_MISSING_HISTORICAL_SLEEPER_BASELINE,True
fie-final-league-board-v1,1399318410818519040,2026,00-0038824,00-0038824,11421,Ryan Miller,MIA,WR,SEASON,M9,BLOCKED_STATISTICS,MARKET_FALLBACK,MARKET_BASE,MARKET_BASE,,,,,,,,,,153.7064827442174,,639.7,adp_ppr,,381.0,,,UNAVAILABLE,False,12.0,True,True,,False,False,False,0.0,0.0,0.0,"['M9_PRODUCTION_MODEL', 'CURRENT_PLAYER_MATCH']",,,,team_change_guardrail,0.0563060869237183,0.0299607358219246,0.1012617410815205,4.0,4.0,M9.1c,,,,,,,,,UNRANKED,BASELINE_ONLY,False,False,NO_PROFILE,BLOCKED_MISSING_HISTORICAL_SLEEPER_BASELINE,False
fie-final-league-board-v1,1399318410818519040,2026,13929,,13929,Sahmir Hagans,IND,WR,SEASON,M9,BLOCKED_STATISTICS,MARKET_FALLBACK,MARKET_BASE,MARKET_BASE,,,,,,,,,,153.7064827442174,,694.0,adp_ppr,,486.0,,,UNAVAILABLE,False,10.0,True,True,,False,False,False,-77.0,-77.0,-77.0,"['M9_PRODUCTION_MODEL', 'CURRENT_PLAYER_MATCH']",,,,prior_season_profile_unavailable,0.0563060869237183,0.0299607358219246,0.1012617410815205,4.0,4.0,M9.1c,,,,,,,,,UNRANKED,BASELINE_ONLY,False,False,NO_PROFILE,BLOCKED_MISSING_HISTORICAL_SLEEPER_BASELINE,False
fie-final-league-board-v1,1399318410818519040,2026,00-0040009,00-0040009,12482,Savion Williams,GB,WR,SEASON,M9,BLOCKED_STATISTICS,FIE_M9_VALIDATED_PRESEASON,PRODUCTION,PRODUCTION,43.61441822016841,2.565554012951083,20.90093694764336,30.856299928579872,42.27969240475472,55.1211270057459,67.61215872303981,,351.0,153.7064827442174,-110.092064524049,,adp_ppr,,,,,IRRELEVANT,False,93.0,True,True,,False,False,False,,,,"['LEAGUE_SPECIFIC_VORP', 'M9_PRODUCTION_MODEL', 'CURRENT_PLAYER_MATCH']",V9.7.2,31.737026490557053,-11.877391729611356,validated_component_shadow,0.0563060869237183,0.0299607358219246,0.1012617410815205,4.0,4.0,M9.1c,31.13665699254765,-0.8633430074523503,43.61441822016841,-1.0526646647760447,0.3333333333333333,0.3333333333333333,0.9087821131077368,1.9999999999999984,DEPTH,RESEARCH_ONLY_EXACT_REPLAY,True,False,STABLE_TEAM,BLOCKED_MISSING_HISTORICAL_SLEEPER_BASELINE,True
fie-final-league-board-v1,1399318410818519040,2026,5638,,5638,Shaq Roland,CHI,WR,SEASON,M9,BLOCKED_STATISTICS,MARKET_FALLBACK,MARKET_BASE,MARKET_BASE,,,,,,,,,,153.7064827442174,,535.0,adp_ppr,,319.0,,,UNAVAILABLE,False,10.0,True,True,,False,False,False,0.0,0.0,0.0,"['M9_PRODUCTION_MODEL', 'CURRENT_PLAYER_MATCH']",,,,prior_season_profile_unavailable,0.0563060869237183,0.0299607358219246,0.1012617410815205,4.0,4.0,M9.1c,,,,,,,,,UNRANKED,BASELINE_ONLY,False,False,NO_PROFILE,BLOCKED_MISSING_HISTORICAL_SLEEPER_BASELINE,False
fie-final-league-board-v1,1399318410818519040,2026,00-0038891,00-0038891,11257,Shedrick Jackson,LV,WR,SEASON,M9,BLOCKED_STATISTICS,FIE_M9_VALIDATED_PRESEASON,PRODUCTION,PRODUCTION,76.12974858095646,4.478220504762144,50.675910530534615,61.49845034428898,75.26322387274638,89.11158854779764,102.92565864406656,,253.0,153.7064827442174,-77.57673416326094,587.0,adp_ppr,,336.0,,83.0,IRRELEVANT,False,90.0,True,True,,False,False,False,0.0,0.0,0.0,"['LEAGUE_SPECIFIC_VORP', 'M9_PRODUCTION_MODEL', 'CURRENT_PLAYER_MATCH']",V9.7.2,51.67861564348208,-24.451132937474384,validated_component_shadow,0.0563060869237183,0.0299607358219246,0.1012617410815205,4.0,4.0,M9.1c,,,,,,,,,UNRANKED,BASELINE_ONLY,False,False,NO_PROFILE,BLOCKED_MISSING_HISTORICAL_SLEEPER_BASELINE,False
fie-final-league-board-v1,1399318410818519040,2026,00-0036646,00-0036646,7812,Simi Fehoko,ARI,WR,SEASON,M9,BLOCKED_STATISTICS,FIE_M9_VALIDATED_PRESEASON,PRODUCTION,PRODUCTION,13.09072653345465,0.7700427372620382,-6.231544578226686,1.857559751609997,11.6149268386812,22.752116337008545,34.02825248206154,,468.0,153.7064827442174,-140.61575621076275,,adp_ppr,,,,,IRRELEVANT,False,91.0,True,True,,False,False,False,,,,"['LEAGUE_SPECIFIC_VORP', 'M9_PRODUCTION_MODEL', 'CURRENT_PLAYER_MATCH']",V9.7.2,9.214244363186312,-3.8764821702683374,validated_component_shadow,0.0563060869237183,0.0299607358219246,0.1012617410815205,4.0,4.0,M9.1c,,,,,,,,,UNRANKED,BASELINE_ONLY,False,False,NO_PROFILE,BLOCKED_MISSING_HISTORICAL_SLEEPER_BASELINE,False
fie-final-league-board-v1,1399318410818519040,2026,00-0041443,00-0041443,13402,Skyler Bell,BUF,WR,SEASON,M9,BLOCKED_STATISTICS,FIE_M9_DIAGNOSTIC_MARKET_ANCHORED,DIAGNOSTIC_MARKET_ANCHORED,DIAGNOSTIC_MARKET_ANCHORED,63.6,3.7411764705882353,38.96551535948623,50.07934490895055,62.4410194346866,76.1740527081584,89.12068392652478,,304.0,153.7064827442174,-90.1064827442174,,adp_ppr,,,,,IRRELEVANT,False,62.0,True,True,,False,False,False,,,,"['LEAGUE_SPECIFIC_VORP', 'M9_PRODUCTION_MODEL', 'CURRENT_PLAYER_MATCH']",,,,prior_season_profile_unavailable,0.0563060869237183,0.0299607358219246,0.1012617410815205,4.0,4.0,M9.1c,63.6,0.0,,,,,,,DEPTH,BASELINE_ONLY,False,False,NO_PROFILE,BLOCKED_MISSING_HISTORICAL_SLEEPER_BASELINE,False
fie-final-league-board-v1,1399318410818519040,2026,00-0038090,00-0038090,8168,Skyy Moore,GB,WR,SEASON,M9,BLOCKED_STATISTICS,FIE_M9_DIAGNOSTIC_MARKET_ANCHORED,DIAGNOSTIC_MARKET_ANCHORED,DIAGNOSTIC_MARKET_ANCHORED,3.0,0.1764705882352941,-15.362633242865387,-7.944795246236275,1.5287577539250634,12.35664780546218,23.05157326572788,,508.0,153.7064827442174,-150.7064827442174,685.4,adp_ppr,,469.0,,-39.0,IRRELEVANT,False,55.0,True,True,,False,False,False,0.0,0.0,0.0,"['LEAGUE_SPECIFIC_VORP', 'M9_PRODUCTION_MODEL', 'CURRENT_PLAYER_MATCH']",,,,team_change_guardrail,0.0563060869237183,0.0299607358219246,0.1012617410815205,4.0,4.0,M9.1c,1.95,-1.0499999999999998,17.657501469804554,-0.6804464564145516,0.125,0.75,0.9142983389641158,1.0499999999999998,DEPTH,RESEARCH_ONLY_TRANSITION_EXACT_REPLAY,True,True,NEW_TEAM_CONTEXT_REBUILT_V3,BLOCKED_MISSING_HISTORICAL_SLEEPER_BASELINE,True
fie-final-league-board-v1,1399318410818519040,2026,00-0039884,00-0039884,11821,Tahj Washington,PHI,WR,SEASON,M9,BLOCKED_STATISTICS,MARKET_FALLBACK,MARKET_BASE,MARKET_BASE,,,,,,,,,,153.7064827442174,,,adp_ppr,,,,,UNAVAILABLE,False,10.0,True,True,,False,False,False,,,,"['M9_PRODUCTION_MODEL', 'CURRENT_PLAYER_MATCH']",,,,prior_season_games_below_gate,0.0563060869237183,0.0299607358219246,0.1012617410815205,4.0,4.0,M9.1c,,,,,,,,,UNRANKED,BASELINE_ONLY,False,False,NO_PROFILE,BLOCKED_MISSING_HISTORICAL_SLEEPER_BASELINE,False
fie-final-league-board-v1,1399318410818519040,2026,00-0040154,00-0040154,12496,Tai Felton,MIN,WR,SEASON,M9,BLOCKED_STATISTICS,FIE_M9_VALIDATED_PRESEASON,PRODUCTION,PRODUCTION,19.39093580067905,1.140643282392885,-0.6775058820083757,7.581509703268288,17.84290429340934,29.580162884196326,41.51429095179187,,454.0,153.7064827442174,-134.31554694353835,692.7,adp_ppr,,482.0,,28.0,IRRELEVANT,False,93.0,True,True,,False,False,False,0.0,0.0,0.0,"['LEAGUE_SPECIFIC_VORP', 'M9_PRODUCTION_MODEL', 'CURRENT_PLAYER_MATCH']",V9.7.2,21.108948996384267,1.7180131957052185,validated_component_shadow,0.0563060869237183,0.0299607358219246,0.1012617410815205,4.0,4.0,M9.1c,26.6,-2.6000000000000014,19.39093580067905,-3.1867415268430097,0.0833333333333333,0.8333333333333334,0.9013368935431062,2.6,DEPTH,RESEARCH_ONLY_EXACT_REPLAY,True,False,STABLE_TEAM,BLOCKED_MISSING_HISTORICAL_SLEEPER_BASELINE,True
fie-final-league-board-v1,1399318410818519040,2026,00-0037524,00-0037524,8250,Tay Martin,DET,WR,SEASON,M9,BLOCKED_STATISTICS,MARKET_FALLBACK,MARKET_BASE,MARKET_BASE,,,,,,,,,,153.7064827442174,,534.0,adp_ppr,,317.0,,,UNAVAILABLE,False,10.0,True,True,,False,False,False,0.0,0.0,0.0,"['M9_PRODUCTION_MODEL', 'CURRENT_PLAYER_MATCH']",,,,prior_season_games_below_gate,0.0563060869237183,0.0299607358219246,0.1012617410815205,4.0,4.0,M9.1c,,,,,,,,,UNRANKED,BASELINE_ONLY,False,False,NO_PROFILE,BLOCKED_MISSING_HISTORICAL_SLEEPER_BASELINE,False
fie-final-league-board-v1,1399318410818519040,2026,00-0041048,00-0041048,13317,Ted Hurst,TB,WR,SEASON,M9,BLOCKED_STATISTICS,FIE_M9_DIAGNOSTIC_MARKET_ANCHORED,DIAGNOSTIC_MARKET_ANCHORED,DIAGNOSTIC_MARKET_ANCHORED,97.9,5.758823529411764,71.34175148353654,83.04835149381731,96.94486658579136,111.73780845297168,125.85682452415318,,218.0,153.7064827442174,-55.80648274421739,239.6,adp_ppr,,225.0,,7.0,IRRELEVANT,False,62.0,True,True,,False,False,False,0.0,0.0,0.0,"['LEAGUE_SPECIFIC_VORP', 'M9_PRODUCTION_MODEL', 'CURRENT_PLAYER_MATCH']",,,,prior_season_profile_unavailable,0.0563060869237183,0.0299607358219246,0.1012617410815205,4.0,4.0,M9.1c,97.9,0.0,,,,,,,DEPTH,BASELINE_ONLY,False,False,NO_PROFILE,BLOCKED_MISSING_HISTORICAL_SLEEPER_BASELINE,False
fie-final-league-board-v1,1399318410818519040,2026,00-0039397,00-0039397,11802,Tejhaun Palmer,NE,WR,SEASON,M9,BLOCKED_STATISTICS,MARKET_FALLBACK,MARKET_BASE,MARKET_BASE,,,,,,,,,,153.7064827442174,,,adp_ppr,,,,,UNAVAILABLE,False,10.0,True,True,,False,False,False,,,,"['M9_PRODUCTION_MODEL', 'CURRENT_PLAYER_MATCH']",,,,prior_season_profile_unavailable,0.0563060869237183,0.0299607358219246,0.1012617410815205,4.0,4.0,M9.1c,,,,,,,,,UNRANKED,BASELINE_ONLY,False,False,NO_PROFILE,BLOCKED_MISSING_HISTORICAL_SLEEPER_BASELINE,False
fie-final-league-board-v1,1399318410818519040,2026,14040,,14040,Terrill Davis,MIN,WR,SEASON,M9,BLOCKED_STATISTICS,MARKET_FALLBACK,MARKET_BASE,MARKET_BASE,,,,,,,,,,153.7064827442174,,,adp_ppr,,,,,UNAVAILABLE,False,10.0,True,True,,False,False,False,,,,"['M9_PRODUCTION_MODEL', 'CURRENT_PLAYER_MATCH']",,,,prior_season_profile_unavailable,0.0563060869237183,0.0299607358219246,0.1012617410815205,4.0,4.0,M9.1c,,,,,,,,,UNRANKED,BASELINE_ONLY,False,False,NO_PROFILE,BLOCKED_MISSING_HISTORICAL_SLEEPER_BASELINE,False
fie-final-league-board-v1,1399318410818519040,2026,00-0040237,00-0040237,12485,Tez Johnson,TB,WR,SEASON,M9,BLOCKED_STATISTICS,FIE_M9_VALIDATED_PRESEASON,PRODUCTION,PRODUCTION,90.93321437651092,5.349012610382995,64.5075010783123,76.27614688110229,89.96343487739945,104.63474626025162,118.7021014978656,,232.0,153.7064827442174,-62.77326836770648,,adp_ppr,,,,,IRRELEVANT,False,93.0,True,True,,False,False,False,,,,"['LEAGUE_SPECIFIC_VORP', 'M9_PRODUCTION_MODEL', 'CURRENT_PLAYER_MATCH']",V9.7.2,91.3768892754168,0.4436748989058969,validated_component_shadow,0.0563060869237183,0.0299607358219246,0.1012617410815205,4.0,4.0,M9.1c,41.85000000000001,3.450000000000003,90.93321437651092,1.4130771718206274,0.9166666666666666,0.8333333333333333,0.8874736238688593,3.4499999999999997,DEPTH,RESEARCH_ONLY_EXACT_REPLAY,True,False,STABLE_TEAM,BLOCKED_MISSING_HISTORICAL_SLEEPER_BASELINE,True
fie-final-league-board-v1,1399318410818519040,2026,6465,,6465,Thomas Ives,CHI,WR,SEASON,M9,BLOCKED_STATISTICS,MARKET_FALLBACK,MARKET_BASE,MARKET_BASE,,,,,,,,,,153.7064827442174,,,adp_ppr,,,,,UNAVAILABLE,False,10.0,True,True,,False,False,False,,,,"['M9_PRODUCTION_MODEL', 'CURRENT_PLAYER_MATCH']",,,,prior_season_profile_unavailable,0.0563060869237183,0.0299607358219246,0.1012617410815205,4.0,4.0,M9.1c,,,,,,,,,UNRANKED,BASELINE_ONLY,False,False,NO_PROFILE,BLOCKED_MISSING_HISTORICAL_SLEEPER_BASELINE,False
fie-final-league-board-v1,1399318410818519040,2026,00-0036497,00-0036497,8013,Tim Jones,JAX,WR,SEASON,M9,BLOCKED_STATISTICS,FIE_M9_VALIDATED_PRESEASON,PRODUCTION,PRODUCTION,29.116377419097784,1.7127280834763403,7.979311164798613,16.988738882971287,27.86921832401708,39.66307076305374,52.02214172305517,,412.0,153.7064827442174,-124.5901053251196,642.0,adp_ppr,,388.0,,-24.0,IRRELEVANT,False,90.0,True,True,,False,False,False,0.0,0.0,0.0,"['LEAGUE_SPECIFIC_VORP', 'M9_PRODUCTION_MODEL', 'CURRENT_PLAYER_MATCH']",,,,prior_season_games_below_gate,0.0563060869237183,0.0299607358219246,0.1012617410815205,4.0,4.0,M9.1c,,,,,,,,,UNRANKED,BASELINE_ONLY,False,False,NO_PROFILE,BLOCKED_MISSING_HISTORICAL_SLEEPER_BASELINE,False
fie-final-league-board-v1,1399318410818519040,2026,00-0033375,00-0033375,4351,Tim Patrick,NYJ,WR,SEASON,M9,BLOCKED_STATISTICS,FIE_M9_DIAGNOSTIC_MARKET_ANCHORED,DIAGNOSTIC_MARKET_ANCHORED,DIAGNOSTIC_MARKET_ANCHORED,13.7,0.8058823529411764,-6.130621705638589,2.0833955576538443,12.531190771274652,23.708388918331032,34.96464000914281,,464.0,153.7064827442174,-140.0064827442174,573.0,adp_ppr,,329.0,,-135.0,IRRELEVANT,False,55.0,True,True,,False,False,False,0.0,0.0,0.0,"['LEAGUE_SPECIFIC_VORP', 'M9_PRODUCTION_MODEL', 'CURRENT_PLAYER_MATCH']",,,,team_change_guardrail,0.0563060869237183,0.0299607358219246,0.1012617410815205,4.0,4.0,M9.1c,12.508803942155287,-1.1911960578447118,50.39433246168431,-2.5220849635424014,0.0416666666666666,0.9166666666666666,0.850854327031937,5.6,DEPTH,RESEARCH_ONLY_TRANSITION_EXACT_REPLAY,True,True,NEW_TEAM_CONTEXT_REBUILT_V3,BLOCKED_MISSING_HISTORICAL_SLEEPER_BASELINE,True
fie-final-league-board-v1,1399318410818519040,2026,00-0040648,00-0040648,12497,Tory Horton,SEA,WR,SEASON,M9,BLOCKED_STATISTICS,FIE_M9_VALIDATED_PRESEASON,PRODUCTION,PRODUCTION,95.6679290150418,5.627525236178929,68.77492599686857,81.03706098885745,94.76823688329098,109.5782043087699,123.61118261432846,,222.0,153.7064827442174,-58.03855372917559,228.7,adp_ppr,,200.0,,-22.0,IRRELEVANT,False,92.0,True,True,,False,False,False,0.0,0.0,0.0,"['LEAGUE_SPECIFIC_VORP', 'M9_PRODUCTION_MODEL', 'CURRENT_PLAYER_MATCH']",V9.7.2,80.60300853717558,-15.064920477866224,validated_component_shadow,0.0563060869237183,0.0299607358219246,0.1012617410815205,4.0,4.0,M9.1c,88.8062589293629,-3.1937410706371026,95.6679290150418,-0.0733212394508081,0.4166666666666667,0.1666666666666666,0.519307491160505,25.65,DEPTH,RESEARCH_ONLY_EXACT_REPLAY,True,False,STABLE_TEAM,BLOCKED_MISSING_HISTORICAL_SLEEPER_BASELINE,True
fie-final-league-board-v1,1399318410818519040,2026,14038,,14038,Trayvon Rudolph,MIN,WR,SEASON,M9,BLOCKED_STATISTICS,MARKET_FALLBACK,MARKET_BASE,MARKET_BASE,,,,,,,,,,153.7064827442174,,514.0,adp_ppr,,309.0,,,UNAVAILABLE,False,10.0,True,True,,False,False,False,0.0,0.0,0.0,"['M9_PRODUCTION_MODEL', 'CURRENT_PLAYER_MATCH']",,,,prior_season_profile_unavailable,0.0563060869237183,0.0299607358219246,0.1012617410815205,4.0,4.0,M9.1c,,,,,,,,,UNRANKED,BASELINE_ONLY,False,False,NO_PROFILE,BLOCKED_MISSING_HISTORICAL_SLEEPER_BASELINE,False
fie-final-league-board-v1,1399318410818519040,2026,00-0040727,00-0040727,12509,Tre' Harris,LAC,WR,SEASON,M9,BLOCKED_STATISTICS,FIE_M9_VALIDATED_PRESEASON,PRODUCTION,PRODUCTION,75.05227233340965,4.414839549024097,49.84425752623146,61.09429734859603,74.12149789210204,88.00147460055113,101.56834786414116,,259.0,153.7064827442174,-78.65421041080775,230.5,adp_ppr,,208.0,,-51.0,IRRELEVANT,False,94.0,True,True,,False,False,False,0.0,0.0,0.0,"['LEAGUE_SPECIFIC_VORP', 'M9_PRODUCTION_MODEL', 'CURRENT_PLAYER_MATCH']",V9.7.2,80.7188280007476,5.66655566733796,validated_component_shadow,0.0563060869237183,0.0299607358219246,0.1012617410815205,4.0,4.0,M9.1c,110.53663667297658,-2.3633633270234213,75.05227233340965,-1.0406541266572802,0.1111111111111111,0.7777777777777778,0.5496193783775388,24.21533770252831,COMMITTEE_FRINGE,RESEARCH_ONLY_EXACT_REPLAY,True,False,STABLE_TEAM,BLOCKED_MISSING_HISTORICAL_SLEEPER_BASELINE,True
fie-final-league-board-v1,1399318410818519040,2026,00-0041216,00-0041216,13356,Trebor Pena,JAX,WR,SEASON,M9,BLOCKED_STATISTICS,FIE_M9_DIAGNOSTIC_MARKET_ANCHORED,DIAGNOSTIC_MARKET_ANCHORED,DIAGNOSTIC_MARKET_ANCHORED,6.6,0.388235294117647,-12.59002412508708,-4.470577489530481,5.302685133770645,16.082102655570395,27.2411579220715,,493.0,153.7064827442174,-147.1064827442174,662.5,adp_ppr,,417.0,,-76.0,IRRELEVANT,False,62.0,True,True,,False,False,False,0.0,0.0,0.0,"['LEAGUE_SPECIFIC_VORP', 'M9_PRODUCTION_MODEL', 'CURRENT_PLAYER_MATCH']",,,,prior_season_profile_unavailable,0.0563060869237183,0.0299607358219246,0.1012617410815205,4.0,4.0,M9.1c,6.6,0.0,,,,,,,DEPTH,BASELINE_ONLY,False,False,NO_PROFILE,BLOCKED_MISSING_HISTORICAL_SLEEPER_BASELINE,False
fie-final-league-board-v1,1399318410818519040,2026,00-0035341,00-0035341,6598,Trenton Irwin,SF,WR,SEASON,M9,BLOCKED_STATISTICS,MARKET_FALLBACK,MARKET_BASE,MARKET_BASE,,,,,,,,,,153.7064827442174,,482.0,adp_ppr,,295.0,,,UNAVAILABLE,False,10.0,True,True,,False,False,False,0.0,0.0,0.0,"['M9_PRODUCTION_MODEL', 'CURRENT_PLAYER_MATCH']",,,,prior_season_profile_unavailable,0.0563060869237183,0.0299607358219246,0.1012617410815205,4.0,4.0,M9.1c,,,,,,,,,UNRANKED,BASELINE_ONLY,False,False,NO_PROFILE,BLOCKED_MISSING_HISTORICAL_SLEEPER_BASELINE,False
fie-final-league-board-v1,1399318410818519040,2026,00-0039052,00-0039052,9492,Trey Palmer,NO,WR,SEASON,M9,BLOCKED_STATISTICS,MARKET_FALLBACK,MARKET_BASE,MARKET_BASE,,,,,,,,,,153.7064827442174,,,adp_ppr,,,,,UNAVAILABLE,False,10.0,True,True,,False,False,False,,,,"['M9_PRODUCTION_MODEL', 'CURRENT_PLAYER_MATCH']",,,,prior_season_profile_unavailable,0.0563060869237183,0.0299607358219246,0.1012617410815205,4.0,4.0,M9.1c,,,,,,,,,UNRANKED,BASELINE_ONLY,False,False,NO_PROFILE,BLOCKED_MISSING_HISTORICAL_SLEEPER_BASELINE,False
fie-final-league-board-v1,1399318410818519040,2026,00-0037742,00-0037742,8135,Treylon Burks,WAS,WR,SEASON,M9,BLOCKED_STATISTICS,FIE_M9_VALIDATED_PRESEASON,PRODUCTION,PRODUCTION,63.93929571117767,3.7611350418339806,39.31665924493509,50.135923298882496,63.01540938409746,76.51468553357444,89.51742359458416,,297.0,153.7064827442174,-89.76718703303973,,adp_ppr,,,,,IRRELEVANT,False,92.0,True,True,,False,False,False,,,,"['LEAGUE_SPECIFIC_VORP', 'M9_PRODUCTION_MODEL', 'CURRENT_PLAYER_MATCH']",V9.7.2,59.95104382501231,-3.988251886165365,validated_component_shadow,0.0563060869237183,0.0299607358219246,0.1012617410815205,4.0,4.0,M9.1c,36.3898518247557,1.589851824755698,63.93929571117767,0.0360671491975522,0.6666666666666666,0.3333333333333332,0.9084867570032564,2.849999999999998,DEPTH,RESEARCH_ONLY_EXACT_REPLAY,True,False,STABLE_TEAM,BLOCKED_MISSING_HISTORICAL_SLEEPER_BASELINE,True
fie-final-league-board-v1,1399318410818519040,2026,13862,,13862,Treyvhon Saunders,HOU,WR,SEASON,M9,BLOCKED_STATISTICS,MARKET_FALLBACK,MARKET_BASE,MARKET_BASE,,,,,,,,,,153.7064827442174,,646.5,adp_ppr,,395.0,,,UNAVAILABLE,False,10.0,True,True,,False,False,False,0.0,0.0,0.0,"['M9_PRODUCTION_MODEL', 'CURRENT_PLAYER_MATCH']",,,,prior_season_profile_unavailable,0.0563060869237183,0.0299607358219246,0.1012617410815205,4.0,4.0,M9.1c,,,,,,,,,UNRANKED,BASELINE_ONLY,False,False,NO_PROFILE,BLOCKED_MISSING_HISTORICAL_SLEEPER_BASELINE,False
fie-final-league-board-v1,1399318410818519040,2026,00-0039868,00-0039868,11627,Troy Franklin,DEN,WR,SEASON,M9,BLOCKED_STATISTICS,FIE_M9_VALIDATED_PRESEASON,PRODUCTION,PRODUCTION,146.84427207735897,8.637898357491704,117.81665155778514,131.02006806804323,146.03629341932228,161.6383114629684,176.7379195149457,,149.0,153.7064827442174,-6.862210666858431,241.8,adp_ppr,,233.0,,84.0,IRRELEVANT,False,94.0,True,True,,False,False,False,0.0,0.0,0.0,"['LEAGUE_SPECIFIC_VORP', 'M9_PRODUCTION_MODEL', 'CURRENT_PLAYER_MATCH']",V9.7.2,156.82426917525373,9.979997097894769,validated_component_shadow,0.0563060869237183,0.0299607358219246,0.1012617410815205,4.0,4.0,M9.1c,72.05383341851321,5.953833418513199,146.84427207735897,2.748734618307963,1.0,1.0,0.6542674086278236,14.299999999999995,COMMITTEE_FRINGE,RESEARCH_ONLY_EXACT_REPLAY,True,False,STABLE_TEAM,BLOCKED_MISSING_HISTORICAL_SLEEPER_BASELINE,True
fie-final-league-board-v1,1399318410818519040,2026,00-0036849,00-0036849,7562,Tutu Atwell,LAR,WR,SEASON,M9,BLOCKED_STATISTICS,FIE_M9_DIAGNOSTIC_MARKET_ANCHORED,DIAGNOSTIC_MARKET_ANCHORED,DIAGNOSTIC_MARKET_ANCHORED,10.7,0.6294117647058823,-8.510727015139867,-0.788480221527827,9.05391699693564,20.446586818182183,31.686047558148587,,480.0,153.7064827442174,-143.0064827442174,,adp_ppr,,,,,IRRELEVANT,False,55.0,True,True,,False,False,False,,,,"['LEAGUE_SPECIFIC_VORP', 'M9_PRODUCTION_MODEL', 'CURRENT_PLAYER_MATCH']",,,,team_change_guardrail,0.0563060869237183,0.0299607358219246,0.1012617410815205,4.0,4.0,M9.1c,11.591045428582412,0.8910454285824141,72.15997974656499,0.0022557796623907,0.5833333333333334,0.1666666666666667,0.9379425564025404,2.599999999999999,DEPTH,RESEARCH_ONLY_EXACT_REPLAY,True,False,STABLE_TEAM,BLOCKED_MISSING_HISTORICAL_SLEEPER_BASELINE,True
fie-final-league-board-v1,1399318410818519040,2026,00-0036630,00-0036630,7595,Tylan Wallace,CLE,WR,SEASON,M9,BLOCKED_STATISTICS,FIE_M9_DIAGNOSTIC_MARKET_ANCHORED,DIAGNOSTIC_MARKET_ANCHORED,DIAGNOSTIC_MARKET_ANCHORED,4.2,0.2470588235294116,-14.632123054033595,-6.902661308806103,2.857412545246291,13.621875299378589,24.45976525606501,,504.0,153.7064827442174,-149.5064827442174,669.8,adp_ppr,,436.0,,-68.0,IRRELEVANT,False,55.0,True,True,,False,False,False,0.0,0.0,0.0,"['LEAGUE_SPECIFIC_VORP', 'M9_PRODUCTION_MODEL', 'CURRENT_PLAYER_MATCH']",,,,team_change_guardrail,0.0563060869237183,0.0299607358219246,0.1012617410815205,4.0,4.0,M9.1c,4.060727935171474,-0.1392720648285266,24.85985197639552,-0.425862101828705,0.2916666666666667,0.4166666666666666,0.9284804321901756,1.0,DEPTH,RESEARCH_ONLY_TRANSITION_EXACT_REPLAY,True,True,NEW_TEAM_CONTEXT_REBUILT_V3,BLOCKED_MISSING_HISTORICAL_SLEEPER_BASELINE,True
fie-final-league-board-v1,1399318410818519040,2026,00-0036427,00-0036427,6960,Tyler Johnson,DAL,WR,SEASON,M9,BLOCKED_STATISTICS,FIE_M9_DIAGNOSTIC_MARKET_ANCHORED,DIAGNOSTIC_MARKET_ANCHORED,DIAGNOSTIC_MARKET_ANCHORED,6.5,0.3823529411764705,-12.507711545296292,-4.508897944097473,5.225488155091114,15.96673556512173,26.80984120599942,,494.0,153.7064827442174,-147.2064827442174,537.5,adp_ppr,,320.0,,-174.0,IRRELEVANT,False,55.0,True,True,,False,False,False,0.0,0.0,0.0,"['LEAGUE_SPECIFIC_VORP', 'M9_PRODUCTION_MODEL', 'CURRENT_PLAYER_MATCH']",,,,team_change_guardrail,0.0563060869237183,0.0299607358219246,0.1012617410815205,4.0,4.0,M9.1c,6.639176504238685,0.1391765042386854,53.2582659963877,0.4275777725863202,0.625,0.25,0.9278433615912378,1.0,DEPTH,RESEARCH_ONLY_TRANSITION_EXACT_REPLAY,True,True,NEW_TEAM_CONTEXT_REBUILT_V3,BLOCKED_MISSING_HISTORICAL_SLEEPER_BASELINE,True
fie-final-league-board-v1,1399318410818519040,2026,00-0038104,00-0038104,8188,Tyquan Thornton,KC,WR,SEASON,M9,BLOCKED_STATISTICS,FIE_M9_VALIDATED_PRESEASON,PRODUCTION,PRODUCTION,98.46702141688384,5.792177730404933,71.54024371269306,83.82157929453052,97.55140341303851,111.93423599712516,126.6873504325817,,216.0,153.7064827442174,-55.23946132733356,,adp_ppr,,,,,IRRELEVANT,False,93.0,True,True,,False,False,False,,,,"['LEAGUE_SPECIFIC_VORP', 'M9_PRODUCTION_MODEL', 'CURRENT_PLAYER_MATCH']",V9.7.2,107.26768537460086,8.80066395771702,validated_component_shadow,0.0563060869237183,0.0299607358219246,0.1012617410815205,4.0,4.0,M9.1c,63.60936105383337,1.0093610538333664,98.46702141688384,0.0,0.5555555555555556,0.1111111111111111,0.6512006798924947,14.699999999999996,COMMITTEE_FRINGE,RESEARCH_ONLY_EXACT_REPLAY,True,False,STABLE_TEAM,BLOCKED_MISSING_HISTORICAL_SLEEPER_BASELINE,True
fie-final-league-board-v1,1399318410818519040,2026,00-0038679,00-0038679,11377,Tyrell Shavers,BUF,WR,SEASON,M9,BLOCKED_STATISTICS,FIE_M9_VALIDATED_PRESEASON,PRODUCTION,PRODUCTION,68.42564638135708,4.02503802243277,43.3584765413547,54.48189711065696,67.1766605678787,81.3337216564507,94.93250341148686,,282.0,153.7064827442174,-85.28083636286031,651.4,adp_ppr,,404.0,,122.0,IRRELEVANT,False,92.0,True,True,,False,False,False,0.0,0.0,0.0,"['LEAGUE_SPECIFIC_VORP', 'M9_PRODUCTION_MODEL', 'CURRENT_PLAYER_MATCH']",V9.7.2,70.32354014753301,1.897893766175926,validated_component_shadow,0.0563060869237183,0.0299607358219246,0.1012617410815205,4.0,4.0,M9.1c,4.4909274250888265,0.4909274250888265,68.42564638135708,2.12847409939034,0.75,0.5,0.9818548501776524,1.0,DEPTH,RESEARCH_ONLY_EXACT_REPLAY,True,False,STABLE_TEAM,BLOCKED_MISSING_HISTORICAL_SLEEPER_BASELINE,True
fie-final-league-board-v1,1399318410818519040,2026,00-0037745,00-0037745,8223,Velus Jones,SEA,WR,SEASON,M9,BLOCKED_STATISTICS,FIE_M9_VALIDATED_PRESEASON,PRODUCTION,PRODUCTION,22.184391898868263,1.304964229345192,1.8506064130366475,10.111292966445276,20.96004656974027,32.67316253049969,43.77591948701169,,447.0,153.7064827442174,-131.52209084534914,693.3,adp_ppr,,484.0,,37.0,IRRELEVANT,False,91.0,True,True,,False,False,False,0.0,0.0,0.0,"['LEAGUE_SPECIFIC_VORP', 'M9_PRODUCTION_MODEL', 'CURRENT_PLAYER_MATCH']",V9.7.2,14.997242686057987,-7.187149212810274,validated_component_shadow,0.0563060869237183,0.0299607358219246,0.1012617410815205,4.0,4.0,M9.1c,,,,,,,,,UNRANKED,BASELINE_ONLY,False,False,NO_PROFILE,BLOCKED_MISSING_HISTORICAL_SLEEPER_BASELINE,False
fie-final-league-board-v1,1399318410818519040,2026,00-0041185,00-0041185,13343,Vinny Anthony,ATL,WR,SEASON,M9,BLOCKED_STATISTICS,MARKET_FALLBACK,MARKET_BASE,MARKET_BASE,,,,,,,,,,153.7064827442174,,,adp_ppr,,,,,UNAVAILABLE,False,10.0,True,True,,False,False,False,,,,"['M9_PRODUCTION_MODEL', 'CURRENT_PLAYER_MATCH']",,,,prior_season_profile_unavailable,0.0563060869237183,0.0299607358219246,0.1012617410815205,4.0,4.0,M9.1c,,,,,,,,,UNRANKED,BASELINE_ONLY,False,False,NO_PROFILE,BLOCKED_MISSING_HISTORICAL_SLEEPER_BASELINE,False
fie-final-league-board-v1,1399318410818519040,2026,13663,,13663,Wesley Grimes,SF,WR,SEASON,M9,BLOCKED_STATISTICS,MARKET_FALLBACK,MARKET_BASE,MARKET_BASE,,,,,,,,,,153.7064827442174,,,adp_ppr,,,,,UNAVAILABLE,False,10.0,True,True,,False,False,False,,,,"['M9_PRODUCTION_MODEL', 'CURRENT_PLAYER_MATCH']",,,,prior_season_profile_unavailable,0.0563060869237183,0.0299607358219246,0.1012617410815205,4.0,4.0,M9.1c,,,,,,,,,UNRANKED,BASELINE_ONLY,False,False,NO_PROFILE,BLOCKED_MISSING_HISTORICAL_SLEEPER_BASELINE,False
fie-final-league-board-v1,1399318410818519040,2026,13662,,13662,Will Pauling,SF,WR,SEASON,M9,BLOCKED_STATISTICS,MARKET_FALLBACK,MARKET_BASE,MARKET_BASE,,,,,,,,,,153.7064827442174,,694.0,adp_ppr,,487.0,,,UNAVAILABLE,False,10.0,True,True,,False,False,False,0.0,0.0,0.0,"['M9_PRODUCTION_MODEL', 'CURRENT_PLAYER_MATCH']",,,,prior_season_profile_unavailable,0.0563060869237183,0.0299607358219246,0.1012617410815205,4.0,4.0,M9.1c,,,,,,,,,UNRANKED,BASELINE_ONLY,False,False,NO_PROFILE,BLOCKED_MISSING_HISTORICAL_SLEEPER_BASELINE,False
fie-final-league-board-v1,1399318410818519040,2026,12788,,12788,Will Sheppard,GB,WR,SEASON,M9,BLOCKED_STATISTICS,MARKET_FALLBACK,MARKET_BASE,MARKET_BASE,,,,,,,,,,153.7064827442174,,666.0,adp_ppr,,425.0,,,UNAVAILABLE,False,10.0,True,True,,False,False,False,0.0,0.0,0.0,"['M9_PRODUCTION_MODEL', 'CURRENT_PLAYER_MATCH']",,,,prior_season_profile_unavailable,0.0563060869237183,0.0299607358219246,0.1012617410815205,4.0,4.0,M9.1c,,,,,,,,,UNRANKED,BASELINE_ONLY,False,False,NO_PROFILE,BLOCKED_MISSING_HISTORICAL_SLEEPER_BASELINE,False
fie-final-league-board-v1,1399318410818519040,2026,00-0038496,00-0038496,11306,Xavier Gipson,NYG,WR,SEASON,M9,BLOCKED_STATISTICS,MARKET_FALLBACK,MARKET_BASE,MARKET_BASE,,,,,,,,,,153.7064827442174,,531.0,adp_ppr,,316.0,,,UNAVAILABLE,False,11.0,True,True,,False,False,False,0.0,0.0,0.0,"['M9_PRODUCTION_MODEL', 'CURRENT_PLAYER_MATCH']",,,,team_change_guardrail,0.0563060869237183,0.0299607358219246,0.1012617410815205,4.0,4.0,M9.1c,,,,,,,,,UNRANKED,BASELINE_ONLY,False,False,NO_PROFILE,BLOCKED_MISSING_HISTORICAL_SLEEPER_BASELINE,False
fie-final-league-board-v1,1399318410818519040,2026,00-0038618,00-0038618,10218,Xavier Hutchinson,HOU,WR,SEASON,M9,BLOCKED_STATISTICS,FIE_M9_VALIDATED_PRESEASON,PRODUCTION,PRODUCTION,94.14607497624854,5.538004410367561,67.33882376627037,79.59345694617862,93.22644017465151,108.08483113716152,121.89761188958876,,227.0,153.7064827442174,-59.56040776796885,,adp_ppr,,,,,IRRELEVANT,False,94.0,True,True,,False,False,False,,,,"['LEAGUE_SPECIFIC_VORP', 'M9_PRODUCTION_MODEL', 'CURRENT_PLAYER_MATCH']",V9.7.2,107.51170054647928,13.365625570230748,validated_component_shadow,0.0563060869237183,0.0299607358219246,0.1012617410815205,4.0,4.0,M9.1c,39.05,2.3500000000000014,94.14607497624854,1.590056203774102,1.0,1.0,0.9008488043621732,2.3500000000000014,DEPTH,RESEARCH_ONLY_EXACT_REPLAY,True,False,STABLE_TEAM,BLOCKED_MISSING_HISTORICAL_SLEEPER_BASELINE,True
fie-final-league-board-v1,1399318410818519040,2026,00-0039473,00-0039473,11969,Xavier Johnson,CIN,WR,SEASON,M9,BLOCKED_STATISTICS,MARKET_FALLBACK,MARKET_BASE,MARKET_BASE,,,,,,,,,,153.7064827442174,,469.4,adp_ppr,,293.0,,,UNAVAILABLE,False,10.0,True,True,,False,False,False,0.0,0.0,0.0,"['M9_PRODUCTION_MODEL', 'CURRENT_PLAYER_MATCH']",,,,prior_season_profile_unavailable,0.0563060869237183,0.0299607358219246,0.1012617410815205,4.0,4.0,M9.1c,,,,,,,,,UNRANKED,BASELINE_ONLY,False,False,NO_PROFILE,BLOCKED_MISSING_HISTORICAL_SLEEPER_BASELINE,False
fie-final-league-board-v1,1399318410818519040,2026,00-0039342,00-0039342,11626,Xavier Legette,CAR,WR,SEASON,M9,BLOCKED_STATISTICS,FIE_M9_VALIDATED_PRESEASON,PRODUCTION,PRODUCTION,90.37174701349603,5.315985118440943,64.16708328554381,75.76974794204448,89.70482183717554,103.88193058507288,117.64378764561984,,234.0,153.7064827442174,-63.33473573072136,,adp_ppr,,,,,IRRELEVANT,False,93.0,True,True,,False,False,False,,,,"['LEAGUE_SPECIFIC_VORP', 'M9_PRODUCTION_MODEL', 'CURRENT_PLAYER_MATCH']",V9.7.2,96.27790090751304,5.906153894016995,validated_component_shadow,0.0563060869237183,0.0299607358219246,0.1012617410815205,4.0,4.0,M9.1c,58.64814725587342,-7.351852744126582,90.37174701349603,-0.6446894456186663,0.3333333333333333,0.3333333333333333,0.6534980217001413,14.400000000000006,COMMITTEE_FRINGE,RESEARCH_ONLY_EXACT_REPLAY,True,False,STABLE_TEAM,BLOCKED_MISSING_HISTORICAL_SLEEPER_BASELINE,True
fie-final-league-board-v1,1399318410818519040,2026,00-0040522,00-0040522,12520,Xavier Restrepo,TEN,WR,SEASON,M9,BLOCKED_STATISTICS,FIE_M9_VALIDATED_PRESEASON,PRODUCTION,PRODUCTION,70.97210188374576,4.1748295225732805,45.87186878573482,57.04792951327629,70.10144209203243,83.76317984529497,96.77878517191638,,273.0,153.7064827442174,-82.73438086047163,675.0,adp_ppr,,445.0,,172.0,IRRELEVANT,False,90.0,True,True,,False,False,False,0.0,0.0,0.0,"['LEAGUE_SPECIFIC_VORP', 'M9_PRODUCTION_MODEL', 'CURRENT_PLAYER_MATCH']",,,,prior_season_games_below_gate,0.0563060869237183,0.0299607358219246,0.1012617410815205,4.0,4.0,M9.1c,5.193291126382941,0.393291126382941,70.97210188374576,1.045965985412635,0.8333333333333334,0.6666666666666667,0.9832278159573506,1.0,DEPTH,RESEARCH_ONLY_EXACT_REPLAY,True,False,STABLE_TEAM,BLOCKED_MISSING_HISTORICAL_SLEEPER_BASELINE,True
fie-final-league-board-v1,1399318410818519040,2026,00-0038359,00-0038359,11168,Xavier Smith,LAR,WR,SEASON,M9,BLOCKED_STATISTICS,FIE_M9_DIAGNOSTIC_MARKET_ANCHORED,DIAGNOSTIC_MARKET_ANCHORED,DIAGNOSTIC_MARKET_ANCHORED,24.1,1.4176470588235297,3.287402844536423,11.842479768515824,22.695775738994705,34.77066785565089,46.57197060097294,,436.0,153.7064827442174,-129.6064827442174,551.0,adp_ppr,,322.0,,-114.0,IRRELEVANT,False,55.0,True,True,,False,False,False,0.0,0.0,0.0,"['LEAGUE_SPECIFIC_VORP', 'M9_PRODUCTION_MODEL', 'CURRENT_PLAYER_MATCH']",,,,team_change_guardrail,0.0563060869237183,0.0299607358219246,0.1012617410815205,4.0,4.0,M9.1c,22.749899345373976,-1.3501006546260257,59.20870358889836,-0.2578976995907731,0.4166666666666667,0.1666666666666666,0.8710326804038875,5.450000000000001,DEPTH,RESEARCH_ONLY_EXACT_REPLAY,True,False,STABLE_TEAM,BLOCKED_MISSING_HISTORICAL_SLEEPER_BASELINE,True
fie-final-league-board-v1,1399318410818519040,2026,00-0039521,00-0039521,11921,Xavier Weaver,ARI,WR,SEASON,M9,BLOCKED_STATISTICS,FIE_M9_VALIDATED_PRESEASON,PRODUCTION,PRODUCTION,37.24734403234987,2.191020237197052,15.633244522809145,24.99560401210948,36.2418007830568,48.11699242086809,60.21587850377684,,385.0,153.7064827442174,-116.45913871186752,647.0,adp_ppr,,400.0,,15.0,IRRELEVANT,False,91.0,True,True,,False,False,False,0.0,0.0,0.0,"['LEAGUE_SPECIFIC_VORP', 'M9_PRODUCTION_MODEL', 'CURRENT_PLAYER_MATCH']",V9.7.2,35.947034748035406,-1.3003092843144657,validated_component_shadow,0.0563060869237183,0.0299607358219246,0.1012617410815205,4.0,4.0,M9.1c,6.9040402063107305,-0.1959597936892692,37.24734403234987,-0.7989656326571358,0.1666666666666666,0.6666666666666667,0.9797989684463432,1.0,DEPTH,RESEARCH_ONLY_EXACT_REPLAY,True,False,STABLE_TEAM,BLOCKED_MISSING_HISTORICAL_SLEEPER_BASELINE,True
fie-final-league-board-v1,1399318410818519040,2026,00-0041051,00-0041051,13411,Zavion Thomas,CHI,WR,SEASON,M9,BLOCKED_STATISTICS,FIE_M9_DIAGNOSTIC_MARKET_ANCHORED,DIAGNOSTIC_MARKET_ANCHORED,DIAGNOSTIC_MARKET_ANCHORED,57.2,3.364705882352941,33.738629001692814,43.64681551012423,55.793618728127086,69.2649127568577,82.48580383652138,,321.0,153.7064827442174,-96.5064827442174,,adp_ppr,,,,,IRRELEVANT,False,62.0,True,True,,False,False,False,,,,"['LEAGUE_SPECIFIC_VORP', 'M9_PRODUCTION_MODEL', 'CURRENT_PLAYER_MATCH']",,,,prior_season_profile_unavailable,0.0563060869237183,0.0299607358219246,0.1012617410815205,4.0,4.0,M9.1c,57.2,0.0,,,,,,,COMMITTEE_FRINGE,BASELINE_ONLY,False,False,NO_PROFILE,BLOCKED_MISSING_HISTORICAL_SLEEPER_BASELINE,False
