sleeper_id,canonical_player_id,full_name,identity_join_method,position_model,team,profile_team,team_changed,market_adp,market_adp_key,sleeper_market_projection,sleeper_market_projection_source,sleeper_market_raw_coverage,sleeper_market_missing_keys,sleeper_market_published_key,fie_season_mean,fie_ppg,p10,p25,p50,p75,p90,confidence,projection_source,scoring_coverage,scoring_unsupported,raw_projected_stats_per_game,active_return_scoring,validated_return_targets,driver_contributions_ppg,diagnostic_position_gate,diagnostic_status,diagnostic_eligible,diagnostic_raw_mean,diagnostic_raw_ppg,diagnostic_model_supported_mean,diagnostic_model_scoring_keys,diagnostic_model_unsupported,diagnostic_model_coverage,diagnostic_component_model_mean,diagnostic_component_market_mean,diagnostic_component_raw_delta,diagnostic_common_scoring_keys,diagnostic_bridge_unsupported,diagnostic_bridge_coverage,diagnostic_scoring_coverage,diagnostic_scoring_unsupported,diagnostic_driver_contributions_ppg,diagnostic_confidence,market_position_rank,fie_position_rank,comparison_eligible,rank_edge,fie_production_mean,diagnostic_center_offset,diagnostic_market_anchor_mean,diagnostic_model_anchor_mean,fie_diagnostic_mean,diagnostic_delta_points,diagnostic_delta_pct,diagnostic_position_rank,diagnostic_rank_delta,diagnostic_comparison_eligible,diagnostic_p10,diagnostic_p25,diagnostic_p50,diagnostic_p75,diagnostic_p90,reason,evidence_status
4984,00-0034857,Josh Allen,canonical_id,QB,BUF,BUF,False,8.1,adp_dynasty_ppr,405.5,SLEEPER_RAW_LEAGUE_REPLAY,1.0,,pts_ppr,405.5,23.852941176470587,355.6772512705315,378.86499991620514,404.9456262886695,431.8464202490801,455.3647018810775,66,MARKET_FALLBACK,0.0,no_validated_preseason_spec,{},,,{},diagnostic_only,DIAGNOSTIC_ONLY_POSITION,True,404.6452828326988,23.802663696041105,404.6452828326988,fum_lost|pass_2pt|pass_int|pass_td|pass_yd|rush_2pt|rush_td|rush_yd,,1.0,404.6452828326988,,-68.78825454022558,fum_lost|pass_2pt|pass_int|pass_td|pass_yd|rush_2pt|rush_td|rush_yd,,1.0,1.0,,"{""prev_fantasy_ppg"":4.012609091877902,""prev__rushing_tds"":1.5648076054534246,""inside_5_carry_share_prior4"":1.2450305162129214,""xfp_residual_prior4"":1.1717539648371098,""prev__rushing_yards"":1.140284089783318,""qb_rush_share_prior4"":0.7512796914129014,""opportunity_xfp_realized_prior4"":-0.5812226682743163,""prev__passing_tds"":0.5152783612492404}",74,1.0,1.0,False,,,-67.9335373729244,166.8898039215686,234.82334129449305,336.7117454597744,-68.78825454022558,-16.963811230635162,1.0,0.0,True,286.8889967303059,310.0767453759796,336.1573717484439,363.0581657088545,386.5764473408519,"FIE diagnostic is lower; main model signals: prior-season fantasy production, prior rushing-TD production, recent goal-line carry share.",Diagnostic model
11564,00-0039851,Drake Maye,canonical_id,QB,NE,NE,False,23.4,adp_dynasty_ppr,367.76,SLEEPER_RAW_LEAGUE_REPLAY,0.875,rush_2pt,pts_ppr,367.76,21.632941176470588,319.2330056077875,341.4576890499979,366.8319215800387,392.89007666831793,417.8005396991112,66,MARKET_FALLBACK,0.0,no_validated_preseason_spec,{},,,{},diagnostic_only,DIAGNOSTIC_ONLY_POSITION,True,379.9880173547911,22.35223631498771,379.9880173547911,fum_lost|pass_2pt|pass_int|pass_td|pass_yd|rush_2pt|rush_td|rush_yd,,1.0,379.9880173547911,,-55.70552001813337,fum_lost|pass_2pt|pass_int|pass_td|pass_yd|rush_2pt|rush_td|rush_yd,,1.0,1.0,,"{""prev_fantasy_ppg"":3.4282956738371193,""xfp_residual_prior4"":1.9639628696022826,""prev__passing_tds"":0.8398175878407244,""prev__rushing_yards"":0.6500583006521286,""qb_rush_share_prior4"":0.579469121585978,""opportunity_xfp_realized_prior4"":-0.4803418706332962,""prev__passing_yards"":0.46458196696938886,""pfr_times_sacked_prior4"":0.4488149569761436}",74,2.0,3.0,False,,,-67.9335373729244,166.8898039215686,234.82334129449305,312.0544799818666,-55.70552001813337,-15.147248210282076,4.0,-2.0,True,263.52748558965413,285.7521690318645,311.1264015619053,337.18455665018456,362.0950196809778,"FIE diagnostic is lower; main model signals: prior-season fantasy production, recent actual-vs-expected production gap, prior passing-TD production.",Diagnostic model
4881,00-0034796,Lamar Jackson,canonical_id,QB,BAL,BAL,False,32.9,adp_dynasty_ppr,372.0,SLEEPER_RAW_LEAGUE_REPLAY,0.875,rush_2pt,pts_ppr,372.0,21.88235294117647,322.93682002910185,345.89562702016747,371.7975683437545,397.2831841145863,421.0661316367151,65,MARKET_FALLBACK,0.0,no_validated_preseason_spec,{},,,{},diagnostic_only,DIAGNOSTIC_ONLY_POSITION,True,317.3870097584641,18.669824103439066,317.3870097584641,fum_lost|pass_2pt|pass_int|pass_td|pass_yd|rush_2pt|rush_td|rush_yd,,1.0,317.3870097584641,,-122.5465276144603,fum_lost|pass_2pt|pass_int|pass_td|pass_yd|rush_2pt|rush_td|rush_yd,,1.0,1.0,,"{""prev_fantasy_ppg"":1.7117482845095395,""opportunity_change_score_prior1"":0.9009581145624137,""prev__rushing_yards"":0.6690058791022061,""prev__passing_tds"":0.581030078879368,""opportunity_xfp_realized_prior4"":0.4618928601966502,""team_pass_attempts_prior4_team"":-0.39480354730356876,""pfr_times_sacked_prior4"":0.23971052704599402,""qb_rush_share_prior4"":0.16249873640373647}",73,3.0,2.0,False,,,-67.9335373729244,166.8898039215686,234.82334129449305,249.4534723855397,-122.5465276144603,-32.94261495012374,13.0,-10.0,True,200.39029241464155,223.3490994057072,249.25104072929412,274.73665650012595,298.5196040222547,"FIE diagnostic is lower; main model signals: prior-season fantasy production, recent role-change signal, prior rushing-yard production.",Diagnostic model
6770,00-0036442,Joe Burrow,canonical_id,QB,CIN,CIN,False,41.1,adp_dynasty_ppr,362.12,SLEEPER_RAW_LEAGUE_REPLAY,0.875,rush_2pt,pts_ppr,362.12,21.301176470588235,313.19259987087383,335.5405530354937,361.36090958520987,387.9134274496519,412.4648014617147,64,MARKET_FALLBACK,0.0,no_validated_preseason_spec,{},,,{},diagnostic_only,DIAGNOSTIC_ONLY_POSITION,True,296.7622101693424,17.456600598196612,296.7622101693424,fum_lost|pass_2pt|pass_int|pass_td|pass_yd|rush_2pt|rush_td|rush_yd,,1.0,296.7622101693424,,-133.29132720358203,fum_lost|pass_2pt|pass_int|pass_td|pass_yd|rush_2pt|rush_td|rush_yd,,1.0,1.0,,"{""prev_fantasy_ppg"":2.197331811925717,""xfp_residual_prior4"":1.3531122152842898,""prev__passing_tds"":1.2146375396787767,""opportunity_change_score_prior1"":-0.5021207393311078,""prev__rushing_yards"":-0.42684330044347735,""qb_rush_share_prior4"":-0.3493065187052392,""prev__rushing_tds"":-0.3182030433399608,""opportunity_xfp_realized_prior4"":-0.29730861442628237}",72,4.0,4.0,False,,,-67.9335373729244,166.8898039215686,234.82334129449305,228.828672796418,-133.29132720358203,-36.8086068716398,20.0,-16.0,True,179.9012726672918,202.24922583191167,228.06958238162784,254.62210024606983,279.1734742581327,"FIE diagnostic is lower; main model signals: prior-season fantasy production, recent actual-vs-expected production gap, prior passing-TD production.",Diagnostic model
11566,00-0039910,Jayden Daniels,canonical_id,QB,WAS,WAS,False,44.8,adp_dynasty_ppr,341.72,SLEEPER_RAW_LEAGUE_REPLAY,0.875,rush_2pt,pts_ppr,341.72,20.10117647058824,292.9838284521993,315.46667616196004,340.8903967645701,367.0840769770852,390.8176275573785,63,MARKET_FALLBACK,0.0,no_validated_preseason_spec,{},,,{},diagnostic_only,DIAGNOSTIC_ONLY_POSITION,True,320.07210670093923,18.82777098240819,320.07210670093923,fum_lost|pass_2pt|pass_int|pass_td|pass_yd|rush_2pt|rush_td|rush_yd,,1.0,320.07210670093923,,-89.5814306719852,fum_lost|pass_2pt|pass_int|pass_td|pass_yd|rush_2pt|rush_td|rush_yd,,1.0,1.0,,"{""prev__rushing_yards"":1.3182131841034057,""prev_fantasy_ppg"":1.2829847561880787,""qb_rush_share_prior4"":0.9870988300748502,""pfr_times_pressured_pct_prior4"":0.8491581327842801,""opportunity_xfp_realized_prior4"":-0.7714411697920479,""inside_5_carry_share_prior4"":-0.5654844876610062,""opportunity_change_score_prior1"":0.4840482331850043,""pfr_times_sacked_prior4"":0.4488149569761436}",71,5.0,10.0,False,,,-67.9335373729244,166.8898039215686,234.82334129449305,252.1385693280148,-89.5814306719852,-26.214863242416364,12.0,-7.0,True,203.4023977802141,225.88524548997484,251.30896609258488,277.5026463050999,301.23619688539327,"FIE diagnostic is lower; main model signals: prior rushing-yard production, prior-season fantasy production, recent QB rushing role.",Diagnostic model
11560,00-0039918,Caleb Williams,canonical_id,QB,CHI,CHI,False,52.0,adp_dynasty_ppr,345.34,SLEEPER_RAW_LEAGUE_REPLAY,0.875,rush_2pt,pts_ppr,345.34,20.314117647058826,296.46088113946377,319.2081305178283,344.9795339175988,370.602868238947,393.6152777942479,66,MARKET_FALLBACK,0.0,no_validated_preseason_spec,{},,,{},diagnostic_only,DIAGNOSTIC_ONLY_POSITION,True,284.2586540760915,16.721097298593616,284.2586540760915,fum_lost|pass_2pt|pass_int|pass_td|pass_yd|rush_2pt|rush_td|rush_yd,,1.0,284.2586540760915,,-129.0148832968329,fum_lost|pass_2pt|pass_int|pass_td|pass_yd|rush_2pt|rush_td|rush_yd,,1.0,1.0,,"{""prev_fantasy_ppg"":2.520615805669339,""pfr_times_pressured_pct_prior4"":-1.562922520374936,""xfp_residual_prior4"":0.8273648804382973,""pfr_times_sacked_prior4"":-0.8058116226047535,""opportunity_xfp_realized_prior4"":-0.6511128972963385,""prev__passing_tds"":0.5472751864061473,""prev__rushing_yards"":0.4660613340164342,""snap_share_prior4"":0.3811653233753085}",74,6.0,7.0,False,,,-67.9335373729244,166.8898039215686,234.82334129449305,216.32511670316708,-129.0148832968329,-37.35880097782849,24.0,-18.0,True,167.44599784263087,190.1932472209954,215.96465062076592,241.5879849421141,264.600394497415,"FIE diagnostic is lower; main model signals: prior-season fantasy production, recent pressure rate, recent actual-vs-expected production gap.",Diagnostic model
6904,00-0036389,Jalen Hurts,canonical_id,QB,PHI,PHI,False,61.2,adp_dynasty_ppr,344.54,SLEEPER_RAW_LEAGUE_REPLAY,0.875,rush_2pt,pts_ppr,344.54,20.26705882352941,296.3838432512847,318.7692879162302,344.1295199103629,369.7256515610771,393.0571798911511,66,MARKET_FALLBACK,0.0,no_validated_preseason_spec,{},,,{},diagnostic_only,DIAGNOSTIC_ONLY_POSITION,True,343.50416204292424,20.206127178995544,343.50416204292424,fum_lost|pass_2pt|pass_int|pass_td|pass_yd|rush_2pt|rush_td|rush_yd,,1.0,343.50416204292424,,-68.96937533000016,fum_lost|pass_2pt|pass_int|pass_td|pass_yd|rush_2pt|rush_td|rush_yd,,1.0,1.0,,"{""prev_fantasy_ppg"":2.5276795691782765,""pfr_times_pressured_pct_prior4"":1.0434963844606164,""pfr_times_sacked_prior4"":-0.8058116226047535,""prev__rushing_tds"":0.7578030416848307,""inside_5_carry_share_prior4"":0.7512536969745772,""prev__rushing_yards"":0.6420826256870731,""opportunity_change_score_prior1"":0.6179625316429052,""prev__passing_tds"":0.5152783612492404}",74,7.0,8.0,False,,,-67.9335373729244,166.8898039215686,234.82334129449305,275.5706246699998,-68.96937533000016,-20.017813702327796,9.0,-2.0,True,227.4144679212845,249.79991258623005,275.1601445803627,300.7562762310769,324.0878045611509,"FIE diagnostic is lower; main model signals: prior-season fantasy production, recent pressure rate, pfr times sacked.",Diagnostic model
6797,00-0036355,Justin Herbert,canonical_id,QB,LAC,LAC,False,71.0,adp_dynasty_ppr,337.48,SLEEPER_RAW_LEAGUE_REPLAY,0.875,rush_2pt,pts_ppr,337.48,19.851764705882356,288.2961382869645,310.8525842510974,336.8102227947124,363.3234207840623,387.3397435871321,66,MARKET_FALLBACK,0.0,no_validated_preseason_spec,{},,,{},diagnostic_only,DIAGNOSTIC_ONLY_POSITION,True,307.41180386103554,18.083047285943262,307.41180386103554,fum_lost|pass_2pt|pass_int|pass_td|pass_yd|rush_2pt|rush_td|rush_yd,,1.0,307.41180386103554,,-98.00173351188889,fum_lost|pass_2pt|pass_int|pass_td|pass_yd|rush_2pt|rush_td|rush_yd,,1.0,1.0,,"{""prev_fantasy_ppg"":2.2431225901587446,""pfr_times_pressured_pct_prior4"":-1.477185056400083,""pfr_times_sacked_prior4"":1.2852326766967417,""prev__rushing_yards"":0.8848770100884077,""prev__passing_tds"":0.5929849366303,""opportunity_change_score_prior1"":-0.49344897612276534,""xfp_residual_prior4"":0.4136435770814596,""snap_share_prior4"":0.312697767015577}",74,8.0,11.0,False,,,-67.9335373729244,166.8898039215686,234.82334129449305,239.47826648811116,-98.00173351188889,-29.03927151590876,15.0,-7.0,True,190.2944047750756,212.8508507392085,238.80848928282344,265.32168727217334,289.33801007524323,"FIE diagnostic is lower; main model signals: prior-season fantasy production, recent pressure rate, pfr times sacked.",Diagnostic model
12508,00-0040691,Jaxson Dart,canonical_id,QB,NYG,NYG,False,74.5,adp_dynasty_ppr,328.54,SLEEPER_RAW_LEAGUE_REPLAY,0.875,rush_2pt,pts_ppr,328.54,19.32588235294117,279.9675351798007,302.4484635798098,328.1281610075979,353.72798381756945,377.6529664067396,65,MARKET_FALLBACK,0.0,no_validated_preseason_spec,{},,,{},diagnostic_only,DIAGNOSTIC_ONLY_POSITION,True,276.0607474102004,16.23886749471767,276.0607474102004,fum_lost|pass_2pt|pass_int|pass_td|pass_yd|rush_2pt|rush_td|rush_yd,,1.0,276.0607474102004,,-120.41278996272396,fum_lost|pass_2pt|pass_int|pass_td|pass_yd|rush_2pt|rush_td|rush_yd,,1.0,1.0,,"{""prev_fantasy_ppg"":1.5772205440178024,""inside_5_carry_share_prior4"":-1.223853579978799,""prev__rushing_yards"":1.0695629054586249,""prev__rushing_tds"":1.0652333516919141,""pfr_times_pressured_pct_prior4"":-0.5855154310616048,""qb_rush_share_prior4"":0.4806367500930855,""pfr_times_sacked_prior4"":0.4488149569761436,""snap_share_prior4"":0.3674718121033622}",73,9.0,15.0,False,,,-67.9335373729244,166.8898039215686,234.82334129449305,208.127210037276,-120.41278996272396,-36.6508765942424,26.0,-17.0,True,159.55474521707671,182.03567361708585,207.71537104487396,233.3151938548455,257.2401764440156,"FIE diagnostic is lower; main model signals: prior-season fantasy production, recent goal-line carry share, prior rushing-yard production.",Diagnostic model
11563,00-0039732,Bo Nix,canonical_id,QB,DEN,DEN,False,80.2,adp_dynasty_ppr,335.72,SLEEPER_RAW_LEAGUE_REPLAY,0.875,rush_2pt,pts_ppr,335.72,19.74823529411765,287.24580768053295,309.6951507221445,335.29009528036545,360.70568937205337,385.27994947931165,66,MARKET_FALLBACK,0.0,no_validated_preseason_spec,{},,,{},diagnostic_only,DIAGNOSTIC_ONLY_POSITION,True,298.91540946159165,17.583259380093626,298.91540946159165,fum_lost|pass_2pt|pass_int|pass_td|pass_yd|rush_2pt|rush_td|rush_yd,,1.0,298.91540946159165,,-104.73812791133278,fum_lost|pass_2pt|pass_int|pass_td|pass_yd|rush_2pt|rush_td|rush_yd,,1.0,1.0,,"{""prev_fantasy_ppg"":2.1283433045038076,""inside_5_carry_share_prior4"":1.7388073354512652,""opportunity_xfp_realized_prior4"":-1.3093304947471638,""pfr_times_sacked_prior4"":-0.596707192674604,""opportunity_change_score_prior1"":-0.5829619595129055,""qb_rush_share_prior4"":0.514242951378544,""prev__passing_tds"":0.4010039856888589,""snap_share_prior4"":0.3811653233753085}",74,10.0,12.0,False,,,-67.9335373729244,166.8898039215686,234.82334129449305,230.98187208866725,-104.73812791133278,-31.198060261924454,18.0,-8.0,True,182.50767976920017,204.9570228108117,230.55196736903267,255.9675614607206,280.5418215679789,"FIE diagnostic is lower; main model signals: prior-season fantasy production, recent goal-line carry share, recent opportunity-based expected production.",Diagnostic model
4046,00-0033873,Patrick Mahomes,canonical_id,QB,KC,KC,False,86.1,adp_dynasty_ppr,332.68,SLEEPER_RAW_LEAGUE_REPLAY,0.875,rush_2pt,pts_ppr,332.68,19.569411764705883,284.42356925921075,306.9805184550977,332.0327295386094,357.4050059584887,381.823955787703,65,MARKET_FALLBACK,0.0,no_validated_preseason_spec,{},,,{},diagnostic_only,DIAGNOSTIC_ONLY_POSITION,True,357.4831790797154,21.028422298806788,357.4831790797154,fum_lost|pass_2pt|pass_int|pass_td|pass_yd|rush_2pt|rush_td|rush_yd,,1.0,357.4831790797154,,-43.130358293208985,fum_lost|pass_2pt|pass_int|pass_td|pass_yd|rush_2pt|rush_td|rush_yd,,1.0,1.0,,"{""prev_fantasy_ppg"":3.128499969871404,""inside_5_carry_share_prior4"":1.7388073354512652,""opportunity_xfp_realized_prior4"":-1.0035843662648913,""pfr_times_sacked_prior4"":0.8670238168364426,""prev__rushing_yards"":0.8353271357207881,""prev__passing_tds"":0.5263793005893919,""prev__rushing_tds"":0.4503727316777473,""prev__passing_yards"":0.45004939656198817}",73,11.0,14.0,False,,,-67.9335373729244,166.8898039215686,234.82334129449305,289.549641706791,-43.130358293208985,-12.964517943131233,6.0,5.0,True,241.29321096600177,263.8501601618887,288.9023712454004,314.2746476652797,338.69359749449404,"FIE diagnostic is lower; main model signals: prior-season fantasy production, recent goal-line carry share, recent opportunity-based expected production.",Diagnostic model
7523,00-0036971,Trevor Lawrence,canonical_id,QB,JAX,JAX,False,94.4,adp_dynasty_ppr,343.42,SLEEPER_RAW_LEAGUE_REPLAY,0.875,rush_2pt,pts_ppr,343.42,20.201176470588237,293.9959418706504,316.5249742303007,342.2427038631809,369.1910386153519,393.57883090967215,66,MARKET_FALLBACK,0.0,no_validated_preseason_spec,{},,,{},diagnostic_only,DIAGNOSTIC_ONLY_POSITION,True,336.8293911731084,19.81349359841814,336.8293911731084,fum_lost|pass_2pt|pass_int|pass_td|pass_yd|rush_2pt|rush_td|rush_yd,,1.0,336.8293911731084,,-74.52414619981596,fum_lost|pass_2pt|pass_int|pass_td|pass_yd|rush_2pt|rush_td|rush_yd,,1.0,1.0,,"{""prev_fantasy_ppg"":3.037342474805551,""xfp_residual_prior4"":2.572703568186482,""opportunity_xfp_realized_prior4"":-0.961114495955285,""prev__rushing_tds"":0.8210975172745243,""inside_5_carry_share_prior4"":-0.7300767607404545,""pfr_times_pressured_pct_prior4"":-0.714121627023885,""prev__passing_tds"":0.693546387123436,""qb_rush_share_prior4"":0.47038433986301215}",74,12.0,9.0,False,,,-67.9335373729244,166.8898039215686,234.82334129449305,268.895853800184,-74.52414619981596,-21.70058418257992,10.0,2.0,True,219.47179567083447,242.00082803048477,267.71855766336495,294.6668924155359,319.0546847098562,"FIE diagnostic is lower; main model signals: prior-season fantasy production, recent actual-vs-expected production gap, recent opportunity-based expected production.",Diagnostic model
3294,00-0033077,Dak Prescott,canonical_id,QB,DAL,DAL,False,104.0,adp_dynasty_ppr,352.88,SLEEPER_RAW_LEAGUE_REPLAY,0.875,rush_2pt,pts_ppr,352.88,20.75764705882353,303.9306295307527,326.11299936938394,352.35265089711606,378.6831899718024,402.6644685915017,66,MARKET_FALLBACK,0.0,no_validated_preseason_spec,{},,,{},diagnostic_only,DIAGNOSTIC_ONLY_POSITION,True,345.467263913234,20.321603759602,345.467263913234,fum_lost|pass_2pt|pass_int|pass_td|pass_yd|rush_2pt|rush_td|rush_yd,,1.0,345.467263913234,,-75.34627345969045,fum_lost|pass_2pt|pass_int|pass_td|pass_yd|rush_2pt|rush_td|rush_yd,,1.0,1.0,,"{""prev_fantasy_ppg"":2.5448030114586953,""pfr_times_sacked_prior4"":1.2852326766967417,""inside_5_carry_share_prior4"":0.99814210659375,""prev__passing_tds"":0.7666819874820803,""opportunity_xfp_realized_prior4"":-0.7155377653451804,""prev__passing_yards"":0.5244442495413999,""opportunity_change_score_prior1"":0.49513202962816194,""snap_share_prior4"":0.3400847895594695}",74,13.0,5.0,False,,,-67.9335373729244,166.8898039215686,234.82334129449305,277.53372654030954,-75.34627345969045,-21.35181179428997,8.0,5.0,True,228.58435607106225,250.7667259096935,277.0063774374256,303.3369165121119,327.31819513181125,"FIE diagnostic is lower; main model signals: prior-season fantasy production, pfr times sacked, recent goal-line carry share.",Diagnostic model
8183,00-0037834,Brock Purdy,canonical_id,QB,SF,SF,False,110.4,adp_dynasty_ppr,350.2,SLEEPER_RAW_LEAGUE_REPLAY,0.875,rush_2pt,pts_ppr,350.2,20.6,300.98814815056863,323.584114045793,349.99048933297587,375.4392403581919,399.5238091595972,64,MARKET_FALLBACK,0.0,no_validated_preseason_spec,{},,,{},diagnostic_only,DIAGNOSTIC_ONLY_POSITION,True,380.3974648706636,22.376321462980208,380.3974648706636,fum_lost|pass_2pt|pass_int|pass_td|pass_yd|rush_2pt|rush_td|rush_yd,,1.0,380.3974648706636,,-37.73607250226081,fum_lost|pass_2pt|pass_int|pass_td|pass_yd|rush_2pt|rush_td|rush_yd,,1.0,1.0,,"{""prev_fantasy_ppg"":3.3545613434610853,""xfp_residual_prior4"":2.88581333362458,""prev__passing_tds"":1.3355144347159806,""inside_5_carry_share_prior4"":0.7512536969745772,""pfr_times_sacked_prior4"":-0.596707192674604,""opportunity_xfp_realized_prior4"":-0.48285272167323484,""prev__rushing_tds"":0.3991343466765667,""prev__passing_yards"":0.3506247244079016}",72,14.0,6.0,False,,,-67.9335373729244,166.8898039215686,234.82334129449305,312.4639274977392,-37.73607250226081,-10.775577527772931,3.0,11.0,True,263.2520756483078,285.8480415435322,312.25441683071506,337.7031678559311,361.7877366573364,"FIE diagnostic is lower; main model signals: prior-season fantasy production, recent actual-vs-expected production gap, prior passing-TD production.",Diagnostic model
13269,00-0041562,Fernando Mendoza,unmatched,QB,LV,,False,113.2,adp_dynasty_ppr,239.16,SLEEPER_RAW_LEAGUE_REPLAY,0.875,rush_2pt,pts_ppr,239.16,14.068235294117647,193.13708537371303,214.8396565247544,238.10360384996287,263.0529403773294,285.60685871776343,62,MARKET_FALLBACK,0.0,no_validated_preseason_spec,{},,,{},diagnostic_only,UNAVAILABLE_PROFILE,False,,,,,,0.0,,,,,,0.0,0.0,no_model_or_profile,{},20,15.0,28.0,False,,,-67.9335373729244,166.8898039215686,234.82334129449305,239.16,0.0,0.0,16.0,-1.0,False,193.13708537371303,214.8396565247544,238.10360384996287,263.0529403773294,285.60685871776343,No diagnostic deviation: no usable prior-season FIE profile.,Diagnostic model
4892,00-0034855,Baker Mayfield,canonical_id,QB,TB,TB,False,131.8,adp_dynasty_ppr,313.88,SLEEPER_RAW_LEAGUE_REPLAY,0.875,rush_2pt,pts_ppr,313.88,18.463529411764707,265.6090021188166,287.79806062042485,312.807377401322,339.03508385310147,363.6448108883704,66,MARKET_FALLBACK,0.0,no_validated_preseason_spec,{},,,{},diagnostic_only,DIAGNOSTIC_ONLY_POSITION,True,293.8945477390626,17.287914572886034,293.8945477390626,fum_lost|pass_2pt|pass_int|pass_td|pass_yd|rush_2pt|rush_td|rush_yd,,1.0,293.8945477390626,,-87.9189896338618,fum_lost|pass_2pt|pass_int|pass_td|pass_yd|rush_2pt|rush_td|rush_yd,,1.0,1.0,,"{""prev_fantasy_ppg"":1.4484629381339509,""pfr_times_pressured_pct_prior4"":1.0006276524731885,""opportunity_change_score_prior1"":-0.5454795553728151,""opportunity_xfp_realized_prior4"":-0.5175051837349245,""prev__passing_tds"":0.47413958604750295,""pfr_times_sacked_prior4"":0.4488149569761436,""prev__rushing_yards"":0.44825517595491543,""snap_share_prior4"":0.3811653233753085}",74,16.0,18.0,False,,,-67.9335373729244,166.8898039215686,234.82334129449305,225.9610103661382,-87.9189896338618,-28.010382832248563,22.0,-6.0,True,177.6900124849548,199.87907098656305,224.88838776746024,251.11609421923967,275.72582125450856,"FIE diagnostic is lower; main model signals: prior-season fantasy production, recent pressure rate, recent role-change signal.",Diagnostic model
421,00-0026498,Matthew Stafford,canonical_id,QB,LAR,LA,True,132.9,adp_dynasty_ppr,280.22,SLEEPER_PUBLISHED_TOTAL_FALLBACK,0.75,rush_2pt|rush_td,pts_ppr,280.22,16.483529411764707,233.14047061683328,254.7083606951939,279.4405094003688,305.0294437331039,328.50393460938466,55,MARKET_FALLBACK,0.0,no_validated_preseason_spec,{},,,{},diagnostic_only,UNAVAILABLE_TEAM_CHANGE,False,,,,,,0.0,,,,,,0.0,1.0,,"{""prev_fantasy_ppg"":4.053205117958444,""prev__passing_tds"":1.9368515932203898,""xfp_residual_prior4"":1.6309431541338708,""prev__rushing_yards"":-0.6824358609515284,""pfr_times_sacked_prior4"":-0.596707192674604,""prev__passing_yards"":0.5831699064949553,""qb_rush_share_prior4"":-0.5566050400992569,""pfr_times_pressured_pct_prior4"":0.4919186995557232}",40,17.0,22.0,False,,,-67.9335373729244,166.8898039215686,234.82334129449305,280.22,0.0,0.0,7.0,10.0,False,233.14047061683328,254.7083606951939,279.4405094003688,305.0294437331039,328.50393460938466,No diagnostic deviation: team transfer makes prior-team role profile non-portable.,Diagnostic model
6804,00-0036264,Jordan Love,canonical_id,QB,GB,GB,False,134.2,adp_dynasty_ppr,322.52,SLEEPER_RAW_LEAGUE_REPLAY,0.875,rush_2pt,pts_ppr,322.52,18.97176470588235,273.94822815501175,296.42554996137306,322.2737828749379,347.61429511260945,371.4191459331802,65,MARKET_FALLBACK,0.0,no_validated_preseason_spec,{},,,{},diagnostic_only,DIAGNOSTIC_ONLY_POSITION,True,273.6260575641576,16.095650444950447,273.6260575641576,fum_lost|pass_2pt|pass_int|pass_td|pass_yd|rush_2pt|rush_td|rush_yd,,1.0,273.6260575641576,,-116.8274798087668,fum_lost|pass_2pt|pass_int|pass_td|pass_yd|rush_2pt|rush_td|rush_yd,,1.0,1.0,,"{""prev_fantasy_ppg"":1.332041854267854,""xfp_residual_prior4"":0.8714006885413651,""pfr_times_sacked_prior4"":-0.596707192674604,""prev__passing_tds"":0.4790152927380794,""snap_share_prior4"":0.3400847895594695,""prev__rushing_tds"":-0.3182030433399608,""prev__passing_yards"":0.2515783260707511,""team_pass_attempts_prior4_team"":-0.15144752473120107}",73,18.0,16.0,False,,,-67.9335373729244,166.8898039215686,234.82334129449305,205.6925201912332,-116.8274798087668,-36.223328726518304,27.0,-9.0,True,157.12074834624494,179.59807015260623,205.4463030661711,230.78681530384264,254.59166612441336,"FIE diagnostic is lower; main model signals: prior-season fantasy production, recent actual-vs-expected production gap, pfr times sacked.",Diagnostic model
3163,00-0033106,Jared Goff,canonical_id,QB,DET,DET,False,146.9,adp_dynasty_ppr,333.46,SLEEPER_RAW_LEAGUE_REPLAY,0.875,rush_2pt,pts_ppr,333.46,19.615294117647057,284.7109985509907,307.39336324492905,332.9102511092129,358.9765071035673,382.8073789683236,66,MARKET_FALLBACK,0.0,no_validated_preseason_spec,{},,,{},diagnostic_only,DIAGNOSTIC_ONLY_POSITION,True,294.02375785735575,17.29551516807975,294.02375785735575,fum_lost|pass_2pt|pass_int|pass_td|pass_yd|rush_2pt|rush_td|rush_yd,,1.0,294.02375785735575,,-107.36977951556864,fum_lost|pass_2pt|pass_int|pass_td|pass_yd|rush_2pt|rush_td|rush_yd,,1.0,1.0,,"{""prev_fantasy_ppg"":2.3530644346558116,""prev__passing_tds"":1.0592243889166577,""opportunity_xfp_realized_prior4"":-0.6902459439650399,""prev__rushing_yards"":-0.5518573685003906,""prev__passing_yards"":0.5289907520152238,""pfr_times_sacked_prior4"":0.4488149569761436,""xfp_residual_prior4"":0.435717957813386,""snap_share_prior4"":0.3811653233753085}",74,19.0,13.0,False,,,-67.9335373729244,166.8898039215686,234.82334129449305,226.0902204844313,-107.36977951556864,-32.198698349297864,21.0,-2.0,True,177.34121903542209,200.0235837293604,225.54047159364424,251.60672758799868,275.43759945275497,"FIE diagnostic is lower; main model signals: prior-season fantasy production, prior passing-TD production, recent opportunity-based expected production.",Diagnostic model
9758,00-0039163,C.J. Stroud,canonical_id,QB,HOU,HOU,False,152.9,adp_dynasty_ppr,279.82000000000005,SLEEPER_RAW_LEAGUE_REPLAY,0.875,rush_2pt,pts_ppr,279.82000000000005,16.460000000000004,232.4491868299689,254.16426217322493,278.44507138516,304.23757476060035,327.6371112351011,65,MARKET_FALLBACK,0.0,no_validated_preseason_spec,{},,,{},diagnostic_only,DIAGNOSTIC_ONLY_POSITION,True,242.2340801491855,14.249063538187382,242.2340801491855,fum_lost|pass_2pt|pass_int|pass_td|pass_yd|rush_2pt|rush_td|rush_yd,,1.0,242.2340801491855,,-105.51945722373895,fum_lost|pass_2pt|pass_int|pass_td|pass_yd|rush_2pt|rush_td|rush_yd,,1.0,1.0,,"{""inside_5_carry_share_prior4"":1.1462751523652526,""pfr_times_pressured_pct_prior4"":-1.051355651991643,""opportunity_change_score_prior1"":-0.9443806629565215,""prev_fantasy_ppg"":0.908648481653354,""pfr_times_sacked_prior4"":-0.8058116226047535,""xfp_residual_prior4"":0.4023930782179532,""snap_share_prior4"":0.3811653233753085,""prev__passing_tds"":0.25995675642575905}",73,20.0,23.0,False,,,-67.9335373729244,166.8898039215686,234.82334129449305,174.3005427762611,-105.51945722373895,-37.70976242718138,34.0,-14.0,True,126.92972960622998,148.64480494948597,172.92561416142107,198.7181175368614,222.1176540113621,"FIE diagnostic is lower; main model signals: recent goal-line carry share, recent pressure rate, recent role-change signal.",Diagnostic model
12522,00-0040676,Cam Ward,canonical_id,QB,TEN,TEN,False,158.5,adp_dynasty_ppr,252.84,SLEEPER_RAW_LEAGUE_REPLAY,0.875,rush_2pt,pts_ppr,252.84,14.872941176470588,207.0784209680866,227.5977304733069,251.87664809418135,276.83583183595084,299.6893409476756,66,MARKET_FALLBACK,0.0,no_validated_preseason_spec,{},,,{},diagnostic_only,DIAGNOSTIC_ONLY_POSITION,True,205.7172504338975,12.101014731405735,205.7172504338975,fum_lost|pass_2pt|pass_int|pass_td|pass_yd|rush_2pt|rush_td|rush_yd,,1.0,205.7172504338975,,-115.0562869390269,fum_lost|pass_2pt|pass_int|pass_td|pass_yd|rush_2pt|rush_td|rush_yd,,1.0,1.0,,"{""pfr_times_pressured_pct_prior4"":-1.3057101284503743,""prev_fantasy_ppg"":-0.9100095100171164,""xfp_residual_prior4"":0.6792744847640294,""snap_share_prior4"":0.3811653233753085,""prev__passing_tds"":-0.33035201789758445,""qb_rush_share_prior4"":-0.2825440423667964,""opportunity_change_score_prior1"":0.23497913337791831,""prev__rushing_yards"":-0.21354036533153337}",74,21.0,25.0,False,,,-67.9335373729244,166.8898039215686,234.82334129449305,137.7837130609731,-115.0562869390269,-45.50557148355755,40.0,-19.0,True,92.02213402905969,112.54144353428,136.82036115515447,161.77954489692394,184.63305400864868,"FIE diagnostic is lower; main model signals: recent pressure rate, prior-season fantasy production, recent actual-vs-expected production gap.",Diagnostic model
12545,00-0040743,Tyler Shough,canonical_id,QB,NO,NO,False,159.9,adp_dynasty_ppr,302.94,SLEEPER_RAW_LEAGUE_REPLAY,0.875,rush_2pt,pts_ppr,302.94,17.82,254.6943923289953,277.25323820991866,302.9912449133311,328.1481613250223,350.9296526633213,64,MARKET_FALLBACK,0.0,no_validated_preseason_spec,{},,,{},diagnostic_only,DIAGNOSTIC_ONLY_POSITION,True,312.07369230921927,18.357276018189367,312.07369230921927,fum_lost|pass_2pt|pass_int|pass_td|pass_yd|rush_2pt|rush_td|rush_yd,,1.0,312.07369230921927,,-58.799845063705135,fum_lost|pass_2pt|pass_int|pass_td|pass_yd|rush_2pt|rush_td|rush_yd,,1.0,1.0,,"{""inside_5_carry_share_prior4"":1.7388073354512652,""pfr_times_sacked_prior4"":1.076128246766592,""xfp_residual_prior4"":0.6013022534919014,""opportunity_xfp_realized_prior4"":-0.5192101509095319,""qb_rush_share_prior4"":0.4482008972006736,""prev_fantasy_ppg"":0.37343159321536246,""pfr_times_pressured_pct_prior4"":0.3604545881276144,""snap_share_prior4"":0.35377830083141576}",72,22.0,19.0,False,,,-67.9335373729244,166.8898039215686,234.82334129449305,244.1401549362949,-58.799845063705135,-19.409732971448182,14.0,8.0,True,195.89454726529016,218.45339314621356,244.191399849626,269.3483162613171,292.12980759961624,"FIE diagnostic is lower; main model signals: recent goal-line carry share, pfr times sacked, recent actual-vs-expected production gap.",Diagnostic model
5849,00-0035228,Kyler Murray,canonical_id,QB,MIN,ARI,True,196.4,adp_dynasty_ppr,317.06,SLEEPER_RAW_LEAGUE_REPLAY,0.875,rush_2pt,pts_ppr,317.06,18.65058823529412,269.88364689463685,291.0952557780571,316.0215044410874,342.3904634833655,365.7437481583397,55,MARKET_FALLBACK,0.0,no_validated_preseason_spec,{},,,{},diagnostic_only,UNAVAILABLE_TEAM_CHANGE,False,,,,,,0.0,,,,,,0.0,1.0,,"{""pfr_times_sacked_prior4"":1.076128246766592,""prev__rushing_yards"":1.0601934746691115,""prev_fantasy_ppg"":1.0379840675197012,""opportunity_xfp_realized_prior4"":-0.9250635829449729,""qb_rush_share_prior4"":0.8649375542165747,""inside_5_carry_share_prior4"":0.7512536969745772,""pfr_times_pressured_pct_prior4"":0.566224501667263,""snap_share_prior4"":0.3720363158606776}",40,23.0,17.0,False,,,-67.9335373729244,166.8898039215686,234.82334129449305,317.06,0.0,0.0,2.0,21.0,False,269.88364689463685,291.0952557780571,316.0215044410874,342.3904634833655,365.7437481583397,No diagnostic deviation: team transfer makes prior-team role profile non-portable.,Diagnostic model
4943,00-0034869,Sam Darnold,canonical_id,QB,SEA,SEA,False,198.0,adp_dynasty_ppr,302.73999999999995,SLEEPER_RAW_LEAGUE_REPLAY,0.875,rush_2pt,pts_ppr,302.73999999999995,17.808235294117644,254.84727058564377,276.61120246024103,302.307250796357,327.9338259970917,351.17354646219906,66,MARKET_FALLBACK,0.0,no_validated_preseason_spec,{},,,{},diagnostic_only,DIAGNOSTIC_ONLY_POSITION,True,254.39268516869484,14.96427559815852,254.39268516869484,fum_lost|pass_2pt|pass_int|pass_td|pass_yd|rush_2pt|rush_td|rush_yd,,1.0,254.39268516869484,,-116.28085220422952,fum_lost|pass_2pt|pass_int|pass_td|pass_yd|rush_2pt|rush_td|rush_yd,,1.0,1.0,,"{""prev_fantasy_ppg"":0.6019107355065393,""pfr_times_sacked_prior4"":0.4488149569761436,""prev__rushing_yards"":-0.40347271798773393,""prev__passing_tds"":0.4010039856888589,""prev__passing_yards"":0.33349114564080723,""snap_share_prior4"":0.32182677453020786,""prev__rushing_tds"":-0.3182030433399608,""opportunity_xfp_realized_prior4"":-0.25766223896068785}",74,24.0,20.0,False,,,-67.9335373729244,166.8898039215686,234.82334129449305,186.45914779577043,-116.28085220422952,-38.4094775068473,29.0,-5.0,True,138.56641838141425,160.3303502560115,186.02639859212744,211.65297379286216,234.89269425796957,"FIE diagnostic is lower; main model signals: prior-season fantasy production, pfr times sacked, prior rushing-yard production.",Diagnostic model
9221,00-0039139,Jahmyr Gibbs,canonical_id,RB,DET,DET,False,1.3,adp_dynasty_ppr,331.40000000000003,SLEEPER_RAW_LEAGUE_REPLAY,0.875,rec_2pt,pts_ppr,331.40000000000003,19.494117647058825,299.3524463042624,314.42861615951256,330.9059867469316,348.2266870681026,364.0543870297397,66,MARKET_FALLBACK,0.0,no_validated_preseason_spec,{},,,{},diagnostic_only,DIAGNOSTIC_ONLY_POSITION,True,295.96749484653634,17.40985263803155,295.96749484653634,fum_lost|rec|rec_2pt|rec_td|rec_yd|rush_2pt|rush_td|rush_yd,,1.0,295.96749484653634,,-63.33896183730758,fum_lost|rec|rec_2pt|rec_td|rec_yd|rush_2pt|rush_td|rush_yd,,1.0,1.0,,"{""prev_fantasy_ppg"":4.582615091499875,""prev__rushing_yards"":1.2517372250306853,""opportunity_xfp_realized_prior4"":1.182106649901671,""prev__receptions"":1.1327335485936603,""carry_share_prior4"":0.9105509649107095,""prev__receiving_yards"":0.8660322690294445,""offense_snap_share_prior4"":-0.5156645031646936,""target_share_prior4"":0.47567184599586626}",74,1.0,1.0,False,,,-27.90645668384387,93.21724137931034,121.1236980631542,268.06103816269245,-63.33896183730758,-19.112541290678205,3.0,-2.0,True,236.0134844669548,251.08965432220495,267.567024909624,284.887725230795,300.71542519243206,"FIE diagnostic is lower; main model signals: prior-season fantasy production, prior rushing-yard production, recent opportunity-based expected production.",Diagnostic model
9509,00-0038542,Bijan Robinson,canonical_id,RB,ATL,ATL,False,2.4,adp_dynasty_ppr,324.9,SLEEPER_RAW_LEAGUE_REPLAY,0.875,rec_2pt,pts_ppr,324.9,19.11176470588235,292.5289487540574,307.48458005672387,324.52937789295083,342.0451219914028,357.602951785555,66,MARKET_FALLBACK,0.0,no_validated_preseason_spec,{},,,{},diagnostic_only,DIAGNOSTIC_ONLY_POSITION,True,314.33667463325565,18.490392625485622,314.33667463325565,fum_lost|rec|rec_2pt|rec_td|rec_yd|rush_2pt|rush_td|rush_yd,,1.0,314.33667463325565,,-38.46978205058821,fum_lost|rec|rec_2pt|rec_td|rec_yd|rush_2pt|rush_td|rush_yd,,1.0,1.0,,"{""prev_fantasy_ppg"":4.658940435694883,""opportunity_xfp_realized_prior4"":1.8981342440093874,""prev__rushing_yards"":1.7311579357015683,""prev__receiving_yards"":1.2959167723199685,""prev__receptions"":1.1783646522706475,""carry_share_prior4"":1.143930719811392,""opportunity_change_score_prior1"":-1.128679402659151,""target_share_prior4"":0.7863643595851485}",74,2.0,2.0,False,,,-27.90645668384387,93.21724137931034,121.1236980631542,286.43021794941177,-38.46978205058821,-11.840499246102866,2.0,0.0,True,254.0591667034692,269.01479800613566,286.0595958423626,303.5753399408146,319.1331697349668,"FIE diagnostic is lower; main model signals: prior-season fantasy production, recent opportunity-based expected production, prior rushing-yard production.",Diagnostic model
12527,00-0040122,Ashton Jeanty,canonical_id,RB,LV,LV,False,7.8,adp_dynasty_ppr,233.9,SLEEPER_RAW_LEAGUE_REPLAY,0.75,rec_2pt|rush_2pt,pts_ppr,233.9,13.758823529411766,202.41911927547025,217.44099698827583,233.91660202093584,250.20526923031608,265.05264192260194,66,MARKET_FALLBACK,0.0,no_validated_preseason_spec,{},,,{},diagnostic_only,DIAGNOSTIC_ONLY_POSITION,True,234.0253328771274,13.76619605159573,234.0253328771274,fum_lost|rec|rec_2pt|rec_td|rec_yd|rush_2pt|rush_td|rush_yd,,1.0,234.0253328771274,,-27.781123806716465,fum_lost|rec|rec_2pt|rec_td|rec_yd|rush_2pt|rush_td|rush_yd,,1.0,1.0,,"{""prev_fantasy_ppg"":2.198915880486549,""carry_share_prior4"":1.57868714694653,""prev__rushing_yards"":0.7854770828880232,""opportunity_xfp_realized_prior4"":0.7232724756785289,""backfield_competitor_count"":0.674168328950751,""prev__receptions"":0.6307914081468025,""offense_snap_share_prior4"":-0.5480463506634758,""prev__receiving_yards"":0.2970674852625747}",74,3.0,12.0,False,,,-27.90645668384387,93.21724137931034,121.1236980631542,206.11887619328357,-27.781123806716465,-11.877350922067748,12.0,-9.0,True,174.6379954687538,189.6598731815594,206.13547821421935,222.4241454235996,237.27151811588547,"FIE diagnostic is lower; main model signals: prior-season fantasy production, recent carry share, prior rushing-yard production.",Diagnostic model
6813,00-0036223,Jonathan Taylor,canonical_id,RB,IND,IND,False,12.7,adp_dynasty_ppr,272.3,SLEEPER_RAW_LEAGUE_REPLAY,0.875,rec_2pt,pts_ppr,272.3,16.01764705882353,240.6995535664416,256.0294451139238,272.2246762933322,288.3433664633111,303.2709768525517,66,MARKET_FALLBACK,0.0,no_validated_preseason_spec,{},,,{},diagnostic_only,DIAGNOSTIC_ONLY_POSITION,True,292.54242022975063,17.208377660573568,292.54242022975063,fum_lost|rec|rec_2pt|rec_td|rec_yd|rush_2pt|rush_td|rush_yd,,1.0,292.54242022975063,,-7.664036454093264,fum_lost|rec|rec_2pt|rec_td|rec_yd|rush_2pt|rush_td|rush_yd,,1.0,1.0,,"{""prev_fantasy_ppg"":4.492590326551914,""prev__rushing_yards"":1.9323266260615073,""carry_share_prior4"":1.7178697400751373,""opportunity_xfp_realized_prior4"":1.1981492657616155,""backfield_competitor_count"":0.674168328950751,""offense_snap_share_prior4"":-0.6160482304109183,""prev__rushing_tds"":0.5120813052897513,""prev__receptions"":0.4254514416003605}",74,4.0,4.0,False,,,-27.90645668384387,93.21724137931034,121.1236980631542,264.63596354590675,-7.664036454093264,-2.814556171169028,5.0,-1.0,True,233.03551711234837,248.36540865983056,264.56063983923895,280.67933000921784,295.60694039845845,"FIE diagnostic is lower; main model signals: prior-season fantasy production, prior rushing-yard production, recent carry share.",Diagnostic model
9226,00-0039040,De'Von Achane,canonical_id,RB,MIA,MIA,False,14.4,adp_dynasty_ppr,257.4,SLEEPER_RAW_LEAGUE_REPLAY,0.75,rec_2pt|rush_2pt,pts_ppr,257.4,15.141176470588237,225.28935924465293,240.7289231234591,257.3099324178586,273.8048389921764,289.1024398462752,66,MARKET_FALLBACK,0.0,no_validated_preseason_spec,{},,,{},diagnostic_only,DIAGNOSTIC_ONLY_POSITION,True,292.6679899881642,17.215764116950837,292.6679899881642,fum_lost|rec|rec_2pt|rec_td|rec_yd|rush_2pt|rush_td|rush_yd,,1.0,292.6679899881642,,7.361533304320346,fum_lost|rec|rec_2pt|rec_td|rec_yd|rush_2pt|rush_td|rush_yd,,1.0,1.0,,"{""prev_fantasy_ppg"":4.114388460765112,""prev__rushing_yards"":1.6491393925524809,""prev__receptions"":1.0001181535324164,""carry_share_prior4"":0.7556332677185377,""prev__receiving_yards"":0.6605727637802972,""opportunity_xfp_realized_prior4"":0.5339442155879204,""opportunity_change_score_prior1"":0.5029177770457799,""inside_5_carry_share_prior4"":0.4271494664992789}",74,5.0,6.0,False,,,-27.90645668384387,93.21724137931034,121.1236980631542,264.7615333043203,7.361533304320346,2.859958548687004,4.0,1.0,True,232.65089254897327,248.09045642777943,264.67146572217894,281.1663722964968,296.4639731505955,"FIE diagnostic is higher; main model signals: prior-season fantasy production, prior rushing-yard production, prior reception volume.",Diagnostic model
13287,00-0041027,Jeremiyah Love,unmatched,RB,ARI,,False,15.4,adp_dynasty_ppr,211.8,SLEEPER_RAW_LEAGUE_REPLAY,0.75,rec_2pt|rush_2pt,pts_ppr,211.8,12.458823529411765,181.1759340312567,195.05894391334732,211.3263971749656,228.0034490536184,242.84492663451329,62,MARKET_FALLBACK,0.0,no_validated_preseason_spec,{},,,{},diagnostic_only,UNAVAILABLE_PROFILE,False,,,,,,0.0,,,,,,0.0,0.0,no_model_or_profile,{},20,6.0,14.0,False,,,-27.90645668384387,93.21724137931034,121.1236980631542,211.8,0.0,0.0,9.0,-3.0,False,181.1759340312567,195.05894391334732,211.3263971749656,228.0034490536184,242.84492663451329,No diagnostic deviation: no usable prior-season FIE profile.,Diagnostic model
12507,00-0040666,Omarion Hampton,canonical_id,RB,LAC,LAC,False,16.8,adp_dynasty_ppr,242.9,SLEEPER_RAW_LEAGUE_REPLAY,0.75,rec_2pt|rush_2pt,pts_ppr,242.9,14.288235294117648,211.85016500648075,226.0405545677624,242.7405325089627,259.23261431700587,274.10257005142086,64,MARKET_FALLBACK,0.0,no_validated_preseason_spec,{},,,{},diagnostic_only,DIAGNOSTIC_ONLY_POSITION,True,224.76841963247224,13.221671743086604,224.76841963247224,fum_lost|rec|rec_2pt|rec_td|rec_yd|rush_2pt|rush_td|rush_yd,,1.0,224.76841963247224,,-46.03803705137162,fum_lost|rec|rec_2pt|rec_td|rec_yd|rush_2pt|rush_td|rush_yd,,1.0,1.0,,"{""prev_fantasy_ppg"":2.418541514779876,""prev__rushing_yards"":0.8878370603297366,""prev__receptions"":0.7550094126008229,""opportunity_xfp_realized_prior4"":0.5863623256684073,""carry_share_prior4"":0.482477354885748,""opportunity_change_score_prior1"":0.45872020185518964,""prev__receiving_yards"":0.33218876821114685,""prev__rushing_tds"":0.12955570626637966}",72,7.0,11.0,False,,,-27.90645668384387,93.21724137931034,121.1236980631542,196.8619629486284,-46.03803705137162,-18.9534940516145,17.0,-10.0,True,165.81212795510913,180.00251751639078,196.70249545759108,213.19457726563425,228.06453300004924,"FIE diagnostic is lower; main model signals: prior-season fantasy production, prior rushing-yard production, prior reception volume.",Diagnostic model
8138,00-0037248,James Cook,canonical_id,RB,BUF,BUF,False,17.4,adp_dynasty_ppr,260.8,SLEEPER_RAW_LEAGUE_REPLAY,0.875,rec_2pt,pts_ppr,260.8,15.341176470588236,229.19279406533195,243.85975096415495,260.6130823499376,277.2159201152661,292.8151848071527,66,MARKET_FALLBACK,0.0,no_validated_preseason_spec,{},,,{},diagnostic_only,DIAGNOSTIC_ONLY_POSITION,True,265.1570905034852,15.597475911969717,265.1570905034852,fum_lost|rec|rec_2pt|rec_td|rec_yd|rush_2pt|rush_td|rush_yd,,1.0,265.1570905034852,,-23.54936618035873,fum_lost|rec|rec_2pt|rec_td|rec_yd|rush_2pt|rush_td|rush_yd,,1.0,1.0,,"{""prev_fantasy_ppg"":3.316397201905768,""prev__rushing_yards"":2.0000095499209265,""opportunity_xfp_realized_prior4"":1.022761166148565,""carry_share_prior4"":0.9317806680129375,""backfield_competitor_count"":0.674168328950751,""offense_snap_share_prior4"":-0.33432615717151365,""prev__rushing_tds"":0.2923325569146229,""prev__receiving_yards"":0.18116725153228644}",74,8.0,5.0,False,,,-27.90645668384387,93.21724137931034,121.1236980631542,237.25063381964128,-23.54936618035873,-9.029664946456569,7.0,1.0,True,205.6434278849732,220.31038478379625,237.06371616957887,253.66655393490737,269.265818626794,"FIE diagnostic is lower; main model signals: prior-season fantasy production, prior rushing-yard production, recent opportunity-based expected production.",Diagnostic model
4034,00-0033280,Christian McCaffrey,canonical_id,RB,SF,SF,False,20.1,adp_dynasty_ppr,291.0,SLEEPER_RAW_LEAGUE_REPLAY,0.75,rec_2pt|rush_2pt,pts_ppr,291.0,17.11764705882353,259.2333270114197,274.32004368952,290.6618458666099,307.56388270069993,322.9481114595998,66,MARKET_FALLBACK,0.0,no_validated_preseason_spec,{},,,{},diagnostic_only,DIAGNOSTIC_ONLY_POSITION,True,336.1813267757869,19.77537216328158,336.1813267757869,fum_lost|rec|rec_2pt|rec_td|rec_yd|rush_2pt|rush_td|rush_yd,,1.0,336.1813267757869,,17.274870091943,fum_lost|rec|rec_2pt|rec_td|rec_yd|rush_2pt|rush_td|rush_yd,,1.0,1.0,,"{""prev_fantasy_ppg"":5.555273964959332,""prev__receptions"":1.7031223445559989,""opportunity_xfp_realized_prior4"":1.5646387279090832,""prev__receiving_yards"":1.5150735779190594,""prev__rushing_yards"":1.2122555194460247,""carry_share_prior4"":1.059268234637596,""offense_snap_share_prior4"":-0.5901427524118926,""target_share_prior4"":0.3384077450509833}",74,9.0,3.0,False,,,-27.90645668384387,93.21724137931034,121.1236980631542,308.274870091943,17.274870091943,5.936381474894501,1.0,8.0,True,276.5081971033627,291.594913781463,307.9367159585529,324.83875279264294,340.2229815515428,"FIE diagnostic is higher; main model signals: prior-season fantasy production, prior reception volume, recent opportunity-based expected production.",Diagnostic model
9224,00-0038597,Chase Brown,canonical_id,RB,CIN,CIN,False,22.5,adp_dynasty_ppr,255.2,SLEEPER_RAW_LEAGUE_REPLAY,0.75,rec_2pt|rush_2pt,pts_ppr,255.2,15.011764705882351,223.7022365848865,238.6245192285681,255.06756119511144,271.2370285062252,286.5390119010383,66,MARKET_FALLBACK,0.0,no_validated_preseason_spec,{},,,{},diagnostic_only,DIAGNOSTIC_ONLY_POSITION,True,256.6509191401946,15.097112890599682,256.6509191401946,fum_lost|rec|rec_2pt|rec_td|rec_yd|rush_2pt|rush_td|rush_yd,,1.0,256.6509191401946,,-26.455537543649257,fum_lost|rec|rec_2pt|rec_td|rec_yd|rush_2pt|rush_td|rush_yd,,1.0,1.0,,"{""prev_fantasy_ppg"":2.9328134208231638,""opportunity_xfp_realized_prior4"":0.9809631789048298,""prev__receptions"":0.9502091338857117,""prev__rushing_yards"":0.8682006564939795,""carry_share_prior4"":0.775636180988938,""prev__receiving_yards"":0.4888296901617791,""xfp_residual_prior4"":0.4408849880632633,""opportunity_change_score_prior1"":0.4226505850821451}",74,10.0,7.0,False,,,-27.90645668384387,93.21724137931034,121.1236980631542,228.74446245635076,-26.455537543649257,-10.366589946571024,8.0,2.0,True,197.2466990412372,212.1689816849188,228.61202365146215,244.781490962576,260.08347435738904,"FIE diagnostic is lower; main model signals: prior-season fantasy production, recent opportunity-based expected production, prior reception volume.",Diagnostic model
8151,00-0038134,Kenneth Walker III,canonical_id,RB,KC,SEA,True,26.1,adp_dynasty_ppr,244.0,SLEEPER_RAW_LEAGUE_REPLAY,0.75,rec_2pt|rush_2pt,pts_ppr,244.0,14.352941176470589,212.2641061742831,227.174347424606,243.6966879915396,260.4191387033288,275.8751153461364,55,MARKET_FALLBACK,0.0,no_validated_preseason_spec,{},,,{},diagnostic_only,UNAVAILABLE_TEAM_CHANGE,False,,,,,,0.0,,,,,,0.0,1.0,,"{""prev_fantasy_ppg"":1.1577599032623382,""prev__rushing_yards"":0.8832413062405172,""inside_5_carry_share_prior4"":0.4271494664992789,""carry_share_prior4"":0.37617940982462555,""opportunity_xfp_realized_prior4"":0.30440581962573404,""prev__receiving_yards"":0.1622017587400575,""opportunity_change_score_prior1"":0.13380695139330617,""offense_snap_share_prior4"":-0.1270823331793078}",40,11.0,10.0,False,,,-27.90645668384387,93.21724137931034,121.1236980631542,244.0,0.0,0.0,6.0,5.0,False,212.2641061742831,227.174347424606,243.6966879915396,260.4191387033288,275.8751153461364,No diagnostic deviation: team transfer makes prior-team role profile non-portable.,Diagnostic model
4866,00-0034844,Saquon Barkley,canonical_id,RB,PHI,PHI,False,28.8,adp_dynasty_ppr,246.7,SLEEPER_RAW_LEAGUE_REPLAY,0.875,rec_2pt,pts_ppr,246.7,14.511764705882351,214.99720321053715,229.7184270555842,246.78870988805951,262.788252553648,278.1300869494204,66,MARKET_FALLBACK,0.0,no_validated_preseason_spec,{},,,{},diagnostic_only,DIAGNOSTIC_ONLY_POSITION,True,227.49712880171185,13.38218404715952,227.49712880171185,fum_lost|rec|rec_2pt|rec_td|rec_yd|rush_2pt|rush_td|rush_yd,,1.0,227.49712880171185,,-47.10932788213205,fum_lost|rec|rec_2pt|rec_td|rec_yd|rush_2pt|rush_td|rush_yd,,1.0,1.0,,"{""prev_fantasy_ppg"":2.23255285108531,""prev__rushing_yards"":1.2296462707154587,""carry_share_prior4"":1.1450191364078266,""opportunity_xfp_realized_prior4"":1.0232600755699384,""backfield_competitor_count"":0.674168328950751,""offense_snap_share_prior4"":-0.5286172421642067,""prev__receptions"":0.272872438680435,""inside_5_carry_share_prior4"":-0.20678506604224042}",74,12.0,9.0,False,,,-27.90645668384387,93.21724137931034,121.1236980631542,199.59067211786797,-47.10932788213205,-19.09579565550549,16.0,-4.0,True,167.8878753284051,182.60909917345217,199.6793820059275,215.678924671516,231.02075906728837,"FIE diagnostic is lower; main model signals: prior-season fantasy production, prior rushing-yard production, recent carry share.",Diagnostic model
12529,00-0040734,TreVeyon Henderson,canonical_id,RB,NE,NE,False,33.8,adp_dynasty_ppr,171.0,SLEEPER_RAW_LEAGUE_REPLAY,0.75,rec_2pt|rush_2pt,pts_ppr,171.0,10.058823529411764,141.02611042183693,154.7275083559918,170.21507200806838,186.323537852874,202.2164400840929,66,MARKET_FALLBACK,0.0,no_validated_preseason_spec,{},,,{},diagnostic_only,DIAGNOSTIC_ONLY_POSITION,True,184.59615126500412,10.858597133235538,184.59615126500412,fum_lost|rec|rec_2pt|rec_td|rec_yd|rush_2pt|rush_td|rush_yd,,1.0,184.59615126500412,,-14.310305418839732,fum_lost|rec|rec_2pt|rec_td|rec_yd|rush_2pt|rush_td|rush_yd,,1.0,1.0,,"{""prev_fantasy_ppg"":1.4376194986440338,""prev__rushing_yards"":0.6651518849157232,""carry_share_prior4"":0.4024001096333103,""opportunity_xfp_realized_prior4"":0.38252605862167877,""opportunity_change_score_prior1"":0.33144111535363135,""prev__rushing_tds"":0.18245818272705874,""prev__receptions"":0.17448037137693148,""xfp_residual_prior4"":0.12812576364188985}",74,13.0,24.0,False,,,-27.90645668384387,93.21724137931034,121.1236980631542,156.68969458116027,-14.310305418839732,-8.368599660140195,28.0,-15.0,True,126.7158050029972,140.41720293715207,155.90476658922864,172.01323243403428,187.9061346652532,"FIE diagnostic is lower; main model signals: prior-season fantasy production, prior rushing-yard production, recent carry share.",Diagnostic model
8155,00-0038120,Breece Hall,canonical_id,RB,NYJ,NYJ,False,37.7,adp_dynasty_ppr,211.0,SLEEPER_RAW_LEAGUE_REPLAY,0.75,rec_2pt|rush_2pt,pts_ppr,211.0,12.411764705882351,179.6305839658558,194.40571862053736,210.7066264229404,226.8428028635124,242.46591541024864,66,MARKET_FALLBACK,0.0,no_validated_preseason_spec,{},,,{},diagnostic_only,DIAGNOSTIC_ONLY_POSITION,True,197.76255607252023,11.633091533677662,197.76255607252023,fum_lost|rec|rec_2pt|rec_td|rec_yd|rush_2pt|rush_td|rush_yd,,1.0,197.76255607252023,,-41.1439006113236,fum_lost|rec|rec_2pt|rec_td|rec_yd|rush_2pt|rush_td|rush_yd,,1.0,1.0,,"{""prev_fantasy_ppg"":1.7617820422107167,""carry_share_prior4"":1.1655172165538328,""prev__rushing_yards"":1.0798272986308077,""opportunity_xfp_realized_prior4"":0.655908850332439,""offense_snap_share_prior4"":-0.4411862539174948,""prev__receiving_yards"":0.35159327704023313,""xfp_residual_prior4"":-0.26206415161160346,""prev__receptions"":0.2486309148520356}",74,14.0,15.0,False,,,-27.90645668384387,93.21724137931034,121.1236980631542,169.8560993886764,-41.1439006113236,-19.499478962712608,24.0,-10.0,True,138.4866833545322,153.26181800921378,169.56272581161676,185.6989022521888,201.32201479892504,"FIE diagnostic is lower; main model signals: prior-season fantasy production, recent carry share, prior rushing-yard production.",Diagnostic model
12512,00-0040784,Quinshon Judkins,canonical_id,RB,CLE,CLE,False,40.7,adp_dynasty_ppr,196.0,SLEEPER_RAW_LEAGUE_REPLAY,0.75,rec_2pt|rush_2pt,pts_ppr,196.0,11.529411764705882,165.64273149113458,179.76772588488168,195.5067767830879,211.6384014734504,227.045235568156,65,MARKET_FALLBACK,0.0,no_validated_preseason_spec,{},,,{},diagnostic_only,DIAGNOSTIC_ONLY_POSITION,True,195.56320679920157,11.503718047011857,195.56320679920157,fum_lost|rec|rec_2pt|rec_td|rec_yd|rush_2pt|rush_td|rush_yd,,1.0,195.56320679920157,,-28.34324988464232,fum_lost|rec|rec_2pt|rec_td|rec_yd|rush_2pt|rush_td|rush_yd,,1.0,1.0,,"{""prev_fantasy_ppg"":1.4373399186286666,""carry_share_prior4"":1.2481061679231522,""prev__rushing_yards"":0.840402312766004,""opportunity_xfp_realized_prior4"":0.7811638480657568,""backfield_competitor_count"":0.674168328950751,""inside_5_carry_share_prior4"":-0.27882308110377685,""offense_snap_share_prior4"":-0.24689516892480184,""opportunity_change_score_prior1"":-0.17257724776572578}",73,15.0,22.0,False,,,-27.90645668384387,93.21724137931034,121.1236980631542,167.65675011535768,-28.34324988464232,-14.460841777878732,25.0,-10.0,True,137.29948160649226,151.42447600023937,167.16352689844558,183.29515158880804,198.7019856835137,"FIE diagnostic is lower; main model signals: prior-season fantasy production, recent carry share, prior rushing-yard production.",Diagnostic model
8150,00-0037840,Kyren Williams,canonical_id,RB,LAR,LA,True,42.0,adp_dynasty_ppr,208.0,SLEEPER_RAW_LEAGUE_REPLAY,0.75,rec_2pt|rush_2pt,pts_ppr,208.0,12.235294117647058,177.5003152528405,191.6231615385796,207.73568524633475,224.31798509252923,238.92507687805116,55,MARKET_FALLBACK,0.0,no_validated_preseason_spec,{},,,{},diagnostic_only,UNAVAILABLE_TEAM_CHANGE,False,,,,,,0.0,,,,,,0.0,1.0,,"{""prev_fantasy_ppg"":2.555100820063253,""prev__rushing_yards"":1.3062595803618837,""opportunity_xfp_realized_prior4"":0.7757274739410295,""carry_share_prior4"":0.735760121265391,""offense_snap_share_prior4"":-0.3278497876717573,""prev__rushing_tds"":0.21908297412291342,""prev__receptions"":0.19729592321542494,""prev__receiving_yards"":0.1600944817631432}",40,16.0,16.0,False,,,-27.90645668384387,93.21724137931034,121.1236980631542,208.0,0.0,0.0,10.0,6.0,False,177.5003152528405,191.6231615385796,207.73568524633475,224.31798509252923,238.92507687805116,No diagnostic deviation: team transfer makes prior-team role profile non-portable.,Diagnostic model
11584,00-0039361,Bucky Irving,canonical_id,RB,TB,TB,False,43.1,adp_dynasty_ppr,197.3,SLEEPER_RAW_LEAGUE_REPLAY,0.75,rec_2pt|rush_2pt,pts_ppr,197.3,11.605882352941178,166.78803345037107,180.562621285318,197.21149785252848,213.19492768305585,228.4126836987748,64,MARKET_FALLBACK,0.0,no_validated_preseason_spec,{},,,{},diagnostic_only,DIAGNOSTIC_ONLY_POSITION,True,206.67346075350656,12.157262397265091,206.67346075350656,fum_lost|rec|rec_2pt|rec_td|rec_yd|rush_2pt|rush_td|rush_yd,,1.0,206.67346075350656,,-18.532995930337336,fum_lost|rec|rec_2pt|rec_td|rec_yd|rush_2pt|rush_td|rush_yd,,1.0,1.0,,"{""prev_fantasy_ppg"":2.0100595801065926,""carry_share_prior4"":0.8372784978307195,""prev__rushing_yards"":0.8317270808586259,""opportunity_xfp_realized_prior4"":0.6213599690960356,""prev__receiving_yards"":0.5602663796791749,""prev__receptions"":0.5395292007928282,""backfield_competitor_count"":-0.5017279944708308,""inside_5_carry_share_prior4"":0.4271494664992789}",72,17.0,21.0,False,,,-27.90645668384387,93.21724137931034,121.1236980631542,178.76700406966268,-18.532995930337336,-9.393307618011828,21.0,-4.0,True,148.25503752003374,162.02962535498065,178.67850192219117,194.6619317527185,209.87968776843744,"FIE diagnostic is lower; main model signals: prior-season fantasy production, recent carry share, prior rushing-yard production.",Diagnostic model
12481,00-0040715,Cam Skattebo,canonical_id,RB,NYG,NYG,False,44.1,adp_dynasty_ppr,201.2,SLEEPER_RAW_LEAGUE_REPLAY,0.75,rec_2pt|rush_2pt,pts_ppr,201.2,11.835294117647058,170.43196664585318,184.5150214326755,200.6197311631948,217.1558898931263,232.67002302187788,64,MARKET_FALLBACK,0.0,no_validated_preseason_spec,{},,,{},diagnostic_only,DIAGNOSTIC_ONLY_POSITION,True,227.5044655861205,13.382615622712972,227.5044655861205,fum_lost|rec|rec_2pt|rec_td|rec_yd|rush_2pt|rush_td|rush_yd,,1.0,227.5044655861205,,-1.601991097723328,fum_lost|rec|rec_2pt|rec_td|rec_yd|rush_2pt|rush_td|rush_yd,,1.0,1.0,,"{""prev_fantasy_ppg"":2.712888791235624,""opportunity_xfp_realized_prior4"":1.2393827384363316,""carry_share_prior4"":0.721585854730344,""prev__rushing_yards"":0.590418656487615,""prev__receptions"":0.5395292007928282,""prev__receiving_yards"":0.4948881114704078,""offense_snap_share_prior4"":-0.4152807759184692,""target_share_prior4"":0.28351215438287886}",72,18.0,20.0,False,,,-27.90645668384387,93.21724137931034,121.1236980631542,199.59800890227663,-1.601991097723328,-0.7962182394251134,15.0,3.0,True,168.82997554812985,182.91303033495217,199.01774006547143,215.55389879540297,231.06803192415452,"FIE diagnostic is lower; main model signals: prior-season fantasy production, recent opportunity-based expected production, recent carry share.",Diagnostic model
3198,00-0032764,Derrick Henry,canonical_id,RB,BAL,BAL,False,46.5,adp_dynasty_ppr,246.9,SLEEPER_RAW_LEAGUE_REPLAY,0.875,rec_2pt,pts_ppr,246.9,14.523529411764704,215.53626563526151,229.98131206300263,246.94315099824047,263.196353143177,278.606756621398,66,MARKET_FALLBACK,0.0,no_validated_preseason_spec,{},,,{},diagnostic_only,DIAGNOSTIC_ONLY_POSITION,True,229.9851458445505,13.528537990855911,229.9851458445505,fum_lost|rec|rec_2pt|rec_td|rec_yd|rush_2pt|rush_td|rush_yd,,1.0,229.9851458445505,,-44.82131083929335,fum_lost|rec|rec_2pt|rec_td|rec_yd|rush_2pt|rush_td|rush_yd,,1.0,1.0,,"{""prev_fantasy_ppg"":2.872144557488671,""prev__rushing_yards"":1.9511274382446797,""opportunity_xfp_realized_prior4"":1.0206450134679241,""carry_share_prior4"":0.8817817910431552,""inside_5_carry_share_prior4"":-0.4805295232760783,""prev__rushing_tds"":0.4388317224980416,""xfp_residual_prior4"":0.3252633877626663,""prev__receptions"":-0.2818306653929392}",74,19.0,8.0,False,,,-27.90645668384387,93.21724137931034,121.1236980631542,202.07868916070663,-44.82131083929335,-18.15362933952748,14.0,5.0,True,170.71495479596817,185.1600012237093,202.12184015894712,218.37504230388367,233.78544578210463,"FIE diagnostic is lower; main model signals: prior-season fantasy production, prior rushing-yard production, recent opportunity-based expected production.",Diagnostic model
7588,00-0036997,Javonte Williams,canonical_id,RB,DAL,DAL,False,51.1,adp_dynasty_ppr,212.0,SLEEPER_RAW_LEAGUE_REPLAY,0.75,rec_2pt|rush_2pt,pts_ppr,212.0,12.470588235294118,181.4038278116333,195.66483575300384,211.58627289277212,228.05513483123687,243.496992644686,66,MARKET_FALLBACK,0.0,no_validated_preseason_spec,{},,,{},diagnostic_only,DIAGNOSTIC_ONLY_POSITION,True,211.1475273579028,12.42044278575899,211.1475273579028,fum_lost|rec|rec_2pt|rec_td|rec_yd|rush_2pt|rush_td|rush_yd,,1.0,211.1475273579028,,-28.75892932594104,fum_lost|rec|rec_2pt|rec_td|rec_yd|rush_2pt|rush_td|rush_yd,,1.0,1.0,,"{""prev_fantasy_ppg"":2.4508873693354523,""prev__rushing_yards"":1.3514990346776412,""carry_share_prior4"":0.8530998257233526,""opportunity_xfp_realized_prior4"":0.6618635514553375,""offense_snap_share_prior4"":-0.3148970486722445,""prev__rushing_tds"":0.28088730960341823,""inside_5_carry_share_prior4"":-0.25360977583223915,""prev__receptions"":0.22438939102363617}",74,20.0,13.0,False,,,-27.90645668384387,93.21724137931034,121.1236980631542,183.24107067405896,-28.75892932594104,-13.565532700915584,19.0,1.0,True,152.6448984856923,166.9059064270628,182.8273435668311,199.29620550529583,214.7380633187449,"FIE diagnostic is lower; main model signals: prior-season fantasy production, prior rushing-yard production, recent carry share.",Diagnostic model
13286,00-0041512,Jadarian Price,unmatched,RB,SEA,,False,56.0,adp_dynasty_ppr,170.0,SLEEPER_RAW_LEAGUE_REPLAY,0.75,rec_2pt|rush_2pt,pts_ppr,170.0,10.0,140.56528574970665,153.9226158229408,169.43104986923584,185.5628474707556,199.8956691854834,62,MARKET_FALLBACK,0.0,no_validated_preseason_spec,{},,,{},diagnostic_only,UNAVAILABLE_PROFILE,False,,,,,,0.0,,,,,,0.0,0.0,no_model_or_profile,{},20,21.0,26.0,False,,,-27.90645668384387,93.21724137931034,121.1236980631542,170.0,0.0,0.0,23.0,-2.0,False,140.56528574970665,153.9226158229408,169.43104986923584,185.5628474707556,199.8956691854834,No diagnostic deviation: no usable prior-season FIE profile.,Diagnostic model
5850,00-0035700,Josh Jacobs,canonical_id,RB,GB,GB,False,57.4,adp_dynasty_ppr,87.2,SLEEPER_RAW_LEAGUE_REPLAY,0.875,rec_2pt,pts_ppr,87.2,5.129411764705883,61.55966990035391,72.79881610681404,86.17978996930064,100.39944588188756,114.27370600274402,65,MARKET_FALLBACK,0.0,no_validated_preseason_spec,{},,,{},diagnostic_only,DIAGNOSTIC_ONLY_POSITION,True,219.32301945166253,12.901354085391914,219.32301945166253,fum_lost|rec|rec_2pt|rec_td|rec_yd|rush_2pt|rush_td|rush_yd,,1.0,219.32301945166253,,104.21656276781869,fum_lost|rec|rec_2pt|rec_td|rec_yd|rush_2pt|rush_td|rush_yd,,1.0,1.0,,"{""prev_fantasy_ppg"":2.6610430072194,""prev__rushing_yards"":0.9318727404209881,""carry_share_prior4"":0.8053575973143676,""opportunity_xfp_realized_prior4"":0.6753691994549526,""prev__rushing_tds"":0.39244032006329244,""prev__receptions"":0.3068105720401941,""prev__receiving_yards"":0.2414353730720364,""offense_snap_share_prior4"":-0.24041879942504552}",73,22.0,47.0,False,,,-27.90645668384387,93.21724137931034,121.1236980631542,191.41656276781868,104.21656276781869,119.51440684382877,18.0,4.0,True,165.77623266817258,177.01537887463272,190.3963527371193,204.61600864970623,218.4902687705627,"FIE diagnostic is higher; main model signals: prior-season fantasy production, prior rushing-yard production, recent carry share.",Diagnostic model
7543,00-0036973,Travis Etienne,canonical_id,RB,NO,JAX,True,59.4,adp_dynasty_ppr,207.7,SLEEPER_RAW_LEAGUE_REPLAY,0.875,rec_2pt,pts_ppr,207.7,12.217647058823529,176.89918854097763,191.57571462454104,207.20908868526632,223.32163650407708,238.65444981891537,55,MARKET_FALLBACK,0.0,no_validated_preseason_spec,{},,,{},diagnostic_only,UNAVAILABLE_TEAM_CHANGE,False,,,,,,0.0,,,,,,0.0,1.0,,"{""prev_fantasy_ppg"":2.3711371699522084,""prev__rushing_yards"":1.033647803705892,""opportunity_xfp_realized_prior4"":0.8596236026655534,""carry_share_prior4"":0.8358164489222133,""offense_snap_share_prior4"":-0.4120425911685907,""xfp_residual_prior4"":0.2805417060451499,""prev__receptions"":0.19729592321542494,""prev__receiving_yards"":0.18327452850920078}",40,23.0,18.0,False,,,-27.90645668384387,93.21724137931034,121.1236980631542,207.7,0.0,0.0,11.0,12.0,False,176.89918854097763,191.57571462454104,207.20908868526632,223.32163650407708,238.65444981891537,No diagnostic deviation: team transfer makes prior-team role profile non-portable.,Diagnostic model
12490,00-0040719,Bhayshul Tuten,canonical_id,RB,JAX,JAX,False,68.8,adp_dynasty_ppr,174.8,SLEEPER_RAW_LEAGUE_REPLAY,0.75,rec_2pt|rush_2pt,pts_ppr,174.8,10.282352941176471,144.91684306950228,158.47959417165146,174.4758537057113,190.50758218867333,204.87214920702445,65,MARKET_FALLBACK,0.0,no_validated_preseason_spec,{},,,{},diagnostic_only,DIAGNOSTIC_ONLY_POSITION,True,91.77003158188089,5.398237151875346,91.77003158188089,fum_lost|rec|rec_2pt|rec_td|rec_yd|rush_2pt|rush_td|rush_yd,,1.0,91.77003158188089,,-110.936425101963,fum_lost|rec|rec_2pt|rec_td|rec_yd|rush_2pt|rush_td|rush_yd,,1.0,1.0,,"{""prev_fantasy_ppg"":-0.6326891538113275,""opportunity_xfp_realized_prior4"":-0.41526155083074107,""carry_share_prior4"":-0.39610029685722137,""prev__rushing_yards"":-0.3934591797447409,""prev__receptions"":-0.3654876888007489,""prev__receiving_yards"":-0.2433788167500545,""offense_snap_share_prior4"":0.24207072830680862,""inside_5_carry_share_prior4"":0.20022971905543951}",73,24.0,23.0,False,,,-27.90645668384387,93.21724137931034,121.1236980631542,63.863574898037015,-110.936425101963,-63.464774085791184,67.0,-43.0,True,33.98041796753928,47.54316906968846,63.53942860374831,79.57115708671036,93.93572410506144,"FIE diagnostic is lower; main model signals: prior-season fantasy production, recent opportunity-based expected production, recent carry share.",Diagnostic model
6790,00-0036275,D'Andre Swift,canonical_id,RB,CHI,CHI,False,69.4,adp_dynasty_ppr,208.0,SLEEPER_RAW_LEAGUE_REPLAY,0.75,rec_2pt|rush_2pt,pts_ppr,208.0,12.235294117647058,177.46247371681224,191.72361148418855,207.79555739679463,223.7188970429787,239.4640433836852,66,MARKET_FALLBACK,0.0,no_validated_preseason_spec,{},,,{},diagnostic_only,DIAGNOSTIC_ONLY_POSITION,True,208.57774191676845,12.269278936280497,208.57774191676845,fum_lost|rec|rec_2pt|rec_td|rec_yd|rush_2pt|rush_td|rush_yd,,1.0,208.57774191676845,,-27.32871476707544,fum_lost|rec|rec_2pt|rec_td|rec_yd|rush_2pt|rush_td|rush_yd,,1.0,1.0,,"{""prev_fantasy_ppg"":2.155615925606688,""prev__rushing_yards"":1.123774197108972,""carry_share_prior4"":0.5379500535151069,""opportunity_xfp_realized_prior4"":0.44198971806208137,""xfp_residual_prior4"":0.2726256147401914,""offense_snap_share_prior4"":-0.26308609267419303,""prev__receiving_yards"":0.2374052058536877,""prev__rushing_tds"":0.20305962788722698}",74,25.0,16.0,False,,,-27.90645668384387,93.21724137931034,121.1236980631542,180.67128523292456,-27.32871476707544,-13.138805176478575,20.0,5.0,True,150.1337589497368,164.39489671711314,180.4668426297192,196.39018227590327,212.13532861660977,"FIE diagnostic is lower; main model signals: prior-season fantasy production, prior rushing-yard production, recent carry share.",Diagnostic model
5892,00-0035685,David Montgomery,canonical_id,RB,HOU,DET,True,70.7,adp_dynasty_ppr,206.1,SLEEPER_RAW_LEAGUE_REPLAY,0.75,rec_2pt|rush_2pt,pts_ppr,206.1,12.123529411764707,175.51548130290868,189.60051712749308,205.63795699599265,222.1156962397469,237.5351638746637,55,MARKET_FALLBACK,0.0,no_validated_preseason_spec,{},,,{},diagnostic_only,UNAVAILABLE_TEAM_CHANGE,False,,,,,,0.0,,,,,,0.0,1.0,,"{""prev_fantasy_ppg"":0.7080274905440607,""prev__rushing_yards"":0.2985360473438718,""inside_5_carry_share_prior4"":-0.17796986001762596,""prev__rushing_tds"":0.14583339133120393,""opportunity_xfp_realized_prior4"":-0.13949578676845495,""target_share_prior4"":-0.12341113148765323,""offense_snap_share_prior4"":0.11254333831167995,""carry_share_prior4"":0.09866246083025665}",40,26.0,19.0,False,,,-27.90645668384387,93.21724137931034,121.1236980631542,206.1,0.0,0.0,13.0,13.0,False,175.51548130290868,189.60051712749308,205.63795699599265,222.1156962397469,237.5351638746637,No diagnostic deviation: team transfer makes prior-team role profile non-portable.,Diagnostic model
12489,00-0040730,RJ Harvey,canonical_id,RB,DEN,DEN,False,73.2,adp_dynasty_ppr,144.1,SLEEPER_RAW_LEAGUE_REPLAY,0.75,rec_2pt|rush_2pt,pts_ppr,144.1,8.476470588235294,115.1064611584276,128.31513377235177,143.46565753067983,159.15924015682526,174.12739290219974,66,MARKET_FALLBACK,0.0,no_validated_preseason_spec,{},,,{},diagnostic_only,DIAGNOSTIC_ONLY_POSITION,True,180.55780697540456,10.621047469141445,180.55780697540456,fum_lost|rec|rec_2pt|rec_td|rec_yd|rush_2pt|rush_td|rush_yd,,1.0,180.55780697540456,,8.55135029156068,fum_lost|rec|rec_2pt|rec_td|rec_yd|rush_2pt|rush_td|rush_yd,,1.0,1.0,,"{""prev_fantasy_ppg"":1.445447739074291,""opportunity_xfp_realized_prior4"":1.0069511597138763,""carry_share_prior4"":0.6530836696559431,""prev__receptions"":0.448266993438854,""offense_snap_share_prior4"":-0.36994618942017415,""inside_5_carry_share_prior4"":-0.32924969164685225,""prev__receiving_yards"":0.3181402550317183,""target_share_prior4"":0.20598146417904284}",74,27.0,37.0,False,,,-27.90645668384387,93.21724137931034,121.1236980631542,152.65135029156068,8.55135029156068,5.934316649244053,31.0,-4.0,True,123.65781144998827,136.86648406391245,152.01700782224052,167.71059044838594,182.67874319376045,"FIE diagnostic is higher; main model signals: prior-season fantasy production, recent opportunity-based expected production, recent carry share.",Diagnostic model
12534,00-0040236,Kyle Monangai,canonical_id,RB,CHI,CHI,False,82.2,adp_dynasty_ppr,154.60000000000002,SLEEPER_RAW_LEAGUE_REPLAY,0.75,rec_2pt|rush_2pt,pts_ppr,154.60000000000002,9.094117647058823,125.83864509855924,139.0782571827912,154.02867078568192,169.6188784672622,183.75185215542584,66,MARKET_FALLBACK,0.0,no_validated_preseason_spec,{},,,{},diagnostic_only,DIAGNOSTIC_ONLY_POSITION,True,130.85717504912637,7.697480885242727,130.85717504912637,fum_lost|rec|rec_2pt|rec_td|rec_yd|rush_2pt|rush_td|rush_yd,,1.0,130.85717504912637,,-51.649281634717525,fum_lost|rec|rec_2pt|rec_td|rec_yd|rush_2pt|rush_td|rush_yd,,1.0,1.0,,"{""opportunity_xfp_realized_prior4"":0.5127424921487493,""prev__rushing_yards"":0.4245014889711234,""opportunity_change_score_prior1"":-0.27913516455694326,""prev_fantasy_ppg"":0.2731687346432715,""carry_share_prior4"":0.2456778082610041,""xfp_residual_prior4"":-0.21607024506779904,""inside_5_carry_share_prior4"":-0.21578981792493251,""prev__receptions"":-0.2133840098774586}",74,28.0,32.0,False,,,-27.90645668384387,93.21724137931034,121.1236980631542,102.9507183652825,-51.649281634717525,-33.408332234616765,50.0,-22.0,True,74.18936346384172,87.42897554807367,102.3793891509644,117.96959683254468,132.1025705207083,"FIE diagnostic is lower; main model signals: recent opportunity-based expected production, prior rushing-yard production, recent role-change signal.",Diagnostic model
8228,00-0037228,Jaylen Warren,canonical_id,RB,PIT,PIT,False,84.5,adp_dynasty_ppr,170.60000000000002,SLEEPER_RAW_LEAGUE_REPLAY,0.75,rec_2pt|rush_2pt,pts_ppr,170.60000000000002,10.03529411764706,140.8648030233396,154.37380337521066,170.1490257092871,186.24706470505905,200.7102421015529,66,MARKET_FALLBACK,0.0,no_validated_preseason_spec,{},,,{},diagnostic_only,DIAGNOSTIC_ONLY_POSITION,True,205.72415856745647,12.101421092203324,205.72415856745647,fum_lost|rec|rec_2pt|rec_td|rec_yd|rush_2pt|rush_td|rush_yd,,1.0,205.72415856745647,,7.217701883612563,fum_lost|rec|rec_2pt|rec_td|rec_yd|rush_2pt|rush_td|rush_yd,,1.0,1.0,,"{""prev_fantasy_ppg"":1.9164876437136744,""prev__rushing_yards"":0.8660855651233726,""carry_share_prior4"":0.5404957462463446,""prev__receptions"":0.3455970101656331,""prev__receiving_yards"":0.313530586644718,""opportunity_xfp_realized_prior4"":0.29485940802812133,""xfp_residual_prior4"":0.26105828045224466,""opportunity_change_score_prior1"":0.22421991431509952}",74,29.0,25.0,False,,,-27.90645668384387,93.21724137931034,121.1236980631542,177.8177018836126,7.217701883612563,4.230774843852616,22.0,7.0,True,148.08250490695215,161.59150525882322,177.36672759289965,193.4647665886716,207.92794398516543,"FIE diagnostic is higher; main model signals: prior-season fantasy production, prior rushing-yard production, recent carry share.",Diagnostic model
7594,00-0036555,Chuba Hubbard,canonical_id,RB,CAR,CAR,False,89.8,adp_dynasty_ppr,147.9,SLEEPER_RAW_LEAGUE_REPLAY,0.75,rec_2pt|rush_2pt,pts_ppr,147.9,8.700000000000001,119.4229184882346,132.0450017104687,147.0305852461881,162.95788628825778,177.4644938910858,65,MARKET_FALLBACK,0.0,no_validated_preseason_spec,{},,,{},diagnostic_only,DIAGNOSTIC_ONLY_POSITION,True,127.7428902163445,7.514287659784971,127.7428902163445,fum_lost|rec|rec_2pt|rec_td|rec_yd|rush_2pt|rush_td|rush_yd,,1.0,127.7428902163445,,-48.06356646749937,fum_lost|rec|rec_2pt|rec_td|rec_yd|rush_2pt|rush_td|rush_yd,,1.0,1.0,,"{""prev_fantasy_ppg"":0.1835353817168257,""prev__receptions"":0.15166481953843802,""offense_snap_share_prior4"":-0.11089140942991671,""prev__rushing_tds"":-0.10565684292033177,""prev__receiving_yards"":0.10052878588236465,""backfield_competitor_count"":0.08622016723996001,""prev__receiving_tds"":0.05807197088079549,""target_share_prior4"":0.052044773444519035}",73,30.0,36.0,False,,,-27.90645668384387,93.21724137931034,121.1236980631542,99.83643353250064,-48.06356646749937,-32.497340410750084,52.0,-22.0,True,71.35935202073524,83.98143524296934,98.96701877868874,114.8943198207584,129.40092742358644,"FIE diagnostic is lower; main model signals: prior-season fantasy production, prior reception volume, recent offensive snap share.",Diagnostic model
11586,00-0039738,Blake Corum,canonical_id,RB,LAR,LA,True,95.5,adp_dynasty_ppr,135.3,SLEEPER_PUBLISHED_TOTAL_FALLBACK,0.625,rec_2pt|rec_td|rush_2pt,pts_ppr,135.3,7.958823529411766,106.29942207429576,119.61626259419889,134.848551775284,150.44320363154242,164.25981142011045,55,MARKET_FALLBACK,0.0,no_validated_preseason_spec,{},,,{},diagnostic_only,UNAVAILABLE_TEAM_CHANGE,False,,,,,,0.0,,,,,,0.0,1.0,,"{""prev__receptions"":-0.441539528262394,""prev__receiving_yards"":-0.35618837758086846,""prev__rushing_yards"":0.3549384838933874,""xfp_residual_prior4"":0.3205574893033171,""prev_fantasy_ppg"":-0.2063109917099836,""target_share_prior4"":-0.17319130109111755,""carry_share_prior4"":0.1618754992974351,""opportunity_change_score_prior1"":0.14913769820266692}",40,31.0,39.0,False,,,-27.90645668384387,93.21724137931034,121.1236980631542,135.3,0.0,0.0,38.0,-7.0,False,106.29942207429576,119.61626259419889,134.848551775284,150.44320363154242,164.25981142011045,No diagnostic deviation: team transfer makes prior-team role profile non-portable.,Diagnostic model
7021,00-0036139,Rico Dowdle,canonical_id,RB,PIT,CAR,True,98.5,adp_dynasty_ppr,161.1,SLEEPER_RAW_LEAGUE_REPLAY,0.75,rec_2pt|rush_2pt,pts_ppr,161.1,9.476470588235294,131.9049648906216,145.26792440430464,160.53806309776547,176.1466458931168,191.5468907298317,55,MARKET_FALLBACK,0.0,no_validated_preseason_spec,{},,,{},diagnostic_only,UNAVAILABLE_TEAM_CHANGE,False,,,,,,0.0,,,,,,0.0,1.0,,"{""prev_fantasy_ppg"":1.6352825695080289,""prev__rushing_yards"":0.975365285938059,""opportunity_xfp_realized_prior4"":0.7720608448208652,""carry_share_prior4"":0.5509211033106649,""target_share_prior4"":0.29204772384777,""prev__receptions"":0.26574257873090584,""offense_snap_share_prior4"":-0.25013335367468004,""xfp_residual_prior4"":-0.23762021366799702}",40,32.0,28.0,False,,,-27.90645668384387,93.21724137931034,121.1236980631542,161.1,0.0,0.0,27.0,5.0,False,131.9049648906216,145.26792440430464,160.53806309776547,176.1466458931168,191.5468907298317,No diagnostic deviation: team transfer makes prior-team role profile non-portable.,Diagnostic model
11583,00-0039344,Jonathon Brooks,unmatched,RB,CAR,,False,101.3,adp_dynasty_ppr,154.9,SLEEPER_RAW_LEAGUE_REPLAY,0.75,rec_2pt|rush_2pt,pts_ppr,154.9,9.111764705882353,126.03006947117603,139.04720396421297,154.4140167911826,169.97499735300164,184.50975302702773,62,MARKET_FALLBACK,0.0,no_validated_preseason_spec,{},,,{},diagnostic_only,UNAVAILABLE_PROFILE,False,,,,,,0.0,,,,,,0.0,0.0,no_model_or_profile,{},20,33.0,31.0,False,,,-27.90645668384387,93.21724137931034,121.1236980631542,154.9,0.0,0.0,29.0,4.0,False,126.03006947117603,139.04720396421297,154.4140167911826,169.97499735300164,184.50975302702773,No diagnostic deviation: no usable prior-season FIE profile.,Diagnostic model
7611,00-0036875,Rhamondre Stevenson,canonical_id,RB,NE,NE,False,102.2,adp_dynasty_ppr,169.0,SLEEPER_RAW_LEAGUE_REPLAY,0.75,rec_2pt|rush_2pt,pts_ppr,169.0,9.941176470588236,139.22599849172656,152.84849608420495,168.43805716234806,184.3208448794388,199.3152818348925,65,MARKET_FALLBACK,0.0,no_validated_preseason_spec,{},,,{},diagnostic_only,DIAGNOSTIC_ONLY_POSITION,True,179.38103704588215,10.551825708581305,179.38103704588215,fum_lost|rec|rec_2pt|rec_td|rec_yd|rush_2pt|rush_td|rush_yd,,1.0,179.38103704588215,,-17.525419637961704,fum_lost|rec|rec_2pt|rec_td|rec_yd|rush_2pt|rush_td|rush_yd,,1.0,1.0,,"{""prev_fantasy_ppg"":1.651218630383909,""opportunity_xfp_realized_prior4"":0.49856128661531623,""prev__receiving_yards"":0.45074818479325574,""offense_snap_share_prior4"":-0.36023163517053935,""prev__rushing_yards"":0.329020221383729,""xfp_residual_prior4"":0.2717555066392892,""prev__receptions"":0.26248321418254944,""target_share_prior4"":0.24986476622216555}",73,34.0,27.0,False,,,-27.90645668384387,93.21724137931034,121.1236980631542,151.4745803620383,-17.525419637961704,-10.370070791693315,33.0,1.0,True,121.70057885376484,135.32307644624325,150.91263752438635,166.79542524147712,181.7898621969308,"FIE diagnostic is lower; main model signals: prior-season fantasy production, recent opportunity-based expected production, prior receiving-yard production.",Diagnostic model
12533,00-0040242,Jacory Croskey-Merritt,canonical_id,RB,WAS,WAS,False,107.3,adp_dynasty_ppr,127.9,SLEEPER_RAW_LEAGUE_REPLAY,0.75,rec_2pt|rush_2pt,pts_ppr,127.9,7.523529411764706,99.94139013537472,112.541512385373,127.10140043107968,142.2966284129741,156.3474997138139,66,MARKET_FALLBACK,0.0,no_validated_preseason_spec,{},,,{},diagnostic_only,DIAGNOSTIC_ONLY_POSITION,True,123.8761519565535,7.286832468032559,123.8761519565535,fum_lost|rec|rec_2pt|rec_td|rec_yd|rush_2pt|rush_td|rush_yd,,1.0,123.8761519565535,,-31.930304727290377,fum_lost|rec|rec_2pt|rec_td|rec_yd|rush_2pt|rush_td|rush_yd,,1.0,1.0,,"{""carry_share_prior4"":0.48046854472023764,""prev__rushing_yards"":0.4658632757741014,""prev__receptions"":-0.41872397642390047,""opportunity_change_score_prior1"":-0.32748110124590785,""xfp_residual_prior4"":0.3150799071740131,""prev__receiving_yards"":-0.28875551431960983,""target_share_prior4"":-0.2463936779264794,""prev_fantasy_ppg"":0.14791688775915576}",74,35.0,42.0,False,,,-27.90645668384387,93.21724137931034,121.1236980631542,95.96969527270964,-31.930304727290377,-24.965054517037043,55.0,-20.0,True,68.01108540808436,80.61120765808262,95.17109570378928,110.36632368568372,124.41719498652353,"FIE diagnostic is lower; main model signals: recent carry share, prior rushing-yard production, prior reception volume.",Diagnostic model
6806,00-0036158,J.K. Dobbins,canonical_id,RB,DEN,DEN,False,111.3,adp_dynasty_ppr,160.2,SLEEPER_RAW_LEAGUE_REPLAY,0.625,fum_lost|rec_2pt|rush_2pt,pts_ppr,160.2,9.423529411764704,131.398382652267,144.5405692592415,159.19477201849284,175.63540771586648,190.0599394463216,64,MARKET_FALLBACK,0.0,no_validated_preseason_spec,{},,,{},diagnostic_only,DIAGNOSTIC_ONLY_POSITION,True,180.58833855124024,10.622843444190602,180.58833855124024,fum_lost|rec|rec_2pt|rec_td|rec_yd|rush_2pt|rush_td|rush_yd,,1.0,180.58833855124024,,-7.518118132603604,fum_lost|rec|rec_2pt|rec_td|rec_yd|rush_2pt|rush_td|rush_yd,,1.0,1.0,,"{""prev__rushing_yards"":1.4198164859482423,""prev_fantasy_ppg"":1.2581570867803868,""carry_share_prior4"":0.8830502238735078,""backfield_competitor_count"":0.674168328950751,""opportunity_xfp_realized_prior4"":0.44320621297394097,""inside_5_carry_share_prior4"":-0.32924969164685214,""prev__receiving_yards"":-0.29950262690187285,""prev__receptions"":-0.1974131235905131}",72,36.0,29.0,False,,,-27.90645668384387,93.21724137931034,121.1236980631542,152.68188186739638,-7.518118132603604,-4.692957635832462,30.0,6.0,True,123.8802645196634,137.02245112663786,151.67665388588924,168.11728958326287,182.541821313718,"FIE diagnostic is lower; main model signals: prior rushing-yard production, prior-season fantasy production, recent carry share.",Diagnostic model
7564,00-0036900,Ja'Marr Chase,canonical_id,WR,CIN,CIN,False,3.1,adp_dynasty_ppr,311.1,SLEEPER_RAW_LEAGUE_REPLAY,0.75,rush_2pt|rush_td,pts_ppr,285.75137728239287,16.80890454602311,253.74401080311893,268.40736352941497,285.48118124612364,302.0951554101075,317.7855329735976,94,FIE_M9_VALIDATED_PRESEASON,1.0,,"{""targets"":9.516832239861845,""receptions"":6.266197943686901,""receiving_yards"":75.8099667609951,""receiving_tds"":0.4609981741398155,""fumbles_lost"":0.030672693427716655,""rushing_yards"":1.247414780167582,""rushing_tds"":0.014797689428032276,""rushing_2pt_conversions"":0.00014680016162107957,""receiving_2pt_conversions"":0.02162252667252411}",,,"{""prev_fantasy_ppg"":4.396257000657262,""prev__receiving_yards"":2.584000309028914,""prev__receptions"":1.6785510984647918,""target_share_prior4"":1.0404061488667444,""opportunity_xfp_realized_prior4"":0.2811010989761677,""offense_snap_share_prior4"":-0.20115439628237564,""prev__receiving_tds"":0.18268830533067829,""red_zone_target_share_prior4"":0.07126931311497231}",validated_candidate,VALIDATED_POSITION_SHADOW,True,285.75137728239287,16.80890454602311,285.75137728239287,fum_lost|rec|rec_2pt|rec_td|rec_yd|rush_2pt|rush_td|rush_yd,,1.0,285.75137728239287,,-39.400877843028695,fum_lost|rec|rec_2pt|rec_td|rec_yd|rush_2pt|rush_td|rush_yd,,1.0,1.0,,"{""prev_fantasy_ppg"":4.396257000657262,""prev__receiving_yards"":2.584000309028914,""prev__receptions"":1.6785510984647918,""target_share_prior4"":1.0404061488667444,""opportunity_xfp_realized_prior4"":0.2811010989761677,""offense_snap_share_prior4"":-0.20115439628237564,""prev__receiving_tds"":0.18268830533067829,""red_zone_target_share_prior4"":0.07126931311497231}",94,1.0,3.0,True,-2.0,285.75137728239287,-14.05225512542154,94.60625,108.65850512542154,271.6991221569713,-39.400877843028695,-12.665020200266374,3.0,-2.0,True,239.69175567769744,254.35510840399343,271.4289261207021,288.042900284686,303.73327784817604,"FIE diagnostic is lower; main model signals: prior-season fantasy production, prior receiving-yard production, prior reception volume.",Validated preseason model
9493,00-0039075,Puka Nacua,canonical_id,WR,LAR,LA,True,4.8,adp_dynasty_ppr,312.5,SLEEPER_RAW_LEAGUE_REPLAY,0.75,rush_2pt|rush_td,pts_ppr,312.5,18.38235294117647,280.29538777867253,295.7004591664484,312.23824141859166,329.45802138134326,344.872238152878,55,MARKET_FALLBACK,1.0,,{},,,{},validated_candidate,UNAVAILABLE_TEAM_CHANGE,False,,,,,,0.0,,,,,,0.0,1.0,,"{""prev_fantasy_ppg"":5.793698997767104,""prev__receiving_yards"":3.4890136143893082,""prev__receptions"":1.7606262189282242,""target_share_prior4"":1.0672886403539412,""opportunity_xfp_realized_prior4"":0.324295509409716,""xfp_residual_prior4"":-0.29753680819767064,""prev__receiving_tds"":0.26110115854453547,""prev__rushing_yards"":0.2464502418788409}",40,2.0,1.0,False,,,-14.05225512542154,94.60625,108.65850512542154,312.5,0.0,0.0,1.0,1.0,False,280.29538777867253,295.7004591664484,312.23824141859166,329.45802138134326,344.872238152878,No diagnostic deviation: team transfer makes prior-team role profile non-portable.,Validated preseason model
9488,00-0038543,Jaxon Smith-Njigba,canonical_id,WR,SEA,SEA,False,5.4,adp_dynasty_ppr,284.6,SLEEPER_RAW_LEAGUE_REPLAY,0.75,rush_2pt|rush_td,pts_ppr,309.4355449843709,18.202090881433584,277.4604921881666,292.1441877892822,309.18617953467145,326.35126705509987,341.9440519487919,94,FIE_M9_VALIDATED_PRESEASON,1.0,,"{""targets"":9.492946267947012,""receptions"":6.343640139737024,""receiving_yards"":86.90242905525837,""receiving_tds"":0.4830165444931772,""fumbles_lost"":0.03264476038941629,""rushing_yards"":1.9387486359547728,""rushing_tds"":0.01688619396617464,""rushing_2pt_conversions"":9.589538160039324e-05,""receiving_2pt_conversions"":0.020007135917382828}",,,"{""prev_fantasy_ppg"":4.968193407215343,""prev__receiving_yards"":3.4069632914222527,""prev__receptions"":1.4118069569586367,""target_share_prior4"":1.3276012051233694,""opportunity_xfp_realized_prior4"":0.2845334814137574,""prev__receiving_tds"":0.23803855465810692,""offense_snap_share_prior4"":-0.18410919057984568,""opportunity_change_score_prior1"":-0.10941305186283186}",validated_candidate,VALIDATED_POSITION_SHADOW,True,309.4355449843709,18.202090881433584,309.4355449843709,fum_lost|rec|rec_2pt|rec_td|rec_yd|rush_2pt|rush_td|rush_yd,,1.0,309.4355449843709,,10.783289858949388,fum_lost|rec|rec_2pt|rec_td|rec_yd|rush_2pt|rush_td|rush_yd,,1.0,1.0,,"{""prev_fantasy_ppg"":4.968193407215343,""prev__receiving_yards"":3.4069632914222527,""prev__receptions"":1.4118069569586367,""target_share_prior4"":1.3276012051233694,""opportunity_xfp_realized_prior4"":0.2845334814137574,""prev__receiving_tds"":0.23803855465810692,""offense_snap_share_prior4"":-0.18410919057984568,""opportunity_change_score_prior1"":-0.10941305186283186}",94,3.0,2.0,True,1.0,309.4355449843709,-14.05225512542154,94.60625,108.65850512542154,295.3832898589494,10.783289858949388,3.7889282708887513,2.0,1.0,True,263.40823706274506,278.0919326638607,295.1339244092499,312.2990119296784,327.8917968233704,"FIE diagnostic is higher; main model signals: prior-season fantasy production, prior receiving-yard production, prior reception volume.",Validated preseason model
7547,00-0036963,Amon-Ra St. Brown,canonical_id,WR,DET,DET,False,6.5,adp_dynasty_ppr,280.5,SLEEPER_RAW_LEAGUE_REPLAY,0.75,rush_2pt|rush_td,pts_ppr,277.9883330193567,16.352254883491568,245.98239604098015,260.9736508040767,278.0369828871733,294.7722941717305,309.7204828744128,94,FIE_M9_VALIDATED_PRESEASON,1.0,,"{""targets"":9.118774343424354,""receptions"":6.011274595497529,""receiving_yards"":73.6262564534376,""receiving_tds"":0.4621632461518669,""fumbles_lost"":0.031107327687290343,""rushing_yards"":1.3276062667833424,""rushing_tds"":0.016669310724409168,""rushing_2pt_conversions"":0.00014152877672919423,""receiving_2pt_conversions"":0.017265136267705695}",,,"{""prev_fantasy_ppg"":4.199185280045488,""prev__receiving_yards"":2.304994071616313,""prev__receptions"":1.373183370858198,""target_share_prior4"":1.1924301968096929,""opportunity_xfp_realized_prior4"":0.32318270085116396,""prev__receiving_tds"":0.27493872087639265,""offense_snap_share_prior4"":-0.20967699913364063,""opportunity_change_score_prior1"":-0.15816206914577188}",validated_candidate,VALIDATED_POSITION_SHADOW,True,277.9883330193567,16.352254883491568,277.9883330193567,fum_lost|rec|rec_2pt|rec_td|rec_yd|rush_2pt|rush_td|rush_yd,,1.0,277.9883330193567,,-16.563922106064865,fum_lost|rec|rec_2pt|rec_td|rec_yd|rush_2pt|rush_td|rush_yd,,1.0,1.0,,"{""prev_fantasy_ppg"":4.199185280045488,""prev__receiving_yards"":2.304994071616313,""prev__receptions"":1.373183370858198,""target_share_prior4"":1.1924301968096929,""opportunity_xfp_realized_prior4"":0.32318270085116396,""prev__receiving_tds"":0.27493872087639265,""offense_snap_share_prior4"":-0.20967699913364063,""opportunity_change_score_prior1"":-0.15816206914577188}",94,4.0,4.0,True,0.0,277.9883330193567,-14.05225512542154,94.60625,108.65850512542154,263.93607789393513,-16.563922106064865,-5.905141570789613,4.0,0.0,True,231.93014091555864,246.9213956786552,263.98472776175174,280.7200390463089,295.6682277489913,"FIE diagnostic is lower; main model signals: prior-season fantasy production, prior receiving-yard production, prior reception volume.",Validated preseason model
6794,00-0036322,Justin Jefferson,canonical_id,WR,MIN,MIN,False,8.4,adp_dynasty_ppr,250.4,SLEEPER_RAW_LEAGUE_REPLAY,0.5,fum_lost|rec_2pt|rush_2pt|rush_td,pts_ppr,196.47607791638504,11.557416348022649,165.90321415755693,179.85098530932655,196.2094146174549,212.3140957196223,227.85289340012392,94,FIE_M9_VALIDATED_PRESEASON,1.0,,"{""targets"":6.717752212859213,""receptions"":4.293102036081384,""receiving_yards"":53.95584168919734,""receiving_tds"":0.2848051249334727,""fumbles_lost"":0.025955907004243932,""rushing_yards"":0.9832899888107601,""rushing_tds"":0.013758311203650097,""rushing_2pt_conversions"":0.0001448266197455972,""receiving_2pt_conversions"":0.015321344043356515}",,,"{""prev_fantasy_ppg"":1.5751324784213347,""prev__receiving_yards"":1.3126595445971896,""target_share_prior4"":0.9691101659559711,""prev__receptions"":0.7358942002009591,""red_zone_target_share_prior4"":0.23542062573075187,""offense_snap_share_prior4"":-0.2125178667507289,""xfp_residual_prior4"":0.12544834922413337,""opportunity_xfp_realized_prior4"":0.1014980348968009}",validated_candidate,VALIDATED_POSITION_SHADOW,True,196.47607791638504,11.557416348022649,196.47607791638504,fum_lost|rec|rec_2pt|rec_td|rec_yd|rush_2pt|rush_td|rush_yd,,1.0,196.47607791638504,,-67.9761772090365,fum_lost|rec|rec_2pt|rec_td|rec_yd|rush_2pt|rush_td|rush_yd,,1.0,1.0,,"{""prev_fantasy_ppg"":1.5751324784213347,""prev__receiving_yards"":1.3126595445971896,""target_share_prior4"":0.9691101659559711,""prev__receptions"":0.7358942002009591,""red_zone_target_share_prior4"":0.23542062573075187,""offense_snap_share_prior4"":-0.2125178667507289,""xfp_residual_prior4"":0.12544834922413337,""opportunity_xfp_realized_prior4"":0.1014980348968009}",94,5.0,19.0,True,-14.0,196.47607791638504,-14.05225512542154,94.60625,108.65850512542154,182.4238227909635,-67.9761772090365,-27.14703562661202,20.0,-15.0,True,151.8509590321354,165.79873018390504,182.15715949203337,198.26184059420075,213.8006382747024,"FIE diagnostic is lower; main model signals: prior-season fantasy production, prior receiving-yard production, recent target share.",Validated preseason model
6786,00-0036358,CeeDee Lamb,canonical_id,WR,DAL,DAL,False,10.8,adp_dynasty_ppr,270.5,SLEEPER_RAW_LEAGUE_REPLAY,0.75,rush_2pt|rush_td,pts_ppr,232.67157730943111,13.686563371143007,201.3205802474732,215.85182057582304,232.488844088592,249.0694173304326,263.87246360410563,93,FIE_M9_VALIDATED_PRESEASON,1.0,,"{""targets"":7.5350147540313435,""receptions"":4.84362266031794,""receiving_yards"":66.48153753723861,""receiving_tds"":0.3455146070757942,""fumbles_lost"":0.026602162209392995,""rushing_yards"":0.7421497796649853,""rushing_tds"":0.010799062031820445,""rushing_2pt_conversions"":0.00013665759941815505,""receiving_2pt_conversions"":0.017810486854485687}",,,"{""prev_fantasy_ppg"":2.886417388645826,""prev__receiving_yards"":2.325753303386598,""prev__receptions"":1.0077448254463544,""target_share_prior4"":0.606742031290943,""opportunity_xfp_realized_prior4"":0.19126538135781412,""offense_snap_share_prior4"":-0.12161010300390263,""opportunity_change_score_prior1"":-0.04500204647254717,""xfp_residual_prior4"":0.04199976326314671}",validated_candidate,VALIDATED_POSITION_SHADOW,True,232.67157730943111,13.686563371143007,232.67157730943111,fum_lost|rec|rec_2pt|rec_td|rec_yd|rush_2pt|rush_td|rush_yd,,1.0,232.67157730943111,,-51.88067781599042,fum_lost|rec|rec_2pt|rec_td|rec_yd|rush_2pt|rush_td|rush_yd,,1.0,1.0,,"{""prev_fantasy_ppg"":2.886417388645826,""prev__receiving_yards"":2.325753303386598,""prev__receptions"":1.0077448254463544,""target_share_prior4"":0.606742031290943,""opportunity_xfp_realized_prior4"":0.19126538135781412,""offense_snap_share_prior4"":-0.12161010300390263,""opportunity_change_score_prior1"":-0.04500204647254717,""xfp_residual_prior4"":0.04199976326314671}",93,6.0,10.0,True,-4.0,232.67157730943111,-14.05225512542154,94.60625,108.65850512542154,218.6193221840096,-51.88067781599042,-19.17954817596689,12.0,-6.0,True,187.2683251220517,201.7995654504015,218.43658896317044,235.01716220501103,249.8202084786841,"FIE diagnostic is lower; main model signals: prior-season fantasy production, prior receiving-yard production, prior reception volume.",Validated preseason model
11632,00-0039337,Malik Nabers,canonical_id,WR,NYG,NYG,False,11.9,adp_dynasty_ppr,236.7,SLEEPER_RAW_LEAGUE_REPLAY,0.625,fum_lost|rush_2pt|rush_td,pts_ppr,215.37929544785243,12.669370320461908,184.55279712592625,198.68955765367764,214.9174228314007,231.43530202698545,246.4943699810809,91,FIE_M9_VALIDATED_PRESEASON,1.0,,"{""targets"":7.465099500625496,""receptions"":4.371021644713504,""receiving_yards"":59.72349179139576,""receiving_tds"":0.3700281444365692,""fumbles_lost"":0.024854813635091098,""rushing_yards"":0.5778016201364108,""rushing_tds"":0.009583039345001487,""rushing_2pt_conversions"":0.0,""receiving_2pt_conversions"":0.020130929587972645}",,,"{""prev_fantasy_ppg"":2.457135532355004,""prev__receiving_yards"":1.6043159388698074,""target_share_prior4"":0.9224615094482782,""prev__receptions"":0.5910557523243135,""opportunity_xfp_realized_prior4"":0.2603378033919868,""offense_snap_share_prior4"":-0.22814263864471462,""prev__receiving_tds"":0.18268830533067829,""red_zone_target_share_prior4"":0.07547832113076149}",validated_candidate,VALIDATED_POSITION_SHADOW,True,215.37929544785243,12.669370320461908,215.37929544785243,fum_lost|rec|rec_2pt|rec_td|rec_yd|rush_2pt|rush_td|rush_yd,,1.0,215.37929544785243,,-35.3729596775691,fum_lost|rec|rec_2pt|rec_td|rec_yd|rush_2pt|rush_td|rush_yd,,1.0,1.0,,"{""prev_fantasy_ppg"":2.457135532355004,""prev__receiving_yards"":1.6043159388698074,""target_share_prior4"":0.9224615094482782,""prev__receptions"":0.5910557523243135,""opportunity_xfp_realized_prior4"":0.2603378033919868,""offense_snap_share_prior4"":-0.22814263864471462,""prev__receiving_tds"":0.18268830533067829,""red_zone_target_share_prior4"":0.07547832113076149}",91,7.0,16.0,True,-9.0,215.37929544785243,-14.05225512542154,94.60625,108.65850512542154,201.3270403224309,-35.3729596775691,-14.944216171343092,16.0,-9.0,True,170.50054200050468,184.6373025282561,200.8651677059792,217.3830469015639,232.44211485565933,"FIE diagnostic is lower; main model signals: prior-season fantasy production, prior receiving-yard production, recent target share.",Validated preseason model
8112,00-0037238,Drake London,canonical_id,WR,ATL,ATL,False,19.5,adp_dynasty_ppr,250.2,SLEEPER_RAW_LEAGUE_REPLAY,0.625,fum_lost|rush_2pt|rush_td,pts_ppr,242.045036077544,14.237943298679058,210.53322965658444,225.1287999524565,241.6316738680983,258.66530399045706,273.96644789685337,93,FIE_M9_VALIDATED_PRESEASON,1.0,,"{""targets"":8.005550316470067,""receptions"":5.035985235782621,""receiving_yards"":65.08630557442496,""receiving_tds"":0.42744130114102374,""fumbles_lost"":0.025416155007126066,""rushing_yards"":0.6956033860389188,""rushing_tds"":0.013247046403128607,""rushing_2pt_conversions"":0.0003654280700595003,""receiving_2pt_conversions"":0.01486926772963376}",,,"{""prev_fantasy_ppg"":3.385728911542,""prev__receiving_yards"":2.026456358531861,""prev__receptions"":0.9740729811536644,""target_share_prior4"":0.5947628572667631,""prev__receiving_tds"":0.2349635408065831,""red_zone_target_share_prior4"":0.21016657763601654,""offense_snap_share_prior4"":-0.195472661048199,""opportunity_xfp_realized_prior4"":0.11289681721471706}",validated_candidate,VALIDATED_POSITION_SHADOW,True,242.045036077544,14.237943298679058,242.045036077544,fum_lost|rec|rec_2pt|rec_td|rec_yd|rush_2pt|rush_td|rush_yd,,1.0,242.045036077544,,-22.2072190478776,fum_lost|rec|rec_2pt|rec_td|rec_yd|rush_2pt|rush_td|rush_yd,,1.0,1.0,,"{""prev_fantasy_ppg"":3.385728911542,""prev__receiving_yards"":2.026456358531861,""prev__receptions"":0.9740729811536644,""target_share_prior4"":0.5947628572667631,""prev__receiving_tds"":0.2349635408065831,""red_zone_target_share_prior4"":0.21016657763601654,""offense_snap_share_prior4"":-0.195472661048199,""opportunity_xfp_realized_prior4"":0.11289681721471706}",93,8.0,7.0,True,1.0,242.045036077544,-14.05225512542154,94.60625,108.65850512542154,227.9927809521224,-22.2072190478776,-8.875786989559392,7.0,1.0,True,196.48097453116287,211.0765448270349,227.57941874267672,244.6130488650355,259.9141927714318,"FIE diagnostic is lower; main model signals: prior-season fantasy production, prior receiving-yard production, prior reception volume.",Validated preseason model
8137,00-0037247,George Pickens,canonical_id,WR,DAL,DAL,False,21.4,adp_dynasty_ppr,245.7,SLEEPER_RAW_LEAGUE_REPLAY,0.625,fum_lost|rush_2pt|rush_td,pts_ppr,238.50145800192408,14.029497529524946,207.25951214686884,221.96562815784296,237.9647580352241,254.673287366438,270.4933307946869,94,FIE_M9_VALIDATED_PRESEASON,1.0,,"{""targets"":7.478573479845227,""receptions"":4.844879564391648,""receiving_yards"":67.25409113237569,""receiving_tds"":0.3971639902324565,""fumbles_lost"":0.025491625334587927,""rushing_yards"":0.47449374973584346,""rushing_tds"":0.008066205498521573,""rushing_2pt_conversions"":0.0002780173381673211,""receiving_2pt_conversions"":0.015402759264557161}",,,"{""prev_fantasy_ppg"":3.5115763418239743,""prev__receiving_yards"":2.383706158745309,""prev__receptions"":0.909700337652933,""target_share_prior4"":0.3752616598113414,""prev__receiving_tds"":0.20113838843982113,""offense_snap_share_prior4"":-0.1784274553456691,""opportunity_xfp_realized_prior4"":0.11628110917870452,""prev__rushing_yards"":-0.04726353209591169}",validated_candidate,VALIDATED_POSITION_SHADOW,True,238.50145800192408,14.029497529524946,238.50145800192408,fum_lost|rec|rec_2pt|rec_td|rec_yd|rush_2pt|rush_td|rush_yd,,1.0,238.50145800192408,,-21.250797123497502,fum_lost|rec|rec_2pt|rec_td|rec_yd|rush_2pt|rush_td|rush_yd,,1.0,1.0,,"{""prev_fantasy_ppg"":3.5115763418239743,""prev__receiving_yards"":2.383706158745309,""prev__receptions"":0.909700337652933,""target_share_prior4"":0.3752616598113414,""prev__receiving_tds"":0.20113838843982113,""offense_snap_share_prior4"":-0.1784274553456691,""opportunity_xfp_realized_prior4"":0.11628110917870452,""prev__rushing_yards"":-0.04726353209591169}",94,9.0,9.0,True,0.0,238.50145800192408,-14.05225512542154,94.60625,108.65850512542154,224.4492028765025,-21.250797123497502,-8.649083078346562,9.0,0.0,True,193.20725702144728,207.9133730324214,223.9125029098025,240.6210322410164,256.4410756692654,"FIE diagnostic is lower; main model signals: prior-season fantasy production, prior receiving-yard production, prior reception volume.",Validated preseason model
12526,00-0040124,Tetairoa McMillan,canonical_id,WR,CAR,CAR,False,24.6,adp_dynasty_ppr,223.0,SLEEPER_RAW_LEAGUE_REPLAY,0.625,fum_lost|rush_2pt|rush_td,pts_ppr,185.8415244144507,10.93185437732063,155.80978520692886,169.91145536063502,185.44726601434365,201.2207036063255,216.3722225291129,94,FIE_M9_VALIDATED_PRESEASON,1.0,,"{""targets"":6.2766122521678565,""receptions"":3.852875887370565,""receiving_yards"":51.59821070586191,""receiving_tds"":0.3124058956613805,""fumbles_lost"":0.022992057038395165,""rushing_yards"":0.23824138112742427,""rushing_tds"":0.005259270282387697,""rushing_2pt_conversions"":0.00018597390502294117,""receiving_2pt_conversions"":0.01747722592763411}",,,"{""prev_fantasy_ppg"":1.8300404648648239,""prev__receiving_yards"":1.2170805816548376,""prev__receptions"":0.46552909749788746,""target_share_prior4"":0.34579722609704283,""pfr_receiving_drop_pct_prior4"":0.15507167643567737,""offense_snap_share_prior4"":-0.15285964679187414,""prev__receiving_tds"":0.12733805600324963,""prev__rushing_yards"":-0.04726353209591169}",validated_candidate,VALIDATED_POSITION_SHADOW,True,185.8415244144507,10.93185437732063,185.8415244144507,fum_lost|rec|rec_2pt|rec_td|rec_yd|rush_2pt|rush_td|rush_yd,,1.0,185.8415244144507,,-51.21073071097084,fum_lost|rec|rec_2pt|rec_td|rec_yd|rush_2pt|rush_td|rush_yd,,1.0,1.0,,"{""prev_fantasy_ppg"":1.8300404648648239,""prev__receiving_yards"":1.2170805816548376,""prev__receptions"":0.46552909749788746,""target_share_prior4"":0.34579722609704283,""pfr_receiving_drop_pct_prior4"":0.15507167643567737,""offense_snap_share_prior4"":-0.15285964679187414,""prev__receiving_tds"":0.12733805600324963,""prev__rushing_yards"":-0.04726353209591169}",94,10.0,25.0,True,-15.0,185.8415244144507,-14.05225512542154,94.60625,108.65850512542154,171.78926928902916,-51.21073071097084,-22.96445323361921,27.0,-17.0,True,141.75753008150733,155.85920023521348,171.39501088892212,187.16844848090395,202.3199674036913,"FIE diagnostic is lower; main model signals: prior-season fantasy production, prior receiving-yard production, prior reception volume.",Validated preseason model
12514,00-0040129,Emeka Egbuka,canonical_id,WR,TB,TB,False,25.6,adp_dynasty_ppr,224.0,SLEEPER_RAW_LEAGUE_REPLAY,0.5,fum_lost|rec_2pt|rush_2pt|rush_td,pts_ppr,178.33033235050434,10.490019550029666,148.3927187355252,162.2692982851208,177.48205884285687,193.8021556756507,208.9824313162104,94,FIE_M9_VALIDATED_PRESEASON,1.0,,"{""targets"":6.275306815432663,""receptions"":3.60006816702708,""receiving_yards"":49.2456762549365,""receiving_tds"":0.3165718348441866,""fumbles_lost"":0.026362903421049164,""rushing_yards"":0.38805801687629693,""rushing_tds"":0.006622410689724917,""rushing_2pt_conversions"":0.00016089300380323047,""receiving_2pt_conversions"":0.019908251726163895}",,,"{""prev_fantasy_ppg"":1.4508916110791295,""prev__receiving_yards"":1.0034334880189923,""prev__receptions"":0.33034654614635206,""target_share_prior4"":0.2727985791240875,""opportunity_change_score_prior1"":0.2512885783227616,""xfp_residual_prior4"":0.11396328331811971,""pfr_receiving_drop_pct_prior4"":0.09194024493914137,""prev__receiving_tds"":0.09043788978496389}",validated_candidate,VALIDATED_POSITION_SHADOW,True,178.33033235050434,10.490019550029666,178.33033235050434,fum_lost|rec|rec_2pt|rec_td|rec_yd|rush_2pt|rush_td|rush_yd,,1.0,178.33033235050434,,-59.7219227749172,fum_lost|rec|rec_2pt|rec_td|rec_yd|rush_2pt|rush_td|rush_yd,,1.0,1.0,,"{""prev_fantasy_ppg"":1.4508916110791295,""prev__receiving_yards"":1.0034334880189923,""prev__receptions"":0.33034654614635206,""target_share_prior4"":0.2727985791240875,""opportunity_change_score_prior1"":0.2512885783227616,""xfp_residual_prior4"":0.11396328331811971,""pfr_receiving_drop_pct_prior4"":0.09194024493914137,""prev__receiving_tds"":0.09043788978496389}",94,11.0,31.0,True,-20.0,178.33033235050434,-14.05225512542154,94.60625,108.65850512542154,164.2780772250828,-59.7219227749172,-26.66157266737375,35.0,-24.0,True,134.34046361010363,148.21704315969927,163.42980371743533,179.74990055022917,194.93017619078887,"FIE diagnostic is lower; main model signals: prior-season fantasy production, prior receiving-yard production, prior reception volume.",Validated preseason model
7569,00-0036554,Nico Collins,canonical_id,WR,HOU,HOU,False,26.8,adp_dynasty_ppr,262.0,SLEEPER_RAW_LEAGUE_REPLAY,0.625,fum_lost|rush_2pt|rush_td,pts_ppr,220.00383127518396,12.941401839716702,188.5072296302574,203.28403026283155,219.9127241892313,236.49729806983595,251.6869683322132,93,FIE_M9_VALIDATED_PRESEASON,1.0,,"{""targets"":7.1824475334769735,""receptions"":4.416606135645346,""receiving_yards"":61.60575630091826,""receiving_tds"":0.35961393642240513,""fumbles_lost"":0.020650864347510935,""rushing_yards"":0.9107665681937285,""rushing_tds"":0.02137983724842022,""rushing_2pt_conversions"":5.407273593850852e-05,""receiving_2pt_conversions"":0.01418717917917481}",,,"{""prev_fantasy_ppg"":2.750279716765017,""prev__receiving_yards"":1.9253019560845392,""prev__receptions"":0.6676591980901837,""target_share_prior4"":0.6310718333922631,""opportunity_xfp_realized_prior4"":0.1486400878084452,""offense_snap_share_prior4"":-0.12729183823807927,""xfp_residual_prior4"":-0.12138972732168009,""prev__receiving_tds"":0.11995802275959253}",validated_candidate,VALIDATED_POSITION_SHADOW,True,220.00383127518396,12.941401839716702,220.00383127518396,fum_lost|rec|rec_2pt|rec_td|rec_yd|rush_2pt|rush_td|rush_yd,,1.0,220.00383127518396,,-56.04842385023761,fum_lost|rec|rec_2pt|rec_td|rec_yd|rush_2pt|rush_td|rush_yd,,1.0,1.0,,"{""prev_fantasy_ppg"":2.750279716765017,""prev__receiving_yards"":1.9253019560845392,""prev__receptions"":0.6676591980901837,""target_share_prior4"":0.6310718333922631,""opportunity_xfp_realized_prior4"":0.1486400878084452,""offense_snap_share_prior4"":-0.12729183823807927,""xfp_residual_prior4"":-0.12138972732168009,""prev__receiving_tds"":0.11995802275959253}",93,12.0,14.0,True,-2.0,220.00383127518396,-14.05225512542154,94.60625,108.65850512542154,205.9515761497624,-56.04842385023761,-21.39252818711359,14.0,-2.0,True,174.45497450483586,189.23177513741,205.8604690638098,222.4450429444144,237.6347132067916,"FIE diagnostic is lower; main model signals: prior-season fantasy production, prior receiving-yard production, prior reception volume.",Validated preseason model
8144,00-0037239,Chris Olave,canonical_id,WR,NO,NO,False,30.7,adp_dynasty_ppr,235.9,SLEEPER_RAW_LEAGUE_REPLAY,0.625,fum_lost|rush_2pt|rush_td,pts_ppr,239.57810635821403,14.092829785777296,208.54455006494643,222.56066317822228,239.27326985741627,255.96705455961987,271.13521949187134,94,FIE_M9_VALIDATED_PRESEASON,1.0,,"{""targets"":8.148879278311618,""receptions"":5.257699560489284,""receiving_yards"":64.37875667386544,""receiving_tds"":0.3854621689895273,""fumbles_lost"":0.02333671040044434,""rushing_yards"":0.4497300783780347,""rushing_tds"":0.008203340325855936,""rushing_2pt_conversions"":0.0,""receiving_2pt_conversions"":0.01848095748612604}",,,"{""prev_fantasy_ppg"":3.3584173415659127,""prev__receiving_yards"":1.8402765036337383,""prev__receptions"":1.1655815955683395,""target_share_prior4"":0.7612579654132386,""prev__receiving_tds"":0.22189473193760684,""opportunity_xfp_realized_prior4"":0.2189446468320637,""offense_snap_share_prior4"":-0.17558658772858077,""receiving_competitor_count"":-0.12482655953023028}",validated_candidate,VALIDATED_POSITION_SHADOW,True,239.57810635821403,14.092829785777296,239.57810635821403,fum_lost|rec|rec_2pt|rec_td|rec_yd|rush_2pt|rush_td|rush_yd,,1.0,239.57810635821403,,-10.374148767207515,fum_lost|rec|rec_2pt|rec_td|rec_yd|rush_2pt|rush_td|rush_yd,,1.0,1.0,,"{""prev_fantasy_ppg"":3.3584173415659127,""prev__receiving_yards"":1.8402765036337383,""prev__receptions"":1.1655815955683395,""target_share_prior4"":0.7612579654132386,""prev__receiving_tds"":0.22189473193760684,""opportunity_xfp_realized_prior4"":0.2189446468320637,""offense_snap_share_prior4"":-0.17558658772858077,""receiving_competitor_count"":-0.12482655953023028}",94,13.0,8.0,True,5.0,239.57810635821403,-14.05225512542154,94.60625,108.65850512542154,225.5258512327925,-10.374148767207515,-4.397689176433876,8.0,5.0,True,194.4922949395249,208.50840805280075,225.22101473199476,241.91479943419836,257.0829643664498,"FIE diagnostic is lower; main model signals: prior-season fantasy production, prior receiving-yard production, prior reception volume.",Validated preseason model
11635,00-0039915,Ladd McConkey,canonical_id,WR,LAC,LAC,False,31.1,adp_dynasty_ppr,228.2,SLEEPER_RAW_LEAGUE_REPLAY,0.5,fum_lost|rec_2pt|rush_2pt|rush_td,pts_ppr,167.3331289949454,9.843125234996789,137.22449539697843,151.32749486757726,166.68511769949856,182.7012583344249,197.26698342960145,94,FIE_M9_VALIDATED_PRESEASON,1.0,,"{""targets"":5.706355479673963,""receptions"":3.615123006481485,""receiving_yards"":43.8510660547473,""receiving_tds"":0.2913646312363865,""fumbles_lost"":0.020841475257883574,""rushing_yards"":0.5535258882047792,""rushing_tds"":0.008751989460144563,""rushing_2pt_conversions"":0.0002202382246964559,""receiving_2pt_conversions"":0.014042892053641433}",,,"{""prev_fantasy_ppg"":1.3760525541348494,""prev__receiving_yards"":0.723197374245001,""prev__receptions"":0.467943071629165,""target_share_prior4"":0.40865993371137865,""offense_snap_share_prior4"":-0.13013270585516767,""prev__receiving_tds"":0.10427545211682107,""pfr_receiving_drop_pct_prior4"":-0.07874844021815976,""opportunity_xfp_realized_prior4"":0.05754169987501306}",validated_candidate,VALIDATED_POSITION_SHADOW,True,167.3331289949454,9.843125234996789,167.3331289949454,fum_lost|rec|rec_2pt|rec_td|rec_yd|rush_2pt|rush_td|rush_yd,,1.0,167.3331289949454,,-74.91912613047612,fum_lost|rec|rec_2pt|rec_td|rec_yd|rush_2pt|rush_td|rush_yd,,1.0,1.0,,"{""prev_fantasy_ppg"":1.3760525541348494,""prev__receiving_yards"":0.723197374245001,""prev__receptions"":0.467943071629165,""target_share_prior4"":0.40865993371137865,""offense_snap_share_prior4"":-0.13013270585516767,""prev__receiving_tds"":0.10427545211682107,""pfr_receiving_drop_pct_prior4"":-0.07874844021815976,""opportunity_xfp_realized_prior4"":0.05754169987501306}",94,14.0,39.0,True,-25.0,167.3331289949454,-14.05225512542154,94.60625,108.65850512542154,153.28087386952387,-74.91912613047612,-32.830467191269115,43.0,-29.0,True,123.17224027155687,137.27523974215572,152.63286257407702,168.64900320900333,183.21472830417989,"FIE diagnostic is lower; main model signals: prior-season fantasy production, prior receiving-yard production, prior reception volume.",Validated preseason model
5859,00-0035676,A.J. Brown,canonical_id,WR,NE,PHI,True,34.1,adp_dynasty_ppr,247.2,SLEEPER_RAW_LEAGUE_REPLAY,0.625,fum_lost|rush_2pt|rush_td,pts_ppr,247.2,14.541176470588235,216.01057827509365,230.2762463890502,247.10388819924097,263.52459073112345,278.592780218047,55,MARKET_FALLBACK,1.0,,{},,,{},validated_candidate,UNAVAILABLE_TEAM_CHANGE,False,,,,,,0.0,,,,,,0.0,1.0,,"{""prev_fantasy_ppg"":2.607045705334866,""prev__receiving_yards"":1.5621018969036016,""target_share_prior4"":1.0008564545090244,""prev__receptions"":0.820866089621924,""opportunity_xfp_realized_prior4"":0.2313924649359525,""offense_snap_share_prior4"":-0.18837049200547815,""prev__receiving_tds"":0.16177821114031637,""xfp_residual_prior4"":-0.09537174493700788}",40,15.0,6.0,False,,,-14.05225512542154,94.60625,108.65850512542154,247.2,0.0,0.0,6.0,9.0,False,216.01057827509365,230.2762463890502,247.10388819924097,263.52459073112345,278.592780218047,No diagnostic deviation: team transfer makes prior-team role profile non-portable.,Validated preseason model
8146,00-0037740,Garrett Wilson,canonical_id,WR,NYJ,NYJ,False,35.4,adp_dynasty_ppr,224.9,SLEEPER_RAW_LEAGUE_REPLAY,0.5,fum_lost|rec_2pt|rush_2pt|rush_td,pts_ppr,215.59448351333683,12.68202844196099,184.4757411820487,199.14152621520697,215.2139928656329,232.1005395653083,246.7796181465539,91,FIE_M9_VALIDATED_PRESEASON,1.0,,"{""targets"":7.625563272261179,""receptions"":4.724138121374115,""receiving_yards"":55.96545230514486,""receiving_tds"":0.38021530096823836,""fumbles_lost"":0.026932919085543492,""rushing_yards"":0.3434665699587309,""rushing_tds"":0.008595102588088259,""rushing_2pt_conversions"":0.0,""receiving_2pt_conversions"":0.024000924954821236}",,,"{""prev_fantasy_ppg"":2.4350261661838846,""target_share_prior4"":1.2319125960014379,""prev__receiving_yards"":1.0632707379282798,""prev__receptions"":0.8021060620874253,""prev__receiving_tds"":0.22749565002431094,""offense_snap_share_prior4"":-0.222460903410538,""opportunity_xfp_realized_prior4"":0.2194039969246992,""opportunity_change_score_prior1"":0.08191149007423558}",validated_candidate,VALIDATED_POSITION_SHADOW,True,215.59448351333683,12.68202844196099,215.59448351333683,fum_lost|rec|rec_2pt|rec_td|rec_yd|rush_2pt|rush_td|rush_yd,,1.0,215.59448351333683,,-23.35777161208472,fum_lost|rec|rec_2pt|rec_td|rec_yd|rush_2pt|rush_td|rush_yd,,1.0,1.0,,"{""prev_fantasy_ppg"":2.4350261661838846,""target_share_prior4"":1.2319125960014379,""prev__receiving_yards"":1.0632707379282798,""prev__receptions"":0.8021060620874253,""prev__receiving_tds"":0.22749565002431094,""offense_snap_share_prior4"":-0.222460903410538,""opportunity_xfp_realized_prior4"":0.2194039969246992,""opportunity_change_score_prior1"":0.08191149007423558}",91,16.0,15.0,True,1.0,215.59448351333683,-14.05225512542154,94.60625,108.65850512542154,201.5422283879153,-23.35777161208472,-10.385847759930956,15.0,1.0,True,170.42348605662715,185.08927108978543,201.16173774021132,218.0482844398868,232.7273630211324,"FIE diagnostic is lower; main model signals: prior-season fantasy production, recent target share, prior receiving-yard production.",Validated preseason model
10229,00-0039067,Rashee Rice,canonical_id,WR,KC,KC,False,38.5,adp_dynasty_ppr,229.3,SLEEPER_RAW_LEAGUE_REPLAY,0.75,rush_2pt|rush_td,pts_ppr,264.65998017961533,15.568234128212666,232.37927371791315,247.6849301839821,264.6487595056742,281.2500974447605,296.25423335727294,92,FIE_M9_VALIDATED_PRESEASON,1.0,,"{""targets"":8.752270396057748,""receptions"":5.77002799950073,""receiving_yards"":66.87465030469706,""receiving_tds"":0.44815513789057443,""fumbles_lost"":0.028491913382251863,""rushing_yards"":2.120917113919544,""rushing_tds"":0.041046418904558075,""rushing_2pt_conversions"":0.00021140554458832703,""receiving_2pt_conversions"":0.010000530877403649}",,,"{""prev_fantasy_ppg"":4.091277802590945,""prev__receiving_yards"":1.77755280920282,""prev__receptions"":1.288694276263488,""target_share_prior4"":0.8045579896159328,""prev__receiving_tds"":0.26110115854453547,""opportunity_xfp_realized_prior4"":0.2522104799499176,""red_zone_target_share_prior4"":0.14929784633075713,""prev__rushing_tds"":0.13968647093101352}",validated_candidate,VALIDATED_POSITION_SHADOW,True,264.65998017961533,15.568234128212666,264.65998017961533,fum_lost|rec|rec_2pt|rec_td|rec_yd|rush_2pt|rush_td|rush_yd,,1.0,264.65998017961533,,21.30772505419378,fum_lost|rec|rec_2pt|rec_td|rec_yd|rush_2pt|rush_td|rush_yd,,1.0,1.0,,"{""prev_fantasy_ppg"":4.091277802590945,""prev__receiving_yards"":1.77755280920282,""prev__receptions"":1.288694276263488,""target_share_prior4"":0.8045579896159328,""prev__receiving_tds"":0.26110115854453547,""opportunity_xfp_realized_prior4"":0.2522104799499176,""red_zone_target_share_prior4"":0.14929784633075713,""prev__rushing_tds"":0.13968647093101352}",92,17.0,5.0,True,12.0,264.65998017961533,-14.05225512542154,94.60625,108.65850512542154,250.6077250541938,21.30772505419378,9.292509836107188,5.0,12.0,True,218.3270185924916,233.63267505856055,250.59650438025267,267.197842319339,282.2019782318514,"FIE diagnostic is higher; main model signals: prior-season fantasy production, prior receiving-yard production, prior reception volume.",Validated preseason model
13279,00-0041438,Carnell Tate,unmatched,WR,TEN,,False,39.3,adp_dynasty_ppr,177.3,SLEEPER_RAW_LEAGUE_REPLAY,0.5,fum_lost|rec_2pt|rush_2pt|rush_td,pts_ppr,177.3,10.429411764705884,147.73026271431388,160.95810957490528,176.6804945237425,193.08740121521723,208.25635673312817,62,MARKET_FALLBACK,0.0,no_model_or_profile,{},,,{},validated_candidate,UNAVAILABLE_PROFILE,False,,,,,,0.0,,,,,,0.0,0.0,no_model_or_profile,{},20,18.0,32.0,False,,,-14.05225512542154,94.60625,108.65850512542154,177.3,0.0,0.0,23.0,-5.0,False,147.73026271431388,160.95810957490528,176.6804945237425,193.08740121521723,208.25635673312817,No diagnostic deviation: no usable prior-season FIE profile.,Validated preseason model
9997,00-0039064,Zay Flowers,canonical_id,WR,BAL,BAL,False,47.9,adp_dynasty_ppr,228.2,SLEEPER_RAW_LEAGUE_REPLAY,0.625,rec_2pt|rush_2pt|rush_td,pts_ppr,226.7221755063501,13.336598559197068,194.8351026261527,209.87734169527863,226.74109528212125,243.17418729707148,258.3987281013,94,FIE_M9_VALIDATED_PRESEASON,1.0,,"{""targets"":7.019848053453841,""receptions"":4.752794521536668,""receiving_yards"":62.20714430341691,""receiving_tds"":0.32507252297075506,""fumbles_lost"":0.02211392959036212,""rushing_yards"":2.6669469643017485,""rushing_tds"":0.028084710449623115,""rushing_2pt_conversions"":1.2437317277400793e-05,""receiving_2pt_conversions"":0.010827247456217326}",,,"{""prev_fantasy_ppg"":2.4705235568530868,""prev__receiving_yards"":1.7708763375266998,""target_share_prior4"":1.2105789060964605,""prev__receptions"":0.7745177863013973,""red_zone_target_share_prior4"":0.16425012655467958,""offense_snap_share_prior4"":-0.15285964679187422,""xfp_residual_prior4"":-0.14207620284904715,""opportunity_xfp_realized_prior4"":0.12994379857766308}",validated_candidate,VALIDATED_POSITION_SHADOW,True,226.7221755063501,13.336598559197068,226.7221755063501,fum_lost|rec|rec_2pt|rec_td|rec_yd|rush_2pt|rush_td|rush_yd,,1.0,226.7221755063501,,-15.530079619071415,fum_lost|rec|rec_2pt|rec_td|rec_yd|rush_2pt|rush_td|rush_yd,,1.0,1.0,,"{""prev_fantasy_ppg"":2.4705235568530868,""prev__receiving_yards"":1.7708763375266998,""target_share_prior4"":1.2105789060964605,""prev__receptions"":0.7745177863013973,""red_zone_target_share_prior4"":0.16425012655467958,""offense_snap_share_prior4"":-0.15285964679187422,""xfp_residual_prior4"":-0.14207620284904715,""opportunity_xfp_realized_prior4"":0.12994379857766308}",94,19.0,11.0,True,8.0,226.7221755063501,-14.05225512542154,94.60625,108.65850512542154,212.6699203809286,-15.530079619071415,-6.805468720013766,13.0,6.0,True,180.78284750073115,195.82508656985712,212.6888401566997,229.12193217164997,244.34647297587844,"FIE diagnostic is lower; main model signals: prior-season fantasy production, prior receiving-yard production, recent target share.",Validated preseason model
7525,00-0036912,DeVonta Smith,canonical_id,WR,PHI,PHI,False,48.7,adp_dynasty_ppr,229.2,SLEEPER_RAW_LEAGUE_REPLAY,0.5,fum_lost|rec_2pt|rush_2pt|rush_td,pts_ppr,180.60453490828925,10.623796171075838,150.94478532422107,164.3211375762139,179.85601753378663,196.34950570429535,211.07376891446185,94,FIE_M9_VALIDATED_PRESEASON,1.0,,"{""targets"":5.968383189478268,""receptions"":3.860853202299329,""receiving_yards"":50.980311473232646,""receiving_tds"":0.270585082719603,""fumbles_lost"":0.02236305696320546,""rushing_yards"":0.15523263955231054,""rushing_tds"":0.004746501348276507,""rushing_2pt_conversions"":0.0,""receiving_2pt_conversions"":0.02106258350857344}",,,"{""prev_fantasy_ppg"":1.5815587301804146,""prev__receiving_yards"":1.2002137058414815,""prev__receptions"":0.6007116488494231,""target_share_prior4"":0.3711141081044858,""receiving_competitor_count"":-0.16644944131559697,""offense_snap_share_prior4"":-0.14291661013206508,""opportunity_change_score_prior1"":0.11050309548121712,""pfr_receiving_drop_pct_prior4"":0.07323463560683438}",validated_candidate,VALIDATED_POSITION_SHADOW,True,180.60453490828925,10.623796171075838,180.60453490828925,fum_lost|rec|rec_2pt|rec_td|rec_yd|rush_2pt|rush_td|rush_yd,,1.0,180.60453490828925,,-62.6477202171323,fum_lost|rec|rec_2pt|rec_td|rec_yd|rush_2pt|rush_td|rush_yd,,1.0,1.0,,"{""prev_fantasy_ppg"":1.5815587301804146,""prev__receiving_yards"":1.2002137058414815,""prev__receptions"":0.6007116488494231,""target_share_prior4"":0.3711141081044858,""receiving_competitor_count"":-0.16644944131559697,""offense_snap_share_prior4"":-0.14291661013206508,""opportunity_change_score_prior1"":0.11050309548121712,""pfr_receiving_drop_pct_prior4"":0.07323463560683438}",94,20.0,27.0,True,-7.0,180.60453490828925,-14.05225512542154,94.60625,108.65850512542154,166.5522797828677,-62.6477202171323,-27.33321126401933,32.0,-12.0,True,136.89253019879953,150.26888245079238,165.8037624083651,182.29725057887384,197.0215137890403,"FIE diagnostic is lower; main model signals: prior-season fantasy production, prior receiving-yard production, prior reception volume.",Validated preseason model
12519,00-0040735,Luther Burden III,canonical_id,WR,CHI,CHI,False,49.2,adp_dynasty_ppr,209.0,SLEEPER_RAW_LEAGUE_REPLAY,0.5,fum_lost|rec_2pt|rush_2pt|rush_td,pts_ppr,139.8184257700912,8.224613280593601,110.67811570593352,124.33841232144042,139.38850062041766,154.64123835744388,169.69559096117948,93,FIE_M9_VALIDATED_PRESEASON,1.0,,"{""targets"":4.384005730878274,""receptions"":2.9746138460324154,""receiving_yards"":39.07898480770826,""receiving_tds"":0.18947603919861997,""fumbles_lost"":0.012110882712750582,""rushing_yards"":1.7399340059168569,""rushing_tds"":0.006954900981278993,""rushing_2pt_conversions"":0.0,""receiving_2pt_conversions"":0.006871838772391364}",,,"{""prev__receiving_yards"":0.44382803047808495,""target_share_prior4"":0.42937226129535844,""prev_fantasy_ppg"":0.363855424632161,""prev__receptions"":0.1423784271242168,""opportunity_change_score_prior1"":-0.12263358151168698,""opportunity_xfp_realized_prior4"":0.1098553771742792,""xfp_residual_prior4"":-0.09628691386099018,""prev__rushing_yards"":0.06313554993142388}",validated_candidate,VALIDATED_POSITION_SHADOW,True,139.8184257700912,8.224613280593601,139.8184257700912,fum_lost|rec|rec_2pt|rec_td|rec_yd|rush_2pt|rush_td|rush_yd,,1.0,139.8184257700912,,-83.23382935533033,fum_lost|rec|rec_2pt|rec_td|rec_yd|rush_2pt|rush_td|rush_yd,,1.0,1.0,,"{""prev__receiving_yards"":0.44382803047808495,""target_share_prior4"":0.42937226129535844,""prev_fantasy_ppg"":0.363855424632161,""prev__receptions"":0.1423784271242168,""opportunity_change_score_prior1"":-0.12263358151168698,""opportunity_xfp_realized_prior4"":0.1098553771742792,""xfp_residual_prior4"":-0.09628691386099018,""prev__rushing_yards"":0.06313554993142388}",93,21.0,54.0,True,-33.0,139.8184257700912,-14.05225512542154,94.60625,108.65850512542154,125.76617064466969,-83.23382935533033,-39.82479873460781,57.0,-36.0,True,96.62586058051198,110.28615719601888,125.33624549499612,140.58898323202234,155.64333583575794,"FIE diagnostic is lower; main model signals: prior receiving-yard production, recent target share, prior-season fantasy production.",Validated preseason model
11620,00-0039919,Rome Odunze,canonical_id,WR,CHI,CHI,False,50.7,adp_dynasty_ppr,207.9,SLEEPER_RAW_LEAGUE_REPLAY,0.5,fum_lost|rec_2pt|rush_2pt|rush_td,pts_ppr,180.07998982234832,10.592940577785196,150.098963585604,163.73009813434,179.4637211628543,195.87530135686836,210.7736386728995,93,FIE_M9_VALIDATED_PRESEASON,1.0,,"{""targets"":6.29027804960826,""receptions"":3.6507627633836943,""receiving_yards"":48.62525283683189,""receiving_tds"":0.3322706302576655,""fumbles_lost"":0.024864413425312044,""rushing_yards"":0.529408389562523,""rushing_tds"":0.008236231131936545,""rushing_2pt_conversions"":0.00025175243850485314,""receiving_2pt_conversions"":0.016447922699031812}",,,"{""prev_fantasy_ppg"":1.692411573024538,""prev__receiving_yards"":0.9989825069015789,""target_share_prior4"":0.43102870343442407,""prev__receptions"":0.31747201744620573,""prev__receiving_tds"":0.18268830533067829,""offense_snap_share_prior4"":-0.159961815834595,""opportunity_xfp_realized_prior4"":0.12989603872838595,""xfp_residual_prior4"":0.11627515891280703}",validated_candidate,VALIDATED_POSITION_SHADOW,True,180.07998982234832,10.592940577785196,180.07998982234832,fum_lost|rec|rec_2pt|rec_td|rec_yd|rush_2pt|rush_td|rush_yd,,1.0,180.07998982234832,,-41.87226530307322,fum_lost|rec|rec_2pt|rec_td|rec_yd|rush_2pt|rush_td|rush_yd,,1.0,1.0,,"{""prev_fantasy_ppg"":1.692411573024538,""prev__receiving_yards"":0.9989825069015789,""target_share_prior4"":0.43102870343442407,""prev__receptions"":0.31747201744620573,""prev__receiving_tds"":0.18268830533067829,""offense_snap_share_prior4"":-0.159961815834595,""opportunity_xfp_realized_prior4"":0.12989603872838595,""xfp_residual_prior4"":0.11627515891280703}",93,22.0,28.0,True,-6.0,180.07998982234832,-14.05225512542154,94.60625,108.65850512542154,166.0277346969268,-41.87226530307322,-20.14057975135797,33.0,-11.0,True,136.04670846018246,149.67784300891847,165.41146603743277,181.8230462314468,196.721383547478,"FIE diagnostic is lower; main model signals: prior-season fantasy production, prior receiving-yard production, recent target share.",Validated preseason model
6801,00-0036410,Tee Higgins,canonical_id,WR,CIN,CIN,False,53.0,adp_dynasty_ppr,224.4,SLEEPER_RAW_LEAGUE_REPLAY,0.625,fum_lost|rush_2pt|rush_td,pts_ppr,189.643549745278,11.155502926192822,159.7219218530497,173.68557960288445,189.3977467705135,205.5827042635699,220.1688412524902,93,FIE_M9_VALIDATED_PRESEASON,1.0,,"{""targets"":6.2759638405620075,""receptions"":3.896486840890495,""receiving_yards"":50.65369121121274,""receiving_tds"":0.35136271414384806,""fumbles_lost"":0.018561227388179603,""rushing_yards"":0.5299602597003801,""rushing_tds"":0.008214639534056862,""rushing_2pt_conversions"":0.00010696524688263611,""receiving_2pt_conversions"":0.01004767021308884}",,,"{""prev_fantasy_ppg"":2.3958362308531176,""prev__receiving_yards"":1.0619053241719605,""prev__receptions"":0.40501881260720013,""prev__receiving_tds"":0.3290589646632117,""target_share_prior4"":0.26807868711156596,""xfp_residual_prior4"":-0.1274875449411277,""opportunity_xfp_realized_prior4"":0.07764842309765846,""offense_snap_share_prior4"":-0.07047448589631287}",validated_candidate,VALIDATED_POSITION_SHADOW,True,189.643549745278,11.155502926192822,189.643549745278,fum_lost|rec|rec_2pt|rec_td|rec_yd|rush_2pt|rush_td|rush_yd,,1.0,189.643549745278,,-48.80870538014358,fum_lost|rec|rec_2pt|rec_td|rec_yd|rush_2pt|rush_td|rush_yd,,1.0,1.0,,"{""prev_fantasy_ppg"":2.3958362308531176,""prev__receiving_yards"":1.0619053241719605,""prev__receptions"":0.40501881260720013,""prev__receiving_tds"":0.3290589646632117,""target_share_prior4"":0.26807868711156596,""xfp_residual_prior4"":-0.1274875449411277,""opportunity_xfp_realized_prior4"":0.07764842309765846,""offense_snap_share_prior4"":-0.07047448589631287}",93,23.0,22.0,True,1.0,189.643549745278,-14.05225512542154,94.60625,108.65850512542154,175.59129461985643,-48.80870538014358,-21.750759973326016,24.0,-1.0,True,145.66966672762817,159.6333244774629,175.34549164509195,191.5304491381484,206.11658612706867,"FIE diagnostic is lower; main model signals: prior-season fantasy production, prior receiving-yard production, prior reception volume.",Validated preseason model
7526,00-0036613,Jaylen Waddle,canonical_id,WR,DEN,MIA,True,58.6,adp_dynasty_ppr,221.0,SLEEPER_RAW_LEAGUE_REPLAY,0.5,fum_lost|rec_2pt|rush_2pt|rush_td,pts_ppr,221.0,13.0,190.37796043083583,204.88904364654763,220.52356102425983,236.95336087390592,251.78158124879465,55,MARKET_FALLBACK,1.0,,{},,,{},validated_candidate,UNAVAILABLE_TEAM_CHANGE,False,,,,,,0.0,,,,,,0.0,1.0,,"{""prev_fantasy_ppg"":1.6769350167047539,""prev__receiving_yards"":1.084605327870769,""target_share_prior4"":0.7762182197293768,""prev__receptions"":0.42690551139744887,""offense_snap_share_prior4"":-0.15001877917478584,""opportunity_xfp_realized_prior4"":0.1056116742862655,""prev__receiving_tds"":0.10427545211682107,""pfr_receiving_drop_pct_prior4"":-0.07874844021815976}",40,24.0,13.0,False,,,-14.05225512542154,94.60625,108.65850512542154,221.0,0.0,0.0,11.0,13.0,False,190.37796043083583,204.88904364654763,220.52356102425983,236.95336087390592,251.78158124879465,No diagnostic deviation: team transfer makes prior-team role profile non-portable.,Validated preseason model
11628,00-0039849,Marvin Harrison Jr.,canonical_id,WR,ARI,ARI,False,62.4,adp_dynasty_ppr,186.2,SLEEPER_RAW_LEAGUE_REPLAY,0.375,fum_lost|rec_2pt|rush_2pt|rush_td|rush_yd,pts_ppr,165.6140111557017,9.742000656217746,136.37200319754768,149.9298903723099,165.13087171511685,180.9209232553319,195.95619675100517,93,FIE_M9_VALIDATED_PRESEASON,1.0,,"{""targets"":5.653522393668166,""receptions"":3.3941137881617975,""receiving_yards"":45.787388617802286,""receiving_tds"":0.28206772328142216,""fumbles_lost"":0.019416193743316414,""rushing_yards"":0.4754532414971872,""rushing_tds"":0.00758527059282946,""rushing_2pt_conversions"":0.0,""receiving_2pt_conversions"":0.011258553183562637}",,,"{""prev_fantasy_ppg"":1.137076316844078,""prev__receiving_yards"":0.7879122970705512,""target_share_prior4"":0.5160405660477043,""prev__receptions"":0.2353968969827734,""opportunity_xfp_realized_prior4"":0.15821482323436747,""offense_snap_share_prior4"":-0.07899708874757785,""prev__receiving_tds"":0.07813783437886865,""opportunity_change_score_prior1"":0.048389289898946114}",validated_candidate,VALIDATED_POSITION_SHADOW,True,165.6140111557017,9.742000656217746,165.6140111557017,fum_lost|rec|rec_2pt|rec_td|rec_yd|rush_2pt|rush_td|rush_yd,,1.0,165.6140111557017,,-34.63824396971984,fum_lost|rec|rec_2pt|rec_td|rec_yd|rush_2pt|rush_td|rush_yd,,1.0,1.0,,"{""prev_fantasy_ppg"":1.137076316844078,""prev__receiving_yards"":0.7879122970705512,""target_share_prior4"":0.5160405660477043,""prev__receptions"":0.2353968969827734,""opportunity_xfp_realized_prior4"":0.15821482323436747,""offense_snap_share_prior4"":-0.07899708874757785,""prev__receiving_tds"":0.07813783437886865,""opportunity_change_score_prior1"":0.048389289898946114}",93,25.0,41.0,True,-16.0,165.6140111557017,-14.05225512542154,94.60625,108.65850512542154,151.56175603028015,-34.63824396971984,-18.602708898882835,45.0,-20.0,True,122.31974807212616,135.87763524688836,151.0786165896953,166.86866812991036,181.9039416255836,"FIE diagnostic is lower; main model signals: prior-season fantasy production, prior receiving-yard production, recent target share.",Validated preseason model
11631,00-0039893,Brian Thomas Jr.,canonical_id,WR,JAX,JAX,False,62.6,adp_dynasty_ppr,195.4,SLEEPER_RAW_LEAGUE_REPLAY,0.5,fum_lost|rec_2pt|rush_2pt|rush_td,pts_ppr,153.65359218491812,9.03844659911283,124.4407718376055,137.4793995908527,152.86323503424853,169.0016359154333,183.95715190926288,93,FIE_M9_VALIDATED_PRESEASON,1.0,,"{""targets"":5.302163611519313,""receptions"":3.123482674270567,""receiving_yards"":42.90623106956527,""receiving_tds"":0.2360663767657988,""fumbles_lost"":0.01859209872116628,""rushing_yards"":0.9928460267820102,""rushing_tds"":0.019260194490764635,""rushing_2pt_conversions"":4.676218327290676e-05,""receiving_2pt_conversions"":0.015093730371970116}",,,"{""prev_fantasy_ppg"":0.8691628208881654,""prev__receiving_yards"":0.7799473834920223,""target_share_prior4"":0.2556233948143998,""prev__receptions"":0.23930523605246065,""offense_snap_share_prior4"":-0.13013270585516767,""prev__rushing_tds"":0.07557823634082332,""opportunity_xfp_realized_prior4"":0.06800931181497108,""prev__receiving_tds"":-0.04134841813748521}",validated_candidate,VALIDATED_POSITION_SHADOW,True,153.65359218491812,9.03844659911283,153.65359218491812,fum_lost|rec|rec_2pt|rec_td|rec_yd|rush_2pt|rush_td|rush_yd,,1.0,153.65359218491812,,-55.79866294050339,fum_lost|rec|rec_2pt|rec_td|rec_yd|rush_2pt|rush_td|rush_yd,,1.0,1.0,,"{""prev_fantasy_ppg"":0.8691628208881654,""prev__receiving_yards"":0.7799473834920223,""target_share_prior4"":0.2556233948143998,""prev__receptions"":0.23930523605246065,""offense_snap_share_prior4"":-0.13013270585516767,""prev__rushing_tds"":0.07557823634082332,""opportunity_xfp_realized_prior4"":0.06800931181497108,""prev__receiving_tds"":-0.04134841813748521}",93,26.0,47.0,True,-21.0,153.65359218491812,-14.05225512542154,94.60625,108.65850512542154,139.6013370594966,-55.79866294050339,-28.556122282755062,47.0,-21.0,True,110.38851671218396,123.42714446543116,138.810979908827,154.94938079001176,169.90489678384134,"FIE diagnostic is lower; main model signals: prior-season fantasy production, prior receiving-yard production, recent target share.",Validated preseason model
8148,00-0037240,Jameson Williams,canonical_id,WR,DET,DET,False,64.1,adp_dynasty_ppr,206.2,SLEEPER_RAW_LEAGUE_REPLAY,0.5,fum_lost|rec_2pt|rush_2pt|rush_td,pts_ppr,189.4559929489592,11.14447017346819,159.01066815878852,172.9472129088976,189.3082319166885,205.5522581500618,219.88031605804116,94,FIE_M9_VALIDATED_PRESEASON,1.0,,"{""targets"":6.078826510859643,""receptions"":3.7358741286902073,""receiving_yards"":54.9892694653477,""receiving_tds"":0.3119462624266339,""fumbles_lost"":0.02076847357246675,""rushing_yards"":0.3341091790540175,""rushing_tds"":0.0008442929512382108,""rushing_2pt_conversions"":0.0,""receiving_2pt_conversions"":0.020525897607756208}",,,"{""prev_fantasy_ppg"":1.9692759196448821,""prev__receiving_yards"":1.5066286164507856,""target_share_prior4"":0.3944071791168441,""prev__receptions"":0.3689701322467908,""offense_snap_share_prior4"":-0.20115439628237564,""opportunity_xfp_realized_prior4"":0.138635294607967,""prev__receiving_tds"":0.12733805600324963,""red_zone_target_share_prior4"":-0.07931964033881983}",validated_candidate,VALIDATED_POSITION_SHADOW,True,189.4559929489592,11.14447017346819,189.4559929489592,fum_lost|rec|rec_2pt|rec_td|rec_yd|rush_2pt|rush_td|rush_yd,,1.0,189.4559929489592,,-30.79626217646233,fum_lost|rec|rec_2pt|rec_td|rec_yd|rush_2pt|rush_td|rush_yd,,1.0,1.0,,"{""prev_fantasy_ppg"":1.9692759196448821,""prev__receiving_yards"":1.5066286164507856,""target_share_prior4"":0.3944071791168441,""prev__receptions"":0.3689701322467908,""offense_snap_share_prior4"":-0.20115439628237564,""opportunity_xfp_realized_prior4"":0.138635294607967,""prev__receiving_tds"":0.12733805600324963,""red_zone_target_share_prior4"":-0.07931964033881983}",94,27.0,23.0,True,4.0,189.4559929489592,-14.05225512542154,94.60625,108.65850512542154,175.40373782353768,-30.79626217646233,-14.935141695665536,25.0,2.0,True,144.95841303336698,158.89495778347606,175.25597679126696,191.50000302464025,205.8280609326196,"FIE diagnostic is lower; main model signals: prior-season fantasy production, prior receiving-yard production, recent target share.",Validated preseason model
13281,00-0041029,Jordyn Tyson,unmatched,WR,NO,,False,65.1,adp_dynasty_ppr,111.0,SLEEPER_RAW_LEAGUE_REPLAY,0.5,fum_lost|rec_2pt|rush_2pt|rush_td,pts_ppr,111.0,6.529411764705882,83.21294585276407,95.86028958607946,110.29707188290308,125.42669048220394,139.2723471160724,62,MARKET_FALLBACK,0.0,no_model_or_profile,{},,,{},validated_candidate,UNAVAILABLE_PROFILE,False,,,,,,0.0,,,,,,0.0,0.0,no_model_or_profile,{},20,28.0,75.0,False,,,-14.05225512542154,94.60625,108.65850512542154,111.0,0.0,0.0,64.0,-36.0,False,83.21294585276407,95.86028958607946,110.29707188290308,125.42669048220394,139.2723471160724,No diagnostic deviation: no usable prior-season FIE profile.,Validated preseason model
13294,00-0040867,Makai Lemon,unmatched,WR,PHI,,False,67.7,adp_dynasty_ppr,168.5,SLEEPER_RAW_LEAGUE_REPLAY,0.5,fum_lost|rec_2pt|rush_2pt|rush_td,pts_ppr,168.5,9.911764705882351,138.95949315623375,152.34751256130335,167.9079812383979,183.94086980449995,198.72880962573709,62,MARKET_FALLBACK,0.0,no_model_or_profile,{},,,{},validated_candidate,UNAVAILABLE_PROFILE,False,,,,,,0.0,,,,,,0.0,0.0,no_model_or_profile,{},20,29.0,38.0,False,,,-14.05225512542154,94.60625,108.65850512542154,168.5,0.0,0.0,31.0,-2.0,False,138.95949315623375,152.34751256130335,167.9079812383979,183.94086980449995,198.72880962573709,No diagnostic deviation: no usable prior-season FIE profile.,Validated preseason model
4983,00-0034827,DJ Moore,canonical_id,WR,BUF,CHI,True,72.0,adp_dynasty_ppr,179.00000000000003,SLEEPER_RAW_LEAGUE_REPLAY,0.625,rec_2pt|rush_2pt|rush_td,pts_ppr,179.00000000000003,10.529411764705884,149.2214746876677,162.93824774594853,178.37826720812572,194.64978869994832,209.2763559444816,55,MARKET_FALLBACK,1.0,,{},,,{},validated_candidate,UNAVAILABLE_TEAM_CHANGE,False,,,,,,0.0,,,,,,0.0,1.0,,"{""prev_fantasy_ppg"":0.9899151515611563,""prev__receiving_yards"":0.2837801199824604,""offense_snap_share_prior4"":-0.19689309485674317,""prev__rushing_yards"":0.16072201989517362,""xfp_residual_prior4"":-0.09099521343923223,""prev__receiving_tds"":0.09043788978496389,""red_zone_target_share_prior4"":-0.08783118988186028,""prev__receptions"":0.0792932364935003}",40,30.0,30.0,False,,,-14.05225512542154,94.60625,108.65850512542154,179.00000000000003,0.0,0.0,22.0,8.0,False,149.2214746876677,162.93824774594853,178.37826720812572,194.64978869994832,209.2763559444816,No diagnostic deviation: team transfer makes prior-team role profile non-portable.,Validated preseason model
13298,00-0041547,KC Concepcion,unmatched,WR,CLE,,False,75.7,adp_dynasty_ppr,156.4,SLEEPER_RAW_LEAGUE_REPLAY,0.625,rec_2pt|rush_2pt|rush_td,pts_ppr,156.4,9.2,126.78345271258638,140.6267415737099,155.40861292923137,171.6787424801797,186.6377464683949,62,MARKET_FALLBACK,0.0,no_model_or_profile,{},,,{},validated_candidate,UNAVAILABLE_PROFILE,False,,,,,,0.0,,,,,,0.0,0.0,no_model_or_profile,{},20,31.0,45.0,False,,,-14.05225512542154,94.60625,108.65850512542154,156.4,0.0,0.0,41.0,-10.0,False,126.78345271258638,140.6267415737099,155.40861292923137,171.6787424801797,186.6377464683949,No diagnostic deviation: no usable prior-season FIE profile.,Validated preseason model
8167,00-0038124,Christian Watson,canonical_id,WR,GB,GB,False,76.9,adp_dynasty_ppr,207.6,SLEEPER_RAW_LEAGUE_REPLAY,0.5,fum_lost|rec_2pt|rush_2pt|rush_td,pts_ppr,188.70800343659155,11.100470790387735,158.1159996950514,172.09070801160573,188.26824689198736,204.34264548063769,219.95159584500104,92,FIE_M9_VALIDATED_PRESEASON,1.0,,"{""targets"":5.973269200377284,""receptions"":3.6987730218968675,""receiving_yards"":52.7124542358834,""receiving_tds"":0.3362552215448727,""fumbles_lost"":0.020831439430434584,""rushing_yards"":0.6110501225738515,""rushing_tds"":0.009539302018813055,""rushing_2pt_conversions"":0.0,""receiving_2pt_conversions"":0.018121535061949107}",,,"{""prev_fantasy_ppg"":2.080235866684988,""prev__receiving_yards"":1.2865158870864875,""target_share_prior4"":0.5268471444529738,""prev__receptions"":0.2627552704705842,""prev__receiving_tds"":0.24541858790176402,""opportunity_change_score_prior1"":0.09230387534261204,""opportunity_xfp_realized_prior4"":0.08354877902751744,""red_zone_target_share_prior4"":-0.07931964033881983}",validated_candidate,VALIDATED_POSITION_SHADOW,True,188.70800343659155,11.100470790387735,188.70800343659155,fum_lost|rec|rec_2pt|rec_td|rec_yd|rush_2pt|rush_td|rush_yd,,1.0,188.70800343659155,,-32.94425168883001,fum_lost|rec|rec_2pt|rec_td|rec_yd|rush_2pt|rush_td|rush_yd,,1.0,1.0,,"{""prev_fantasy_ppg"":2.080235866684988,""prev__receiving_yards"":1.2865158870864875,""target_share_prior4"":0.5268471444529738,""prev__receptions"":0.2627552704705842,""prev__receiving_tds"":0.24541858790176402,""opportunity_change_score_prior1"":0.09230387534261204,""opportunity_xfp_realized_prior4"":0.08354877902751744,""red_zone_target_share_prior4"":-0.07931964033881983}",92,32.0,24.0,True,8.0,188.70800343659155,-14.05225512542154,94.60625,108.65850512542154,174.65574831117,-32.94425168883001,-15.869100042789022,26.0,6.0,True,144.06374456962985,158.0384528861842,174.21599176656582,190.2903903552161,205.8993407195795,"FIE diagnostic is lower; main model signals: prior-season fantasy production, prior receiving-yard production, recent target share.",Validated preseason model
5927,00-0035659,Terry McLaurin,canonical_id,WR,WAS,WAS,False,77.1,adp_dynasty_ppr,213.8,SLEEPER_RAW_LEAGUE_REPLAY,0.5,fum_lost|rec_2pt|rush_2pt|rush_td,pts_ppr,172.5166405604974,10.148037680029258,142.1519946172271,156.23934121398295,171.88150558564612,188.24280807236596,203.18995115981136,92,FIE_M9_VALIDATED_PRESEASON,1.0,,"{""targets"":5.592276154520915,""receptions"":3.5762132700077442,""receiving_yards"":48.6247877210417,""receiving_tds"":0.26751994648956173,""fumbles_lost"":0.018985848747243364,""rushing_yards"":0.6064733222155424,""rushing_tds"":0.009465573168832599,""rushing_2pt_conversions"":6.767032108894057e-05,""receiving_2pt_conversions"":0.012310772298865761}",,,"{""prev_fantasy_ppg"":1.4174751019319156,""prev__receiving_yards"":1.1479263908200772,""target_share_prior4"":0.6309750151168727,""prev__receptions"":0.36124541502670293,""offense_snap_share_prior4"":-0.12303053681244683,""opportunity_change_score_prior1"":-0.09796220646011462,""pfr_receiving_drop_pct_prior4"":-0.07874844021815976,""prev__receiving_tds"":0.05722774018850674}",validated_candidate,VALIDATED_POSITION_SHADOW,True,172.5166405604974,10.148037680029258,172.5166405604974,fum_lost|rec|rec_2pt|rec_td|rec_yd|rush_2pt|rush_td|rush_yd,,1.0,172.5166405604974,,-55.33561456492416,fum_lost|rec|rec_2pt|rec_td|rec_yd|rush_2pt|rush_td|rush_yd,,1.0,1.0,,"{""prev_fantasy_ppg"":1.4174751019319156,""prev__receiving_yards"":1.1479263908200772,""target_share_prior4"":0.6309750151168727,""prev__receptions"":0.36124541502670293,""offense_snap_share_prior4"":-0.12303053681244683,""opportunity_change_score_prior1"":-0.09796220646011462,""pfr_receiving_drop_pct_prior4"":-0.07874844021815976,""prev__receiving_tds"":0.05722774018850674}",92,33.0,34.0,True,-1.0,172.5166405604974,-14.05225512542154,94.60625,108.65850512542154,158.46438543507583,-55.33561456492416,-25.881952556091747,38.0,-5.0,True,128.09973949180556,142.1870860885614,157.8292504602246,174.1905529469444,189.13769603438985,"FIE diagnostic is lower; main model signals: prior-season fantasy production, prior receiving-yard production, recent target share.",Validated preseason model
2133,00-0031381,Davante Adams,canonical_id,WR,LAR,LA,True,78.9,adp_dynasty_ppr,192.5,SLEEPER_RAW_LEAGUE_REPLAY,0.5,fum_lost|rush_2pt|rush_td|rush_yd,pts_ppr,192.5,11.323529411764708,162.3093429977455,176.09968365410217,191.9629526035006,208.5684803215426,223.5453714549464,55,MARKET_FALLBACK,1.0,,{},,,{},validated_candidate,UNAVAILABLE_TEAM_CHANGE,False,,,,,,0.0,,,,,,0.0,1.0,,"{""prev_fantasy_ppg"":3.0566895208777023,""prev__receiving_yards"":1.059857203537481,""target_share_prior4"":0.5535571013727204,""prev__receptions"":0.5207056490699429,""prev__receiving_tds"":0.496339718186107,""opportunity_xfp_realized_prior4"":0.12586297323435464,""offense_snap_share_prior4"":-0.08751969159884276,""receiving_competitor_count"":-0.08320367774486355}",40,34.0,21.0,False,,,-14.05225512542154,94.60625,108.65850512542154,192.5,0.0,0.0,17.0,17.0,False,162.3093429977455,176.09968365410217,191.9629526035006,208.5684803215426,223.5453714549464,No diagnostic deviation: team transfer makes prior-team role profile non-portable.,Validated preseason model
10232,00-0038559,Michael Wilson,canonical_id,WR,ARI,ARI,False,79.6,adp_dynasty_ppr,166.0,SLEEPER_RAW_LEAGUE_REPLAY,0.5,fum_lost|rec_2pt|rush_2pt|rush_td,pts_ppr,193.79648326658744,11.399793133328672,162.81875767139084,177.00357701499766,193.327263424198,210.06640918816683,224.69433766521956,94,FIE_M9_VALIDATED_PRESEASON,1.0,,"{""targets"":6.6137898126169,""receptions"":4.09470485883839,""receiving_yards"":52.864535959759806,""receiving_tds"":0.3221335073245102,""fumbles_lost"":0.016273451675699314,""rushing_yards"":0.45458281913602566,""rushing_tds"":0.006349377514394354,""rushing_2pt_conversions"":0.0,""receiving_2pt_conversions"":0.01741299545933467}",,,"{""prev_fantasy_ppg"":1.9842705070827333,""prev__receiving_yards"":1.194591413903696,""target_share_prior4"":0.7298410432050004,""prev__receptions"":0.6200234418996424,""opportunity_xfp_realized_prior4"":0.23850375014329614,""offense_snap_share_prior4"":-0.16564355106877168,""prev__receiving_tds"":0.12733805600324963,""xfp_residual_prior4"":-0.1219669978149172}",validated_candidate,VALIDATED_POSITION_SHADOW,True,193.79648326658744,11.399793133328672,193.79648326658744,fum_lost|rec|rec_2pt|rec_td|rec_yd|rush_2pt|rush_td|rush_yd,,1.0,193.79648326658744,,13.744228141165877,fum_lost|rec|rec_2pt|rec_td|rec_yd|rush_2pt|rush_td|rush_yd,,1.0,1.0,,"{""prev_fantasy_ppg"":1.9842705070827333,""prev__receiving_yards"":1.194591413903696,""target_share_prior4"":0.7298410432050004,""prev__receptions"":0.6200234418996424,""opportunity_xfp_realized_prior4"":0.23850375014329614,""offense_snap_share_prior4"":-0.16564355106877168,""prev__receiving_tds"":0.12733805600324963,""xfp_residual_prior4"":-0.1219669978149172}",94,35.0,20.0,True,15.0,193.79648326658744,-14.05225512542154,94.60625,108.65850512542154,179.74422814116588,13.744228141165877,8.279655506726431,21.0,14.0,True,148.7665025459693,162.95132188957612,179.27500829877644,196.0141540627453,210.642082539798,"FIE diagnostic is higher; main model signals: prior-season fantasy production, prior receiving-yard production, recent target share.",Validated preseason model
9487,00-0038606,Parker Washington,canonical_id,WR,JAX,JAX,False,80.0,adp_dynasty_ppr,212.40000000000003,SLEEPER_RAW_LEAGUE_REPLAY,0.625,fum_lost|rush_2pt|rush_td,pts_ppr,165.81681690461593,9.75393040615388,135.20929505215446,149.73802373739835,165.6726389496224,181.4644251825213,195.84916494430055,94,FIE_M9_VALIDATED_PRESEASON,1.0,,"{""targets"":5.475558431653105,""receptions"":3.4320228798570085,""receiving_yards"":46.44428383891642,""receiving_tds"":0.260806772433886,""fumbles_lost"":0.016703860866694873,""rushing_yards"":0.6543826490188066,""rushing_tds"":0.009631474631472754,""rushing_2pt_conversions"":0.0,""receiving_2pt_conversions"":0.011409558422292451}",,,"{""prev_fantasy_ppg"":1.1894234926315803,""prev__receiving_yards"":0.8964342445780137,""target_share_prior4"":0.3562550031424843,""prev__receptions"":0.30379283070230034,""opportunity_xfp_realized_prior4"":0.1056116742862655,""xfp_residual_prior4"":-0.07696162928451199,""prev__receiving_tds"":0.06506902550989246,""pfr_receiving_drop_pct_prior4"":0.061543629774142544}",validated_candidate,VALIDATED_POSITION_SHADOW,True,165.81681690461593,9.75393040615388,165.81681690461593,fum_lost|rec|rec_2pt|rec_td|rec_yd|rush_2pt|rush_td|rush_yd,,1.0,165.81681690461593,,-60.63543822080564,fum_lost|rec|rec_2pt|rec_td|rec_yd|rush_2pt|rush_td|rush_yd,,1.0,1.0,,"{""prev_fantasy_ppg"":1.1894234926315803,""prev__receiving_yards"":0.8964342445780137,""target_share_prior4"":0.3562550031424843,""prev__receptions"":0.30379283070230034,""opportunity_xfp_realized_prior4"":0.1056116742862655,""xfp_residual_prior4"":-0.07696162928451199,""prev__receiving_tds"":0.06506902550989246,""pfr_receiving_drop_pct_prior4"":0.061543629774142544}",94,36.0,40.0,True,-4.0,165.81681690461593,-14.05225512542154,94.60625,108.65850512542154,151.7645617791944,-60.63543822080564,-28.54775810772393,44.0,-8.0,True,121.15703992673292,135.6857686119768,151.62038382420087,167.41217005709976,181.79690981887904,"FIE diagnostic is lower; main model signals: prior-season fantasy production, prior receiving-yard production, recent target share.",Validated preseason model
11604,00-0039338,Brock Bowers,canonical_id,TE,LV,LV,False,13.0,adp_dynasty_ppr,253.5,SLEEPER_RAW_LEAGUE_REPLAY,0.75,rush_2pt|rush_td,pts_ppr,202.0036457833532,11.882567399020774,175.84098613462078,188.3795451463172,202.01285275305176,215.5623584406237,228.24064023549371,93,FIE_M9_VALIDATED_PRESEASON,1.0,,"{""targets"":6.551020631209114,""receptions"":4.703719154482005,""receiving_yards"":49.031869897069,""receiving_tds"":0.37509013171652045,""fumbles_lost"":0.02537324588758612,""rushing_yards"":0.07542203038913434,""rushing_tds"":0.005754923027672526,""rushing_2pt_conversions"":0.0,""receiving_2pt_conversions"":0.01689760755148395}",,,"{""target_share_prior4"":1.7006624167086977,""prev_fantasy_ppg"":1.64630658511106,""prev__receiving_yards"":1.571901373839598,""prev__receptions"":0.7943971694331791,""opportunity_xfp_realized_prior4"":0.5464164261691051,""offense_snap_share_prior4"":0.4774123806709387,""red_zone_target_share_prior4"":0.2601944413679971,""prev__receiving_tds"":0.25836053218933475}",validated_candidate,VALIDATED_POSITION_SHADOW,True,202.0036457833532,11.882567399020774,202.0036457833532,fum_lost|rec|rec_2pt|rec_td|rec_yd|rush_2pt|rush_td|rush_yd,,1.0,202.0036457833532,,-70.10269766360554,fum_lost|rec|rec_2pt|rec_td|rec_yd|rush_2pt|rush_td|rush_yd,,1.0,1.0,,"{""target_share_prior4"":1.7006624167086977,""prev_fantasy_ppg"":1.64630658511106,""prev__receiving_yards"":1.571901373839598,""prev__receptions"":0.7943971694331791,""opportunity_xfp_realized_prior4"":0.5464164261691051,""offense_snap_share_prior4"":0.4774123806709387,""red_zone_target_share_prior4"":0.2601944413679971,""prev__receiving_tds"":0.25836053218933475}",93,1.0,4.0,True,-3.0,202.0036457833532,-18.606343446958704,72.89358974358976,91.49993319054846,183.3973023363945,-70.10269766360554,-27.65392412765505,4.0,-3.0,True,157.23464268766207,169.77320169935845,183.40650930609303,196.956014993665,209.63429678853504,"FIE diagnostic is lower; main model signals: recent target share, prior-season fantasy production, prior receiving-yard production.",Validated preseason model
8130,00-0037744,Trey McBride,canonical_id,TE,ARI,ARI,False,17.3,adp_dynasty_ppr,234.9,SLEEPER_RAW_LEAGUE_REPLAY,0.625,rush_2pt|rush_td|rush_yd,pts_ppr,253.36128815335684,14.903605185491578,227.7520990819387,239.5361992003784,253.2461924918624,266.4951158619597,279.55510352230294,94,FIE_M9_VALIDATED_PRESEASON,1.0,,"{""targets"":8.447766217651075,""receptions"":6.119714096571717,""receiving_yards"":61.827780034466514,""receiving_tds"":0.4398192978147839,""fumbles_lost"":0.04252025785380252,""rushing_yards"":0.0,""rushing_tds"":0.0,""rushing_2pt_conversions"":0.00012078638421413778,""receiving_2pt_conversions"":0.023498120761840477}",,,"{""target_share_prior4"":2.6968807630087666,""prev_fantasy_ppg"":2.322569043441601,""prev__receiving_yards"":2.2922220372213817,""prev__receptions"":1.2952136766729214,""opportunity_xfp_realized_prior4"":1.0548284562614023,""opportunity_change_score_prior1"":-0.7282669423217143,""offense_snap_share_prior4"":0.4694325082327936,""prev__receiving_tds"":0.2970110992022136}",validated_candidate,VALIDATED_POSITION_SHADOW,True,253.36128815335684,14.903605185491578,253.36128815335684,fum_lost|rec|rec_2pt|rec_td|rec_yd|rush_2pt|rush_td|rush_yd,,1.0,253.36128815335684,,-0.1450552936018709,fum_lost|rec|rec_2pt|rec_td|rec_yd|rush_2pt|rush_td|rush_yd,,1.0,1.0,,"{""target_share_prior4"":2.6968807630087666,""prev_fantasy_ppg"":2.322569043441601,""prev__receiving_yards"":2.2922220372213817,""prev__receptions"":1.2952136766729214,""opportunity_xfp_realized_prior4"":1.0548284562614023,""opportunity_change_score_prior1"":-0.7282669423217143,""offense_snap_share_prior4"":0.4694325082327936,""prev__receiving_tds"":0.2970110992022136}",94,2.0,1.0,True,1.0,253.36128815335684,-18.606343446958704,72.89358974358976,91.49993319054846,234.7549447063981,-0.1450552936018709,-0.0617519342706985,1.0,1.0,True,209.14575563498,220.92985575341967,234.63984904490368,247.88877241500097,260.94876007534424,"FIE diagnostic is lower; main model signals: recent target share, prior-season fantasy production, prior receiving-yard production.",Validated preseason model
12517,00-0040126,Colston Loveland,canonical_id,TE,CHI,CHI,False,29.9,adp_dynasty_ppr,215.4,SLEEPER_RAW_LEAGUE_REPLAY,0.5,fum_lost|rec_2pt|rush_2pt|rush_td,pts_ppr,145.76093838482862,8.57417284616639,121.39887198362688,132.7154442644498,145.66323552153466,158.2329382899509,170.52654559683205,94,FIE_M9_VALIDATED_PRESEASON,1.0,,"{""targets"":4.782812391025573,""receptions"":3.4308413332342527,""receiving_yards"":37.3546688272983,""receiving_tds"":0.2392024048288318,""fumbles_lost"":0.029094176279980184,""rushing_yards"":0.0,""rushing_tds"":0.0,""rushing_2pt_conversions"":0.0,""receiving_2pt_conversions"":0.015419276894638626}",,,"{""target_share_prior4"":1.1815270140501455,""prev__receiving_yards"":1.0342194518155752,""prev_fantasy_ppg"":0.8892947843365366,""opportunity_xfp_realized_prior4"":0.39924128452010565,""prev__receptions"":0.3827590732703251,""receiving_competition_index_prior4"":-0.3080084946647571,""opportunity_change_score_prior1"":-0.29087436528217375,""offense_snap_share_prior4"":0.2247164201296762}",validated_candidate,VALIDATED_POSITION_SHADOW,True,145.76093838482862,8.57417284616639,145.76093838482862,fum_lost|rec|rec_2pt|rec_td|rec_yd|rush_2pt|rush_td|rush_yd,,1.0,145.76093838482862,,-88.24540506213009,fum_lost|rec|rec_2pt|rec_td|rec_yd|rush_2pt|rush_td|rush_yd,,1.0,1.0,,"{""target_share_prior4"":1.1815270140501455,""prev__receiving_yards"":1.0342194518155752,""prev_fantasy_ppg"":0.8892947843365366,""opportunity_xfp_realized_prior4"":0.39924128452010565,""prev__receptions"":0.3827590732703251,""receiving_competition_index_prior4"":-0.3080084946647571,""opportunity_change_score_prior1"":-0.29087436528217375,""offense_snap_share_prior4"":0.2247164201296762}",94,3.0,19.0,True,-16.0,145.76093838482862,-18.606343446958704,72.89358974358976,91.49993319054846,127.15459493786992,-88.24540506213009,-40.96815462494433,20.0,-17.0,True,102.7925285366682,114.10910081749108,127.05689207457596,139.6265948429922,151.92020214987335,"FIE diagnostic is lower; main model signals: recent target share, prior receiving-yard production, prior-season fantasy production.",Validated preseason model
12518,00-0040128,Tyler Warren,canonical_id,TE,IND,IND,False,35.8,adp_dynasty_ppr,201.1,SLEEPER_RAW_LEAGUE_REPLAY,0.5,fum_lost|rec_2pt|rush_2pt|rush_td,pts_ppr,183.42529831820548,10.789723430482676,158.53862849910072,170.36721242895348,183.2846898623505,196.28980176256616,208.428537875591,94,FIE_M9_VALIDATED_PRESEASON,1.0,,"{""targets"":5.947694144825783,""receptions"":4.211681116071589,""receiving_yards"":44.3066577422273,""receiving_tds"":0.29336849783782065,""fumbles_lost"":0.02712597463900413,""rushing_yards"":1.373232302046694,""rushing_tds"":0.04293699809479689,""rushing_2pt_conversions"":0.0001781320631842101,""receiving_2pt_conversions"":0.023058009769810497}",,,"{""target_share_prior4"":1.5095541106905197,""prev__receiving_yards"":1.1895304291907436,""prev_fantasy_ppg"":1.0227575695973323,""prev__receptions"":0.5865110720883806,""opportunity_xfp_realized_prior4"":0.4364480179595435,""offense_snap_share_prior4"":0.3843138688925789,""opportunity_change_score_prior1"":0.29360862862843806,""prev__rushing_tds"":0.17273256806890647}",validated_candidate,VALIDATED_POSITION_SHADOW,True,183.42529831820548,10.789723430482676,183.42529831820548,fum_lost|rec|rec_2pt|rec_td|rec_yd|rush_2pt|rush_td|rush_yd,,1.0,183.42529831820548,,-36.28104512875322,fum_lost|rec|rec_2pt|rec_td|rec_yd|rush_2pt|rush_td|rush_yd,,1.0,1.0,,"{""target_share_prior4"":1.5095541106905197,""prev__receiving_yards"":1.1895304291907436,""prev_fantasy_ppg"":1.0227575695973323,""prev__receptions"":0.5865110720883806,""opportunity_xfp_realized_prior4"":0.4364480179595435,""offense_snap_share_prior4"":0.3843138688925789,""opportunity_change_score_prior1"":0.29360862862843806,""prev__rushing_tds"":0.17273256806890647}",94,4.0,7.0,True,-3.0,183.42529831820548,-18.606343446958704,72.89358974358976,91.49993319054846,164.81895487124677,-36.28104512875322,-18.041295439459585,7.0,-3.0,True,139.93228505214202,151.76086898199478,164.6783464153918,177.68345831560748,189.8221944286323,"FIE diagnostic is lower; main model signals: recent target share, prior receiving-yard production, prior-season fantasy production.",Validated preseason model
10859,00-0039065,Sam LaPorta,canonical_id,TE,DET,DET,False,53.9,adp_dynasty_ppr,196.5,SLEEPER_RAW_LEAGUE_REPLAY,0.5,fum_lost|rec_2pt|rush_2pt|rush_td,pts_ppr,176.78611045214805,10.399182967773417,151.95857460641264,163.76625972809862,176.58299482701935,189.4559190692024,201.76394822650423,92,FIE_M9_VALIDATED_PRESEASON,1.0,,"{""targets"":5.43123567014505,""receptions"":4.0462524530609665,""receiving_yards"":45.11871804284043,""receiving_tds"":0.303626247225696,""fumbles_lost"":0.01655604337349245,""rushing_yards"":0.0,""rushing_tds"":0.00285256715202381,""rushing_2pt_conversions"":0.00012838081611248745,""receiving_2pt_conversions"":0.017520574638423644}",,,"{""prev__receiving_yards"":1.468251846702437,""target_share_prior4"":1.426779728347738,""prev_fantasy_ppg"":1.1596991586784309,""prev__receptions"":0.5802114933809625,""offense_snap_share_prior4"":0.48539225310908385,""opportunity_xfp_realized_prior4"":0.37781631355616696,""xfp_residual_prior4"":-0.13927152994819947,""prev__receiving_tds"":0.10673138467727153}",validated_candidate,VALIDATED_POSITION_SHADOW,True,176.78611045214805,10.399182967773417,176.78611045214805,fum_lost|rec|rec_2pt|rec_td|rec_yd|rush_2pt|rush_td|rush_yd,,1.0,176.78611045214805,,-38.32023299481065,fum_lost|rec|rec_2pt|rec_td|rec_yd|rush_2pt|rush_td|rush_yd,,1.0,1.0,,"{""prev__receiving_yards"":1.468251846702437,""target_share_prior4"":1.426779728347738,""prev_fantasy_ppg"":1.1596991586784309,""prev__receptions"":0.5802114933809625,""offense_snap_share_prior4"":0.48539225310908385,""opportunity_xfp_realized_prior4"":0.37781631355616696,""xfp_residual_prior4"":-0.13927152994819947,""prev__receiving_tds"":0.10673138467727153}",92,5.0,8.0,True,-3.0,176.78611045214805,-18.606343446958704,72.89358974358976,91.49993319054846,158.17976700518935,-38.32023299481065,-19.50139083705377,8.0,-3.0,True,133.35223115945394,145.1599162811399,157.97665138006064,170.84957562224372,183.15760477954552,"FIE diagnostic is lower; main model signals: prior receiving-yard production, recent target share, prior-season fantasy production.",Validated preseason model
12506,00-0040663,Harold Fannin Jr.,canonical_id,TE,CLE,CLE,False,55.6,adp_dynasty_ppr,180.4,SLEEPER_RAW_LEAGUE_REPLAY,0.5,fum_lost|rec_2pt|rush_2pt|rush_td,pts_ppr,191.3790739634069,11.257592586082762,166.0327310664354,178.11860760165766,191.27329473182127,204.18475656242143,216.819390285088,94,FIE_M9_VALIDATED_PRESEASON,1.0,,"{""targets"":6.358292563040292,""receptions"":4.644545421719095,""receiving_yards"":45.75989802513009,""receiving_tds"":0.31974313593848386,""fumbles_lost"":0.03432185224422745,""rushing_yards"":0.0,""rushing_tds"":0.023980841780589273,""rushing_2pt_conversions"":4.648787273256786e-05,""receiving_2pt_conversions"":0.021632112139603622}",,,"{""target_share_prior4"":2.3998621590943086,""prev_fantasy_ppg"":1.1201924171264748,""prev__receiving_yards"":1.084193330970992,""opportunity_xfp_realized_prior4"":0.7561044170987652,""prev__receptions"":0.593598098134226,""offense_snap_share_prior4"":0.4242132310833045,""opportunity_change_score_prior1"":-0.4109895628567165,""receiving_competitor_count"":0.3626395647616038}",validated_candidate,VALIDATED_POSITION_SHADOW,True,191.3790739634069,11.257592586082762,191.3790739634069,fum_lost|rec|rec_2pt|rec_td|rec_yd|rush_2pt|rush_td|rush_yd,,1.0,191.3790739634069,,-7.627269483551771,fum_lost|rec|rec_2pt|rec_td|rec_yd|rush_2pt|rush_td|rush_yd,,1.0,1.0,,"{""target_share_prior4"":2.3998621590943086,""prev_fantasy_ppg"":1.1201924171264748,""prev__receiving_yards"":1.084193330970992,""opportunity_xfp_realized_prior4"":0.7561044170987652,""prev__receptions"":0.593598098134226,""offense_snap_share_prior4"":0.4242132310833045,""opportunity_change_score_prior1"":-0.4109895628567165,""receiving_competitor_count"":0.3626395647616038}",94,6.0,5.0,True,1.0,191.3790739634069,-18.606343446958704,72.89358974358976,91.49993319054846,172.77273051644823,-7.627269483551771,-4.227976432124041,5.0,1.0,True,147.42638761947669,159.51226415469895,172.66695128486262,185.57841311546272,198.2130468381293,"FIE diagnostic is lower; main model signals: recent target share, prior-season fantasy production, prior receiving-yard production.",Validated preseason model
9484,00-0038996,Tucker Kraft,canonical_id,TE,GB,GB,False,60.2,adp_dynasty_ppr,174.4,SLEEPER_RAW_LEAGUE_REPLAY,0.375,fum_lost|rec_2pt|rush_2pt|rush_td|rush_yd,pts_ppr,189.98068685873125,11.175334521101838,164.81410575885212,176.51455490077026,189.78121616136588,203.393250768765,215.30730747278744,92,FIE_M9_VALIDATED_PRESEASON,1.0,,"{""targets"":5.634071073736182,""receptions"":4.086274938020899,""receiving_yards"":48.18628582058813,""receiving_tds"":0.37527017997813006,""fumbles_lost"":0.018164927928331163,""rushing_yards"":0.0,""rushing_tds"":0.0037562237474543206,""rushing_2pt_conversions"":0.00014772820159614084,""receiving_2pt_conversions"":0.016153489061044468}",,,"{""prev__receiving_yards"":1.7699460060481025,""prev_fantasy_ppg"":1.6405251107376029,""target_share_prior4"":1.443293595741505,""prev__receptions"":0.473118655354854,""opportunity_xfp_realized_prior4"":0.4525842497178471,""offense_snap_share_prior4"":0.4348530610008313,""prev__receiving_tds"":0.35944663053071013,""opportunity_change_score_prior1"":-0.2962452038608354}",validated_candidate,VALIDATED_POSITION_SHADOW,True,189.98068685873125,11.175334521101838,189.98068685873125,fum_lost|rec|rec_2pt|rec_td|rec_yd|rush_2pt|rush_td|rush_yd,,1.0,189.98068685873125,,-3.025656588227463,fum_lost|rec|rec_2pt|rec_td|rec_yd|rush_2pt|rush_td|rush_yd,,1.0,1.0,,"{""prev__receiving_yards"":1.7699460060481025,""prev_fantasy_ppg"":1.6405251107376029,""target_share_prior4"":1.443293595741505,""prev__receptions"":0.473118655354854,""opportunity_xfp_realized_prior4"":0.4525842497178471,""offense_snap_share_prior4"":0.4348530610008313,""prev__receiving_tds"":0.35944663053071013,""opportunity_change_score_prior1"":-0.2962452038608354}",92,7.0,6.0,True,1.0,189.98068685873125,-18.606343446958704,72.89358974358976,91.49993319054846,171.37434341177254,-3.025656588227463,-1.7348948326992333,6.0,1.0,True,146.20776231189342,157.90821145381156,171.17487271440717,184.7869073218063,196.70096402582877,"FIE diagnostic is lower; main model signals: prior receiving-yard production, prior-season fantasy production, recent target share.",Validated preseason model
7553,00-0036970,Kyle Pitts,canonical_id,TE,ATL,ATL,False,66.1,adp_dynasty_ppr,171.60000000000002,SLEEPER_RAW_LEAGUE_REPLAY,0.375,fum_lost|rec_2pt|rush_2pt|rush_td|rush_yd,pts_ppr,205.84302049514343,12.108412970302556,180.4666958725285,192.27955298341277,205.6166417565171,219.08659391679095,231.24935811466688,94,FIE_M9_VALIDATED_PRESEASON,1.0,,"{""targets"":6.72049146200218,""receptions"":4.9526944790876355,""receiving_yards"":51.179878225226076,""receiving_tds"":0.3382261923649169,""fumbles_lost"":0.01678856408401634,""rushing_yards"":0.0,""rushing_tds"":0.0,""rushing_2pt_conversions"":0.00018160835585383925,""receiving_2pt_conversions"":0.020793712979568283}",,,"{""target_share_prior4"":2.2561383127268013,""prev__receiving_yards"":1.4795749042888495,""prev_fantasy_ppg"":1.250275590529257,""prev__receptions"":0.7565996971886704,""opportunity_xfp_realized_prior4"":0.7102276930589629,""offense_snap_share_prior4"":0.4321931035214496,""xfp_residual_prior4"":-0.14713059033775272,""opportunity_change_score_prior1"":0.13476109554587296}",validated_candidate,VALIDATED_POSITION_SHADOW,True,205.84302049514343,12.108412970302556,205.84302049514343,fum_lost|rec|rec_2pt|rec_td|rec_yd|rush_2pt|rush_td|rush_yd,,1.0,205.84302049514343,,15.636677048184737,fum_lost|rec|rec_2pt|rec_td|rec_yd|rush_2pt|rush_td|rush_yd,,1.0,1.0,,"{""target_share_prior4"":2.2561383127268013,""prev__receiving_yards"":1.4795749042888495,""prev_fantasy_ppg"":1.250275590529257,""prev__receptions"":0.7565996971886704,""opportunity_xfp_realized_prior4"":0.7102276930589629,""offense_snap_share_prior4"":0.4321931035214496,""xfp_residual_prior4"":-0.14713059033775272,""opportunity_change_score_prior1"":0.13476109554587296}",94,8.0,3.0,True,5.0,205.84302049514343,-18.606343446958704,72.89358974358976,91.49993319054846,187.2366770481848,15.636677048184737,9.112282662112316,3.0,5.0,True,161.8603524255698,173.67320953645404,187.0102983095584,200.48025046983227,212.64301466770817,"FIE diagnostic is higher; main model signals: recent target share, prior receiving-yard production, prior-season fantasy production.",Validated preseason model
10236,00-0038933,Dalton Kincaid,canonical_id,TE,BUF,BUF,False,85.6,adp_dynasty_ppr,163.60000000000002,SLEEPER_RAW_LEAGUE_REPLAY,0.375,fum_lost|rec_2pt|rush_2pt|rush_td|rush_yd,pts_ppr,129.47105364400468,7.615944332000275,105.7992387334764,116.64163321536816,128.97850917336285,141.9175016009465,153.5648749193024,93,FIE_M9_VALIDATED_PRESEASON,1.0,,"{""targets"":3.77970935935148,""receptions"":2.7725546582173837,""receiving_yards"":33.770547222850176,""receiving_tds"":0.2242718770586469,""fumbles_lost"":0.02117914686395753,""rushing_yards"":0.25714872884018836,""rushing_tds"":0.018129134332169804,""rushing_2pt_conversions"":0.00013403119878596496,""receiving_2pt_conversions"":0.014152120799649214}",,,"{""prev__receiving_yards"":1.1684085717699355,""prev_fantasy_ppg"":0.9221769198355737,""prev__receptions"":0.29239949118579617,""target_share_prior4"":0.27899025745513084,""opportunity_change_score_prior1"":0.22275478628083573,""offense_snap_share_prior4"":-0.18757698917448903,""prev__receiving_tds"":0.1572744338479593,""red_zone_target_share_prior4"":-0.10745152946193953}",validated_candidate,VALIDATED_POSITION_SHADOW,True,129.47105364400468,7.615944332000275,129.47105364400468,fum_lost|rec|rec_2pt|rec_td|rec_yd|rush_2pt|rush_td|rush_yd,,1.0,129.47105364400468,,-52.73528980295404,fum_lost|rec|rec_2pt|rec_td|rec_yd|rush_2pt|rush_td|rush_yd,,1.0,1.0,,"{""prev__receiving_yards"":1.1684085717699355,""prev_fantasy_ppg"":0.9221769198355737,""prev__receptions"":0.29239949118579617,""target_share_prior4"":0.27899025745513084,""opportunity_change_score_prior1"":0.22275478628083573,""offense_snap_share_prior4"":-0.18757698917448903,""prev__receiving_tds"":0.1572744338479593,""red_zone_target_share_prior4"":-0.10745152946193953}",93,9.0,23.0,True,-14.0,129.47105364400468,-18.606343446958704,72.89358974358976,91.49993319054846,110.86471019704598,-52.73528980295404,-32.23428472063205,24.0,-15.0,True,87.1928952865177,98.03528976840948,110.37216572640416,123.3111581539878,134.9585314723437,"FIE diagnostic is lower; main model signals: prior receiving-yard production, prior-season fantasy production, prior reception volume.",Validated preseason model
13330,00-0041032,Kenyon Sadiq,unmatched,TE,NYJ,,False,91.7,adp_dynasty_ppr,100.2,SLEEPER_RAW_LEAGUE_REPLAY,0.5,fum_lost|rec_2pt|rush_2pt|rush_td,pts_ppr,100.2,5.894117647058824,77.52067806576873,87.81254217047353,99.72255480538932,111.94445644594656,123.9143092536284,62,MARKET_FALLBACK,0.0,no_model_or_profile,{},,,{},validated_candidate,UNAVAILABLE_PROFILE,False,,,,,,0.0,,,,,,0.0,0.0,no_model_or_profile,{},20,10.0,37.0,False,,,-18.606343446958704,72.89358974358976,91.49993319054846,100.2,0.0,0.0,33.0,-23.0,False,77.52067806576873,87.81254217047353,99.72255480538932,111.94445644594656,123.9143092536284,No diagnostic deviation: no usable prior-season FIE profile.,Validated preseason model
12493,00-0040189,Oronde Gadsden II,canonical_id,TE,LAC,LAC,False,92.3,adp_dynasty_ppr,141.8,SLEEPER_RAW_LEAGUE_REPLAY,0.375,fum_lost|rec_2pt|rush_2pt|rush_td|rush_yd,pts_ppr,146.14758946956223,8.596917027621307,122.10823151016945,132.98584071667568,145.636178121802,158.8688205480581,170.9169669290251,93,FIE_M9_VALIDATED_PRESEASON,1.0,,"{""targets"":4.4372236929643805,""receptions"":3.215167721585251,""receiving_yards"":36.9986424067816,""receiving_tds"":0.255065134798767,""fumbles_lost"":0.01698005924321483,""rushing_yards"":0.6033043011672056,""rushing_tds"":0.014033196947241002,""rushing_2pt_conversions"":0.0007432374782192108,""receiving_2pt_conversions"":0.019719144147558456}",,,"{""prev__receiving_yards"":1.0210781724821136,""target_share_prior4"":0.6265944772703568,""prev_fantasy_ppg"":0.6189385889477546,""opportunity_change_score_prior1"":0.582926969138187,""receiving_competitor_count"":0.3626395647616038,""prev__receptions"":0.29641547261177525,""opportunity_xfp_realized_prior4"":0.15730777222665843,""offense_snap_share_prior4"":0.11033824851626259}",validated_candidate,VALIDATED_POSITION_SHADOW,True,146.14758946956223,8.596917027621307,146.14758946956223,fum_lost|rec|rec_2pt|rec_td|rec_yd|rush_2pt|rush_td|rush_yd,,1.0,146.14758946956223,,-14.25875397739648,fum_lost|rec|rec_2pt|rec_td|rec_yd|rush_2pt|rush_td|rush_yd,,1.0,1.0,,"{""prev__receiving_yards"":1.0210781724821136,""target_share_prior4"":0.6265944772703568,""prev_fantasy_ppg"":0.6189385889477546,""opportunity_change_score_prior1"":0.582926969138187,""receiving_competitor_count"":0.3626395647616038,""prev__receptions"":0.29641547261177525,""opportunity_xfp_realized_prior4"":0.15730777222665843,""offense_snap_share_prior4"":0.11033824851626259}",93,11.0,18.0,True,-7.0,146.14758946956223,-18.606343446958704,72.89358974358976,91.49993319054846,127.54124602260352,-14.25875397739648,-10.055538771083556,19.0,-8.0,True,103.50188806321071,114.37949726971698,127.0298346748433,140.2624771010994,152.3106234820664,"FIE diagnostic is lower; main model signals: prior receiving-yard production, recent target share, prior-season fantasy production.",Validated preseason model
8110,00-0038041,Jake Ferguson,canonical_id,TE,DAL,DAL,False,96.4,adp_dynasty_ppr,159.8,SLEEPER_RAW_LEAGUE_REPLAY,0.5,rec_2pt|rush_2pt|rush_td|rush_yd,pts_ppr,157.8025404315582,9.282502378326951,133.39096354404032,144.49125377249604,157.3156533049811,170.65849351057358,183.0066100077681,94,FIE_M9_VALIDATED_PRESEASON,1.0,,"{""targets"":5.211236823931474,""receptions"":3.7755334326932886,""receiving_yards"":33.53872826860906,""receiving_tds"":0.30596811932884754,""fumbles_lost"":0.016867932507389098,""rushing_yards"":1.3277014175668165,""rushing_tds"":0.02991316236009999,""rushing_2pt_conversions"":0.0007148775318558612,""receiving_2pt_conversions"":0.01867219841672874}",,,"{""prev_fantasy_ppg"":1.018676528863128,""opportunity_change_score_prior1"":0.992665400912509,""prev__receptions"":0.6715553846385254,""prev__receiving_yards"":0.6225065454403917,""target_share_prior4"":0.22359241735921914,""opportunity_xfp_realized_prior4"":0.20497391381833593,""receiving_competitor_count"":0.19777569540359735,""prev__receiving_tds"":0.18997875978193363}",validated_candidate,VALIDATED_POSITION_SHADOW,True,157.8025404315582,9.282502378326951,157.8025404315582,fum_lost|rec|rec_2pt|rec_td|rec_yd|rush_2pt|rush_td|rush_yd,,1.0,157.8025404315582,,-20.6038030154005,fum_lost|rec|rec_2pt|rec_td|rec_yd|rush_2pt|rush_td|rush_yd,,1.0,1.0,,"{""prev_fantasy_ppg"":1.018676528863128,""opportunity_change_score_prior1"":0.992665400912509,""prev__receptions"":0.6715553846385254,""prev__receiving_yards"":0.6225065454403917,""target_share_prior4"":0.22359241735921914,""opportunity_xfp_realized_prior4"":0.20497391381833593,""receiving_competitor_count"":0.19777569540359735,""prev__receiving_tds"":0.18997875978193363}",94,12.0,13.0,True,-1.0,157.8025404315582,-18.606343446958704,72.89358974358976,91.49993319054846,139.1961969845995,-20.6038030154005,-12.89349375181508,15.0,-3.0,True,114.7846200970816,125.88491032553732,138.7093098580224,152.05215006361487,164.4002665608094,"FIE diagnostic is lower; main model signals: prior-season fantasy production, recent role-change signal, prior reception volume.",Validated preseason model
8131,00-0037838,Isaiah Likely,canonical_id,TE,NYG,BAL,True,97.2,adp_dynasty_ppr,157.3,SLEEPER_RAW_LEAGUE_REPLAY,0.375,fum_lost|rec_2pt|rush_2pt|rush_td|rush_yd,pts_ppr,157.3,9.25294117647059,132.78683601297325,143.9394169290489,156.9831462100991,170.36884385008068,182.11857113282937,55,MARKET_FALLBACK,1.0,,{},,,{},validated_candidate,UNAVAILABLE_TEAM_CHANGE,False,,,,,,0.0,,,,,,0.0,1.0,,"{""target_share_prior4"":0.4888105807044203,""opportunity_change_score_prior1"":0.21220806553245716,""prev__receiving_yards"":0.19114160161955923,""opportunity_xfp_realized_prior4"":0.12792282402556557,""pfr_receiving_drop_pct_prior4"":0.0930039249580609,""prev__receptions"":0.05144060562705235,""offense_snap_share_prior4"":0.046499269011101595,""prev__receiving_tds"":-0.04489776283479164}",40,13.0,15.0,False,,,-18.606343446958704,72.89358974358976,91.49993319054846,157.3,0.0,0.0,9.0,4.0,False,132.78683601297325,143.9394169290489,156.9831462100991,170.36884385008068,182.11857113282937,No diagnostic deviation: team transfer makes prior-team role profile non-portable.,Validated preseason model
4217,00-0033288,George Kittle,canonical_id,TE,SF,SF,False,103.9,adp_dynasty_ppr,169.3,SLEEPER_RAW_LEAGUE_REPLAY,0.375,fum_lost|rec_2pt|rush_2pt|rush_td|rush_yd,pts_ppr,212.5704542006957,12.504144364746807,187.169269578039,199.1979116959886,212.320729473008,225.7584019152913,237.7407638624272,92,FIE_M9_VALIDATED_PRESEASON,1.0,,"{""targets"":6.5120343076207865,""receptions"":5.019797407470392,""receiving_yards"":51.4164532223999,""receiving_tds"":0.3850120516626527,""fumbles_lost"":0.0309514131951028,""rushing_yards"":0.0,""rushing_tds"":0.007006705052445491,""rushing_2pt_conversions"":0.0002023670833589498,""receiving_2pt_conversions"":0.026043593484662547}",,,"{""target_share_prior4"":2.2605448348488966,""prev_fantasy_ppg"":1.646043790821357,""prev__receiving_yards"":1.5907467424099915,""prev__receptions"":0.757888247378824,""opportunity_xfp_realized_prior4"":0.608792390032437,""receiving_competitor_count"":0.3626395647616038,""offense_snap_share_prior4"":0.34973442166061647,""prev__receiving_tds"":0.29052429075249964}",validated_candidate,VALIDATED_POSITION_SHADOW,True,212.5704542006957,12.504144364746807,212.5704542006957,fum_lost|rec|rec_2pt|rec_td|rec_yd|rush_2pt|rush_td|rush_yd,,1.0,212.5704542006957,,24.66411075373702,fum_lost|rec|rec_2pt|rec_td|rec_yd|rush_2pt|rush_td|rush_yd,,1.0,1.0,,"{""target_share_prior4"":2.2605448348488966,""prev_fantasy_ppg"":1.646043790821357,""prev__receiving_yards"":1.5907467424099915,""prev__receptions"":0.757888247378824,""opportunity_xfp_realized_prior4"":0.608792390032437,""receiving_competitor_count"":0.3626395647616038,""offense_snap_share_prior4"":0.34973442166061647,""prev__receiving_tds"":0.29052429075249964}",92,14.0,2.0,True,12.0,212.5704542006957,-18.606343446958704,72.89358974358976,91.49993319054846,193.96411075373703,24.66411075373702,14.568287509590675,2.0,12.0,True,168.5629261310803,180.5915682490299,193.71438602604928,207.1520584683326,219.1344204154685,"FIE diagnostic is higher; main model signals: recent target share, prior-season fantasy production, prior receiving-yard production.",Validated preseason model
9480,00-0038935,Brenton Strange,canonical_id,TE,JAX,JAX,False,116.5,adp_dynasty_ppr,161.0,SLEEPER_RAW_LEAGUE_REPLAY,0.375,fum_lost|rec_2pt|rush_2pt|rush_td|rush_yd,pts_ppr,141.28198021312443,8.310704718419084,116.790349798901,128.2146845389373,140.7535003976074,153.68029266937316,166.08710621447696,93,FIE_M9_VALIDATED_PRESEASON,1.0,,"{""targets"":4.4487714895265285,""receptions"":3.2773614350074083,""receiving_yards"":35.96587959289279,""receiving_tds"":0.23203761626238928,""fumbles_lost"":0.01952621500693371,""rushing_yards"":0.19560777732325416,""rushing_tds"":0.006408906117488871,""rushing_2pt_conversions"":0.00013988082837110275,""receiving_2pt_conversions"":0.012644040233963419}",,,"{""prev__receiving_yards"":1.0536537381537927,""target_share_prior4"":0.8671398669493836,""prev_fantasy_ppg"":0.8051020637730695,""prev__receptions"":0.4329588410950634,""offense_snap_share_prior4"":0.29919522955236405,""opportunity_xfp_realized_prior4"":0.27774170142456667,""pfr_receiving_drop_pct_prior4"":-0.2347116155111297,""opportunity_change_score_prior1"":-0.1094669172931056}",validated_candidate,VALIDATED_POSITION_SHADOW,True,141.28198021312443,8.310704718419084,141.28198021312443,fum_lost|rec|rec_2pt|rec_td|rec_yd|rush_2pt|rush_td|rush_yd,,1.0,141.28198021312443,,-38.32436323383428,fum_lost|rec|rec_2pt|rec_td|rec_yd|rush_2pt|rush_td|rush_yd,,1.0,1.0,,"{""prev__receiving_yards"":1.0536537381537927,""target_share_prior4"":0.8671398669493836,""prev_fantasy_ppg"":0.8051020637730695,""prev__receptions"":0.4329588410950634,""offense_snap_share_prior4"":0.29919522955236405,""opportunity_xfp_realized_prior4"":0.27774170142456667,""pfr_receiving_drop_pct_prior4"":-0.2347116155111297,""opportunity_change_score_prior1"":-0.1094669172931056}",93,15.0,21.0,True,-6.0,141.28198021312443,-18.606343446958704,72.89358974358976,91.49993319054846,122.67563676616572,-38.32436323383428,-23.80395231915173,21.0,-6.0,True,98.1840063519423,109.6083410919786,122.14715695064872,135.07394922241446,147.48076276751826,"FIE diagnostic is lower; main model signals: prior receiving-yard production, recent target share, prior-season fantasy production.",Validated preseason model
13349,00-0041483,Eli Stowers,unmatched,TE,PHI,,False,125.4,adp_dynasty_ppr,81.4,SLEEPER_RAW_LEAGUE_REPLAY,0.5,fum_lost|rec_2pt|rush_2pt|rush_td,pts_ppr,81.4,4.788235294117648,59.52877781569113,69.28634322277604,80.76047451589288,92.88020175869968,104.35831633353412,62,MARKET_FALLBACK,0.0,no_model_or_profile,{},,,{},validated_candidate,UNAVAILABLE_PROFILE,False,,,,,,0.0,,,,,,0.0,0.0,no_model_or_profile,{},20,16.0,42.0,False,,,-18.606343446958704,72.89358974358976,91.49993319054846,81.4,0.0,0.0,37.0,-21.0,False,59.52877781569113,69.28634322277604,80.76047451589288,92.88020175869968,104.35831633353412,No diagnostic deviation: no usable prior-season FIE profile.,Validated preseason model
1466,00-0030506,Travis Kelce,canonical_id,TE,KC,KC,False,129.3,adp_dynasty_ppr,171.4,SLEEPER_RAW_LEAGUE_REPLAY,0.375,fum_lost|rec_2pt|rush_2pt|rush_td|rush_yd,pts_ppr,170.97442032209497,10.057318842476176,146.15487962862804,157.79975418523193,170.5144405912724,183.990785882004,195.7745297505621,94,FIE_M9_VALIDATED_PRESEASON,1.0,,"{""targets"":5.615030797372896,""receptions"":4.0266811711635295,""receiving_yards"":43.16636306290589,""receiving_tds"":0.28573027846003685,""fumbles_lost"":0.03887756215597673,""rushing_yards"":0.3836429745932092,""rushing_tds"":0.0,""rushing_2pt_conversions"":0.0,""receiving_2pt_conversions"":0.019505260557233}",,,"{""target_share_prior4"":1.73195182798489,""prev__receiving_yards"":1.278372881022596,""prev_fantasy_ppg"":1.0707097982242397,""prev__receptions"":0.5865110720883806,""offense_snap_share_prior4"":0.42687318856268613,""opportunity_xfp_realized_prior4"":0.38950583133761735,""opportunity_change_score_prior1"":-0.38389965233203754,""receiving_competitor_count"":0.3626395647616038}",validated_candidate,VALIDATED_POSITION_SHADOW,True,170.97442032209497,10.057318842476176,170.97442032209497,fum_lost|rec|rec_2pt|rec_td|rec_yd|rush_2pt|rush_td|rush_yd,,1.0,170.97442032209497,,-19.031923124863734,fum_lost|rec|rec_2pt|rec_td|rec_yd|rush_2pt|rush_td|rush_yd,,1.0,1.0,,"{""target_share_prior4"":1.73195182798489,""prev__receiving_yards"":1.278372881022596,""prev_fantasy_ppg"":1.0707097982242397,""prev__receptions"":0.5865110720883806,""offense_snap_share_prior4"":0.42687318856268613,""opportunity_xfp_realized_prior4"":0.38950583133761735,""opportunity_change_score_prior1"":-0.38389965233203754,""receiving_competitor_count"":0.3626395647616038}",94,17.0,10.0,True,7.0,170.97442032209497,-18.606343446958704,72.89358974358976,91.49993319054846,152.36807687513627,-19.031923124863734,-11.103805790468924,11.0,6.0,True,127.54853618166932,139.19341073827323,151.9080971443137,165.38444243504532,177.1681863036034,"FIE diagnostic is lower; main model signals: recent target share, prior receiving-yard production, prior-season fantasy production.",Validated preseason model
11603,00-0039793,AJ Barner,canonical_id,TE,SEA,SEA,False,138.7,adp_dynasty_ppr,142.4,SLEEPER_RAW_LEAGUE_REPLAY,0.625,fum_lost|rec_2pt|rush_2pt,pts_ppr,128.42715087659107,7.554538286858299,104.3340996320463,115.4594863965771,128.01760182837796,140.9618107672501,152.81468015141985,94,FIE_M9_VALIDATED_PRESEASON,1.0,,"{""targets"":4.0170551783313755,""receptions"":2.964793586292974,""receiving_yards"":29.181847301827936,""receiving_tds"":0.24162251364910337,""fumbles_lost"":0.019408406818286244,""rushing_yards"":0.3969110699198781,""rushing_tds"":0.03226050160813155,""rushing_2pt_conversions"":0.0003237898081579597,""receiving_2pt_conversions"":0.013370002933695418}",,,"{""target_share_prior4"":0.7644654991760383,""prev_fantasy_ppg"":0.6024103739742249,""prev__receiving_yards"":0.4108524690174493,""offense_snap_share_prior4"":0.3151549744286545,""opportunity_change_score_prior1"":-0.296671210576834,""prev__receptions"":0.246333821887801,""opportunity_xfp_realized_prior4"":0.22653420999690851,""receiving_competitor_count"":0.19777569540359735}",validated_candidate,VALIDATED_POSITION_SHADOW,True,128.42715087659107,7.554538286858299,128.42715087659107,fum_lost|rec|rec_2pt|rec_td|rec_yd|rush_2pt|rush_td|rush_yd,,1.0,128.42715087659107,,-32.57919257036764,fum_lost|rec|rec_2pt|rec_td|rec_yd|rush_2pt|rush_td|rush_yd,,1.0,1.0,,"{""target_share_prior4"":0.7644654991760383,""prev_fantasy_ppg"":0.6024103739742249,""prev__receiving_yards"":0.4108524690174493,""offense_snap_share_prior4"":0.3151549744286545,""opportunity_change_score_prior1"":-0.296671210576834,""prev__receptions"":0.246333821887801,""opportunity_xfp_realized_prior4"":0.22653420999690851,""receiving_competitor_count"":0.19777569540359735}",94,18.0,26.0,True,-8.0,128.42715087659107,-18.606343446958704,72.89358974358976,91.49993319054846,109.82080742963235,-32.57919257036764,-22.8786464679548,27.0,-9.0,True,85.7277561850876,96.8531429496184,109.41125838141926,122.3554673202914,134.20833670446115,"FIE diagnostic is lower; main model signals: recent target share, prior-season fantasy production, prior receiving-yard production.",Validated preseason model
5012,00-0034753,Mark Andrews,canonical_id,TE,BAL,BAL,False,142.4,adp_dynasty_ppr,162.5,SLEEPER_RAW_LEAGUE_REPLAY,0.5,fum_lost|rec_2pt|rush_2pt|rush_td,pts_ppr,124.6117314654331,7.330101850907829,100.84109637548188,112.0578026644025,124.14981928817828,136.97517606695448,148.30694436286592,94,FIE_M9_VALIDATED_PRESEASON,1.0,,"{""targets"":4.0585713160110926,""receptions"":2.921802871022491,""receiving_yards"":27.938749777998567,""receiving_tds"":0.20704988658767562,""fumbles_lost"":0.027147210964537784,""rushing_yards"":2.1909672469852013,""rushing_tds"":0.02862475553641777,""rushing_2pt_conversions"":0.0,""receiving_2pt_conversions"":0.017786923285738672}",,,"{""target_share_prior4"":1.3086579662106712,""prev_fantasy_ppg"":0.43610796405537394,""prev__rushing_yards"":0.2021519551656577,""prev__receptions"":0.1896376135210378,""prev__rushing_tds"":0.17273256806890647,""prev__receiving_yards"":0.1573901799677528,""opportunity_xfp_realized_prior4"":0.11676993285027236,""opportunity_change_score_prior1"":-0.10178038566155313}",validated_candidate,VALIDATED_POSITION_SHADOW,True,124.6117314654331,7.330101850907829,124.6117314654331,fum_lost|rec|rec_2pt|rec_td|rec_yd|rush_2pt|rush_td|rush_yd,,1.0,124.6117314654331,,-56.49461198152561,fum_lost|rec|rec_2pt|rec_td|rec_yd|rush_2pt|rush_td|rush_yd,,1.0,1.0,,"{""target_share_prior4"":1.3086579662106712,""prev_fantasy_ppg"":0.43610796405537394,""prev__rushing_yards"":0.2021519551656577,""prev__receptions"":0.1896376135210378,""prev__rushing_tds"":0.17273256806890647,""prev__receiving_yards"":0.1573901799677528,""opportunity_xfp_realized_prior4"":0.11676993285027236,""opportunity_change_score_prior1"":-0.10178038566155313}",94,19.0,28.0,True,-9.0,124.6117314654331,-18.606343446958704,72.89358974358976,91.49993319054846,106.0053880184744,-56.49461198152561,-34.76591506555422,29.0,-10.0,True,82.23475292852318,93.4514592174438,105.54347584121956,118.36883261999576,129.70060091590722,"FIE diagnostic is lower; main model signals: recent target share, prior-season fantasy production, prior rushing-yard production.",Validated preseason model
5022,00-0034351,Dallas Goedert,canonical_id,TE,PHI,PHI,False,147.2,adp_dynasty_ppr,136.0,SLEEPER_RAW_LEAGUE_REPLAY,0.375,fum_lost|rec_2pt|rush_2pt|rush_td|rush_yd,pts_ppr,164.92499471688475,9.701470277463809,140.54021521006106,151.85079919231003,164.71018443608935,177.60388232131538,189.48198600914972,93,FIE_M9_VALIDATED_PRESEASON,1.0,,"{""targets"":5.320687975165112,""receptions"":3.8598692955737555,""receiving_yards"":37.87144769902239,""receiving_tds"":0.3458042339496221,""fumbles_lost"":0.02617471919987846,""rushing_yards"":0.0,""rushing_tds"":0.0,""rushing_2pt_conversions"":0.00026382460872668913,""receiving_2pt_conversions"":0.015726298736192974}",,,"{""target_share_prior4"":1.7070670633932723,""prev_fantasy_ppg"":1.2398689366570343,""opportunity_change_score_prior1"":-0.8567937499109584,""prev__receiving_yards"":0.804894873024606,""prev__receptions"":0.473118655354854,""opportunity_xfp_realized_prior4"":0.4287125528733334,""offense_snap_share_prior4"":0.36835412401628853,""prev__receiving_tds"":0.34933802069657255}",validated_candidate,VALIDATED_POSITION_SHADOW,True,164.92499471688475,9.701470277463809,164.92499471688475,fum_lost|rec|rec_2pt|rec_td|rec_yd|rush_2pt|rush_td|rush_yd,,1.0,164.92499471688475,,10.31865126992605,fum_lost|rec|rec_2pt|rec_td|rec_yd|rush_2pt|rush_td|rush_yd,,1.0,1.0,,"{""target_share_prior4"":1.7070670633932723,""prev_fantasy_ppg"":1.2398689366570343,""opportunity_change_score_prior1"":-0.8567937499109584,""prev__receiving_yards"":0.804894873024606,""prev__receptions"":0.473118655354854,""opportunity_xfp_realized_prior4"":0.4287125528733334,""offense_snap_share_prior4"":0.36835412401628853,""prev__receiving_tds"":0.34933802069657255}",93,20.0,12.0,True,8.0,164.92499471688475,-18.606343446958704,72.89358974358976,91.49993319054846,146.31865126992605,10.31865126992605,7.587243580827978,13.0,7.0,True,121.93387176310236,133.24445574535133,146.10384098913065,158.99753887435668,170.87564256219105,"FIE diagnostic is higher; main model signals: recent target share, prior-season fantasy production, recent role-change signal.",Validated preseason model
5844,00-0035229,T.J. Hockenson,canonical_id,TE,MIN,MIN,False,161.4,adp_dynasty_ppr,155.0,SLEEPER_RAW_LEAGUE_REPLAY,0.375,fum_lost|rec_2pt|rush_2pt|rush_td|rush_yd,pts_ppr,128.08120974225108,7.53418880836771,104.28610202281814,114.62088113912952,127.36792240205725,140.8076870697557,152.96464560340405,93,FIE_M9_VALIDATED_PRESEASON,1.0,,"{""targets"":4.307876251152275,""receptions"":3.167462392321151,""receiving_yards"":30.77651372979616,""receiving_tds"":0.21600848095677172,""fumbles_lost"":0.018811146768857177,""rushing_yards"":0.0,""rushing_tds"":0.0,""rushing_2pt_conversions"":5.936934673605589e-05,""receiving_2pt_conversions"":0.015263856085277205}",,,"{""target_share_prior4"":1.3312186753244095,""prev_fantasy_ppg"":0.403867742255155,""prev__receiving_yards"":0.3517983686821591,""prev__receptions"":0.32854332401960773,""opportunity_change_score_prior1"":-0.2560362151421739,""offense_snap_share_prior4"":0.20875667525338604,""opportunity_xfp_realized_prior4"":0.19847464204055815,""pfr_receiving_drop_pct_prior4"":0.0930039249580609}",validated_candidate,VALIDATED_POSITION_SHADOW,True,128.08120974225108,7.53418880836771,128.08120974225108,fum_lost|rec|rec_2pt|rec_td|rec_yd|rush_2pt|rush_td|rush_yd,,1.0,128.08120974225108,,-45.52513370470763,fum_lost|rec|rec_2pt|rec_td|rec_yd|rush_2pt|rush_td|rush_yd,,1.0,1.0,,"{""target_share_prior4"":1.3312186753244095,""prev_fantasy_ppg"":0.403867742255155,""prev__receiving_yards"":0.3517983686821591,""prev__receptions"":0.32854332401960773,""opportunity_change_score_prior1"":-0.2560362151421739,""offense_snap_share_prior4"":0.20875667525338604,""opportunity_xfp_realized_prior4"":0.19847464204055815,""pfr_receiving_drop_pct_prior4"":0.0930039249580609}",93,21.0,27.0,True,-6.0,128.08120974225108,-18.606343446958704,72.89358974358976,91.49993319054846,109.47486629529236,-45.52513370470763,-29.371054003037177,28.0,-7.0,True,85.67975857585944,96.0145376921708,108.76157895509854,122.201343622797,134.35830215644535,"FIE diagnostic is lower; main model signals: recent target share, prior-season fantasy production, prior receiving-yard production.",Validated preseason model
7002,00-0036040,Juwan Johnson,canonical_id,TE,NO,NO,False,165.3,adp_dynasty_ppr,140.9,SLEEPER_RAW_LEAGUE_REPLAY,0.375,fum_lost|rec_2pt|rush_2pt|rush_td|rush_yd,pts_ppr,165.17268735680497,9.716040432753234,140.44193711028157,151.75250970943176,164.86294597817846,178.3409752346549,190.28582744880748,94,FIE_M9_VALIDATED_PRESEASON,1.0,,"{""targets"":5.319255849501202,""receptions"":3.82382463911464,""receiving_yards"":42.25405143238285,""receiving_tds"":0.2720263641026329,""fumbles_lost"":0.028917192493146577,""rushing_yards"":0.0,""rushing_tds"":0.0077344648685337,""rushing_2pt_conversions"":0.0003335207690254357,""receiving_2pt_conversions"":0.022706510010775807}",,,"{""prev__receiving_yards"":1.3776673860111368,""target_share_prior4"":0.9809803045154377,""prev_fantasy_ppg"":0.9350151938119258,""prev__receptions"":0.6006851241800714,""receiving_competitor_count"":0.5275034341196102,""opportunity_xfp_realized_prior4"":0.29841712641464707,""receiving_competition_index_prior4"":-0.2447552055930779,""opportunity_change_score_prior1"":0.22275478628083595}",validated_candidate,VALIDATED_POSITION_SHADOW,True,165.17268735680497,9.716040432753234,165.17268735680497,fum_lost|rec|rec_2pt|rec_td|rec_yd|rush_2pt|rush_td|rush_yd,,1.0,165.17268735680497,,5.666343909846262,fum_lost|rec|rec_2pt|rec_td|rec_yd|rush_2pt|rush_td|rush_yd,,1.0,1.0,,"{""prev__receiving_yards"":1.3776673860111368,""target_share_prior4"":0.9809803045154377,""prev_fantasy_ppg"":0.9350151938119258,""prev__receptions"":0.6006851241800714,""receiving_competitor_count"":0.5275034341196102,""opportunity_xfp_realized_prior4"":0.29841712641464707,""receiving_competition_index_prior4"":-0.2447552055930779,""opportunity_change_score_prior1"":0.22275478628083595}",94,22.0,11.0,True,11.0,165.17268735680497,-18.606343446958704,72.89358974358976,91.49993319054846,146.56634390984627,5.666343909846262,4.021535777037801,12.0,10.0,True,121.83559366332288,133.14616626247306,146.25660253121976,159.7346317876962,171.67948400184878,"FIE diagnostic is higher; main model signals: prior receiving-yard production, recent target share, prior-season fantasy production.",Validated preseason model
8210,00-0037809,Chig Okonkwo,canonical_id,TE,WAS,TEN,True,169.6,adp_dynasty_ppr,144.1,SLEEPER_RAW_LEAGUE_REPLAY,0.375,fum_lost|rec_2pt|rush_2pt|rush_td|rush_yd,pts_ppr,144.1,8.476470588235294,120.13905830424892,131.25944267583048,143.67601251404542,156.46044941942853,168.6224411120609,55,MARKET_FALLBACK,1.0,,{},,,{},validated_candidate,UNAVAILABLE_TEAM_CHANGE,False,,,,,,0.0,,,,,,0.0,1.0,,"{""target_share_prior4"":1.295277987821257,""opportunity_change_score_prior1"":-1.159564964539842,""prev__receiving_yards"":0.5179860138735063,""prev_fantasy_ppg"":0.36468975120678787,""opportunity_xfp_realized_prior4"":0.36319445109048704,""prev__receptions"":0.3030300302545643,""receiving_competitor_count"":0.19777569540359735,""receiving_competition_index_prior4"":-0.059391468593889364}",40,23.0,20.0,False,,,-18.606343446958704,72.89358974358976,91.49993319054846,144.1,0.0,0.0,14.0,9.0,False,120.13905830424892,131.25944267583048,143.67601251404542,156.46044941942853,168.6224411120609,No diagnostic deviation: team transfer makes prior-team role profile non-portable.,Validated preseason model
3214,00-0033090,Hunter Henry,canonical_id,TE,NE,NE,False,173.3,adp_dynasty_ppr,153.5,SLEEPER_RAW_LEAGUE_REPLAY,0.375,fum_lost|rec_2pt|rush_2pt|rush_td|rush_yd,pts_ppr,157.49584277709738,9.264461339829255,132.81080318864676,144.27827512924028,157.27090405448385,170.52949313256195,182.6055626726045,94,FIE_M9_VALIDATED_PRESEASON,1.0,,"{""targets"":4.952760343387366,""receptions"":3.5139005495884574,""receiving_yards"":38.84943603879493,""receiving_tds"":0.2985152355527723,""fumbles_lost"":0.015434380900577704,""rushing_yards"":0.09186657032665965,""rushing_tds"":0.009705061034296353,""rushing_2pt_conversions"":0.0002614840658713745,""receiving_2pt_conversions"":0.018727271737820697}",,,"{""prev__receiving_yards"":1.0614927780213093,""prev_fantasy_ppg"":0.9237923317928626,""target_share_prior4"":0.8187615037631045,""opportunity_change_score_prior1"":0.4415992418097016,""prev__receptions"":0.3597262386213275,""offense_snap_share_prior4"":0.27525561223792866,""opportunity_xfp_realized_prior4"":0.26580472110846254,""receiving_competitor_count"":0.19777569540359735}",validated_candidate,VALIDATED_POSITION_SHADOW,True,157.49584277709738,9.264461339829255,157.49584277709738,fum_lost|rec|rec_2pt|rec_td|rec_yd|rush_2pt|rush_td|rush_yd,,1.0,157.49584277709738,,-14.610500669861324,fum_lost|rec|rec_2pt|rec_td|rec_yd|rush_2pt|rush_td|rush_yd,,1.0,1.0,,"{""prev__receiving_yards"":1.0614927780213093,""prev_fantasy_ppg"":0.9237923317928626,""target_share_prior4"":0.8187615037631045,""opportunity_change_score_prior1"":0.4415992418097016,""prev__receptions"":0.3597262386213275,""offense_snap_share_prior4"":0.27525561223792866,""opportunity_xfp_realized_prior4"":0.26580472110846254,""receiving_competitor_count"":0.19777569540359735}",94,24.0,14.0,True,10.0,157.49584277709738,-18.606343446958704,72.89358974358976,91.49993319054846,138.88949933013868,-14.610500669861324,-9.51824147873702,16.0,8.0,True,114.20445974168804,125.67193168228158,138.66456060752515,151.92314968560325,163.99921922564582,"FIE diagnostic is lower; main model signals: prior receiving-yard production, prior-season fantasy production, recent target share.",Validated preseason model
