position,test_season,canonical_player_id,full_name,actual_games,predicted_games,actual_ppg,v972_pred_ppg,m9_pred_ppg,actual_season_points,v972_pred_season_points,m9_pred_season_points,actual_full_schedule_points,v972_full_schedule_points,m9_full_schedule_points,metric
QB,2022,00-0019596,Tom Brady,17.0,14.58919095281323,15.691764705882353,17.269529217983052,16.885513139131156,266.76,251.94845942634208,246.34597552302117,266.76,293.5819967057119,287.05372336522964,PPG
QB,2022,00-0019596,Tom Brady,17.0,14.58919095281323,15.691764705882353,17.269529217983052,16.885513139131156,266.76,251.94845942634208,246.34597552302117,266.76,293.5819967057119,287.05372336522964,SEASON
QB,2022,00-0023459,Aaron Rodgers,17.0,13.863267680994937,13.717647058823529,16.87148788655584,15.848796505270382,233.2,233.89395274798716,219.7161083741804,233.2,286.8152940714493,269.4295405895965,PPG
QB,2022,00-0023459,Aaron Rodgers,17.0,13.863267680994937,13.717647058823529,16.87148788655584,15.848796505270382,233.2,233.89395274798716,219.7161083741804,233.2,286.8152940714493,269.4295405895965,SEASON
QB,2022,00-0026143,Matt Ryan,12.0,14.58919095281323,11.773333333333333,14.436484019218703,13.338893774872735,141.28,210.61662204361826,194.60366838091002,200.14666666666668,245.42022832671796,226.7611941728365,PPG
QB,2022,00-0026143,Matt Ryan,12.0,14.58919095281323,11.773333333333333,14.436484019218703,13.338893774872735,141.28,210.61662204361826,194.60366838091002,200.14666666666668,245.42022832671796,226.7611941728365,SEASON
QB,2022,00-0026197,Chad Henne,3.0,5.152188419175446,0.0,4.435480081594358,3.7869649427108945,0.0,22.852429109873814,19.511156921658475,0.0,75.40316138710409,64.3784040260852,PPG
QB,2022,00-0026197,Chad Henne,3.0,5.152188419175446,0.0,4.435480081594358,3.7869649427108945,0.0,22.852429109873814,19.511156921658475,0.0,75.40316138710409,64.3784040260852,SEASON
QB,2022,00-0026300,Josh Johnson,1.0,5.152188419175446,0.7000000000000001,7.784759158822861,5.894227596876913,0.7000000000000001,40.10854598415713,30.368171164613553,11.9,132.34090569998864,100.20186914690753,PPG
QB,2022,00-0026300,Josh Johnson,1.0,5.152188419175446,0.7000000000000001,7.784759158822861,5.894227596876913,0.7000000000000001,40.10854598415713,30.368171164613553,11.9,132.34090569998864,100.20186914690753,SEASON
QB,2022,00-0026498,Matthew Stafford,9.0,14.58919095281323,11.486666666666666,15.766887391138209,15.286583662600147,103.38,230.02613088081853,223.0188880698286,195.27333333333334,268.03708564934954,259.8719222642025,PPG
QB,2022,00-0026498,Matthew Stafford,9.0,14.58919095281323,11.486666666666666,15.766887391138209,15.286583662600147,103.38,230.02613088081853,223.0188880698286,195.27333333333334,268.03708564934954,259.8719222642025,SEASON
QB,2022,00-0026625,Brian Hoyer,1.0,5.878111690993737,1.48,9.632187402266403,3.8574874278268747,1.48,56.61907337910474,22.674741947370514,25.16,163.74718583852885,65.57728627305687,PPG
QB,2022,00-0026625,Brian Hoyer,1.0,5.878111690993737,1.48,9.632187402266403,3.8574874278268747,1.48,56.61907337910474,22.674741947370514,25.16,163.74718583852885,65.57728627305687,SEASON
QB,2022,00-0027688,Colt McCoy,4.0,7.329958234630319,7.699999999999999,7.981214122301381,9.74683835902598,30.799999999999997,58.501966178110806,71.44391809135315,130.89999999999998,135.68064007912346,165.69625210344168,PPG
QB,2022,00-0027688,Colt McCoy,4.0,7.329958234630319,7.699999999999999,7.981214122301381,9.74683835902598,30.799999999999997,58.501966178110806,71.44391809135315,130.89999999999998,135.68064007912346,165.69625210344168,SEASON
QB,2022,00-0027948,Blaine Gabbert,1.0,6.604034962812028,5.16,2.596098754294451,2.5127035345402926,5.16,17.144726940273305,16.593981993285453,87.72,44.13367882300567,42.715960087184975,PPG
QB,2022,00-0027948,Blaine Gabbert,1.0,6.604034962812028,5.16,2.596098754294451,2.5127035345402926,5.16,17.144726940273305,16.593981993285453,87.72,44.13367882300567,42.715960087184975,SEASON
QB,2022,00-0027973,Andy Dalton,14.0,8.05588150644861,12.231428571428573,8.960611732746885,8.948550063643252,171.24,72.18562634430208,72.08845896723321,207.93428571428575,152.33039945669705,152.12535108193526,PPG
QB,2022,00-0027973,Andy Dalton,14.0,8.05588150644861,12.231428571428573,8.960611732746885,8.948550063643252,171.24,72.18562634430208,72.08845896723321,207.93428571428575,152.33039945669705,152.12535108193526,SEASON
QB,2022,00-0028118,Tyrod Taylor,2.0,6.604034962812028,4.66,10.996223555691138,12.575592535956508,9.32,72.61944482068147,83.04965278553475,79.22,186.93580044674934,213.78507311126063,PPG
QB,2022,00-0028118,Tyrod Taylor,2.0,6.604034962812028,4.66,10.996223555691138,12.575592535956508,9.32,72.61944482068147,83.04965278553475,79.22,186.93580044674934,213.78507311126063,SEASON
QB,2022,00-0028986,Case Keenum,2.0,5.878111690993737,0.16,6.815869942687368,6.2559871406992515,0.32,40.064444794403435,36.773391150450756,2.72,115.86978902568526,106.35178139188727,PPG
QB,2022,00-0028986,Case Keenum,2.0,5.878111690993737,0.16,6.815869942687368,6.2559871406992515,0.32,40.064444794403435,36.773391150450756,2.72,115.86978902568526,106.35178139188727,SEASON
QB,2022,00-0029263,Russell Wilson,15.0,12.411421137358357,14.577333333333334,13.446113746389534,11.75718598743993,218.66,166.88538036726382,145.92338668036544,247.81466666666668,228.58393368862207,199.8721617864788,PPG
QB,2022,00-0029263,Russell Wilson,15.0,12.411421137358357,14.577333333333334,13.446113746389534,11.75718598743993,218.66,166.88538036726382,145.92338668036544,247.81466666666668,228.58393368862207,199.8721617864788,SEASON
QB,2022,00-0029604,Kirk Cousins,17.0,13.863267680994937,16.740000000000002,16.775148069101913,15.206693754416309,284.58000000000004,232.55836807028518,210.81446606038716,284.58000000000004,285.17751717473254,258.51379382507724,PPG
QB,2022,00-0029604,Kirk Cousins,17.0,13.863267680994937,16.740000000000002,16.775148069101913,15.206693754416309,284.58000000000004,232.55836807028518,210.81446606038716,284.58000000000004,285.17751717473254,258.51379382507724,SEASON
QB,2022,00-0029701,Ryan Tannehill,12.0,14.58919095281323,13.186666666666666,13.751612082585877,9.709114385182303,158.23999999999998,200.62489458185897,141.64812374813044,224.17333333333332,233.7774054039599,165.05494454809917,PPG
QB,2022,00-0029701,Ryan Tannehill,12.0,14.58919095281323,13.186666666666666,13.751612082585877,9.709114385182303,158.23999999999998,200.62489458185897,141.64812374813044,224.17333333333332,233.7774054039599,165.05494454809917,SEASON
QB,2022,00-0030565,Geno Smith,17.0,5.152188419175446,17.404705882352946,8.681541235135827,11.495106610325394,295.8800000000001,44.728936212260905,59.22495515490561,295.8800000000001,147.58620099730905,195.4168123755317,PPG
QB,2022,00-0030565,Geno Smith,17.0,5.152188419175446,17.404705882352946,8.681541235135827,11.495106610325394,295.8800000000001,44.728936212260905,59.22495515490561,295.8800000000001,147.58620099730905,195.4168123755317,SEASON
QB,2022,00-0031237,Teddy Bridgewater,5.0,12.411421137358357,7.604,12.896919600788971,12.225982119897495,38.02,160.06910054004354,151.7418129078611,129.268,219.2476332134125,207.8416960382574,PPG
QB,2022,00-0031237,Teddy Bridgewater,5.0,12.411421137358357,7.604,12.896919600788971,12.225982119897495,38.02,160.06910054004354,151.7418129078611,129.268,219.2476332134125,207.8416960382574,SEASON
QB,2022,00-0031280,Derek Carr,15.0,14.58919095281323,14.338666666666667,15.534320888164356,13.284919475563596,215.08,226.633173759705,193.81622702174468,243.75733333333332,264.08345509879405,225.84363108458112,PPG
QB,2022,00-0031280,Derek Carr,15.0,14.58919095281323,14.338666666666667,15.534320888164356,13.284919475563596,215.08,226.633173759705,193.81622702174468,243.75733333333332,264.08345509879405,225.84363108458112,SEASON
QB,2022,00-0031345,Jimmy Garoppolo,11.0,13.137344409176647,14.798181818181819,13.545602686471145,13.014505655612744,162.78,177.95324772203986,170.97604311296195,251.56909090909093,230.27524567000947,221.24659614541665,PPG
QB,2022,00-0031345,Jimmy Garoppolo,11.0,13.137344409176647,14.798181818181819,13.545602686471145,13.014505655612744,162.78,177.95324772203986,170.97604311296195,251.56909090909093,230.27524567000947,221.24659614541665,SEASON
QB,2022,00-0031503,Jameis Winston,3.0,7.329958234630319,13.639999999999999,14.186152074598922,17.162005373258875,40.919999999999995,103.98390221692436,125.79678260848867,231.87999999999997,241.16458526818167,291.75409134540087,PPG
QB,2022,00-0031503,Jameis Winston,3.0,7.329958234630319,13.639999999999999,14.186152074598922,17.162005373258875,40.919999999999995,103.98390221692436,125.79678260848867,231.87999999999997,241.16458526818167,291.75409134540087,SEASON
QB,2022,00-0031800,Taylor Heinicke,9.0,13.863267680994937,12.106666666666664,14.507213994400539,12.783333738092368,108.95999999999998,201.11739090985046,177.21877746666814,205.81333333333328,246.62263790480915,217.31667354757028,PPG
QB,2022,00-0031800,Taylor Heinicke,9.0,13.863267680994937,12.106666666666664,14.507213994400539,12.783333738092368,108.95999999999998,201.11739090985046,177.21877746666814,205.81333333333328,246.62263790480915,217.31667354757028,SEASON
QB,2022,00-0032156,Trevor Siemian,2.0,6.604034962812028,5.08,12.209042885156695,12.591200428017443,10.16,80.62894607604625,83.15272785040096,86.36,207.5537290476638,214.0504072762965,PPG
QB,2022,00-0032156,Trevor Siemian,2.0,6.604034962812028,5.08,12.209042885156695,12.591200428017443,10.16,80.62894607604625,83.15272785040096,86.36,207.5537290476638,214.0504072762965,SEASON
QB,2022,00-0032268,Marcus Mariota,13.0,7.329958234630319,14.581538461538461,3.3592218059610532,3.4342593998822952,189.56,24.622955538553953,25.172977968023808,247.88615384615383,57.10677070133791,58.38240979799902,PPG
QB,2022,00-0032268,Marcus Mariota,13.0,7.329958234630319,14.581538461538461,3.3592218059610532,3.4342593998822952,189.56,24.622955538553953,25.172977968023808,247.88615384615383,57.10677070133791,58.38240979799902,SEASON
QB,2022,00-0032434,Brandon Allen,1.0,5.878111690993737,0.88,4.580422117913989,3.8462705462869033,0.88,26.924232800996517,22.608807864853915,14.96,77.86717600453781,65.38659928687736,PPG
QB,2022,00-0032434,Brandon Allen,1.0,5.878111690993737,0.88,4.580422117913989,3.8462705462869033,0.88,26.924232800996517,22.608807864853915,14.96,77.86717600453781,65.38659928687736,SEASON
QB,2022,00-0032950,Carson Wentz,8.0,14.58919095281323,13.475,15.297465804430686,13.495401932163787,107.8,223.17764971496993,196.8869957733021,229.075,260.05691867532164,229.42183284678438,PPG
QB,2022,00-0032950,Carson Wentz,8.0,14.58919095281323,13.475,15.297465804430686,13.495401932163787,107.8,223.17764971496993,196.8869957733021,229.075,260.05691867532164,229.42183284678438,SEASON
QB,2022,00-0033077,Dak Prescott,12.0,13.863267680994937,16.3,17.62379358135831,18.841997532385207,195.60000000000002,244.3233679729707,261.2116554361022,277.1,299.6044908830913,320.31395805054854,PPG
QB,2022,00-0033077,Dak Prescott,12.0,13.863267680994937,16.3,17.62379358135831,18.841997532385207,195.60000000000002,244.3233679729707,261.2116554361022,277.1,299.6044908830913,320.31395805054854,SEASON
QB,2022,00-0033106,Jared Goff,17.0,12.411421137358357,16.224705882352943,10.121489558460532,11.981999564246122,275.82000000000005,125.62206944742894,148.71364265950294,275.82000000000005,172.06532249382903,203.69399259218406,PPG
QB,2022,00-0033106,Jared Goff,17.0,12.411421137358357,16.224705882352943,10.121489558460532,11.981999564246122,275.82000000000005,125.62206944742894,148.71364265950294,275.82000000000005,172.06532249382903,203.69399259218406,SEASON
QB,2022,00-0033119,Jacoby Brissett,14.0,9.507728050085191,11.615714285714287,6.56635040906088,6.920415965593355,162.62,62.4310739709165,65.79743299432933,197.46714285714287,111.62795695403496,117.64707141508703,PPG
QB,2022,00-0033119,Jacoby Brissett,14.0,9.507728050085191,11.615714285714287,6.56635040906088,6.920415965593355,162.62,62.4310739709165,65.79743299432933,197.46714285714287,111.62795695403496,117.64707141508703,SEASON
QB,2022,00-0033275,PJ Walker,6.0,5.878111690993737,6.523333333333333,4.641452976988319,4.5940015197282795,39.14,27.282979007232722,27.004054041557797,110.89666666666668,78.90470060880142,78.09802583538075,PPG
QB,2022,00-0033275,PJ Walker,6.0,5.878111690993737,6.523333333333333,4.641452976988319,4.5940015197282795,39.14,27.282979007232722,27.004054041557797,110.89666666666668,78.90470060880142,78.09802583538075,SEASON
QB,2022,00-0033662,Cooper Rush,8.0,5.152188419175446,6.83,7.0904916991896085,6.637900832858134,54.64,36.53154921882433,34.199715798686725,116.11,120.53835888622335,112.84431415858828,PPG
QB,2022,00-0033662,Cooper Rush,8.0,5.152188419175446,6.83,7.0904916991896085,6.637900832858134,54.64,36.53154921882433,34.199715798686725,116.11,120.53835888622335,112.84431415858828,SEASON
QB,2022,00-0033869,Mitchell Trubisky,7.0,5.878111690993737,10.554285714285713,2.9611334064074777,3.559411387786654,73.88,17.405872894795905,20.922617691604973,179.42285714285714,50.33926790892712,60.509993592373114,PPG
QB,2022,00-0033869,Mitchell Trubisky,7.0,5.878111690993737,10.554285714285713,2.9611334064074777,3.559411387786654,73.88,17.405872894795905,20.922617691604973,179.42285714285714,50.33926790892712,60.509993592373114,SEASON
QB,2022,00-0033873,Patrick Mahomes,17.0,14.58919095281323,24.223529411764705,18.245775656561886,18.921632887252425,411.8,266.19110513577255,276.05131533115633,411.8,310.17818616155205,321.66775908329123,PPG
QB,2022,00-0033873,Patrick Mahomes,17.0,14.58919095281323,24.223529411764705,18.245775656561886,18.921632887252425,411.8,266.19110513577255,276.05131533115633,411.8,310.17818616155205,321.66775908329123,SEASON
QB,2022,00-0034177,Tim Boyle,1.0,5.152188419175446,-2.6799999999999997,4.6933539253063685,7.415575732335746,-2.6799999999999997,24.181043741055095,38.20644340965871,-45.559999999999995,79.78701673020826,126.0647874497077,PPG
QB,2022,00-0034177,Tim Boyle,1.0,5.152188419175446,-2.6799999999999997,4.6933539253063685,7.415575732335746,-2.6799999999999997,24.181043741055095,38.20644340965871,-45.559999999999995,79.78701673020826,126.0647874497077,SEASON
QB,2022,00-0034401,Mike White,4.0,5.152188419175446,13.645,9.222042390524035,10.291116625057809,54.58,47.51370000560298,53.02177189600675,231.965,156.77472063890858,174.94898262598275,PPG
QB,2022,00-0034401,Mike White,4.0,5.152188419175446,13.645,9.222042390524035,10.291116625057809,54.58,47.51370000560298,53.02177189600675,231.965,156.77472063890858,174.94898262598275,SEASON
QB,2022,00-0034796,Lamar Jackson,12.0,10.959574593721774,19.423333333333336,20.46596581034415,21.567582291853412,233.08000000000004,224.29827893102623,236.37152693380028,330.1966666666667,347.92141877585055,366.648898961508,PPG
QB,2022,00-0034796,Lamar Jackson,12.0,10.959574593721774,19.423333333333336,20.46596581034415,21.567582291853412,233.08000000000004,224.29827893102623,236.37152693380028,330.1966666666667,347.92141877585055,366.648898961508,SEASON
QB,2022,00-0034855,Baker Mayfield,12.0,12.411421137358357,9.451666666666668,14.526288775973402,12.66989197171613,113.42000000000002,180.29188756148773,157.25136502580452,160.67833333333334,246.94690919154783,215.3881635191742,PPG
QB,2022,00-0034855,Baker Mayfield,12.0,12.411421137358357,9.451666666666668,14.526288775973402,12.66989197171613,113.42000000000002,180.29188756148773,157.25136502580452,160.67833333333334,246.94690919154783,215.3881635191742,SEASON
QB,2022,00-0034857,Josh Allen,16.0,14.58919095281323,23.9075,21.695995462839047,21.519339733836475,382.52,316.5270207187283,313.94975655540134,406.4275,368.8319228682638,365.8287754752201,PPG
QB,2022,00-0034857,Josh Allen,16.0,14.58919095281323,23.9075,21.695995462839047,21.519339733836475,382.52,316.5270207187283,313.94975655540134,406.4275,368.8319228682638,365.8287754752201,SEASON
QB,2022,00-0034869,Sam Darnold,6.0,10.959574593721774,13.553333333333335,11.797399633831626,12.503481818367677,81.32000000000001,129.29448129892364,137.0328416696445,230.4066666666667,200.55579377513763,212.5591909122505,PPG
QB,2022,00-0034869,Sam Darnold,6.0,10.959574593721774,13.553333333333335,11.797399633831626,12.503481818367677,81.32000000000001,129.29448129892364,137.0328416696445,230.4066666666667,200.55579377513763,212.5591909122505,SEASON
QB,2022,00-0035228,Kyler Murray,11.0,12.411421137358357,17.683636363636364,19.53342581315331,18.75642871165169,194.52,242.43757402239234,232.79393577314895,300.6218181818182,332.0682388236063,318.8592880980787,PPG
QB,2022,00-0035228,Kyler Murray,11.0,12.411421137358357,17.683636363636364,19.53342581315331,18.75642871165169,194.52,242.43757402239234,232.79393577314895,300.6218181818182,332.0682388236063,318.8592880980787,SEASON
QB,2022,00-0035289,Gardner Minshew,5.0,4.426265147357155,6.9639999999999995,7.040650685860829,10.28607077430391,34.82,31.163786745542033,45.52887657155042,118.38799999999999,119.69106165963409,174.86320316316647,PPG
QB,2022,00-0035289,Gardner Minshew,5.0,4.426265147357155,6.9639999999999995,7.040650685860829,10.28607077430391,34.82,31.163786745542033,45.52887657155042,118.38799999999999,119.69106165963409,174.86320316316647,SEASON
QB,2022,00-0035710,Daniel Jones,16.0,10.233651321903483,17.6875,15.080743283581041,13.602317203865045,283.0,154.3310684393062,139.20137143428403,300.6875,256.3726358208777,231.23939246570578,PPG
QB,2022,00-0035710,Daniel Jones,16.0,10.233651321903483,17.6875,15.080743283581041,13.602317203865045,283.0,154.3310684393062,139.20137143428403,300.6875,256.3726358208777,231.23939246570578,SEASON
QB,2022,00-0035993,Tyler Huntley,5.0,7.329958234630319,9.404000000000002,13.165536638801667,14.965493802765014,47.02000000000001,96.50283369891146,109.69644453488642,159.86800000000002,223.81412285962833,254.41339464700525,PPG
QB,2022,00-0035993,Tyler Huntley,5.0,7.329958234630319,9.404000000000002,13.165536638801667,14.965493802765014,47.02000000000001,96.50283369891146,109.69644453488642,159.86800000000002,223.81412285962833,254.41339464700525,SEASON
QB,2022,00-0036212,Tua Tagovailoa,13.0,11.685497865540064,17.301538461538463,10.69319503189538,12.714732125618678,224.92000000000002,124.95530772101708,148.57797511483074,294.1261538461539,181.78431554222146,216.1504461355175,PPG
QB,2022,00-0036212,Tua Tagovailoa,13.0,11.685497865540064,17.301538461538463,10.69319503189538,12.714732125618678,224.92000000000002,124.95530772101708,148.57797511483074,294.1261538461539,181.78431554222146,216.1504461355175,SEASON
QB,2022,00-0036264,Jordan Love,4.0,6.604034962812028,2.95,5.4771530141758324,5.594115153974284,11.8,36.17131000228848,36.94373206284276,50.150000000000006,93.11160124098915,95.09995761756284,PPG
QB,2022,00-0036264,Jordan Love,4.0,6.604034962812028,2.95,5.4771530141758324,5.594115153974284,11.8,36.17131000228848,36.94373206284276,50.150000000000006,93.11160124098915,95.09995761756284,SEASON
QB,2022,00-0036355,Justin Herbert,17.0,14.58919095281323,16.074117647058824,19.227087340199258,18.516015672825496,273.26,280.5076486725848,270.1336883361337,273.26,326.8604847833874,314.77226643803345,PPG
QB,2022,00-0036355,Justin Herbert,17.0,14.58919095281323,16.074117647058824,19.227087340199258,18.516015672825496,273.26,280.5076486725848,270.1336883361337,273.26,326.8604847833874,314.77226643803345,SEASON
QB,2022,00-0036389,Jalen Hurts,15.0,13.137344409176647,24.602666666666668,18.21034294081215,17.241069810617265,369.04,239.23554702266793,226.501872084737,418.24533333333335,309.57582999380656,293.0981867804935,PPG
QB,2022,00-0036389,Jalen Hurts,15.0,13.137344409176647,24.602666666666668,18.21034294081215,17.241069810617265,369.04,239.23554702266793,226.501872084737,418.24533333333335,309.57582999380656,293.0981867804935,SEASON
QB,2022,00-0036442,Joe Burrow,16.0,13.863267680994937,21.54375,18.629025537774538,16.861000671504133,344.7,258.2591676662591,233.7485656784972,366.24375,316.6934341421671,286.63701141557027,PPG
QB,2022,00-0036442,Joe Burrow,16.0,13.863267680994937,21.54375,18.629025537774538,16.861000671504133,344.7,258.2591676662591,233.7485656784972,366.24375,316.6934341421671,286.63701141557027,SEASON
QB,2022,00-0036879,Sam Ehlinger,4.0,4.426265147357155,8.405000000000001,2.1047225319182683,2.2336275851360803,33.620000000000005,9.316059987887138,9.886627932263359,142.88500000000002,35.78028304261056,37.97166894731336,PPG
QB,2022,00-0036879,Sam Ehlinger,4.0,4.426265147357155,8.405000000000001,2.1047225319182683,2.2336275851360803,33.620000000000005,9.316059987887138,9.886627932263359,142.88500000000002,35.78028304261056,37.97166894731336,SEASON
QB,2022,00-0036898,Davis Mills,15.0,11.685497865540064,11.568000000000001,12.116708790348493,11.131491665358487,173.52,141.58977470698787,130.07702209582362,196.65600000000003,205.9840494359244,189.23535831109427,PPG
QB,2022,00-0036898,Davis Mills,15.0,11.685497865540064,11.568000000000001,12.116708790348493,11.131491665358487,173.52,141.58977470698787,130.07702209582362,196.65600000000003,205.9840494359244,189.23535831109427,SEASON
QB,2022,00-0036945,Justin Fields,15.0,10.959574593721774,18.732000000000003,16.191264341102677,15.650251911616168,280.98,177.4493693129822,171.52010323589417,318.4440000000001,275.2514937987455,266.05428249747484,PPG
QB,2022,00-0036945,Justin Fields,15.0,10.959574593721774,18.732000000000003,16.191264341102677,15.650251911616168,280.98,177.4493693129822,171.52010323589417,318.4440000000001,275.2514937987455,266.05428249747484,SEASON
QB,2022,00-0036971,Trevor Lawrence,17.0,14.58919095281323,16.683529411764706,16.0580576512449,11.16881498758948,283.62,234.27406940529536,162.94397457058525,283.62,272.9869800711633,189.86985478902116,PPG
QB,2022,00-0036971,Trevor Lawrence,17.0,14.58919095281323,16.683529411764706,16.0580576512449,11.16881498758948,283.62,234.27406940529536,162.94397457058525,283.62,272.9869800711633,189.86985478902116,SEASON
QB,2022,00-0036972,Mac Jones,14.0,14.58919095281323,11.862857142857143,15.833417724497057,12.483804039350124,166.08,230.9967546183451,182.12860094758008,201.66857142857143,269.16810131644996,212.22466866895212,PPG
QB,2022,00-0036972,Mac Jones,14.0,14.58919095281323,11.862857142857143,15.833417724497057,12.483804039350124,166.08,230.9967546183451,182.12860094758008,201.66857142857143,269.16810131644996,212.22466866895212,SEASON
QB,2022,00-0037012,Trey Lance,2.0,6.604034962812028,5.73,11.016116287336047,8.24208882901286,11.46,72.75081711597028,54.43104279340338,97.41000000000001,187.2739768847128,140.11551009321863,PPG
QB,2022,00-0037012,Trey Lance,2.0,6.604034962812028,5.73,11.016116287336047,8.24208882901286,11.46,72.75081711597028,54.43104279340338,97.41000000000001,187.2739768847128,140.11551009321863,SEASON
QB,2022,00-0037013,Zach Wilson,9.0,11.685497865540064,10.079999999999998,10.268617154250201,11.90556564900068,90.71999999999998,119.99390383803882,139.12246197944455,171.35999999999996,174.5664916222534,202.39461603301157,PPG
QB,2022,00-0037013,Zach Wilson,9.0,11.685497865540064,10.079999999999998,10.268617154250201,11.90556564900068,90.71999999999998,119.99390383803882,139.12246197944455,171.35999999999996,174.5664916222534,202.39461603301157,SEASON
QB,2023,00-0023459,Aaron Rodgers,1.0,14.528296648575283,0.0,14.79527639000597,12.465080150114114,0.0,214.95016439166875,181.09638216912518,0.0,251.5196986301015,211.90636255193994,PPG
QB,2023,00-0023459,Aaron Rodgers,1.0,14.528296648575283,0.0,14.79527639000597,12.465080150114114,0.0,214.95016439166875,181.09638216912518,0.0,251.5196986301015,211.90636255193994,SEASON
QB,2023,00-0026158,Joe Flacco,5.0,5.491647322927805,19.368,7.776337728571191,9.370354427136986,96.83999999999999,42.704904269290466,51.458681804671535,329.256,132.19774138571023,159.29602526132877,PPG
QB,2023,00-0026158,Joe Flacco,5.0,5.491647322927805,19.368,7.776337728571191,9.370354427136986,96.83999999999999,42.704904269290466,51.458681804671535,329.256,132.19774138571023,159.29602526132877,SEASON
QB,2023,00-0026498,Matthew Stafford,15.0,8.503863764810298,16.073333333333334,10.442174675763063,11.217692759657297,241.10000000000002,88.79883085104123,95.39373098362452,273.24666666666667,177.51696948797206,190.70077691417404,PPG
QB,2023,00-0026498,Matthew Stafford,15.0,8.503863764810298,16.073333333333334,10.442174675763063,11.217692759657297,241.10000000000002,88.79883085104123,95.39373098362452,273.24666666666667,177.51696948797206,190.70077691417404,SEASON
QB,2023,00-0027973,Andy Dalton,2.0,12.269134317163413,11.819999999999999,11.733806715800098,10.808123228425291,23.639999999999997,143.9636506477855,132.60631560600376,200.93999999999997,199.47471416860165,183.73809488322996,PPG
QB,2023,00-0027973,Andy Dalton,2.0,12.269134317163413,11.819999999999999,11.733806715800098,10.808123228425291,23.639999999999997,143.9636506477855,132.60631560600376,200.93999999999997,199.47471416860165,183.73809488322996,SEASON
QB,2023,00-0029263,Russell Wilson,15.0,13.022188427634037,16.459999999999997,14.754108831105297,13.991116733651394,246.89999999999995,192.13078528047254,182.1949584186321,279.81999999999994,250.81985012879005,237.84898447207368,PPG
QB,2023,00-0029263,Russell Wilson,15.0,13.022188427634037,16.459999999999997,14.754108831105297,13.991116733651394,246.89999999999995,192.13078528047254,182.1949584186321,279.81999999999994,250.81985012879005,237.84898447207368,SEASON
QB,2023,00-0029604,Kirk Cousins,8.0,14.528296648575283,17.9675,16.04880131070369,13.954356669906645,143.74,233.16174629594704,202.73303324042885,305.4475,272.82962228196277,237.22406338841296,PPG
QB,2023,00-0029604,Kirk Cousins,8.0,14.528296648575283,17.9675,16.04880131070369,13.954356669906645,143.74,233.16174629594704,202.73303324042885,305.4475,272.82962228196277,237.22406338841296,SEASON
QB,2023,00-0029701,Ryan Tannehill,9.0,10.763026096222168,8.56,12.544293896951224,12.932737454241046,77.04,135.0145625715665,139.19539071558623,145.52,213.2529962481708,219.8565367220978,PPG
QB,2023,00-0029701,Ryan Tannehill,9.0,10.763026096222168,8.56,12.544293896951224,12.932737454241046,77.04,135.0145625715665,139.19539071558623,145.52,213.2529962481708,219.8565367220978,SEASON
QB,2023,00-0030565,Geno Smith,15.0,14.528296648575283,14.764,16.870372234164257,15.522995587635581,221.45999999999998,245.0977723898261,225.5226847716949,250.988,286.7963279807924,263.8909249898049,PPG
QB,2023,00-0030565,Geno Smith,15.0,14.528296648575283,14.764,16.870372234164257,15.522995587635581,221.45999999999998,245.0977723898261,225.5226847716949,250.988,286.7963279807924,263.8909249898049,SEASON
QB,2023,00-0031237,Teddy Bridgewater,1.0,5.491647322927805,0.0,5.187555378339679,7.375613731081853,0.0,28.488224605998834,40.50426940124522,0.0,88.18844143177455,125.38543342839151,PPG
QB,2023,00-0031237,Teddy Bridgewater,1.0,5.491647322927805,0.0,5.187555378339679,7.375613731081853,0.0,28.488224605998834,40.50426940124522,0.0,88.18844143177455,125.38543342839151,SEASON
QB,2023,00-0031280,Derek Carr,17.0,13.022188427634037,13.771764705882353,14.29073274715235,12.36067408608688,234.12,186.0966146023781,160.9630270415965,234.12,242.94245670158998,210.13145946347694,PPG
QB,2023,00-0031280,Derek Carr,17.0,13.022188427634037,13.771764705882353,14.29073274715235,12.36067408608688,234.12,186.0966146023781,160.9630270415965,234.12,242.94245670158998,210.13145946347694,SEASON
QB,2023,00-0031345,Jimmy Garoppolo,7.0,10.009971985751545,9.014285714285714,12.497247284267814,12.856781196736451,63.1,125.0970952145304,128.6960196062691,153.24285714285713,212.45320383255284,218.56528034451966,PPG
QB,2023,00-0031345,Jimmy Garoppolo,7.0,10.009971985751545,9.014285714285714,12.497247284267814,12.856781196736451,63.1,125.0970952145304,128.6960196062691,153.24285714285713,212.45320383255284,218.56528034451966,SEASON
QB,2023,00-0031503,Jameis Winston,6.0,3.985539101986558,2.0933333333333333,9.20358703848668,13.013855335503719,12.559999999999999,36.68125602042532,51.86722930724647,35.586666666666666,156.46097965427356,221.2355407035632,PPG
QB,2023,00-0031503,Jameis Winston,6.0,3.985539101986558,2.0933333333333333,9.20358703848668,13.013855335503719,12.559999999999999,36.68125602042532,51.86722930724647,35.586666666666666,156.46097965427356,221.2355407035632,SEASON
QB,2023,00-0031800,Taylor Heinicke,5.0,8.503863764810298,13.0,8.52718291400159,11.942157009678262,65.0,72.51400179828761,101.55447626827826,221.0,144.96210953802705,203.01666916453044,PPG
QB,2023,00-0031800,Taylor Heinicke,5.0,8.503863764810298,13.0,8.52718291400159,11.942157009678262,65.0,72.51400179828761,101.55447626827826,221.0,144.96210953802705,203.01666916453044,SEASON
QB,2023,00-0032268,Marcus Mariota,2.0,11.51608020669279,5.380000000000001,15.484965385712764,15.383696731640947,10.760000000000002,178.32610337972974,177.15988543701488,91.46000000000001,263.24441155711696,261.5228444378961,PPG
QB,2023,00-0032268,Marcus Mariota,2.0,11.51608020669279,5.380000000000001,15.484965385712764,15.383696731640947,10.760000000000002,178.32610337972974,177.15988543701488,91.46000000000001,263.24441155711696,261.5228444378961,SEASON
QB,2023,00-0032436,Jeff Driskel,1.0,6.997755543869051,13.940000000000001,3.478864467478673,5.366202230599301,13.940000000000001,24.344243113667936,37.55137140869873,236.98000000000002,59.14069594713744,91.22543792018811,PPG
QB,2023,00-0032436,Jeff Driskel,1.0,6.997755543869051,13.940000000000001,3.478864467478673,5.366202230599301,13.940000000000001,24.344243113667936,37.55137140869873,236.98000000000002,59.14069594713744,91.22543792018811,SEASON
QB,2023,00-0032950,Carson Wentz,1.0,7.750809654339674,26.12,11.929295105848427,12.475222065237855,26.12,92.46169567587701,96.6930716232769,444.04,202.79801679942327,212.07877510904353,PPG
QB,2023,00-0032950,Carson Wentz,1.0,7.750809654339674,26.12,11.929295105848427,12.475222065237855,26.12,92.46169567587701,96.6930716232769,444.04,202.79801679942327,212.07877510904353,SEASON
QB,2023,00-0033077,Dak Prescott,17.0,10.763026096222168,19.99058823529412,14.928224215597762,16.58793974709626,339.84000000000003,160.6728668027344,178.536428380558,339.84000000000003,253.77981166516196,281.9949757006364,PPG
QB,2023,00-0033077,Dak Prescott,17.0,10.763026096222168,19.99058823529412,14.928224215597762,16.58793974709626,339.84000000000003,160.6728668027344,178.536428380558,339.84000000000003,253.77981166516196,281.9949757006364,SEASON
QB,2023,00-0033106,Jared Goff,17.0,14.528296648575283,16.65294117647059,15.973249007591901,13.570162421262893,283.1,232.0641000238559,197.15134522545594,283.1,271.5452331290623,230.69276116146918,PPG
QB,2023,00-0033106,Jared Goff,17.0,14.528296648575283,16.65294117647059,15.973249007591901,13.570162421262893,283.1,232.0641000238559,197.15134522545594,283.1,271.5452331290623,230.69276116146918,SEASON
QB,2023,00-0033119,Jacoby Brissett,2.0,12.269134317163413,11.43,13.164423774433882,11.189959317453221,22.86,161.51608349658864,137.2911138694278,194.31,223.795204165376,190.22930839670477,PPG
QB,2023,00-0033119,Jacoby Brissett,2.0,12.269134317163413,11.43,13.164423774433882,11.189959317453221,22.86,161.51608349658864,137.2911138694278,194.31,223.795204165376,190.22930839670477,SEASON
QB,2023,00-0033275,PJ Walker,5.0,6.244701433398428,3.192,5.716441625485269,7.562510444082477,15.96,35.697471212606295,47.22561981025243,54.264,97.17950763324957,128.5626775494021,PPG
QB,2023,00-0033275,PJ Walker,5.0,6.244701433398428,3.192,5.716441625485269,7.562510444082477,15.96,35.697471212606295,47.22561981025243,54.264,97.17950763324957,128.5626775494021,SEASON
QB,2023,00-0033319,Nick Mullens,5.0,4.7385932124571815,12.947999999999999,2.6110737351764204,4.334585615545581,64.74,12.372816278732206,20.539837976638825,220.11599999999999,44.388253497999145,73.68795546427488,PPG
QB,2023,00-0033319,Nick Mullens,5.0,4.7385932124571815,12.947999999999999,2.6110737351764204,4.334585615545581,64.74,12.372816278732206,20.539837976638825,220.11599999999999,44.388253497999145,73.68795546427488,SEASON
QB,2023,00-0033537,Deshaun Watson,6.0,6.244701433398428,13.800000000000002,11.611271231130686,12.938152440070992,82.80000000000001,72.50892210061973,80.79489908803869,234.60000000000005,197.39161092922166,219.94859148120685,PPG
QB,2023,00-0033537,Deshaun Watson,6.0,6.244701433398428,13.800000000000002,11.611271231130686,12.938152440070992,82.80000000000001,72.50892210061973,80.79489908803869,234.60000000000005,197.39161092922166,219.94859148120685,SEASON
QB,2023,00-0033662,Cooper Rush,7.0,7.750809654339674,0.5371428571428573,7.666513033490624,7.71229079800499,3.7600000000000007,59.42168323510007,59.77649797425211,9.131428571428573,130.3307215693406,131.10894356608483,PPG
QB,2023,00-0033662,Cooper Rush,7.0,7.750809654339674,0.5371428571428573,7.666513033490624,7.71229079800499,3.7600000000000007,59.42168323510007,59.77649797425211,9.131428571428573,130.3307215693406,131.10894356608483,SEASON
QB,2023,00-0033869,Mitchell Trubisky,5.0,6.997755543869051,9.536000000000001,9.439285841353582,10.20205419489237,47.68000000000001,66.05381482649666,71.39148130116058,162.11200000000002,160.4678593030109,173.43492131317026,PPG
QB,2023,00-0033869,Mitchell Trubisky,5.0,6.997755543869051,9.536000000000001,9.439285841353582,10.20205419489237,47.68000000000001,66.05381482649666,71.39148130116058,162.11200000000002,160.4678593030109,173.43492131317026,SEASON
QB,2023,00-0033873,Patrick Mahomes,16.0,14.528296648575283,17.20125,18.623409587819772,15.823488425426794,275.22,270.5664190997668,229.88833385989787,292.42125000000004,316.5979629929361,268.9993032322555,PPG
QB,2023,00-0033873,Patrick Mahomes,16.0,14.528296648575283,17.20125,18.623409587819772,15.823488425426794,275.22,270.5664190997668,229.88833385989787,292.42125000000004,316.5979629929361,268.9993032322555,SEASON
QB,2023,00-0033936,C.J. Beathard,6.0,4.7385932124571815,3.41,3.179675783358598,2.354713264802062,20.46,15.067190084837524,11.15802829387394,57.97,54.054488317096165,40.030125501635055,PPG
QB,2023,00-0033936,C.J. Beathard,6.0,4.7385932124571815,3.41,3.179675783358598,2.354713264802062,20.46,15.067190084837524,11.15802829387394,57.97,54.054488317096165,40.030125501635055,SEASON
QB,2023,00-0033958,Nathan Peterman,1.0,3.985539101986558,-1.0,3.3982870910562313,4.228424750851728,-1.0,13.544006081180765,16.85255218432733,-17.0,57.77088054795593,71.88322076447938,PPG
QB,2023,00-0033958,Nathan Peterman,1.0,3.985539101986558,-1.0,3.3982870910562313,4.228424750851728,-1.0,13.544006081180765,16.85255218432733,-17.0,57.77088054795593,71.88322076447938,SEASON
QB,2023,00-0034401,Mike White,6.0,4.7385932124571815,0.32666666666666666,9.938825328311673,12.571894294331074,1.96,47.09605024053521,59.573092970846396,5.553333333333333,168.96003058129844,213.72220300362824,PPG
QB,2023,00-0034401,Mike White,6.0,4.7385932124571815,0.32666666666666666,9.938825328311673,12.571894294331074,1.96,47.09605024053521,59.573092970846396,5.553333333333333,168.96003058129844,213.72220300362824,SEASON
QB,2023,00-0034796,Lamar Jackson,16.0,10.763026096222168,20.07625,18.734676458546684,19.794695803336815,321.22,201.64181162761707,213.05082749809358,341.29625000000004,318.4894997952936,336.50982865672586,PPG
QB,2023,00-0034796,Lamar Jackson,16.0,10.763026096222168,20.07625,18.734676458546684,19.794695803336815,321.22,201.64181162761707,213.05082749809358,341.29625000000004,318.4894997952936,336.50982865672586,SEASON
QB,2023,00-0034855,Baker Mayfield,17.0,10.763026096222168,15.709411764705882,11.779968282687921,10.583253567252873,267.06,126.78810603923954,113.90783432727902,267.06,200.25946080569466,179.91531064329885,PPG
QB,2023,00-0034855,Baker Mayfield,17.0,10.763026096222168,15.709411764705882,11.779968282687921,10.583253567252873,267.06,126.78810603923954,113.90783432727902,267.06,200.25946080569466,179.91531064329885,SEASON
QB,2023,00-0034857,Josh Allen,17.0,13.77524253810466,22.743529411764705,21.5879805704762,19.3008847514919,386.64,297.37966826620067,265.87436865180683,386.64,366.9956696980954,328.1150407753623,PPG
QB,2023,00-0034857,Josh Allen,17.0,13.77524253810466,22.743529411764705,21.5879805704762,19.3008847514919,386.64,297.37966826620067,265.87436865180683,386.64,366.9956696980954,328.1150407753623,SEASON
QB,2023,00-0034869,Sam Darnold,10.0,6.244701433398428,2.0380000000000003,11.066700272666722,13.706521108511838,20.380000000000003,69.10823905571266,85.59313201322969,34.646,188.13390463533426,233.01085884470126,PPG
QB,2023,00-0034869,Sam Darnold,10.0,6.244701433398428,2.0380000000000003,11.066700272666722,13.706521108511838,20.380000000000003,69.10823905571266,85.59313201322969,34.646,188.13390463533426,233.01085884470126,SEASON
QB,2023,00-0034955,Brett Rypien,2.0,4.7385932124571815,1.8900000000000001,5.293947591540492,6.271286450050617,3.7800000000000002,25.08586412437782,29.71707540558455,32.13,89.99710905618836,106.61186965086048,PPG
QB,2023,00-0034955,Brett Rypien,2.0,4.7385932124571815,1.8900000000000001,5.293947591540492,6.271286450050617,3.7800000000000002,25.08586412437782,29.71707540558455,32.13,89.99710905618836,106.61186965086048,SEASON
QB,2023,00-0035228,Kyler Murray,8.0,10.009971985751545,17.42,15.723608692361537,15.936681293925288,139.36,157.39288252545848,159.5257332980428,296.14000000000004,267.30134777014615,270.92358199672987,PPG
QB,2023,00-0035228,Kyler Murray,8.0,10.009971985751545,17.42,15.723608692361537,15.936681293925288,139.36,157.39288252545848,159.5257332980428,296.14000000000004,267.30134777014615,270.92358199672987,SEASON
QB,2023,00-0035264,Jarrett Stidham,2.0,3.985539101986558,12.82,11.044406118349999,12.376073880050393,25.64,44.0179124429035,49.32532637801534,217.94,187.75490401194998,210.3932559608567,PPG
QB,2023,00-0035264,Jarrett Stidham,2.0,3.985539101986558,12.82,11.044406118349999,12.376073880050393,25.64,44.0179124429035,49.32532637801534,217.94,187.75490401194998,210.3932559608567,SEASON
QB,2023,00-0035289,Gardner Minshew,16.0,5.491647322927805,11.8875,7.343796481114722,7.4766469016409465,190.2,40.32954028564029,41.05910794187297,202.08749999999998,124.84454017895027,127.10299732789609,PPG
QB,2023,00-0035289,Gardner Minshew,16.0,5.491647322927805,11.8875,7.343796481114722,7.4766469016409465,190.2,40.32954028564029,41.05910794187297,202.08749999999998,124.84454017895027,127.10299732789609,SEASON
QB,2023,00-0035710,Daniel Jones,6.0,13.77524253810466,8.826666666666668,18.541273010462838,17.35388016071677,52.96000000000001,255.41053268433953,239.05390819107618,150.05333333333334,315.2016411778682,295.0159627321851,PPG
QB,2023,00-0035710,Daniel Jones,6.0,13.77524253810466,8.826666666666668,18.541273010462838,17.35388016071677,52.96000000000001,255.41053268433953,239.05390819107618,150.05333333333334,315.2016411778682,295.0159627321851,SEASON
QB,2023,00-0035993,Tyler Huntley,5.0,5.491647322927805,5.1240000000000006,9.203573811022473,10.568470577247624,25.620000000000005,50.542781480670016,58.038313152983186,87.108,156.46075478738203,179.6639998132096,PPG
QB,2023,00-0035993,Tyler Huntley,5.0,5.491647322927805,5.1240000000000006,9.203573811022473,10.568470577247624,25.620000000000005,50.542781480670016,58.038313152983186,87.108,156.46075478738203,179.6639998132096,SEASON
QB,2023,00-0036212,Tua Tagovailoa,17.0,11.51608020669279,15.31529411764706,14.431310296062373,13.974783427906047,260.36,166.19212685712574,160.93472682692723,260.36,245.33227503306034,237.5713182744028,PPG
QB,2023,00-0036212,Tua Tagovailoa,17.0,11.51608020669279,15.31529411764706,14.431310296062373,13.974783427906047,260.36,166.19212685712574,160.93472682692723,260.36,245.33227503306034,237.5713182744028,SEASON
QB,2023,00-0036264,Jordan Love,17.0,4.7385932124571815,18.297647058823532,3.815860819785065,4.088878840769967,311.06000000000006,18.081812180314806,19.375533521432352,311.06000000000006,64.8696339363461,69.51094029308943,PPG
QB,2023,00-0036264,Jordan Love,17.0,4.7385932124571815,18.297647058823532,3.815860819785065,4.088878840769967,311.06000000000006,18.081812180314806,19.375533521432352,311.06000000000006,64.8696339363461,69.51094029308943,SEASON
QB,2023,00-0036355,Justin Herbert,13.0,14.528296648575283,17.55076923076923,15.561836980627417,15.06487616989485,228.16,226.0869840513242,218.866989970285,298.3630769230769,264.5512286706661,256.10289488821246,PPG
QB,2023,00-0036355,Justin Herbert,13.0,14.528296648575283,17.55076923076923,15.561836980627417,15.06487616989485,228.16,226.0869840513242,218.866989970285,298.3630769230769,264.5512286706661,256.10289488821246,SEASON
QB,2023,00-0036389,Jalen Hurts,17.0,13.022188427634037,20.57764705882353,23.0631589126329,22.392178989728535,349.82,300.3328010967729,291.59517410955294,349.82,392.0737015147593,380.6670428253851,PPG
QB,2023,00-0036389,Jalen Hurts,17.0,13.022188427634037,20.57764705882353,23.0631589126329,22.392178989728535,349.82,300.3328010967729,291.59517410955294,349.82,392.0737015147593,380.6670428253851,SEASON
QB,2023,00-0036442,Joe Burrow,10.0,13.77524253810466,14.516000000000002,18.353937418954406,17.945939708488847,145.16000000000003,252.82993947529158,247.2096720586371,246.77200000000002,312.0169361222249,305.0809750443104,PPG
QB,2023,00-0036442,Joe Burrow,10.0,13.77524253810466,14.516000000000002,18.353937418954406,17.945939708488847,145.16000000000003,252.82993947529158,247.2096720586371,246.77200000000002,312.0169361222249,305.0809750443104,SEASON
QB,2023,00-0036898,Davis Mills,5.0,13.022188427634037,3.5640000000000005,12.83381180428275,11.64124707068278,17.820000000000004,167.12431556016392,151.59451288707393,60.58800000000001,218.17480067280675,197.90120020160725,PPG
QB,2023,00-0036898,Davis Mills,5.0,13.022188427634037,3.5640000000000005,12.83381180428275,11.64124707068278,17.820000000000004,167.12431556016392,151.59451288707393,60.58800000000001,218.17480067280675,197.90120020160725,SEASON
QB,2023,00-0036945,Justin Fields,13.0,13.022188427634037,16.936923076923076,20.049113032871063,20.514963897265147,220.17999999999998,261.08332772098026,267.14972545629627,287.92769230769227,340.83492155880805,348.7543862535075,PPG
QB,2023,00-0036945,Justin Fields,13.0,13.022188427634037,16.936923076923076,20.049113032871063,20.514963897265147,220.17999999999998,261.08332772098026,267.14972545629627,287.92769230769227,340.83492155880805,348.7543862535075,SEASON
QB,2023,00-0036971,Trevor Lawrence,16.0,14.528296648575283,15.721250000000001,17.49627362933512,13.645793505959595,251.54000000000002,254.19105353162556,198.25013605978316,267.26125,297.43665169869706,231.97848960131313,PPG
QB,2023,00-0036971,Trevor Lawrence,16.0,14.528296648575283,15.721250000000001,17.49627362933512,13.645793505959595,251.54000000000002,254.19105353162556,198.25013605978316,267.26125,297.43665169869706,231.97848960131313,SEASON
QB,2023,00-0036972,Mac Jones,11.0,12.269134317163413,9.4,13.553453443639329,12.120671474992982,103.4,166.28914076143192,148.71014634090008,159.8,230.4087085418686,206.05141507488068,PPG
QB,2023,00-0036972,Mac Jones,11.0,12.269134317163413,9.4,13.553453443639329,12.120671474992982,103.4,166.28914076143192,148.71014634090008,159.8,230.4087085418686,206.05141507488068,SEASON
QB,2023,00-0037013,Zach Wilson,12.0,8.503863764810298,9.078333333333333,10.808145958789988,11.344707913559732,108.94,91.91100078373503,96.47385054847724,154.33166666666665,183.7384812994298,192.86003453051546,PPG
QB,2023,00-0037013,Zach Wilson,12.0,8.503863764810298,9.078333333333333,10.808145958789988,11.344707913559732,108.94,91.91100078373503,96.47385054847724,154.33166666666665,183.7384812994298,192.86003453051546,SEASON
QB,2023,00-0037834,Brock Purdy,16.0,8.503863764810298,18.1,8.791807147557465,9.571546214005084,289.6,74.76433022931411,81.39512502248502,307.70000000000005,149.46072150847692,162.71628563808642,PPG
QB,2023,00-0037834,Brock Purdy,16.0,8.503863764810298,18.1,8.791807147557465,9.571546214005084,289.6,74.76433022931411,81.39512502248502,307.70000000000005,149.46072150847692,162.71628563808642,SEASON
QB,2023,00-0038102,Kenny Pickett,12.0,11.51608020669279,9.016666666666667,11.972610078065754,6.361115253140513,108.20000000000002,137.87753794246365,73.25511345918305,153.28333333333336,203.5343713271178,108.13895930338872,PPG
QB,2023,00-0038102,Kenny Pickett,12.0,11.51608020669279,9.016666666666667,11.972610078065754,6.361115253140513,108.20000000000002,137.87753794246365,73.25511345918305,153.28333333333336,203.5343713271178,108.13895930338872,SEASON
QB,2023,00-0038108,Bailey Zappe,10.0,4.7385932124571815,6.717999999999999,6.913702060505638,9.962215735186323,67.17999999999999,32.76122165686324,47.20688786378804,114.20599999999999,117.53293502859584,169.3576674981675,PPG
QB,2023,00-0038108,Bailey Zappe,10.0,4.7385932124571815,6.717999999999999,6.913702060505638,9.962215735186323,67.17999999999999,32.76122165686324,47.20688786378804,114.20599999999999,117.53293502859584,169.3576674981675,SEASON
QB,2023,00-0038122,Desmond Ridder,15.0,4.7385932124571815,10.982666666666667,8.382840029173225,11.501855939211536,164.74,39.722868863354606,54.502616484208104,186.70533333333333,142.50828049594483,195.53155096659611,PPG
QB,2023,00-0038122,Desmond Ridder,15.0,4.7385932124571815,10.982666666666667,8.382840029173225,11.501855939211536,164.74,39.722868863354606,54.502616484208104,186.70533333333333,142.50828049594483,195.53155096659611,SEASON
QB,2023,00-0038128,Malik Willis,2.0,6.997755543869051,1.03,7.226503904727903,5.900855639988427,2.06,50.569307762101026,41.29274526829997,17.51,122.85056638037436,100.31454587980325,PPG
QB,2023,00-0038128,Malik Willis,2.0,6.997755543869051,1.03,7.226503904727903,5.900855639988427,2.06,50.569307762101026,41.29274526829997,17.51,122.85056638037436,100.31454587980325,SEASON
QB,2024,00-0026158,Joe Flacco,7.0,5.796932660181994,13.577142857142858,14.382836566849537,17.4422736185299,95.04,83.37633504042995,101.11168560708676,230.8114285714286,244.50822163644213,296.5186515150083,PPG
QB,2024,00-0026158,Joe Flacco,7.0,5.796932660181994,13.577142857142858,14.382836566849537,17.4422736185299,95.04,83.37633504042995,101.11168560708676,230.8114285714286,244.50822163644213,296.5186515150083,SEASON
QB,2024,00-0026498,Matthew Stafford,16.0,12.654691461641345,13.036249999999999,14.022460986011172,13.16264470983938,208.57999999999998,177.44991731087447,166.56920762222302,221.61624999999998,238.38183676218992,223.76496006726947,PPG
QB,2024,00-0026498,Matthew Stafford,16.0,12.654691461641345,13.036249999999999,14.022460986011172,13.16264470983938,208.57999999999998,177.44991731087447,166.56920762222302,221.61624999999998,238.38183676218992,223.76496006726947,SEASON
QB,2024,00-0028118,Tyrod Taylor,2.0,9.22581206091167,9.53,11.083427709798384,9.151508496067063,19.06,102.25362104130053,84.43009745855113,162.01,188.41827106657252,155.57564443314007,PPG
QB,2024,00-0028118,Tyrod Taylor,2.0,9.22581206091167,9.53,11.083427709798384,9.151508496067063,19.06,102.25362104130053,84.43009745855113,162.01,188.41827106657252,155.57564443314007,SEASON
QB,2024,00-0029263,Russell Wilson,11.0,12.654691461641345,15.252727272727272,15.513036874297388,14.75508176671259,167.78,196.3126952772985,186.7210072490377,259.29636363636365,263.7216268630556,250.83639003411403,PPG
QB,2024,00-0029263,Russell Wilson,11.0,12.654691461641345,15.252727272727272,15.513036874297388,14.75508176671259,167.78,196.3126952772985,186.7210072490377,259.29636363636365,263.7216268630556,250.83639003411403,SEASON
QB,2024,00-0029604,Kirk Cousins,14.0,7.854260300619799,11.737142857142857,12.91672218129586,13.295283002448034,164.32,101.45129824268726,104.42461347163281,199.53142857142856,219.58427708202962,226.01981104161658,PPG
QB,2024,00-0029604,Kirk Cousins,14.0,7.854260300619799,11.737142857142857,12.91672218129586,13.295283002448034,164.32,101.45129824268726,104.42461347163281,199.53142857142856,219.58427708202962,226.01981104161658,SEASON
QB,2024,00-0030565,Geno Smith,17.0,12.654691461641345,15.23529411764706,14.51555975336756,13.312684968345932,259.0,183.68993007188521,168.46792080044835,259.0,246.76451580724853,226.31564446188085,PPG
QB,2024,00-0030565,Geno Smith,17.0,12.654691461641345,15.23529411764706,14.51555975336756,13.312684968345932,259.0,183.68993007188521,168.46792080044835,259.0,246.76451580724853,226.31564446188085,SEASON
QB,2024,00-0031280,Derek Carr,10.0,14.026243221933214,14.79,15.236249962580784,12.01055103764097,147.89999999999998,213.7073477653289,168.4629100833946,251.42999999999998,259.0162493638733,204.1793676398965,PPG
QB,2024,00-0031280,Derek Carr,10.0,14.026243221933214,14.79,15.236249962580784,12.01055103764097,147.89999999999998,213.7073477653289,168.4629100833946,251.42999999999998,259.0162493638733,204.1793676398965,SEASON
QB,2024,00-0031345,Jimmy Garoppolo,1.0,7.168484420473864,19.86,9.249215877604861,9.60596422370254,19.86,66.30285992020994,68.86020488124097,337.62,157.23666991928263,163.30139180294316,PPG
QB,2024,00-0031345,Jimmy Garoppolo,1.0,7.168484420473864,19.86,9.249215877604861,9.60596422370254,19.86,66.30285992020994,68.86020488124097,337.62,157.23666991928263,163.30139180294316,SEASON
QB,2024,00-0031503,Jameis Winston,11.0,6.482708540327929,11.558181818181819,6.704278989558061,4.206211926792161,127.14,43.46188666234914,27.267645980244733,196.48909090909092,113.97274282248704,71.50560275546674,PPG
QB,2024,00-0031503,Jameis Winston,11.0,6.482708540327929,11.558181818181819,6.704278989558061,4.206211926792161,127.14,43.46188666234914,27.267645980244733,196.48909090909092,113.97274282248704,71.50560275546674,SEASON
QB,2024,00-0031800,Taylor Heinicke,4.0,5.796932660181994,0.78,10.354436746647918,12.3815046260853,3.12,60.023972554431914,71.77474854914833,13.26,176.0254246930146,210.4855786434501,PPG
QB,2024,00-0031800,Taylor Heinicke,4.0,5.796932660181994,0.78,10.354436746647918,12.3815046260853,3.12,60.023972554431914,71.77474854914833,13.26,176.0254246930146,210.4855786434501,SEASON
QB,2024,00-0033077,Dak Prescott,8.0,14.026243221933214,14.065000000000001,17.572308097636498,16.916297922405313,112.52000000000001,246.47346734819607,237.27210907434042,239.10500000000002,298.72923765982046,287.5770646808903,PPG
QB,2024,00-0033077,Dak Prescott,8.0,14.026243221933214,14.065000000000001,17.572308097636498,16.916297922405313,112.52000000000001,246.47346734819607,237.27210907434042,239.10500000000002,298.72923765982046,287.5770646808903,SEASON
QB,2024,00-0033106,Jared Goff,17.0,14.026243221933214,18.28,16.01677939013704,13.634455584897294,310.76,224.65524335810923,191.24019023241513,310.76,272.2852496323297,231.785744943254,PPG
QB,2024,00-0033106,Jared Goff,17.0,14.026243221933214,18.28,16.01677939013704,13.634455584897294,310.76,224.65524335810923,191.24019023241513,310.76,272.2852496323297,231.785744943254,SEASON
QB,2024,00-0033319,Nick Mullens,4.0,5.796932660181994,0.38,11.005949684569481,13.623076240098072,1.52,63.800749182800544,78.97205558837383,6.46,187.1011446376812,231.59229608166723,PPG
QB,2024,00-0033319,Nick Mullens,4.0,5.796932660181994,0.38,11.005949684569481,13.623076240098072,1.52,63.800749182800544,78.97205558837383,6.46,187.1011446376812,231.59229608166723,SEASON
QB,2024,00-0033537,Deshaun Watson,7.0,6.482708540327929,10.245714285714287,9.900041503613043,13.703918311784772,71.72000000000001,64.17908360507322,88.83850827576343,174.17714285714288,168.30070556142172,232.96661130034113,PPG
QB,2024,00-0033537,Deshaun Watson,7.0,6.482708540327929,10.245714285714287,9.900041503613043,13.703918311784772,71.72000000000001,64.17908360507322,88.83850827576343,174.17714285714288,168.30070556142172,232.96661130034113,SEASON
QB,2024,00-0033662,Cooper Rush,12.0,7.168484420473864,8.38,5.565355338355394,3.439863287964446,100.56,39.89516303740169,24.658606388333133,142.46,94.61104075204169,58.47767589539558,PPG
QB,2024,00-0033662,Cooper Rush,12.0,7.168484420473864,8.38,5.565355338355394,3.439863287964446,100.56,39.89516303740169,24.658606388333133,142.46,94.61104075204169,58.47767589539558,SEASON
QB,2024,00-0033869,Mitchell Trubisky,8.0,5.796932660181994,1.7825,6.818125352453915,10.153726523800602,14.26,39.52421353685497,58.8604689083759,30.3025,115.90813099171656,172.61335090461023,PPG
QB,2024,00-0033869,Mitchell Trubisky,8.0,5.796932660181994,1.7825,6.818125352453915,10.153726523800602,14.26,39.52421353685497,58.8604689083759,30.3025,115.90813099171656,172.61335090461023,SEASON
QB,2024,00-0033873,Patrick Mahomes,16.0,13.34046734178728,17.48875,15.513013630658827,15.254276692539671,279.82,206.950851712505,203.49918003941235,297.30875,263.72123172120007,259.3227037731744,PPG
QB,2024,00-0033873,Patrick Mahomes,16.0,13.34046734178728,17.48875,15.513013630658827,15.254276692539671,279.82,206.950851712505,203.49918003941235,297.30875,263.72123172120007,259.3227037731744,SEASON
QB,2024,00-0033949,Joshua Dobbs,2.0,11.283139701349475,14.419999999999998,14.9744020403305,16.348718897622106,28.839999999999996,168.95827016522165,184.4648792599624,245.13999999999996,254.56483468561848,277.9282212595758,PPG
QB,2024,00-0033949,Joshua Dobbs,2.0,11.283139701349475,14.419999999999998,14.9744020403305,16.348718897622106,28.839999999999996,168.95827016522165,184.4648792599624,245.13999999999996,254.56483468561848,277.9282212595758,SEASON
QB,2024,00-0034177,Tim Boyle,3.0,4.425380899890124,4.6466666666666665,5.18627748544612,5.9294770575140285,13.94,22.95125332562344,26.240194516659276,78.99333333333333,88.16671725258405,100.80110997773849,PPG
QB,2024,00-0034177,Tim Boyle,3.0,4.425380899890124,4.6466666666666665,5.18627748544612,5.9294770575140285,13.94,22.95125332562344,26.240194516659276,78.99333333333333,88.16671725258405,100.80110997773849,SEASON
QB,2024,00-0034401,Mike White,1.0,6.482708540327929,1.12,2.395174908972815,3.2191417159449585,1.12,15.527220837977238,20.868757494482285,19.040000000000003,40.717973452537855,54.72540917106429,PPG
QB,2024,00-0034401,Mike White,1.0,6.482708540327929,1.12,2.395174908972815,3.2191417159449585,1.12,15.527220837977238,20.868757494482285,19.040000000000003,40.717973452537855,54.72540917106429,SEASON
QB,2024,00-0034577,Kyle Allen,1.0,6.482708540327929,0.76,5.593488231026794,2.8317187054004127,0.76,36.260953925501155,18.357207035305603,12.92,95.0892999274555,48.139217991807016,PPG
QB,2024,00-0034577,Kyle Allen,1.0,6.482708540327929,0.76,5.593488231026794,2.8317187054004127,0.76,36.260953925501155,18.357207035305603,12.92,95.0892999274555,48.139217991807016,SEASON
QB,2024,00-0034771,Mason Rudolph,8.0,5.111156780036059,11.350000000000001,7.906654270398317,9.883046015642753,90.80000000000001,40.41214958154742,50.51379765026082,192.95000000000002,134.4131225967714,168.0117822659268,PPG
QB,2024,00-0034771,Mason Rudolph,8.0,5.111156780036059,11.350000000000001,7.906654270398317,9.883046015642753,90.80000000000001,40.41214958154742,50.51379765026082,192.95000000000002,134.4131225967714,168.0117822659268,SEASON
QB,2024,00-0034796,Lamar Jackson,17.0,13.34046734178728,24.845882352941178,20.710995852598728,18.474666491980706,422.38000000000005,276.2943637874851,246.46068498668038,422.38000000000005,352.0869294941784,314.069330363672,PPG
QB,2024,00-0034796,Lamar Jackson,17.0,13.34046734178728,24.845882352941178,20.710995852598728,18.474666491980706,422.38000000000005,276.2943637874851,246.46068498668038,422.38000000000005,352.0869294941784,314.069330363672,SEASON
QB,2024,00-0034855,Baker Mayfield,17.0,14.026243221933214,20.870588235294115,14.90807642133889,11.882250230788548,354.79999999999995,209.10430585686697,166.66333176091226,354.79999999999995,253.43729916276112,201.99825392340531,PPG
QB,2024,00-0034855,Baker Mayfield,17.0,14.026243221933214,20.870588235294115,14.90807642133889,11.882250230788548,354.79999999999995,209.10430585686697,166.66333176091226,354.79999999999995,253.43729916276112,201.99825392340531,SEASON
QB,2024,00-0034857,Josh Allen,16.0,14.026243221933214,23.021250000000002,20.497301733758533,17.887463974070684,368.34000000000003,287.5001395110505,250.8939203238835,391.36125000000004,348.4541294738951,304.0868875592016,PPG
QB,2024,00-0034857,Josh Allen,16.0,14.026243221933214,23.021250000000002,20.497301733758533,17.887463974070684,368.34000000000003,287.5001395110505,250.8939203238835,391.36125000000004,348.4541294738951,304.0868875592016,SEASON
QB,2024,00-0034869,Sam Darnold,17.0,9.22581206091167,17.64470588235294,7.001426665870717,4.504947709818807,299.96,64.59384657757865,41.56180091502275,299.96,119.0242533198022,76.58411106691972,PPG
QB,2024,00-0034869,Sam Darnold,17.0,9.22581206091167,17.64470588235294,7.001426665870717,4.504947709818807,299.96,64.59384657757865,41.56180091502275,299.96,119.0242533198022,76.58411106691972,SEASON
QB,2024,00-0035100,Jake Browning,2.0,8.540036180765734,0.0,12.18945891495994,13.689823349270013,0.0,104.09842015771531,116.91158671105744,0.0,207.220801554319,232.7269969375902,PPG
QB,2024,00-0035100,Jake Browning,2.0,8.540036180765734,0.0,12.18945891495994,13.689823349270013,0.0,104.09842015771531,116.91158671105744,0.0,207.220801554319,232.7269969375902,SEASON
QB,2024,00-0035228,Kyler Murray,17.0,7.854260300619799,17.07294117647059,14.011835716361677,16.660779910233263,290.24,110.05260500582611,130.85810222630903,290.24,238.2012071781485,283.23325847396546,PPG
QB,2024,00-0035228,Kyler Murray,17.0,7.854260300619799,17.07294117647059,14.011835716361677,16.660779910233263,290.24,110.05260500582611,130.85810222630903,290.24,238.2012071781485,283.23325847396546,SEASON
QB,2024,00-0035289,Gardner Minshew,10.0,13.34046734178728,9.032000000000002,12.055977769290822,11.35733802053582,90.32000000000002,160.83237770453766,151.5121969525971,153.54400000000004,204.95162207794397,193.07474634910895,PPG
QB,2024,00-0035289,Gardner Minshew,10.0,13.34046734178728,9.032000000000002,12.055977769290822,11.35733802053582,90.32000000000002,160.83237770453766,151.5121969525971,153.54400000000004,204.95162207794397,193.07474634910895,SEASON
QB,2024,00-0035704,Drew Lock,7.0,5.111156780036059,10.877142857142857,6.298892323703727,8.013115478320831,76.14,32.194626207015396,40.95628950623141,184.9114285714286,107.08116950296336,136.22296313145412,PPG
QB,2024,00-0035704,Drew Lock,7.0,5.111156780036059,10.877142857142857,6.298892323703727,8.013115478320831,76.14,32.194626207015396,40.95628950623141,184.9114285714286,107.08116950296336,136.22296313145412,SEASON
QB,2024,00-0035710,Daniel Jones,10.0,6.482708540327929,13.229999999999999,11.087593101475587,11.30556144556382,132.29999999999998,71.87763449061681,73.29065973635873,224.90999999999997,188.48908272508498,192.19454457458494,PPG
QB,2024,00-0035710,Daniel Jones,10.0,6.482708540327929,13.229999999999999,11.087593101475587,11.30556144556382,132.29999999999998,71.87763449061681,73.29065973635873,224.90999999999997,188.48908272508498,192.19454457458494,SEASON
QB,2024,00-0035993,Tyler Huntley,5.0,5.796932660181994,11.132000000000001,4.466466831914193,6.21242190935092,55.66000000000001,25.891807453542988,36.012991465146534,189.24400000000003,75.92993614254128,105.61117245896564,PPG
QB,2024,00-0035993,Tyler Huntley,5.0,5.796932660181994,11.132000000000001,4.466466831914193,6.21242190935092,55.66000000000001,25.891807453542988,36.012991465146534,189.24400000000003,75.92993614254128,105.61117245896564,SEASON
QB,2024,00-0036212,Tua Tagovailoa,11.0,14.026243221933214,15.870909090909091,14.819957517751844,14.940584971535241,174.58,207.86832868270497,209.56027868871342,269.80545454545455,251.93927780178134,253.9899445160991,PPG
QB,2024,00-0036212,Tua Tagovailoa,11.0,14.026243221933214,15.870909090909091,14.819957517751844,14.940584971535241,174.58,207.86832868270497,209.56027868871342,269.80545454545455,251.93927780178134,253.9899445160991,SEASON
QB,2024,00-0036264,Jordan Love,15.0,14.026243221933214,15.324,16.43167339619806,15.285022978210652,229.85999999999999,230.47464759844337,214.3914499452206,260.508,279.338447735367,259.84539062958106,PPG
QB,2024,00-0036264,Jordan Love,15.0,14.026243221933214,15.324,16.43167339619806,15.285022978210652,229.85999999999999,230.47464759844337,214.3914499452206,260.508,279.338447735367,259.84539062958106,SEASON
QB,2024,00-0036355,Justin Herbert,17.0,11.283139701349475,16.43529411764706,15.706681240170246,16.204960558290253,279.40000000000003,177.2206786774059,182.8428338340471,279.40000000000003,267.0135810828942,275.48432949093433,PPG
QB,2024,00-0036355,Justin Herbert,17.0,11.283139701349475,16.43529411764706,15.706681240170246,16.204960558290253,279.40000000000003,177.2206786774059,182.8428338340471,279.40000000000003,267.0135810828942,275.48432949093433,SEASON
QB,2024,00-0036389,Jalen Hurts,15.0,14.026243221933214,20.407999999999998,19.669499920866212,18.40411275299291,306.11999999999995,275.8891899438656,258.1405617573614,346.936,334.3814986547256,312.8699168008794,PPG
QB,2024,00-0036389,Jalen Hurts,15.0,14.026243221933214,20.407999999999998,19.669499920866212,18.40411275299291,306.11999999999995,275.8891899438656,258.1405617573614,346.936,334.3814986547256,312.8699168008794,SEASON
QB,2024,00-0036442,Joe Burrow,17.0,9.22581206091167,21.283529411764707,14.30181860647374,14.933161435402246,361.82000000000005,131.94589059257635,137.77054087827506,361.82000000000005,243.13091631005358,253.86374440183818,PPG
QB,2024,00-0036442,Joe Burrow,17.0,9.22581206091167,21.283529411764707,14.30181860647374,14.933161435402246,361.82000000000005,131.94589059257635,137.77054087827506,361.82000000000005,243.13091631005358,253.86374440183818,SEASON
QB,2024,00-0036898,Davis Mills,4.0,5.796932660181994,2.395,4.447944646683606,4.738029650776497,9.58,25.784435593041856,27.466038827496963,40.715,75.6150589936213,80.54650406320044,PPG
QB,2024,00-0036898,Davis Mills,4.0,5.796932660181994,2.395,4.447944646683606,4.738029650776497,9.58,25.784435593041856,27.466038827496963,40.715,75.6150589936213,80.54650406320044,SEASON
QB,2024,00-0036945,Justin Fields,10.0,11.283139701349475,11.314,16.35067370909629,16.243557636345727,113.14,184.48693567091544,183.2783300578109,192.338,277.96145305463693,276.14047981787735,PPG
QB,2024,00-0036945,Justin Fields,10.0,11.283139701349475,11.314,16.35067370909629,16.243557636345727,113.14,184.48693567091544,183.2783300578109,192.338,277.96145305463693,276.14047981787735,SEASON
QB,2024,00-0036971,Trevor Lawrence,10.0,13.34046734178728,14.37,14.957763140988451,14.715639083849448,143.7,199.54355068854596,196.31350261162203,244.29,254.28197339680366,250.16586442544062,PPG
QB,2024,00-0036971,Trevor Lawrence,10.0,13.34046734178728,14.37,14.957763140988451,14.715639083849448,143.7,199.54355068854596,196.31350261162203,244.29,254.28197339680366,250.16586442544062,SEASON
QB,2024,00-0036972,Mac Jones,10.0,9.911587941057604,9.408,9.66628176678501,10.06884686348772,94.08,95.8082017945313,99.79826115250056,159.93599999999998,164.32679003534517,171.17039667929123,PPG
QB,2024,00-0036972,Mac Jones,10.0,9.911587941057604,9.408,9.66628176678501,10.06884686348772,94.08,95.8082017945313,99.79826115250056,159.93599999999998,164.32679003534517,171.17039667929123,SEASON
QB,2024,00-0037077,Sam Howell,1.0,14.026243221933214,-0.8400000000000001,13.051456508119838,13.376869871743171,-0.8400000000000001,183.062903383372,187.62723036922029,-14.280000000000001,221.87476063803723,227.4067878196339,PPG
QB,2024,00-0037077,Sam Howell,1.0,14.026243221933214,-0.8400000000000001,13.051456508119838,13.376869871743171,-0.8400000000000001,183.062903383372,187.62723036922029,-14.280000000000001,221.87476063803723,227.4067878196339,SEASON
QB,2024,00-0037834,Brock Purdy,15.0,13.34046734178728,17.324,16.19815080689559,14.704766496475864,259.86,216.0909018367359,196.168457214844,294.50800000000004,275.368563717225,249.98103044008968,PPG
QB,2024,00-0037834,Brock Purdy,15.0,13.34046734178728,17.324,16.19815080689559,14.704766496475864,259.86,216.0909018367359,196.168457214844,294.50800000000004,275.368563717225,249.98103044008968,SEASON
QB,2024,00-0038102,Kenny Pickett,5.0,10.59736382120354,4.828,11.003363840288962,9.43366333616412,24.14,116.6066498726175,99.97196254007993,82.07600000000001,187.05718528491235,160.37227671479005,PPG
QB,2024,00-0038102,Kenny Pickett,5.0,10.59736382120354,4.828,11.003363840288962,9.43366333616412,24.14,116.6066498726175,99.97196254007993,82.07600000000001,187.05718528491235,160.37227671479005,SEASON
QB,2024,00-0038108,Bailey Zappe,1.0,9.22581206091167,7.0,7.768404120824726,8.542435552495519,7.0,71.66983643194067,78.8109049497738,119.0,132.06287005402032,145.22140439242384,PPG
QB,2024,00-0038108,Bailey Zappe,1.0,9.22581206091167,7.0,7.768404120824726,8.542435552495519,7.0,71.66983643194067,78.8109049497738,119.0,132.06287005402032,145.22140439242384,SEASON
QB,2024,00-0038122,Desmond Ridder,5.0,12.654691461641345,3.7839999999999994,13.211896266833781,11.347665158058566,18.919999999999998,167.1924708799926,143.60120138524871,64.32799999999999,224.60223653617427,192.91030768699562,PPG
QB,2024,00-0038122,Desmond Ridder,5.0,12.654691461641345,3.7839999999999994,13.211896266833781,11.347665158058566,18.919999999999998,167.1924708799926,143.60120138524871,64.32799999999999,224.60223653617427,192.91030768699562,SEASON
QB,2024,00-0038416,Tyson Bagent,4.0,5.796932660181994,0.11,7.001335374350491,7.962350082532252,0.44,40.586269696459894,46.15720724523401,1.87,119.02270136395835,135.35995140304829,PPG
QB,2024,00-0038416,Tyson Bagent,4.0,5.796932660181994,0.11,7.001335374350491,7.962350082532252,0.44,40.586269696459894,46.15720724523401,1.87,119.02270136395835,135.35995140304829,SEASON
QB,2024,00-0038476,Tommy DeVito,2.0,8.540036180765734,6.74,9.479085430624773,10.98652412891875,13.48,80.95173253810489,93.82531356182187,114.58,161.14445232062113,186.77091019161875,PPG
QB,2024,00-0038476,Tommy DeVito,2.0,8.540036180765734,6.74,9.479085430624773,10.98652412891875,13.48,80.95173253810489,93.82531356182187,114.58,161.14445232062113,186.77091019161875,SEASON
QB,2024,00-0038579,Aidan O'Connell,9.0,9.911587941057604,10.164444444444445,10.639178776542757,11.194504090583756,91.48,105.45115606433718,110.95531175034998,172.79555555555558,180.86603920122687,190.30656953992386,PPG
QB,2024,00-0038579,Aidan O'Connell,9.0,9.911587941057604,10.164444444444445,10.639178776542757,11.194504090583756,91.48,105.45115606433718,110.95531175034998,172.79555555555558,180.86603920122687,190.30656953992386,SEASON
QB,2024,00-0038582,Clayton Tune,5.0,6.482708540327929,-0.536,4.50383140276719,3.723154838141934,-2.68,29.19702629891598,24.136127666185963,-9.112,76.56513384704223,63.293632248412884,PPG
QB,2024,00-0038582,Clayton Tune,5.0,6.482708540327929,-0.536,4.50383140276719,3.723154838141934,-2.68,29.19702629891598,24.136127666185963,-9.112,76.56513384704223,63.293632248412884,SEASON
QB,2024,00-0038583,Dorian Thompson-Robinson,6.0,7.168484420473864,2.133333333333333,6.843729770905979,5.585414754547874,12.799999999999997,49.05917024067268,40.038958649861286,36.26666666666666,116.34340610540164,94.95205082731385,PPG
QB,2024,00-0038583,Dorian Thompson-Robinson,6.0,7.168484420473864,2.133333333333333,6.843729770905979,5.585414754547874,12.799999999999997,49.05917024067268,40.038958649861286,36.26666666666666,116.34340610540164,94.95205082731385,SEASON
QB,2024,00-0039150,Bryce Young,14.0,13.34046734178728,13.644285714285713,11.449655247645937,9.427489725815912,191.01999999999998,152.74375190594398,125.76711880228228,231.9528571428571,194.64413920998095,160.2673253388705,PPG
QB,2024,00-0039150,Bryce Young,14.0,13.34046734178728,13.644285714285713,11.449655247645937,9.427489725815912,191.01999999999998,152.74375190594398,125.76711880228228,231.9528571428571,194.64413920998095,160.2673253388705,SEASON
QB,2024,00-0039152,Will Levis,12.0,8.540036180765734,9.161666666666665,10.209901359606672,10.915291648840856,109.93999999999998,87.19292701309023,93.21698560471097,155.7483333333333,173.56832311331343,185.55995803029455,PPG
QB,2024,00-0039152,Will Levis,12.0,8.540036180765734,9.161666666666665,10.209901359606672,10.915291648840856,109.93999999999998,87.19292701309023,93.21698560471097,155.7483333333333,173.56832311331343,185.55995803029455,SEASON
QB,2024,00-0039163,C.J. Stroud,17.0,12.654691461641345,12.610588235294118,15.407424521153182,15.71915449992892,214.38000000000002,194.97620353372065,198.92105023447164,214.38000000000002,261.9262168596041,267.2256264987916,PPG
QB,2024,00-0039163,C.J. Stroud,17.0,12.654691461641345,12.610588235294118,15.407424521153182,15.71915449992892,214.38000000000002,194.97620353372065,198.92105023447164,214.38000000000002,261.9262168596041,267.2256264987916,SEASON
QB,2024,00-0039164,Anthony Richardson,11.0,5.111156780036059,14.041818181818185,14.128000908314917,16.06845239048225,154.46000000000004,72.21042763088938,82.12837938029998,238.71090909090913,240.17601544135357,273.16369063819826,PPG
QB,2024,00-0039164,Anthony Richardson,11.0,5.111156780036059,14.041818181818185,14.128000908314917,16.06845239048225,154.46000000000004,72.21042763088938,82.12837938029998,238.71090909090913,240.17601544135357,273.16369063819826,SEASON
QB,2025,00-0023459,Aaron Rodgers,16.0,13.809898298466194,13.93625,15.318340205953614,12.528565959180735,222.98,211.54472034552512,173.01822172191152,236.91625,260.41178350121146,212.9856213060725,PPG
QB,2025,00-0023459,Aaron Rodgers,16.0,13.809898298466194,13.93625,15.318340205953614,12.528565959180735,222.98,211.54472034552512,173.01822172191152,236.91625,260.41178350121146,212.9856213060725,SEASON
QB,2025,00-0026158,Joe Flacco,13.0,7.1518046285712,11.050769230769232,11.103273774621263,12.043710583264712,143.66000000000003,79.40844477362957,86.13426509456451,187.86307692307693,188.75565416856148,204.74307991550012,PPG
QB,2025,00-0026158,Joe Flacco,13.0,7.1518046285712,11.050769230769232,11.103273774621263,12.043710583264712,143.66000000000003,79.40844477362957,86.13426509456451,187.86307692307693,188.75565416856148,204.74307991550012,SEASON
QB,2025,00-0026300,Josh Johnson,3.0,5.154376527602701,7.46,5.4817395092208,4.6554769665857805,22.38,28.25494945676004,23.99608120136477,126.82,93.1895716567536,79.14310843195827,PPG
QB,2025,00-0026300,Josh Johnson,3.0,5.154376527602701,7.46,5.4817395092208,4.6554769665857805,22.38,28.25494945676004,23.99608120136477,126.82,93.1895716567536,79.14310843195827,SEASON
QB,2025,00-0026498,Matthew Stafford,17.0,13.144088931476695,20.316470588235298,14.437921234085787,9.814239105044898,345.38000000000005,189.77332068647934,128.9992315914864,345.38000000000005,245.44466097945838,166.84206478576326,PPG
QB,2025,00-0026498,Matthew Stafford,17.0,13.144088931476695,20.316470588235298,14.437921234085787,9.814239105044898,345.38000000000005,189.77332068647934,128.9992315914864,345.38000000000005,245.44466097945838,166.84206478576326,SEASON
QB,2025,00-0027973,Andy Dalton,4.0,6.485995261581701,1.9300000000000002,7.951902805654699,9.870388381587198,7.720000000000001,51.576003918034615,64.01929227294563,32.81,135.18234769612988,167.79660248698235,PPG
QB,2025,00-0027973,Andy Dalton,4.0,6.485995261581701,1.9300000000000002,7.951902805654699,9.870388381587198,7.720000000000001,51.576003918034615,64.01929227294563,32.81,135.18234769612988,167.79660248698235,SEASON
QB,2025,00-0029263,Russell Wilson,6.0,9.815042096529197,7.806666666666667,13.784269116906243,12.591709340443613,46.84,135.29318165232212,123.58815724371395,132.71333333333334,234.33257498740613,214.0590587875414,PPG
QB,2025,00-0029263,Russell Wilson,6.0,9.815042096529197,7.806666666666667,13.784269116906243,12.591709340443613,46.84,135.29318165232212,123.58815724371395,132.71333333333334,234.33257498740613,214.0590587875414,SEASON
QB,2025,00-0029604,Kirk Cousins,10.0,11.812470197497696,10.054,14.171111084396172,10.783800267943176,100.54,167.39582734985902,127.38331928084644,170.918,240.9088884347349,183.324604555034,PPG
QB,2025,00-0029604,Kirk Cousins,10.0,11.812470197497696,10.054,14.171111084396172,10.783800267943176,100.54,167.39582734985902,127.38331928084644,170.918,240.9088884347349,183.324604555034,SEASON
QB,2025,00-0030565,Geno Smith,15.0,13.809898298466194,11.326666666666666,15.364085377087699,14.724214557817062,169.9,212.17645650653276,203.339905568249,192.5533333333333,261.1894514104909,250.31164748289004,PPG
QB,2025,00-0030565,Geno Smith,15.0,13.809898298466194,11.326666666666666,15.364085377087699,14.724214557817062,169.9,212.17645650653276,203.339905568249,192.5533333333333,261.1894514104909,250.31164748289004,SEASON
QB,2025,00-0031503,Jameis Winston,3.0,9.815042096529197,10.66,11.139825924236373,11.130675550456305,31.98,109.33786039438726,109.24804909053692,181.22,189.37704071201833,189.2214843577572,PPG
QB,2025,00-0031503,Jameis Winston,3.0,9.815042096529197,10.66,11.139825924236373,11.130675550456305,31.98,109.33786039438726,109.24804909053692,181.22,189.37704071201833,189.2214843577572,SEASON
QB,2025,00-0032268,Marcus Mariota,10.0,4.4885671606132025,11.950000000000001,9.718475538872344,13.73077132138885,119.50000000000001,43.6220301550051,61.63148924307554,203.15,165.21408416082986,233.42311246361047,PPG
QB,2025,00-0032268,Marcus Mariota,10.0,4.4885671606132025,11.950000000000001,9.718475538872344,13.73077132138885,119.50000000000001,43.6220301550051,61.63148924307554,203.15,165.21408416082986,233.42311246361047,SEASON
QB,2025,00-0032434,Brandon Allen,1.0,4.4885671606132025,0.8799999999999999,4.3873434177875605,4.8884712445202725,0.8799999999999999,19.692885587413734,21.94223149375565,14.959999999999997,74.58483810238853,83.10401115684463,PPG
QB,2025,00-0032434,Brandon Allen,1.0,4.4885671606132025,0.8799999999999999,4.3873434177875605,4.8884712445202725,0.8799999999999999,19.692885587413734,21.94223149375565,14.959999999999997,74.58483810238853,83.10401115684463,SEASON
QB,2025,00-0033077,Dak Prescott,17.0,7.817613995560699,18.104705882352945,8.043167287606046,12.390091125136516,307.7800000000001,62.878377156225014,96.86094978613964,307.7800000000001,136.7338438893028,210.63154912732077,PPG
QB,2025,00-0033077,Dak Prescott,17.0,7.817613995560699,18.104705882352945,8.043167287606046,12.390091125136516,307.7800000000001,62.878377156225014,96.86094978613964,307.7800000000001,136.7338438893028,210.63154912732077,SEASON
QB,2025,00-0033106,Jared Goff,17.0,13.809898298466194,17.12117647058824,16.915106279776047,14.771273109246897,291.06000000000006,233.5958974314541,203.98977937756817,291.06000000000006,287.5568067561928,251.11164285719724,PPG
QB,2025,00-0033106,Jared Goff,17.0,13.809898298466194,17.12117647058824,16.915106279776047,14.771273109246897,291.06000000000006,233.5958974314541,203.98977937756817,291.06000000000006,287.5568067561928,251.11164285719724,SEASON
QB,2025,00-0033119,Jacoby Brissett,14.0,7.1518046285712,15.888571428571428,6.953325979414751,7.271309351317637,222.44,49.728828923542785,52.00298387452652,270.10571428571427,118.20654165005077,123.61225897239983,PPG
QB,2025,00-0033119,Jacoby Brissett,14.0,7.1518046285712,15.888571428571428,6.953325979414751,7.271309351317637,222.44,49.728828923542785,52.00298387452652,270.10571428571427,118.20654165005077,123.61225897239983,SEASON
QB,2025,00-0033319,Nick Mullens,4.0,5.154376527602701,0.19,4.525311862054812,3.224099257565337,0.76,23.325161241857394,16.61822153585607,3.23,76.9303016549318,54.809687378610725,PPG
QB,2025,00-0033319,Nick Mullens,4.0,5.154376527602701,0.19,4.525311862054812,3.224099257565337,0.76,23.325161241857394,16.61822153585607,3.23,76.9303016549318,54.809687378610725,SEASON
QB,2025,00-0033662,Cooper Rush,4.0,10.480851463518697,0.28000000000000025,11.510213641439629,9.159768557020481,1.120000000000001,120.6368394892954,96.00217368634065,4.760000000000004,195.6736319044737,155.71606546934817,PPG
QB,2025,00-0033662,Cooper Rush,4.0,10.480851463518697,0.28000000000000025,11.510213641439629,9.159768557020481,1.120000000000001,120.6368394892954,96.00217368634065,4.760000000000004,195.6736319044737,155.71606546934817,SEASON
QB,2025,00-0033869,Mitchell Trubisky,4.0,7.817613995560699,7.78,6.672093374259178,4.228059646655902,31.12,52.15985054229636,33.053338267762605,132.26,113.42558736240602,71.87701399315034,PPG
QB,2025,00-0033869,Mitchell Trubisky,4.0,7.817613995560699,7.78,6.672093374259178,4.228059646655902,31.12,52.15985054229636,33.053338267762605,132.26,113.42558736240602,71.87701399315034,SEASON
QB,2025,00-0033873,Patrick Mahomes,14.0,13.144088931476695,20.191428571428574,16.454052745391643,14.814621202511042,282.68000000000006,216.273532568636,194.72469857194534,343.25428571428574,279.71889667165794,251.8485604426877,PPG
QB,2025,00-0033873,Patrick Mahomes,14.0,13.144088931476695,20.191428571428574,16.454052745391643,14.814621202511042,282.68000000000006,216.273532568636,194.72469857194534,343.25428571428574,279.71889667165794,251.8485604426877,SEASON
QB,2025,00-0034771,Mason Rudolph,5.0,7.817613995560699,2.8,10.26717973229823,11.471155099404664,14.0,80.26484797015179,89.67706265035338,47.599999999999994,174.5420554490699,195.00963668987927,PPG
QB,2025,00-0034771,Mason Rudolph,5.0,7.817613995560699,2.8,10.26717973229823,11.471155099404664,14.0,80.26484797015179,89.67706265035338,47.599999999999994,174.5420554490699,195.00963668987927,SEASON
QB,2025,00-0034796,Lamar Jackson,13.0,13.809898298466194,16.143076923076922,21.846640036986248,20.483608163853933,209.85999999999999,301.69987707397985,282.8765455284547,274.4323076923077,371.3928806287662,348.2213387855169,PPG
QB,2025,00-0034796,Lamar Jackson,13.0,13.809898298466194,16.143076923076922,21.846640036986248,20.483608163853933,209.85999999999999,301.69987707397985,282.8765455284547,274.4323076923077,371.3928806287662,348.2213387855169,SEASON
QB,2025,00-0034855,Baker Mayfield,17.0,13.809898298466194,15.348235294117648,18.500060935179977,17.005762800175276,260.92,255.4839600302629,234.84785475826024,260.92,314.5010358980596,289.0979676029797,PPG
QB,2025,00-0034855,Baker Mayfield,17.0,13.809898298466194,15.348235294117648,18.500060935179977,17.005762800175276,260.92,255.4839600302629,234.84785475826024,260.92,314.5010358980596,289.0979676029797,SEASON
QB,2025,00-0034857,Josh Allen,16.0,13.144088931476695,22.35125,20.44482432681874,18.914911404038964,357.62,268.7285891401237,248.61927762569087,379.97125,347.56201355591855,321.5534938686624,PPG
QB,2025,00-0034857,Josh Allen,16.0,13.144088931476695,22.35125,20.44482432681874,18.914911404038964,357.62,268.7285891401237,248.61927762569087,379.97125,347.56201355591855,321.5534938686624,SEASON
QB,2025,00-0034869,Sam Darnold,17.0,13.809898298466194,13.260000000000002,16.120659786194743,14.854168619541445,225.42000000000002,222.62467215152319,205.13455794413534,225.42000000000002,274.0512163653106,252.52086653220456,PPG
QB,2025,00-0034869,Sam Darnold,17.0,13.809898298466194,13.260000000000002,16.120659786194743,14.854168619541445,225.42000000000002,222.62467215152319,205.13455794413534,225.42000000000002,274.0512163653106,252.52086653220456,SEASON
QB,2025,00-0035228,Kyler Murray,5.0,13.809898298466194,15.356000000000002,16.1284262408685,15.66602276043219,76.78,222.73192610070743,216.34618106302517,261.052,274.1832460947645,266.3223869273472,PPG
QB,2025,00-0035228,Kyler Murray,5.0,13.809898298466194,15.356000000000002,16.1284262408685,15.66602276043219,76.78,222.73192610070743,216.34618106302517,261.052,274.1832460947645,266.3223869273472,SEASON
QB,2025,00-0035289,Gardner Minshew,4.0,9.1492327295397,-0.08,10.910579560299803,9.46527737504914,-0.32,99.82343161134182,86.60002555397121,-1.36,185.47985252509665,160.9097153758354,PPG
QB,2025,00-0035289,Gardner Minshew,4.0,9.1492327295397,-0.08,10.910579560299803,9.46527737504914,-0.32,99.82343161134182,86.60002555397121,-1.36,185.47985252509665,160.9097153758354,SEASON
QB,2025,00-0035704,Drew Lock,3.0,7.1518046285712,-0.4666666666666666,6.41574557923075,10.300359199102138,-1.4,45.88415892927769,73.6661565960846,-7.933333333333333,109.06767484692274,175.10610638473634,PPG
QB,2025,00-0035704,Drew Lock,3.0,7.1518046285712,-0.4666666666666666,6.41574557923075,10.300359199102138,-1.4,45.88415892927769,73.6661565960846,-7.933333333333333,109.06767484692274,175.10610638473634,SEASON
QB,2025,00-0035710,Daniel Jones,13.0,9.1492327295397,16.80307692307692,11.076071339605866,13.212694362915272,218.43999999999994,101.33755441503861,120.88601571058909,285.6523076923076,188.29321277329973,224.61580416955962,PPG
QB,2025,00-0035710,Daniel Jones,13.0,9.1492327295397,16.80307692307692,11.076071339605866,13.212694362915272,218.43999999999994,101.33755441503861,120.88601571058909,285.6523076923076,188.29321277329973,224.61580416955962,SEASON
QB,2025,00-0035993,Tyler Huntley,5.0,5.820185894592202,8.028,9.21735480837149,12.240378488797688,40.14,53.64671844113535,71.24127822497012,136.476,156.6950317423153,208.0864343095607,PPG
QB,2025,00-0035993,Tyler Huntley,5.0,5.820185894592202,8.028,9.21735480837149,12.240378488797688,40.14,53.64671844113535,71.24127822497012,136.476,156.6950317423153,208.0864343095607,SEASON
QB,2025,00-0036212,Tua Tagovailoa,14.0,9.815042096529197,11.05,13.779891099458283,13.225877396837651,154.70000000000002,135.25021122677106,129.81254341349555,187.85000000000002,234.2581486907908,224.83991574624008,PPG
QB,2025,00-0036212,Tua Tagovailoa,14.0,9.815042096529197,11.05,13.779891099458283,13.225877396837651,154.70000000000002,135.25021122677106,129.81254341349555,187.85000000000002,234.2581486907908,224.83991574624008,SEASON
QB,2025,00-0036264,Jordan Love,15.0,12.478279564487195,15.342666666666666,13.392409852134735,12.716521360056767,230.14,167.11423417712984,158.68030861856127,260.82533333333333,227.6709674862905,216.18086312096503,PPG
QB,2025,00-0036264,Jordan Love,15.0,12.478279564487195,15.342666666666666,13.392409852134735,12.716521360056767,230.14,167.11423417712984,158.68030861856127,260.82533333333333,227.6709674862905,216.18086312096503,SEASON
QB,2025,00-0036355,Justin Herbert,16.0,13.809898298466194,17.4925,15.429622431326973,14.71832623962011,279.88,213.08151656035818,203.2585884928001,297.3725,262.3035813325585,250.21154607354185,PPG
QB,2025,00-0036355,Justin Herbert,16.0,13.809898298466194,17.4925,15.429622431326973,14.71832623962011,279.88,213.08151656035818,203.2585884928001,297.3725,262.3035813325585,250.21154607354185,SEASON
QB,2025,00-0036389,Jalen Hurts,16.0,12.478279564487195,18.378750000000004,18.913274028884576,17.254206395793265,294.06000000000006,236.0051208121768,215.30281107007136,312.4387500000001,321.5256584910378,293.3215087284855,PPG
QB,2025,00-0036389,Jalen Hurts,16.0,12.478279564487195,18.378750000000004,18.913274028884576,17.254206395793265,294.06000000000006,236.0051208121768,215.30281107007136,312.4387500000001,321.5256584910378,293.3215087284855,SEASON
QB,2025,00-0036442,Joe Burrow,8.0,13.809898298466194,16.8075,16.87305789934675,16.80237140669643,134.46,233.01521357411028,232.03904029953407,285.7275,286.84198428889476,285.6403139138393,PPG
QB,2025,00-0036442,Joe Burrow,8.0,13.809898298466194,16.8075,16.87305789934675,16.80237140669643,134.46,233.01521357411028,232.03904029953407,285.7275,286.84198428889476,285.6403139138393,SEASON
QB,2025,00-0036898,Davis Mills,6.0,5.154376527602701,11.266666666666667,5.2276219663950325,4.379094263635897,67.60000000000001,26.945131958766833,22.571500684644505,191.53333333333336,88.86957342871555,74.44460248181025,PPG
QB,2025,00-0036898,Davis Mills,6.0,5.154376527602701,11.266666666666667,5.2276219663950325,4.379094263635897,67.60000000000001,26.945131958766833,22.571500684644505,191.53333333333336,88.86957342871555,74.44460248181025,SEASON
QB,2025,00-0036945,Justin Fields,9.0,9.1492327295397,15.406666666666665,10.736881472026054,11.461135313116582,138.65999999999997,98.23422737704917,104.86059432444947,261.9133333333333,182.52698502444292,194.8393003229819,PPG
QB,2025,00-0036945,Justin Fields,9.0,9.1492327295397,15.406666666666665,10.736881472026054,11.461135313116582,138.65999999999997,98.23422737704917,104.86059432444947,261.9133333333333,182.52698502444292,194.8393003229819,SEASON
QB,2025,00-0036971,Trevor Lawrence,17.0,9.1492327295397,19.598823529411767,11.216183245170626,12.746070968706102,333.18000000000006,102.61947084722989,116.61676967992165,333.18000000000006,190.67511516790063,216.68320646800373,PPG
QB,2025,00-0036971,Trevor Lawrence,17.0,9.1492327295397,19.598823529411767,11.216183245170626,12.746070968706102,333.18000000000006,102.61947084722989,116.61676967992165,333.18000000000006,190.67511516790063,216.68320646800373,SEASON
QB,2025,00-0036972,Mac Jones,11.0,9.1492327295397,11.458181818181819,7.531107441617893,9.865206955003964,126.04,68.90385469453042,90.25907435640495,194.78909090909093,128.0288265075042,167.7085182350674,PPG
QB,2025,00-0036972,Mac Jones,11.0,9.1492327295397,11.458181818181819,7.531107441617893,9.865206955003964,126.04,68.90385469453042,90.25907435640495,194.78909090909093,128.0288265075042,167.7085182350674,SEASON
QB,2025,00-0037012,Trey Lance,4.0,5.154376527602701,3.1350000000000002,4.130366547717214,3.7173706872726897,12.540000000000001,21.28946438394901,19.160728214876674,53.295,70.21623131119264,63.195301683635726,PPG
QB,2025,00-0037012,Trey Lance,4.0,5.154376527602701,3.1350000000000002,4.130366547717214,3.7173706872726897,12.540000000000001,21.28946438394901,19.160728214876674,53.295,70.21623131119264,63.195301683635726,SEASON
QB,2025,00-0037834,Brock Purdy,9.0,12.478279564487195,19.375555555555554,14.999279056205504,15.088704433380201,174.38,187.16519732908992,188.2810721856355,329.3844444444444,254.98774395549356,256.5079753674634,PPG
QB,2025,00-0037834,Brock Purdy,9.0,12.478279564487195,19.375555555555554,14.999279056205504,15.088704433380201,174.38,187.16519732908992,188.2810721856355,329.3844444444444,254.98774395549356,256.5079753674634,SEASON
QB,2025,00-0038102,Kenny Pickett,6.0,5.820185894592202,1.1199999999999999,1.5277597431382763,6.269890961584579,6.719999999999999,8.8918457073392,36.491930935245705,19.04,25.971915633350697,106.58814634693785,PPG
QB,2025,00-0038102,Kenny Pickett,6.0,5.820185894592202,1.1199999999999999,1.5277597431382763,6.269890961584579,6.719999999999999,8.8918457073392,36.491930935245705,19.04,25.971915633350697,106.58814634693785,SEASON
QB,2025,00-0038128,Malik Willis,4.0,6.485995261581701,12.294999999999998,6.043505982751679,9.18283519429874,49.17999999999999,39.19815116746805,59.559825558107306,209.01499999999996,102.73960170677854,156.10819830307858,PPG
QB,2025,00-0038128,Malik Willis,4.0,6.485995261581701,12.294999999999998,6.043505982751679,9.18283519429874,49.17999999999999,39.19815116746805,59.559825558107306,209.01499999999996,102.73960170677854,156.10819830307858,SEASON
QB,2025,00-0038416,Tyson Bagent,2.0,5.154376527602701,0.79,4.329029199230305,3.232074285653874,1.58,22.313446491819402,16.659327833442596,13.43,73.59349638691519,54.94526285611585,PPG
QB,2025,00-0038416,Tyson Bagent,2.0,5.154376527602701,0.79,4.329029199230305,3.232074285653874,1.58,22.313446491819402,16.659327833442596,13.43,73.59349638691519,54.94526285611585,SEASON
QB,2025,00-0038579,Aidan O'Connell,1.0,8.4834233625502,4.78,10.844282198102274,10.169908052868205,4.78,91.99663694946807,86.27563557068954,81.26,184.35279736773865,172.8884368987595,PPG
QB,2025,00-0038579,Aidan O'Connell,1.0,8.4834233625502,4.78,10.844282198102274,10.169908052868205,4.78,91.99663694946807,86.27563557068954,81.26,184.35279736773865,172.8884368987595,SEASON
QB,2025,00-0038582,Clayton Tune,2.0,5.820185894592202,0.4900000000000001,5.290188980696546,2.7748054087053027,0.9800000000000002,30.789883285177133,16.14988329998475,8.330000000000002,89.93321267184128,47.17169194799015,PPG
QB,2025,00-0038582,Clayton Tune,2.0,5.820185894592202,0.4900000000000001,5.290188980696546,2.7748054087053027,0.9800000000000002,30.789883285177133,16.14988329998475,8.330000000000002,89.93321267184128,47.17169194799015,SEASON
QB,2025,00-0039150,Bryce Young,16.0,11.812470197497696,13.2525,12.74856162592978,13.15326413796455,212.04,150.5920042672583,155.37254062952147,225.2925,216.72554764080624,223.60549034539736,PPG
QB,2025,00-0039150,Bryce Young,16.0,11.812470197497696,13.2525,12.74856162592978,13.15326413796455,212.04,150.5920042672583,155.37254062952147,225.2925,216.72554764080624,223.60549034539736,SEASON
QB,2025,00-0039163,C.J. Stroud,14.0,13.809898298466194,14.752857142857145,13.277379922995777,12.037741468877973,206.54000000000002,183.3592664066686,166.23998542843387,250.79857142857148,225.71545869092822,204.64160497092556,PPG
QB,2025,00-0039163,C.J. Stroud,14.0,13.809898298466194,14.752857142857145,13.277379922995777,12.037741468877973,206.54000000000002,183.3592664066686,166.23998542843387,250.79857142857148,225.71545869092822,204.64160497092556,SEASON
QB,2025,00-0039164,Anthony Richardson,2.0,9.815042096529197,0.18,13.983677874118241,15.113828894258333,0.36,137.25038699877445,148.34286683688487,3.06,237.72252386001009,256.9350912023917,PPG
QB,2025,00-0039164,Anthony Richardson,2.0,9.815042096529197,0.18,13.983677874118241,15.113828894258333,0.36,137.25038699877445,148.34286683688487,3.06,237.72252386001009,256.9350912023917,SEASON
QB,2025,00-0039376,Spencer Rattler,9.0,7.1518046285712,10.46,7.737121263217683,9.968755230868913,94.14000000000001,55.33437966209688,71.29458980122165,177.82000000000002,131.5310614747006,169.46883892477152,PPG
QB,2025,00-0039376,Spencer Rattler,9.0,7.1518046285712,10.46,7.737121263217683,9.968755230868913,94.14000000000001,55.33437966209688,71.29458980122165,177.82000000000002,131.5310614747006,169.46883892477152,SEASON
QB,2025,00-0039732,Bo Nix,17.0,13.809898298466194,17.696470588235297,18.650677780525452,15.992471103860128,300.84000000000003,257.5639633465197,220.85439948546775,300.84000000000003,317.06152226893266,271.8720087656222,PPG
QB,2025,00-0039732,Bo Nix,17.0,13.809898298466194,17.696470588235297,18.650677780525452,15.992471103860128,300.84000000000003,257.5639633465197,220.85439948546775,300.84000000000003,317.06152226893266,271.8720087656222,SEASON
QB,2025,00-0039851,Drake Maye,17.0,11.146660830508196,20.162352941176472,13.31676879529177,13.313911753371867,342.76000000000005,148.4375051194126,148.4056586421529,342.76000000000005,226.3850695199601,226.33649980732173,PPG
QB,2025,00-0039851,Drake Maye,17.0,11.146660830508196,20.162352941176472,13.31676879529177,13.313911753371867,342.76000000000005,148.4375051194126,148.4056586421529,342.76000000000005,226.3850695199601,226.33649980732173,SEASON
QB,2025,00-0039910,Jayden Daniels,7.0,13.809898298466194,15.897142857142855,21.68032979493041,19.55771080376906,111.27999999999999,299.40314954519545,270.08999715086424,270.25142857142856,368.565606513817,332.481083664074,PPG
QB,2025,00-0039910,Jayden Daniels,7.0,13.809898298466194,15.897142857142855,21.68032979493041,19.55771080376906,111.27999999999999,299.40314954519545,270.08999715086424,270.25142857142856,368.565606513817,332.481083664074,SEASON
QB,2025,00-0039917,Michael Penix Jr.,9.0,5.820185894592202,12.92,6.297420406032279,8.626878515258031,116.28,36.65215741950616,50.21003664886531,219.64,107.05614690254873,146.65693475938653,PPG
QB,2025,00-0039917,Michael Penix Jr.,9.0,5.820185894592202,12.92,6.297420406032279,8.626878515258031,116.28,36.65215741950616,50.21003664886531,219.64,107.05614690254873,146.65693475938653,SEASON
QB,2025,00-0039918,Caleb Williams,17.0,13.809898298466194,17.67529411764706,16.290204950069377,13.654995553873702,300.48,224.96607362162868,188.5740998650039,300.48,276.9334841511794,232.13492441585294,PPG
QB,2025,00-0039918,Caleb Williams,17.0,13.809898298466194,17.67529411764706,16.290204950069377,13.654995553873702,300.48,224.96607362162868,188.5740998650039,300.48,276.9334841511794,232.13492441585294,SEASON
RB,2022,00-0027966,Mark Ingram,10.0,11.44338065792474,4.8100000000000005,7.541755182285925,7.819216591270479,48.10000000000001,86.30317537977443,89.47827190066882,81.77000000000001,128.20983809886073,132.92668205159814,PPG
RB,2022,00-0027966,Mark Ingram,10.0,11.44338065792474,4.8100000000000005,7.541755182285925,7.819216591270479,48.10000000000001,86.30317537977443,89.47827190066882,81.77000000000001,128.20983809886073,132.92668205159814,SEASON
RB,2022,00-0028063,Taiwan Jones,7.0,8.351572880775356,0.0,1.5612635545442899,1.7277319233658994,0.0,13.039006361875026,14.429279076432492,0.0,26.541480427252928,29.37144269722029,PPG
RB,2022,00-0028063,Taiwan Jones,7.0,8.351572880775356,0.0,1.5612635545442899,1.7277319233658994,0.0,13.039006361875026,14.429279076432492,0.0,26.541480427252928,29.37144269722029,SEASON
RB,2022,00-0029239,Brandon Bolden,13.0,12.326754308538849,2.0999999999999996,7.47491376522409,7.323187488252716,27.299999999999997,92.1414254614324,90.27113292305697,35.699999999999996,127.07353400880953,124.49418730029618,PPG
RB,2022,00-0029239,Brandon Bolden,13.0,12.326754308538849,2.0999999999999996,7.47491376522409,7.323187488252716,27.299999999999997,92.1414254614324,90.27113292305697,35.699999999999996,127.07353400880953,124.49418730029618,SEASON
RB,2022,00-0030288,Rex Burkhead,15.0,11.885067483231794,4.76,5.921339403857772,6.7391094416123405,71.39999999999999,70.37551840596913,80.0947704904472,80.92,100.66276986558212,114.56486050740979,PPG
RB,2022,00-0030288,Rex Burkhead,15.0,11.885067483231794,4.76,5.921339403857772,6.7391094416123405,71.39999999999999,70.37551840596913,80.0947704904472,80.92,100.66276986558212,114.56486050740979,SEASON
RB,2022,00-0030456,Giovani Bernard,4.0,9.67663335669652,0.9500000000000002,6.729187808685905,6.141740753702937,3.8000000000000007,65.11588321300559,59.43137344546427,16.150000000000002,114.3961927476604,104.40959281294992,PPG
RB,2022,00-0030456,Giovani Bernard,4.0,9.67663335669652,0.9500000000000002,6.729187808685905,6.141740753702937,3.8000000000000007,65.11588321300559,59.43137344546427,16.150000000000002,114.3961927476604,104.40959281294992,SEASON
RB,2022,00-0030513,Latavius Murray,13.0,11.44338065792474,11.784615384615385,6.816704744829762,6.6894252408760755,153.20000000000002,78.0061472277687,76.54963941407483,200.33846153846156,115.88398066210596,113.72022909489328,PPG
RB,2022,00-0030513,Latavius Murray,13.0,11.44338065792474,11.784615384615385,6.816704744829762,6.6894252408760755,153.20000000000002,78.0061472277687,76.54963941407483,200.33846153846156,115.88398066210596,113.72022909489328,SEASON
RB,2022,00-0030578,Cordarrelle Patterson,13.0,12.326754308538849,11.361538461538462,11.76316463099011,11.536189630862955,147.70000000000002,145.00164029710913,142.2037752363611,193.14615384615385,199.97379872683186,196.11522372467024,PPG
RB,2022,00-0030578,Cordarrelle Patterson,13.0,12.326754308538849,11.361538461538462,11.76316463099011,11.536189630862955,147.70000000000002,145.00164029710913,142.2037752363611,193.14615384615385,199.97379872683186,196.11522372467024,SEASON
RB,2022,00-0030874,Damien Williams,1.0,10.56000700731063,0.2,5.258267826120982,5.053073083981666,0.2,55.5273450901536,53.36048717529913,3.4000000000000004,89.3905530440567,85.90224242768834,PPG
RB,2022,00-0030874,Damien Williams,1.0,10.56000700731063,0.2,5.258267826120982,5.053073083981666,0.2,55.5273450901536,53.36048717529913,3.4000000000000004,89.3905530440567,85.90224242768834,SEASON
RB,2022,00-0031376,Jerick McKinnon,17.0,9.234946531389465,11.488235294117647,5.632868064615406,4.454299817249061,195.3,52.019235395094526,41.13522064707294,195.3,95.7587570984619,75.72309689323404,PPG
RB,2022,00-0031376,Jerick McKinnon,17.0,9.234946531389465,11.488235294117647,5.632868064615406,4.454299817249061,195.3,52.019235395094526,41.13522064707294,195.3,95.7587570984619,75.72309689323404,SEASON
RB,2022,00-0031806,Malcolm Brown,7.0,7.9098860554683,3.257142857142857,3.955154171014417,4.328912709905347,22.8,31.284818824534224,34.24120627941979,55.371428571428574,67.23762090724509,73.5915160683909,PPG
RB,2022,00-0031806,Malcolm Brown,7.0,7.9098860554683,3.257142857142857,3.955154171014417,4.328912709905347,22.8,31.284818824534224,34.24120627941979,55.371428571428574,67.23762090724509,73.5915160683909,SEASON
RB,2022,00-0032058,Tevin Coleman,2.0,10.118320182003576,11.0,5.601818782806977,5.852581162060633,22.0,56.68099604600254,59.21829008889204,187.0,95.23091930771861,99.49387975503076,PPG
RB,2022,00-0032058,Tevin Coleman,2.0,10.118320182003576,11.0,5.601818782806977,5.852581162060633,22.0,56.68099604600254,59.21829008889204,187.0,95.23091930771861,99.49387975503076,SEASON
RB,2022,00-0032063,Mike Davis,5.0,12.768441133845904,0.6400000000000001,8.259969709051768,8.088513567039803,3.2000000000000006,105.46693699737779,103.27770934106168,10.880000000000003,140.41948505388007,137.50473063967664,PPG
RB,2022,00-0032063,Mike Davis,5.0,12.768441133845904,0.6400000000000001,8.259969709051768,8.088513567039803,3.2000000000000006,105.46693699737779,103.27770934106168,10.880000000000003,140.41948505388007,137.50473063967664,SEASON
RB,2022,00-0032104,Ameer Abdullah,16.0,12.768441133845904,3.38125,6.74200012421973,5.966082374312917,54.1,86.0848317104814,76.17757159609009,57.48125,114.6140021117354,101.42340036331959,PPG
RB,2022,00-0032104,Ameer Abdullah,16.0,12.768441133845904,3.38125,6.74200012421973,5.966082374312917,54.1,86.0848317104814,76.17757159609009,57.48125,114.6140021117354,101.42340036331959,SEASON
RB,2022,00-0032144,Melvin Gordon,10.0,12.326754308538849,8.21,10.669637129888129,10.360283938183763,82.10000000000001,131.52199546139457,127.70867467269252,139.57000000000002,181.38383120809817,176.12482694912396,PPG
RB,2022,00-0032144,Melvin Gordon,10.0,12.326754308538849,8.21,10.669637129888129,10.360283938183763,82.10000000000001,131.52199546139457,127.70867467269252,139.57000000000002,181.38383120809817,176.12482694912396,SEASON
RB,2022,00-0032187,David Johnson,4.0,11.001693832617685,2.0250000000000004,7.559348713577733,6.948031639966465,8.100000000000001,83.16564012077457,76.4401168422516,34.425000000000004,128.50892813082146,118.1165378794299,PPG
RB,2022,00-0032187,David Johnson,4.0,11.001693832617685,2.0250000000000004,7.559348713577733,6.948031639966465,8.100000000000001,83.16564012077457,76.4401168422516,34.425000000000004,128.50892813082146,118.1165378794299,SEASON
RB,2022,00-0032257,Duke Johnson,1.0,7.468199230161245,0.4,9.13091672909091,10.054419655018828,0.4,68.19150528686316,75.0884091273297,6.800000000000001,155.22558439454545,170.92513413532006,PPG
RB,2022,00-0032257,Duke Johnson,1.0,7.468199230161245,0.4,9.13091672909091,10.054419655018828,0.4,68.19150528686316,75.0884091273297,6.800000000000001,155.22558439454545,170.92513413532006,SEASON
RB,2022,00-0032450,Dwayne Washington,7.0,8.79325970608241,0.7857142857142858,1.9920986333714585,2.189924895311096,5.500000000000001,17.517040643367082,19.2565783412858,13.35714285714286,33.865676767314795,37.22872322028863,PPG
RB,2022,00-0032450,Dwayne Washington,7.0,8.79325970608241,0.7857142857142858,1.9920986333714585,2.189924895311096,5.500000000000001,17.517040643367082,19.2565783412858,13.35714285714286,33.865676767314795,37.22872322028863,SEASON
RB,2022,00-0032602,J.D. McKissic,8.0,10.118320182003576,6.975,9.924987144995377,9.755201829693648,55.8,100.42419773533277,98.70625555290745,118.57499999999999,168.72478146492142,165.83843110479202,PPG
RB,2022,00-0032602,J.D. McKissic,8.0,10.118320182003576,6.975,9.924987144995377,9.755201829693648,55.8,100.42419773533277,98.70625555290745,118.57499999999999,168.72478146492142,165.83843110479202,SEASON
RB,2022,00-0032764,Derrick Henry,16.0,8.79325970608241,18.2875,17.47611923859052,17.943198128868033,292.6,153.67205511938963,157.77920110482856,310.88750000000005,297.09402705603884,305.0343681907566,PPG
RB,2022,00-0032764,Derrick Henry,16.0,8.79325970608241,18.2875,17.47611923859052,17.943198128868033,292.6,153.67205511938963,157.77920110482856,310.88750000000005,297.09402705603884,305.0343681907566,SEASON
RB,2022,00-0032780,Jordan Howard,1.0,8.351572880775356,0.1,8.1592367082349,8.453632772108882,0.1,68.14246002032138,70.60113020357834,1.7000000000000002,138.7070240399933,143.711757125851,PPG
RB,2022,00-0032780,Jordan Howard,1.0,8.351572880775356,0.1,8.1592367082349,8.453632772108882,0.1,68.14246002032138,70.60113020357834,1.7000000000000002,138.7070240399933,143.711757125851,SEASON
RB,2022,00-0032975,Jonathan Williams,9.0,7.468199230161245,2.9111111111111114,3.83570188491739,4.708464180977017,26.200000000000003,28.64578586406809,35.163748571614356,49.488888888888894,65.20693204359563,80.04389107660928,PPG
RB,2022,00-0032975,Jonathan Williams,9.0,7.468199230161245,2.9111111111111114,3.83570188491739,4.708464180977017,26.200000000000003,28.64578586406809,35.163748571614356,49.488888888888894,65.20693204359563,80.04389107660928,SEASON
RB,2022,00-0033045,Ezekiel Elliott,15.0,12.768441133845904,12.386666666666667,12.305483576176387,11.788047063445712,185.8,157.12184266591578,150.51498501261165,210.57333333333332,209.19322079499858,200.3968000785771,PPG
RB,2022,00-0033045,Ezekiel Elliott,15.0,12.768441133845904,12.386666666666667,12.305483576176387,11.788047063445712,185.8,157.12184266591578,150.51498501261165,210.57333333333332,209.19322079499858,200.3968000785771,SEASON
RB,2022,00-0033118,Kenyan Drake,12.0,10.56000700731063,8.591666666666667,8.109664019132342,8.489933687598473,103.1,85.63810886897241,89.65375923264244,146.05833333333334,137.86428832524982,144.32887268917403,PPG
RB,2022,00-0033118,Kenyan Drake,12.0,10.56000700731063,8.591666666666667,8.109664019132342,8.489933687598473,103.1,85.63810886897241,89.65375923264244,146.05833333333334,137.86428832524982,144.32887268917403,SEASON
RB,2022,00-0033280,Christian McCaffrey,17.0,8.351572880775356,20.588235294117645,14.189187445756193,15.466882309532192,349.99999999999994,118.50203307221557,129.17279484643316,349.99999999999994,241.2161865778553,262.93699926204727,PPG
RB,2022,00-0033280,Christian McCaffrey,17.0,8.351572880775356,20.588235294117645,14.189187445756193,15.466882309532192,349.99999999999994,118.50203307221557,129.17279484643316,349.99999999999994,241.2161865778553,262.93699926204727,SEASON
RB,2022,00-0033293,Aaron Jones,17.0,11.885067483231794,14.329411764705881,12.92427452035427,12.541752705968243,243.59999999999997,153.6058748462237,149.05957726843752,243.59999999999997,219.71266684602259,213.20979600146012,PPG
RB,2022,00-0033293,Aaron Jones,17.0,11.885067483231794,14.329411764705881,12.92427452035427,12.541752705968243,243.59999999999997,153.6058748462237,149.05957726843752,243.59999999999997,219.71266684602259,213.20979600146012,SEASON
RB,2022,00-0033308,Matt Breida,17.0,8.351572880775356,3.5176470588235293,6.3410425873048215,6.1859097115329105,59.8,52.95767930797654,51.66207578976316,59.8,107.79772398418197,105.16046509605948,PPG
RB,2022,00-0033308,Matt Breida,17.0,8.351572880775356,3.5176470588235293,6.3410425873048215,6.1859097115329105,59.8,52.95767930797654,51.66207578976316,59.8,107.79772398418197,105.16046509605948,SEASON
RB,2022,00-0033376,Patrick Ricard,13.0,8.79325970608241,1.5384615384615385,3.5314552189243043,4.20934971882927,20.0,31.053002880401518,37.01390527139074,26.153846153846157,60.034738721713175,71.5589452200976,PPG
RB,2022,00-0033376,Patrick Ricard,13.0,8.79325970608241,1.5384615384615385,3.5314552189243043,4.20934971882927,20.0,31.053002880401518,37.01390527139074,26.153846153846157,60.034738721713175,71.5589452200976,SEASON
RB,2022,00-0033526,Samaje Perine,16.0,11.885067483231794,8.881250000000001,6.58023384173451,5.785968903333161,142.10000000000002,78.20652326446026,68.76663087199528,150.98125000000002,111.86397530948668,98.36147135666373,PPG
RB,2022,00-0033526,Samaje Perine,16.0,11.885067483231794,8.881250000000001,6.58023384173451,5.785968903333161,142.10000000000002,78.20652326446026,68.76663087199528,150.98125000000002,111.86397530948668,98.36147135666373,SEASON
RB,2022,00-0033553,James Conner,13.0,11.885067483231794,15.16923076923077,12.529446064519444,12.835197698598733,197.20000000000002,148.9133120043266,152.54719080846735,257.8769230769231,213.00058309683055,218.19836087617847,PPG
RB,2022,00-0033553,James Conner,13.0,11.885067483231794,15.16923076923077,12.529446064519444,12.835197698598733,197.20000000000002,148.9133120043266,152.54719080846735,257.8769230769231,213.00058309683055,218.19836087617847,SEASON
RB,2022,00-0033699,Austin Ekeler,17.0,12.326754308538849,21.629411764705882,16.22763154379356,15.579888116563854,367.7,200.0340270498382,192.0494529674067,367.7,275.8697362444905,264.8580979815855,PPG
RB,2022,00-0033699,Austin Ekeler,17.0,12.326754308538849,21.629411764705882,16.22763154379356,15.579888116563854,367.7,200.0340270498382,192.0494529674067,367.7,275.8697362444905,264.8580979815855,SEASON
RB,2022,00-0033725,Corey Clement,5.0,10.118320182003576,4.380000000000001,4.609869844053324,3.5506312725340656,21.900000000000006,46.64413907949442,35.92642406373447,74.46000000000001,78.3677873489065,60.36073163307911,PPG
RB,2022,00-0033725,Corey Clement,5.0,10.118320182003576,4.380000000000001,4.609869844053324,3.5506312725340656,21.900000000000006,46.64413907949442,35.92642406373447,74.46000000000001,78.3677873489065,60.36073163307911,SEASON
RB,2022,00-0033854,Dare Ogunbowale,15.0,11.001693832617685,3.246666666666666,4.490010065980333,4.50584432046908,48.69999999999999,49.397716051287155,49.5719196712401,55.19333333333333,76.33017112166566,76.59935344797437,PPG
RB,2022,00-0033854,Dare Ogunbowale,15.0,11.001693832617685,3.246666666666666,4.490010065980333,4.50584432046908,48.69999999999999,49.397716051287155,49.5719196712401,55.19333333333333,76.33017112166566,76.59935344797437,SEASON
RB,2022,00-0033856,Leonard Fournette,16.0,11.44338065792474,14.256250000000001,14.404039325341865,14.345990421874749,228.10000000000002,164.83090501160441,164.1666293124551,242.35625000000002,244.8686685308117,243.88183717187073,PPG
RB,2022,00-0033856,Leonard Fournette,16.0,11.44338065792474,14.256250000000001,14.404039325341865,14.345990421874749,228.10000000000002,164.83090501160441,164.1666293124551,242.35625000000002,244.8686685308117,243.88183717187073,SEASON
RB,2022,00-0033893,Dalvin Cook,17.0,11.001693832617685,13.75294117647059,12.852813444768836,13.405309219266375,233.8,141.40271840709897,147.48110776193587,233.8,218.4978285610702,227.89025672752837,PPG
RB,2022,00-0033893,Dalvin Cook,17.0,11.001693832617685,13.75294117647059,12.852813444768836,13.405309219266375,233.8,141.40271840709897,147.48110776193587,233.8,218.4978285610702,227.89025672752837,SEASON
RB,2022,00-0033897,Joe Mixon,14.0,12.326754308538849,17.107142857142858,14.128950797439304,13.681565839167792,239.5,174.16410511746835,168.6493006555195,290.82142857142856,240.19216355646816,232.58661926585248,PPG
RB,2022,00-0033897,Joe Mixon,14.0,12.326754308538849,17.107142857142858,14.128950797439304,13.681565839167792,239.5,174.16410511746835,168.6493006555195,290.82142857142856,240.19216355646816,232.58661926585248,SEASON
RB,2022,00-0033906,Alvin Kamara,15.0,11.001693832617685,13.846666666666666,14.153718878587252,14.445276330226138,207.7,155.71488169515786,158.9225075127071,235.39333333333332,240.6132209359833,245.56969761384434,PPG
RB,2022,00-0033906,Alvin Kamara,15.0,11.001693832617685,13.846666666666666,14.153718878587252,14.445276330226138,207.7,155.71488169515786,158.9225075127071,235.39333333333332,240.6132209359833,245.56969761384434,SEASON
RB,2022,00-0033923,Kareem Hunt,17.0,8.79325970608241,7.4,11.570539443111441,11.467558865472016,125.80000000000001,101.74275826274904,100.83722329888319,125.80000000000001,196.6991705328945,194.9485007130243,PPG
RB,2022,00-0033923,Kareem Hunt,17.0,8.79325970608241,7.4,11.570539443111441,11.467558865472016,125.80000000000001,101.74275826274904,100.83722329888319,125.80000000000001,196.6991705328945,194.9485007130243,SEASON
RB,2022,00-0033925,D'Onta Foreman,16.0,9.234946531389465,8.125,8.829132643092391,9.4316447115751,130.0,81.53656787750357,87.10073461445826,138.125,150.09525493257064,160.3379600967767,PPG
RB,2022,00-0033925,D'Onta Foreman,16.0,9.234946531389465,8.125,8.829132643092391,9.4316447115751,130.0,81.53656787750357,87.10073461445826,138.125,150.09525493257064,160.3379600967767,SEASON
RB,2022,00-0033948,Jamaal Williams,17.0,11.001693832617685,13.111764705882354,8.811053179364102,8.815830841000242,222.90000000000003,96.93650942227647,96.98907179283313,222.90000000000003,149.78790404918973,149.8691242970041,PPG
RB,2022,00-0033948,Jamaal Williams,17.0,11.001693832617685,13.111764705882354,8.811053179364102,8.815830841000242,222.90000000000003,96.93650942227647,96.98907179283313,222.90000000000003,149.78790404918973,149.8691242970041,SEASON
RB,2022,00-0033951,Marlon Mack,7.0,7.468199230161245,5.4714285714285715,3.7604968474586555,3.915253665856615,38.3,28.084139661214518,29.239894413236364,93.01428571428572,63.92844640679714,66.55931231956245,PPG
RB,2022,00-0033951,Marlon Mack,7.0,7.468199230161245,5.4714285714285715,3.7604968474586555,3.915253665856615,38.3,28.084139661214518,29.239894413236364,93.01428571428572,63.92844640679714,66.55931231956245,SEASON
RB,2022,00-0034109,Phillip Lindsay,3.0,11.44338065792474,4.933333333333334,4.616227007199718,4.43576032844556,14.8,52.825242846779055,50.76009394572381,83.86666666666667,78.47585912239519,75.40792558357451,PPG
RB,2022,00-0034109,Phillip Lindsay,3.0,11.44338065792474,4.933333333333334,4.616227007199718,4.43576032844556,14.8,52.825242846779055,50.76009394572381,83.86666666666667,78.47585912239519,75.40792558357451,SEASON
RB,2022,00-0034115,Jeff Wilson,16.0,8.79325970608241,9.71875,5.329122516701848,6.053903548949153,155.5,46.860358294890844,53.233546141483885,165.21875,90.59508278393142,102.9163603321356,PPG
RB,2022,00-0034115,Jeff Wilson,16.0,8.79325970608241,9.71875,5.329122516701848,6.053903548949153,155.5,46.860358294890844,53.233546141483885,165.21875,90.59508278393142,102.9163603321356,SEASON
RB,2022,00-0034164,Trenton Cannon,1.0,9.67663335669652,0.0,1.5472588871872752,1.7581189499780305,0.0,14.972256959201525,17.01267247639767,0.0,26.30340108218368,29.88802214962652,PPG
RB,2022,00-0034164,Trenton Cannon,1.0,9.67663335669652,0.0,1.5472588871872752,1.7581189499780305,0.0,14.972256959201525,17.01267247639767,0.0,26.30340108218368,29.88802214962652,SEASON
RB,2022,00-0034208,Mike Boone,8.0,6.584825579547136,3.6000000000000005,3.4258930675104335,3.7619573076487853,28.800000000000004,22.558908303735905,24.771832708569995,61.20000000000001,58.24018214767737,63.95327423002935,PPG
RB,2022,00-0034208,Mike Boone,8.0,6.584825579547136,3.6000000000000005,3.4258930675104335,3.7619573076487853,28.800000000000004,22.558908303735905,24.771832708569995,61.20000000000001,58.24018214767737,63.95327423002935,SEASON
RB,2022,00-0034253,Dontrell Hilliard,12.0,8.79325970608241,6.433333333333334,8.573407463018246,8.79113503257461,77.2,75.38819838838455,77.3027334526678,109.36666666666667,145.74792687131017,149.44929555376837,PPG
RB,2022,00-0034253,Dontrell Hilliard,12.0,8.79325970608241,6.433333333333334,8.573407463018246,8.79113503257461,77.2,75.38819838838455,77.3027334526678,109.36666666666667,145.74792687131017,149.44929555376837,SEASON
RB,2022,00-0034301,Darrel Williams,5.0,12.768441133845904,4.220000000000001,9.998842006057771,9.696875972335242,21.1,127.66962556097434,123.8139900349673,71.74000000000001,169.9803141029821,164.84689152969912,PPG
RB,2022,00-0034301,Darrel Williams,5.0,12.768441133845904,4.220000000000001,9.998842006057771,9.696875972335242,21.1,127.66962556097434,123.8139900349673,71.74000000000001,169.9803141029821,164.84689152969912,SEASON
RB,2022,00-0034367,Nyheim Hines,16.0,12.768441133845904,4.3374999999999995,7.83067903501052,6.778703560709269,69.39999999999999,99.98556429657307,86.55347737870794,73.7375,133.12154359517885,115.23796053205758,PPG
RB,2022,00-0034367,Nyheim Hines,16.0,12.768441133845904,4.3374999999999995,7.83067903501052,6.778703560709269,69.39999999999999,99.98556429657307,86.55347737870794,73.7375,133.12154359517885,115.23796053205758,SEASON
RB,2022,00-0034414,Boston Scott,15.0,10.118320182003576,3.08,7.827868143517038,7.986214944536238,46.2,79.2048762186113,80.80707985111958,52.36,133.07375843978966,135.76565405711605,PPG
RB,2022,00-0034414,Boston Scott,15.0,10.118320182003576,3.08,7.827868143517038,7.986214944536238,46.2,79.2048762186113,80.80707985111958,52.36,133.07375843978966,135.76565405711605,SEASON
RB,2022,00-0034440,Justin Jackson,15.0,11.44338065792474,3.406666666666667,6.241256379060011,6.667673840126355,51.10000000000001,71.42107252928473,76.3007298554527,57.91333333333334,106.10135844402018,113.35045528214803,PPG
RB,2022,00-0034440,Justin Jackson,15.0,11.44338065792474,3.406666666666667,6.241256379060011,6.667673840126355,51.10000000000001,71.42107252928473,76.3007298554527,57.91333333333334,106.10135844402018,113.35045528214803,SEASON
RB,2022,00-0034614,Godwin Igwebuike,5.0,11.885067483231794,0.34,4.090241122415483,3.1074960229875415,1.7000000000000002,48.612791762597766,36.93279993708135,5.78,69.5340990810632,52.8274323907882,PPG
RB,2022,00-0034614,Godwin Igwebuike,5.0,11.885067483231794,0.34,4.090241122415483,3.1074960229875415,1.7000000000000002,48.612791762597766,36.93279993708135,5.78,69.5340990810632,52.8274323907882,SEASON
RB,2022,00-0034681,Chase Edmonds,13.0,10.56000700731063,5.707692307692309,10.293801854956376,10.52283681669498,74.20000000000002,108.70261972020648,111.12123052108527,97.03076923076925,174.9946315342584,178.88822588381467,PPG
RB,2022,00-0034681,Chase Edmonds,13.0,10.56000700731063,5.707692307692309,10.293801854956376,10.52283681669498,74.20000000000002,108.70261972020648,111.12123052108527,97.03076923076925,174.9946315342584,178.88822588381467,SEASON
RB,2022,00-0034750,Rashaad Penny,5.0,9.67663335669652,10.240000000000002,10.583943693042787,10.628191929498412,51.20000000000001,102.41694258549559,102.84511654635708,174.08000000000004,179.92704278172738,180.679262801473,PPG
RB,2022,00-0034750,Rashaad Penny,5.0,9.67663335669652,10.240000000000002,10.583943693042787,10.628191929498412,51.20000000000001,102.41694258549559,102.84511654635708,174.08000000000004,179.92704278172738,180.679262801473,SEASON
RB,2022,00-0034791,Nick Chubb,17.0,11.44338065792474,16.494117647058825,12.645772030744027,12.239045463889758,280.40000000000003,144.71038306114187,140.05605613293758,280.40000000000003,214.97812452264844,208.0637728861259,PPG
RB,2022,00-0034791,Nick Chubb,17.0,11.44338065792474,16.494117647058825,12.645772030744027,12.239045463889758,280.40000000000003,144.71038306114187,140.05605613293758,280.40000000000003,214.97812452264844,208.0637728861259,SEASON
RB,2022,00-0034816,Ronald Jones,5.0,11.885067483231794,3.24,5.872417136408321,5.663441600202345,16.200000000000003,69.79407395589969,67.31038560574713,55.080000000000005,99.83109131894145,96.27850720343987,PPG
RB,2022,00-0034816,Ronald Jones,5.0,11.885067483231794,3.24,5.872417136408321,5.663441600202345,16.200000000000003,69.79407395589969,67.31038560574713,55.080000000000005,99.83109131894145,96.27850720343987,SEASON
RB,2022,00-0034838,Royce Freeman,4.0,10.56000700731063,4.5,4.259504383502904,4.114916830854986,18.0,44.98039613746101,43.4535505683291,76.5,72.41157451954936,69.95358612453475,PPG
RB,2022,00-0034838,Royce Freeman,4.0,10.56000700731063,4.5,4.259504383502904,4.114916830854986,18.0,44.98039613746101,43.4535505683291,76.5,72.41157451954936,69.95358612453475,SEASON
RB,2022,00-0034844,Saquon Barkley,16.0,11.001693832617685,17.6875,9.984467223639411,10.120630499181912,283.0,109.84605147628713,111.34407814505208,300.6875,169.73594280186998,172.0507184860925,PPG
RB,2022,00-0034844,Saquon Barkley,16.0,11.001693832617685,17.6875,9.984467223639411,10.120630499181912,283.0,109.84605147628713,111.34407814505208,300.6875,169.73594280186998,172.0507184860925,SEASON
RB,2022,00-0034845,Sony Michel,10.0,12.768441133845904,2.49,7.2340909251601975,7.720810897709637,24.900000000000002,92.36806413479684,98.58271945296144,42.330000000000005,122.97954572772336,131.25378526106383,PPG
RB,2022,00-0034845,Sony Michel,10.0,12.768441133845904,2.49,7.2340909251601975,7.720810897709637,24.900000000000002,92.36806413479684,98.58271945296144,42.330000000000005,122.97954572772336,131.25378526106383,SEASON
RB,2022,00-0034972,Alexander Mattison,17.0,12.326754308538849,5.2,7.554862047974008,7.635408768584209,88.4,93.12692830028023,94.1198079356007,88.4,128.43265481555812,129.80194906593155,PPG
RB,2022,00-0034972,Alexander Mattison,17.0,12.326754308538849,5.2,7.554862047974008,7.635408768584209,88.4,93.12692830028023,94.1198079356007,88.4,128.43265481555812,129.80194906593155,SEASON
RB,2022,00-0035217,Benny Snell,9.0,12.326754308538849,2.0777777777777775,2.787328315851099,2.392451205113245,18.699999999999996,34.35871132672987,29.491158200598655,35.322222222222216,47.384581369468684,40.671670486925166,PPG
RB,2022,00-0035217,Benny Snell,9.0,12.326754308538849,2.0777777777777775,2.787328315851099,2.392451205113245,18.699999999999996,34.35871132672987,29.491158200598655,35.322222222222216,47.384581369468684,40.671670486925166,SEASON
RB,2022,00-0035243,Miles Sanders,17.0,10.56000700731063,12.629411764705884,9.489211897907422,9.489849875964817,214.70000000000002,100.20614413575777,100.21288118851437,214.70000000000002,161.31660226442617,161.32744789140187,PPG
RB,2022,00-0035243,Miles Sanders,17.0,10.56000700731063,12.629411764705884,9.489211897907422,9.489849875964817,214.70000000000002,100.20614413575777,100.21288118851437,214.70000000000002,161.31660226442617,161.32744789140187,SEASON
RB,2022,00-0035250,Devin Singletary,16.0,12.768441133845904,10.93125,9.900824537766997,10.064809137246376,174.9,126.41809528701499,128.51192299232474,185.83125,168.31401714203895,171.1017553331884,PPG
RB,2022,00-0035250,Devin Singletary,16.0,12.768441133845904,10.93125,9.900824537766997,10.064809137246376,174.9,126.41809528701499,128.51192299232474,185.83125,168.31401714203895,171.1017553331884,SEASON
RB,2022,00-0035261,Tony Pollard,16.0,11.885067483231794,15.55,10.186859030717129,9.600312743528264,248.8,121.07150702224229,114.10036481696358,264.35,173.1766035221912,163.20531663998048,PPG
RB,2022,00-0035261,Tony Pollard,16.0,11.885067483231794,15.55,10.186859030717129,9.600312743528264,248.8,121.07150702224229,114.10036481696358,264.35,173.1766035221912,163.20531663998048,SEASON
RB,2022,00-0035273,Qadree Ollison,2.0,7.9098860554683,0.0,4.457769211901573,4.832205974659309,0.0,35.26044652771616,38.222198656108276,0.0,75.78207660232674,82.14750156920825,PPG
RB,2022,00-0035273,Qadree Ollison,2.0,7.9098860554683,0.0,4.457769211901573,4.832205974659309,0.0,35.26044652771616,38.222198656108276,0.0,75.78207660232674,82.14750156920825,SEASON
RB,2022,00-0035291,Trayveon Williams,7.0,7.026512404854191,1.1428571428571428,2.3402926637234964,3.032384099558099,8.0,16.444095432642406,21.30708449182759,19.428571428571427,39.78497528329944,51.550529692487686,PPG
RB,2022,00-0035291,Trayveon Williams,7.0,7.026512404854191,1.1428571428571428,2.3402926637234964,3.032384099558099,8.0,16.444095432642406,21.30708449182759,19.428571428571427,39.78497528329944,51.550529692487686,SEASON
RB,2022,00-0035304,Cullen Gillaspia,4.0,7.026512404854191,0.0,1.38411192411845,1.7277319233658994,0.0,9.725479604524892,12.139929791793083,0.0,23.52990271001365,29.37144269722029,PPG
RB,2022,00-0035304,Cullen Gillaspia,4.0,7.026512404854191,0.0,1.38411192411845,1.7277319233658994,0.0,9.725479604524892,12.139929791793083,0.0,23.52990271001365,29.37144269722029,SEASON
RB,2022,00-0035311,Myles Gaskin,2.0,12.768441133845904,4.7,9.227087980656918,8.653960418737984,9.4,117.81552971783493,110.4975841812884,79.9,156.8604956711676,147.11732711854575,PPG
RB,2022,00-0035311,Myles Gaskin,2.0,12.768441133845904,4.7,9.227087980656918,8.653960418737984,9.4,117.81552971783493,110.4975841812884,79.9,156.8604956711676,147.11732711854575,SEASON
RB,2022,00-0035537,Ty Johnson,12.0,11.885067483231794,3.566666666666667,7.75013905163511,7.838686268528495,42.800000000000004,92.11092563311334,93.16331528134357,60.63333333333334,131.75236387779688,133.25766656498442,PPG
RB,2022,00-0035537,Ty Johnson,12.0,11.885067483231794,3.566666666666667,7.75013905163511,7.838686268528495,42.800000000000004,92.11092563311334,93.16331528134357,60.63333333333334,131.75236387779688,133.25766656498442,SEASON
RB,2022,00-0035567,Craig Reynolds,6.0,7.468199230161245,5.133333333333334,5.9286292754188965,7.401094510838532,30.800000000000004,44.27618459059482,55.27284832819494,87.26666666666668,100.78669768212124,125.81860668425504,PPG
RB,2022,00-0035567,Craig Reynolds,6.0,7.468199230161245,5.133333333333334,5.9286292754188965,7.401094510838532,30.800000000000004,44.27618459059482,55.27284832819494,87.26666666666668,100.78669768212124,125.81860668425504,SEASON
RB,2022,00-0035594,Travis Homer,10.0,11.44338065792474,4.210000000000001,5.790210832117805,5.182484793449145,42.10000000000001,66.2595866415632,59.305146245345036,71.57000000000002,98.43358414600269,88.10224148863547,PPG
RB,2022,00-0035594,Travis Homer,10.0,11.44338065792474,4.210000000000001,5.790210832117805,5.182484793449145,42.10000000000001,66.2595866415632,59.305146245345036,71.57000000000002,98.43358414600269,88.10224148863547,SEASON
RB,2022,00-0035628,D'Ernest Johnson,9.0,11.001693832617685,0.6,7.925810803759621,8.294312278599959,5.3999999999999995,87.19734383821684,91.2514842412783,10.2,134.73878366391355,141.0033087361993,PPG
RB,2022,00-0035628,D'Ernest Johnson,9.0,11.001693832617685,0.6,7.925810803759621,8.294312278599959,5.3999999999999995,87.19734383821684,91.2514842412783,10.2,134.73878366391355,141.0033087361993,SEASON
RB,2022,00-0035657,Damien Harris,11.0,11.885067483231794,8.263636363636364,11.076682763958068,10.866189139994654,90.9,131.6471221399921,129.1453912143969,140.48181818181817,188.30360698728717,184.72521537990912,PPG
RB,2022,00-0035657,Damien Harris,11.0,11.885067483231794,8.263636363636364,11.076682763958068,10.866189139994654,90.9,131.6471221399921,129.1453912143969,140.48181818181817,188.30360698728717,184.72521537990912,SEASON
RB,2022,00-0035664,Darrell Henderson,10.0,10.56000700731063,7.35,11.198329171898433,11.106711092059038,73.5,118.25443452541849,117.28694696031813,124.94999999999999,190.37159592227334,188.81408856500366,PPG
RB,2022,00-0035664,Darrell Henderson,10.0,10.56000700731063,7.35,11.198329171898433,11.106711092059038,73.5,118.25443452541849,117.28694696031813,124.94999999999999,190.37159592227334,188.81408856500366,SEASON
RB,2022,00-0035685,David Montgomery,16.0,11.001693832617685,10.98125,11.386775409308965,12.461296460201806,175.7,125.27381679399716,137.0953684126228,186.68124999999998,193.57518195825241,211.8420398234307,PPG
RB,2022,00-0035685,David Montgomery,16.0,11.001693832617685,10.98125,11.386775409308965,12.461296460201806,175.7,125.27381679399716,137.0953684126228,186.68124999999998,193.57518195825241,211.8420398234307,SEASON
RB,2022,00-0035700,Josh Jacobs,17.0,11.885067483231794,19.13529411764706,12.192170752516013,12.637331013549787,325.3,144.90477216073776,150.19553190397724,325.3,207.2669027927722,214.83462723034637,PPG
RB,2022,00-0035700,Josh Jacobs,17.0,11.885067483231794,19.13529411764706,12.192170752516013,12.637331013549787,325.3,144.90477216073776,150.19553190397724,325.3,207.2669027927722,214.83462723034637,SEASON
RB,2022,00-0035726,Jakob Johnson,11.0,7.9098860554683,0.5454545454545454,2.8443790194173784,2.7213396661767955,6.0,22.49871394215612,21.525486677684594,9.272727272727272,48.354443330095435,46.26277432500552,PPG
RB,2022,00-0035726,Jakob Johnson,11.0,7.9098860554683,0.5454545454545454,2.8443790194173784,2.7213396661767955,6.0,22.49871394215612,21.525486677684594,9.272727272727272,48.354443330095435,46.26277432500552,SEASON
RB,2022,00-0035806,JaMycal Hasty,14.0,10.118320182003576,5.0,5.217899746939649,5.332181216287426,70.0,52.7963803171308,53.95271681486143,85.0,88.70429569797403,90.64708067688623,PPG
RB,2022,00-0035806,JaMycal Hasty,14.0,10.118320182003576,5.0,5.217899746939649,5.332181216287426,70.0,52.7963803171308,53.95271681486143,85.0,88.70429569797403,90.64708067688623,SEASON
RB,2022,00-0035831,James Robinson,11.0,11.44338065792474,7.963636363636364,10.36636857309348,10.716771233024964,87.60000000000001,118.62630162225682,122.63609264340214,135.38181818181818,176.22826574258914,182.18511096142439,PPG
RB,2022,00-0035831,James Robinson,11.0,11.44338065792474,7.963636363636364,10.36636857309348,10.716771233024964,87.60000000000001,118.62630162225682,122.63609264340214,135.38181818181818,176.22826574258914,182.18511096142439,SEASON
RB,2022,00-0035860,Tony Jones,3.0,9.67663335669652,3.466666666666667,3.5968748206089645,3.466214517154519,10.4,34.80563886896652,33.54128701816314,58.93333333333334,61.1468719503524,58.925646791626825,PPG
RB,2022,00-0035860,Tony Jones,3.0,9.67663335669652,3.466666666666667,3.5968748206089645,3.466214517154519,10.4,34.80563886896652,33.54128701816314,58.93333333333334,61.1468719503524,58.925646791626825,SEASON
RB,2022,00-0035924,Jonathan Ward,4.0,9.234946531389465,1.3,2.3330153140374286,2.5598409544694394,5.2,21.545271682048455,23.639994343386245,22.1,39.66126033863628,43.517296225980466,PPG
RB,2022,00-0035924,Jonathan Ward,4.0,9.234946531389465,1.3,2.3330153140374286,2.5598409544694394,5.2,21.545271682048455,23.639994343386245,22.1,39.66126033863628,43.517296225980466,SEASON
RB,2022,00-0035973,Patrick Taylor,6.0,7.468199230161245,0.9666666666666668,3.62049458145827,4.036723141002737,5.800000000000001,27.03857484604961,30.14705265401072,16.433333333333337,61.548407884790585,68.62429339704653,PPG
RB,2022,00-0035973,Patrick Taylor,6.0,7.468199230161245,0.9666666666666668,3.62049458145827,4.036723141002737,5.800000000000001,27.03857484604961,30.14705265401072,16.433333333333337,61.548407884790585,68.62429339704653,SEASON
RB,2022,00-0036020,Salvon Ahmed,6.0,10.118320182003576,2.3666666666666667,5.057954438761601,4.383241781164274,14.2,51.178002477376076,44.35104377695577,40.233333333333334,85.98522545894721,74.51511027979265,PPG
RB,2022,00-0036020,Salvon Ahmed,6.0,10.118320182003576,2.3666666666666667,5.057954438761601,4.383241781164274,14.2,51.178002477376076,44.35104377695577,40.233333333333334,85.98522545894721,74.51511027979265,SEASON
RB,2022,00-0036096,J.J. Taylor,1.0,7.468199230161245,2.7,3.4686469083721763,4.481794811788766,2.7,25.90454617080627,33.47093656314152,45.900000000000006,58.966997442327,76.19051180040901,PPG
RB,2022,00-0036096,J.J. Taylor,1.0,7.468199230161245,2.7,3.4686469083721763,4.481794811788766,2.7,25.90454617080627,33.47093656314152,45.900000000000006,58.966997442327,76.19051180040901,SEASON
RB,2022,00-0036187,Reggie Gilliam,7.0,8.79325970608241,2.9857142857142858,2.1843800724554434,2.2391369301005124,20.9,19.207821273891824,19.6893125438539,50.75714285714286,37.134461231742534,38.06532781170871,PPG
RB,2022,00-0036187,Reggie Gilliam,7.0,8.79325970608241,2.9857142857142858,2.1843800724554434,2.2391369301005124,20.9,19.207821273891824,19.6893125438539,50.75714285714286,37.134461231742534,38.06532781170871,SEASON
RB,2022,00-0036223,Jonathan Taylor,11.0,12.768441133845904,13.036363636363635,16.932160137262233,16.19824356966066,143.39999999999998,216.197289981485,206.8263194909101,221.6181818181818,287.846722333458,275.3701406842313,PPG
RB,2022,00-0036223,Jonathan Taylor,11.0,12.768441133845904,13.036363636363635,16.932160137262233,16.19824356966066,143.39999999999998,216.197289981485,206.8263194909101,221.6181818181818,287.846722333458,275.3701406842313,SEASON
RB,2022,00-0036251,Zack Moss,13.0,11.001693832617685,4.884615384615385,7.5855577152011335,7.313958278902288,63.50000000000001,83.4539835322938,80.46592968902236,83.03846153846155,128.95448115841927,124.3372907413389,PPG
RB,2022,00-0036251,Zack Moss,13.0,11.001693832617685,4.884615384615385,7.5855577152011335,7.313958278902288,63.50000000000001,83.4539835322938,80.46592968902236,83.03846153846155,128.95448115841927,124.3372907413389,SEASON
RB,2022,00-0036265,AJ Dillon,17.0,12.768441133845904,9.8,9.500778971133942,8.847822268308702,166.60000000000002,121.31013701860479,112.9728977956306,166.60000000000002,161.513242509277,150.41297856124794,PPG
RB,2022,00-0036265,AJ Dillon,17.0,12.768441133845904,9.8,9.500778971133942,8.847822268308702,166.60000000000002,121.31013701860479,112.9728977956306,166.60000000000002,161.513242509277,150.41297856124794,SEASON
RB,2022,00-0036275,D'Andre Swift,14.0,11.001693832617685,13.57857142857143,12.593416930309218,13.059377496376399,190.10000000000002,138.54891737376605,143.67527285971042,230.8357142857143,214.0880878152567,222.00941743839877,PPG
RB,2022,00-0036275,D'Andre Swift,14.0,11.001693832617685,13.57857142857143,12.593416930309218,13.059377496376399,190.10000000000002,138.54891737376605,143.67527285971042,230.8357142857143,214.0880878152567,222.00941743839877,SEASON
RB,2022,00-0036328,Antonio Gibson,15.0,12.326754308538849,10.993333333333334,11.872227795487493,11.983789657960278,164.9,146.34603512998015,147.72123079888516,186.88666666666668,201.8278725232874,203.72442418532472,PPG
RB,2022,00-0036328,Antonio Gibson,15.0,12.326754308538849,10.993333333333334,11.872227795487493,11.983789657960278,164.9,146.34603512998015,147.72123079888516,186.88666666666668,201.8278725232874,203.72442418532472,SEASON
RB,2022,00-0036360,Clyde Edwards-Helaire,10.0,9.67663335669652,9.83,9.499035696555636,10.041035708032698,98.3,91.91868567774122,97.16342106813006,167.11,161.4836068414458,170.69760703655587,PPG
RB,2022,00-0036360,Clyde Edwards-Helaire,10.0,9.67663335669652,9.83,9.499035696555636,10.041035708032698,98.3,91.91868567774122,97.16342106813006,167.11,161.4836068414458,170.69760703655587,SEASON
RB,2022,00-0036370,Joshua Kelley,12.0,8.79325970608241,5.4,3.4091296578701247,4.024155769670373,64.80000000000001,29.977362453359877,35.38544678044154,91.80000000000001,57.95520418379212,68.41064808439634,PPG
RB,2022,00-0036370,Joshua Kelley,12.0,8.79325970608241,5.4,3.4091296578701247,4.024155769670373,64.80000000000001,29.977362453359877,35.38544678044154,91.80000000000001,57.95520418379212,68.41064808439634,SEASON
RB,2022,00-0036383,Eno Benjamin,13.0,8.79325970608241,6.892307692307693,4.333415981885057,4.300201621243654,89.60000000000001,38.104852143203416,37.81278964411207,117.16923076923078,73.66807169204597,73.10342756114213,PPG
RB,2022,00-0036383,Eno Benjamin,13.0,8.79325970608241,6.892307692307693,4.333415981885057,4.300201621243654,89.60000000000001,38.104852143203416,37.81278964411207,117.16923076923078,73.66807169204597,73.10342756114213,SEASON
RB,2022,00-0036425,DeeJay Dallas,15.0,12.768441133845904,3.213333333333334,4.197553721367931,4.380667633180295,48.20000000000001,53.59621759744224,55.934296801206656,54.62666666666667,71.35841326325482,74.47134976406501,PPG
RB,2022,00-0036425,DeeJay Dallas,15.0,12.768441133845904,3.213333333333334,4.197553721367931,4.380667633180295,48.20000000000001,53.59621759744224,55.934296801206656,54.62666666666667,71.35841326325482,74.47134976406501,SEASON
RB,2022,00-0036450,Ke'Shawn Vaughn,6.0,7.9098860554683,1.7000000000000002,6.042538495169946,6.611039282757752,10.200000000000001,47.79579098257517,52.292567434838695,28.900000000000002,102.72315441788909,112.3876678068818,PPG
RB,2022,00-0036450,Ke'Shawn Vaughn,6.0,7.9098860554683,1.7000000000000002,6.042538495169946,6.611039282757752,10.200000000000001,47.79579098257517,52.292567434838695,28.900000000000002,102.72315441788909,112.3876678068818,SEASON
RB,2022,00-0036457,Ty'Son Williams,1.0,8.351572880775356,1.5,6.386966100110856,6.3171638653513655,1.5,53.34121287211736,52.75825442128249,25.5,108.57842370188455,107.39178571097321,PPG
RB,2022,00-0036457,Ty'Son Williams,1.0,8.351572880775356,1.5,6.386966100110856,6.3171638653513655,1.5,53.34121287211736,52.75825442128249,25.5,108.57842370188455,107.39178571097321,SEASON
RB,2022,00-0036493,Deon Jackson,12.0,6.584825579547136,6.958333333333334,2.8942042375290904,3.6435987196824473,83.5,19.057830095715268,23.992462050970175,118.29166666666667,49.201472037994535,61.9411782346016,PPG
RB,2022,00-0036493,Deon Jackson,12.0,6.584825579547136,6.958333333333334,2.8942042375290904,3.6435987196824473,83.5,19.057830095715268,23.992462050970175,118.29166666666667,49.201472037994535,61.9411782346016,SEASON
RB,2022,00-0036555,Chuba Hubbard,14.0,12.326754308538849,6.4071428571428575,8.173337559850614,7.807728840584304,89.7,100.75072398103096,96.24395512557561,108.92142857142858,138.94673851746043,132.7313902899332,PPG
RB,2022,00-0036555,Chuba Hubbard,14.0,12.326754308538849,6.4071428571428575,8.173337559850614,7.807728840584304,89.7,100.75072398103096,96.24395512557561,108.92142857142858,138.94673851746043,132.7313902899332,SEASON
RB,2022,00-0036567,Elijah Mitchell,5.0,10.118320182003576,8.72,12.342362948132397,12.540317260896423,43.6,124.88398011170118,126.88694522965606,148.24,209.82017011825076,213.18539343523918,PPG
RB,2022,00-0036567,Elijah Mitchell,5.0,10.118320182003576,8.72,12.342362948132397,12.540317260896423,43.6,124.88398011170118,126.88694522965606,148.24,209.82017011825076,213.18539343523918,SEASON
RB,2022,00-0036569,Gary Brightwell,15.0,8.351572880775356,1.9333333333333333,1.6807542875235932,1.9276788860724947,29.0,14.036941926928947,16.099150707766295,32.86666666666667,28.572822887901086,32.77054106323241,PPG
RB,2022,00-0036569,Gary Brightwell,15.0,8.351572880775356,1.9333333333333333,1.6807542875235932,1.9276788860724947,29.0,14.036941926928947,16.099150707766295,32.86666666666667,28.572822887901086,32.77054106323241,SEASON
RB,2022,00-0036650,Larry Rountree III,2.0,9.234946531389465,2.6500000000000004,2.5854931585078327,3.0828559602548897,5.300000000000001,23.876891076093102,28.470009956929232,45.050000000000004,43.95338369463315,52.408551324333125,PPG
RB,2022,00-0036650,Larry Rountree III,2.0,9.234946531389465,2.6500000000000004,2.5854931585078327,3.0828559602548897,5.300000000000001,23.876891076093102,28.470009956929232,45.050000000000004,43.95338369463315,52.408551324333125,SEASON
RB,2022,00-0036654,Demetric Felton,6.0,11.885067483231794,0.4666666666666667,5.058606669519272,3.86652083394684,2.8,60.12188163836298,45.95386103677986,7.933333333333334,85.99631338182763,65.73085417709628,PPG
RB,2022,00-0036654,Demetric Felton,6.0,11.885067483231794,0.4666666666666667,5.058606669519272,3.86652083394684,2.8,60.12188163836298,45.95386103677986,7.933333333333334,85.99631338182763,65.73085417709628,SEASON
RB,2022,00-0036669,Kylin Hill,1.0,8.79325970608241,0.7000000000000001,1.9497947455356524,2.1639647061511673,0.7000000000000001,17.145051571049855,19.02830365598352,11.9,33.14651067410609,36.78740000456985,PPG
RB,2022,00-0036669,Kylin Hill,1.0,8.79325970608241,0.7000000000000001,1.9497947455356524,2.1639647061511673,0.7000000000000001,17.145051571049855,19.02830365598352,11.9,33.14651067410609,36.78740000456985,SEASON
RB,2022,00-0036755,Jaret Patterson,2.0,11.885067483231794,3.9000000000000004,4.813127343671959,4.707137171395039,7.800000000000001,57.204343284929415,55.94464293485886,66.30000000000001,81.82316484242331,80.02133191371566,PPG
RB,2022,00-0036755,Jaret Patterson,2.0,11.885067483231794,3.9000000000000004,4.813127343671959,4.707137171395039,7.800000000000001,57.204343284929415,55.94464293485886,66.30000000000001,81.82316484242331,80.02133191371566,SEASON
RB,2022,00-0036842,Kene Nwangwu,14.0,9.234946531389465,0.3928571428571429,2.6162640595382376,3.012896652614413,5.500000000000001,24.161058701831568,27.823939491496404,6.67857142857143,44.47648901215004,51.21924309444503,PPG
RB,2022,00-0036842,Kene Nwangwu,14.0,9.234946531389465,0.3928571428571429,2.6162640595382376,3.012896652614413,5.500000000000001,24.161058701831568,27.823939491496404,6.67857142857143,44.47648901215004,51.21924309444503,SEASON
RB,2022,00-0036857,Chris Evans,10.0,9.234946531389465,1.2800000000000002,5.728820651451905,5.1847026463429,12.800000000000002,52.9053524040781,47.88045172013014,21.760000000000005,97.38995107468239,88.1399449878293,PPG
RB,2022,00-0036857,Chris Evans,10.0,9.234946531389465,1.2800000000000002,5.728820651451905,5.1847026463429,12.800000000000002,52.9053524040781,47.88045172013014,21.760000000000005,97.38995107468239,88.1399449878293,SEASON
RB,2022,00-0036860,Jake Funk,1.0,7.468199230161245,0.0,1.5835505285051412,1.8097313237015589,0.0,11.826270837903529,13.515434078466672,0.0,26.920358984587402,30.7654325029265,PPG
RB,2022,00-0036860,Jake Funk,1.0,7.468199230161245,0.0,1.5835505285051412,1.8097313237015589,0.0,11.826270837903529,13.515434078466672,0.0,26.920358984587402,30.7654325029265,SEASON
RB,2022,00-0036875,Rhamondre Stevenson,17.0,10.56000700731063,14.41764705882353,8.85884570703545,8.845705947501218,245.1,93.54947274297803,93.41071679022217,245.1,150.60037701960263,150.3770011075207,PPG
RB,2022,00-0036875,Rhamondre Stevenson,17.0,10.56000700731063,14.41764705882353,8.85884570703545,8.845705947501218,245.1,93.54947274297803,93.41071679022217,245.1,150.60037701960263,150.3770011075207,SEASON
RB,2022,00-0036893,Najee Harris,17.0,12.768441133845904,13.135294117647058,14.06689639092124,14.078929891403856,223.29999999999998,179.61233850338726,179.76598754593365,223.29999999999998,239.13723864566109,239.34180815386554,PPG
RB,2022,00-0036893,Najee Harris,17.0,12.768441133845904,13.135294117647058,14.06689639092124,14.078929891403856,223.29999999999998,179.61233850338726,179.76598754593365,223.29999999999998,239.13723864566109,239.34180815386554,SEASON
RB,2022,00-0036906,Khalil Herbert,13.0,12.326754308538849,9.061538461538461,5.719221893495571,5.314957950471385,117.8,70.49944311713624,65.51618081567595,154.04615384615386,97.22677218942471,90.35428515801354,PPG
RB,2022,00-0036906,Khalil Herbert,13.0,12.326754308538849,9.061538461538461,5.719221893495571,5.314957950471385,117.8,70.49944311713624,65.51618081567595,154.04615384615386,97.22677218942471,90.35428515801354,SEASON
RB,2022,00-0036919,Kenny Gainwell,17.0,12.326754308538849,5.170588235294118,7.974168260521782,6.9583435089923436,87.9,98.29561296240061,85.7737908297647,87.9,135.56086042887028,118.29183965286984,PPG
RB,2022,00-0036919,Kenny Gainwell,17.0,12.326754308538849,5.170588235294118,7.974168260521782,6.9583435089923436,87.9,98.29561296240061,85.7737908297647,87.9,135.56086042887028,118.29183965286984,SEASON
RB,2022,00-0036924,Michael Carter,16.0,11.44338065792474,7.8125,9.857204903331368,9.891059608003333,125.0,112.79974793198309,113.187160204606,132.8125,167.57248335663326,168.14801333605666,PPG
RB,2022,00-0036924,Michael Carter,16.0,11.44338065792474,7.8125,9.857204903331368,9.891059608003333,125.0,112.79974793198309,113.187160204606,132.8125,167.57248335663326,168.14801333605666,SEASON
RB,2022,00-0036950,Avery Williams,17.0,11.885067483231794,2.1176470588235294,2.2874943669841152,1.7277319233658994,36.0,27.1870249191188,20.534210502137576,36.0,38.88740423872996,29.37144269722029,PPG
RB,2022,00-0036950,Avery Williams,17.0,11.885067483231794,2.1176470588235294,2.2874943669841152,1.7277319233658994,36.0,27.1870249191188,20.534210502137576,36.0,38.88740423872996,29.37144269722029,SEASON
RB,2022,00-0036984,Trey Sermon,1.0,7.9098860554683,1.9000000000000001,4.715241895801262,5.2359361630631716,1.9000000000000001,37.297026119758314,41.41565844353558,32.300000000000004,80.15911222862145,89.01091477207392,PPG
RB,2022,00-0036984,Trey Sermon,1.0,7.9098860554683,1.9000000000000001,4.715241895801262,5.2359361630631716,1.9000000000000001,37.297026119758314,41.41565844353558,32.300000000000004,80.15911222862145,89.01091477207392,SEASON
RB,2022,00-0036997,Javonte Williams,4.0,12.768441133845904,10.25,10.703809342862305,9.97339260207746,41.0,136.67095950224717,127.34467634436028,174.25,181.9647588286592,169.54767423531683,PPG
RB,2022,00-0036997,Javonte Williams,4.0,12.768441133845904,10.25,10.703809342862305,9.97339260207746,41.0,136.67095950224717,127.34467634436028,174.25,181.9647588286592,169.54767423531683,SEASON
RB,2023,00-0029239,Brandon Bolden,5.0,11.040564599825757,2.22,3.7300318810654938,2.7744242271183297,11.100000000000001,41.181657942313166,30.631209906821567,37.74,63.41054197811339,47.165211861011606,PPG
RB,2023,00-0029239,Brandon Bolden,5.0,11.040564599825757,2.22,3.7300318810654938,2.7744242271183297,11.100000000000001,41.181657942313166,30.631209906821567,37.74,63.41054197811339,47.165211861011606,SEASON
RB,2023,00-0030513,Latavius Murray,15.0,11.040564599825757,5.460000000000001,9.596428429749546,9.939698604416542,81.9,105.94998800625432,109.73988454485875,92.82000000000002,163.13928330574228,168.97487627508121,PPG
RB,2023,00-0030513,Latavius Murray,15.0,11.040564599825757,5.460000000000001,9.596428429749546,9.939698604416542,81.9,105.94998800625432,109.73988454485875,92.82000000000002,163.13928330574228,168.97487627508121,SEASON
RB,2023,00-0030578,Cordarrelle Patterson,12.0,11.040564599825757,2.9916666666666667,9.414546633286038,9.54937361889826,35.9,103.9419102828666,105.4304763273181,50.858333333333334,160.04729276586266,162.33935152127043,PPG
RB,2023,00-0030578,Cordarrelle Patterson,12.0,11.040564599825757,2.9916666666666667,9.414546633286038,9.54937361889826,35.9,103.9419102828666,105.4304763273181,50.858333333333334,160.04729276586266,162.33935152127043,SEASON
RB,2023,00-0031376,Jerick McKinnon,12.0,12.882687387489392,6.683333333333334,9.928917203794402,9.221504685102174,80.2,127.91113643274859,118.79776210044011,113.61666666666667,168.79159246450484,156.76557964673694,PPG
RB,2023,00-0031376,Jerick McKinnon,12.0,12.882687387489392,6.683333333333334,9.928917203794402,9.221504685102174,80.2,127.91113643274859,118.79776210044011,113.61666666666667,168.79159246450484,156.76557964673694,SEASON
RB,2023,00-0031687,Raheem Mostert,15.0,12.422156690573484,17.580000000000002,9.332577846578012,9.34803965316877,263.70000000000005,115.93074433716693,116.12281332135667,298.86,158.6538233918262,158.9166741038691,PPG
RB,2023,00-0031687,Raheem Mostert,15.0,12.422156690573484,17.580000000000002,9.332577846578012,9.34803965316877,263.70000000000005,115.93074433716693,116.12281332135667,298.86,158.6538233918262,158.9166741038691,SEASON
RB,2023,00-0032104,Ameer Abdullah,16.0,12.422156690573484,2.5625,4.914849459569831,3.627648624025869,41.0,61.05303009735685,45.063219625992645,43.5625,83.55244081268714,61.67002660843977,PPG
RB,2023,00-0032104,Ameer Abdullah,16.0,12.422156690573484,2.5625,4.914849459569831,3.627648624025869,41.0,61.05303009735685,45.063219625992645,43.5625,83.55244081268714,61.67002660843977,SEASON
RB,2023,00-0032144,Melvin Gordon,4.0,9.65897250907803,4.675000000000001,6.563225696978927,7.847030719637755,18.700000000000003,63.39401657799395,75.79425399887187,79.47500000000001,111.57483684864177,133.39952223384182,PPG
RB,2023,00-0032144,Melvin Gordon,4.0,9.65897250907803,4.675000000000001,6.563225696978927,7.847030719637755,18.700000000000003,63.39401657799395,75.79425399887187,79.47500000000001,111.57483684864177,133.39952223384182,SEASON
RB,2023,00-0032450,Dwayne Washington,3.0,8.277380418330301,0.0,1.7692944559508677,1.9688498084898514,0.0,14.645123283948076,16.296918851427257,0.0,30.07800575116475,33.470446744327475,PPG
RB,2023,00-0032450,Dwayne Washington,3.0,8.277380418330301,0.0,1.7692944559508677,1.9688498084898514,0.0,14.645123283948076,16.296918851427257,0.0,30.07800575116475,33.470446744327475,SEASON
RB,2023,00-0032764,Derrick Henry,17.0,12.422156690573484,14.005882352941175,14.463622025380262,14.908834327337605,238.09999999999997,179.66937911250344,185.19987608798846,238.09999999999997,245.88157443146446,253.4501835647393,PPG
RB,2023,00-0032764,Derrick Henry,17.0,12.422156690573484,14.005882352941175,14.463622025380262,14.908834327337605,238.09999999999997,179.66937911250344,185.19987608798846,238.09999999999997,245.88157443146446,253.4501835647393,SEASON
RB,2023,00-0032975,Jonathan Williams,1.0,9.19844181216212,0.0,2.5058663258668967,3.61190877663614,0.0,23.05006558754313,33.2239327127252,0.0,42.599727539737245,61.40244920281438,PPG
RB,2023,00-0032975,Jonathan Williams,1.0,9.19844181216212,0.0,2.5058663258668967,3.61190877663614,0.0,23.05006558754313,33.2239327127252,0.0,42.599727539737245,61.40244920281438,SEASON
RB,2023,00-0033045,Ezekiel Elliott,17.0,11.961625993657574,10.147058823529411,9.686314067807169,9.801675181926823,172.5,115.86406613621327,117.24397263752422,172.5,164.66733915272187,166.62847809275598,PPG
RB,2023,00-0033045,Ezekiel Elliott,17.0,11.961625993657574,10.147058823529411,9.686314067807169,9.801675181926823,172.5,115.86406613621327,117.24397263752422,172.5,164.66733915272187,166.62847809275598,SEASON
RB,2023,00-0033118,Kenyan Drake,2.0,10.580033902909847,1.05,7.508188040110731,7.620891890271354,2.1,79.43688401379377,80.62929456948163,17.85,127.63919668188242,129.55516213461303,PPG
RB,2023,00-0033118,Kenyan Drake,2.0,10.580033902909847,1.05,7.508188040110731,7.620891890271354,2.1,79.43688401379377,80.62929456948163,17.85,127.63919668188242,129.55516213461303,SEASON
RB,2023,00-0033280,Christian McCaffrey,16.0,12.882687387489392,24.26875,16.044337698590752,16.198308101315458,388.3,206.69418691025567,208.6777394754839,412.56875,272.7537408760428,275.37123772236276,PPG
RB,2023,00-0033280,Christian McCaffrey,16.0,12.882687387489392,24.26875,16.044337698590752,16.198308101315458,388.3,206.69418691025567,208.6777394754839,412.56875,272.7537408760428,275.37123772236276,SEASON
RB,2023,00-0033293,Aaron Jones,11.0,12.882687387489392,12.081818181818182,12.956832193307921,12.166436993101392,132.9,166.91881867854448,156.73640440171167,205.3909090909091,220.26614728623466,206.82942888272368,PPG
RB,2023,00-0033293,Aaron Jones,11.0,12.882687387489392,12.081818181818182,12.956832193307921,12.166436993101392,132.9,166.91881867854448,156.73640440171167,205.3909090909091,220.26614728623466,206.82942888272368,SEASON
RB,2023,00-0033308,Matt Breida,15.0,12.882687387489392,3.06,4.32589792147691,3.9847301269021203,45.9,55.72919059257717,51.33403254839095,52.02,73.54026466510747,67.74041215733604,PPG
RB,2023,00-0033308,Matt Breida,15.0,12.882687387489392,3.06,4.32589792147691,3.9847301269021203,45.9,55.72919059257717,51.33403254839095,52.02,73.54026466510747,67.74041215733604,SEASON
RB,2023,00-0033376,Patrick Ricard,7.0,11.040564599825757,2.314285714285714,2.0729805199786004,2.417780865412775,16.2,22.886875345004125,26.693665832812364,39.34285714285714,35.24066883963621,41.10227471201717,PPG
RB,2023,00-0033376,Patrick Ricard,7.0,11.040564599825757,2.314285714285714,2.0729805199786004,2.417780865412775,16.2,22.886875345004125,26.693665832812364,39.34285714285714,35.24066883963621,41.10227471201717,SEASON
RB,2023,00-0033526,Samaje Perine,17.0,12.422156690573484,6.958823529411765,7.767890143151927,7.613509386447393,118.3,96.49394851339453,94.5762065636015,118.3,132.05413243358277,129.4296595696057,PPG
RB,2023,00-0033526,Samaje Perine,17.0,12.422156690573484,6.958823529411765,7.767890143151927,7.613509386447393,118.3,96.49394851339453,94.5762065636015,118.3,132.05413243358277,129.4296595696057,SEASON
RB,2023,00-0033553,James Conner,13.0,11.040564599825757,15.5,11.704539252166132,12.736362540804128,201.5,129.22472172473644,140.61663339854888,263.5,198.97716728682425,216.51816319367018,PPG
RB,2023,00-0033553,James Conner,13.0,11.040564599825757,15.5,11.704539252166132,12.736362540804128,201.5,129.22472172473644,140.61663339854888,263.5,198.97716728682425,216.51816319367018,SEASON
RB,2023,00-0033699,Austin Ekeler,14.0,12.882687387489392,12.885714285714284,17.021499565765392,16.432722651587916,180.39999999999998,219.282657772042,211.6976288457229,219.05714285714282,289.3654926180117,279.3562850769946,PPG
RB,2023,00-0033699,Austin Ekeler,14.0,12.882687387489392,12.885714285714284,17.021499565765392,16.432722651587916,180.39999999999998,219.282657772042,211.6976288457229,219.05714285714282,289.3654926180117,279.3562850769946,SEASON
RB,2023,00-0033854,Dare Ogunbowale,9.0,11.961625993657574,0.8111111111111111,3.2090451292658564,3.9292935633171036,7.3,38.38539763304669,47.00074002368526,13.78888888888889,54.55376719751956,66.79799057639076,PPG
RB,2023,00-0033854,Dare Ogunbowale,9.0,11.961625993657574,0.8111111111111111,3.2090451292658564,3.9292935633171036,7.3,38.38539763304669,47.00074002368526,13.78888888888889,54.55376719751956,66.79799057639076,SEASON
RB,2023,00-0033856,Leonard Fournette,2.0,12.422156690573484,2.0,11.88075862024286,11.833142816669149,4.0,147.58464518353844,146.99315421059822,34.0,201.97289654412862,201.16342788337553,PPG
RB,2023,00-0033856,Leonard Fournette,2.0,12.422156690573484,2.0,11.88075862024286,11.833142816669149,4.0,147.58464518353844,146.99315421059822,34.0,201.97289654412862,201.16342788337553,SEASON
RB,2023,00-0033893,Dalvin Cook,14.0,12.882687387489392,2.728571428571429,11.478954622146478,11.560982228678222,38.20000000000001,147.87978393228948,148.93651994438193,46.38571428571429,195.14222857649014,196.53669788752978,PPG
RB,2023,00-0033893,Dalvin Cook,14.0,12.882687387489392,2.728571428571429,11.478954622146478,11.560982228678222,38.20000000000001,147.87978393228948,148.93651994438193,46.38571428571429,195.14222857649014,196.53669788752978,SEASON
RB,2023,00-0033897,Joe Mixon,17.0,11.501095296741665,15.705882352941178,13.965023456195455,13.760170326883813,267.0,160.61306559093657,158.25703022888766,267.0,237.40539875532275,233.92289555702482,PPG
RB,2023,00-0033897,Joe Mixon,17.0,11.501095296741665,15.705882352941178,13.965023456195455,13.760170326883813,267.0,160.61306559093657,158.25703022888766,267.0,237.40539875532275,233.92289555702482,SEASON
RB,2023,00-0033906,Alvin Kamara,13.0,11.961625993657574,17.923076923076927,12.110223487270908,12.140908566718451,233.00000000000006,144.85796405434215,145.22500749827935,304.69230769230774,205.87379928360542,206.39544563421367,PPG
RB,2023,00-0033906,Alvin Kamara,13.0,11.961625993657574,17.923076923076927,12.110223487270908,12.140908566718451,233.00000000000006,144.85796405434215,145.22500749827935,304.69230769230774,205.87379928360542,206.39544563421367,SEASON
RB,2023,00-0033923,Kareem Hunt,15.0,12.882687387489392,7.9,7.374894250330842,6.906933187548478,118.5,95.00845714280517,88.97986106146269,134.3,125.3732022556243,117.41786418832412,PPG
RB,2023,00-0033923,Kareem Hunt,15.0,12.882687387489392,7.9,7.374894250330842,6.906933187548478,118.5,95.00845714280517,88.97986106146269,134.3,125.3732022556243,117.41786418832412,SEASON
RB,2023,00-0033925,D'Onta Foreman,9.0,12.422156690573484,10.022222222222222,7.839646143378532,7.523168525683687,90.2,97.38531279169824,93.45397823563346,170.37777777777777,133.27398443743505,127.89386493662268,PPG
RB,2023,00-0033925,D'Onta Foreman,9.0,12.422156690573484,10.022222222222222,7.839646143378532,7.523168525683687,90.2,97.38531279169824,93.45397823563346,170.37777777777777,133.27398443743505,127.89386493662268,SEASON
RB,2023,00-0033948,Jamaal Williams,13.0,12.882687387489392,4.6000000000000005,10.98915421823097,10.27591828562317,59.800000000000004,141.56983844637998,132.38144289306925,78.2,186.8156217099265,174.6906108555939,PPG
RB,2023,00-0033948,Jamaal Williams,13.0,12.882687387489392,4.6000000000000005,10.98915421823097,10.27591828562317,59.800000000000004,141.56983844637998,132.38144289306925,78.2,186.8156217099265,174.6906108555939,SEASON
RB,2023,00-0034115,Jeff Wilson,9.0,12.422156690573484,4.588888888888889,8.63806323733416,8.580904233071003,41.3,107.30337503724739,106.5933369300133,78.0111111111111,146.84707503468073,145.87537196220705,PPG
RB,2023,00-0034115,Jeff Wilson,9.0,12.422156690573484,4.588888888888889,8.63806323733416,8.580904233071003,41.3,107.30337503724739,106.5933369300133,78.0111111111111,146.84707503468073,145.87537196220705,SEASON
RB,2023,00-0034184,Gus Edwards,17.0,9.19844181216212,10.823529411764707,5.854982258938245,6.405255162275038,184.0,53.85671362008497,58.91836690223798,184.0,99.53469840195017,108.88933775867565,PPG
RB,2023,00-0034184,Gus Edwards,17.0,9.19844181216212,10.823529411764707,5.854982258938245,6.405255162275038,184.0,53.85671362008497,58.91836690223798,184.0,99.53469840195017,108.88933775867565,SEASON
RB,2023,00-0034208,Mike Boone,9.0,8.737911115246211,1.3666666666666667,4.304985512687187,4.142071258002067,12.3,37.616580762283284,36.19305048543812,23.233333333333334,73.18475371568218,70.41521138603514,PPG
RB,2023,00-0034208,Mike Boone,9.0,8.737911115246211,1.3666666666666667,4.304985512687187,4.142071258002067,12.3,37.616580762283284,36.19305048543812,23.233333333333334,73.18475371568218,70.41521138603514,SEASON
RB,2023,00-0034414,Boston Scott,12.0,11.961625993657574,1.4833333333333334,3.8997211459999312,3.387141409349748,17.8,46.64700582800888,40.51571872627189,25.21666666666667,66.29525948199883,57.581403958945714,PPG
RB,2023,00-0034414,Boston Scott,12.0,11.961625993657574,1.4833333333333334,3.8997211459999312,3.387141409349748,17.8,46.64700582800888,40.51571872627189,25.21666666666667,66.29525948199883,57.581403958945714,SEASON
RB,2023,00-0034614,Godwin Igwebuike,7.0,7.356319024498483,0.0,1.6345954658935329,1.5496979648409956,0.0,12.024605723111558,11.400072620986398,0.0,27.78812292019006,26.344865402296925,PPG
RB,2023,00-0034614,Godwin Igwebuike,7.0,7.356319024498483,0.0,1.6345954658935329,1.5496979648409956,0.0,12.024605723111558,11.400072620986398,0.0,27.78812292019006,26.344865402296925,SEASON
RB,2023,00-0034681,Chase Edmonds,13.0,11.040564599825757,3.0538461538461537,5.745315024703344,5.361767152566407,39.699999999999996,63.43152167658678,59.19693661713322,51.91538461538461,97.67035541995685,91.15004159362891,PPG
RB,2023,00-0034681,Chase Edmonds,13.0,11.040564599825757,3.0538461538461537,5.745315024703344,5.361767152566407,39.699999999999996,63.43152167658678,59.19693661713322,51.91538461538461,97.67035541995685,91.15004159362891,SEASON
RB,2023,00-0034750,Rashaad Penny,3.0,7.356319024498483,1.6,8.913564080685724,9.23523070890128,4.800000000000001,65.57102102283473,67.9373033595231,27.200000000000003,151.5305893716573,156.99892205132176,PPG
RB,2023,00-0034750,Rashaad Penny,3.0,7.356319024498483,1.6,8.913564080685724,9.23523070890128,4.800000000000001,65.57102102283473,67.9373033595231,27.200000000000003,151.5305893716573,156.99892205132176,SEASON
RB,2023,00-0034791,Nick Chubb,2.0,12.882687387489392,11.55,13.514942894585559,13.269313890970395,23.1,174.10878437071676,170.9444227038421,196.35000000000002,229.7540292079545,225.57833614649672,PPG
RB,2023,00-0034791,Nick Chubb,2.0,12.882687387489392,11.55,13.514942894585559,13.269313890970395,23.1,174.10878437071676,170.9444227038421,196.35000000000002,229.7540292079545,225.57833614649672,SEASON
RB,2023,00-0034838,Royce Freeman,11.0,6.895788327582574,4.2,4.649490988158228,5.361175528675349,46.2,32.06190568534188,36.969531632760805,71.4,79.04134679868989,91.13998398748093,PPG
RB,2023,00-0034838,Royce Freeman,11.0,6.895788327582574,4.2,4.649490988158228,5.361175528675349,46.2,32.06190568534188,36.969531632760805,71.4,79.04134679868989,91.13998398748093,SEASON
RB,2023,00-0034844,Saquon Barkley,14.0,12.422156690573484,15.8,14.208286168853979,14.236011740216082,221.20000000000002,176.49755709401214,176.84196848580785,268.6,241.54086487051765,242.01219958367338,PPG
RB,2023,00-0034844,Saquon Barkley,14.0,12.422156690573484,15.8,14.208286168853979,14.236011740216082,221.20000000000002,176.49755709401214,176.84196848580785,268.6,241.54086487051765,242.01219958367338,SEASON
RB,2023,00-0034972,Alexander Mattison,16.0,12.882687387489392,8.2,5.655096916711549,4.860962603825498,131.2,72.85284572395003,62.62226162736034,139.39999999999998,96.13664758409632,82.63636426503346,PPG
RB,2023,00-0034972,Alexander Mattison,16.0,12.882687387489392,8.2,5.655096916711549,4.860962603825498,131.2,72.85284572395003,62.62226162736034,139.39999999999998,96.13664758409632,82.63636426503346,SEASON
RB,2023,00-0034975,Justice Hill,16.0,11.961625993657574,6.76875,4.242148216603121,3.3958361189223365,108.3,50.742990376668004,40.619721590302674,115.06875,72.11651968225306,57.729214021679724,PPG
RB,2023,00-0034975,Justice Hill,16.0,11.961625993657574,6.76875,4.242148216603121,3.3958361189223365,108.3,50.742990376668004,40.619721590302674,115.06875,72.11651968225306,57.729214021679724,SEASON
RB,2023,00-0035184,Devine Ozigbo,1.0,6.435257630666666,2.3,1.9921688507829287,1.7391903792002852,2.3,12.820119798577284,11.192138158930687,39.099999999999994,33.86687046330979,29.566236446404847,PPG
RB,2023,00-0035184,Devine Ozigbo,1.0,6.435257630666666,2.3,1.9921688507829287,1.7391903792002852,2.3,12.820119798577284,11.192138158930687,39.099999999999994,33.86687046330979,29.566236446404847,SEASON
RB,2023,00-0035243,Miles Sanders,16.0,12.882687387489392,5.35,11.598059153601083,10.869980955872807,85.6,149.41417037745256,140.0345665624725,90.94999999999999,197.1670056112184,184.78967624983773,PPG
RB,2023,00-0035243,Miles Sanders,16.0,12.882687387489392,5.35,11.598059153601083,10.869980955872807,85.6,149.41417037745256,140.0345665624725,90.94999999999999,197.1670056112184,184.78967624983773,SEASON
RB,2023,00-0035250,Devin Singletary,17.0,12.422156690573484,9.535294117647059,9.669300748583337,9.762887464777009,162.1,120.1135689871817,121.27611783989572,162.1,164.37811272591674,165.96908690120915,PPG
RB,2023,00-0035250,Devin Singletary,17.0,12.422156690573484,9.535294117647059,9.669300748583337,9.762887464777009,162.1,120.1135689871817,121.27611783989572,162.1,164.37811272591674,165.96908690120915,SEASON
RB,2023,00-0035261,Tony Pollard,17.0,12.422156690573484,12.91764705882353,12.726699096922733,12.277509679335068,219.6,158.09305033575424,152.51314900673282,219.6,216.35388464768647,208.71766454869618,PPG
RB,2023,00-0035261,Tony Pollard,17.0,12.422156690573484,12.91764705882353,12.726699096922733,12.277509679335068,219.6,158.09305033575424,152.51314900673282,219.6,216.35388464768647,208.71766454869618,SEASON
RB,2023,00-0035291,Trayveon Williams,16.0,8.277380418330301,0.93125,1.781778540498282,2.1236367536738316,14.9,14.748458800921622,17.578149280506302,15.83125,30.290235188470795,36.101824812455135,PPG
RB,2023,00-0035291,Trayveon Williams,16.0,8.277380418330301,0.93125,1.781778540498282,2.1236367536738316,14.9,14.748458800921622,17.578149280506302,15.83125,30.290235188470795,36.101824812455135,SEASON
RB,2023,00-0035537,Ty Johnson,9.0,10.580033902909847,3.488888888888889,3.3363548596705934,4.062657098822171,31.4,35.2987475274529,42.98304984143592,59.31111111111111,56.71803261440009,69.0651706799769,PPG
RB,2023,00-0035537,Ty Johnson,9.0,10.580033902909847,3.488888888888889,3.3363548596705934,4.062657098822171,31.4,35.2987475274529,42.98304984143592,59.31111111111111,56.71803261440009,69.0651706799769,SEASON
RB,2023,00-0035567,Craig Reynolds,12.0,7.816849721414393,2.55,4.865442129421086,5.240012891000086,30.599999999999998,38.032429953923064,40.96039330722185,43.349999999999994,82.71251620015846,89.08021914700147,PPG
RB,2023,00-0035567,Craig Reynolds,12.0,7.816849721414393,2.55,4.865442129421086,5.240012891000086,30.599999999999998,38.032429953923064,40.96039330722185,43.349999999999994,82.71251620015846,89.08021914700147,SEASON
RB,2023,00-0035594,Travis Homer,7.0,9.65897250907803,0.0,4.237209958066665,4.56084049541754,0.0,40.92709450015759,44.05303296352784,0.0,72.03256928713331,77.53428842209817,PPG
RB,2023,00-0035594,Travis Homer,7.0,9.65897250907803,0.0,4.237209958066665,4.56084049541754,0.0,40.92709450015759,44.05303296352784,0.0,72.03256928713331,77.53428842209817,SEASON
RB,2023,00-0035628,D'Ernest Johnson,16.0,9.19844181216212,2.175,2.581553939453045,1.7178096836007708,34.8,23.746273697016726,15.801172418970312,36.974999999999994,43.88641697070177,29.202764621213102,PPG
RB,2023,00-0035628,D'Ernest Johnson,16.0,9.19844181216212,2.175,2.581553939453045,1.7178096836007708,34.8,23.746273697016726,15.801172418970312,36.974999999999994,43.88641697070177,29.202764621213102,SEASON
RB,2023,00-0035657,Damien Harris,6.0,10.119503205993938,3.166666666666667,7.431988031880188,7.552629798413383,19.0,75.20802671552013,76.42886145872959,53.833333333333336,126.3437965419632,128.39470657302752,PPG
RB,2023,00-0035657,Damien Harris,6.0,10.119503205993938,3.166666666666667,7.431988031880188,7.552629798413383,19.0,75.20802671552013,76.42886145872959,53.833333333333336,126.3437965419632,128.39470657302752,SEASON
RB,2023,00-0035664,Darrell Henderson,4.0,9.65897250907803,10.875,6.261246512412167,6.602003028845004,43.5,60.477207935949814,63.76856576046378,184.875,106.44119071100684,112.23405149036506,PPG
RB,2023,00-0035664,Darrell Henderson,4.0,9.65897250907803,10.875,6.261246512412167,6.602003028845004,43.5,60.477207935949814,63.76856576046378,184.875,106.44119071100684,112.23405149036506,SEASON
RB,2023,00-0035685,David Montgomery,14.0,12.422156690573484,14.657142857142858,9.727929237733328,9.583986216280632,205.20000000000002,120.84186126593447,119.0537784989345,249.17142857142858,165.37479704146656,162.92776567677075,PPG
RB,2023,00-0035685,David Montgomery,14.0,12.422156690573484,14.657142857142858,9.727929237733328,9.583986216280632,205.20000000000002,120.84186126593447,119.0537784989345,249.17142857142858,165.37479704146656,162.92776567677075,SEASON
RB,2023,00-0035700,Josh Jacobs,13.0,12.882687387489392,13.700000000000001,15.61452665817418,15.496135386207413,178.10000000000002,201.1570656408774,199.63186789472232,232.9,265.44695318896106,263.434301565526,PPG
RB,2023,00-0035700,Josh Jacobs,13.0,12.882687387489392,13.700000000000001,15.61452665817418,15.496135386207413,178.10000000000002,201.1570656408774,199.63186789472232,232.9,265.44695318896106,263.434301565526,SEASON
RB,2023,00-0035726,Jakob Johnson,8.0,10.119503205993938,0.275,1.4835293616657181,1.6804112355601577,2.2,15.012580131562375,17.00492688563925,4.675000000000001,25.219999148317207,28.56699100452268,PPG
RB,2023,00-0035726,Jakob Johnson,8.0,10.119503205993938,0.275,1.4835293616657181,1.6804112355601577,2.2,15.012580131562375,17.00492688563925,4.675000000000001,25.219999148317207,28.56699100452268,SEASON
RB,2023,00-0035806,JaMycal Hasty,1.0,11.501095296741665,0.0,4.647775551450952,5.052607817299977,0.0,53.45450953510344,58.110524003828935,0.0,79.01218437466618,85.8943328940996,PPG
RB,2023,00-0035806,JaMycal Hasty,1.0,11.501095296741665,0.0,4.647775551450952,5.052607817299977,0.0,53.45450953510344,58.110524003828935,0.0,79.01218437466618,85.8943328940996,SEASON
RB,2023,00-0035831,James Robinson,1.0,10.119503205993938,1.2,7.520110343122016,6.908435389230943,1.2,76.09978072665142,69.90993406972451,20.4,127.84187583307427,117.44340161692604,PPG
RB,2023,00-0035831,James Robinson,1.0,10.119503205993938,1.2,7.520110343122016,6.908435389230943,1.2,76.09978072665142,69.90993406972451,20.4,127.84187583307427,117.44340161692604,SEASON
RB,2023,00-0035860,Tony Jones,6.0,6.435257630666666,5.366666666666667,3.3779919908972875,4.045701365973518,32.2,21.738248735752652,26.035130586779637,91.23333333333335,57.425863845253886,68.77692322154981,PPG
RB,2023,00-0035860,Tony Jones,6.0,6.435257630666666,5.366666666666667,3.3779919908972875,4.045701365973518,32.2,21.738248735752652,26.035130586779637,91.23333333333335,57.425863845253886,68.77692322154981,SEASON
RB,2023,00-0035924,Jonathan Ward,2.0,6.895788327582574,0.55,2.342947984263386,2.299857527857129,1.1,16.156473362016577,15.859330695700104,9.350000000000001,39.830115732477566,39.09757797357119,PPG
RB,2023,00-0035924,Jonathan Ward,2.0,6.895788327582574,0.55,2.342947984263386,2.299857527857129,1.1,16.156473362016577,15.859330695700104,9.350000000000001,39.830115732477566,39.09757797357119,SEASON
RB,2023,00-0035973,Patrick Taylor,11.0,7.816849721414393,2.7272727272727275,1.8880543935090564,2.0277306474150913,30.000000000000004,14.758637459916487,15.850465746350082,46.36363636363637,32.09692468965396,34.47142100605655,PPG
RB,2023,00-0035973,Patrick Taylor,11.0,7.816849721414393,2.7272727272727275,1.8880543935090564,2.0277306474150913,30.000000000000004,14.758637459916487,15.850465746350082,46.36363636363637,32.09692468965396,34.47142100605655,SEASON
RB,2023,00-0036020,Salvon Ahmed,7.0,7.816849721414393,6.128571428571428,2.7090120601922094,2.916125673168387,42.9,21.1759401680217,22.79491615591566,104.18571428571428,46.05320502326756,49.57413644386258,PPG
RB,2023,00-0036020,Salvon Ahmed,7.0,7.816849721414393,6.128571428571428,2.7090120601922094,2.916125673168387,42.9,21.1759401680217,22.79491615591566,104.18571428571428,46.05320502326756,49.57413644386258,SEASON
RB,2023,00-0036158,J.K. Dobbins,1.0,8.737911115246211,11.7,8.793728089446676,8.768084257568514,11.7,76.83881441722893,76.61474089362325,198.89999999999998,149.4933775205935,149.05743237866474,PPG
RB,2023,00-0036158,J.K. Dobbins,1.0,8.737911115246211,11.7,8.793728089446676,8.768084257568514,11.7,76.83881441722893,76.61474089362325,198.89999999999998,149.4933775205935,149.05743237866474,SEASON
RB,2023,00-0036187,Reggie Gilliam,5.0,8.277380418330301,0.26,3.411736408029497,3.168220783195221,1.3,28.24024013632792,26.224568671767212,4.42,57.99951893650145,53.85975331431876,PPG
RB,2023,00-0036187,Reggie Gilliam,5.0,8.277380418330301,0.26,3.411736408029497,3.168220783195221,1.3,28.24024013632792,26.224568671767212,4.42,57.99951893650145,53.85975331431876,SEASON
RB,2023,00-0036223,Jonathan Taylor,10.0,10.119503205993938,15.540000000000001,11.345966439618447,11.764565334471635,155.4,114.8155437608185,119.05155661931086,264.18,192.8814294735136,199.9976106860178,PPG
RB,2023,00-0036223,Jonathan Taylor,10.0,10.119503205993938,15.540000000000001,11.345966439618447,11.764565334471635,155.4,114.8155437608185,119.05155661931086,264.18,192.8814294735136,199.9976106860178,SEASON
RB,2023,00-0036251,Zack Moss,14.0,11.040564599825757,12.114285714285714,5.124127793499082,5.637200424232416,169.6,56.57326392188923,62.23787544590316,205.94285714285712,87.1101724894844,95.83240721195108,PPG
RB,2023,00-0036251,Zack Moss,14.0,11.040564599825757,12.114285714285714,5.124127793499082,5.637200424232416,169.6,56.57326392188923,62.23787544590316,205.94285714285712,87.1101724894844,95.83240721195108,SEASON
RB,2023,00-0036265,AJ Dillon,15.0,12.882687387489392,7.84,8.399789729037384,8.477355031743599,117.6,108.21186519983284,109.211114746713,133.28,142.79642539363553,144.11503553964118,PPG
RB,2023,00-0036265,AJ Dillon,15.0,12.882687387489392,7.84,8.399789729037384,8.477355031743599,117.6,108.21186519983284,109.211114746713,133.28,142.79642539363553,144.11503553964118,SEASON
RB,2023,00-0036275,D'Andre Swift,16.0,11.501095296741665,12.26875,11.419120754297529,10.999091126503686,196.3,131.33239600017646,126.50159522346452,208.56875000000002,194.12505282305798,186.98454915056266,PPG
RB,2023,00-0036275,D'Andre Swift,16.0,11.501095296741665,12.26875,11.419120754297529,10.999091126503686,196.3,131.33239600017646,126.50159522346452,208.56875000000002,194.12505282305798,186.98454915056266,SEASON
RB,2023,00-0036297,Darrynton Evans,6.0,6.435257630666666,5.0,2.733944597661764,4.050881131654784,30.0,17.593637833922774,26.06846371340507,85.0,46.47705816024998,68.86497923813134,PPG
RB,2023,00-0036297,Darrynton Evans,6.0,6.435257630666666,5.0,2.733944597661764,4.050881131654784,30.0,17.593637833922774,26.06846371340507,85.0,46.47705816024998,68.86497923813134,SEASON
RB,2023,00-0036328,Antonio Gibson,16.0,11.961625993657574,7.775,9.535632210575978,9.299474220172376,124.4,114.06166611598404,111.2368325593624,132.175,162.10574757979163,158.0910617429304,PPG
RB,2023,00-0036328,Antonio Gibson,16.0,11.961625993657574,7.775,9.535632210575978,9.299474220172376,124.4,114.06166611598404,111.2368325593624,132.175,162.10574757979163,158.0910617429304,SEASON
RB,2023,00-0036360,Clyde Edwards-Helaire,15.0,9.65897250907803,4.673333333333334,8.363967023328552,8.0447587207206,70.10000000000001,80.78732754516568,77.70410332560601,79.44666666666667,142.18743939658538,136.7608982522502,PPG
RB,2023,00-0036360,Clyde Edwards-Helaire,15.0,9.65897250907803,4.673333333333334,8.363967023328552,8.0447587207206,70.10000000000001,80.78732754516568,77.70410332560601,79.44666666666667,142.18743939658538,136.7608982522502,SEASON
RB,2023,00-0036370,Joshua Kelley,17.0,10.580033902909847,3.570588235294118,5.374473949900422,5.6003606829160395,60.7,56.862116600252264,59.25200589377504,60.7,91.36605714830718,95.20613160957267,PPG
RB,2023,00-0036370,Joshua Kelley,17.0,10.580033902909847,3.570588235294118,5.374473949900422,5.6003606829160395,60.7,56.862116600252264,59.25200589377504,60.7,91.36605714830718,95.20613160957267,SEASON
RB,2023,00-0036414,Cam Akers,7.0,11.961625993657574,6.671428571428571,7.246367588679414,8.275324619374626,46.699999999999996,86.67833890834542,98.986338073066,113.41428571428571,123.18824900755004,140.68051852936864,PPG
RB,2023,00-0036414,Cam Akers,7.0,11.961625993657574,6.671428571428571,7.246367588679414,8.275324619374626,46.699999999999996,86.67833890834542,98.986338073066,113.41428571428571,123.18824900755004,140.68051852936864,SEASON
RB,2023,00-0036425,DeeJay Dallas,17.0,11.961625993657574,0.7176470588235294,3.971809484773211,3.8805001457828414,12.2,47.509299574918934,46.41709141218804,12.2,67.52076124114458,65.96850247830831,PPG
RB,2023,00-0036425,DeeJay Dallas,17.0,11.961625993657574,0.7176470588235294,3.971809484773211,3.8805001457828414,12.2,47.509299574918934,46.41709141218804,12.2,67.52076124114458,65.96850247830831,SEASON
RB,2023,00-0036450,Ke'Shawn Vaughn,5.0,7.816849721414393,1.2800000000000002,2.5848455614629215,2.6295577540503277,6.400000000000001,20.20534930702067,20.55485779719136,21.760000000000005,43.942374544869665,44.70248181885557,PPG
RB,2023,00-0036450,Ke'Shawn Vaughn,5.0,7.816849721414393,1.2800000000000002,2.5848455614629215,2.6295577540503277,6.400000000000001,20.20534930702067,20.55485779719136,21.760000000000005,43.942374544869665,44.70248181885557,SEASON
RB,2023,00-0036493,Deon Jackson,2.0,10.580033902909847,1.0,6.86701601248191,6.384472762858958,2.0,72.6532622238834,67.54793828325228,17.0,116.73927221219247,108.53603696860229,PPG
RB,2023,00-0036493,Deon Jackson,2.0,10.580033902909847,1.0,6.86701601248191,6.384472762858958,2.0,72.6532622238834,67.54793828325228,17.0,116.73927221219247,108.53603696860229,SEASON
RB,2023,00-0036555,Chuba Hubbard,17.0,11.501095296741665,10.676470588235295,5.924486883159522,6.397927710639515,181.50000000000003,68.13808822751368,73.5831763017293,181.50000000000003,100.71627701371187,108.76477108087177,PPG
RB,2023,00-0036555,Chuba Hubbard,17.0,11.501095296741665,10.676470588235295,5.924486883159522,6.397927710639515,181.50000000000003,68.13808822751368,73.5831763017293,181.50000000000003,100.71627701371187,108.76477108087177,SEASON
RB,2023,00-0036567,Elijah Mitchell,11.0,7.356319024498483,4.318181818181818,7.872209323901426,7.83039860318393,47.5,57.910483214250405,57.6029102140083,73.4090909090909,133.82755850632424,133.11677625412682,PPG
RB,2023,00-0036567,Elijah Mitchell,11.0,7.356319024498483,4.318181818181818,7.872209323901426,7.83039860318393,47.5,57.910483214250405,57.6029102140083,73.4090909090909,133.82755850632424,133.11677625412682,SEASON
RB,2023,00-0036569,Gary Brightwell,4.0,11.961625993657574,2.9,3.6514359823561198,2.7445438031890403,11.6,43.67711156072754,32.82920649695784,49.3,62.074411700054036,46.657244654213684,PPG
RB,2023,00-0036569,Gary Brightwell,4.0,11.961625993657574,2.9,3.6514359823561198,2.7445438031890403,11.6,43.67711156072754,32.82920649695784,49.3,62.074411700054036,46.657244654213684,SEASON
RB,2023,00-0036842,Kene Nwangwu,8.0,11.501095296741665,0.1625,2.0411148892853364,1.6372929890015055,1.3,23.475056853268967,18.83066269519332,2.7625,34.69895311785072,27.833980813025594,PPG
RB,2023,00-0036842,Kene Nwangwu,8.0,11.501095296741665,0.1625,2.0411148892853364,1.6372929890015055,1.3,23.475056853268967,18.83066269519332,2.7625,34.69895311785072,27.833980813025594,SEASON
RB,2023,00-0036857,Chris Evans,3.0,9.65897250907803,0.7333333333333334,2.8684676247028387,2.0036648496319804,2.2,27.706449930185073,19.353343700001265,12.466666666666669,48.76394961994826,34.06230244374367,PPG
RB,2023,00-0036857,Chris Evans,3.0,9.65897250907803,0.7333333333333334,2.8684676247028387,2.0036648496319804,2.2,27.706449930185073,19.353343700001265,12.466666666666669,48.76394961994826,34.06230244374367,SEASON
RB,2023,00-0036875,Rhamondre Stevenson,12.0,12.882687387489392,12.058333333333334,12.1641051789727,12.17788442765567,144.7,156.70636436924602,156.8838781224632,204.99166666666667,206.78978804253592,207.02403527014638,PPG
RB,2023,00-0036875,Rhamondre Stevenson,12.0,12.882687387489392,12.058333333333334,12.1641051789727,12.17788442765567,144.7,156.70636436924602,156.8838781224632,204.99166666666667,206.78978804253592,207.02403527014638,SEASON
RB,2023,00-0036893,Najee Harris,17.0,12.882687387489392,11.382352941176471,11.215351546546348,11.059797553089341,193.5,144.4838679149523,142.4799144453701,193.5,190.6609762912879,188.0165584025188,PPG
RB,2023,00-0036893,Najee Harris,17.0,12.882687387489392,11.382352941176471,11.215351546546348,11.059797553089341,193.5,144.4838679149523,142.4799144453701,193.5,190.6609762912879,188.0165584025188,SEASON
RB,2023,00-0036906,Khalil Herbert,12.0,11.040564599825757,9.291666666666666,8.183713088762488,7.795929976910042,111.5,90.35281302292182,86.07146852579343,157.95833333333331,139.1231225089623,132.5308096074707,PPG
RB,2023,00-0036906,Khalil Herbert,12.0,11.040564599825757,9.291666666666666,8.183713088762488,7.795929976910042,111.5,90.35281302292182,86.07146852579343,157.95833333333331,139.1231225089623,132.5308096074707,SEASON
RB,2023,00-0036919,Kenny Gainwell,16.0,12.882687387489392,5.856249999999999,4.772084104767272,4.897472331756444,93.69999999999999,61.47726770852394,63.092605038897005,99.55624999999999,81.12542978104362,83.25702963985955,PPG
RB,2023,00-0036919,Kenny Gainwell,16.0,12.882687387489392,5.856249999999999,4.772084104767272,4.897472331756444,93.69999999999999,61.47726770852394,63.092605038897005,99.55624999999999,81.12542978104362,83.25702963985955,SEASON
RB,2023,00-0036924,Michael Carter,15.0,12.422156690573484,3.92,7.769348052644615,7.069935744610492,58.8,96.51205889355337,87.82384961183784,66.64,132.07891689495844,120.18890765837835,PPG
RB,2023,00-0036924,Michael Carter,15.0,12.422156690573484,3.92,7.769348052644615,7.069935744610492,58.8,96.51205889355337,87.82384961183784,66.64,132.07891689495844,120.18890765837835,SEASON
RB,2023,00-0036973,Travis Etienne,17.0,12.882687387489392,16.611764705882354,10.3858272854491,10.541693876512658,282.40000000000003,133.7973661788983,135.8053467457238,282.40000000000003,176.5590638526347,179.2087959007152,PPG
RB,2023,00-0036973,Travis Etienne,17.0,12.882687387489392,16.611764705882354,10.3858272854491,10.541693876512658,282.40000000000003,133.7973661788983,135.8053467457238,282.40000000000003,176.5590638526347,179.2087959007152,SEASON
RB,2023,00-0036997,Javonte Williams,16.0,6.895788327582574,11.1375,9.489858966266304,9.92534973130132,178.2,65.44005868998401,68.44311082428248,189.33749999999998,161.32760242652716,168.73094543212244,PPG
RB,2023,00-0036997,Javonte Williams,16.0,6.895788327582574,11.1375,9.489858966266304,9.92534973130132,178.2,65.44005868998401,68.44311082428248,189.33749999999998,161.32760242652716,168.73094543212244,SEASON
RB,2023,00-0037157,Bam Knight,2.0,8.277380418330301,1.55,7.596402207831638,8.007375592326273,3.1,62.87831088486667,66.28009393013748,26.35,129.13883753313786,136.12538506954664,PPG
RB,2023,00-0037157,Bam Knight,2.0,8.277380418330301,1.55,7.596402207831638,8.007375592326273,3.1,62.87831088486667,66.28009393013748,26.35,129.13883753313786,136.12538506954664,SEASON
RB,2023,00-0037197,Isiah Pacheco,14.0,12.882687387489392,15.207142857142857,7.736001989238601,7.579908787706683,212.9,99.66049525635698,97.64959533770889,258.5214285714286,131.51203381705622,128.8584493910136,PPG
RB,2023,00-0037197,Isiah Pacheco,14.0,12.882687387489392,15.207142857142857,7.736001989238601,7.579908787706683,212.9,99.66049525635698,97.64959533770889,258.5214285714286,131.51203381705622,128.8584493910136,SEASON
RB,2023,00-0037228,Jaylen Warren,17.0,12.422156690573484,11.317647058823532,6.489826273425529,6.068860567188542,192.40000000000003,80.61763886309252,75.38833689885874,192.40000000000003,110.327046648234,103.17062964220521,PPG
RB,2023,00-0037228,Jaylen Warren,17.0,12.422156690573484,11.317647058823532,6.489826273425529,6.068860567188542,192.40000000000003,80.61763886309252,75.38833689885874,192.40000000000003,110.327046648234,103.17062964220521,SEASON
RB,2023,00-0037248,James Cook,17.0,12.422156690573484,13.45294117647059,6.733022833006586,6.562970144213121,228.70000000000005,83.6386646328168,81.52624348697105,228.70000000000005,114.46138816111197,111.57049245162307,PPG
RB,2023,00-0037248,James Cook,17.0,12.422156690573484,13.45294117647059,6.733022833006586,6.562970144213121,228.70000000000005,83.6386646328168,81.52624348697105,228.70000000000005,114.46138816111197,111.57049245162307,SEASON
RB,2023,00-0037256,Rachaad White,17.0,12.882687387489392,15.582352941176472,8.590548873199452,8.084464406441924,264.90000000000003,110.6693556203778,104.1496276434763,264.90000000000003,146.0393308443907,137.4358949095127,PPG
RB,2023,00-0037256,Rachaad White,17.0,12.882687387489392,15.582352941176472,8.590548873199452,8.084464406441924,264.90000000000003,110.6693556203778,104.1496276434763,264.90000000000003,146.0393308443907,137.4358949095127,SEASON
RB,2023,00-0037258,Dameon Pierce,14.0,11.040564599825757,5.478571428571429,10.983268808884162,11.394647467614947,76.7,121.26148880173689,125.80334145844378,93.13571428571429,186.71556975103076,193.7090069494541,PPG
RB,2023,00-0037258,Dameon Pierce,14.0,11.040564599825757,5.478571428571429,10.983268808884162,11.394647467614947,76.7,121.26148880173689,125.80334145844378,93.13571428571429,186.71556975103076,193.7090069494541,SEASON
RB,2023,00-0037263,Tyler Allgeier,17.0,12.422156690573484,8.094117647058823,8.951703237265928,8.878119511722643,137.6,111.19946026083126,110.28539169225643,137.6,152.17895503352077,150.92803169928493,PPG
RB,2023,00-0037263,Tyler Allgeier,17.0,12.422156690573484,8.094117647058823,8.951703237265928,8.878119511722643,137.6,111.19946026083126,110.28539169225643,137.6,152.17895503352077,150.92803169928493,SEASON
RB,2023,00-0037267,Jerome Ford,17.0,11.040564599825757,12.36470588235294,1.8532210952171997,1.3948764798516502,210.2,20.460607219505334,15.400223884579695,210.2,31.504758618692396,23.712900157478053,PPG
RB,2023,00-0037267,Jerome Ford,17.0,11.040564599825757,12.36470588235294,1.8532210952171997,1.3948764798516502,210.2,20.460607219505334,15.400223884579695,210.2,31.504758618692396,23.712900157478053,SEASON
RB,2023,00-0037286,Kevin Harris,4.0,7.356319024498483,5.325,2.7845106688511665,3.19722292955525,21.3,20.48374880718883,23.51979186225006,90.525,47.33668137046983,54.352789802439254,PPG
RB,2023,00-0037286,Kevin Harris,4.0,7.356319024498483,5.325,2.7845106688511665,3.19722292955525,21.3,20.48374880718883,23.51979186225006,90.525,47.33668137046983,54.352789802439254,SEASON
RB,2023,00-0037299,Keaontay Ingram,7.0,10.119503205993938,2.0,2.656863996578932,2.437438550766528,14.0,26.88614373127037,24.6656672288951,34.0,45.16668794184184,41.43645536303098,PPG
RB,2023,00-0037299,Keaontay Ingram,7.0,10.119503205993938,2.0,2.656863996578932,2.437438550766528,14.0,26.88614373127037,24.6656672288951,34.0,45.16668794184184,41.43645536303098,SEASON
RB,2023,00-0037429,Raheem Blackshear,9.0,11.040564599825757,1.9,3.456876960969576,3.8355797530107445,17.099999999999998,38.165873401233945,42.34696604089885,32.3,58.76690833648279,65.20485580118266,PPG
RB,2023,00-0037429,Raheem Blackshear,9.0,11.040564599825757,1.9,3.456876960969576,3.8355797530107445,17.099999999999998,38.165873401233945,42.34696604089885,32.3,58.76690833648279,65.20485580118266,SEASON
RB,2023,00-0037525,Jordan Mason,16.0,10.580033902909847,2.79375,3.5846464925936243,3.30794313195094,44.7,37.92568142158741,34.998150484938726,47.493750000000006,60.93899037409162,56.23503324316598,PPG
RB,2023,00-0037525,Jordan Mason,16.0,10.580033902909847,2.79375,3.5846464925936243,3.30794313195094,44.7,37.92568142158741,34.998150484938726,47.493750000000006,60.93899037409162,56.23503324316598,SEASON
RB,2023,00-0037563,Malik Davis,1.0,7.816849721414393,0.0,5.900876836376,5.539858569992584,0.0,46.12626745452638,43.30424191952167,0.0,100.314906218392,94.17759568987394,PPG
RB,2023,00-0037563,Malik Davis,1.0,7.816849721414393,0.0,5.900876836376,5.539858569992584,0.0,46.12626745452638,43.30424191952167,0.0,100.314906218392,94.17759568987394,SEASON
RB,2023,00-0037594,Julius Chestnut,1.0,7.816849721414393,0.0,1.8901002196847605,2.324988135783373,0.0,14.774629375688102,18.174082861490024,0.0,32.13170373464093,39.52479830831734,PPG
RB,2023,00-0037594,Julius Chestnut,1.0,7.816849721414393,0.0,1.8901002196847605,2.324988135783373,0.0,14.774629375688102,18.174082861490024,0.0,32.13170373464093,39.52479830831734,SEASON
RB,2023,00-0037746,Brian Robinson,15.0,10.580033902909847,12.94,8.927711177235842,8.64227546852542,194.1,94.45548693054239,91.43556745528504,219.98,151.7710900130093,146.91868296493215,PPG
RB,2023,00-0037746,Brian Robinson,15.0,10.580033902909847,12.94,8.927711177235842,8.64227546852542,194.1,94.45548693054239,91.43556745528504,219.98,151.7710900130093,146.91868296493215,SEASON
RB,2023,00-0037827,Tyrion Davis-Price,1.0,7.356319024498483,2.1,2.7088851336039417,3.2893957412359733,2.1,19.927423243511793,24.19784447035848,35.7,46.05104727126701,55.919727601011544,PPG
RB,2023,00-0037827,Tyrion Davis-Price,1.0,7.356319024498483,2.1,2.7088851336039417,3.2893957412359733,2.1,19.927423243511793,24.19784447035848,35.7,46.05104727126701,55.919727601011544,SEASON
RB,2023,00-0037840,Kyren Williams,12.0,8.737911115246211,21.0,4.676046401578812,4.267190407435433,252.0,40.858877827762555,37.28633049200208,357.0,79.49278882683981,72.54223692640237,PPG
RB,2023,00-0037840,Kyren Williams,12.0,8.737911115246211,21.0,4.676046401578812,4.267190407435433,252.0,40.858877827762555,37.28633049200208,357.0,79.49278882683981,72.54223692640237,SEASON
RB,2023,00-0038040,Zamir White,13.0,10.119503205993938,5.607692307692308,2.4543157728178384,1.8312388273528204,72.9,24.836456331551606,18.531227184337446,95.33076923076923,41.72336813790325,31.131060064997946,PPG
RB,2023,00-0038040,Zamir White,13.0,10.119503205993938,5.607692307692308,2.4543157728178384,1.8312388273528204,72.9,24.836456331551606,18.531227184337446,95.33076923076923,41.72336813790325,31.131060064997946,SEASON
RB,2023,00-0038045,Isaiah Spiller,9.0,7.356319024498483,2.1111111111111107,2.627934692176753,2.7853093809665554,18.999999999999996,19.331925971199414,20.489624388318365,35.888888888888886,44.6748897670048,47.35025947643144,PPG
RB,2023,00-0038045,Isaiah Spiller,9.0,7.356319024498483,2.1111111111111107,2.627934692176753,2.7853093809665554,18.999999999999996,19.331925971199414,20.489624388318365,35.888888888888886,44.6748897670048,47.35025947643144,SEASON
RB,2023,00-0038098,Pierre Strong,16.0,9.65897250907803,2.6125,2.64287643276581,3.2787171604964067,41.8,25.52747080897517,31.66903891827717,44.412499999999994,44.92889935701877,55.73819172843891,PPG
RB,2023,00-0038098,Pierre Strong,16.0,9.65897250907803,2.6125,2.64287643276581,3.2787171604964067,41.8,25.52747080897517,31.66903891827717,44.412499999999994,44.92889935701877,55.73819172843891,SEASON
RB,2023,00-0038120,Breece Hall,17.0,8.277380418330301,16.97058823529412,12.479925604336131,13.058449381010055,288.50000000000006,103.30109181955083,108.08975320013008,288.50000000000006,212.15873527371423,221.99363947717094,PPG
RB,2023,00-0038120,Breece Hall,17.0,8.277380418330301,16.97058823529412,12.479925604336131,13.058449381010055,288.50000000000006,103.30109181955083,108.08975320013008,288.50000000000006,212.15873527371423,221.99363947717094,SEASON
RB,2023,00-0038134,Kenneth Walker III,15.0,11.961625993657574,13.226666666666668,10.933625109902497,10.999453446148017,198.40000000000003,130.78393431951685,131.5713482574705,224.85333333333335,185.87162686834245,186.99070858451628,PPG
RB,2023,00-0038134,Kenneth Walker III,15.0,11.961625993657574,13.226666666666668,10.933625109902497,10.999453446148017,198.40000000000003,130.78393431951685,131.5713482574705,224.85333333333335,185.87162686834245,186.99070858451628,SEASON
RB,2024,00-0030578,Cordarrelle Patterson,13.0,10.675989019608604,2.807692307692308,4.06132074073925,3.8770124077335537,36.5,43.35861563324091,41.390941893849735,47.73076923076923,69.04245259256724,65.90921093147041,PPG
RB,2024,00-0030578,Cordarrelle Patterson,13.0,10.675989019608604,2.807692307692308,4.06132074073925,3.8770124077335537,36.5,43.35861563324091,41.390941893849735,47.73076923076923,69.04245259256724,65.90921093147041,SEASON
RB,2024,00-0031687,Raheem Mostert,13.0,12.211967325954,5.3,13.076002704462114,12.477595056007482,68.89999999999999,159.68371778097747,152.37598313044853,90.1,222.29204597585596,212.1191159521272,PPG
RB,2024,00-0031687,Raheem Mostert,13.0,12.211967325954,5.3,13.076002704462114,12.477595056007482,68.89999999999999,159.68371778097747,152.37598313044853,90.1,222.29204597585596,212.1191159521272,SEASON
RB,2024,00-0032104,Ameer Abdullah,15.0,12.723960094735798,8.280000000000001,4.5342661154116986,3.258435497255546,124.20000000000002,57.693821111411154,41.46020323835016,140.76000000000002,77.08252396199887,55.393403453344284,PPG
RB,2024,00-0032104,Ameer Abdullah,15.0,12.723960094735798,8.280000000000001,4.5342661154116986,3.258435497255546,124.20000000000002,57.693821111411154,41.46020323835016,140.76000000000002,77.08252396199887,55.393403453344284,SEASON
RB,2024,00-0032764,Derrick Henry,17.0,13.235952863517598,19.611764705882354,10.485950628376404,11.199156023200157,333.40000000000003,138.79154824636282,148.23150123425648,333.40000000000003,178.26116068239887,190.38565239440265,PPG
RB,2024,00-0032764,Derrick Henry,17.0,13.235952863517598,19.611764705882354,10.485950628376404,11.199156023200157,333.40000000000003,138.79154824636282,148.23150123425648,333.40000000000003,178.26116068239887,190.38565239440265,SEASON
RB,2024,00-0033045,Ezekiel Elliott,15.0,13.235952863517598,3.766666666666667,8.677019467052661,9.727903026322354,56.50000000000001,114.8486206617336,128.75806591727286,64.03333333333335,147.50933093989525,165.37435144748002,PPG
RB,2024,00-0033045,Ezekiel Elliott,15.0,13.235952863517598,3.766666666666667,8.677019467052661,9.727903026322354,56.50000000000001,114.8486206617336,128.75806591727286,64.03333333333335,147.50933093989525,165.37435144748002,SEASON
RB,2024,00-0033280,Christian McCaffrey,4.0,12.723960094735798,11.700000000000001,18.265482691164394,17.949461177692758,46.800000000000004,232.40927287346318,228.38822774697206,198.9,310.5132057497947,305.14084002077686,PPG
RB,2024,00-0033280,Christian McCaffrey,4.0,12.723960094735798,11.700000000000001,18.265482691164394,17.949461177692758,46.800000000000004,232.40927287346318,228.38822774697206,198.9,310.5132057497947,305.14084002077686,SEASON
RB,2024,00-0033293,Aaron Jones,17.0,10.163996250826806,13.917647058823528,10.625413586620091,10.659296553544387,236.59999999999997,107.99666385789081,108.34105020667623,236.59999999999997,180.63203097254154,181.20804141025457,PPG
RB,2024,00-0033293,Aaron Jones,17.0,10.163996250826806,13.917647058823528,10.625413586620091,10.659296553544387,236.59999999999997,107.99666385789081,108.34105020667623,236.59999999999997,180.63203097254154,181.20804141025457,SEASON
RB,2024,00-0033376,Patrick Ricard,10.0,8.11602517569961,1.12,2.6490843076450346,3.0994324697228715,11.200000000000001,21.50003493339787,25.155071954651643,19.040000000000003,45.034433229965586,52.690351985288814,PPG
RB,2024,00-0033376,Patrick Ricard,10.0,8.11602517569961,1.12,2.6490843076450346,3.0994324697228715,11.200000000000001,21.50003493339787,25.155071954651643,19.040000000000003,45.034433229965586,52.690351985288814,SEASON
RB,2024,00-0033526,Samaje Perine,17.0,13.235952863517598,4.788235294117647,7.018290711413571,6.4837109375231865,81.39999999999999,92.89376503873342,85.81809234973039,81.39999999999999,119.31094209403071,110.22308593789417,PPG
RB,2024,00-0033526,Samaje Perine,17.0,13.235952863517598,4.788235294117647,7.018290711413571,6.4837109375231865,81.39999999999999,92.89376503873342,85.81809234973039,81.39999999999999,119.31094209403071,110.22308593789417,SEASON
RB,2024,00-0033553,James Conner,16.0,11.187981788390402,15.6125,12.561999873994205,12.327244704764556,249.8,140.5434258160097,137.91698925793787,265.4125,213.5539978579015,209.56315998099745,PPG
RB,2024,00-0033553,James Conner,16.0,11.187981788390402,15.6125,12.561999873994205,12.327244704764556,249.8,140.5434258160097,137.91698925793787,265.4125,213.5539978579015,209.56315998099745,SEASON
RB,2024,00-0033699,Austin Ekeler,12.0,11.699974557172201,10.858333333333334,10.88878279100355,11.177059010284466,130.3,127.39848161331604,130.77130604434055,184.5916666666667,185.10930744706036,190.01000317483593,PPG
RB,2024,00-0033699,Austin Ekeler,12.0,11.699974557172201,10.858333333333334,10.88878279100355,11.177059010284466,130.3,127.39848161331604,130.77130604434055,184.5916666666667,185.10930744706036,190.01000317483593,SEASON
RB,2024,00-0033854,Dare Ogunbowale,16.0,9.140010713263209,3.5,1.9029875586163498,1.916153165209331,56.0,17.393326672960036,17.513660458266493,59.5,32.350788496477946,32.57460380855863,PPG
RB,2024,00-0033854,Dare Ogunbowale,16.0,9.140010713263209,3.5,1.9029875586163498,1.916153165209331,56.0,17.393326672960036,17.513660458266493,59.5,32.350788496477946,32.57460380855863,SEASON
RB,2024,00-0033893,Dalvin Cook,2.0,11.699974557172201,2.0,3.743519973191686,3.841248744484366,4.0,43.799088440608685,44.942512578236745,34.0,63.63983954425866,65.30122865623422,PPG
RB,2024,00-0033893,Dalvin Cook,2.0,11.699974557172201,2.0,3.743519973191686,3.841248744484366,4.0,43.799088440608685,44.942512578236745,34.0,63.63983954425866,65.30122865623422,SEASON
RB,2024,00-0033897,Joe Mixon,14.0,13.235952863517598,17.178571428571427,12.690482560291665,12.429599150669357,240.49999999999997,167.9706289833126,164.517588470678,292.0357142857143,215.7382035249583,211.30318556137908,PPG
RB,2024,00-0033897,Joe Mixon,14.0,13.235952863517598,17.178571428571427,12.690482560291665,12.429599150669357,240.49999999999997,167.9706289833126,164.517588470678,292.0357142857143,215.7382035249583,211.30318556137908,SEASON
RB,2024,00-0033906,Alvin Kamara,14.0,11.187981788390402,18.878571428571426,13.948023213872572,14.338499157280516,264.29999999999995,156.0502297008529,160.41886744450554,320.93571428571425,237.11639463583373,243.75448567376878,PPG
RB,2024,00-0033906,Alvin Kamara,14.0,11.187981788390402,18.878571428571426,13.948023213872572,14.338499157280516,264.29999999999995,156.0502297008529,160.41886744450554,320.93571428571425,237.11639463583373,243.75448567376878,SEASON
RB,2024,00-0033923,Kareem Hunt,13.0,12.211967325954,11.953846153846154,6.341204581067381,6.357929025581291,155.4,77.43858315118467,77.64282152113327,203.2153846153846,107.80047787814549,108.08479343488195,PPG
RB,2024,00-0033923,Kareem Hunt,13.0,12.211967325954,11.953846153846154,6.341204581067381,6.357929025581291,155.4,77.43858315118467,77.64282152113327,203.2153846153846,107.80047787814549,108.08479343488195,SEASON
RB,2024,00-0033925,D'Onta Foreman,10.0,9.140010713263209,3.0599999999999996,7.40448193734709,8.361401435842772,30.599999999999994,67.67704423351633,76.42329870149732,52.019999999999996,125.87619293490053,142.14382440932712,PPG
RB,2024,00-0033925,D'Onta Foreman,10.0,9.140010713263209,3.0599999999999996,7.40448193734709,8.361401435842772,30.599999999999994,67.67704423351633,76.42329870149732,52.019999999999996,125.87619293490053,142.14382440932712,SEASON
RB,2024,00-0033948,Jamaal Williams,14.0,11.187981788390402,2.6500000000000004,5.370812384311211,5.435648326993571,37.10000000000001,60.088551144535465,60.81393449049884,45.050000000000004,91.30381053329059,92.40602155889071,PPG
RB,2024,00-0033948,Jamaal Williams,14.0,11.187981788390402,2.6500000000000004,5.370812384311211,5.435648326993571,37.10000000000001,60.088551144535465,60.81393449049884,45.050000000000004,91.30381053329059,92.40602155889071,SEASON
RB,2024,00-0034115,Jeff Wilson,7.0,9.140010713263209,1.5142857142857142,4.785079387639324,5.036878326947321,10.6,43.735676866838375,46.037121869701785,25.74285714285714,81.34634958986851,85.62693155810446,PPG
RB,2024,00-0034115,Jeff Wilson,7.0,9.140010713263209,1.5142857142857142,4.785079387639324,5.036878326947321,10.6,43.735676866838375,46.037121869701785,25.74285714285714,81.34634958986851,85.62693155810446,SEASON
RB,2024,00-0034184,Gus Edwards,11.0,13.235952863517598,5.827272727272727,8.786288452496462,8.271202521748215,64.1,116.29489980251216,109.47724670246727,99.06363636363636,149.36690369243985,140.61044286971966,PPG
RB,2024,00-0034184,Gus Edwards,11.0,13.235952863517598,5.827272727272727,8.786288452496462,8.271202521748215,64.1,116.29489980251216,109.47724670246727,99.06363636363636,149.36690369243985,140.61044286971966,SEASON
RB,2024,00-0034208,Mike Boone,5.0,9.140010713263209,1.22,1.9374960838356603,2.2817452831538874,6.1,17.708734963163447,20.855176332964323,20.74,32.93743342520622,38.78966981361609,PPG
RB,2024,00-0034208,Mike Boone,5.0,9.140010713263209,1.22,1.9374960838356603,2.2817452831538874,6.1,17.708734963163447,20.855176332964323,20.74,32.93743342520622,38.78966981361609,SEASON
RB,2024,00-0034844,Saquon Barkley,16.0,11.699974557172201,22.08125,12.042693047310904,12.611627291417397,353.3,140.89920225337212,147.5557184341221,375.38125,204.72578180428536,214.39766395409575,PPG
RB,2024,00-0034844,Saquon Barkley,16.0,11.699974557172201,22.08125,12.042693047310904,12.611627291417397,353.3,140.89920225337212,147.5557184341221,375.38125,204.72578180428536,214.39766395409575,SEASON
RB,2024,00-0034972,Alexander Mattison,14.0,12.723960094735798,9.742857142857144,8.103476367503376,7.671030392235499,136.4,103.10830992874756,97.60588459630999,165.62857142857143,137.7590982475574,130.4075166680035,PPG
RB,2024,00-0034972,Alexander Mattison,14.0,12.723960094735798,9.742857142857144,8.103476367503376,7.671030392235499,136.4,103.10830992874756,97.60588459630999,165.62857142857143,137.7590982475574,130.4075166680035,SEASON
RB,2024,00-0034975,Justice Hill,15.0,12.723960094735798,8.473333333333334,5.722705431522084,6.501331300526216,127.10000000000002,72.8154755446148,82.72268003055235,144.04666666666668,97.28599233587543,110.52263210894567,PPG
RB,2024,00-0034975,Justice Hill,15.0,12.723960094735798,8.473333333333334,5.722705431522084,6.501331300526216,127.10000000000002,72.8154755446148,82.72268003055235,144.04666666666668,97.28599233587543,110.52263210894567,SEASON
RB,2024,00-0035243,Miles Sanders,11.0,12.723960094735798,6.9363636363636365,5.488716139512793,5.652666165879442,76.3,69.8382051304931,71.92429872351322,117.91818181818182,93.30817437171747,96.0953248199505,PPG
RB,2024,00-0035243,Miles Sanders,11.0,12.723960094735798,6.9363636363636365,5.488716139512793,5.652666165879442,76.3,69.8382051304931,71.92429872351322,117.91818181818182,93.30817437171747,96.0953248199505,SEASON
RB,2024,00-0035250,Devin Singletary,15.0,13.235952863517598,6.306666666666667,9.276763335347725,9.04682516519535,94.6,122.7868022326708,119.74335145101047,107.21333333333334,157.70497670091135,153.79602780832096,PPG
RB,2024,00-0035250,Devin Singletary,15.0,13.235952863517598,6.306666666666667,9.276763335347725,9.04682516519535,94.6,122.7868022326708,119.74335145101047,107.21333333333334,157.70497670091135,153.79602780832096,SEASON
RB,2024,00-0035261,Tony Pollard,16.0,13.235952863517598,12.41875,11.37134784598477,11.313764331334134,198.7,150.51062408411678,149.7484513984853,211.11874999999998,193.31291338174108,192.3339936326803,PPG
RB,2024,00-0035261,Tony Pollard,16.0,13.235952863517598,12.41875,11.37134784598477,11.313764331334134,198.7,150.51062408411678,149.7484513984853,211.11874999999998,193.31291338174108,192.3339936326803,SEASON
RB,2024,00-0035291,Trayveon Williams,5.0,12.723960094735798,0.0,3.1375514476477213,1.8681195008255636,0.0,39.92207941505014,23.76987798070223,0.0,53.338374610011265,31.75803151403458,PPG
RB,2024,00-0035291,Trayveon Williams,5.0,12.723960094735798,0.0,3.1375514476477213,1.8681195008255636,0.0,39.92207941505014,23.76987798070223,0.0,53.338374610011265,31.75803151403458,SEASON
RB,2024,00-0035537,Ty Johnson,17.0,9.140010713263209,5.394117647058824,4.717743319004817,4.3471963756077665,91.7,43.120224478129956,39.73342144571398,91.7,80.20163642308188,73.90233838533203,PPG
RB,2024,00-0035537,Ty Johnson,17.0,9.140010713263209,5.394117647058824,4.717743319004817,4.3471963756077665,91.7,43.120224478129956,39.73342144571398,91.7,80.20163642308188,73.90233838533203,SEASON
RB,2024,00-0035567,Craig Reynolds,8.0,10.675989019608604,2.4875,3.144412722010405,2.8764226326917615,19.9,33.56971569330069,30.70865644237092,42.287499999999994,53.455016274176884,48.89918475575995,PPG
RB,2024,00-0035567,Craig Reynolds,8.0,10.675989019608604,2.4875,3.144412722010405,2.8764226326917615,19.9,33.56971569330069,30.70865644237092,42.287499999999994,53.455016274176884,48.89918475575995,SEASON
RB,2024,00-0035594,Travis Homer,8.0,8.11602517569961,0.8,0.7766983229732894,1.1425725072737447,6.4,6.303703143174884,9.273147234095937,13.600000000000001,13.20387149054592,19.42373262365366,PPG
RB,2024,00-0035594,Travis Homer,8.0,8.11602517569961,0.8,0.7766983229732894,1.1425725072737447,6.4,6.303703143174884,9.273147234095937,13.600000000000001,13.20387149054592,19.42373262365366,SEASON
RB,2024,00-0035628,D'Ernest Johnson,12.0,12.723960094735798,2.9916666666666667,3.890636526135422,2.951407520211803,35.9,49.50430390166862,37.55359151047812,50.858333333333334,66.14082094430218,50.17392784360065,PPG
RB,2024,00-0035628,D'Ernest Johnson,12.0,12.723960094735798,2.9916666666666667,3.890636526135422,2.951407520211803,35.9,49.50430390166862,37.55359151047812,50.858333333333334,66.14082094430218,50.17392784360065,SEASON
RB,2024,00-0035685,David Montgomery,14.0,11.699974557172201,15.399999999999999,11.911761547242428,11.371556317676331,215.59999999999997,139.36730703383859,133.0469195922639,261.79999999999995,202.49994630312128,193.31645740049763,PPG
RB,2024,00-0035685,David Montgomery,14.0,11.699974557172201,15.399999999999999,11.911761547242428,11.371556317676331,215.59999999999997,139.36730703383859,133.0469195922639,261.79999999999995,202.49994630312128,193.31645740049763,SEASON
RB,2024,00-0035700,Josh Jacobs,17.0,11.187981788390402,17.005882352941175,11.647187042534629,12.06421070126384,289.09999999999997,130.3085165178541,134.97416961704445,289.09999999999997,198.0021797230887,205.0915819214853,PPG
RB,2024,00-0035700,Josh Jacobs,17.0,11.187981788390402,17.005882352941175,11.647187042534629,12.06421070126384,289.09999999999997,130.3085165178541,134.97416961704445,289.09999999999997,198.0021797230887,205.0915819214853,SEASON
RB,2024,00-0035726,Jakob Johnson,1.0,8.628017944481408,0.0,0.834958874170524,1.3196889561961394,0.0,7.204040149247275,11.38629999519423,0.0,14.194300860898908,22.434712255334368,PPG
RB,2024,00-0035726,Jakob Johnson,1.0,8.628017944481408,0.0,0.834958874170524,1.3196889561961394,0.0,7.204040149247275,11.38629999519423,0.0,14.194300860898908,22.434712255334368,SEASON
RB,2024,00-0035860,Tony Jones,1.0,7.604032406917812,11.5,3.2892785088035748,4.9737093417231355,11.5,25.011780376320676,37.82024701705258,195.5,55.91773464966077,84.5530588092933,PPG
RB,2024,00-0035860,Tony Jones,1.0,7.604032406917812,11.5,3.2892785088035748,4.9737093417231355,11.5,25.011780376320676,37.82024701705258,195.5,55.91773464966077,84.5530588092933,SEASON
RB,2024,00-0035973,Patrick Taylor,7.0,10.163996250826806,4.257142857142857,3.541572561502962,3.861494912765773,29.8,35.99653023714719,39.2482198159381,72.37142857142857,60.20673354555035,65.64541351701814,PPG
RB,2024,00-0035973,Patrick Taylor,7.0,10.163996250826806,4.257142857142857,3.541572561502962,3.861494912765773,29.8,35.99653023714719,39.2482198159381,72.37142857142857,60.20673354555035,65.64541351701814,SEASON
RB,2024,00-0036139,Rico Dowdle,16.0,12.723960094735798,12.175,6.315174813662501,5.69139504270854,194.8,80.35403232032223,72.4170834068006,206.97500000000002,107.3579718322625,96.75371572604517,PPG
RB,2024,00-0036139,Rico Dowdle,16.0,12.723960094735798,12.175,6.315174813662501,5.69139504270854,194.8,80.35403232032223,72.4170834068006,206.97500000000002,107.3579718322625,96.75371572604517,SEASON
RB,2024,00-0036187,Reggie Gilliam,7.0,7.092039638136013,0.1,0.8392127853797046,1.3229137289719584,0.7000000000000001,5.9517303387433955,9.382156603703452,1.7000000000000002,14.266617351454977,22.489533392523292,PPG
RB,2024,00-0036187,Reggie Gilliam,7.0,7.092039638136013,0.1,0.8392127853797046,1.3229137289719584,0.7000000000000001,5.9517303387433955,9.382156603703452,1.7000000000000002,14.266617351454977,22.489533392523292,SEASON
RB,2024,00-0036223,Jonathan Taylor,14.0,9.652003482045007,17.264285714285712,11.992326869799507,12.31342108168016,241.7,115.74998070512675,118.8491831562633,293.49285714285713,203.86955678659163,209.3281583885627,PPG
RB,2024,00-0036223,Jonathan Taylor,14.0,9.652003482045007,17.264285714285712,11.992326869799507,12.31342108168016,241.7,115.74998070512675,118.8491831562633,293.49285714285713,203.86955678659163,209.3281583885627,SEASON
RB,2024,00-0036251,Zack Moss,8.0,11.699974557172201,9.9875,10.136913068910449,10.11367169346098,79.9,118.60162499451863,118.32970149308615,169.78750000000002,172.32752217147763,171.93241878883666,PPG
RB,2024,00-0036251,Zack Moss,8.0,11.699974557172201,9.9875,10.136913068910449,10.11367169346098,79.9,118.60162499451863,118.32970149308615,169.78750000000002,172.32752217147763,171.93241878883666,SEASON
RB,2024,00-0036275,D'Andre Swift,17.0,12.723960094735798,12.5,11.770932744828073,10.72562278911404,212.5,149.77287852301131,136.47239635987592,212.5,200.10585666207726,182.33558741493866,PPG
RB,2024,00-0036275,D'Andre Swift,17.0,12.723960094735798,12.5,11.770932744828073,10.72562278911404,212.5,149.77287852301131,136.47239635987592,212.5,200.10585666207726,182.33558741493866,SEASON
RB,2024,00-0036297,Darrynton Evans,1.0,7.604032406917812,0.30000000000000004,4.654003325542467,5.147990576404048,0.30000000000000004,35.389192109328185,39.145487173483886,5.1000000000000005,79.11805653422194,87.51583979886883,PPG
RB,2024,00-0036297,Darrynton Evans,1.0,7.604032406917812,0.30000000000000004,4.654003325542467,5.147990576404048,0.30000000000000004,35.389192109328185,39.145487173483886,5.1000000000000005,79.11805653422194,87.51583979886883,SEASON
RB,2024,00-0036328,Antonio Gibson,17.0,12.723960094735798,5.964705882352942,7.670571512925078,7.712552137767929,101.40000000000002,97.60004583427589,98.1342056295284,101.40000000000002,130.39971571972632,131.1133863420548,PPG
RB,2024,00-0036328,Antonio Gibson,17.0,12.723960094735798,5.964705882352942,7.670571512925078,7.712552137767929,101.40000000000002,97.60004583427589,98.1342056295284,101.40000000000002,130.39971571972632,131.1133863420548,SEASON
RB,2024,00-0036360,Clyde Edwards-Helaire,2.0,12.211967325954,5.0,6.420508354371746,5.66617799074802,10.0,78.40703823960244,69.1951804860545,85.0,109.14864202431968,96.32502584271634,PPG
RB,2024,00-0036360,Clyde Edwards-Helaire,2.0,12.211967325954,5.0,6.420508354371746,5.66617799074802,10.0,78.40703823960244,69.1951804860545,85.0,109.14864202431968,96.32502584271634,SEASON
RB,2024,00-0036370,Joshua Kelley,1.0,13.235952863517598,0.2,4.8882283468734995,3.834567225690553,0.2,64.70035998532819,50.754151051229606,3.4000000000000004,83.0998818968495,65.1876428367394,PPG
RB,2024,00-0036370,Joshua Kelley,1.0,13.235952863517598,0.2,4.8882283468734995,3.834567225690553,0.2,64.70035998532819,50.754151051229606,3.4000000000000004,83.0998818968495,65.1876428367394,SEASON
RB,2024,00-0036414,Cam Akers,16.0,8.11602517569961,5.7625,6.1636971823987805,6.300120062518707,92.2,50.024721507737254,51.13193303733203,97.9625,104.78285210077927,107.10204106281802,PPG
RB,2024,00-0036414,Cam Akers,16.0,8.11602517569961,5.7625,6.1636971823987805,6.300120062518707,92.2,50.024721507737254,51.13193303733203,97.9625,104.78285210077927,107.10204106281802,SEASON
RB,2024,00-0036425,DeeJay Dallas,16.0,13.235952863517598,0.9375,2.8562631647309953,1.6691132682887888,15.0,37.80536461418105,22.092304542942212,15.9375,48.55647380042692,28.37492556090941,PPG
RB,2024,00-0036425,DeeJay Dallas,16.0,13.235952863517598,0.9375,2.8562631647309953,1.6691132682887888,15.0,37.80536461418105,22.092304542942212,15.9375,48.55647380042692,28.37492556090941,SEASON
RB,2024,00-0036450,Ke'Shawn Vaughn,1.0,7.092039638136013,0.4,2.490433352972872,2.979082872929842,0.4,17.662252055419586,21.12777382011055,6.800000000000001,42.337367000538826,50.64440883980732,PPG
RB,2024,00-0036450,Ke'Shawn Vaughn,1.0,7.092039638136013,0.4,2.490433352972872,2.979082872929842,0.4,17.662252055419586,21.12777382011055,6.800000000000001,42.337367000538826,50.64440883980732,SEASON
RB,2024,00-0036555,Chuba Hubbard,15.0,13.235952863517598,15.840000000000002,9.942398057428898,9.994788777357147,237.60000000000002,131.59711203845782,132.2905531379139,269.28000000000003,169.02076697629127,169.9114092150715,PPG
RB,2024,00-0036555,Chuba Hubbard,15.0,13.235952863517598,15.840000000000002,9.942398057428898,9.994788777357147,237.60000000000002,131.59711203845782,132.2905531379139,269.28000000000003,169.02076697629127,169.9114092150715,SEASON
RB,2024,00-0036569,Gary Brightwell,1.0,6.580046869354215,0.0,2.8801770767531014,3.842202571041205,0.0,18.95170015707502,25.281872999004396,0.0,48.96301030480272,65.31744370770048,PPG
RB,2024,00-0036569,Gary Brightwell,1.0,6.580046869354215,0.0,2.8801770767531014,3.842202571041205,0.0,18.95170015707502,25.281872999004396,0.0,48.96301030480272,65.31744370770048,SEASON
RB,2024,00-0036842,Kene Nwangwu,2.0,8.628017944481408,0.0,1.1426910073698568,1.3113109346043843,0.0,9.859158516584662,11.314014274561314,0.0,19.425747125287565,22.292285888274534,PPG
RB,2024,00-0036842,Kene Nwangwu,2.0,8.628017944481408,0.0,1.1426910073698568,1.3113109346043843,0.0,9.859158516584662,11.314014274561314,0.0,19.425747125287565,22.292285888274534,SEASON
RB,2024,00-0036875,Rhamondre Stevenson,15.0,10.675989019608604,11.26,10.341451823860382,10.692185369656473,168.9,110.40522611834481,114.14965360207226,191.42,175.8046810056265,181.76715128416004,PPG
RB,2024,00-0036875,Rhamondre Stevenson,15.0,10.675989019608604,11.26,10.341451823860382,10.692185369656473,168.9,110.40522611834481,114.14965360207226,191.42,175.8046810056265,181.76715128416004,SEASON
RB,2024,00-0036893,Najee Harris,17.0,13.235952863517598,12.035294117647059,10.876148879253925,9.911695632776896,204.6,143.95619390240472,131.19073619296822,204.6,184.89453094731672,168.49882575720721,PPG
RB,2024,00-0036893,Najee Harris,17.0,13.235952863517598,12.035294117647059,10.876148879253925,9.911695632776896,204.6,143.95619390240472,131.19073619296822,204.6,184.89453094731672,168.49882575720721,SEASON
RB,2024,00-0036906,Khalil Herbert,11.0,10.675989019608604,2.7727272727272725,9.057443439179847,8.51098965835146,30.499999999999996,96.69716670241004,90.86323213856258,47.13636363636363,153.9765384660574,144.68682419197484,PPG
RB,2024,00-0036906,Khalil Herbert,11.0,10.675989019608604,2.7727272727272725,9.057443439179847,8.51098965835146,30.499999999999996,96.69716670241004,90.86323213856258,47.13636363636363,153.9765384660574,144.68682419197484,SEASON
RB,2024,00-0036919,Kenny Gainwell,17.0,12.723960094735798,3.682352941176471,5.639910234408377,5.987932877126202,62.6,71.7619927605042,76.1902189785103,62.6,95.8784739849424,101.79485891114543,PPG
RB,2024,00-0036919,Kenny Gainwell,17.0,12.723960094735798,3.682352941176471,5.639910234408377,5.987932877126202,62.6,71.7619927605042,76.1902189785103,62.6,95.8784739849424,101.79485891114543,SEASON
RB,2024,00-0036924,Michael Carter,3.0,12.211967325954,11.933333333333334,5.304992285018374,4.543355819635602,35.8,64.78439244908243,55.48331281957292,202.86666666666667,90.18486884531235,77.23704893380524,PPG
RB,2024,00-0036924,Michael Carter,3.0,12.211967325954,11.933333333333334,5.304992285018374,4.543355819635602,35.8,64.78439244908243,55.48331281957292,202.86666666666667,90.18486884531235,77.23704893380524,SEASON
RB,2024,00-0036973,Travis Etienne,15.0,13.235952863517598,8.613333333333333,12.852755874046512,12.668352494882187,129.2,170.11847091517856,167.6777164806862,146.42666666666668,218.4968498587907,215.36199241299718,PPG
RB,2024,00-0036973,Travis Etienne,15.0,13.235952863517598,8.613333333333333,12.852755874046512,12.668352494882187,129.2,170.11847091517856,167.6777164806862,146.42666666666668,218.4968498587907,215.36199241299718,SEASON
RB,2024,00-0036984,Trey Sermon,15.0,8.628017944481408,3.5866666666666664,3.7710360658901685,3.438372487406921,53.8,32.53656684578695,29.66633952115809,60.97333333333333,64.10761312013287,58.452332285917656,PPG
RB,2024,00-0036984,Trey Sermon,15.0,8.628017944481408,3.5866666666666664,3.7710360658901685,3.438372487406921,53.8,32.53656684578695,29.66633952115809,60.97333333333333,64.10761312013287,58.452332285917656,SEASON
RB,2024,00-0036997,Javonte Williams,17.0,12.723960094735798,9.170588235294117,9.50238065726371,9.528221903632744,155.89999999999998,120.90791228801278,121.23671527561059,155.89999999999998,161.54047117348307,161.97977236175666,PPG
RB,2024,00-0036997,Javonte Williams,17.0,12.723960094735798,9.170588235294117,9.50238065726371,9.528221903632744,155.89999999999998,120.90791228801278,121.23671527561059,155.89999999999998,161.54047117348307,161.97977236175666,SEASON
RB,2024,00-0037120,Tyler Goodson,14.0,7.604032406917812,3.1714285714285713,3.9443377971058924,3.5900841364097,44.4,29.99287243302402,27.299116116820905,53.91428571428571,67.05374255080017,61.0314303189649,PPG
RB,2024,00-0037120,Tyler Goodson,14.0,7.604032406917812,3.1714285714285713,3.9443377971058924,3.5900841364097,44.4,29.99287243302402,27.299116116820905,53.91428571428571,67.05374255080017,61.0314303189649,SEASON
RB,2024,00-0037197,Isiah Pacheco,7.0,11.699974557172201,8.12857142857143,11.953481000418543,12.174181823653818,56.900000000000006,139.85542357453826,142.43761759113792,138.1857142857143,203.20917700711524,206.9610910021149,PPG
RB,2024,00-0037197,Isiah Pacheco,7.0,11.699974557172201,8.12857142857143,11.953481000418543,12.174181823653818,56.900000000000006,139.85542357453826,142.43761759113792,138.1857142857143,203.20917700711524,206.9610910021149,SEASON
RB,2024,00-0037228,Jaylen Warren,15.0,13.235952863517598,8.14,9.943872239505042,10.283455598874404,122.10000000000001,131.6166242429299,136.11133358077774,138.38,169.04582807158573,174.81874518086488,PPG
RB,2024,00-0037228,Jaylen Warren,15.0,13.235952863517598,8.14,9.943872239505042,10.283455598874404,122.10000000000001,131.6166242429299,136.11133358077774,138.38,169.04582807158573,174.81874518086488,SEASON
RB,2024,00-0037248,James Cook,16.0,13.235952863517598,16.606250000000003,12.65750563233066,11.988471664082228,265.70000000000005,167.5341479192371,158.67884585140874,282.30625000000003,215.17759574962122,203.80401828939787,PPG
RB,2024,00-0037248,James Cook,16.0,13.235952863517598,16.606250000000003,12.65750563233066,11.988471664082228,265.70000000000005,167.5341479192371,158.67884585140874,282.30625000000003,215.17759574962122,203.80401828939787,SEASON
RB,2024,00-0037256,Rachaad White,15.0,13.235952863517598,13.106666666666666,13.38001637744828,13.290753288434521,196.6,177.09726608499892,175.91578404636084,222.8133333333333,227.46027841662075,225.94280590338687,PPG
RB,2024,00-0037256,Rachaad White,15.0,13.235952863517598,13.106666666666666,13.38001637744828,13.290753288434521,196.6,177.09726608499892,175.91578404636084,222.8133333333333,227.46027841662075,225.94280590338687,SEASON
RB,2024,00-0037258,Dameon Pierce,10.0,11.699974557172201,4.250000000000001,5.08116214805298,5.261526402459869,42.50000000000001,59.44946785308631,61.55972504067025,72.25000000000001,86.37975651690066,89.44594884181777,PPG
RB,2024,00-0037258,Dameon Pierce,10.0,11.699974557172201,4.250000000000001,5.08116214805298,5.261526402459869,42.50000000000001,59.44946785308631,61.55972504067025,72.25000000000001,86.37975651690066,89.44594884181777,SEASON
RB,2024,00-0037263,Tyler Allgeier,17.0,13.235952863517598,6.247058823529413,8.28778818071853,7.491829493221925,106.20000000000002,109.69677370280874,99.16150203379632,106.20000000000002,140.89239907221503,127.36110138477272,PPG
RB,2024,00-0037263,Tyler Allgeier,17.0,13.235952863517598,6.247058823529413,8.28778818071853,7.491829493221925,106.20000000000002,109.69677370280874,99.16150203379632,106.20000000000002,140.89239907221503,127.36110138477272,SEASON
RB,2024,00-0037267,Jerome Ford,14.0,13.235952863517598,9.571428571428571,10.903744382703737,10.565007822949942,134.0,144.32144668531146,139.83794554726012,162.71428571428572,185.36365450596352,179.60513299014903,PPG
RB,2024,00-0037267,Jerome Ford,14.0,13.235952863517598,9.571428571428571,10.903744382703737,10.565007822949942,134.0,144.32144668531146,139.83794554726012,162.71428571428572,185.36365450596352,179.60513299014903,SEASON
RB,2024,00-0037276,Ty Chandler,14.0,12.723960094735798,2.0285714285714285,6.668382197273159,6.554495922412606,28.4,84.8482289745503,83.3991445578865,34.48571428571428,113.3624973536437,111.4264306810143,PPG
RB,2024,00-0037276,Ty Chandler,14.0,12.723960094735798,2.0285714285714285,6.668382197273159,6.554495922412606,28.4,84.8482289745503,83.3991445578865,34.48571428571428,113.3624973536437,111.4264306810143,SEASON
RB,2024,00-0037299,Keaontay Ingram,1.0,8.11602517569961,0.0,2.2018395647512494,3.2381029444834217,0.0,17.87018534037261,26.280525018934487,0.0,37.43127260077124,55.04775005621817,PPG
RB,2024,00-0037299,Keaontay Ingram,1.0,8.11602517569961,0.0,2.2018395647512494,3.2381029444834217,0.0,17.87018534037261,26.280525018934487,0.0,37.43127260077124,55.04775005621817,SEASON
RB,2024,00-0037429,Raheem Blackshear,16.0,9.140010713263209,0.5,2.7986594328289867,2.459951695957458,8.0,25.579777198832073,22.483984855161168,8.5,47.57721035809277,41.81917883127679,PPG
RB,2024,00-0037429,Raheem Blackshear,16.0,9.140010713263209,0.5,2.7986594328289867,2.459951695957458,8.0,25.579777198832073,22.483984855161168,8.5,47.57721035809277,41.81917883127679,SEASON
RB,2024,00-0037525,Jordan Mason,12.0,12.723960094735798,9.333333333333334,3.616491896876043,3.271122259492818,112.0,46.01609857878614,41.62162909478862,158.66666666666669,61.48036224689273,55.60907841137791,PPG
RB,2024,00-0037525,Jordan Mason,12.0,12.723960094735798,9.333333333333334,3.616491896876043,3.271122259492818,112.0,46.01609857878614,41.62162909478862,158.66666666666669,61.48036224689273,55.60907841137791,SEASON
RB,2024,00-0037557,Ronnie Rivers,6.0,9.140010713263209,3.0500000000000003,3.007692400431342,2.9860573312842615,18.3,27.4903407621428,27.292595998356298,51.85,51.13077080733281,50.76297463183245,PPG
RB,2024,00-0037557,Ronnie Rivers,6.0,9.140010713263209,3.0500000000000003,3.007692400431342,2.9860573312842615,18.3,27.4903407621428,27.292595998356298,51.85,51.13077080733281,50.76297463183245,SEASON
RB,2024,00-0037746,Brian Robinson,14.0,12.211967325954,11.271428571428572,11.813114039914963,10.995173646110565,157.8,144.26136267320996,134.27270130949273,191.61428571428573,200.82293867855435,186.91795198387962,PPG
RB,2024,00-0037746,Brian Robinson,14.0,12.211967325954,11.271428571428572,11.813114039914963,10.995173646110565,157.8,144.26136267320996,134.27270130949273,191.61428571428573,200.82293867855435,186.91795198387962,SEASON
RB,2024,00-0037840,Kyren Williams,16.0,10.675989019608604,16.69375,15.410689276193414,15.710965690103633,267.1,164.52434949724096,167.7300971949939,283.79375000000005,261.98171769528807,267.08641673176174,PPG
RB,2024,00-0037840,Kyren Williams,16.0,10.675989019608604,16.69375,15.410689276193414,15.710965690103633,267.1,164.52434949724096,167.7300971949939,283.79375000000005,261.98171769528807,267.08641673176174,SEASON
RB,2024,00-0038040,Zamir White,8.0,11.187981788390402,3.4125,6.483724032520355,6.596111038511184,27.3,72.53978639678691,73.79717017306403,58.0125,110.22330855284604,112.13388765469013,PPG
RB,2024,00-0038040,Zamir White,8.0,11.187981788390402,3.4125,6.483724032520355,6.596111038511184,27.3,72.53978639678691,73.79717017306403,58.0125,110.22330855284604,112.13388765469013,SEASON
RB,2024,00-0038098,Pierre Strong,13.0,12.723960094735798,2.707692307692308,4.185246808247356,3.2651016602301786,35.2,53.25291337475973,41.54502323002439,46.03076923076923,71.14919574020506,55.506728223913036,PPG
RB,2024,00-0038098,Pierre Strong,13.0,12.723960094735798,2.707692307692308,4.185246808247356,3.2651016602301786,35.2,53.25291337475973,41.54502323002439,46.03076923076923,71.14919574020506,55.506728223913036,SEASON
RB,2024,00-0038120,Breece Hall,16.0,13.235952863517598,14.681250000000002,13.671718922595394,13.712275889528044,234.90000000000003,180.95822722273422,181.49503732534203,249.58125000000004,232.4192216841217,233.10869012197674,PPG
RB,2024,00-0038120,Breece Hall,16.0,13.235952863517598,14.681250000000002,13.671718922595394,13.712275889528044,234.90000000000003,180.95822722273422,181.49503732534203,249.58125000000004,232.4192216841217,233.10869012197674,SEASON
RB,2024,00-0038134,Kenneth Walker III,11.0,12.211967325954,16.381818181818183,12.140167253917998,11.328447144196817,180.20000000000002,148.25532583646327,138.34262637872843,278.4909090909091,206.38284331660597,192.58360145134588,PPG
RB,2024,00-0038134,Kenneth Walker III,11.0,12.211967325954,16.381818181818183,12.140167253917998,11.328447144196817,180.20000000000002,148.25532583646327,138.34262637872843,278.4909090909091,206.38284331660597,192.58360145134588,SEASON
RB,2024,00-0038396,Eric Gray,14.0,9.652003482045007,1.3071428571428572,2.518155970094798,2.141591536208524,18.3,24.305250191687414,20.670648964602787,22.22142857142857,42.80865149161156,36.407056115544904,PPG
RB,2024,00-0038396,Eric Gray,14.0,9.652003482045007,1.3071428571428572,2.518155970094798,2.141591536208524,18.3,24.305250191687414,20.670648964602787,22.22142857142857,42.80865149161156,36.407056115544904,SEASON
RB,2024,00-0038454,Keaton Mitchell,4.0,8.11602517569961,1.7000000000000002,8.973155263064873,8.77466398920036,6.800000000000001,72.82635402049597,71.21539384465488,28.900000000000002,152.54363947210285,149.1692878164061,PPG
RB,2024,00-0038454,Keaton Mitchell,4.0,8.11602517569961,1.7000000000000002,8.973155263064873,8.77466398920036,6.800000000000001,72.82635402049597,71.21539384465488,28.900000000000002,152.54363947210285,149.1692878164061,SEASON
RB,2024,00-0038488,Brady Russell,8.0,7.604032406917812,0.0,0.8151811556064759,1.1296541825247566,0.0,6.198663924740353,8.589927012528497,0.0,13.85807964531009,19.204121102920862,PPG
RB,2024,00-0038488,Brady Russell,8.0,7.604032406917812,0.0,0.8151811556064759,1.1296541825247566,0.0,6.198663924740353,8.589927012528497,0.0,13.85807964531009,19.204121102920862,SEASON
RB,2024,00-0038489,Ben VanSumeren,3.0,7.092039638136013,0.3333333333333333,0.7490363798766582,1.1296541825247566,1.0,5.312195696491164,8.011552239851708,5.666666666666666,12.733618457903189,19.204121102920862,PPG
RB,2024,00-0038489,Ben VanSumeren,3.0,7.092039638136013,0.3333333333333333,0.7490363798766582,1.1296541825247566,1.0,5.312195696491164,8.011552239851708,5.666666666666666,12.733618457903189,19.204121102920862,SEASON
RB,2024,00-0038542,Bijan Robinson,17.0,13.235952863517598,20.041176470588237,12.162554042683793,12.023952696363338,340.70000000000005,160.9829920089481,159.14847112223046,340.70000000000005,206.76341872562446,204.40719583817673,PPG
RB,2024,00-0038542,Bijan Robinson,17.0,13.235952863517598,20.041176470588237,12.162554042683793,12.023952696363338,340.70000000000005,160.9829920089481,159.14847112223046,340.70000000000005,206.76341872562446,204.40719583817673,SEASON
RB,2024,00-0038551,Kendre Miller,6.0,8.11602517569961,4.85,5.542239969740109,5.631497223217051,29.099999999999998,44.98095912417937,45.70537324051203,82.44999999999999,94.21807948558185,95.73545279468986,PPG
RB,2024,00-0038551,Kendre Miller,6.0,8.11602517569961,4.85,5.542239969740109,5.631497223217051,29.099999999999998,44.98095912417937,45.70537324051203,82.44999999999999,94.21807948558185,95.73545279468986,SEASON
RB,2024,00-0038555,Tank Bigsby,16.0,11.187981788390402,7.875,3.224227065097079,2.9920418696648006,126.0,36.072593685941555,33.47490994791136,133.875,54.81186010665034,50.86471178430161,PPG
RB,2024,00-0038555,Tank Bigsby,16.0,11.187981788390402,7.875,3.224227065097079,2.9920418696648006,126.0,36.072593685941555,33.47490994791136,133.875,54.81186010665034,50.86471178430161,SEASON
RB,2024,00-0038597,Chase Brown,16.0,10.675989019608604,15.8125,5.716246448578455,5.174061454984137,253.0,61.02658431840027,55.23822328019076,268.8125,97.17618962583374,87.95904473473033,PPG
RB,2024,00-0038597,Chase Brown,16.0,10.675989019608604,15.8125,5.716246448578455,5.174061454984137,253.0,61.02658431840027,55.23822328019076,268.8125,97.17618962583374,87.95904473473033,SEASON
RB,2024,00-0038611,Chris Rodriguez Jr.,7.0,9.140010713263209,4.5,4.556043766519512,4.483669869929261,31.5,41.6422888360844,40.9807906458889,76.5,77.4527440308317,76.22238778879743,PPG
RB,2024,00-0038611,Chris Rodriguez Jr.,7.0,9.140010713263209,4.5,4.556043766519512,4.483669869929261,31.5,41.6422888360844,40.9807906458889,76.5,77.4527440308317,76.22238778879743,SEASON
RB,2024,00-0038622,Deuce Vaughn,5.0,7.604032406917812,2.3600000000000003,3.191810362662194,3.6278901758223485,11.8,24.270629434419416,27.586594465691896,40.120000000000005,54.2607761652573,61.67413298897993,PPG
RB,2024,00-0038622,Deuce Vaughn,5.0,7.604032406917812,2.3600000000000003,3.191810362662194,3.6278901758223485,11.8,24.270629434419416,27.586594465691896,40.120000000000005,54.2607761652573,61.67413298897993,SEASON
RB,2024,00-0038685,Chris Brooks,11.0,6.068054100572415,3.836363636363637,4.33906204881237,4.177963240413569,42.2,26.32966325793405,25.352106973032374,65.21818181818183,73.76405482981029,71.02537508703068,PPG
RB,2024,00-0038685,Chris Brooks,11.0,6.068054100572415,3.836363636363637,4.33906204881237,4.177963240413569,42.2,26.32966325793405,25.352106973032374,65.21818181818183,73.76405482981029,71.02537508703068,SEASON
RB,2024,00-0038705,Emari Demercado,13.0,10.163996250826806,4.207692307692308,5.442610949346484,6.3197697209558905,54.7,55.318677283866585,64.23411574988444,71.53076923076924,92.52438613889024,107.43608525625014,PPG
RB,2024,00-0038705,Emari Demercado,13.0,10.163996250826806,4.207692307692308,5.442610949346484,6.3197697209558905,54.7,55.318677283866585,64.23411574988444,71.53076923076924,92.52438613889024,107.43608525625014,SEASON
RB,2024,00-0038738,Hunter Luepke,14.0,9.652003482045007,1.9214285714285713,1.3581077949705227,1.8813633508079441,26.9,13.108461166047952,18.15892561299014,32.66428571428571,23.087832514498885,31.98317696373505,PPG
RB,2024,00-0038738,Hunter Luepke,14.0,9.652003482045007,1.9214285714285713,1.3581077949705227,1.8813633508079441,26.9,13.108461166047952,18.15892561299014,32.66428571428571,23.087832514498885,31.98317696373505,SEASON
RB,2024,00-0038794,Jaleel McLaughlin,16.0,13.235952863517598,6.0125,7.0388449082815105,5.866971820962012,96.2,93.16581941962492,77.65496247383919,102.2125,119.66036344078567,99.7385209563542,PPG
RB,2024,00-0038794,Jaleel McLaughlin,16.0,13.235952863517598,6.0125,7.0388449082815105,5.866971820962012,96.2,93.16581941962492,77.65496247383919,102.2125,119.66036344078567,99.7385209563542,SEASON
RB,2024,00-0038797,Emanuel Wilson,17.0,7.092039638136013,5.647058823529412,3.157677953044208,3.520907238760009,96.0,22.394377207457712,24.970413699486002,96.0,53.680525201751536,59.85542305892015,PPG
RB,2024,00-0038797,Emanuel Wilson,17.0,7.092039638136013,5.647058823529412,3.157677953044208,3.520907238760009,96.0,22.394377207457712,24.970413699486002,96.0,53.680525201751536,59.85542305892015,SEASON
RB,2024,00-0038951,Sean Tucker,17.0,6.068054100572415,3.9823529411764707,2.1443180387568352,2.9058362176375394,67.7,13.011837868009813,17.632771376027307,67.7,36.4534066588662,49.39921569983817,PPG
RB,2024,00-0038951,Sean Tucker,17.0,6.068054100572415,3.9823529411764707,2.1443180387568352,2.9058362176375394,67.7,13.011837868009813,17.632771376027307,67.7,36.4534066588662,49.39921569983817,SEASON
RB,2024,00-0039021,Roschon Johnson,13.0,12.211967325954,5.953846153846154,6.245464218385704,6.440221782518328,77.4,76.26940497034106,78.64777798001104,101.21538461538462,106.17289171255698,109.48377030281156,PPG
RB,2024,00-0039021,Roschon Johnson,13.0,12.211967325954,5.953846153846154,6.245464218385704,6.440221782518328,77.4,76.26940497034106,78.64777798001104,101.21538461538462,106.17289171255698,109.48377030281156,SEASON
RB,2024,00-0039032,Tyjae Spears,12.0,13.235952863517598,9.466666666666667,8.21132205787982,8.636925276157513,113.6,108.6846717052596,114.31793584094456,160.93333333333334,139.59247498395692,146.8277296946777,PPG
RB,2024,00-0039032,Tyjae Spears,12.0,13.235952863517598,9.466666666666667,8.21132205787982,8.636925276157513,113.6,108.6846717052596,114.31793584094456,160.93333333333334,139.59247498395692,146.8277296946777,SEASON
RB,2024,00-0039040,De'Von Achane,17.0,10.163996250826806,17.58235294117647,13.661892657141255,13.119275780866262,298.9,138.859425746382,133.3442698502876,298.9,232.25217517140135,223.02768827472647,PPG
RB,2024,00-0039040,De'Von Achane,17.0,10.163996250826806,17.58235294117647,13.661892657141255,13.119275780866262,298.9,138.859425746382,133.3442698502876,298.9,232.25217517140135,223.02768827472647,SEASON
RB,2024,00-0039139,Jahmyr Gibbs,17.0,12.211967325954,21.288235294117644,12.82518734934522,12.34717639674599,361.9,156.62076885944242,150.78331472485246,361.9,218.02818493886875,209.90199874468183,PPG
RB,2024,00-0039139,Jahmyr Gibbs,17.0,12.211967325954,21.288235294117644,12.82518734934522,12.34717639674599,361.9,156.62076885944242,150.78331472485246,361.9,218.02818493886875,209.90199874468183,SEASON
RB,2024,00-0039165,Zach Charbonnet,17.0,12.723960094735798,10.994117647058824,5.080368564755039,6.1065216996366525,186.9,64.6424068844933,77.69913842381499,186.9,86.36626560083566,103.8108688938231,PPG
RB,2024,00-0039165,Zach Charbonnet,17.0,12.723960094735798,10.994117647058824,5.080368564755039,6.1065216996366525,186.9,64.6424068844933,77.69913842381499,186.9,86.36626560083566,103.8108688938231,SEASON
RB,2025,00-0031687,Raheem Mostert,12.0,11.376930676810199,2.45,6.009298770461496,6.236799556415103,29.400000000000002,68.3673755277812,70.95563619849523,41.650000000000006,102.15807909784543,106.02559245905675,PPG
RB,2025,00-0031687,Raheem Mostert,12.0,11.376930676810199,2.45,6.009298770461496,6.236799556415103,29.400000000000002,68.3673755277812,70.95563619849523,41.650000000000006,102.15807909784543,106.02559245905675,SEASON
RB,2025,00-0032104,Ameer Abdullah,13.0,12.42367117571719,2.9153846153846157,7.253707180381691,7.345883341190233,37.900000000000006,90.11767281400084,91.2628391261262,49.56153846153847,123.31302206648876,124.88001680023396,PPG
RB,2025,00-0032104,Ameer Abdullah,13.0,12.42367117571719,2.9153846153846157,7.253707180381691,7.345883341190233,37.900000000000006,90.11767281400084,91.2628391261262,49.56153846153847,123.31302206648876,124.88001680023396,SEASON
RB,2025,00-0032764,Derrick Henry,17.0,13.470411674624183,16.205882352941178,15.271079690560159,14.686868688433222,275.5,205.70773014783782,197.83816744434324,275.5,259.6083547395227,249.67676770336476,PPG
RB,2025,00-0032764,Derrick Henry,17.0,13.470411674624183,16.205882352941178,15.271079690560159,14.686868688433222,275.5,205.70773014783782,197.83816744434324,275.5,259.6083547395227,249.67676770336476,SEASON
RB,2025,00-0033280,Christian McCaffrey,17.0,6.666598431728735,24.38823529411765,10.105587600466492,11.308675624020402,414.6,67.36989444896727,75.3903991800234,414.6,171.79498920793037,192.24748560834684,PPG
RB,2025,00-0033280,Christian McCaffrey,17.0,6.666598431728735,24.38823529411765,10.105587600466492,11.308675624020402,414.6,67.36989444896727,75.3903991800234,414.6,171.79498920793037,192.24748560834684,SEASON
RB,2025,00-0033293,Aaron Jones,12.0,13.470411674624183,9.808333333333332,12.622647277418093,12.44917019138148,117.69999999999999,170.03225525039582,167.69544748536845,166.74166666666665,214.58500371610756,211.63589325348516,PPG
RB,2025,00-0033293,Aaron Jones,12.0,13.470411674624183,9.808333333333332,12.622647277418093,12.44917019138148,117.69999999999999,170.03225525039582,167.69544748536845,166.74166666666665,214.58500371610756,211.63589325348516,SEASON
RB,2025,00-0033376,Patrick Ricard,5.0,9.80681992844971,0.42000000000000004,2.202394575322656,1.6838853520612267,2.1,21.598487011583764,16.513560427818597,7.140000000000001,37.440707780485155,28.626050985040855,PPG
RB,2025,00-0033376,Patrick Ricard,5.0,9.80681992844971,0.42000000000000004,2.202394575322656,1.6838853520612267,2.1,21.598487011583764,16.513560427818597,7.140000000000001,37.440707780485155,28.626050985040855,SEASON
RB,2025,00-0033526,Samaje Perine,15.0,13.470411674624183,4.993333333333333,5.428350356847255,4.42820550045247,74.89999999999999,73.1221140208256,59.64975107092997,84.88666666666667,92.28195606640334,75.27949350769198,PPG
RB,2025,00-0033526,Samaje Perine,15.0,13.470411674624183,4.993333333333333,5.428350356847255,4.42820550045247,74.89999999999999,73.1221140208256,59.64975107092997,84.88666666666667,92.28195606640334,75.27949350769198,SEASON
RB,2025,00-0033553,James Conner,3.0,12.947041425170687,10.766666666666666,13.27875935054033,12.80782512787933,32.3,171.92064738631825,165.82344249699574,183.0333333333333,225.7389089591856,217.7330271739486,PPG
RB,2025,00-0033553,James Conner,3.0,12.947041425170687,10.766666666666666,13.27875935054033,12.80782512787933,32.3,171.92064738631825,165.82344249699574,183.0333333333333,225.7389089591856,217.7330271739486,SEASON
RB,2025,00-0033699,Austin Ekeler,2.0,10.853560427356703,6.550000000000001,8.827746376136027,9.449530161229148,13.100000000000001,95.81247873077152,102.56104661503029,111.35000000000001,150.07168839431245,160.64201274089552,PPG
RB,2025,00-0033699,Austin Ekeler,2.0,10.853560427356703,6.550000000000001,8.827746376136027,9.449530161229148,13.100000000000001,95.81247873077152,102.56104661503029,111.35000000000001,150.07168839431245,160.64201274089552,SEASON
RB,2025,00-0033854,Dare Ogunbowale,14.0,12.947041425170687,1.6500000000000001,4.8652821541224744,3.796867026041422,23.1,62.99100959456735,49.15819467202292,28.05,82.70979662008206,64.54673944270418,PPG
RB,2025,00-0033854,Dare Ogunbowale,14.0,12.947041425170687,1.6500000000000001,4.8652821541224744,3.796867026041422,23.1,62.99100959456735,49.15819467202292,28.05,82.70979662008206,64.54673944270418,SEASON
RB,2025,00-0033906,Alvin Kamara,11.0,11.900300926263695,8.972727272727274,14.726621682630194,15.111837824153948,98.70000000000002,175.2512296505391,179.83541765632597,152.53636363636366,250.3525686047133,256.9012430106171,PPG
RB,2025,00-0033906,Alvin Kamara,11.0,11.900300926263695,8.972727272727274,14.726621682630194,15.111837824153948,98.70000000000002,175.2512296505391,179.83541765632597,152.53636363636366,250.3525686047133,256.9012430106171,SEASON
RB,2025,00-0033923,Kareem Hunt,17.0,11.376930676810199,8.435294117647059,9.550341438654742,9.776597313344674,143.4,108.65357248744279,111.22766988901118,143.4,162.35580445713063,166.20215432685944,PPG
RB,2025,00-0033923,Kareem Hunt,17.0,11.376930676810199,8.435294117647059,9.550341438654742,9.776597313344674,143.4,108.65357248744279,111.22766988901118,143.4,162.35580445713063,166.20215432685944,SEASON
RB,2025,00-0033955,Jeremy McNichols,16.0,12.42367117571719,4.48125,4.079035340275318,4.169460757150237,71.7,50.67659378171024,51.80000942689137,76.18125,69.3436007846804,70.88083287155402,PPG
RB,2025,00-0033955,Jeremy McNichols,16.0,12.42367117571719,4.48125,4.079035340275318,4.169460757150237,71.7,50.67659378171024,51.80000942689137,76.18125,69.3436007846804,70.88083287155402,SEASON
RB,2025,00-0034791,Nick Chubb,15.0,8.760079429542717,5.886666666666667,6.568961571976953,7.46720641569581,88.3,57.54462514013189,65.41332131828626,100.07333333333334,111.6723467236082,126.94250906682878,PPG
RB,2025,00-0034791,Nick Chubb,15.0,8.760079429542717,5.886666666666667,6.568961571976953,7.46720641569581,88.3,57.54462514013189,65.41332131828626,100.07333333333334,111.6723467236082,126.94250906682878,SEASON
RB,2025,00-0034844,Saquon Barkley,16.0,12.947041425170687,14.45625,17.703994395583283,17.117141821475816,231.3,229.21434883060644,221.616344243169,245.75625000000002,300.9679047249158,290.99141096508885,PPG
RB,2025,00-0034844,Saquon Barkley,16.0,12.947041425170687,14.45625,17.703994395583283,17.117141821475816,231.3,229.21434883060644,221.616344243169,245.75625000000002,300.9679047249158,290.99141096508885,SEASON
RB,2025,00-0034975,Justice Hill,10.0,12.42367117571719,6.420000000000002,7.378555944098924,7.14458705258657,64.20000000000002,91.66875280111854,88.76200022762201,109.14000000000003,125.4354510496817,121.4579798939717,PPG
RB,2025,00-0034975,Justice Hill,10.0,12.42367117571719,6.420000000000002,7.378555944098924,7.14458705258657,64.20000000000002,91.66875280111854,88.76200022762201,109.14000000000003,125.4354510496817,121.4579798939717,SEASON
RB,2025,00-0035243,Miles Sanders,4.0,10.330190177903207,6.425000000000001,5.9578043783710655,6.122057839118197,25.700000000000003,61.5452522713175,63.24202175821413,109.22500000000001,101.28267443230811,104.07498326500935,PPG
RB,2025,00-0035243,Miles Sanders,4.0,10.330190177903207,6.425000000000001,5.9578043783710655,6.122057839118197,25.700000000000003,61.5452522713175,63.24202175821413,109.22500000000001,101.28267443230811,104.07498326500935,SEASON
RB,2025,00-0035250,Devin Singletary,17.0,12.42367117571719,6.282352941176471,6.170622386956953,5.978327263292045,106.80000000000001,76.6617834850723,74.27277209996562,106.80000000000001,104.9005805782682,101.63156347596477,PPG
RB,2025,00-0035250,Devin Singletary,17.0,12.42367117571719,6.282352941176471,6.170622386956953,5.978327263292045,106.80000000000001,76.6617834850723,74.27277209996562,106.80000000000001,104.9005805782682,101.63156347596477,SEASON
RB,2025,00-0035261,Tony Pollard,17.0,12.947041425170687,10.694117647058825,11.600179535896723,11.334387488277402,181.8,150.18800499067214,146.74678433966386,181.8,197.2030521102443,192.68458730071583,PPG
RB,2025,00-0035261,Tony Pollard,17.0,12.947041425170687,10.694117647058825,11.600179535896723,11.334387488277402,181.8,150.18800499067214,146.74678433966386,181.8,197.2030521102443,192.68458730071583,SEASON
RB,2025,00-0035291,Trayveon Williams,6.0,7.18996868118223,2.85,0.6396136714491227,1.030653775802561,17.1,4.5988022657751735,7.410368369162625,48.45,10.873432414635086,17.521114188643537,PPG
RB,2025,00-0035291,Trayveon Williams,6.0,7.18996868118223,2.85,0.6396136714491227,1.030653775802561,17.1,4.5988022657751735,7.410368369162625,48.45,10.873432414635086,17.521114188643537,SEASON
RB,2025,00-0035311,Myles Gaskin,1.0,6.666598431728735,0.6000000000000001,1.2046368621684431,1.5823006104459192,0.6000000000000001,8.030830216134767,10.548562768122185,10.200000000000001,20.478826656863532,26.899110377580627,PPG
RB,2025,00-0035311,Myles Gaskin,1.0,6.666598431728735,0.6000000000000001,1.2046368621684431,1.5823006104459192,0.6000000000000001,8.030830216134767,10.548562768122185,10.200000000000001,20.478826656863532,26.899110377580627,SEASON
RB,2025,00-0035537,Ty Johnson,17.0,13.470411674624183,5.841176470588236,6.2705072491289835,5.4476651260006355,99.30000000000001,84.46631405448262,73.38229191272198,99.30000000000001,106.59862323519272,92.6103071420108,PPG
RB,2025,00-0035537,Ty Johnson,17.0,13.470411674624183,5.841176470588236,6.2705072491289835,5.4476651260006355,99.30000000000001,84.46631405448262,73.38229191272198,99.30000000000001,106.59862323519272,92.6103071420108,SEASON
RB,2025,00-0035567,Craig Reynolds,5.0,8.760079429542717,0.08000000000000002,3.5503279403955488,3.1662570789880813,0.4000000000000001,31.101154758789807,27.736663506287503,1.3600000000000003,60.35557498672433,53.82637034279738,PPG
RB,2025,00-0035567,Craig Reynolds,5.0,8.760079429542717,0.08000000000000002,3.5503279403955488,3.1662570789880813,0.4000000000000001,31.101154758789807,27.736663506287503,1.3600000000000003,60.35557498672433,53.82637034279738,SEASON
RB,2025,00-0035594,Travis Homer,8.0,8.760079429542717,0.0,1.286417134462691,1.6513388830451703,0.0,11.269116277417906,14.465859780568042,0.0,21.869091285865746,28.072761011767895,PPG
RB,2025,00-0035594,Travis Homer,8.0,8.760079429542717,0.0,1.286417134462691,1.6513388830451703,0.0,11.269116277417906,14.465859780568042,0.0,21.869091285865746,28.072761011767895,SEASON
RB,2025,00-0035628,D'Ernest Johnson,5.0,10.853560427356703,0.5,3.762986878233387,3.3882083855747473,2.5,40.841805470256425,36.77412445331222,8.5,63.97077692996758,57.59954255477071,PPG
RB,2025,00-0035628,D'Ernest Johnson,5.0,10.853560427356703,0.5,3.762986878233387,3.3882083855747473,2.5,40.841805470256425,36.77412445331222,8.5,63.97077692996758,57.59954255477071,SEASON
RB,2025,00-0035685,David Montgomery,17.0,11.900300926263695,9.458823529411767,12.411109207906264,12.203207476302854,160.80000000000004,147.69593440280678,145.2218412336349,160.80000000000004,210.9888565344065,207.4545270971485,PPG
RB,2025,00-0035685,David Montgomery,17.0,11.900300926263695,9.458823529411767,12.411109207906264,12.203207476302854,160.80000000000004,147.69593440280678,145.2218412336349,160.80000000000004,210.9888565344065,207.4545270971485,SEASON
RB,2025,00-0035700,Josh Jacobs,15.0,13.470411674624183,15.606666666666667,13.77909383846698,13.59669420666066,234.10000000000002,185.61006650742775,183.15306837769674,265.31333333333333,234.24459525393868,231.1438015132312,PPG
RB,2025,00-0035700,Josh Jacobs,15.0,13.470411674624183,15.606666666666667,13.77909383846698,13.59669420666066,234.10000000000002,185.61006650742775,183.15306837769674,265.31333333333333,234.24459525393868,231.1438015132312,SEASON
RB,2025,00-0036139,Rico Dowdle,17.0,12.947041425170687,12.664705882352942,11.8126373774469,11.816899313402958,215.3,152.93870546632462,152.99388492769916,215.3,200.81483541659728,200.88728832785029,PPG
RB,2025,00-0036139,Rico Dowdle,17.0,12.947041425170687,12.664705882352942,11.8126373774469,11.816899313402958,215.3,152.93870546632462,152.99388492769916,215.3,200.81483541659728,200.88728832785029,SEASON
RB,2025,00-0036158,J.K. Dobbins,10.0,11.376930676810199,11.590000000000002,11.826544593195166,11.854873637870108,115.90000000000002,134.5497779829859,134.87207556039294,197.03000000000003,201.05125808431782,201.53285184379183,PPG
RB,2025,00-0036158,J.K. Dobbins,10.0,11.376930676810199,11.590000000000002,11.826544593195166,11.854873637870108,115.90000000000002,134.5497779829859,134.87207556039294,197.03000000000003,201.05125808431782,201.53285184379183,SEASON
RB,2025,00-0036187,Reggie Gilliam,11.0,8.236709180089221,0.4363636363636364,0.7879348221929274,1.143508186273033,4.800000000000001,6.489989983268454,9.418744375382266,7.418181818181819,13.394891977279766,19.43963916664156,PPG
RB,2025,00-0036187,Reggie Gilliam,11.0,8.236709180089221,0.4363636363636364,0.7879348221929274,1.143508186273033,4.800000000000001,6.489989983268454,9.418744375382266,7.418181818181819,13.394891977279766,19.43963916664156,SEASON
RB,2025,00-0036223,Jonathan Taylor,17.0,11.900300926263695,21.194117647058825,14.431419249863083,14.110183643735782,360.3,171.73823186644537,167.91543148529976,360.3,245.33412724767243,239.8731219435083,PPG
RB,2025,00-0036223,Jonathan Taylor,17.0,11.900300926263695,21.194117647058825,14.431419249863083,14.110183643735782,360.3,171.73823186644537,167.91543148529976,360.3,245.33412724767243,239.8731219435083,SEASON
RB,2025,00-0036275,D'Andre Swift,16.0,13.470411674624183,14.162500000000001,10.499123101678764,10.559641638117103,226.60000000000002,141.42751040217007,142.24272000194026,240.76250000000002,178.485092728539,179.51390784799077,PPG
RB,2025,00-0036275,D'Andre Swift,16.0,13.470411674624183,14.162500000000001,10.499123101678764,10.559641638117103,226.60000000000002,141.42751040217007,142.24272000194026,240.76250000000002,178.485092728539,179.51390784799077,SEASON
RB,2025,00-0036328,Antonio Gibson,5.0,13.470411674624183,3.24,6.831611335395614,6.282910567408314,16.200000000000003,92.02461708880799,84.6333918578366,55.080000000000005,116.13739270172545,106.80947964594134,PPG
RB,2025,00-0036328,Antonio Gibson,5.0,13.470411674624183,3.24,6.831611335395614,6.282910567408314,16.200000000000003,92.02461708880799,84.6333918578366,55.080000000000005,116.13739270172545,106.80947964594134,SEASON
RB,2025,00-0036414,Cam Akers,4.0,12.947041425170687,0.47500000000000003,6.373765460666897,5.694150114953124,1.9000000000000001,82.52140545357645,73.72239741943852,8.075000000000001,108.35401283133726,96.8005519542031,PPG
RB,2025,00-0036414,Cam Akers,4.0,12.947041425170687,0.47500000000000003,6.373765460666897,5.694150114953124,1.9000000000000001,82.52140545357645,73.72239741943852,8.075000000000001,108.35401283133726,96.8005519542031,SEASON
RB,2025,00-0036425,DeeJay Dallas,5.0,12.947041425170687,0.42000000000000004,3.1008014311753995,1.976822446032271,2.1,40.14620458065645,25.594002098987055,7.140000000000001,52.71362432998179,33.60598158254861,PPG
RB,2025,00-0036425,DeeJay Dallas,5.0,12.947041425170687,0.42000000000000004,3.1008014311753995,1.976822446032271,2.1,40.14620458065645,25.594002098987055,7.140000000000001,52.71362432998179,33.60598158254861,SEASON
RB,2025,00-0036555,Chuba Hubbard,15.0,12.42367117571719,8.293333333333335,12.89012251186604,13.309020034177975,124.40000000000002,160.14264350213338,165.34688857565953,140.98666666666668,219.13208270172265,226.25334058102555,PPG
RB,2025,00-0036555,Chuba Hubbard,15.0,12.42367117571719,8.293333333333335,12.89012251186604,13.309020034177975,124.40000000000002,160.14264350213338,165.34688857565953,140.98666666666668,219.13208270172265,226.25334058102555,SEASON
RB,2025,00-0036875,Rhamondre Stevenson,14.0,12.42367117571719,12.557142857142859,9.834341156837603,10.147898321565053,175.8,122.17862076237257,126.07415187173662,213.4714285714286,167.18379966623925,172.51427146660592,PPG
RB,2025,00-0036875,Rhamondre Stevenson,14.0,12.42367117571719,12.557142857142859,9.834341156837603,10.147898321565053,175.8,122.17862076237257,126.07415187173662,213.4714285714286,167.18379966623925,172.51427146660592,SEASON
RB,2025,00-0036893,Najee Harris,3.0,13.470411674624183,3.8666666666666667,10.954189664830482,10.524817774700718,11.6,147.55744434718008,141.77362822562066,65.73333333333333,186.2212243021182,178.92190216991222,PPG
RB,2025,00-0036893,Najee Harris,3.0,13.470411674624183,3.8666666666666667,10.954189664830482,10.524817774700718,11.6,147.55744434718008,141.77362822562066,65.73333333333333,186.2212243021182,178.92190216991222,SEASON
RB,2025,00-0036906,Khalil Herbert,5.0,10.330190177903207,1.32,3.3182218407930186,3.1881528321784574,6.6000000000000005,34.27786266786394,32.934225072624194,22.44,56.40977129348131,54.19859814703378,PPG
RB,2025,00-0036906,Khalil Herbert,5.0,10.330190177903207,1.32,3.3182218407930186,3.1881528321784574,6.6000000000000005,34.27786266786394,32.934225072624194,22.44,56.40977129348131,54.19859814703378,SEASON
RB,2025,00-0036919,Kenny Gainwell,17.0,13.470411674624183,12.900000000000002,4.9302431232440345,4.55581205438358,219.30000000000004,66.41240452608203,61.36866388476216,219.30000000000004,83.81413309514859,77.44880492452086,PPG
RB,2025,00-0036919,Kenny Gainwell,17.0,13.470411674624183,12.900000000000002,4.9302431232440345,4.55581205438358,219.30000000000004,66.41240452608203,61.36866388476216,219.30000000000004,83.81413309514859,77.44880492452086,SEASON
RB,2025,00-0036924,Michael Carter,13.0,6.143228182275238,7.615384615384615,8.580415934362536,10.02792943612197,99.0,52.71145298361945,61.60385872185193,129.46153846153845,145.86707088416313,170.4748004140735,PPG
RB,2025,00-0036924,Michael Carter,13.0,6.143228182275238,7.615384615384615,8.580415934362536,10.02792943612197,99.0,52.71145298361945,61.60385872185193,129.46153846153845,145.86707088416313,170.4748004140735,SEASON
RB,2025,00-0036950,Avery Williams,1.0,13.470411674624183,0.0,1.869991986662252,1.030653775802561,0.0,25.18956188858887,13.883330654066311,0.0,31.789863773258286,17.521114188643537,PPG
RB,2025,00-0036950,Avery Williams,1.0,13.470411674624183,0.0,1.869991986662252,1.030653775802561,0.0,25.18956188858887,13.883330654066311,0.0,31.789863773258286,17.521114188643537,SEASON
RB,2025,00-0036973,Travis Etienne,17.0,12.42367117571719,14.93529411764706,8.531224061432342,8.274116626692429,253.90000000000003,105.98912246560192,102.79490423956108,253.90000000000003,145.0308090443498,140.6599826537713,PPG
RB,2025,00-0036973,Travis Etienne,17.0,12.42367117571719,14.93529411764706,8.531224061432342,8.274116626692429,253.90000000000003,105.98912246560192,102.79490423956108,253.90000000000003,145.0308090443498,140.6599826537713,SEASON
RB,2025,00-0036984,Trey Sermon,3.0,12.42367117571719,0.0,3.9225180967309314,3.5395462253372263,0.0,48.73207501458513,43.97415841484068,0.0,66.68280764442584,60.17228583073285,PPG
RB,2025,00-0036984,Trey Sermon,3.0,12.42367117571719,0.0,3.9225180967309314,3.5395462253372263,0.0,48.73207501458513,43.97415841484068,0.0,66.68280764442584,60.17228583073285,SEASON
RB,2025,00-0036997,Javonte Williams,16.0,13.470411674624183,15.05,7.963989926296461,8.283208158489893,240.8,107.27822287977322,111.57822388146454,255.85000000000002,135.38782874703983,140.81453869432818,PPG
RB,2025,00-0036997,Javonte Williams,16.0,13.470411674624183,15.05,7.963989926296461,8.283208158489893,240.8,107.27822287977322,111.57822388146454,255.85000000000002,135.38782874703983,140.81453869432818,SEASON
RB,2025,00-0037085,Tyler Badie,16.0,6.143228182275238,2.2125,3.8585707781337857,3.846946300205068,35.4,23.70408074753517,23.63266892711923,37.6125,65.59570322827436,65.39808710348615,PPG
RB,2025,00-0037085,Tyler Badie,16.0,6.143228182275238,2.2125,3.8585707781337857,3.846946300205068,35.4,23.70408074753517,23.63266892711923,37.6125,65.59570322827436,65.39808710348615,SEASON
RB,2025,00-0037120,Tyler Goodson,10.0,11.900300926263695,0.52,4.188937121270906,3.14860317757147,5.2,49.849612304320544,37.469325310490575,8.84,71.21193106160541,53.526254018714994,PPG
RB,2025,00-0037120,Tyler Goodson,10.0,11.900300926263695,0.52,4.188937121270906,3.14860317757147,5.2,49.849612304320544,37.469325310490575,8.84,71.21193106160541,53.526254018714994,SEASON
RB,2025,00-0037197,Isiah Pacheco,13.0,8.236709180089221,6.7153846153846155,7.214351868259012,7.94510603832473,87.3,59.422518261682825,65.44152784265161,114.16153846153847,122.64398176040321,135.06680265152042,PPG
RB,2025,00-0037197,Isiah Pacheco,13.0,8.236709180089221,6.7153846153846155,7.214351868259012,7.94510603832473,87.3,59.422518261682825,65.44152784265161,114.16153846153847,122.64398176040321,135.06680265152042,SEASON
RB,2025,00-0037228,Jaylen Warren,16.0,12.42367117571719,13.506250000000001,7.778371731442578,8.196957980233877,216.10000000000002,96.63593267393658,101.83631058759663,229.60625000000002,132.23231943452384,139.34828566397593,PPG
RB,2025,00-0037228,Jaylen Warren,16.0,12.42367117571719,13.506250000000001,7.778371731442578,8.196957980233877,216.10000000000002,96.63593267393658,101.83631058759663,229.60625000000002,132.23231943452384,139.34828566397593,SEASON
RB,2025,00-0037248,James Cook,17.0,12.947041425170687,17.42352941176471,13.009953195126345,12.194914973410787,296.2000000000001,168.44040295683251,157.88806933718374,296.2000000000001,221.16920431714786,207.3135545479834,PPG
RB,2025,00-0037248,James Cook,17.0,12.947041425170687,17.42352941176471,13.009953195126345,12.194914973410787,296.2000000000001,168.44040295683251,157.88806933718374,296.2000000000001,221.16920431714786,207.3135545479834,SEASON
RB,2025,00-0037256,Rachaad White,17.0,12.42367117571719,8.411764705882353,11.093125947815116,10.795375911794372,143.0,137.8173490864711,134.11820054639142,143.0,188.58314111285696,183.5213905005043,PPG
RB,2025,00-0037256,Rachaad White,17.0,12.42367117571719,8.411764705882353,11.093125947815116,10.795375911794372,143.0,137.8173490864711,134.11820054639142,143.0,188.58314111285696,183.5213905005043,SEASON
RB,2025,00-0037258,Dameon Pierce,5.0,9.80681992844971,0.7200000000000001,5.116793302244122,4.062314857061058,3.6000000000000005,50.179470526205655,39.838390295863725,12.240000000000002,86.98548613815007,69.05935257003799,PPG
RB,2025,00-0037258,Dameon Pierce,5.0,9.80681992844971,0.7200000000000001,5.116793302244122,4.062314857061058,3.6000000000000005,50.179470526205655,39.838390295863725,12.240000000000002,86.98548613815007,69.05935257003799,SEASON
RB,2025,00-0037263,Tyler Allgeier,17.0,13.470411674624183,7.235294117647058,6.9147385012531535,6.491655299320129,122.99999999999999,93.1443742342538,87.44526933159781,122.99999999999999,117.55055452130361,110.3581400884422,PPG
RB,2025,00-0037263,Tyler Allgeier,17.0,13.470411674624183,7.235294117647058,6.9147385012531535,6.491655299320129,122.99999999999999,93.1443742342538,87.44526933159781,122.99999999999999,117.55055452130361,110.3581400884422,SEASON
RB,2025,00-0037267,Jerome Ford,13.0,11.900300926263695,3.3538461538461535,8.401390072819165,8.615858401955983,43.599999999999994,99.97907006547251,102.53130772135361,57.01538461538461,142.8236312379258,146.4695928332517,PPG
RB,2025,00-0037267,Jerome Ford,13.0,11.900300926263695,3.3538461538461535,8.401390072819165,8.615858401955983,43.599999999999994,99.97907006547251,102.53130772135361,57.01538461538461,142.8236312379258,146.4695928332517,SEASON
RB,2025,00-0037276,Ty Chandler,3.0,11.900300926263695,2.9333333333333336,3.7104822061874936,2.597609728903196,8.8,44.15585483517799,30.912337462938286,49.866666666666674,63.07819750518739,44.15936539135433,PPG
RB,2025,00-0037276,Ty Chandler,3.0,11.900300926263695,2.9333333333333336,3.7104822061874936,2.597609728903196,8.8,44.15585483517799,30.912337462938286,49.866666666666674,63.07819750518739,44.15936539135433,SEASON
RB,2025,00-0037525,Jordan Mason,16.0,10.853560427356703,7.86875,8.716470505360556,7.837552096432936,125.9,94.60473934320322,85.06534528119107,133.76875,148.17999859112945,133.2383856393599,PPG
RB,2025,00-0037525,Jordan Mason,16.0,10.853560427356703,7.86875,8.716470505360556,7.837552096432936,125.9,94.60473934320322,85.06534528119107,133.76875,148.17999859112945,133.2383856393599,SEASON
RB,2025,00-0037557,Ronnie Rivers,6.0,7.713338930635726,0.7666666666666667,3.269634341809224,3.4394846573487117,4.6000000000000005,25.219797857620605,26.5299109088521,13.033333333333335,55.583783810756806,58.4712391749281,PPG
RB,2025,00-0037557,Ronnie Rivers,6.0,7.713338930635726,0.7666666666666667,3.269634341809224,3.4394846573487117,4.6000000000000005,25.219797857620605,26.5299109088521,13.033333333333335,55.583783810756806,58.4712391749281,SEASON
RB,2025,00-0037594,Julius Chestnut,16.0,10.853560427356703,0.25,1.459645336507504,1.94078263342128,4.0,15.842348862293603,21.064401588202337,4.25,24.813970720627566,32.993304768161764,PPG
RB,2025,00-0037594,Julius Chestnut,16.0,10.853560427356703,0.25,1.459645336507504,1.94078263342128,4.0,15.842348862293603,21.064401588202337,4.25,24.813970720627566,32.993304768161764,SEASON
RB,2025,00-0037617,Hassan Haskins,11.0,10.853560427356703,0.9090909090909091,3.1529578097018116,2.866618242428596,10.0,34.22081811250485,31.113014316361834,15.454545454545453,53.600282764930796,48.73251012128613,PPG
RB,2025,00-0037617,Hassan Haskins,11.0,10.853560427356703,0.9090909090909091,3.1529578097018116,2.866618242428596,10.0,34.22081811250485,31.113014316361834,15.454545454545453,53.600282764930796,48.73251012128613,SEASON
RB,2025,00-0037746,Brian Robinson,17.0,11.900300926263695,3.6764705882352944,9.396772989531325,9.636960329072501,62.50000000000001,111.8244263112093,114.68272793042796,62.50000000000001,159.7451408220325,163.82832559423252,PPG
RB,2025,00-0037746,Brian Robinson,17.0,11.900300926263695,3.6764705882352944,9.396772989531325,9.636960329072501,62.50000000000001,111.8244263112093,114.68272793042796,62.50000000000001,159.7451408220325,163.82832559423252,SEASON
RB,2025,00-0037840,Kyren Williams,17.0,12.947041425170687,15.370588235294118,13.487624659923451,13.439828675695704,261.3,174.62483519918263,174.00601861142917,261.3,229.28961921869868,228.47708748682697,PPG
RB,2025,00-0037840,Kyren Williams,17.0,12.947041425170687,15.370588235294118,13.487624659923451,13.439828675695704,261.3,174.62483519918263,174.00601861142917,261.3,229.28961921869868,228.47708748682697,SEASON
RB,2025,00-0038040,Zamir White,5.0,8.760079429542717,1.9200000000000002,4.226566691188761,4.621503576744968,9.600000000000001,37.025059929073095,40.48473841620169,32.64,71.85163375020895,78.56556080466446,PPG
RB,2025,00-0038040,Zamir White,5.0,8.760079429542717,1.9200000000000002,4.226566691188761,4.621503576744968,9.600000000000001,37.025059929073095,40.48473841620169,32.64,71.85163375020895,78.56556080466446,SEASON
RB,2025,00-0038120,Breece Hall,16.0,12.947041425170687,12.59375,12.43673835312838,11.939470260766596,201.5,161.0189666519622,154.58081606073858,214.09375,211.42455200318247,202.97099443303213,PPG
RB,2025,00-0038120,Breece Hall,16.0,12.947041425170687,12.59375,12.43673835312838,11.939470260766596,201.5,161.0189666519622,154.58081606073858,214.09375,211.42455200318247,202.97099443303213,SEASON
RB,2025,00-0038134,Kenneth Walker III,17.0,10.330190177903207,11.229411764705883,12.599077991659733,13.1190260794074,190.9,130.15087172007983,135.52203434915035,190.9,214.18432585821546,223.0234433499258,PPG
RB,2025,00-0038134,Kenneth Walker III,17.0,10.330190177903207,11.229411764705883,12.599077991659733,13.1190260794074,190.9,130.15087172007983,135.52203434915035,190.9,214.18432585821546,223.0234433499258,SEASON
RB,2025,00-0038396,Eric Gray,1.0,11.900300926263695,0.0,2.561936557257277,2.108639892346457,0.0,30.487815985357596,25.09344926404712,0.0,43.55292147337371,35.84687816988977,PPG
RB,2025,00-0038396,Eric Gray,1.0,11.900300926263695,0.0,2.561936557257277,2.108639892346457,0.0,30.487815985357596,25.09344926404712,0.0,43.55292147337371,35.84687816988977,SEASON
RB,2025,00-0038454,Keaton Mitchell,13.0,6.666598431728735,4.184615384615385,2.2804078426850514,2.6091492616705625,54.400000000000006,15.202563347746072,17.39415037599916,71.13846153846154,38.76693332564587,44.35553744839956,PPG
RB,2025,00-0038454,Keaton Mitchell,13.0,6.666598431728735,4.184615384615385,2.2804078426850514,2.6091492616705625,54.400000000000006,15.202563347746072,17.39415037599916,71.13846153846154,38.76693332564587,44.35553744839956,SEASON
RB,2025,00-0038488,Brady Russell,10.0,8.760079429542717,0.0,0.8423626505038418,1.030653775802561,0.0,7.379163726893786,9.028608940388546,0.0,14.320165058565312,17.521114188643537,PPG
RB,2025,00-0038488,Brady Russell,10.0,8.760079429542717,0.0,0.8423626505038418,1.030653775802561,0.0,7.379163726893786,9.028608940388546,0.0,14.320165058565312,17.521114188643537,SEASON
RB,2025,00-0038542,Bijan Robinson,17.0,13.470411674624183,21.576470588235296,15.437784091110375,15.33997341162465,366.8,207.95330705122066,206.63575693237323,366.8,262.4423295488764,260.77954799761903,PPG
RB,2025,00-0038542,Bijan Robinson,17.0,13.470411674624183,21.576470588235296,15.437784091110375,15.33997341162465,366.8,207.95330705122066,206.63575693237323,366.8,262.4423295488764,260.77954799761903,SEASON
RB,2025,00-0038551,Kendre Miller,7.0,7.713338930635726,4.757142857142858,4.3651827683279,5.121613338174257,33.300000000000004,33.670134186283825,39.50473954900269,80.87142857142858,74.2081070615743,87.06742674896236,PPG
RB,2025,00-0038551,Kendre Miller,7.0,7.713338930635726,4.757142857142858,4.3651827683279,5.121613338174257,33.300000000000004,33.670134186283825,39.50473954900269,80.87142857142858,74.2081070615743,87.06742674896236,SEASON
RB,2025,00-0038555,Tank Bigsby,15.0,12.947041425170687,3.586666666666667,7.459630938212318,7.434813577557655,53.800000000000004,96.58015077351976,96.25883937706044,60.973333333333336,126.8137259496094,126.39183081848014,PPG
RB,2025,00-0038555,Tank Bigsby,15.0,12.947041425170687,3.586666666666667,7.459630938212318,7.434813577557655,53.800000000000004,96.58015077351976,96.25883937706044,60.973333333333336,126.8137259496094,126.39183081848014,SEASON
RB,2025,00-0038597,Chase Brown,17.0,12.947041425170687,16.50588235294118,12.964018890159236,13.118275947447868,280.6,167.84568960758693,169.8428621184278,280.6,220.388321132707,223.01069110661376,PPG
RB,2025,00-0038597,Chase Brown,17.0,12.947041425170687,16.50588235294118,12.964018890159236,13.118275947447868,280.6,167.84568960758693,169.8428621184278,280.6,220.388321132707,223.01069110661376,SEASON
RB,2025,00-0038611,Chris Rodriguez Jr.,12.0,8.236709180089221,7.666666666666667,3.971868647473424,4.58210190838766,92.0,32.71512695075291,37.74144085292098,130.33333333333334,67.52176700704821,77.89573244259022,PPG
RB,2025,00-0038611,Chris Rodriguez Jr.,12.0,8.236709180089221,7.666666666666667,3.971868647473424,4.58210190838766,92.0,32.71512695075291,37.74144085292098,130.33333333333334,67.52176700704821,77.89573244259022,SEASON
RB,2025,00-0038678,Jordan Mims,1.0,8.760079429542717,0.0,3.6176227949082964,4.02963951183488,0.0,31.690663029520998,35.29996219609729,0.0,61.49958751344104,68.50387170119296,PPG
RB,2025,00-0038678,Jordan Mims,1.0,8.760079429542717,0.0,3.6176227949082964,4.02963951183488,0.0,31.690663029520998,35.29996219609729,0.0,61.49958751344104,68.50387170119296,SEASON
RB,2025,00-0038685,Chris Brooks,17.0,10.330190177903207,1.9235294117647057,4.300306983395651,4.416215095389758,32.699999999999996,44.42298896184232,45.620341801903145,32.699999999999996,73.10521871772607,75.07565662162588,PPG
RB,2025,00-0038685,Chris Brooks,17.0,10.330190177903207,1.9235294117647057,4.300306983395651,4.416215095389758,32.699999999999996,44.42298896184232,45.620341801903145,32.699999999999996,73.10521871772607,75.07565662162588,SEASON
RB,2025,00-0038705,Emari Demercado,12.0,11.376930676810199,4.775,5.431606256426397,4.4631597489699315,57.300000000000004,61.795007843091675,50.77705906356052,81.17500000000001,92.33730635924874,75.87371573248883,PPG
RB,2025,00-0038705,Emari Demercado,12.0,11.376930676810199,4.775,5.431606256426397,4.4631597489699315,57.300000000000004,61.795007843091675,50.77705906356052,81.17500000000001,92.33730635924874,75.87371573248883,SEASON
RB,2025,00-0038738,Hunter Luepke,14.0,11.900300926263695,2.642857142857143,2.938994782404711,2.4404639575156324,37.0,34.974922331334945,29.04225549413644,44.92857142857143,49.96291130088009,41.48788727776575,PPG
RB,2025,00-0038738,Hunter Luepke,14.0,11.900300926263695,2.642857142857143,2.938994782404711,2.4404639575156324,37.0,34.974922331334945,29.04225549413644,44.92857142857143,49.96291130088009,41.48788727776575,SEASON
RB,2025,00-0038794,Jaleel McLaughlin,8.0,12.947041425170687,3.925,6.786844764828168,6.200308810504999,31.4,87.8695603164331,80.275655018459,66.725,115.37636100207887,105.40524977858497,PPG
RB,2025,00-0038794,Jaleel McLaughlin,8.0,12.947041425170687,3.925,6.786844764828168,6.200308810504999,31.4,87.8695603164331,80.275655018459,66.725,115.37636100207887,105.40524977858497,SEASON
RB,2025,00-0038797,Emanuel Wilson,17.0,13.470411674624183,5.500000000000001,6.052385670778984,5.143131077428215,93.50000000000001,81.52812659898933,69.28009290951148,93.50000000000001,102.89055640324273,87.43322831627967,PPG
RB,2025,00-0038797,Emanuel Wilson,17.0,13.470411674624183,5.500000000000001,6.052385670778984,5.143131077428215,93.50000000000001,81.52812659898933,69.28009290951148,93.50000000000001,102.89055640324273,87.43322831627967,SEASON
RB,2025,00-0038951,Sean Tucker,17.0,13.470411674624183,5.31764705882353,5.172876128275499,4.000924561411023,90.4,69.68077098970703,53.89410092132168,90.4,87.93889418068349,68.01571754398739,PPG
RB,2025,00-0038951,Sean Tucker,17.0,13.470411674624183,5.31764705882353,5.172876128275499,4.000924561411023,90.4,69.68077098970703,53.89410092132168,90.4,87.93889418068349,68.01571754398739,SEASON
RB,2025,00-0039021,Roschon Johnson,6.0,11.376930676810199,0.2833333333333334,4.4192216150253065,4.762980733684239,1.7000000000000002,50.27717795960412,54.18810162210817,4.816666666666667,75.12676745543021,80.97067247263207,PPG
RB,2025,00-0039021,Roschon Johnson,6.0,11.376930676810199,0.2833333333333334,4.4192216150253065,4.762980733684239,1.7000000000000002,50.27717795960412,54.18810162210817,4.816666666666667,75.12676745543021,80.97067247263207,SEASON
RB,2025,00-0039032,Tyjae Spears,13.0,10.853560427356703,8.592307692307692,7.855340626673404,7.943290147654571,111.69999999999999,85.25841416906985,86.21297960959603,146.06923076923076,133.54079065344786,135.0359325101277,PPG
RB,2025,00-0039032,Tyjae Spears,13.0,10.853560427356703,8.592307692307692,7.855340626673404,7.943290147654571,111.69999999999999,85.25841416906985,86.21297960959603,146.06923076923076,133.54079065344786,135.0359325101277,SEASON
RB,2025,00-0039040,De'Von Achane,16.0,13.470411674624183,20.1125,13.654821437908282,13.726994269519588,321.8,183.9360661121083,184.90826386563592,341.9125,232.1319644444408,233.358902581833,PPG
RB,2025,00-0039040,De'Von Achane,16.0,13.470411674624183,20.1125,13.654821437908282,13.726994269519588,321.8,183.9360661121083,184.90826386563592,341.9125,232.1319644444408,233.358902581833,SEASON
RB,2025,00-0039139,Jahmyr Gibbs,17.0,13.470411674624183,21.46470588235294,16.28727123880007,16.01758082990728,364.9,219.39624864290315,215.76340781041955,364.9,276.8836110596012,272.2988741084238,PPG
RB,2025,00-0039139,Jahmyr Gibbs,17.0,13.470411674624183,21.46470588235294,16.28727123880007,16.01758082990728,364.9,219.39624864290315,215.76340781041955,364.9,276.8836110596012,272.2988741084238,SEASON
RB,2025,00-0039165,Zach Charbonnet,16.0,13.470411674624183,11.3375,9.089001568769104,9.307990550003375,181.4,122.43259284262486,125.38246457205702,192.7375,154.51302666907478,158.23583935005738,PPG
RB,2025,00-0039165,Zach Charbonnet,16.0,13.470411674624183,11.3375,9.089001568769104,9.307990550003375,181.4,122.43259284262486,125.38246457205702,192.7375,154.51302666907478,158.23583935005738,SEASON
RB,2025,00-0039299,George Holani,10.0,6.143228182275238,1.38,0.9485044923690372,1.780538901632608,13.799999999999999,5.826879528536138,10.938256760146835,23.459999999999997,16.124576370273633,30.269161327754336,PPG
RB,2025,00-0039299,George Holani,10.0,6.143228182275238,1.38,0.9485044923690372,1.780538901632608,13.799999999999999,5.826879528536138,10.938256760146835,23.459999999999997,16.124576370273633,30.269161327754336,SEASON
RB,2025,00-0039361,Bucky Irving,10.0,13.470411674624183,13.749999999999998,12.542968144047073,11.473360122812812,137.49999999999997,168.9589445220109,154.55088414550525,233.74999999999997,213.23045844880025,195.0471220878178,PPG
RB,2025,00-0039361,Bucky Irving,10.0,13.470411674624183,13.749999999999998,12.542968144047073,11.473360122812812,137.49999999999997,168.9589445220109,154.55088414550525,233.74999999999997,213.23045844880025,195.0471220878178,SEASON
RB,2025,00-0039363,Isaac Guerendo,7.0,12.947041425170687,0.0,6.4439259224389,6.628220001102236,0.0,83.42977585854766,85.81583892941555,0.0,109.54674068146129,112.67974001873802,PPG
RB,2025,00-0039363,Isaac Guerendo,7.0,12.947041425170687,0.0,6.4439259224389,6.628220001102236,0.0,83.42977585854766,85.81583892941555,0.0,109.54674068146129,112.67974001873802,SEASON
RB,2025,00-0039364,Sione Vaki,8.0,9.283449678996215,0.05,1.6876782592278754,1.771137915318928,0.4,15.66747619387791,16.442269711425528,0.8500000000000001,28.690530406873883,30.109344560421775,PPG
RB,2025,00-0039364,Sione Vaki,8.0,9.283449678996215,0.05,1.6876782592278754,1.771137915318928,0.4,15.66747619387791,16.442269711425528,0.8500000000000001,28.690530406873883,30.109344560421775,SEASON
RB,2025,00-0039373,Audric Estimé,5.0,11.376930676810199,9.620000000000001,4.572536357863453,4.241658708725915,48.10000000000001,52.021429160606694,48.257057083863,163.54000000000002,77.7331180836787,72.10819804834057,PPG
RB,2025,00-0039373,Audric Estimé,5.0,11.376930676810199,9.620000000000001,4.572536357863453,4.241658708725915,48.10000000000001,52.021429160606694,48.257057083863,163.54000000000002,77.7331180836787,72.10819804834057,SEASON
RB,2025,00-0039384,Tyrone Tracy Jr.,15.0,13.470411674624183,10.653333333333332,9.631385815259172,9.990369730874576,159.79999999999998,129.7387319286769,134.57439305658494,181.10666666666665,163.73355885940592,169.8362854248678,PPG
RB,2025,00-0039384,Tyrone Tracy Jr.,15.0,13.470411674624183,10.653333333333332,9.631385815259172,9.990369730874576,159.79999999999998,129.7387319286769,134.57439305658494,181.10666666666665,163.73355885940592,169.8362854248678,SEASON
RB,2025,00-0039391,Kimani Vidal,13.0,9.283449678996215,8.992307692307692,3.705245500984515,4.12529667709033,116.9,34.39746015671686,38.296984112698375,152.86923076923077,62.989173516736756,70.13004351053561,PPG
RB,2025,00-0039391,Kimani Vidal,13.0,9.283449678996215,8.992307692307692,3.705245500984515,4.12529667709033,116.9,34.39746015671686,38.296984112698375,152.86923076923077,62.989173516736756,70.13004351053561,SEASON
RB,2025,00-0039407,Dylan Laube,17.0,7.713338930635726,0.33529411764705885,0.4993342107052113,0.8623502393449524,5.7,3.851534006830769,6.651599672982457,5.7,8.488681581988592,14.65995406886419,PPG
RB,2025,00-0039407,Dylan Laube,17.0,7.713338930635726,0.33529411764705885,0.4993342107052113,0.8623502393449524,5.7,3.851534006830769,6.651599672982457,5.7,8.488681581988592,14.65995406886419,SEASON
RB,2025,00-0039738,Blake Corum,17.0,12.42367117571719,7.188235294117647,2.943760006154483,3.0636728546238396,122.2,36.57230633669051,38.0620641358174,122.2,50.04392010462621,52.08243852860527,PPG
RB,2025,00-0039738,Blake Corum,17.0,12.42367117571719,7.188235294117647,2.943760006154483,3.0636728546238396,122.2,36.57230633669051,38.0620641358174,122.2,50.04392010462621,52.08243852860527,SEASON
RB,2025,00-0039746,Will Shipley,14.0,11.376930676810199,1.392857142857143,2.973781548184916,2.079339472477617,19.500000000000004,33.8325065216771,23.656501031932937,23.67857142857143,50.55428631914357,35.34877103211949,PPG
RB,2025,00-0039746,Will Shipley,14.0,11.376930676810199,1.392857142857143,2.973781548184916,2.079339472477617,19.500000000000004,33.8325065216771,23.656501031932937,23.67857142857143,50.55428631914357,35.34877103211949,SEASON
RB,2025,00-0039794,Braelon Allen,4.0,13.470411674624183,3.575,5.494084307282321,5.079678877560545,14.3,74.00757739418529,68.42536565563343,60.775000000000006,93.39943322379946,86.35454091852925,PPG
RB,2025,00-0039794,Braelon Allen,4.0,13.470411674624183,3.575,5.494084307282321,5.079678877560545,14.3,74.00757739418529,68.42536565563343,60.775000000000006,93.39943322379946,86.35454091852925,SEASON
RB,2025,00-0039796,Rasheen Ali,15.0,7.18996868118223,1.6133333333333333,1.7598728902793679,1.8072469381452534,24.2,12.653430963970306,12.994048884426851,27.426666666666666,29.917839134749254,30.72319794846931,PPG
RB,2025,00-0039796,Rasheen Ali,15.0,7.18996868118223,1.6133333333333333,1.7598728902793679,1.8072469381452534,24.2,12.653430963970306,12.994048884426851,27.426666666666666,29.917839134749254,30.72319794846931,SEASON
RB,2025,00-0039798,Isaiah Davis,16.0,11.376930676810199,4.45,4.685845175432871,4.060276281163713,71.2,53.3105357231653,46.193481779496274,75.65,79.65936798235882,69.02469677978311,PPG
RB,2025,00-0039798,Isaiah Davis,16.0,11.376930676810199,4.45,4.685845175432871,4.060276281163713,71.2,53.3105357231653,46.193481779496274,75.65,79.65936798235882,69.02469677978311,SEASON
RB,2025,00-0039874,Jaylen Wright,9.0,11.376930676810199,5.133333333333334,3.985782288704633,3.6425452237169114,46.2,45.3459687914505,41.4409844973734,87.26666666666668,67.75829890797876,61.92326880318749,PPG
RB,2025,00-0039874,Jaylen Wright,9.0,11.376930676810199,5.133333333333334,3.985782288704633,3.6425452237169114,46.2,45.3459687914505,41.4409844973734,87.26666666666668,67.75829890797876,61.92326880318749,SEASON
RB,2025,00-0039875,Ray Davis,17.0,13.470411674624183,3.4176470588235293,7.175104883675815,5.769807067955476,58.099999999999994,96.65161659171969,77.72167648851656,58.099999999999994,121.97678302248886,98.08672015524309,PPG
RB,2025,00-0039875,Ray Davis,17.0,13.470411674624183,3.4176470588235293,7.175104883675815,5.769807067955476,58.099999999999994,96.65161659171969,77.72167648851656,58.099999999999994,121.97678302248886,98.08672015524309,SEASON
RB,2025,00-0039921,Trey Benson,4.0,10.853560427356703,8.85,4.882927636848734,4.268614243508499,35.4,52.997150168947805,46.32966263299501,150.45,83.00976982642848,72.56644213964448,PPG
RB,2025,00-0039921,Trey Benson,4.0,10.853560427356703,8.85,4.882927636848734,4.268614243508499,35.4,52.997150168947805,46.32966263299501,150.45,83.00976982642848,72.56644213964448,SEASON
WR,2022,00-0026189,DeSean Jackson,7.0,12.277675888094805,3.4714285714285715,6.357736405702554,5.598893447753485,24.3,78.05822697115678,68.74139908349495,59.01428571428572,108.08151889694342,95.18118861180925,PPG
WR,2022,00-0026189,DeSean Jackson,7.0,12.277675888094805,3.4714285714285715,6.357736405702554,5.598893447753485,24.3,78.05822697115678,68.74139908349495,59.01428571428572,108.08151889694342,95.18118861180925,SEASON
WR,2022,00-0026293,Matthew Slater,8.0,10.538394052389265,0.0,1.5855924597667446,1.3997519642491145,0.0,16.709598147519124,14.751137774863059,0.0,26.955071816034657,23.795783392234945,PPG
WR,2022,00-0026293,Matthew Slater,8.0,10.538394052389265,0.0,1.5855924597667446,1.3997519642491145,0.0,16.709598147519124,14.751137774863059,0.0,26.955071816034657,23.795783392234945,SEASON
WR,2022,00-0027691,Andre Roberts,3.0,13.147316805947575,0.0,3.67686226839744,1.707341592711189,0.0,48.34087309445619,22.446960815345115,0.0,62.506658562756485,29.024807076090212,PPG
WR,2022,00-0027691,Andre Roberts,3.0,13.147316805947575,0.0,3.67686226839744,1.707341592711189,0.0,48.34087309445619,22.446960815345115,0.0,62.506658562756485,29.024807076090212,SEASON
WR,2022,00-0027942,A.J. Green,13.0,13.147316805947575,4.7384615384615385,9.400856970063497,8.744303042419775,61.6,123.59604483282521,114.96412234590402,80.55384615384615,159.81456849107946,148.65315172113617,PPG
WR,2022,00-0027942,A.J. Green,13.0,13.147316805947575,4.7384615384615385,9.400856970063497,8.744303042419775,61.6,123.59604483282521,114.96412234590402,80.55384615384615,159.81456849107946,148.65315172113617,SEASON
WR,2022,00-0027944,Julio Jones,10.0,10.538394052389265,7.04,7.4550876617795865,7.348608063619341,70.4,78.56465147493859,77.44252751098585,119.68,126.73649025025297,124.9263370815288,PPG
WR,2022,00-0027944,Julio Jones,10.0,10.538394052389265,7.04,7.4550876617795865,7.348608063619341,70.4,78.56465147493859,77.44252751098585,119.68,126.73649025025297,124.9263370815288,SEASON
WR,2022,00-0028002,Randall Cobb,13.0,10.97321451131565,6.207692307692309,7.1447569284759265,7.857927786358497,80.70000000000002,78.40095040737506,86.22672721413952,105.53076923076925,121.46086778409075,133.58477236809443,PPG
WR,2022,00-0028002,Randall Cobb,13.0,10.97321451131565,6.207692307692309,7.1447569284759265,7.857927786358497,80.70000000000002,78.40095040737506,86.22672721413952,105.53076923076925,121.46086778409075,133.58477236809443,SEASON
WR,2022,00-0029000,Cole Beasley,4.0,13.147316805947575,2.375,9.608725584201853,8.906621057380736,9.5,126.32895935691545,117.09816871190831,40.375,163.3483349314315,151.4125579754725,PPG
WR,2022,00-0029000,Cole Beasley,4.0,13.147316805947575,2.375,9.608725584201853,8.906621057380736,9.5,126.32895935691545,117.09816871190831,40.375,163.3483349314315,151.4125579754725,SEASON
WR,2022,00-0029293,Marvin Jones,16.0,13.58213726487396,7.30625,10.338662413082655,10.189886224367077,116.9,140.42113202968167,138.4004334128019,124.20625000000001,175.75726102240515,173.22806581424032,PPG
WR,2022,00-0029293,Marvin Jones,16.0,13.58213726487396,7.30625,10.338662413082655,10.189886224367077,116.9,140.42113202968167,138.4004334128019,124.20625000000001,175.75726102240515,173.22806581424032,SEASON
WR,2022,00-0029608,T.Y. Hilton,3.0,10.538394052389265,6.366666666666667,6.629771443163805,6.976707559175849,19.1,69.86714394533763,73.52329344687799,108.23333333333335,112.70611453378469,118.60402850598943,PPG
WR,2022,00-0029608,T.Y. Hilton,3.0,10.538394052389265,6.366666666666667,6.629771443163805,6.976707559175849,19.1,69.86714394533763,73.52329344687799,108.23333333333335,112.70611453378469,118.60402850598943,SEASON
WR,2022,00-0029664,Josh Gordon,1.0,10.10357359346288,0.0,2.2745678046015865,2.824178762658169,0.0,22.981263207113425,28.534297969611746,0.0,38.66765267822697,48.011038965188874,PPG
WR,2022,00-0029664,Josh Gordon,1.0,10.10357359346288,0.0,2.2745678046015865,2.824178762658169,0.0,22.981263207113425,28.534297969611746,0.0,38.66765267822697,48.011038965188874,SEASON
WR,2022,00-0030035,Adam Thielen,17.0,11.84285542916842,10.588235294117645,12.260068552164153,12.723558892626347,179.99999999999997,145.19421941497424,150.68326850988407,179.99999999999997,208.4211653867906,216.3005011746479,PPG
WR,2022,00-0030035,Adam Thielen,17.0,11.84285542916842,10.588235294117645,12.260068552164153,12.723558892626347,179.99999999999997,145.19421941497424,150.68326850988407,179.99999999999997,208.4211653867906,216.3005011746479,SEASON
WR,2022,00-0030068,Marquise Goodwin,13.0,12.277675888094805,6.938461538461539,4.920597692529774,4.602854759424304,90.2,60.41350364458774,56.512358896186186,117.95384615384616,83.65016077300615,78.24853091021316,PPG
WR,2022,00-0030068,Marquise Goodwin,13.0,12.277675888094805,6.938461538461539,4.920597692529774,4.602854759424304,90.2,60.41350364458774,56.512358896186186,117.95384615384616,83.65016077300615,78.24853091021316,SEASON
WR,2022,00-0030279,Keenan Allen,10.0,13.147316805947575,16.299999999999997,13.902253843157693,13.674891299942164,162.99999999999997,182.7773355926964,179.7881282072359,277.09999999999997,236.33831533368078,232.4731520990168,PPG
WR,2022,00-0030279,Keenan Allen,10.0,13.147316805947575,16.299999999999997,13.902253843157693,13.674891299942164,162.99999999999997,182.7773355926964,179.7881282072359,277.09999999999997,236.33831533368078,232.4731520990168,SEASON
WR,2022,00-0030431,Robert Woods,17.0,10.10357359346288,6.923529411764706,11.485398513987198,12.682565223980683,117.7,116.04356913631885,128.13923109438187,117.7,195.25177473778237,215.6036088076716,PPG
WR,2022,00-0030431,Robert Woods,17.0,10.10357359346288,6.923529411764706,11.485398513987198,12.682565223980683,117.7,116.04356913631885,128.13923109438187,117.7,195.25177473778237,215.6036088076716,SEASON
WR,2022,00-0030564,DeAndre Hopkins,9.0,10.538394052389265,16.633333333333336,11.698097997124032,12.251467729193404,149.70000000000002,123.27916635715867,129.1107946503708,282.7666666666667,198.86766595110853,208.27495139628786,PPG
WR,2022,00-0030564,DeAndre Hopkins,9.0,10.538394052389265,16.633333333333336,11.698097997124032,12.251467729193404,149.70000000000002,123.27916635715867,129.1107946503708,282.7666666666667,198.86766595110853,208.27495139628786,SEASON
WR,2022,00-0031051,John Brown,2.0,7.494650839904569,5.6,0.7786238898276717,1.5518798211621412,11.2,5.835514189866722,11.630797405103793,95.19999999999999,13.23660612707042,26.3819569597564,PPG
WR,2022,00-0031051,John Brown,2.0,7.494650839904569,5.6,0.7786238898276717,1.5518798211621412,11.2,5.835514189866722,11.630797405103793,95.19999999999999,13.23660612707042,26.3819569597564,SEASON
WR,2022,00-0031236,Brandin Cooks,13.0,13.147316805947575,11.200000000000001,13.300595291663278,12.53747028528934,145.60000000000002,174.8671400071918,164.83409378585287,190.4,226.11011995827573,213.13699484991878,PPG
WR,2022,00-0031236,Brandin Cooks,13.0,13.147316805947575,11.200000000000001,13.300595291663278,12.53747028528934,145.60000000000002,174.8671400071918,164.83409378585287,190.4,226.11011995827573,213.13699484991878,SEASON
WR,2022,00-0031325,Sammy Watkins,9.0,10.97321451131565,5.055555555555556,6.464879893142086,6.379385120529592,45.50000000000001,70.94051385733951,70.00236137786645,85.94444444444446,109.90295818341546,108.44954704900306,PPG
WR,2022,00-0031325,Sammy Watkins,9.0,10.97321451131565,5.055555555555556,6.464879893142086,6.379385120529592,45.50000000000001,70.94051385733951,70.00236137786645,85.94444444444446,109.90295818341546,108.44954704900306,SEASON
WR,2022,00-0031381,Davante Adams,17.0,13.147316805947575,19.68235294117647,17.933793838900865,17.74439589394504,334.6,235.78126913258043,233.29119434785076,334.6,304.8744952613147,301.65473019706565,PPG
WR,2022,00-0031381,Davante Adams,17.0,13.147316805947575,19.68235294117647,17.933793838900865,17.74439589394504,334.6,235.78126913258043,233.29119434785076,334.6,304.8744952613147,301.65473019706565,SEASON
WR,2022,00-0031382,Jarvis Landry,9.0,11.408034970242035,6.688888888888888,8.950937332253105,9.831712470410123,60.199999999999996,102.11260610278836,112.16051967980339,113.7111111111111,152.16593464830277,167.13911199697208,PPG
WR,2022,00-0031382,Jarvis Landry,9.0,11.408034970242035,6.688888888888888,8.950937332253105,9.831712470410123,60.199999999999996,102.11260610278836,112.16051967980339,113.7111111111111,152.16593464830277,167.13911199697208,SEASON
WR,2022,00-0031408,Mike Evans,15.0,13.147316805947575,15.026666666666667,13.818424584645939,13.04000687091231,225.4,181.6752057734347,171.44110148361725,255.45333333333335,234.91321793898095,221.68011680550927,PPG
WR,2022,00-0031408,Mike Evans,15.0,13.147316805947575,15.026666666666667,13.818424584645939,13.04000687091231,225.4,181.6752057734347,171.44110148361725,255.45333333333335,234.91321793898095,221.68011680550927,SEASON
WR,2022,00-0031428,Allen Robinson,10.0,11.408034970242035,8.49,6.966440567148553,7.042249215824477,84.9,79.47339760814346,80.33822532328519,144.33,118.42948964152541,119.71823666901612,PPG
WR,2022,00-0031428,Allen Robinson,10.0,11.408034970242035,8.49,6.966440567148553,7.042249215824477,84.9,79.47339760814346,80.33822532328519,144.33,118.42948964152541,119.71823666901612,SEASON
WR,2022,00-0031544,Amari Cooper,17.0,12.71249634702119,14.588235294117649,11.628008221439742,11.424215157236144,248.00000000000003,147.8210120381851,145.2302934539486,248.00000000000003,197.67613976447564,194.21165767301446,PPG
WR,2022,00-0031544,Amari Cooper,17.0,12.71249634702119,14.588235294117649,11.628008221439742,11.424215157236144,248.00000000000003,147.8210120381851,145.2302934539486,248.00000000000003,197.67613976447564,194.21165767301446,SEASON
WR,2022,00-0031545,Kevin White,6.0,7.929471298830954,1.5666666666666667,2.1256678481643596,2.351721832911974,9.4,16.855422192867042,18.647910776909622,26.633333333333333,36.136353418794116,39.97927115950356,PPG
WR,2022,00-0031545,Kevin White,6.0,7.929471298830954,1.5666666666666667,2.1256678481643596,2.351721832911974,9.4,16.855422192867042,18.647910776909622,26.633333333333333,36.136353418794116,39.97927115950356,SEASON
WR,2022,00-0031547,DeVante Parker,12.0,10.10357359346288,8.575,9.980244122264065,10.373362680885101,102.89999999999999,100.83613097002032,104.80803325800402,145.77499999999998,169.6641500784891,176.34716557504672,PPG
WR,2022,00-0031547,DeVante Parker,12.0,10.10357359346288,8.575,9.980244122264065,10.373362680885101,102.89999999999999,100.83613097002032,104.80803325800402,145.77499999999998,169.6641500784891,176.34716557504672,SEASON
WR,2022,00-0031549,Nelson Agholor,14.0,12.277675888094805,5.228571428571429,7.311181016208667,7.151006755175062,73.2,89.76431087620162,87.79774321361593,88.88571428571429,124.29007727554733,121.56711483797605,PPG
WR,2022,00-0031549,Nelson Agholor,14.0,12.277675888094805,5.228571428571429,7.311181016208667,7.151006755175062,73.2,89.76431087620162,87.79774321361593,88.88571428571429,124.29007727554733,121.56711483797605,SEASON
WR,2022,00-0031588,Stefon Diggs,16.0,13.58213726487396,19.74375,14.602925281682491,14.04885242206667,315.9,198.33893564450983,190.8134420104665,335.64374999999995,248.24972978860237,238.83049117513337,PPG
WR,2022,00-0031588,Stefon Diggs,16.0,13.58213726487396,19.74375,14.602925281682491,14.04885242206667,315.9,198.33893564450983,190.8134420104665,335.64374999999995,248.24972978860237,238.83049117513337,SEASON
WR,2022,00-0031763,DeAndre Carter,17.0,13.58213726487396,6.752941176470589,6.164995363121986,5.0059367376394315,114.80000000000001,83.7338132592343,67.9913199098941,114.80000000000001,104.80492117307377,85.10092453987033,PPG
WR,2022,00-0031763,DeAndre Carter,17.0,13.58213726487396,6.752941176470589,6.164995363121986,5.0059367376394315,114.80000000000001,83.7338132592343,67.9913199098941,114.80000000000001,104.80492117307377,85.10092453987033,SEASON
WR,2022,00-0031787,Jake Kumerow,5.0,9.23393267561011,2.08,1.6777156490330494,1.9560047500653166,10.4,15.491913351988696,18.06161617527671,35.36,28.52116603356184,33.252080751110384,PPG
WR,2022,00-0031787,Jake Kumerow,5.0,9.23393267561011,2.08,1.6777156490330494,1.9560047500653166,10.4,15.491913351988696,18.06161617527671,35.36,28.52116603356184,33.252080751110384,SEASON
WR,2022,00-0031868,Damiere Byrd,12.0,10.97321451131565,4.316666666666666,5.761507453073284,5.716814687779756,51.8,63.22225719111703,62.73183389044726,73.38333333333333,97.94562670224582,97.18584969225586,PPG
WR,2022,00-0031868,Damiere Byrd,12.0,10.97321451131565,4.316666666666666,5.761507453073284,5.716814687779756,51.8,63.22225719111703,62.73183389044726,73.38333333333333,97.94562670224582,97.18584969225586,SEASON
WR,2022,00-0031941,Jamison Crowder,4.0,11.408034970242035,3.0,8.131774016221328,8.368364918039607,12.0,92.76756234715843,95.46659962874246,51.0,138.24015827576258,142.26220360667332,PPG
WR,2022,00-0031941,Jamison Crowder,4.0,11.408034970242035,3.0,8.131774016221328,8.368364918039607,12.0,92.76756234715843,95.46659962874246,51.0,138.24015827576258,142.26220360667332,SEASON
WR,2022,00-0032054,Breshad Perriman,8.0,8.36429175775734,2.75,4.8481288967303655,6.0747316169039385,22.0,40.55116457146698,50.810827593857525,46.75,82.41819124441622,103.27043748736695,PPG
WR,2022,00-0032054,Breshad Perriman,8.0,8.36429175775734,2.75,4.8481288967303655,6.0747316169039385,22.0,40.55116457146698,50.810827593857525,46.75,82.41819124441622,103.27043748736695,SEASON
WR,2022,00-0032128,Chris Conley,4.0,12.277675888094805,2.1500000000000004,5.1952225789279325,5.016310173812393,8.600000000000001,63.785258990589185,61.588630468221076,36.550000000000004,88.31878384177486,85.27727295481068,PPG
WR,2022,00-0032128,Chris Conley,4.0,12.277675888094805,2.1500000000000004,5.1952225789279325,5.016310173812393,8.600000000000001,63.785258990589185,61.588630468221076,36.550000000000004,88.31878384177486,85.27727295481068,SEASON
WR,2022,00-0032200,Ty Montgomery,1.0,12.277675888094805,10.5,3.5826459398179424,3.119910870711484,10.5,43.98656567088351,38.30525447033926,178.5,60.90498097690502,53.03848480209523,PPG
WR,2022,00-0032200,Ty Montgomery,1.0,12.277675888094805,10.5,3.5826459398179424,3.119910870711484,10.5,43.98656567088351,38.30525447033926,178.5,60.90498097690502,53.03848480209523,SEASON
WR,2022,00-0032208,Phillip Dorsett,15.0,8.36429175775734,3.4466666666666668,3.596898752361677,4.2216509958413795,51.7,30.08551058786643,35.31112062864411,58.593333333333334,61.147278790148505,71.76806692930344,PPG
WR,2022,00-0032208,Phillip Dorsett,15.0,8.36429175775734,3.4466666666666668,3.596898752361677,4.2216509958413795,51.7,30.08551058786643,35.31112062864411,58.593333333333334,61.147278790148505,71.76806692930344,SEASON
WR,2022,00-0032211,Tyler Lockett,16.0,13.147316805947575,14.89375,13.111517688728746,12.556113153188761,238.3,172.38127686050237,165.079197476298,253.19375000000002,222.8958007083887,213.45392360420894,PPG
WR,2022,00-0032211,Tyler Lockett,16.0,13.147316805947575,14.89375,13.111517688728746,12.556113153188761,238.3,172.38127686050237,165.079197476298,253.19375000000002,222.8958007083887,213.45392360420894,SEASON
WR,2022,00-0032355,Chester Rogers,3.0,13.147316805947575,0.0,5.6224026532475575,4.641398379952632,0.0,73.91950889284585,61.02193492384909,0.0,95.58084510520848,78.90377245919474,PPG
WR,2022,00-0032355,Chester Rogers,3.0,13.147316805947575,0.0,5.6224026532475575,4.641398379952632,0.0,73.91950889284585,61.02193492384909,0.0,95.58084510520848,78.90377245919474,SEASON
WR,2022,00-0032385,Sterling Shepard,3.0,9.23393267561011,11.466666666666667,8.32680566703134,10.045961602699492,34.4,76.88916293225613,92.76373310109135,194.93333333333334,141.5556963395328,170.78134724589137,PPG
WR,2022,00-0032385,Sterling Shepard,3.0,9.23393267561011,11.466666666666667,8.32680566703134,10.045961602699492,34.4,76.88916293225613,92.76373310109135,194.93333333333334,141.5556963395328,170.78134724589137,SEASON
WR,2022,00-0032398,Chris Moore,15.0,10.538394052389265,7.673333333333333,5.15335116008015,5.546483455096542,115.1,54.30804521526197,58.45102825486486,130.44666666666666,87.60696972136255,94.29021873664121,PPG
WR,2022,00-0032398,Chris Moore,15.0,10.538394052389265,7.673333333333333,5.15335116008015,5.546483455096542,115.1,54.30804521526197,58.45102825486486,130.44666666666666,87.60696972136255,94.29021873664121,SEASON
WR,2022,00-0032464,Kalif Raymond,17.0,13.147316805947575,6.423529411764706,8.303636239289235,7.508969416023944,109.2,109.17053627928267,98.72279979863795,109.2,141.161816067917,127.65248007240704,PPG
WR,2022,00-0032464,Kalif Raymond,17.0,13.147316805947575,6.423529411764706,8.303636239289235,7.508969416023944,109.2,109.17053627928267,98.72279979863795,109.2,141.161816067917,127.65248007240704,SEASON
WR,2022,00-0032543,Alex Erickson,2.0,13.58213726487396,0.0,3.537233562311743,1.788379657596335,0.0,48.04319178123719,24.290017991181717,0.0,60.13297055929963,30.402454179137695,PPG
WR,2022,00-0032543,Alex Erickson,2.0,13.58213726487396,0.0,3.537233562311743,1.788379657596335,0.0,48.04319178123719,24.290017991181717,0.0,60.13297055929963,30.402454179137695,SEASON
WR,2022,00-0032688,Robbie Chosen,12.0,13.58213726487396,4.266666666666667,8.63750602000227,7.942561482063626,51.2,117.315792389846,107.87696028408892,72.53333333333333,146.8376023400386,135.02354519508165,PPG
WR,2022,00-0032688,Robbie Chosen,12.0,13.58213726487396,4.266666666666667,8.63750602000227,7.942561482063626,51.2,117.315792389846,107.87696028408892,72.53333333333333,146.8376023400386,135.02354519508165,SEASON
WR,2022,00-0032775,Demarcus Robinson,16.0,12.277675888094805,6.362500000000001,5.15616087727222,5.086364989249371,101.80000000000001,63.305672078022894,62.44874078655659,108.16250000000001,87.65473491362773,86.46820481723931,PPG
WR,2022,00-0032775,Demarcus Robinson,16.0,12.277675888094805,6.362500000000001,5.15616087727222,5.086364989249371,101.80000000000001,63.305672078022894,62.44874078655659,108.16250000000001,87.65473491362773,86.46820481723931,SEASON
WR,2022,00-0032951,Laquon Treadwell,3.0,11.408034970242035,3.4000000000000004,6.849356358607898,6.850928029603443,10.200000000000001,78.13769686264855,78.15562654032743,57.800000000000004,116.43905809633426,116.46577650325852,PPG
WR,2022,00-0032951,Laquon Treadwell,3.0,11.408034970242035,3.4000000000000004,6.849356358607898,6.850928029603443,10.200000000000001,78.13769686264855,78.15562654032743,57.800000000000004,116.43905809633426,116.46577650325852,SEASON
WR,2022,00-0032980,Marcus Johnson,8.0,9.23393267561011,2.3625,3.59263518069062,3.9540706541824675,18.9,33.174151386525544,36.511622215326526,40.162499999999994,61.07479807174054,67.21920112110195,PPG
WR,2022,00-0032980,Marcus Johnson,8.0,9.23393267561011,2.3625,3.59263518069062,3.9540706541824675,18.9,33.174151386525544,36.511622215326526,40.162499999999994,61.07479807174054,67.21920112110195,SEASON
WR,2022,00-0033009,Tyler Boyd,16.0,13.147316805947575,10.3875,10.921304535125985,10.108990449810147,166.2,143.58585065753334,132.9061000319525,176.58749999999998,185.66217709714175,171.85283764677249,PPG
WR,2022,00-0033009,Tyler Boyd,16.0,13.147316805947575,10.3875,10.921304535125985,10.108990449810147,166.2,143.58585065753334,132.9061000319525,176.58749999999998,185.66217709714175,171.85283764677249,SEASON
WR,2022,00-0033040,Tyreek Hill,17.0,13.58213726487396,20.011764705882353,15.295977541659905,14.669612316712987,340.2,207.75206657125418,199.2446881080815,340.2,260.0316182082184,249.3834093841208,PPG
WR,2022,00-0033040,Tyreek Hill,17.0,13.58213726487396,20.011764705882353,15.295977541659905,14.669612316712987,340.2,207.75206657125418,199.2446881080815,340.2,260.0316182082184,249.3834093841208,SEASON
WR,2022,00-0033111,Pharoh Cooper,5.0,9.668753134536495,0.8200000000000001,2.01032356662944,2.192696265282348,4.1000000000000005,19.43732228628098,21.200638888035165,13.940000000000001,34.175500632700476,37.275836509799916,PPG
WR,2022,00-0033111,Pharoh Cooper,5.0,9.668753134536495,0.8200000000000001,2.01032356662944,2.192696265282348,4.1000000000000005,19.43732228628098,21.200638888035165,13.940000000000001,34.175500632700476,37.275836509799916,SEASON
WR,2022,00-0033114,Mike Thomas,5.0,9.23393267561011,1.56,2.168426145804172,2.5548781389984416,7.800000000000001,20.023101042388436,23.591572729899656,26.52,36.86324447867092,43.432928362973506,PPG
WR,2022,00-0033114,Mike Thomas,5.0,9.23393267561011,1.56,2.168426145804172,2.5548781389984416,7.800000000000001,20.023101042388436,23.591572729899656,26.52,36.86324447867092,43.432928362973506,SEASON
WR,2022,00-0033251,Zach Pascal,15.0,13.147316805947575,2.4,6.684748714561866,5.886970959959781,36.0,87.88650911849567,77.39787223800455,40.8,113.64072814755171,100.07850631931628,PPG
WR,2022,00-0033251,Zach Pascal,15.0,13.147316805947575,2.4,6.684748714561866,5.886970959959781,36.0,87.88650911849567,77.39787223800455,40.8,113.64072814755171,100.07850631931628,SEASON
WR,2022,00-0033282,Curtis Samuel,17.0,8.36429175775734,10.311764705882354,1.8890322866208233,2.9642666986517945,175.3,15.800417185120052,24.793991515327765,175.3,32.113548872554,50.39253387708051,PPG
WR,2022,00-0033282,Curtis Samuel,17.0,8.36429175775734,10.311764705882354,1.8890322866208233,2.9642666986517945,175.3,15.800417185120052,24.793991515327765,175.3,32.113548872554,50.39253387708051,SEASON
WR,2022,00-0033292,Trent Taylor,16.0,7.929471298830954,0.85625,2.4054928717051296,2.555809710256578,13.7,19.074286685728275,20.26621974275299,14.556249999999999,40.8933788189872,43.44876507436182,PPG
WR,2022,00-0033292,Trent Taylor,16.0,7.929471298830954,0.85625,2.4054928717051296,2.555809710256578,13.7,19.074286685728275,20.26621974275299,14.556249999999999,40.8933788189872,43.44876507436182,SEASON
WR,2022,00-0033307,Kendrick Bourne,16.0,13.58213726487396,5.393750000000001,10.51721905730543,9.315194417283468,86.30000000000001,142.84631288107067,126.52024922453167,91.69375000000001,178.7927239741923,158.35830509381896,PPG
WR,2022,00-0033307,Kendrick Bourne,16.0,13.58213726487396,5.393750000000001,10.51721905730543,9.315194417283468,86.30000000000001,142.84631288107067,126.52024922453167,91.69375000000001,178.7927239741923,158.35830509381896,SEASON
WR,2022,00-0033367,C.J. Board,4.0,8.799112216683724,0.4,2.1250109124877614,2.6829862344994893,1.6,18.69820948065729,23.60789695317872,6.800000000000001,36.12518551229194,45.610765986491316,PPG
WR,2022,00-0033367,C.J. Board,4.0,8.799112216683724,0.4,2.1250109124877614,2.6829862344994893,1.6,18.69820948065729,23.60789695317872,6.800000000000001,36.12518551229194,45.610765986491316,SEASON
WR,2022,00-0033386,Cody Hollister,6.0,7.494650839904569,1.4,2.3008028847039963,3.3430452075097388,8.399999999999999,17.243714272301663,25.05495657230181,23.799999999999997,39.11364903996794,56.83176852766556,PPG
WR,2022,00-0033386,Cody Hollister,6.0,7.494650839904569,1.4,2.3008028847039963,3.3430452075097388,8.399999999999999,17.243714272301663,25.05495657230181,23.799999999999997,39.11364903996794,56.83176852766556,SEASON
WR,2022,00-0033466,Isaiah McKenzie,15.0,12.71249634702119,7.986666666666668,4.204295274281983,3.7820907457831234,119.80000000000003,53.447088316108164,48.0798147898706,135.77333333333337,71.47301966279372,64.2955426783131,PPG
WR,2022,00-0033466,Isaiah McKenzie,15.0,12.71249634702119,7.986666666666668,4.204295274281983,3.7820907457831234,119.80000000000003,53.447088316108164,48.0798147898706,135.77333333333337,71.47301966279372,64.2955426783131,SEASON
WR,2022,00-0033481,Marcus Kemp,2.0,11.408034970242035,0.0,2.294150391961393,1.7006102706360897,0.0,26.17174789849004,19.40062143816928,0.0,39.00055666334368,28.910374600813526,PPG
WR,2022,00-0033481,Marcus Kemp,2.0,11.408034970242035,0.0,2.294150391961393,1.7006102706360897,0.0,26.17174789849004,19.40062143816928,0.0,39.00055666334368,28.910374600813526,SEASON
WR,2022,00-0033536,Mike Williams,13.0,13.147316805947575,13.576923076923077,13.23497188081609,12.729957308171608,176.5,174.00436823489696,167.36478165671974,230.8076923076923,224.99452197387353,216.40927423891733,PPG
WR,2022,00-0033536,Mike Williams,13.0,13.147316805947575,13.576923076923077,13.23497188081609,12.729957308171608,176.5,174.00436823489696,167.36478165671974,230.8076923076923,224.99452197387353,216.40927423891733,SEASON
WR,2022,00-0033555,Mack Hollins,17.0,12.71249634702119,9.058823529411764,4.819070825164557,4.07932468399796,154.0,61.26242026094082,51.85840014363744,154.0,81.92420402779747,69.34851962796532,PPG
WR,2022,00-0033555,Mack Hollins,17.0,12.71249634702119,9.058823529411764,4.819070825164557,4.07932468399796,154.0,61.26242026094082,51.85840014363744,154.0,81.92420402779747,69.34851962796532,SEASON
WR,2022,00-0033572,Jamal Agnew,15.0,10.538394052389265,4.686666666666667,6.8285421967787086,6.769414263585127,70.30000000000001,71.96186847302187,71.33875501352456,79.67333333333335,116.08521734523805,115.08004248094717,PPG
WR,2022,00-0033572,Jamal Agnew,15.0,10.538394052389265,4.686666666666667,6.8285421967787086,6.769414263585127,70.30000000000001,71.96186847302187,71.33875501352456,79.67333333333335,116.08521734523805,115.08004248094717,SEASON
WR,2022,00-0033591,Noah Brown,16.0,10.10357359346288,7.09375,4.0558814766066575,4.41148552238741,113.5,40.97889698525826,44.57176863193723,120.59375,68.94998510231318,74.99525388058596,PPG
WR,2022,00-0033591,Noah Brown,16.0,10.10357359346288,7.09375,4.0558814766066575,4.41148552238741,113.5,40.97889698525826,44.57176863193723,120.59375,68.94998510231318,74.99525388058596,SEASON
WR,2022,00-0033681,Keelan Cole,12.0,12.277675888094805,2.5083333333333337,6.243090211907526,5.818069642504646,30.100000000000005,76.65063816193772,71.43237336503566,42.64166666666667,106.13253360242794,98.90718392257898,PPG
WR,2022,00-0033681,Keelan Cole,12.0,12.277675888094805,2.5083333333333337,6.243090211907526,5.818069642504646,30.100000000000005,76.65063816193772,71.43237336503566,42.64166666666667,106.13253360242794,98.90718392257898,SEASON
WR,2022,00-0033857,JuJu Smith-Schuster,16.0,8.36429175775734,11.39375,5.294037438645546,6.608986731709576,182.3,44.28087371332172,55.27949324716602,193.69375000000002,89.99863645697428,112.3527744390628,PPG
WR,2022,00-0033857,JuJu Smith-Schuster,16.0,8.36429175775734,11.39375,5.294037438645546,6.608986731709576,182.3,44.28087371332172,55.27949324716602,193.69375000000002,89.99863645697428,112.3527744390628,SEASON
WR,2022,00-0033871,Corey Davis,13.0,10.10357359346288,7.5076923076923086,9.910899438916083,11.130040820453639,97.60000000000001,100.1355018584986,112.4531865276993,127.63076923076925,168.4852904615734,189.21069394771186,PPG
WR,2022,00-0033871,Corey Davis,13.0,10.10357359346288,7.5076923076923086,9.910899438916083,11.130040820453639,97.60000000000001,100.1355018584986,112.4531865276993,127.63076923076925,168.4852904615734,189.21069394771186,SEASON
WR,2022,00-0033891,Zay Jones,16.0,12.71249634702119,12.381250000000001,7.382998635923702,7.173937736737988,198.10000000000002,93.8563431892425,91.19865727203914,210.48125000000002,125.51097681070293,121.9569415245458,PPG
WR,2022,00-0033891,Zay Jones,16.0,12.71249634702119,12.381250000000001,7.382998635923702,7.173937736737988,198.10000000000002,93.8563431892425,91.19865727203914,210.48125000000002,125.51097681070293,121.9569415245458,SEASON
WR,2022,00-0033908,Cooper Kupp,9.0,13.58213726487396,22.155555555555562,21.26832336236942,21.452966673552943,199.40000000000006,288.8692873014271,291.3771380989626,376.64444444444456,361.5614971602801,364.70043345040006,PPG
WR,2022,00-0033908,Cooper Kupp,9.0,13.58213726487396,22.155555555555562,21.26832336236942,21.452966673552943,199.40000000000006,288.8692873014271,291.3771380989626,376.64444444444456,361.5614971602801,364.70043345040006,SEASON
WR,2022,00-0033921,Chris Godwin Jr.,15.0,12.277675888094805,14.72,14.567806321388302,14.489353311166441,220.8,178.85880441454424,177.89558378259485,250.24,247.65270746360113,246.3190062898295,PPG
WR,2022,00-0033921,Chris Godwin Jr.,15.0,12.277675888094805,14.72,14.567806321388302,14.489353311166441,220.8,178.85880441454424,177.89558378259485,250.24,247.65270746360113,246.3190062898295,SEASON
WR,2022,00-0033932,Kenny Golladay,6.0,12.277675888094805,3.35,7.12012255608057,7.134632707752778,20.1,87.41855702707036,87.59670796638883,56.95,121.0420834533697,121.28875603179722,PPG
WR,2022,00-0033932,Kenny Golladay,6.0,12.277675888094805,3.35,7.12012255608057,7.134632707752778,20.1,87.41855702707036,87.59670796638883,56.95,121.0420834533697,121.28875603179722,SEASON
WR,2022,00-0033943,Josh Reynolds,12.0,10.97321451131565,8.658333333333333,6.856236975104189,6.980316382122164,103.9,75.2349590682322,76.5965090178773,147.19166666666666,116.55602857677123,118.6653784960768,PPG
WR,2022,00-0033943,Josh Reynolds,12.0,10.97321451131565,8.658333333333333,6.856236975104189,6.980316382122164,103.9,75.2349590682322,76.5965090178773,147.19166666666666,116.55602857677123,118.6653784960768,SEASON
WR,2022,00-0034052,Brandon Zylstra,1.0,11.408034970242035,0.0,4.754875904363064,4.560308256653782,0.0,54.24379059613505,52.02415606698983,0.0,80.83289037417208,77.52524036311429,PPG
WR,2022,00-0034052,Brandon Zylstra,1.0,11.408034970242035,0.0,4.754875904363064,4.560308256653782,0.0,54.24379059613505,52.02415606698983,0.0,80.83289037417208,77.52524036311429,SEASON
WR,2022,00-0034054,River Cracraft,8.0,7.494650839904569,3.9000000000000004,0.5270042958091905,1.4242571965696544,31.200000000000003,3.9497131882196657,10.674310394510888,66.30000000000001,8.959073028756238,24.212372341684127,PPG
WR,2022,00-0034054,River Cracraft,8.0,7.494650839904569,3.9000000000000004,0.5270042958091905,1.4242571965696544,31.200000000000003,3.9497131882196657,10.674310394510888,66.30000000000001,8.959073028756238,24.212372341684127,SEASON
WR,2022,00-0034104,Cam Sims,13.0,11.408034970242035,1.3,4.557205039154033,4.517927712889813,16.900000000000002,51.988754453232424,51.540677341672605,22.1,77.47248566561855,76.80477111912683,PPG
WR,2022,00-0034104,Cam Sims,13.0,11.408034970242035,1.3,4.557205039154033,4.517927712889813,16.900000000000002,51.988754453232424,51.540677341672605,22.1,77.47248566561855,76.80477111912683,SEASON
WR,2022,00-0034272,Marquez Valdes-Scantling,17.0,10.97321451131565,7.21764705882353,7.209751660220201,7.163799503658081,122.70000000000002,79.11415154091041,78.6099086696967,122.70000000000002,122.56577822374342,121.78459156218737,PPG
WR,2022,00-0034272,Marquez Valdes-Scantling,17.0,10.97321451131565,7.21764705882353,7.209751660220201,7.163799503658081,122.70000000000002,79.11415154091041,78.6099086696967,122.70000000000002,122.56577822374342,121.78459156218737,SEASON
WR,2022,00-0034279,Equanimeous St. Brown,16.0,11.408034970242035,4.04375,2.8554007014909932,2.712687809373358,64.7,32.574511056662885,30.946437392680526,68.74375,48.541811925346884,46.115692759347084,PPG
WR,2022,00-0034279,Equanimeous St. Brown,16.0,11.408034970242035,4.04375,2.8554007014909932,2.712687809373358,64.7,32.574511056662885,30.946437392680526,68.74375,48.541811925346884,46.115692759347084,SEASON
WR,2022,00-0034297,Byron Pringle,10.0,13.147316805947575,3.5500000000000003,7.87720970528162,7.263398628239545,35.5,103.5641715422224,95.49420285335034,60.35,133.91256498978754,123.47777668007227,PPG
WR,2022,00-0034297,Byron Pringle,10.0,13.147316805947575,3.5500000000000003,7.87720970528162,7.263398628239545,35.5,103.5641715422224,95.49420285335034,60.35,133.91256498978754,123.47777668007227,SEASON
WR,2022,00-0034317,Keith Kirkwood,3.0,7.494650839904569,1.2666666666666666,1.4731734689755953,2.7140152841941605,3.8,11.040920776583073,20.340596929199602,21.53333333333333,25.04394897258512,46.13825983130073,PPG
WR,2022,00-0034317,Keith Kirkwood,3.0,7.494650839904569,1.2666666666666666,1.4731734689755953,2.7140152841941605,3.8,11.040920776583073,20.340596929199602,21.53333333333333,25.04394897258512,46.13825983130073,SEASON
WR,2022,00-0034348,Courtland Sutton,15.0,13.58213726487396,10.626666666666667,9.022640212391986,8.22851868880544,159.4,122.54673785627949,111.7608703179362,180.65333333333334,153.38488361066376,139.8848177096925,PPG
WR,2022,00-0034348,Courtland Sutton,15.0,13.58213726487396,10.626666666666667,9.022640212391986,8.22851868880544,159.4,122.54673785627949,111.7608703179362,180.65333333333334,153.38488361066376,139.8848177096925,SEASON
WR,2022,00-0034407,Ray-Ray McCloud,17.0,13.147316805947575,3.4176470588235297,5.672884609710113,4.962824400705752,58.10000000000001,74.58321116744312,65.24782464836544,58.10000000000001,96.43903836507192,84.36801481199778,PPG
WR,2022,00-0034407,Ray-Ray McCloud,17.0,13.147316805947575,3.4176470588235297,5.672884609710113,4.962824400705752,58.10000000000001,74.58321116744312,65.24782464836544,58.10000000000001,96.43903836507192,84.36801481199778,SEASON
WR,2022,00-0034411,Russell Gage,13.0,11.84285542916842,9.430769230769231,11.263250689834681,11.18413789830411,122.60000000000001,133.3890495821936,132.45212822949912,160.32307692307694,191.47526172718958,190.13034427116986,PPG
WR,2022,00-0034411,Russell Gage,13.0,11.84285542916842,9.430769230769231,11.263250689834681,11.18413789830411,122.60000000000001,133.3890495821936,132.45212822949912,160.32307692307694,191.47526172718958,190.13034427116986,SEASON
WR,2022,00-0034418,Cedrick Wilson Jr.,13.0,12.277675888094805,2.0307692307692307,9.67308604535209,9.23425184684176,26.4,118.76301530248568,113.375151244564,34.52307692307692,164.44246277098551,156.98228139630993,PPG
WR,2022,00-0034418,Cedrick Wilson Jr.,13.0,12.277675888094805,2.0307692307692307,9.67308604535209,9.23425184684176,26.4,118.76301530248568,113.375151244564,34.52307692307692,164.44246277098551,156.98228139630993,SEASON
WR,2022,00-0034419,Braxton Berrios,17.0,13.147316805947575,3.152941176470588,7.458615152221052,6.8033533852024455,53.6,98.06077633989106,89.44584229807244,53.6,126.79645758775789,115.65700754844157,PPG
WR,2022,00-0034419,Braxton Berrios,17.0,13.147316805947575,3.152941176470588,7.458615152221052,6.8033533852024455,53.6,98.06077633989106,89.44584229807244,53.6,126.79645758775789,115.65700754844157,SEASON
WR,2022,00-0034487,Trent Sherfield,16.0,11.408034970242035,5.23125,3.402058222958019,2.8808074255452745,83.7,38.810799178304556,32.864351853153416,88.93125,57.83498979028632,48.97372623426966,PPG
WR,2022,00-0034487,Trent Sherfield,16.0,11.408034970242035,5.23125,3.402058222958019,2.8808074255452745,83.7,38.810799178304556,32.864351853153416,88.93125,57.83498979028632,48.97372623426966,SEASON
WR,2022,00-0034521,Allen Lazard,15.0,12.277675888094805,11.653333333333334,9.22705690313281,8.657000674650483,174.8,113.28681405767243,106.2878484463767,198.10666666666668,156.8599673532578,147.1690114690582,PPG
WR,2022,00-0034521,Allen Lazard,15.0,12.277675888094805,11.653333333333334,9.22705690313281,8.657000674650483,174.8,113.28681405767243,106.2878484463767,198.10666666666668,156.8599673532578,147.1690114690582,SEASON
WR,2022,00-0034646,Brandon Powell,17.0,8.799112216683724,2.8000000000000003,0.9771925366006505,1.3997519642491145,47.6,8.598426786854942,12.316574608951424,47.6,16.612273122211057,23.795783392234945,PPG
WR,2022,00-0034646,Brandon Powell,17.0,8.799112216683724,2.8000000000000003,0.9771925366006505,1.3997519642491145,47.6,8.598426786854942,12.316574608951424,47.6,16.612273122211057,23.795783392234945,SEASON
WR,2022,00-0034676,James Washington,1.0,12.71249634702119,0.0,5.601935985669307,5.076375163005136,0.0,71.21459075406761,64.5334007158119,0.0,95.23291175637823,86.29837777108732,PPG
WR,2022,00-0034676,James Washington,1.0,12.71249634702119,0.0,5.601935985669307,5.076375163005136,0.0,71.21459075406761,64.5334007158119,0.0,95.23291175637823,86.29837777108732,SEASON
WR,2022,00-0034764,Michael Gallup,14.0,10.10357359346288,7.5285714285714285,8.510252722961859,8.999887527138787,105.4,85.983964685413,90.93102596333539,127.98571428571428,144.6742962903516,152.99808796135937,PPG
WR,2022,00-0034764,Michael Gallup,14.0,10.10357359346288,7.5285714285714285,8.510252722961859,8.999887527138787,105.4,85.983964685413,90.93102596333539,127.98571428571428,144.6742962903516,152.99808796135937,SEASON
WR,2022,00-0034765,Tre'Quan Smith,10.0,10.538394052389265,5.28,7.717400882010198,8.050824694282548,52.800000000000004,81.32901155487994,84.84276307505583,89.76,131.19581499417336,136.8640198028033,PPG
WR,2022,00-0034765,Tre'Quan Smith,10.0,10.538394052389265,5.28,7.717400882010198,8.050824694282548,52.800000000000004,81.32901155487994,84.84276307505583,89.76,131.19581499417336,136.8640198028033,SEASON
WR,2022,00-0034775,Christian Kirk,17.0,13.58213726487396,14.170588235294117,11.509672671126273,10.47822375224609,240.89999999999998,156.32595409300558,142.31667329506905,240.89999999999998,195.66443540914665,178.12980378818352,PPG
WR,2022,00-0034775,Christian Kirk,17.0,13.58213726487396,14.170588235294117,11.509672671126273,10.47822375224609,240.89999999999998,156.32595409300558,142.31667329506905,240.89999999999998,195.66443540914665,178.12980378818352,SEASON
WR,2022,00-0034777,DJ Chark,11.0,7.494650839904569,8.927272727272726,8.853683857194723,10.354615685637526,98.19999999999999,66.35526915657395,77.6042291452523,151.76363636363635,150.51262557231027,176.02846665583795,PPG
WR,2022,00-0034777,DJ Chark,11.0,7.494650839904569,8.927272727272726,8.853683857194723,10.354615685637526,98.19999999999999,66.35526915657395,77.6042291452523,151.76363636363635,150.51262557231027,176.02846665583795,SEASON
WR,2022,00-0034827,DJ Moore,17.0,13.58213726487396,11.711764705882354,12.844066906150488,12.368866417031517,199.10000000000002,174.44987975856094,167.99564148701182,199.10000000000002,218.3491374045583,210.2707290895358,PPG
WR,2022,00-0034827,DJ Moore,17.0,13.58213726487396,11.711764705882354,12.844066906150488,12.368866417031517,199.10000000000002,174.44987975856094,167.99564148701182,199.10000000000002,218.3491374045583,210.2707290895358,SEASON
WR,2022,00-0034854,KhaDarel Hodge,13.0,11.408034970242035,3.1692307692307695,3.890992038897911,3.294424807755988,41.2,44.38857324868072,37.58291341371321,53.876923076923084,66.14686466126449,56.0052217318518,PPG
WR,2022,00-0034854,KhaDarel Hodge,13.0,11.408034970242035,3.1692307692307695,3.890992038897911,3.294424807755988,41.2,44.38857324868072,37.58291341371321,53.876923076923084,66.14686466126449,56.0052217318518,SEASON
WR,2022,00-0034860,Dante Pettis,17.0,7.494650839904569,3.8352941176470594,6.18801083965347,7.464901919658717,65.20000000000002,46.376980636747454,55.946833441975436,65.20000000000002,105.19618427410899,126.9033326341982,PPG
WR,2022,00-0034860,Dante Pettis,17.0,7.494650839904569,3.8352941176470594,6.18801083965347,7.464901919658717,65.20000000000002,46.376980636747454,55.946833441975436,65.20000000000002,105.19618427410899,126.9033326341982,SEASON
WR,2022,00-0034867,Malik Turner,2.0,9.23393267561011,0.0,5.112425927220426,5.96946379320934,0.0,47.207796820997004,55.121626775987195,0.0,86.91124076274724,101.48088448455879,PPG
WR,2022,00-0034867,Malik Turner,2.0,9.23393267561011,0.0,5.112425927220426,5.96946379320934,0.0,47.207796820997004,55.121626775987195,0.0,86.91124076274724,101.48088448455879,SEASON
WR,2022,00-0034930,Trinity Benson,1.0,9.23393267561011,0.0,3.0424490347370257,3.7122833408043343,0.0,28.093769555736657,34.2789744417762,0.0,51.721633590529436,63.10881679367368,PPG
WR,2022,00-0034930,Trinity Benson,1.0,9.23393267561011,0.0,3.0424490347370257,3.7122833408043343,0.0,28.093769555736657,34.2789744417762,0.0,51.721633590529436,63.10881679367368,SEASON
WR,2022,00-0034960,Jakobi Meyers,14.0,13.147316805947575,13.02857142857143,11.36269573159562,10.652805313192877,182.40000000000003,149.3889605528759,140.05580632462832,221.48571428571432,193.16582743712553,181.09769032427891,PPG
WR,2022,00-0034960,Jakobi Meyers,14.0,13.147316805947575,13.02857142857143,11.36269573159562,10.652805313192877,182.40000000000003,149.3889605528759,140.05580632462832,221.48571428571432,193.16582743712553,181.09769032427891,SEASON
WR,2022,00-0034983,Hunter Renfrow,10.0,13.58213726487396,7.6000000000000005,13.161844774091042,13.591905859869769,76.0,178.76598238066853,184.60713107999595,129.20000000000002,223.7513611595477,231.06239961778607,PPG
WR,2022,00-0034983,Hunter Renfrow,10.0,13.58213726487396,7.6000000000000005,13.161844774091042,13.591905859869769,76.0,178.76598238066853,184.60713107999595,129.20000000000002,223.7513611595477,231.06239961778607,SEASON
WR,2022,00-0035021,Ashton Dulin,10.0,13.147316805947575,4.25,4.48721235253898,3.5200994820190443,42.5,58.994802374391284,46.27986307855634,72.25,76.28260999316265,59.84169119432375,PPG
WR,2022,00-0035021,Ashton Dulin,10.0,13.147316805947575,4.25,4.48721235253898,3.5200994820190443,42.5,58.994802374391284,46.27986307855634,72.25,76.28260999316265,59.84169119432375,SEASON
WR,2022,00-0035022,Penny Hart,4.0,10.97321451131565,1.25,2.4874997581351295,2.3259324196080255,5.0,27.29586844286257,25.522955379182307,21.25,42.2874958882972,39.54085113333643,PPG
WR,2022,00-0035022,Penny Hart,4.0,10.97321451131565,1.25,2.4874997581351295,2.3259324196080255,5.0,27.29586844286257,25.522955379182307,21.25,42.2874958882972,39.54085113333643,SEASON
WR,2022,00-0035140,Mecole Hardman,8.0,13.58213726487396,11.725,8.764174687146802,7.5242477581019065,93.8,119.03622361416167,102.19536586546026,199.325,148.99096968149564,127.91221188773241,PPG
WR,2022,00-0035140,Mecole Hardman,8.0,13.58213726487396,11.725,8.764174687146802,7.5242477581019065,93.8,119.03622361416167,102.19536586546026,199.325,148.99096968149564,127.91221188773241,SEASON
WR,2022,00-0035208,Olamide Zaccheaus,16.0,12.71249634702119,6.812500000000001,6.074005696829818,5.641529110062829,109.00000000000001,77.21577523273497,71.71791820328743,115.81250000000001,103.25809684610691,95.9059948710681,PPG
WR,2022,00-0035208,Olamide Zaccheaus,16.0,12.71249634702119,6.812500000000001,6.074005696829818,5.641529110062829,109.00000000000001,77.21577523273497,71.71791820328743,115.81250000000001,103.25809684610691,95.9059948710681,SEASON
WR,2022,00-0035215,Deonte Harty,4.0,11.84285542916842,0.825,8.661029601817784,8.178325384974535,3.3,102.57132144207614,96.85472518695158,14.024999999999999,147.23750323090232,139.0315315445671,PPG
WR,2022,00-0035215,Deonte Harty,4.0,11.84285542916842,0.825,8.661029601817784,8.178325384974535,3.3,102.57132144207614,96.85472518695158,14.024999999999999,147.23750323090232,139.0315315445671,SEASON
WR,2022,00-0035216,Diontae Johnson,17.0,13.147316805947575,10.570588235294117,15.013869846799972,14.519703032850536,179.7,197.39210335914282,190.89513570116384,179.7,255.23578739559952,246.83495155845912,PPG
WR,2022,00-0035216,Diontae Johnson,17.0,13.147316805947575,10.570588235294117,15.013869846799972,14.519703032850536,179.7,197.39210335914282,190.89513570116384,179.7,255.23578739559952,246.83495155845912,SEASON
WR,2022,00-0035298,Scott Miller,12.0,8.799112216683724,3.5250000000000004,2.5856383151169373,3.6138492613689412,42.300000000000004,22.751321686470966,31.798665184964904,59.925000000000004,43.955851356987935,61.435437443272,PPG
WR,2022,00-0035298,Scott Miller,12.0,8.799112216683724,3.5250000000000004,2.5856383151169373,3.6138492613689412,42.300000000000004,22.751321686470966,31.798665184964904,59.925000000000004,43.955851356987935,61.435437443272,SEASON
WR,2022,00-0035341,Trenton Irwin,9.0,8.36429175775734,7.022222222222222,1.7743851336493508,2.230972661507032,63.2,14.84147494847042,18.660506244425225,119.37777777777778,30.164547272038963,37.92653524561955,PPG
WR,2022,00-0035341,Trenton Irwin,9.0,8.36429175775734,7.022222222222222,1.7743851336493508,2.230972661507032,63.2,14.84147494847042,18.660506244425225,119.37777777777778,30.164547272038963,37.92653524561955,SEASON
WR,2022,00-0035359,David Sills,7.0,7.929471298830954,3.0857142857142854,2.062172305775559,2.180630728599504,21.599999999999998,16.351936111891344,17.291248775778598,52.457142857142856,35.056929198184505,37.07072238619157,PPG
WR,2022,00-0035359,David Sills,7.0,7.929471298830954,3.0857142857142854,2.062172305775559,2.180630728599504,21.599999999999998,16.351936111891344,17.291248775778598,52.457142857142856,35.056929198184505,37.07072238619157,SEASON
WR,2022,00-0035399,Stanley Morgan,9.0,10.97321451131565,0.0,1.3789955726466996,1.6317635492186382,0.0,15.1320142288068,17.90569145732189,0.0,23.442924734993895,27.73998033671685,PPG
WR,2022,00-0035399,Stanley Morgan,9.0,10.97321451131565,0.0,1.3789955726466996,1.6317635492186382,0.0,15.1320142288068,17.90569145732189,0.0,23.442924734993895,27.73998033671685,SEASON
WR,2022,00-0035406,Lil'Jordan Humphrey,4.0,9.668753134536495,1.0,5.819789214332733,6.173042831687198,4.0,56.27010520842129,59.685627228503634,17.0,98.93641664365646,104.94172813868236,PPG
WR,2022,00-0035406,Lil'Jordan Humphrey,4.0,9.668753134536495,1.0,5.819789214332733,6.173042831687198,4.0,56.27010520842129,59.685627228503634,17.0,98.93641664365646,104.94172813868236,SEASON
WR,2022,00-0035414,Jalen Guyton,2.0,13.147316805947575,4.2,6.507551234253785,5.592031251694495,8.4,85.55683770766967,73.52020645478709,71.4,110.62837098231434,95.06453127880641,PPG
WR,2022,00-0035414,Jalen Guyton,2.0,13.147316805947575,4.2,6.507551234253785,5.592031251694495,8.4,85.55683770766967,73.52020645478709,71.4,110.62837098231434,95.06453127880641,SEASON
WR,2022,00-0035457,Tyron Johnson,2.0,9.23393267561011,0.9,1.4974513902348838,1.8212510471108543,1.8,13.82736532242768,16.817309554406044,15.3,25.456673633993024,30.961267800884524,PPG
WR,2022,00-0035457,Tyron Johnson,2.0,9.23393267561011,0.9,1.4974513902348838,1.8212510471108543,1.8,13.82736532242768,16.817309554406044,15.3,25.456673633993024,30.961267800884524,SEASON
WR,2022,00-0035500,Greg Dortch,16.0,8.36429175775734,7.1937500000000005,2.508853590201743,2.4607774071082407,115.10000000000001,20.984783405944345,20.582660183950935,122.29375,42.65051103342963,41.83321592084009,PPG
WR,2022,00-0035500,Greg Dortch,16.0,8.36429175775734,7.1937500000000005,2.508853590201743,2.4607774071082407,115.10000000000001,20.984783405944345,20.582660183950935,122.29375,42.65051103342963,41.83321592084009,SEASON
WR,2022,00-0035510,Jeff Smith,7.0,10.10357359346288,3.057142857142857,2.581065619854569,3.1205183752992935,21.4,26.077986439757524,31.52838705458963,51.97142857142857,43.87811553752768,53.04881238008799,PPG
WR,2022,00-0035510,Jeff Smith,7.0,10.10357359346288,3.057142857142857,2.581065619854569,3.1205183752992935,21.4,26.077986439757524,31.52838705458963,51.97142857142857,43.87811553752768,53.04881238008799,SEASON
WR,2022,00-0035527,Andy Isabella,4.0,7.494650839904569,1.0499999999999998,1.2611458834418408,2.116186443091788,4.199999999999999,9.451848054579582,15.860078503112533,17.849999999999998,21.439480018511293,35.9751695325604,PPG
WR,2022,00-0035527,Andy Isabella,4.0,7.494650839904569,1.0499999999999998,1.2611458834418408,2.116186443091788,4.199999999999999,9.451848054579582,15.860078503112533,17.849999999999998,21.439480018511293,35.9751695325604,SEASON
WR,2022,00-0035535,Darius Slayton,13.0,11.84285542916842,9.723076923076924,4.433384854538472,5.5051499252153695,126.4,52.503935894163995,65.19669468022296,165.2923076923077,75.36754252715403,93.58754872866128,PPG
WR,2022,00-0035535,Darius Slayton,13.0,11.84285542916842,9.723076923076924,4.433384854538472,5.5051499252153695,126.4,52.503935894163995,65.19669468022296,165.2923076923077,75.36754252715403,93.58754872866128,SEASON
WR,2022,00-0035544,Tom Kennedy,5.0,8.799112216683724,4.42,2.6446047512417072,3.3780831549345844,22.1,23.27017397495073,29.7241327575584,75.14,44.958280771109024,57.42741363388794,PPG
WR,2022,00-0035544,Tom Kennedy,5.0,8.799112216683724,4.42,2.6446047512417072,3.3780831549345844,22.1,23.27017397495073,29.7241327575584,75.14,44.958280771109024,57.42741363388794,SEASON
WR,2022,00-0035593,Juwann Winfree,3.0,8.36429175775734,0.9000000000000001,2.3611248855277274,3.4128383019774975,2.7,19.749137419055312,28.545975279788934,15.300000000000002,40.13912305397137,58.018251133617454,PPG
WR,2022,00-0035593,Juwann Winfree,3.0,8.36429175775734,0.9000000000000001,2.3611248855277274,3.4128383019774975,2.7,19.749137419055312,28.545975279788934,15.300000000000002,40.13912305397137,58.018251133617454,SEASON
WR,2022,00-0035621,Nsimba Webster,1.0,8.799112216683724,2.4000000000000004,0.983087730520394,1.3997519642491145,2.4000000000000004,8.650299259693876,12.316574608951424,40.800000000000004,16.7124914188467,23.795783392234945,PPG
WR,2022,00-0035621,Nsimba Webster,1.0,8.799112216683724,2.4000000000000004,0.983087730520394,1.3997519642491145,2.4000000000000004,8.650299259693876,12.316574608951424,40.800000000000004,16.7124914188467,23.795783392234945,SEASON
WR,2022,00-0035639,Parris Campbell,17.0,8.799112216683724,8.711764705882354,4.842434331621494,5.521136634229917,148.10000000000002,42.60912308585937,48.58110080823252,148.10000000000002,82.32138363756539,93.85932278190859,PPG
WR,2022,00-0035639,Parris Campbell,17.0,8.799112216683724,8.711764705882354,4.842434331621494,5.521136634229917,148.10000000000002,42.60912308585937,48.58110080823252,148.10000000000002,82.32138363756539,93.85932278190859,SEASON
WR,2022,00-0035640,DK Metcalf,17.0,13.58213726487396,13.223529411764705,13.033588596815394,12.957504500426804,224.79999999999998,177.02398937584266,175.99060473501893,224.79999999999998,221.5710061458617,220.27757650725567,PPG
WR,2022,00-0035640,DK Metcalf,17.0,13.58213726487396,13.223529411764705,13.033588596815394,12.957504500426804,224.79999999999998,177.02398937584266,175.99060473501893,224.79999999999998,221.5710061458617,220.27757650725567,SEASON
WR,2022,00-0035645,Gunner Olszewski,15.0,13.147316805947575,0.9466666666666667,3.407682968420909,1.70830443294245,14.2,44.80188756006154,22.459619580899016,16.093333333333334,57.93061046315545,29.041175360021647,PPG
WR,2022,00-0035645,Gunner Olszewski,15.0,13.147316805947575,0.9466666666666667,3.407682968420909,1.70830443294245,14.2,44.80188756006154,22.459619580899016,16.093333333333334,57.93061046315545,29.041175360021647,SEASON
WR,2022,00-0035659,Terry McLaurin,17.0,13.58213726487396,13.411764705882353,11.991060736270828,10.941696295403142,228.0,162.86423287147102,148.61162099472838,228.0,203.8480325166041,186.00883702185342,PPG
WR,2022,00-0035659,Terry McLaurin,17.0,13.58213726487396,13.411764705882353,11.991060736270828,10.941696295403142,228.0,162.86423287147102,148.61162099472838,228.0,203.8480325166041,186.00883702185342,SEASON
WR,2022,00-0035662,Marquise Brown,12.0,13.147316805947575,12.916666666666666,12.688254097917065,12.294363736552821,155.0,166.81649633967822,161.63789497201333,219.58333333333331,215.7003196645901,209.00418352139795,PPG
WR,2022,00-0035662,Marquise Brown,12.0,13.147316805947575,12.916666666666666,12.688254097917065,12.294363736552821,155.0,166.81649633967822,161.63789497201333,219.58333333333331,215.7003196645901,209.00418352139795,SEASON
WR,2022,00-0035676,A.J. Brown,17.0,11.84285542916842,17.50588235294118,12.316880342695942,12.265993437760537,297.6,145.86703323691444,145.2643869785266,297.6,209.38696582583103,208.52188844192912,PPG
WR,2022,00-0035676,A.J. Brown,17.0,11.84285542916842,17.50588235294118,12.316880342695942,12.265993437760537,297.6,145.86703323691444,145.2643869785266,297.6,209.38696582583103,208.52188844192912,SEASON
WR,2022,00-0035719,Deebo Samuel Sr.,13.0,13.147316805947575,12.723076923076926,17.48191527991552,16.25652724144283,165.40000000000003,229.84027855978502,213.72971380776588,216.29230769230773,297.19255975856385,276.3609631045281,PPG
WR,2022,00-0035719,Deebo Samuel Sr.,13.0,13.147316805947575,12.723076923076926,17.48191527991552,16.25652724144283,165.40000000000003,229.84027855978502,213.72971380776588,216.29230769230773,297.19255975856385,276.3609631045281,SEASON
WR,2022,00-0035864,Kendall Hinton,11.0,10.97321451131565,5.127272727272728,4.148021882588005,4.028814024187455,56.400000000000006,45.51713391526956,44.209040513605785,87.16363636363637,70.5163720039961,68.48983841118674,PPG
WR,2022,00-0035864,Kendall Hinton,11.0,10.97321451131565,5.127272727272728,4.148021882588005,4.028814024187455,56.400000000000006,45.51713391526956,44.209040513605785,87.16363636363637,70.5163720039961,68.48983841118674,SEASON
WR,2022,00-0035891,Cody White,1.0,8.799112216683724,1.2,1.3572867623922764,2.4535205963792444,1.2,11.942918532508978,21.588803053485748,20.4,23.0738749606687,41.70985013844715,PPG
WR,2022,00-0035891,Cody White,1.0,8.799112216683724,1.2,1.3572867623922764,2.4535205963792444,1.2,11.942918532508978,21.588803053485748,20.4,23.0738749606687,41.70985013844715,SEASON
WR,2022,00-0036133,James Proche,11.0,9.23393267561011,1.290909090909091,4.871179086551704,5.360003130930383,14.200000000000001,44.98013973605838,49.49390805207055,21.945454545454545,82.81004447137897,91.1200532258165,PPG
WR,2022,00-0036133,James Proche,11.0,9.23393267561011,1.290909090909091,4.871179086551704,5.360003130930383,14.200000000000001,44.98013973605838,49.49390805207055,21.945454545454545,82.81004447137897,91.1200532258165,SEASON
WR,2022,00-0036182,Nick Westbrook-Ikhine,16.0,12.71249634702119,5.16875,7.144696561593926,6.885765961579914,82.7,90.82692893983764,87.5352746330275,87.86875,121.45984154709674,117.05802134685854,PPG
WR,2022,00-0036182,Nick Westbrook-Ikhine,16.0,12.71249634702119,5.16875,7.144696561593926,6.885765961579914,82.7,90.82692893983764,87.5352746330275,87.86875,121.45984154709674,117.05802134685854,SEASON
WR,2022,00-0036196,Gabe Davis,15.0,12.71249634702119,11.373333333333335,8.040502008525332,7.743970432073553,170.60000000000002,102.21485241159482,98.44519582917515,193.3466666666667,136.68853414493063,131.6474973452504,PPG
WR,2022,00-0036196,Gabe Davis,15.0,12.71249634702119,11.373333333333335,8.040502008525332,7.743970432073553,170.60000000000002,102.21485241159482,98.44519582917515,193.3466666666667,136.68853414493063,131.6474973452504,SEASON
WR,2022,00-0036219,Marquez Callaway,10.0,13.58213726487396,3.7800000000000002,8.92626826108397,8.38856666261788,37.800000000000004,121.23780078513029,113.9346638672217,64.26,151.7465604384275,142.60563326450395,PPG
WR,2022,00-0036219,Marquez Callaway,10.0,13.58213726487396,3.7800000000000002,8.92626826108397,8.38856666261788,37.800000000000004,121.23780078513029,113.9346638672217,64.26,151.7465604384275,142.60563326450395,SEASON
WR,2022,00-0036228,Dezmon Patmon,1.0,7.929471298830954,4.4,1.4648640291153736,3.1845654933351906,4.4,11.615597275560226,25.251920678648833,74.80000000000001,24.902688494961353,54.13761338669824,PPG
WR,2022,00-0036228,Dezmon Patmon,1.0,7.929471298830954,4.4,1.4648640291153736,3.1845654933351906,4.4,11.615597275560226,25.251920678648833,74.80000000000001,24.902688494961353,54.13761338669824,SEASON
WR,2022,00-0036233,Donovan Peoples-Jones,17.0,11.84285542916842,9.41764705882353,7.979366985235705,8.009324813912501,160.1,94.49848962242592,94.85327585641701,160.1,135.649238749007,136.15852183651253,PPG
WR,2022,00-0036233,Donovan Peoples-Jones,17.0,11.84285542916842,9.41764705882353,7.979366985235705,8.009324813912501,160.1,94.49848962242592,94.85327585641701,160.1,135.649238749007,136.15852183651253,SEASON
WR,2022,00-0036247,Freddie Swain,3.0,13.58213726487396,3.8,5.775389402612849,5.16281660616345,11.399999999999999,78.44213162438614,70.1220838182827,64.6,98.18161984441844,87.76788230477865,PPG
WR,2022,00-0036247,Freddie Swain,3.0,13.58213726487396,3.8,5.775389402612849,5.16281660616345,11.399999999999999,78.44213162438614,70.1220838182827,64.6,98.18161984441844,87.76788230477865,SEASON
WR,2022,00-0036252,Michael Pittman,16.0,13.58213726487396,13.40625,13.060457093264045,12.284268363610884,214.5,177.38892098270904,166.84661911311167,227.90625,222.02777058548875,208.83256218138504,PPG
WR,2022,00-0036252,Michael Pittman,16.0,13.58213726487396,13.40625,13.060457093264045,12.284268363610884,214.5,177.38892098270904,166.84661911311167,227.90625,222.02777058548875,208.83256218138504,SEASON
WR,2022,00-0036255,Denzel Mims,9.0,10.538394052389265,3.288888888888889,3.1304859955601883,3.1313515917237313,29.6,32.990294996699376,32.99941699016103,55.91111111111112,53.2182619245232,53.23297705930343,PPG
WR,2022,00-0036255,Denzel Mims,9.0,10.538394052389265,3.288888888888889,3.1304859955601883,3.1313515917237313,29.6,32.990294996699376,32.99941699016103,55.91111111111112,53.2182619245232,53.23297705930343,SEASON
WR,2022,00-0036259,Jauan Jennings,16.0,11.84285542916842,5.1,6.209973351330634,6.1472000011249905,81.6,73.54381661879721,72.80040090750721,86.69999999999999,105.56954697262077,104.50240001912483,PPG
WR,2022,00-0036259,Jauan Jennings,16.0,11.84285542916842,5.1,6.209973351330634,6.1472000011249905,81.6,73.54381661879721,72.80040090750721,86.69999999999999,105.56954697262077,104.50240001912483,SEASON
WR,2022,00-0036261,Brandon Aiyuk,17.0,13.58213726487396,13.341176470588236,9.392248665935364,9.131039235851937,226.8,127.56681060656345,124.01902827229084,226.8,159.6682273209012,155.22766700948293,PPG
WR,2022,00-0036261,Brandon Aiyuk,17.0,13.58213726487396,13.341176470588236,9.392248665935364,9.131039235851937,226.8,127.56681060656345,124.01902827229084,226.8,159.6682273209012,155.22766700948293,SEASON
WR,2022,00-0036268,Laviska Shenault Jr.,13.0,13.147316805947575,5.592307692307693,8.302670180899652,7.709172105954189,72.7,109.15783520358178,101.35492798855377,95.06923076923078,141.14539307529407,131.0559258012212,PPG
WR,2022,00-0036268,Laviska Shenault Jr.,13.0,13.147316805947575,5.592307692307693,8.302670180899652,7.709172105954189,72.7,109.15783520358178,101.35492798855377,95.06923076923078,141.14539307529407,131.0559258012212,SEASON
WR,2022,00-0036271,Quez Watkins,17.0,13.58213726487396,4.911764705882353,7.646694224818385,6.6661070287087885,83.5,103.8584505840023,90.53998068626387,83.5,129.99380182191254,113.32381948804941,PPG
WR,2022,00-0036271,Quez Watkins,17.0,13.58213726487396,4.911764705882353,7.646694224818385,6.6661070287087885,83.5,103.8584505840023,90.53998068626387,83.5,129.99380182191254,113.32381948804941,SEASON
WR,2022,00-0036277,Quintez Cephus,3.0,8.36429175775734,1.1666666666666665,7.229821139418564,8.458869622323801,3.4999999999999996,60.47233336649847,70.75245346194691,19.833333333333332,122.90695937011559,143.8007835795046,PPG
WR,2022,00-0036277,Quintez Cephus,3.0,8.36429175775734,1.1666666666666665,7.229821139418564,8.458869622323801,3.4999999999999996,60.47233336649847,70.75245346194691,19.833333333333332,122.90695937011559,143.8007835795046,SEASON
WR,2022,00-0036309,Darnell Mooney,11.0,13.58213726487396,9.227272727272727,11.571781911254252,11.196130992854332,101.5,157.1695303178408,152.0673879804571,156.86363636363635,196.72029249132228,190.33422687852365,PPG
WR,2022,00-0036309,Darnell Mooney,11.0,13.58213726487396,9.227272727272727,11.571781911254252,11.196130992854332,101.5,157.1695303178408,152.0673879804571,156.86363636363635,196.72029249132228,190.33422687852365,SEASON
WR,2022,00-0036322,Justin Jefferson,17.0,13.58213726487396,21.605882352941173,16.721140385801334,16.488350395723337,367.29999999999995,227.10882394518126,223.94703834605326,367.29999999999995,284.2593865586227,280.3019567272967,PPG
WR,2022,00-0036322,Justin Jefferson,17.0,13.58213726487396,21.605882352941173,16.721140385801334,16.488350395723337,367.29999999999995,227.10882394518126,223.94703834605326,367.29999999999995,284.2593865586227,280.3019567272967,SEASON
WR,2022,00-0036326,Chase Claypool,15.0,12.71249634702119,6.666666666666667,10.589340623584299,9.605373041083427,100.0,134.61695399467848,122.10826969654889,113.33333333333334,180.01879060093307,163.29134169841825,PPG
WR,2022,00-0036326,Chase Claypool,15.0,12.71249634702119,6.666666666666667,10.589340623584299,9.605373041083427,100.0,134.61695399467848,122.10826969654889,113.33333333333334,180.01879060093307,163.29134169841825,SEASON
WR,2022,00-0036331,Devin Duvernay,14.0,13.147316805947575,7.864285714285714,5.780829620197385,4.990645112369412,110.1,76.00239841794061,65.6135923583745,133.69285714285712,98.27410354335554,84.84096691028,PPG
WR,2022,00-0036331,Devin Duvernay,14.0,13.147316805947575,7.864285714285714,5.780829620197385,4.990645112369412,110.1,76.00239841794061,65.6135923583745,133.69285714285712,98.27410354335554,84.84096691028,SEASON
WR,2022,00-0036345,K.J. Osborn,17.0,13.58213726487396,9.094117647058823,9.346077018762848,9.367642283705212,154.6,126.93970095692102,127.23260334552157,154.6,158.88330931896843,159.2499188229886,PPG
WR,2022,00-0036345,K.J. Osborn,17.0,13.58213726487396,9.094117647058823,9.346077018762848,9.367642283705212,154.6,126.93970095692102,127.23260334552157,154.6,158.88330931896843,159.2499188229886,SEASON
WR,2022,00-0036358,CeeDee Lamb,17.0,13.147316805947575,17.741176470588236,12.697961307075447,12.067136647439849,301.6,166.94412009378507,158.65046844455182,301.6,215.8653422202826,205.14132300647742,PPG
WR,2022,00-0036358,CeeDee Lamb,17.0,13.147316805947575,17.741176470588236,12.697961307075447,12.067136647439849,301.6,166.94412009378507,158.65046844455182,301.6,215.8653422202826,205.14132300647742,SEASON
WR,2022,00-0036365,Bryan Edwards,4.0,13.147316805947575,1.125,6.791012356620351,6.572391583155999,4.5,89.28359088559239,86.40931431649526,19.125,115.44721006254598,111.73065691365198,PPG
WR,2022,00-0036365,Bryan Edwards,4.0,13.147316805947575,1.125,6.791012356620351,6.572391583155999,4.5,89.28359088559239,86.40931431649526,19.125,115.44721006254598,111.73065691365198,SEASON
WR,2022,00-0036387,Jalen Reagor,17.0,13.58213726487396,1.5823529411764705,5.599793422451651,4.921024268727495,26.9,76.05716291867665,66.83802710163285,26.9,95.19648818167806,83.65741256836742,PPG
WR,2022,00-0036387,Jalen Reagor,17.0,13.58213726487396,1.5823529411764705,5.599793422451651,4.921024268727495,26.9,76.05716291867665,66.83802710163285,26.9,95.19648818167806,83.65741256836742,SEASON
WR,2022,00-0036407,Jerry Jeudy,15.0,10.538394052389265,13.613333333333335,7.660222234725327,8.122126731549352,204.20000000000002,80.7264404384094,85.59417204051155,231.4266666666667,130.22377799033057,138.07615443633898,PPG
WR,2022,00-0036407,Jerry Jeudy,15.0,10.538394052389265,13.613333333333335,7.660222234725327,8.122126731549352,204.20000000000002,80.7264404384094,85.59417204051155,231.4266666666667,130.22377799033057,138.07615443633898,SEASON
WR,2022,00-0036410,Tee Higgins,14.0,12.277675888094805,15.778571428571428,13.390320756454292,13.586574974746034,220.9,164.40201828537425,166.81156396923166,268.23571428571427,227.63545285972296,230.97177457068258,PPG
WR,2022,00-0036410,Tee Higgins,14.0,12.277675888094805,15.778571428571428,13.390320756454292,13.586574974746034,220.9,164.40201828537425,166.81156396923166,268.23571428571427,227.63545285972296,230.97177457068258,SEASON
WR,2022,00-0036412,KJ Hamler,6.0,7.494650839904569,4.300000000000001,3.6293538189782786,4.767528737112288,25.800000000000004,27.20073964771641,35.73096325386778,73.10000000000001,61.69901492263074,81.0479885309089,PPG
WR,2022,00-0036412,KJ Hamler,6.0,7.494650839904569,4.300000000000001,3.6293538189782786,4.767528737112288,25.800000000000004,27.20073964771641,35.73096325386778,73.10000000000001,61.69901492263074,81.0479885309089,SEASON
WR,2022,00-0036415,Van Jefferson,10.0,13.58213726487396,7.889999999999999,9.711319183788186,8.461435305410472,78.89999999999999,131.90047017721488,114.92437577593574,134.12999999999997,165.09242612439917,143.84440019197802,PPG
WR,2022,00-0036415,Van Jefferson,10.0,13.58213726487396,7.889999999999999,9.711319183788186,8.461435305410472,78.89999999999999,131.90047017721488,114.92437577593574,134.12999999999997,165.09242612439917,143.84440019197802,SEASON
WR,2022,00-0036439,Tyrie Cleveland,5.0,7.929471298830954,0.96,0.8236735116903857,1.4687759408740784,4.8,6.531295470556216,11.646616667574435,16.32,14.002449698736557,24.969190994859332,PPG
WR,2022,00-0036439,Tyrie Cleveland,5.0,7.929471298830954,0.96,0.8236735116903857,1.4687759408740784,4.8,6.531295470556216,11.646616667574435,16.32,14.002449698736557,24.969190994859332,SEASON
WR,2022,00-0036550,Rashod Bateman,6.0,11.408034970242035,8.75,7.9065542793588435,8.134436574240086,52.5,90.19824771304249,92.79793690214672,148.75,134.41142274910032,138.28542176208146,PPG
WR,2022,00-0036550,Rashod Bateman,6.0,11.408034970242035,8.75,7.9065542793588435,8.134436574240086,52.5,90.19824771304249,92.79793690214672,148.75,134.41142274910032,138.28542176208146,SEASON
WR,2022,00-0036554,Nico Collins,10.0,12.277675888094805,9.71,6.723728722795963,6.596403369071599,97.10000000000001,82.55176201796247,80.9885025925977,165.07000000000002,114.30338828753138,112.13885727421717,PPG
WR,2022,00-0036554,Nico Collins,10.0,12.277675888094805,9.71,6.723728722795963,6.596403369071599,97.10000000000001,82.55176201796247,80.9885025925977,165.07000000000002,114.30338828753138,112.13885727421717,SEASON
WR,2022,00-0036572,Shi Smith,17.0,8.36429175775734,3.5647058823529414,3.0601844396338804,3.948297038210283,60.6,25.596275485646927,33.02470837387999,60.6,52.023135473775966,67.12104964957481,PPG
WR,2022,00-0036572,Shi Smith,17.0,8.36429175775734,3.5647058823529414,3.0601844396338804,3.948297038210283,60.6,25.596275485646927,33.02470837387999,60.6,52.023135473775966,67.12104964957481,SEASON
WR,2022,00-0036613,Jaylen Waddle,17.0,13.147316805947575,15.188235294117646,12.059625147340734,13.09859030844914,258.2,158.55171237306084,172.2113164964954,258.2,205.01362750479248,222.67603524363537,PPG
WR,2022,00-0036613,Jaylen Waddle,17.0,13.147316805947575,15.188235294117646,12.059625147340734,13.09859030844914,258.2,158.55171237306084,172.2113164964954,258.2,205.01362750479248,222.67603524363537,SEASON
WR,2022,00-0036620,Dee Eskridge,9.0,9.668753134536495,1.5333333333333334,4.031209151720505,4.312055796777842,13.8,38.97676612166984,41.69220300139202,26.06666666666667,68.53055557924858,73.30494854522331,PPG
WR,2022,00-0036620,Dee Eskridge,9.0,9.668753134536495,1.5333333333333334,4.031209151720505,4.312055796777842,13.8,38.97676612166984,41.69220300139202,26.06666666666667,68.53055557924858,73.30494854522331,SEASON
WR,2022,00-0036626,Dyami Brown,9.0,10.538394052389265,3.6444444444444444,3.1716669955088492,3.5763803811354036,32.8,33.424276601629785,37.68930573763899,61.955555555555556,53.91833892365044,60.79846647930186,PPG
WR,2022,00-0036626,Dyami Brown,9.0,10.538394052389265,3.6444444444444444,3.1716669955088492,3.5763803811354036,32.8,33.424276601629785,37.68930573763899,61.955555555555556,53.91833892365044,60.79846647930186,SEASON
WR,2022,00-0036627,Dez Fitzpatrick,1.0,7.494650839904569,0.0,3.553268299045777,5.028015213158315,0.0,26.63050524184971,37.68321844034992,0.0,60.40556108377821,85.47625862369135,PPG
WR,2022,00-0036627,Dez Fitzpatrick,1.0,7.494650839904569,0.0,3.553268299045777,5.028015213158315,0.0,26.63050524184971,37.68321844034992,0.0,60.40556108377821,85.47625862369135,SEASON
WR,2022,00-0036630,Tylan Wallace,5.0,10.538394052389265,1.46,1.8308365130323823,1.7689991380333256,7.3,19.294076619837558,18.642409994932134,24.82,31.124220721550497,30.072985346566536,PPG
WR,2022,00-0036630,Tylan Wallace,5.0,10.538394052389265,1.46,1.8308365130323823,1.7689991380333256,7.3,19.294076619837558,18.642409994932134,24.82,31.124220721550497,30.072985346566536,SEASON
WR,2022,00-0036635,Ihmir Smith-Marsette,4.0,8.799112216683724,-0.125,3.8005350379646425,4.805545939999627,-0.5,33.44133428248923,42.28453798848559,-2.125,64.60909564539892,81.69428097999366,PPG
WR,2022,00-0036635,Ihmir Smith-Marsette,4.0,8.799112216683724,-0.125,3.8005350379646425,4.805545939999627,-0.5,33.44133428248923,42.28453798848559,-2.125,64.60909564539892,81.69428097999366,SEASON
WR,2022,00-0036652,Racey McMath,4.0,8.799112216683724,1.6,1.0296660366125634,1.4905465232620219,6.4,9.060147001861917,13.115486122370308,27.200000000000003,17.50432262241358,25.339290895454372,PPG
WR,2022,00-0036652,Racey McMath,4.0,8.799112216683724,1.6,1.0296660366125634,1.4905465232620219,6.4,9.060147001861917,13.115486122370308,27.200000000000003,17.50432262241358,25.339290895454372,SEASON
WR,2022,00-0036671,Dax Milne,15.0,10.10357359346288,1.0466666666666669,2.2776938192326024,2.8304765109548637,15.700000000000003,23.012847125992135,28.597927733000507,17.793333333333337,38.72079492695424,48.11810068623269,PPG
WR,2022,00-0036671,Dax Milne,15.0,10.10357359346288,1.0466666666666669,2.2776938192326024,2.8304765109548637,15.700000000000003,23.012847125992135,28.597927733000507,17.793333333333337,38.72079492695424,48.11810068623269,SEASON
WR,2022,00-0036849,Tutu Atwell,12.0,8.799112216683724,5.266666666666667,0.9634370841212508,1.3997519642491145,63.2,8.477391016897442,12.316574608951424,89.53333333333333,16.378430430061265,23.795783392234945,PPG
WR,2022,00-0036849,Tutu Atwell,12.0,8.799112216683724,5.266666666666667,0.9634370841212508,1.3997519642491145,63.2,8.477391016897442,12.316574608951424,89.53333333333333,16.378430430061265,23.795783392234945,SEASON
WR,2022,00-0036862,Ben Skowronek,14.0,11.408034970242035,6.021428571428571,3.3774899710674955,3.0451925025191793,84.3,38.530523701579746,34.739662559857656,102.36428571428571,57.417329508147425,51.76827254282605,PPG
WR,2022,00-0036862,Ben Skowronek,14.0,11.408034970242035,6.021428571428571,3.3774899710674955,3.0451925025191793,84.3,38.530523701579746,34.739662559857656,102.36428571428571,57.417329508147425,51.76827254282605,SEASON
WR,2022,00-0036877,Jaelon Darden,14.0,10.10357359346288,0.34285714285714286,2.6055842549326953,2.391177551813915,4.8,26.325712273680633,24.159438369788287,5.828571428571428,44.29493233385582,40.650018380836556,PPG
WR,2022,00-0036877,Jaelon Darden,14.0,10.10357359346288,0.34285714285714286,2.6055842549326953,2.391177551813915,4.8,26.325712273680633,24.159438369788287,5.828571428571428,44.29493233385582,40.650018380836556,SEASON
WR,2022,00-0036900,Ja'Marr Chase,12.0,13.58213726487396,20.03333333333333,15.158539951951367,14.83171709051606,240.39999999999998,205.8853703624794,201.44641739716616,340.5666666666666,257.69517918317325,252.13919053877302,PPG
WR,2022,00-0036900,Ja'Marr Chase,12.0,13.58213726487396,20.03333333333333,15.158539951951367,14.83171709051606,240.39999999999998,205.8853703624794,201.44641739716616,340.5666666666666,257.69517918317325,252.13919053877302,SEASON
WR,2022,00-0036912,DeVonta Smith,17.0,13.58213726487396,15.094117647058823,10.59790419087455,10.270785414029168,256.6,143.94218944044113,139.4992173114095,256.6,180.16437124486734,174.60335203849587,PPG
WR,2022,00-0036912,DeVonta Smith,17.0,13.58213726487396,15.094117647058823,10.59790419087455,10.270785414029168,256.6,143.94218944044113,139.4992173114095,256.6,180.16437124486734,174.60335203849587,SEASON
WR,2022,00-0036913,Kadarius Toney,9.0,10.10357359346288,6.5888888888888895,8.208962165043449,8.808959419216235,59.300000000000004,82.93985336046886,89.00196977387925,112.01111111111112,139.55235680573864,149.75231012667598,PPG
WR,2022,00-0036913,Kadarius Toney,9.0,10.10357359346288,6.5888888888888895,8.208962165043449,8.808959419216235,59.300000000000004,82.93985336046886,89.00196977387925,112.01111111111112,139.55235680573864,149.75231012667598,SEASON
WR,2022,00-0036936,Rondale Moore,8.0,12.277675888094805,11.05,8.027305134405992,7.594999070264315,88.4,98.55665069507609,93.24893695508665,187.85000000000002,136.46418728490187,129.11498419449336,PPG
WR,2022,00-0036936,Rondale Moore,8.0,12.277675888094805,11.05,8.027305134405992,7.594999070264315,88.4,98.55665069507609,93.24893695508665,187.85000000000002,136.46418728490187,129.11498419449336,SEASON
WR,2022,00-0036951,Frank Darby,1.0,7.929471298830954,2.5,1.37964112054126,1.9198757724895534,2.5,10.939824668018897,15.22359983527682,42.5,23.453899049201418,32.63788813232241,PPG
WR,2022,00-0036951,Frank Darby,1.0,7.929471298830954,2.5,1.37964112054126,1.9198757724895534,2.5,10.939824668018897,15.22359983527682,42.5,23.453899049201418,32.63788813232241,SEASON
WR,2022,00-0036955,Terrace Marshall Jr.,13.0,11.408034970242035,6.230769230769231,3.57008632331959,3.4469315873134554,81.0,40.7276696232127,39.32271608810378,105.92307692307692,60.691467496433035,58.597836984328744,PPG
WR,2022,00-0036955,Terrace Marshall Jr.,13.0,11.408034970242035,6.230769230769231,3.57008632331959,3.4469315873134554,81.0,40.7276696232127,39.32271608810378,105.92307692307692,60.691467496433035,58.597836984328744,SEASON
WR,2022,00-0036963,Amon-Ra St. Brown,16.0,13.147316805947575,16.725,12.891692011091175,12.404153407147621,267.6,169.49115903451911,163.0813345533438,284.32500000000005,219.15876418854998,210.87060792150956,PPG
WR,2022,00-0036963,Amon-Ra St. Brown,16.0,13.147316805947575,16.725,12.891692011091175,12.404153407147621,267.6,169.49115903451911,163.0813345533438,284.32500000000005,219.15876418854998,210.87060792150956,SEASON
WR,2022,00-0036980,Elijah Moore,14.0,10.97321451131565,6.292857142857143,10.474003160802125,10.827231602986249,88.1,114.93348347567986,118.80953494326411,106.97857142857143,178.05805373363611,184.06293725076623,PPG
WR,2022,00-0036980,Elijah Moore,14.0,10.97321451131565,6.292857142857143,10.474003160802125,10.827231602986249,88.1,114.93348347567986,118.80953494326411,106.97857142857143,178.05805373363611,184.06293725076623,SEASON
WR,2022,00-0036988,Josh Palmer,16.0,12.71249634702119,10.51875,6.349172049285289,6.094530746908114,168.3,80.71382648314828,77.47669985687773,178.81875000000002,107.93592483784991,103.60702269743794,PPG
WR,2022,00-0036988,Josh Palmer,16.0,12.71249634702119,10.51875,6.349172049285289,6.094530746908114,168.3,80.71382648314828,77.47669985687773,178.81875000000002,107.93592483784991,103.60702269743794,SEASON
WR,2022,00-0036991,Amari Rodgers,15.0,13.147316805947575,2.806666666666667,3.3358039513434803,1.853909672779848,42.10000000000001,43.856871350844465,24.373937797647265,47.71333333333334,56.708667172839164,31.51646443725742,PPG
WR,2022,00-0036991,Amari Rodgers,15.0,13.147316805947575,2.806666666666667,3.3358039513434803,1.853909672779848,42.10000000000001,43.856871350844465,24.373937797647265,47.71333333333334,56.708667172839164,31.51646443725742,SEASON
WR,2022,00-0036999,Anthony Schwartz,7.0,11.84285542916842,2.542857142857143,3.902474556050556,3.361380522267432,17.8,46.21644198331495,39.80834356763584,43.228571428571435,66.34206745285945,57.143468878546344,PPG
WR,2022,00-0036999,Anthony Schwartz,7.0,11.84285542916842,2.542857142857143,3.902474556050556,3.361380522267432,17.8,46.21644198331495,39.80834356763584,43.228571428571435,66.34206745285945,57.143468878546344,SEASON
WR,2023,00-0026293,Matthew Slater,5.0,9.364472333133902,0.0,1.2272336556072505,1.1317969511581158,0.0,11.492395614224877,10.598681235845477,0.0,20.86297214532326,19.24054816968797,PPG
WR,2023,00-0026293,Matthew Slater,5.0,9.364472333133902,0.0,1.2272336556072505,1.1317969511581158,0.0,11.492395614224877,10.598681235845477,0.0,20.86297214532326,19.24054816968797,SEASON
WR,2023,00-0027944,Julio Jones,8.0,10.274806397294812,4.55,6.421463690312123,6.5664132150834655,36.4,65.97929620521535,67.46862450962078,77.35,109.1648827353061,111.62902465641892,PPG
WR,2023,00-0027944,Julio Jones,8.0,10.274806397294812,4.55,6.421463690312123,6.5664132150834655,36.4,65.97929620521535,67.46862450962078,77.35,109.1648827353061,111.62902465641892,SEASON
WR,2023,00-0028002,Randall Cobb,9.0,11.640307493536177,1.8777777777777778,6.496349543479942,5.990017856722993,16.9,75.6195062715999,69.72564974402816,31.92222222222222,110.43794223915901,101.83030356429089,PPG
WR,2023,00-0028002,Randall Cobb,9.0,11.640307493536177,1.8777777777777778,6.496349543479942,5.990017856722993,16.9,75.6195062715999,69.72564974402816,31.92222222222222,110.43794223915901,101.83030356429089,SEASON
WR,2023,00-0029293,Marvin Jones,4.0,13.005808589777542,1.375,7.6018190391856155,6.97686634289402,5.5,98.86780335777475,90.73978821214088,23.375,129.23092366615546,118.60672782919835,PPG
WR,2023,00-0029293,Marvin Jones,4.0,13.005808589777542,1.375,7.6018190391856155,6.97686634289402,5.5,98.86780335777475,90.73978821214088,23.375,129.23092366615546,118.60672782919835,SEASON
WR,2023,00-0030035,Adam Thielen,17.0,13.460975621857997,13.470588235294118,9.389321723943798,9.056542836942137,229.0,126.38943083178917,121.90990234639078,229.0,159.61846930704456,153.96122822801632,PPG
WR,2023,00-0030035,Adam Thielen,17.0,13.460975621857997,13.470588235294118,9.389321723943798,9.056542836942137,229.0,126.38943083178917,121.90990234639078,229.0,159.61846930704456,153.96122822801632,SEASON
WR,2023,00-0030068,Marquise Goodwin,10.0,11.640307493536177,1.4000000000000001,6.239448648526608,6.425693191471276,14.000000000000002,72.62910085897845,74.79704460784748,23.8,106.07062702495233,109.2367842550117,PPG
WR,2023,00-0030068,Marquise Goodwin,10.0,11.640307493536177,1.4000000000000001,6.239448648526608,6.425693191471276,14.000000000000002,72.62910085897845,74.79704460784748,23.8,106.07062702495233,109.2367842550117,SEASON
WR,2023,00-0030279,Keenan Allen,13.0,10.274806397294812,20.83846153846154,13.944210395274448,14.298191033603493,270.90000000000003,143.2740621745907,146.91114470181247,354.2538461538462,237.0515767196656,243.06924757125938,PPG
WR,2023,00-0030279,Keenan Allen,13.0,10.274806397294812,20.83846153846154,13.944210395274448,14.298191033603493,270.90000000000003,143.2740621745907,146.91114470181247,354.2538461538462,237.0515767196656,243.06924757125938,SEASON
WR,2023,00-0030431,Robert Woods,14.0,13.460975621857997,6.378571428571428,7.292590028015546,7.131354271386545,89.3,98.165376587322,95.99498599796719,108.43571428571428,123.97403047626429,121.23302261357126,PPG
WR,2023,00-0030431,Robert Woods,14.0,13.460975621857997,6.378571428571428,7.292590028015546,7.131354271386545,89.3,98.165376587322,95.99498599796719,108.43571428571428,123.97403047626429,121.23302261357126,SEASON
WR,2023,00-0030564,DeAndre Hopkins,17.0,9.819639365214357,13.15294117647059,14.221339105502846,14.685637049033227,223.60000000000002,139.6484213064581,144.20765966993707,223.60000000000002,241.76276479354837,249.65582983356487,PPG
WR,2023,00-0030564,DeAndre Hopkins,17.0,9.819639365214357,13.15294117647059,14.221339105502846,14.685637049033227,223.60000000000002,139.6484213064581,144.20765966993707,223.60000000000002,241.76276479354837,249.65582983356487,SEASON
WR,2023,00-0031236,Brandin Cooks,16.0,11.640307493536177,10.7625,9.849585764168262,9.921950953105672,172.2,114.65220697887507,115.49456002993436,182.96249999999998,167.44295799086046,168.6731662027964,PPG
WR,2023,00-0031236,Brandin Cooks,16.0,11.640307493536177,10.7625,9.849585764168262,9.921950953105672,172.2,114.65220697887507,115.49456002993436,182.96249999999998,167.44295799086046,168.6731662027964,SEASON
WR,2023,00-0031381,Davante Adams,17.0,13.460975621857997,15.611764705882354,16.587993990270018,16.40232430291579,265.40000000000003,223.2905827185517,220.79128758335844,265.40000000000003,281.9958978345903,278.83951314956846,PPG
WR,2023,00-0031381,Davante Adams,17.0,13.460975621857997,15.611764705882354,16.587993990270018,16.40232430291579,265.40000000000003,223.2905827185517,220.79128758335844,265.40000000000003,281.9958978345903,278.83951314956846,SEASON
WR,2023,00-0031408,Mike Evans,17.0,12.550641557697087,16.61764705882353,12.918875191816037,12.476310518598888,282.5,162.14017186110829,156.5857012814605,282.5,219.62087826087262,212.0972788161811,PPG
WR,2023,00-0031408,Mike Evans,17.0,12.550641557697087,16.61764705882353,12.918875191816037,12.476310518598888,282.5,162.14017186110829,156.5857012814605,282.5,219.62087826087262,212.0972788161811,SEASON
WR,2023,00-0031428,Allen Robinson,15.0,10.274806397294812,4.133333333333334,7.305613790073746,7.942969005934228,62.00000000000001,75.06376730641493,81.61246875568742,70.26666666666668,124.19543443125369,135.03047310088186,PPG
WR,2023,00-0031428,Allen Robinson,15.0,10.274806397294812,4.133333333333334,7.305613790073746,7.942969005934228,62.00000000000001,75.06376730641493,81.61246875568742,70.26666666666668,124.19543443125369,135.03047310088186,SEASON
WR,2023,00-0031544,Amari Cooper,15.0,13.460975621857997,15.0,12.96854586420957,12.326538699482203,225.0,174.56927972907238,165.9272369356191,255.0,220.4652796915627,209.55115789119745,PPG
WR,2023,00-0031544,Amari Cooper,15.0,13.460975621857997,15.0,12.96854586420957,12.326538699482203,225.0,174.56927972907238,165.9272369356191,255.0,220.4652796915627,209.55115789119745,SEASON
WR,2023,00-0031547,DeVante Parker,13.0,11.185140461455722,5.569230769230769,7.72202175728316,7.6683382570130405,72.39999999999999,86.37189800162929,85.7714405106454,94.67692307692307,131.27436987381373,130.36175036922168,PPG
WR,2023,00-0031547,DeVante Parker,13.0,11.185140461455722,5.569230769230769,7.72202175728316,7.6683382570130405,72.39999999999999,86.37189800162929,85.7714405106454,94.67692307692307,131.27436987381373,130.36175036922168,SEASON
WR,2023,00-0031549,Nelson Agholor,16.0,12.095474525616632,6.00625,5.8546788626653425,5.649526351826985,96.1,70.81511903903481,68.33370207032317,102.10624999999999,99.52954066531082,96.04194798105874,PPG
WR,2023,00-0031549,Nelson Agholor,16.0,12.095474525616632,6.00625,5.8546788626653425,5.649526351826985,96.1,70.81511903903481,68.33370207032317,102.10624999999999,99.52954066531082,96.04194798105874,SEASON
WR,2023,00-0031588,Stefon Diggs,17.0,13.005808589777542,15.98823529411765,16.39724472427758,15.99537795878892,271.80000000000007,213.25942628369384,208.0328240531553,271.80000000000007,278.7531603127189,271.9214252994116,PPG
WR,2023,00-0031588,Stefon Diggs,17.0,13.005808589777542,15.98823529411765,16.39724472427758,15.99537795878892,271.80000000000007,213.25942628369384,208.0328240531553,271.80000000000007,278.7531603127189,271.9214252994116,SEASON
WR,2023,00-0031763,DeAndre Carter,17.0,13.460975621857997,0.5705882352941176,6.7170482342421325,6.050415664281697,9.7,90.41802253197766,81.4444977590037,9.7,114.18981998211625,102.85706629278886,PPG
WR,2023,00-0031763,DeAndre Carter,17.0,13.460975621857997,0.5705882352941176,6.7170482342421325,6.050415664281697,9.7,90.41802253197766,81.4444977590037,9.7,114.18981998211625,102.85706629278886,SEASON
WR,2023,00-0031868,Damiere Byrd,1.0,11.185140461455722,0.0,4.539553380863166,4.4287102201804425,0.0,50.77554219723071,49.535745875802746,0.0,77.17240747467382,75.28807374306753,PPG
WR,2023,00-0031868,Damiere Byrd,1.0,11.185140461455722,0.0,4.539553380863166,4.4287102201804425,0.0,50.77554219723071,49.535745875802746,0.0,77.17240747467382,75.28807374306753,SEASON
WR,2023,00-0031941,Jamison Crowder,16.0,7.543804204812083,2.36875,3.1175850320399685,3.6345384865495807,37.9,23.518451073562325,27.41824671738407,40.26875,52.998945544679465,61.78715427134287,PPG
WR,2023,00-0031941,Jamison Crowder,16.0,7.543804204812083,2.36875,3.1175850320399685,3.6345384865495807,37.9,23.518451073562325,27.41824671738407,40.26875,52.998945544679465,61.78715427134287,SEASON
WR,2023,00-0032128,Chris Conley,1.0,7.543804204812083,9.9,2.447731444570571,2.936746591517607,9.9,18.46520676380223,22.154241285558076,168.3,41.61143455769971,49.92469205579932,PPG
WR,2023,00-0032128,Chris Conley,1.0,7.543804204812083,9.9,2.447731444570571,2.936746591517607,9.9,18.46520676380223,22.154241285558076,168.3,41.61143455769971,49.92469205579932,SEASON
WR,2023,00-0032208,Phillip Dorsett,2.0,12.550641557697087,0.0,4.145438230074228,3.9500694259799207,0.0,52.02790932523586,49.57590549349227,0.0,70.47244991126188,67.15118024165865,PPG
WR,2023,00-0032208,Phillip Dorsett,2.0,12.550641557697087,0.0,4.145438230074228,3.9500694259799207,0.0,52.02790932523586,49.57590549349227,0.0,70.47244991126188,67.15118024165865,SEASON
WR,2023,00-0032211,Tyler Lockett,17.0,13.005808589777542,11.905882352941177,12.852042695670349,12.535945273373128,202.4,167.15120728753715,163.04010471741742,202.4,218.48472582639593,213.1110696473432,PPG
WR,2023,00-0032211,Tyler Lockett,17.0,13.005808589777542,11.905882352941177,12.852042695670349,12.535945273373128,202.4,167.15120728753715,163.04010471741742,202.4,218.48472582639593,213.1110696473432,SEASON
WR,2023,00-0032385,Sterling Shepard,10.0,7.0886371727316275,2.23,9.101897441371339,10.103357425796847,22.3,64.52004854529577,71.61903501789766,37.91,154.73225650331275,171.7570762385464,PPG
WR,2023,00-0032385,Sterling Shepard,10.0,7.0886371727316275,2.23,9.101897441371339,10.103357425796847,22.3,64.52004854529577,71.61903501789766,37.91,154.73225650331275,171.7570762385464,SEASON
WR,2023,00-0032398,Chris Moore,15.0,12.550641557697087,4.486666666666666,7.339011614336401,7.776075091189611,67.3,92.10930415931202,97.5947311952575,76.27333333333333,124.76319744371881,132.1932765502234,PPG
WR,2023,00-0032398,Chris Moore,15.0,12.550641557697087,4.486666666666666,7.339011614336401,7.776075091189611,67.3,92.10930415931202,97.5947311952575,76.27333333333333,124.76319744371881,132.1932765502234,SEASON
WR,2023,00-0032464,Kalif Raymond,17.0,13.460975621857997,5.729411764705883,7.271976334915022,6.277439181740501,97.40000000000002,97.88789616701938,84.5004557931051,97.40000000000002,123.62359769355538,106.71646608958852,PPG
WR,2023,00-0032464,Kalif Raymond,17.0,13.460975621857997,5.729411764705883,7.271976334915022,6.277439181740501,97.40000000000002,97.88789616701938,84.5004557931051,97.40000000000002,123.62359769355538,106.71646608958852,SEASON
WR,2023,00-0032688,Robbie Chosen,6.0,11.185140461455722,3.7666666666666666,5.2353454194707725,4.686279116203967,22.6,58.55807388101942,52.41669015632795,64.03333333333333,89.00087213100313,79.66674497546744,PPG
WR,2023,00-0032688,Robbie Chosen,6.0,11.185140461455722,3.7666666666666666,5.2353454194707725,4.686279116203967,22.6,58.55807388101942,52.41669015632795,64.03333333333333,89.00087213100313,79.66674497546744,SEASON
WR,2023,00-0032765,Michael Thomas,10.0,7.0886371727316275,8.98,12.543786114305025,13.795858701628568,89.80000000000001,88.91834853665742,97.79383682211736,152.66,213.24436394318542,234.52959792768564,PPG
WR,2023,00-0032765,Michael Thomas,10.0,7.0886371727316275,8.98,12.543786114305025,13.795858701628568,89.80000000000001,88.91834853665742,97.79383682211736,152.66,213.24436394318542,234.52959792768564,SEASON
WR,2023,00-0032775,Demarcus Robinson,8.0,13.005808589777542,10.674999999999999,6.859732510012889,6.595234893325284,85.39999999999999,89.21636800230189,85.77636262721055,181.475,116.61545267021911,112.11899318652982,PPG
WR,2023,00-0032775,Demarcus Robinson,8.0,13.005808589777542,10.674999999999999,6.859732510012889,6.595234893325284,85.39999999999999,89.21636800230189,85.77636262721055,181.475,116.61545267021911,112.11899318652982,SEASON
WR,2023,00-0032951,Laquon Treadwell,3.0,7.0886371727316275,0.8666666666666667,2.917614492945641,4.126973498976713,2.6,20.68191055039501,29.254617755724638,14.733333333333334,49.5994463800759,70.15854948260412,PPG
WR,2023,00-0032951,Laquon Treadwell,3.0,7.0886371727316275,0.8666666666666667,2.917614492945641,4.126973498976713,2.6,20.68191055039501,29.254617755724638,14.733333333333334,49.5994463800759,70.15854948260412,SEASON
WR,2023,00-0033009,Tyler Boyd,17.0,13.005808589777542,8.635294117647058,9.541359275555118,8.886635311876464,146.79999999999998,124.09309242416839,115.57787787342335,146.79999999999998,162.20310768443701,151.0728003018999,PPG
WR,2023,00-0033009,Tyler Boyd,17.0,13.005808589777542,8.635294117647058,9.541359275555118,8.886635311876464,146.79999999999998,124.09309242416839,115.57787787342335,146.79999999999998,162.20310768443701,151.0728003018999,SEASON
WR,2023,00-0033040,Tyreek Hill,16.0,13.460975621857997,23.4625,17.264079307465515,16.843266336188933,375.4,232.3913506916164,226.7267975439007,398.86249999999995,293.48934822691376,286.33552771521187,PPG
WR,2023,00-0033040,Tyreek Hill,16.0,13.460975621857997,23.4625,17.264079307465515,16.843266336188933,375.4,232.3913506916164,226.7267975439007,398.86249999999995,293.48934822691376,286.33552771521187,SEASON
WR,2023,00-0033251,Zach Pascal,10.0,12.550641557697087,0.5900000000000001,3.2853881886428513,3.0061286334384074,5.9,41.23372953354813,37.72884295461523,10.030000000000001,55.85159920692847,51.10418676845293,PPG
WR,2023,00-0033251,Zach Pascal,10.0,12.550641557697087,0.5900000000000001,3.2853881886428513,3.0061286334384074,5.9,41.23372953354813,37.72884295461523,10.030000000000001,55.85159920692847,51.10418676845293,SEASON
WR,2023,00-0033282,Curtis Samuel,16.0,13.460975621857997,9.825000000000001,8.957600056569403,9.185974476501688,157.20000000000002,120.57803599183455,123.652178491199,167.025,152.27920096167983,156.1615661005287,PPG
WR,2023,00-0033282,Curtis Samuel,16.0,13.460975621857997,9.825000000000001,8.957600056569403,9.185974476501688,157.20000000000002,120.57803599183455,123.652178491199,167.025,152.27920096167983,156.1615661005287,SEASON
WR,2023,00-0033292,Trent Taylor,15.0,13.005808589777542,0.0,2.9421885927149662,1.8960170109182075,0.0,38.265541671877806,24.659234326964363,0.0,50.01720607615442,32.23228918560953,PPG
WR,2023,00-0033292,Trent Taylor,15.0,13.005808589777542,0.0,2.9421885927149662,1.8960170109182075,0.0,38.265541671877806,24.659234326964363,0.0,50.01720607615442,32.23228918560953,SEASON
WR,2023,00-0033307,Kendrick Bourne,8.0,13.005808589777542,12.375,6.2076182244936815,5.711104199584762,99.0,80.73509442617954,74.27752805607409,210.375,105.52950981639259,97.08877139294096,PPG
WR,2023,00-0033307,Kendrick Bourne,8.0,13.005808589777542,12.375,6.2076182244936815,5.711104199584762,99.0,80.73509442617954,74.27752805607409,210.375,105.52950981639259,97.08877139294096,SEASON
WR,2023,00-0033466,Isaiah McKenzie,13.0,12.550641557697087,1.5846153846153848,7.5596109826316225,7.320321130655399,20.6,94.87796775863976,91.87472659809178,26.938461538461542,128.51338670473757,124.44545922114179,PPG
WR,2023,00-0033466,Isaiah McKenzie,13.0,12.550641557697087,1.5846153846153848,7.5596109826316225,7.320321130655399,20.6,94.87796775863976,91.87472659809178,26.938461538461542,128.51338670473757,124.44545922114179,SEASON
WR,2023,00-0033536,Mike Williams,3.0,11.640307493536177,16.733333333333334,11.772908812427145,11.60797736440945,50.2,137.0402786700138,135.12042589973365,284.4666666666667,200.13944981126147,197.33561519496067,PPG
WR,2023,00-0033536,Mike Williams,3.0,11.640307493536177,16.733333333333334,11.772908812427145,11.60797736440945,50.2,137.0402786700138,135.12042589973365,284.4666666666667,200.13944981126147,197.33561519496067,SEASON
WR,2023,00-0033555,Mack Hollins,12.0,13.460975621857997,3.591666666666667,8.692385365109468,8.508552462820576,43.1,117.00798749553377,114.53341727932761,61.05833333333334,147.77055120686094,144.6453918679498,PPG
WR,2023,00-0033555,Mack Hollins,12.0,13.460975621857997,3.591666666666667,8.692385365109468,8.508552462820576,43.1,117.00798749553377,114.53341727932761,61.05833333333334,147.77055120686094,144.6453918679498,SEASON
WR,2023,00-0033572,Jamal Agnew,11.0,12.550641557697087,3.590909090909091,4.845385549359245,4.428627981341655,39.5,60.81269723885307,55.582122386206734,61.04545454545455,82.37155433910716,75.28667568280812,PPG
WR,2023,00-0033572,Jamal Agnew,11.0,12.550641557697087,3.590909090909091,4.845385549359245,4.428627981341655,39.5,60.81269723885307,55.582122386206734,61.04545454545455,82.37155433910716,75.28667568280812,SEASON
WR,2023,00-0033591,Noah Brown,10.0,13.005808589777542,10.170000000000002,7.29512280912166,7.056366511198178,101.70000000000002,94.87897089435656,91.77375218395984,172.89000000000004,124.01708775506822,119.95823069036902,PPG
WR,2023,00-0033591,Noah Brown,10.0,13.005808589777542,10.170000000000002,7.29512280912166,7.056366511198178,101.70000000000002,94.87897089435656,91.77375218395984,172.89000000000004,124.01708775506822,119.95823069036902,SEASON
WR,2023,00-0033857,JuJu Smith-Schuster,11.0,13.005808589777542,5.545454545454545,10.501755386092126,10.355148047391298,60.99999999999999,136.58382040817955,134.67707342317988,94.27272727272727,178.52984156356615,176.03751680565207,PPG
WR,2023,00-0033857,JuJu Smith-Schuster,11.0,13.005808589777542,5.545454545454545,10.501755386092126,10.355148047391298,60.99999999999999,136.58382040817955,134.67707342317988,94.27272727272727,178.52984156356615,176.03751680565207,SEASON
WR,2023,00-0033891,Zay Jones,9.0,13.005808589777542,8.677777777777777,10.940179894713985,10.795616320394732,78.1,142.28588564838273,140.40571947173243,147.5222222222222,185.98305821013776,183.52547744671045,PPG
WR,2023,00-0033891,Zay Jones,9.0,13.005808589777542,8.677777777777777,10.940179894713985,10.795616320394732,78.1,142.28588564838273,140.40571947173243,147.5222222222222,185.98305821013776,183.52547744671045,SEASON
WR,2023,00-0033908,Cooper Kupp,12.0,9.819639365214357,13.725000000000001,17.28944629283336,18.43206157303483,164.70000000000002,169.7761274198659,180.99619740462768,233.32500000000002,293.92058697816714,313.3450467415921,PPG
WR,2023,00-0033908,Cooper Kupp,12.0,9.819639365214357,13.725000000000001,17.28944629283336,18.43206157303483,164.70000000000002,169.7761274198659,180.99619740462768,233.32500000000002,293.92058697816714,313.3450467415921,SEASON
WR,2023,00-0033921,Chris Godwin Jr.,17.0,12.550641557697087,12.305882352941177,13.000254897575028,12.704699527981502,209.20000000000002,163.16153937816023,159.4521298739392,209.20000000000002,221.00433325877546,215.97989197568552,PPG
WR,2023,00-0033921,Chris Godwin Jr.,17.0,12.550641557697087,12.305882352941177,13.000254897575028,12.704699527981502,209.20000000000002,163.16153937816023,159.4521298739392,209.20000000000002,221.00433325877546,215.97989197568552,SEASON
WR,2023,00-0033943,Josh Reynolds,16.0,11.185140461455722,7.987500000000001,7.807008098596081,7.666115133032602,127.80000000000001,87.32248216651953,85.74657455666097,135.78750000000002,132.71913767613339,130.32395726155423,PPG
WR,2023,00-0033943,Josh Reynolds,16.0,11.185140461455722,7.987500000000001,7.807008098596081,7.666115133032602,127.80000000000001,87.32248216651953,85.74657455666097,135.78750000000002,132.71913767613339,130.32395726155423,SEASON
WR,2023,00-0034054,River Cracraft,6.0,9.364472333133902,4.5166666666666675,3.5629587562177782,4.021073330921031,27.100000000000005,33.365228696698566,37.65522995691258,76.78333333333335,60.570298855702234,68.35824662565753,PPG
WR,2023,00-0034054,River Cracraft,6.0,9.364472333133902,4.5166666666666675,3.5629587562177782,4.021073330921031,27.100000000000005,33.365228696698566,37.65522995691258,76.78333333333335,60.570298855702234,68.35824662565753,SEASON
WR,2023,00-0034272,Marquez Valdes-Scantling,16.0,13.460975621857997,3.46875,7.312951164510786,6.7055330039626595,55.5,98.43945734931775,90.26301629790558,58.96875,124.32016979668337,113.99406106736521,PPG
WR,2023,00-0034272,Marquez Valdes-Scantling,16.0,13.460975621857997,3.46875,7.312951164510786,6.7055330039626595,55.5,98.43945734931775,90.26301629790558,58.96875,124.32016979668337,113.99406106736521,SEASON
WR,2023,00-0034279,Equanimeous St. Brown,5.0,13.005808589777542,2.24,5.695240965628669,4.550117064381084,11.200000000000001,74.07121387162628,59.177951600420876,38.080000000000005,96.81909641568737,77.35199009447842,PPG
WR,2023,00-0034279,Equanimeous St. Brown,5.0,13.005808589777542,2.24,5.695240965628669,4.550117064381084,11.200000000000001,74.07121387162628,59.177951600420876,38.080000000000005,96.81909641568737,77.35199009447842,SEASON
WR,2023,00-0034286,Richie James,9.0,13.005808589777542,2.3777777777777778,8.277998265974118,8.321958210246567,21.4,107.66206095376978,108.23379557459455,40.422222222222224,140.72597052156,141.47328957419165,PPG
WR,2023,00-0034286,Richie James,9.0,13.005808589777542,2.3777777777777778,8.277998265974118,8.321958210246567,21.4,107.66206095376978,108.23379557459455,40.422222222222224,140.72597052156,141.47328957419165,SEASON
WR,2023,00-0034297,Byron Pringle,13.0,10.274806397294812,2.315384615384615,3.134476787462413,4.0027937585794575,30.099999999999998,32.20614214799089,41.12793091770396,39.36153846153846,53.28610538686102,68.04749389585078,PPG
WR,2023,00-0034297,Byron Pringle,13.0,10.274806397294812,2.315384615384615,3.134476787462413,4.0027937585794575,30.099999999999998,32.20614214799089,41.12793091770396,39.36153846153846,53.28610538686102,68.04749389585078,SEASON
WR,2023,00-0034317,Keith Kirkwood,7.0,7.0886371727316275,2.1,1.5124728736106072,2.2000080134220603,14.700000000000001,10.721371434624375,15.595058584251078,35.7,25.712038851380324,37.40013622817503,PPG
WR,2023,00-0034317,Keith Kirkwood,7.0,7.0886371727316275,2.1,1.5124728736106072,2.2000080134220603,14.700000000000001,10.721371434624375,15.595058584251078,35.7,25.712038851380324,37.40013622817503,SEASON
WR,2023,00-0034348,Courtland Sutton,16.0,12.550641557697087,11.7,10.190139155464337,9.725803677614627,187.2,127.892783963287,122.0650758182733,198.89999999999998,173.23236564289374,165.33866251944866,PPG
WR,2023,00-0034348,Courtland Sutton,16.0,12.550641557697087,11.7,10.190139155464337,9.725803677614627,187.2,127.892783963287,122.0650758182733,198.89999999999998,173.23236564289374,165.33866251944866,SEASON
WR,2023,00-0034386,Justin Watson,15.0,13.460975621857997,5.866666666666667,4.37429023710587,3.8846321340825587,88.0,58.88221424461356,52.29093845677153,99.73333333333335,74.36293403079979,66.0387462794035,PPG
WR,2023,00-0034386,Justin Watson,15.0,13.460975621857997,5.866666666666667,4.37429023710587,3.8846321340825587,88.0,58.88221424461356,52.29093845677153,99.73333333333335,74.36293403079979,66.0387462794035,SEASON
WR,2023,00-0034407,Ray-Ray McCloud,12.0,13.460975621857997,2.375,4.247808801479686,3.8883511553938175,28.5,57.17965072303189,52.341000111979554,40.375,72.21274962515467,66.1019696416949,PPG
WR,2023,00-0034407,Ray-Ray McCloud,12.0,13.460975621857997,2.375,4.247808801479686,3.8883511553938175,28.5,57.17965072303189,52.341000111979554,40.375,72.21274962515467,66.1019696416949,SEASON
WR,2023,00-0034418,Cedrick Wilson Jr.,11.0,11.640307493536177,6.327272727272728,3.401538220467374,2.7890825232358645,69.60000000000001,39.594950837256086,32.46577819531322,107.56363636363638,57.82614974794536,47.414402895009694,PPG
WR,2023,00-0034418,Cedrick Wilson Jr.,11.0,11.640307493536177,6.327272727272728,3.401538220467374,2.7890825232358645,69.60000000000001,39.594950837256086,32.46577819531322,107.56363636363638,57.82614974794536,47.414402895009694,SEASON
WR,2023,00-0034419,Braxton Berrios,16.0,13.460975621857997,3.61875,4.104925241494502,3.7761835941185424,57.9,55.25629860530705,50.83111530408981,61.51875,69.78372910540654,64.19512110001523,PPG
WR,2023,00-0034419,Braxton Berrios,16.0,13.460975621857997,3.61875,4.104925241494502,3.7761835941185424,57.9,55.25629860530705,50.83111530408981,61.51875,69.78372910540654,64.19512110001523,SEASON
WR,2023,00-0034487,Trent Sherfield,11.0,13.005808589777542,2.327272727272727,5.7596364021464685,5.261216081680491,25.599999999999998,74.90872859303197,68.42636930779587,39.56363636363636,97.91381883648997,89.44067338856834,PPG
WR,2023,00-0034487,Trent Sherfield,11.0,13.005808589777542,2.327272727272727,5.7596364021464685,5.261216081680491,25.599999999999998,74.90872859303197,68.42636930779587,39.56363636363636,97.91381883648997,89.44067338856834,SEASON
WR,2023,00-0034521,Allen Lazard,14.0,12.550641557697087,4.292857142857143,10.363415093410087,10.56405072025321,60.099999999999994,130.06750815101788,132.58561398722978,72.97857142857143,176.17805658797147,179.58886224430458,PPG
WR,2023,00-0034521,Allen Lazard,14.0,12.550641557697087,4.292857142857143,10.363415093410087,10.56405072025321,60.099999999999994,130.06750815101788,132.58561398722978,72.97857142857143,176.17805658797147,179.58886224430458,SEASON
WR,2023,00-0034646,Brandon Powell,17.0,13.460975621857997,4.064705882352941,3.782917246858027,3.404148489084644,69.1,50.92175683946208,45.82315982475313,69.1,64.30959319658646,57.87052431443895,PPG
WR,2023,00-0034646,Brandon Powell,17.0,13.460975621857997,4.064705882352941,3.782917246858027,3.404148489084644,69.1,50.92175683946208,45.82315982475313,69.1,64.30959319658646,57.87052431443895,SEASON
WR,2023,00-0034764,Michael Gallup,16.0,12.095474525616632,5.487500000000001,6.915225734547331,6.897220904378355,87.80000000000001,83.6429367111058,83.4251597464589,93.28750000000001,117.55883748730463,117.25275537443204,PPG
WR,2023,00-0034764,Michael Gallup,16.0,12.095474525616632,5.487500000000001,6.915225734547331,6.897220904378355,87.80000000000001,83.6429367111058,83.4251597464589,93.28750000000001,117.55883748730463,117.25275537443204,SEASON
WR,2023,00-0034775,Christian Kirk,12.0,13.460975621857997,12.358333333333336,12.391447716919409,12.117467976183594,148.30000000000004,166.8009756369801,163.1129410260523,210.09166666666673,210.65461118762994,205.9969555951211,PPG
WR,2023,00-0034775,Christian Kirk,12.0,13.460975621857997,12.358333333333336,12.391447716919409,12.117467976183594,148.30000000000004,166.8009756369801,163.1129410260523,210.09166666666673,210.65461118762994,205.9969555951211,SEASON
WR,2023,00-0034777,DJ Chark,14.0,10.729973429375267,8.107142857142858,7.718460836452598,8.043193554420673,113.5,82.81887969080998,86.30325312625624,137.82142857142858,131.21383421969418,136.73429042515144,PPG
WR,2023,00-0034777,DJ Chark,14.0,10.729973429375267,8.107142857142858,7.718460836452598,8.043193554420673,113.5,82.81887969080998,86.30325312625624,137.82142857142858,131.21383421969418,136.73429042515144,SEASON
WR,2023,00-0034827,DJ Moore,17.0,13.460975621857997,16.794117647058822,10.75722725447604,10.593162521302709,285.5,144.80277383128842,142.59430245763556,285.5,182.8728633260927,180.08376286214605,PPG
WR,2023,00-0034827,DJ Moore,17.0,13.460975621857997,16.794117647058822,10.75722725447604,10.593162521302709,285.5,144.80277383128842,142.59430245763556,285.5,182.8728633260927,180.08376286214605,SEASON
WR,2023,00-0034854,KhaDarel Hodge,14.0,11.640307493536177,2.585714285714286,4.273364609718611,3.50534335835418,36.2,49.74327808911985,40.80327456166743,43.95714285714286,72.64719836521638,59.59083709202106,PPG
WR,2023,00-0034854,KhaDarel Hodge,14.0,11.640307493536177,2.585714285714286,4.273364609718611,3.50534335835418,36.2,49.74327808911985,40.80327456166743,43.95714285714286,72.64719836521638,59.59083709202106,SEASON
WR,2023,00-0034928,Steven Sims,3.0,11.185140461455722,1.866666666666667,3.149782119546475,3.508671794711412,5.6000000000000005,35.23075543010904,39.24498685699508,31.733333333333338,53.54629603229007,59.647420510094,PPG
WR,2023,00-0034928,Steven Sims,3.0,11.185140461455722,1.866666666666667,3.149782119546475,3.508671794711412,5.6000000000000005,35.23075543010904,39.24498685699508,31.733333333333338,53.54629603229007,59.647420510094,SEASON
WR,2023,00-0034960,Jakobi Meyers,16.0,12.095474525616632,13.38125,11.037133979039254,11.383922217815757,214.1,133.49937287928702,137.69394118719168,227.48125,187.63127764366732,193.52667770286786,PPG
WR,2023,00-0034960,Jakobi Meyers,16.0,12.095474525616632,13.38125,11.037133979039254,11.383922217815757,214.1,133.49937287928702,137.69394118719168,227.48125,187.63127764366732,193.52667770286786,SEASON
WR,2023,00-0034983,Hunter Renfrow,14.0,10.274806397294812,3.392857142857143,7.323408768238097,7.367909790754352,47.5,75.24660726189772,75.7038466527339,57.67857142857143,124.49794906004765,125.25446644282398,PPG
WR,2023,00-0034983,Hunter Renfrow,14.0,10.274806397294812,3.392857142857143,7.323408768238097,7.367909790754352,47.5,75.24660726189772,75.7038466527339,57.67857142857143,124.49794906004765,125.25446644282398,SEASON
WR,2023,00-0035140,Mecole Hardman,7.0,9.364472333133902,3.9571428571428573,8.419511759367651,9.46190335640842,27.700000000000003,78.84428492909392,88.60573219987346,67.27142857142857,143.13169990925007,160.85235705894314,PPG
WR,2023,00-0035140,Mecole Hardman,7.0,9.364472333133902,3.9571428571428573,8.419511759367651,9.46190335640842,27.700000000000003,78.84428492909392,88.60573219987346,67.27142857142857,143.13169990925007,160.85235705894314,SEASON
WR,2023,00-0035208,Olamide Zaccheaus,11.0,13.005808589777542,3.490909090909091,7.0104239027943605,7.0366202262554545,38.400000000000006,91.1762314129447,91.51693578163558,59.34545454545455,119.17720634750413,119.62254384634272,PPG
WR,2023,00-0035208,Olamide Zaccheaus,11.0,13.005808589777542,3.490909090909091,7.0104239027943605,7.0366202262554545,38.400000000000006,91.1762314129447,91.51693578163558,59.34545454545455,119.17720634750413,119.62254384634272,SEASON
WR,2023,00-0035215,Deonte Harty,16.0,7.543804204812083,2.25,1.2647281871762064,1.9526023441352425,36.0,9.54086181636423,14.730049774013372,38.25,21.50037918199551,33.19423985029912,PPG
WR,2023,00-0035215,Deonte Harty,16.0,7.543804204812083,2.25,1.2647281871762064,1.9526023441352425,36.0,9.54086181636423,14.730049774013372,38.25,21.50037918199551,33.19423985029912,SEASON
WR,2023,00-0035216,Diontae Johnson,13.0,13.460975621857997,11.669230769230769,10.590343521918834,10.174249356406797,151.7,142.5563559756512,136.9553225572963,198.37692307692308,180.0358398726202,172.96223905891554,PPG
WR,2023,00-0035216,Diontae Johnson,13.0,13.460975621857997,11.669230769230769,10.590343521918834,10.174249356406797,151.7,142.5563559756512,136.9553225572963,198.37692307692308,180.0358398726202,172.96223905891554,SEASON
WR,2023,00-0035298,Scott Miller,11.0,11.185140461455722,3.5545454545454547,4.501227446790234,3.8945784853695082,39.1,50.34686124130848,43.561407397021426,60.42727272727273,76.52086659543399,66.20783425128164,PPG
WR,2023,00-0035298,Scott Miller,11.0,11.185140461455722,3.5545454545454547,4.501227446790234,3.8945784853695082,39.1,50.34686124130848,43.561407397021426,60.42727272727273,76.52086659543399,66.20783425128164,SEASON
WR,2023,00-0035341,Trenton Irwin,12.0,9.819639365214357,5.133333333333334,5.621949979935195,6.01943851782097,61.60000000000001,55.20552133223771,59.10871542608236,87.26666666666668,95.57314965889832,102.3304548029565,PPG
WR,2023,00-0035341,Trenton Irwin,12.0,9.819639365214357,5.133333333333334,5.621949979935195,6.01943851782097,61.60000000000001,55.20552133223771,59.10871542608236,87.26666666666668,95.57314965889832,102.3304548029565,SEASON
WR,2023,00-0035399,Stanley Morgan,1.0,9.819639365214357,0.0,1.685697551386299,1.1317969511581158,0.0,16.552942033438352,11.113837895021826,0.0,28.656858373567083,19.24054816968797,PPG
WR,2023,00-0035399,Stanley Morgan,1.0,9.819639365214357,0.0,1.685697551386299,1.1317969511581158,0.0,16.552942033438352,11.113837895021826,0.0,28.656858373567083,19.24054816968797,SEASON
WR,2023,00-0035406,Lil'Jordan Humphrey,11.0,7.543804204812083,4.290909090909091,1.292391163598516,2.0473072985221066,47.2,9.749545894216464,15.444485407133532,72.94545454545455,21.97064978117477,34.80422407487581,PPG
WR,2023,00-0035406,Lil'Jordan Humphrey,11.0,7.543804204812083,4.290909090909091,1.292391163598516,2.0473072985221066,47.2,9.749545894216464,15.444485407133532,72.94545454545455,21.97064978117477,34.80422407487581,SEASON
WR,2023,00-0035500,Greg Dortch,16.0,13.005808589777542,4.03125,7.730535416831355,6.859066655772686,64.5,100.54186392780476,89.20770802950513,68.53125,131.41910208613302,116.60413314813567,PPG
WR,2023,00-0035500,Greg Dortch,16.0,13.005808589777542,4.03125,7.730535416831355,6.859066655772686,64.5,100.54186392780476,89.20770802950513,68.53125,131.41910208613302,116.60413314813567,SEASON
WR,2023,00-0035527,Andy Isabella,1.0,7.543804204812083,0.0,1.1707105079596831,2.04581190384502,0.0,8.831610852563946,15.433204442480676,0.0,19.902078635314613,34.778802365365344,PPG
WR,2023,00-0035527,Andy Isabella,1.0,7.543804204812083,0.0,1.1707105079596831,2.04581190384502,0.0,8.831610852563946,15.433204442480676,0.0,19.902078635314613,34.778802365365344,SEASON
WR,2023,00-0035535,Darius Slayton,17.0,11.640307493536177,8.882352941176471,8.836067033824564,9.131183492296575,151.0,102.85453730721606,106.28978363023366,151.0,150.2131395750176,155.23011936904177,PPG
WR,2023,00-0035535,Darius Slayton,17.0,11.640307493536177,8.882352941176471,8.836067033824564,9.131183492296575,151.0,102.85453730721606,106.28978363023366,151.0,150.2131395750176,155.23011936904177,SEASON
WR,2023,00-0035593,Juwann Winfree,1.0,7.0886371727316275,0.0,1.6691883598259354,2.016301283670562,0.0,11.832270655753062,14.292828230853644,0.0,28.3762021170409,34.27712182239956,PPG
WR,2023,00-0035593,Juwann Winfree,1.0,7.0886371727316275,0.0,1.6691883598259354,2.016301283670562,0.0,11.832270655753062,14.292828230853644,0.0,28.3762021170409,34.27712182239956,SEASON
WR,2023,00-0035639,Parris Campbell,10.0,13.460975621857997,3.04,8.496936022411747,8.208592371183295,30.4,114.37704865817159,110.49566179826788,51.68,144.4479123809997,139.54607031011602,PPG
WR,2023,00-0035639,Parris Campbell,10.0,13.460975621857997,3.04,8.496936022411747,8.208592371183295,30.4,114.37704865817159,110.49566179826788,51.68,144.4479123809997,139.54607031011602,SEASON
WR,2023,00-0035640,DK Metcalf,16.0,13.460975621857997,14.0875,12.139749720517194,11.70770909257048,225.4,163.4128750433394,157.59718668289645,239.4875,206.3757452487923,199.03105457369816,PPG
WR,2023,00-0035640,DK Metcalf,16.0,13.460975621857997,14.0875,12.139749720517194,11.70770909257048,225.4,163.4128750433394,157.59718668289645,239.4875,206.3757452487923,199.03105457369816,SEASON
WR,2023,00-0035645,Gunner Olszewski,12.0,12.550641557697087,-0.16666666666666666,2.530993165961564,1.969620321909318,-2.0,31.765588010964528,24.719998665039803,-2.833333333333333,43.02688382134659,33.48354547245841,PPG
WR,2023,00-0035645,Gunner Olszewski,12.0,12.550641557697087,-0.16666666666666666,2.530993165961564,1.969620321909318,-2.0,31.765588010964528,24.719998665039803,-2.833333333333333,43.02688382134659,33.48354547245841,SEASON
WR,2023,00-0035659,Terry McLaurin,17.0,13.460975621857997,11.952941176470588,12.10677010720239,11.68784199977285,203.2,162.9689372724905,157.32975623107035,203.2,205.81509182244062,198.69331399613844,PPG
WR,2023,00-0035659,Terry McLaurin,17.0,13.460975621857997,11.952941176470588,12.10677010720239,11.68784199977285,203.2,162.9689372724905,157.32975623107035,203.2,205.81509182244062,198.69331399613844,SEASON
WR,2023,00-0035662,Marquise Brown,13.0,11.185140461455722,10.36153846153846,11.304190261964086,11.487829579645988,134.7,126.43895588308825,128.49298744560622,176.14615384615382,192.17123445338947,195.2931028539818,PPG
WR,2023,00-0035662,Marquise Brown,13.0,11.185140461455722,10.36153846153846,11.304190261964086,11.487829579645988,134.7,126.43895588308825,128.49298744560622,176.14615384615382,192.17123445338947,195.2931028539818,SEASON
WR,2023,00-0035676,A.J. Brown,17.0,13.460975621857997,16.91764705882353,15.298788388284368,14.846915146256626,287.6,205.93661753866007,199.8539628435547,287.6,260.07940260083427,252.39755748636264,PPG
WR,2023,00-0035676,A.J. Brown,17.0,13.460975621857997,16.91764705882353,15.298788388284368,14.846915146256626,287.6,205.93661753866007,199.8539628435547,287.6,260.07940260083427,252.39755748636264,SEASON
WR,2023,00-0035703,Miles Boykin,8.0,10.274806397294812,0.5875,1.6050093859909969,1.4037137730806402,4.7,16.491160706898512,14.4228872556198,9.9875,27.285159561846946,23.863134142370882,PPG
WR,2023,00-0035703,Miles Boykin,8.0,10.274806397294812,0.5875,1.6050093859909969,1.4037137730806402,4.7,16.491160706898512,14.4228872556198,9.9875,27.285159561846946,23.863134142370882,SEASON
WR,2023,00-0035719,Deebo Samuel Sr.,15.0,11.640307493536177,16.18,10.470515785428411,11.847672011911042,242.7,121.88002335831116,137.91054530120695,275.06,177.99876835228298,201.41042420248772,PPG
WR,2023,00-0035719,Deebo Samuel Sr.,15.0,11.640307493536177,16.18,10.470515785428411,11.847672011911042,242.7,121.88002335831116,137.91054530120695,275.06,177.99876835228298,201.41042420248772,SEASON
WR,2023,00-0035876,Andre Baccellia,1.0,7.998971236892538,0.0,2.536829737233878,3.018393291327236,0.0,20.292028101027444,24.14404111895596,0.0,43.12610553297593,51.312685952563015,PPG
WR,2023,00-0035876,Andre Baccellia,1.0,7.998971236892538,0.0,2.536829737233878,3.018393291327236,0.0,20.292028101027444,24.14404111895596,0.0,43.12610553297593,51.312685952563015,SEASON
WR,2023,00-0036133,James Proche,10.0,10.729973429375267,0.0,2.650564943745756,2.132658402061317,0.0,28.44049141922551,22.883367988051845,0.0,45.05960404367785,36.255192835042386,PPG
WR,2023,00-0036133,James Proche,10.0,10.729973429375267,0.0,2.650564943745756,2.132658402061317,0.0,28.44049141922551,22.883367988051845,0.0,45.05960404367785,36.255192835042386,SEASON
WR,2023,00-0036165,Isaiah Hodgins,14.0,9.819639365214357,4.214285714285714,8.97094707378907,9.82654168933887,59.0,88.0914650290337,96.49309559655195,71.64285714285714,152.50610025441418,167.0512087187608,PPG
WR,2023,00-0036165,Isaiah Hodgins,14.0,9.819639365214357,4.214285714285714,8.97094707378907,9.82654168933887,59.0,88.0914650290337,96.49309559655195,71.64285714285714,152.50610025441418,167.0512087187608,SEASON
WR,2023,00-0036182,Nick Westbrook-Ikhine,13.0,13.005808589777542,6.538461538461538,5.423679777900488,5.325398728210409,85.0,70.53934104362092,69.26111652334934,111.15384615384615,92.2025562243083,90.53177837957696,PPG
WR,2023,00-0036182,Nick Westbrook-Ikhine,13.0,13.005808589777542,6.538461538461538,5.423679777900488,5.325398728210409,85.0,70.53934104362092,69.26111652334934,111.15384615384615,92.2025562243083,90.53177837957696,SEASON
WR,2023,00-0036196,Gabe Davis,16.0,12.550641557697087,10.037500000000001,10.279536680468368,10.071021232770176,160.60000000000002,129.01478025575787,126.39777761245513,170.63750000000002,174.75212356796226,171.207360957093,PPG
WR,2023,00-0036196,Gabe Davis,16.0,12.550641557697087,10.037500000000001,10.279536680468368,10.071021232770176,160.60000000000002,129.01478025575787,126.39777761245513,170.63750000000002,174.75212356796226,171.207360957093,SEASON
WR,2023,00-0036233,Donovan Peoples-Jones,14.0,13.460975621857997,2.0357142857142856,8.877337405089282,8.739276466987993,28.5,119.49762239691496,117.63918747480267,34.607142857142854,150.9147358865178,148.5676999387959,PPG
WR,2023,00-0036233,Donovan Peoples-Jones,14.0,13.460975621857997,2.0357142857142856,8.877337405089282,8.739276466987993,28.5,119.49762239691496,117.63918747480267,34.607142857142854,150.9147358865178,148.5676999387959,SEASON
WR,2023,00-0036252,Michael Pittman,16.0,13.005808589777542,15.7,12.393406982321508,12.224141092514925,251.2,161.18627898728604,158.98483922368325,266.9,210.68791869946563,207.8103985727537,PPG
WR,2023,00-0036252,Michael Pittman,16.0,13.005808589777542,15.7,12.393406982321508,12.224141092514925,251.2,161.18627898728604,158.98483922368325,266.9,210.68791869946563,207.8103985727537,SEASON
WR,2023,00-0036259,Jauan Jennings,13.0,13.005808589777542,3.9615384615384612,5.639633260265159,5.411445157239161,51.49999999999999,73.34799069955173,70.38021990913116,67.34615384615384,95.8737654245077,91.99456767306573,PPG
WR,2023,00-0036259,Jauan Jennings,13.0,13.005808589777542,3.9615384615384612,5.639633260265159,5.411445157239161,51.49999999999999,73.34799069955173,70.38021990913116,67.34615384615384,95.8737654245077,91.99456767306573,SEASON
WR,2023,00-0036261,Brandon Aiyuk,16.0,13.460975621857997,15.512500000000001,12.239558728597396,11.647929028391369,248.20000000000002,164.7564016679488,156.79248869630834,263.71250000000003,208.07249838615573,198.01479348265326,PPG
WR,2023,00-0036261,Brandon Aiyuk,16.0,13.460975621857997,15.512500000000001,12.239558728597396,11.647929028391369,248.20000000000002,164.7564016679488,156.79248869630834,263.71250000000003,208.07249838615573,198.01479348265326,SEASON
WR,2023,00-0036268,Laviska Shenault Jr.,8.0,11.640307493536177,2.6875,5.367046695131903,5.62288905912858,21.5,62.47407386350247,65.452157650297,45.6875,91.23979381724236,95.58911400518586,PPG
WR,2023,00-0036268,Laviska Shenault Jr.,8.0,11.640307493536177,2.6875,5.367046695131903,5.62288905912858,21.5,62.47407386350247,65.452157650297,45.6875,91.23979381724236,95.58911400518586,SEASON
WR,2023,00-0036271,Quez Watkins,5.0,13.460975621857997,7.04,5.368628531117633,5.157364291785536,35.2,72.26697778018577,69.42315500476603,119.68,91.26668502899976,87.67519296035411,PPG
WR,2023,00-0036271,Quez Watkins,5.0,13.460975621857997,7.04,5.368628531117633,5.157364291785536,35.2,72.26697778018577,69.42315500476603,119.68,91.26668502899976,87.67519296035411,SEASON
WR,2023,00-0036309,Darnell Mooney,14.0,10.729973429375267,5.635714285714285,8.23438781137667,8.841416780397115,78.89999999999999,88.35476242324323,94.86816713169367,95.80714285714285,139.9845927934034,150.30408526675095,PPG
WR,2023,00-0036309,Darnell Mooney,14.0,10.729973429375267,5.635714285714285,8.23438781137667,8.841416780397115,78.89999999999999,88.35476242324323,94.86816713169367,95.80714285714285,139.9845927934034,150.30408526675095,SEASON
WR,2023,00-0036322,Justin Jefferson,10.0,13.460975621857997,20.240000000000002,17.718940817141753,17.840625182222816,202.40000000000003,238.51423038468977,240.15222065660723,344.08000000000004,301.2219938914098,303.2906280977879,PPG
WR,2023,00-0036322,Justin Jefferson,10.0,13.460975621857997,20.240000000000002,17.718940817141753,17.840625182222816,202.40000000000003,238.51423038468977,240.15222065660723,344.08000000000004,301.2219938914098,303.2906280977879,SEASON
WR,2023,00-0036326,Chase Claypool,11.0,12.550641557697087,1.9727272727272727,7.630517162134803,6.896987009132695,21.7,95.7678858018099,86.56161177971774,33.53636363636363,129.71879175629164,117.24877915525582,PPG
WR,2023,00-0036326,Chase Claypool,11.0,12.550641557697087,1.9727272727272727,7.630517162134803,6.896987009132695,21.7,95.7678858018099,86.56161177971774,33.53636363636363,129.71879175629164,117.24877915525582,SEASON
WR,2023,00-0036331,Devin Duvernay,13.0,12.095474525616632,0.5615384615384615,6.595207216289922,7.082787042306939,7.3,79.77216087579774,85.66967024059116,9.546153846153846,112.11852267692868,120.40737971921796,PPG
WR,2023,00-0036331,Devin Duvernay,13.0,12.095474525616632,0.5615384615384615,6.595207216289922,7.082787042306939,7.3,79.77216087579774,85.66967024059116,9.546153846153846,112.11852267692868,120.40737971921796,SEASON
WR,2023,00-0036345,K.J. Osborn,15.0,13.460975621857997,7.933333333333334,8.587416073610598,8.302547816746516,119.0,115.59499842162379,111.7603937605352,134.86666666666667,145.98607325138016,141.14331288469077,PPG
WR,2023,00-0036345,K.J. Osborn,15.0,13.460975621857997,7.933333333333334,8.587416073610598,8.302547816746516,119.0,115.59499842162379,111.7603937605352,134.86666666666667,145.98607325138016,141.14331288469077,SEASON
WR,2023,00-0036358,CeeDee Lamb,17.0,13.460975621857997,23.541176470588237,15.31093087416163,14.872964328255634,400.20000000000005,206.10006724504265,200.2046102474127,400.20000000000005,260.2858248607477,252.8403935803458,PPG
WR,2023,00-0036358,CeeDee Lamb,17.0,13.460975621857997,23.541176470588237,15.31093087416163,14.872964328255634,400.20000000000005,206.10006724504265,200.2046102474127,400.20000000000005,260.2858248607477,252.8403935803458,SEASON
WR,2023,00-0036387,Jalen Reagor,9.0,13.460975621857997,2.5,3.0381258065289085,2.3306332056855363,22.5,40.896137417823304,31.37259676522576,42.5,51.64813871099145,39.62076449665412,PPG
WR,2023,00-0036387,Jalen Reagor,9.0,13.460975621857997,2.5,3.0381258065289085,2.3306332056855363,22.5,40.896137417823304,31.37259676522576,42.5,51.64813871099145,39.62076449665412,SEASON
WR,2023,00-0036407,Jerry Jeudy,16.0,12.550641557697087,8.8,12.398930050697292,12.139160436034315,140.8,155.61452676526068,152.35425144404456,149.60000000000002,210.78181086185396,206.36572741258334,PPG
WR,2023,00-0036407,Jerry Jeudy,16.0,12.550641557697087,8.8,12.398930050697292,12.139160436034315,140.8,155.61452676526068,152.35425144404456,149.60000000000002,210.78181086185396,206.36572741258334,SEASON
WR,2023,00-0036410,Tee Higgins,12.0,12.095474525616632,11.466666666666667,13.133322582715369,13.088114475324153,137.6,158.85376873593938,158.3069552246376,194.93333333333334,223.26648390616128,222.4979460805106,PPG
WR,2023,00-0036410,Tee Higgins,12.0,12.095474525616632,11.466666666666667,13.133322582715369,13.088114475324153,137.6,158.85376873593938,158.3069552246376,194.93333333333334,223.26648390616128,222.4979460805106,SEASON
WR,2023,00-0036415,Van Jefferson,14.0,10.274806397294812,2.95,6.89426607456031,7.278565000390371,41.300000000000004,70.83724916754487,74.78584622913709,50.150000000000006,117.20252326752527,123.7356050066363,PPG
WR,2023,00-0036415,Van Jefferson,14.0,10.274806397294812,2.95,6.89426607456031,7.278565000390371,41.300000000000004,70.83724916754487,74.78584622913709,50.150000000000006,117.20252326752527,123.7356050066363,SEASON
WR,2023,00-0036482,Mike Strachan,2.0,7.998971236892538,2.75,2.50390255182477,2.6811609042827254,5.5,20.02864449202816,21.446528954838307,46.75,42.56634338102109,45.57973537280633,PPG
WR,2023,00-0036482,Mike Strachan,2.0,7.998971236892538,2.75,2.50390255182477,2.6811609042827254,5.5,20.02864449202816,21.446528954838307,46.75,42.56634338102109,45.57973537280633,SEASON
WR,2023,00-0036497,Tim Jones,10.0,8.909305301053447,1.9300000000000002,1.7140698477912135,1.864505026596347,19.3,15.271171581302134,16.61144451729563,32.81,29.13918741245063,31.6965854521379,PPG
WR,2023,00-0036497,Tim Jones,10.0,8.909305301053447,1.9300000000000002,1.7140698477912135,1.864505026596347,19.3,15.271171581302134,16.61144451729563,32.81,29.13918741245063,31.6965854521379,SEASON
WR,2023,00-0036527,DJ Turner,7.0,7.998971236892538,0.0,1.691394339461929,1.5718145943378206,0.0,13.529414671598824,12.57289972983614,0.0,28.753703770852795,26.72084810374295,PPG
WR,2023,00-0036527,DJ Turner,7.0,7.998971236892538,0.0,1.691394339461929,1.5718145943378206,0.0,13.529414671598824,12.57289972983614,0.0,28.753703770852795,26.72084810374295,SEASON
WR,2023,00-0036550,Rashod Bateman,15.0,8.454138268972994,5.1000000000000005,7.774284591307509,8.465053593375224,76.50000000000001,65.72487687725989,71.56473353266084,86.7,132.16283805222767,143.9059110873788,PPG
WR,2023,00-0036550,Rashod Bateman,15.0,8.454138268972994,5.1000000000000005,7.774284591307509,8.465053593375224,76.50000000000001,65.72487687725989,71.56473353266084,86.7,132.16283805222767,143.9059110873788,SEASON
WR,2023,00-0036554,Nico Collins,15.0,10.274806397294812,17.293333333333333,8.79263697785344,8.945334237689362,259.4,90.34264266913945,91.91157745135096,293.9866666666667,149.4748286235085,152.07068204071916,PPG
WR,2023,00-0036554,Nico Collins,15.0,10.274806397294812,17.293333333333333,8.79263697785344,8.945334237689362,259.4,90.34264266913945,91.91157745135096,293.9866666666667,149.4748286235085,152.07068204071916,SEASON
WR,2023,00-0036613,Jaylen Waddle,14.0,13.460975621857997,14.185714285714287,13.507512840461413,12.901513780541128,198.60000000000002,181.82430105738496,173.66696248492914,241.15714285714287,229.627718287844,219.3257342691992,PPG
WR,2023,00-0036613,Jaylen Waddle,14.0,13.460975621857997,14.185714285714287,13.507512840461413,12.901513780541128,198.60000000000002,181.82430105738496,173.66696248492914,241.15714285714287,229.627718287844,219.3257342691992,SEASON
WR,2023,00-0036620,Dee Eskridge,4.0,9.819639365214357,0.125,2.3557656126864845,2.409554969770062,0.5,23.13276874555452,23.66096083380199,2.125,40.048015415670235,40.962434486091055,PPG
WR,2023,00-0036620,Dee Eskridge,4.0,9.819639365214357,0.125,2.3557656126864845,2.409554969770062,0.5,23.13276874555452,23.66096083380199,2.125,40.048015415670235,40.962434486091055,SEASON
WR,2023,00-0036626,Dyami Brown,16.0,9.819639365214357,2.175,3.9723184729521694,3.8505999534508235,34.8,39.0067348481693,37.811502882598276,36.974999999999994,67.52941404018688,65.460199208664,PPG
WR,2023,00-0036626,Dyami Brown,16.0,9.819639365214357,2.175,3.9723184729521694,3.8505999534508235,34.8,39.0067348481693,37.811502882598276,36.974999999999994,67.52941404018688,65.460199208664,SEASON
WR,2023,00-0036630,Tylan Wallace,6.0,7.998971236892538,0.35,2.1114839715388003,2.4039330507408834,2.0999999999999996,16.889699555498485,19.228991328291656,5.949999999999999,35.89522751615961,40.866861862595016,PPG
WR,2023,00-0036630,Tylan Wallace,6.0,7.998971236892538,0.35,2.1114839715388003,2.4039330507408834,2.0999999999999996,16.889699555498485,19.228991328291656,5.949999999999999,35.89522751615961,40.866861862595016,SEASON
WR,2023,00-0036635,Ihmir Smith-Marsette,17.0,7.543804204812083,1.5588235294117647,1.1857744911034838,1.6050583791944253,26.5,8.945250591945369,12.108246149935772,26.5,20.158166348759224,27.28599244630523,PPG
WR,2023,00-0036635,Ihmir Smith-Marsette,17.0,7.543804204812083,1.5588235294117647,1.1857744911034838,1.6050583791944253,26.5,8.945250591945369,12.108246149935772,26.5,20.158166348759224,27.28599244630523,SEASON
WR,2023,00-0036646,Simi Fehoko,2.0,7.0886371727316275,3.95,2.0894090612324416,2.6053592452285055,7.9,14.81106274049458,18.4684463940468,67.15,35.51995404095151,44.291107168884594,PPG
WR,2023,00-0036646,Simi Fehoko,2.0,7.0886371727316275,3.95,2.0894090612324416,2.6053592452285055,7.9,14.81106274049458,18.4684463940468,67.15,35.51995404095151,44.291107168884594,SEASON
WR,2023,00-0036849,Tutu Atwell,14.0,11.185140461455722,7.885714285714285,4.556225346834914,5.780395713088351,110.39999999999999,50.96202047839333,64.65453797368973,134.05714285714285,77.45583089619353,98.26672712250198,PPG
WR,2023,00-0036849,Tutu Atwell,14.0,11.185140461455722,7.885714285714285,4.556225346834914,5.780395713088351,110.39999999999999,50.96202047839333,64.65453797368973,134.05714285714285,77.45583089619353,98.26672712250198,SEASON
WR,2023,00-0036862,Ben Skowronek,13.0,12.095474525616632,1.653846153846154,4.424961074163737,6.19876550534649,21.5,53.52200394939269,74.97701026018957,28.115384615384617,75.22433826078353,105.37901359089032,PPG
WR,2023,00-0036862,Ben Skowronek,13.0,12.095474525616632,1.653846153846154,4.424961074163737,6.19876550534649,21.5,53.52200394939269,74.97701026018957,28.115384615384617,75.22433826078353,105.37901359089032,SEASON
WR,2023,00-0036877,Jaelon Darden,1.0,12.095474525616632,0.0,2.0455743717442854,1.390487714210832,0.0,24.74219270368725,16.81860872542002,0.0,34.77476431965285,23.638291141584144,PPG
WR,2023,00-0036877,Jaelon Darden,1.0,12.095474525616632,0.0,2.0455743717442854,1.390487714210832,0.0,24.74219270368725,16.81860872542002,0.0,34.77476431965285,23.638291141584144,SEASON
WR,2023,00-0036900,Ja'Marr Chase,16.0,11.185140461455722,16.4125,16.619143098287964,16.819150049164918,262.6,185.88744990338333,188.1245557422095,279.01250000000005,282.5254326708954,285.9255508358036,PPG
WR,2023,00-0036900,Ja'Marr Chase,16.0,11.185140461455722,16.4125,16.619143098287964,16.819150049164918,262.6,185.88744990338333,188.1245557422095,279.01250000000005,282.5254326708954,285.9255508358036,SEASON
WR,2023,00-0036912,DeVonta Smith,16.0,13.460975621857997,14.162500000000001,13.485726577575093,13.304346167471996,226.60000000000002,181.5310367037808,179.08947942510042,240.76250000000002,229.25735181877658,226.17388484702394,PPG
WR,2023,00-0036912,DeVonta Smith,16.0,13.460975621857997,14.162500000000001,13.485726577575093,13.304346167471996,226.60000000000002,181.5310367037808,179.08947942510042,240.76250000000002,229.25735181877658,226.17388484702394,SEASON
WR,2023,00-0036913,Kadarius Toney,13.0,9.819639365214357,4.000000000000001,5.221186796068358,6.115247948504804,52.000000000000014,51.27017139581027,60.04952948318411,68.00000000000001,88.76017553316208,103.95921512458166,PPG
WR,2023,00-0036913,Kadarius Toney,13.0,9.819639365214357,4.000000000000001,5.221186796068358,6.115247948504804,52.000000000000014,51.27017139581027,60.04952948318411,68.00000000000001,88.76017553316208,103.95921512458166,SEASON
WR,2023,00-0036936,Rondale Moore,17.0,9.364472333133902,6.11764705882353,9.258439826196176,10.00016422556407,104.00000000000001,86.70040360039914,93.64626121709016,104.00000000000001,157.39347704533498,170.0027918345892,PPG
WR,2023,00-0036936,Rondale Moore,17.0,9.364472333133902,6.11764705882353,9.258439826196176,10.00016422556407,104.00000000000001,86.70040360039914,93.64626121709016,104.00000000000001,157.39347704533498,170.0027918345892,SEASON
WR,2023,00-0036955,Terrace Marshall Jr.,8.0,11.640307493536177,3.9875,6.581579061595374,6.2387237381906715,31.9,76.61160406998943,72.6206626797629,67.7875,111.88684404712136,106.05830354924142,PPG
WR,2023,00-0036955,Terrace Marshall Jr.,8.0,11.640307493536177,3.9875,6.581579061595374,6.2387237381906715,31.9,76.61160406998943,72.6206626797629,67.7875,111.88684404712136,106.05830354924142,SEASON
WR,2023,00-0036959,Michael Bandy,1.0,9.364472333133902,0.0,2.935268201217656,3.1256639226261798,0.0,27.487237860630454,29.270193326107645,0.0,49.89955942070015,53.13628668464506,PPG
WR,2023,00-0036959,Michael Bandy,1.0,9.364472333133902,0.0,2.935268201217656,3.1256639226261798,0.0,27.487237860630454,29.270193326107645,0.0,49.89955942070015,53.13628668464506,SEASON
WR,2023,00-0036963,Amon-Ra St. Brown,16.0,13.005808589777542,20.61875,14.742782712089907,14.363053188198156,329.9,191.74181003412278,186.8031205304993,350.51874999999995,250.62730610552842,244.17190419936867,PPG
WR,2023,00-0036963,Amon-Ra St. Brown,16.0,13.005808589777542,20.61875,14.742782712089907,14.363053188198156,329.9,191.74181003412278,186.8031205304993,350.51874999999995,250.62730610552842,244.17190419936867,SEASON
WR,2023,00-0036980,Elijah Moore,16.0,12.095474525616632,8.13125,6.289969323169241,6.298182035742872,130.1,76.08016371530364,76.17950037102422,138.23125,106.9294784938771,107.06909460762883,PPG
WR,2023,00-0036980,Elijah Moore,16.0,12.095474525616632,8.13125,6.289969323169241,6.298182035742872,130.1,76.08016371530364,76.17950037102422,138.23125,106.9294784938771,107.06909460762883,SEASON
WR,2023,00-0036988,Josh Palmer,10.0,13.005808589777542,10.57,9.608659004133164,9.154369643396242,105.7,124.96837981219844,119.05997934208162,179.69,163.3472030702638,155.62428393773612,PPG
WR,2023,00-0036988,Josh Palmer,10.0,13.005808589777542,10.57,9.608659004133164,9.154369643396242,105.7,124.96837981219844,119.05997934208162,179.69,163.3472030702638,155.62428393773612,SEASON
WR,2023,00-0036991,Amari Rodgers,1.0,12.550641557697087,0.0,3.752679510781514,3.6323994221827607,0.0,47.098535420732844,45.58894314220184,0.0,63.79555168328574,61.75079017710693,PPG
WR,2023,00-0036991,Amari Rodgers,1.0,12.550641557697087,0.0,3.752679510781514,3.6323994221827607,0.0,47.098535420732844,45.58894314220184,0.0,63.79555168328574,61.75079017710693,SEASON
WR,2023,00-0037093,Dareke Young,1.0,8.454138268972994,0.0,1.345815749253569,1.6813347710637718,0.0,11.37771242875116,14.21423663100518,0.0,22.87886773731067,28.58269110808412,PPG
WR,2023,00-0037093,Dareke Young,1.0,8.454138268972994,0.0,1.345815749253569,1.6813347710637718,0.0,11.37771242875116,14.21423663100518,0.0,22.87886773731067,28.58269110808412,SEASON
WR,2023,00-0037098,Samori Toure,8.0,7.543804204812083,2.225,3.916659845152372,4.807996077278723,17.8,29.546515008679105,36.27058102449523,37.825,66.58321736759032,81.73593331373829,PPG
WR,2023,00-0037098,Samori Toure,8.0,7.543804204812083,2.225,3.916659845152372,4.807996077278723,17.8,29.546515008679105,36.27058102449523,37.825,66.58321736759032,81.73593331373829,SEASON
WR,2023,00-0037132,Britain Covey,15.0,13.460975621857997,0.5466666666666666,2.3032680204250267,1.1317969511581158,8.2,31.004234673546414,15.235091168432604,9.293333333333333,39.155556347225456,19.24054816968797,PPG
WR,2023,00-0037132,Britain Covey,15.0,13.460975621857997,0.5466666666666666,2.3032680204250267,1.1317969511581158,8.2,31.004234673546414,15.235091168432604,9.293333333333333,39.155556347225456,19.24054816968797,SEASON
WR,2023,00-0037238,Drake London,16.0,13.460975621857997,10.84375,10.521702269209452,10.293836939096225,173.5,141.6323777462764,138.56508809255564,184.34375,178.86893857656068,174.99522796463583,PPG
WR,2023,00-0037238,Drake London,16.0,13.460975621857997,10.84375,10.521702269209452,10.293836939096225,173.5,141.6323777462764,138.56508809255564,184.34375,178.86893857656068,174.99522796463583,SEASON
WR,2023,00-0037239,Chris Olave,16.0,12.550641557697087,14.45625,12.449264877133313,11.69413043162533,231.3,156.24626112972808,146.76883937628705,245.75625000000002,211.63750291126632,198.8002173376306,PPG
WR,2023,00-0037239,Chris Olave,16.0,12.550641557697087,14.45625,12.449264877133313,11.69413043162533,231.3,156.24626112972808,146.76883937628705,245.75625000000002,211.63750291126632,198.8002173376306,SEASON
WR,2023,00-0037240,Jameson Williams,12.0,8.454138268972994,6.608333333333333,3.7266634603982407,3.119659201826354,79.3,31.50572817613609,26.37403024431392,112.34166666666667,63.353278826770094,53.03420643104801,PPG
WR,2023,00-0037240,Jameson Williams,12.0,8.454138268972994,6.608333333333333,3.7266634603982407,3.119659201826354,79.3,31.50572817613609,26.37403024431392,112.34166666666667,63.353278826770094,53.03420643104801,SEASON
WR,2023,00-0037247,George Pickens,17.0,13.460975621857997,12.105882352941178,8.869471640751714,8.74892902502183,205.8,119.39174153491967,117.76912032318472,205.8,150.78101789277915,148.7317934253711,PPG
WR,2023,00-0037247,George Pickens,17.0,13.460975621857997,12.105882352941178,8.869471640751714,8.74892902502183,205.8,119.39174153491967,117.76912032318472,205.8,150.78101789277915,148.7317934253711,SEASON
WR,2023,00-0037257,David Bell,9.0,12.550641557697087,5.411111111111111,3.9244203547425633,3.557107897668464,48.7,49.25399319410436,44.64398620569034,91.9888888888889,66.71514603062357,60.47083426036389,PPG
WR,2023,00-0037257,David Bell,9.0,12.550641557697087,5.411111111111111,3.9244203547425633,3.557107897668464,48.7,49.25399319410436,44.64398620569034,91.9888888888889,66.71514603062357,60.47083426036389,SEASON
WR,2023,00-0037261,Khalil Shakir,16.0,10.274806397294812,7.06875,3.7498897578971015,3.663966689700978,113.1,38.529391273591436,37.64654838281471,120.16874999999999,63.748125884250726,62.287433724916625,PPG
WR,2023,00-0037261,Khalil Shakir,16.0,10.274806397294812,7.06875,3.7498897578971015,3.663966689700978,113.1,38.529391273591436,37.64654838281471,120.16874999999999,63.748125884250726,62.287433724916625,SEASON
WR,2023,00-0037272,Montrell Washington,4.0,12.550641557697087,0.0,2.117462213724666,1.6270880211326975,0.0,26.575509256426066,20.420998536059148,0.0,35.99685763331932,27.660496359255855,PPG
WR,2023,00-0037272,Montrell Washington,4.0,12.550641557697087,0.0,2.117462213724666,1.6270880211326975,0.0,26.575509256426066,20.420998536059148,0.0,35.99685763331932,27.660496359255855,SEASON
WR,2023,00-0037273,Kyle Philips,8.0,7.543804204812083,4.1375,4.0439518180898055,4.538160672593718,33.1,30.506780729363342,34.23499556402532,70.3375,68.7471809075267,77.14873143409321,PPG
WR,2023,00-0037273,Kyle Philips,8.0,7.543804204812083,4.1375,4.0439518180898055,4.538160672593718,33.1,30.506780729363342,34.23499556402532,70.3375,68.7471809075267,77.14873143409321,SEASON
WR,2023,00-0037291,Jalen Nailor,3.0,9.364472333133902,1.9666666666666668,4.179219206061683,4.209097895562263,5.9,39.136182629266465,39.41598079044495,33.43333333333334,71.04672650304862,71.55466422455848,PPG
WR,2023,00-0037291,Jalen Nailor,3.0,9.364472333133902,1.9666666666666668,4.179219206061683,4.209097895562263,5.9,39.136182629266465,39.41598079044495,33.43333333333334,71.04672650304862,71.55466422455848,SEASON
WR,2023,00-0037382,Brandon Johnson,10.0,7.998971236892538,7.34,2.774730875824392,3.6278690998520373,73.4,22.19499246583695,29.01922058092767,124.78,47.17042488901466,61.67377469748463,PPG
WR,2023,00-0037382,Brandon Johnson,10.0,7.998971236892538,7.34,2.774730875824392,3.6278690998520373,73.4,22.19499246583695,29.01922058092767,124.78,47.17042488901466,61.67377469748463,SEASON
WR,2023,00-0037487,Deven Thompkins,17.0,7.998971236892538,1.9941176470588238,2.7133516278815737,2.807033967820945,33.900000000000006,21.70402162700025,22.45338396958007,33.900000000000006,46.12697767398675,47.71957745295606,PPG
WR,2023,00-0037487,Deven Thompkins,17.0,7.998971236892538,1.9941176470588238,2.7133516278815737,2.807033967820945,33.900000000000006,21.70402162700025,22.45338396958007,33.900000000000006,46.12697767398675,47.71957745295606,SEASON
WR,2023,00-0037545,Rashid Shaheed,15.0,11.185140461455722,10.106666666666666,7.209280941043759,8.132757169863044,151.6,80.63681995167013,90.96603128382927,171.8133333333333,122.5577759977439,138.25687188767176,PPG
WR,2023,00-0037545,Rashid Shaheed,15.0,11.185140461455722,10.106666666666666,7.209280941043759,8.132757169863044,151.6,80.63681995167013,90.96603128382927,171.8133333333333,122.5577759977439,138.25687188767176,SEASON
WR,2023,00-0037664,Alec Pierce,17.0,13.005808589777542,5.6117647058823525,7.167992360254706,6.936726755642366,95.39999999999999,93.22553661046045,90.21774042347319,95.39999999999999,121.85587012433,117.92435484592022,PPG
WR,2023,00-0037664,Alec Pierce,17.0,13.005808589777542,5.6117647058823525,7.167992360254706,6.936726755642366,95.39999999999999,93.22553661046045,90.21774042347319,95.39999999999999,121.85587012433,117.92435484592022,SEASON
WR,2023,00-0037666,Jalen Tolbert,14.0,7.0886371727316275,4.3428571428571425,1.349517976698452,2.0427075174759457,60.8,9.566243294894221,14.48001244139833,73.82857142857142,22.941805603873682,34.72602779709108,PPG
WR,2023,00-0037666,Jalen Tolbert,14.0,7.0886371727316275,4.3428571428571425,1.349517976698452,2.0427075174759457,60.8,9.566243294894221,14.48001244139833,73.82857142857142,22.941805603873682,34.72602779709108,SEASON
WR,2023,00-0037740,Garrett Wilson,17.0,13.460975621857997,12.423529411764706,11.8749991316452,11.446186522079604,211.20000000000002,159.84907382066092,154.0768377369531,211.20000000000002,201.87498523796842,194.58517087535327,PPG
WR,2023,00-0037740,Garrett Wilson,17.0,13.460975621857997,12.423529411764706,11.8749991316452,11.446186522079604,211.20000000000002,159.84907382066092,154.0768377369531,211.20000000000002,201.87498523796842,194.58517087535327,SEASON
WR,2023,00-0037741,Jahan Dotson,17.0,11.185140461455722,7.341176470588235,8.950668066808744,9.58185675461886,124.8,100.11447955112214,107.17441368196022,124.8,152.16135713574863,162.89156482852061,PPG
WR,2023,00-0037741,Jahan Dotson,17.0,11.185140461455722,7.341176470588235,8.950668066808744,9.58185675461886,124.8,100.11447955112214,107.17441368196022,124.8,152.16135713574863,162.89156482852061,SEASON
WR,2023,00-0037742,Treylon Burks,9.0,10.729973429375267,4.433333333333334,7.582576809159512,7.575994884300279,39.900000000000006,81.36084768847866,81.29022380962495,75.36666666666667,128.90380575571172,128.79191303310475,PPG
WR,2023,00-0037742,Treylon Burks,9.0,10.729973429375267,4.433333333333334,7.582576809159512,7.575994884300279,39.900000000000006,81.36084768847866,81.29022380962495,75.36666666666667,128.90380575571172,128.79191303310475,SEASON
WR,2023,00-0037745,Velus Jones Jr.,13.0,10.729973429375267,0.8538461538461539,3.3958643743995154,3.9641242648376536,11.100000000000001,36.43753450706886,42.53494803244979,14.515384615384617,57.72969436479176,67.39011250224011,PPG
WR,2023,00-0037745,Velus Jones Jr.,13.0,10.729973429375267,0.8538461538461539,3.3958643743995154,3.9641242648376536,11.100000000000001,36.43753450706886,42.53494803244979,14.515384615384617,57.72969436479176,67.39011250224011,SEASON
WR,2023,00-0037801,KaVontae Turpin,16.0,13.460975621857997,3.66875,2.1638325983088906,1.2996756827675169,58.7,29.127297855617627,17.494902682055194,62.368750000000006,36.78515417125114,22.094486607047788,PPG
WR,2023,00-0037801,KaVontae Turpin,16.0,13.460975621857997,3.66875,2.1638325983088906,1.2996756827675169,58.7,29.127297855617627,17.494902682055194,62.368750000000006,36.78515417125114,22.094486607047788,SEASON
WR,2023,00-0037816,Romeo Doubs,17.0,11.640307493536177,10.2,7.735188035460385,7.0841679724487365,173.39999999999998,90.0399672530809,82.46189353516401,173.39999999999998,131.49819660282654,120.43085553162852,PPG
WR,2023,00-0037816,Romeo Doubs,17.0,11.640307493536177,10.2,7.735188035460385,7.0841679724487365,173.39999999999998,90.0399672530809,82.46189353516401,173.39999999999998,131.49819660282654,120.43085553162852,SEASON
WR,2023,00-0038090,Skyy Moore,13.0,13.005808589777542,4.130769230769231,4.215875714562361,3.5369358263244783,53.7,54.830872581889686,46.00071035150283,70.22307692307693,71.66988714756013,60.127909047516134,PPG
WR,2023,00-0038090,Skyy Moore,13.0,13.005808589777542,4.130769230769231,4.215875714562361,3.5369358263244783,53.7,54.830872581889686,46.00071035150283,70.22307692307693,71.66988714756013,60.127909047516134,SEASON
WR,2023,00-0038104,Tyquan Thornton,9.0,11.185140461455722,3.0222222222222226,4.806928883606797,5.822874026187331,27.200000000000003,53.76617475137056,65.1296638722675,51.37777777777779,81.71779102131555,98.98885844518463,PPG
WR,2023,00-0038104,Tyquan Thornton,9.0,11.185140461455722,3.0222222222222226,4.806928883606797,5.822874026187331,27.200000000000003,53.76617475137056,65.1296638722675,51.37777777777779,81.71779102131555,98.98885844518463,SEASON
WR,2023,00-0038117,Wan'Dale Robinson,15.0,8.454138268972994,8.88,7.393806435056671,8.288187258125863,133.20000000000002,62.508261935991385,70.0694810793362,150.96,125.69470939596341,140.89918338813968,PPG
WR,2023,00-0038117,Wan'Dale Robinson,15.0,8.454138268972994,8.88,7.393806435056671,8.288187258125863,133.20000000000002,62.508261935991385,70.0694810793362,150.96,125.69470939596341,140.89918338813968,SEASON
WR,2023,00-0038124,Christian Watson,9.0,12.095474525616632,11.255555555555555,9.41920166208839,10.126431523065751,101.3,113.92971375543597,122.48399452264303,191.34444444444443,160.12642825550265,172.14933589211776,PPG
WR,2023,00-0038124,Christian Watson,9.0,12.095474525616632,11.255555555555555,9.41920166208839,10.126431523065751,101.3,113.92971375543597,122.48399452264303,191.34444444444443,160.12642825550265,172.14933589211776,SEASON
WR,2024,00-0030035,Adam Thielen,10.0,13.55116824453052,13.95,12.283784081884903,11.890385829583337,139.5,166.4596247731082,161.1286188690654,237.14999999999998,208.82432939204335,202.13655910291675,PPG
WR,2024,00-0030035,Adam Thielen,10.0,13.55116824453052,13.95,12.283784081884903,11.890385829583337,139.5,166.4596247731082,161.1286188690654,237.14999999999998,208.82432939204335,202.13655910291675,SEASON
WR,2024,00-0030279,Keenan Allen,15.0,11.749530331303522,12.360000000000001,17.994755326906184,18.128123287901666,185.4,211.4299235178698,212.99693442081033,210.12000000000003,305.9108405574051,308.1780958943283,PPG
WR,2024,00-0030279,Keenan Allen,15.0,11.749530331303522,12.360000000000001,17.994755326906184,18.128123287901666,185.4,211.4299235178698,212.99693442081033,210.12000000000003,305.9108405574051,308.1780958943283,SEASON
WR,2024,00-0030431,Robert Woods,14.0,12.199939809610271,2.5214285714285714,6.116037172020041,6.057963165698732,35.3,74.61528537198352,73.90678599036062,42.864285714285714,103.9726319243407,102.98537381687845,PPG
WR,2024,00-0030431,Robert Woods,14.0,12.199939809610271,2.5214285714285714,6.116037172020041,6.057963165698732,35.3,74.61528537198352,73.90678599036062,42.864285714285714,103.9726319243407,102.98537381687845,SEASON
WR,2024,00-0030564,DeAndre Hopkins,16.0,13.55116824453052,9.1875,12.484027137061807,11.648313357095528,147.0,169.17315210360923,157.8482540670136,156.1875,212.22846133005072,198.02132707062398,PPG
WR,2024,00-0030564,DeAndre Hopkins,16.0,13.55116824453052,9.1875,12.484027137061807,11.648313357095528,147.0,169.17315210360923,157.8482540670136,156.1875,212.22846133005072,198.02132707062398,SEASON
WR,2024,00-0031235,Odell Beckham Jr.,8.0,12.199939809610271,1.8125,7.565201795108639,7.188740338324072,14.5,92.29500654788097,87.70219943447105,30.8125,128.60843051684688,122.20858575150922,PPG
WR,2024,00-0031235,Odell Beckham Jr.,8.0,12.199939809610271,1.8125,7.565201795108639,7.188740338324072,14.5,92.29500654788097,87.70219943447105,30.8125,128.60843051684688,122.20858575150922,SEASON
WR,2024,00-0031236,Brandin Cooks,10.0,13.100758766223771,6.99,9.281706041588171,9.091663977846716,69.9,121.59739178984837,119.10769655733625,118.83,157.7890027069989,154.55828762339416,PPG
WR,2024,00-0031236,Brandin Cooks,10.0,13.100758766223771,6.99,9.281706041588171,9.091663977846716,69.9,121.59739178984837,119.10769655733625,118.83,157.7890027069989,154.55828762339416,SEASON
WR,2024,00-0031381,Davante Adams,14.0,13.55116824453052,17.235714285714288,14.376082557977677,13.690089283757754,241.3,194.8127134404162,185.51670316684564,293.00714285714287,244.3934034856205,232.7315178238818,PPG
WR,2024,00-0031381,Davante Adams,14.0,13.55116824453052,17.235714285714288,14.376082557977677,13.690089283757754,241.3,194.8127134404162,185.51670316684564,293.00714285714287,244.3934034856205,232.7315178238818,SEASON
WR,2024,00-0031408,Mike Evans,14.0,13.55116824453052,17.17142857142857,14.481272118572779,13.706046072992677,240.39999999999998,196.23815487360866,185.73293630241062,291.9142857142857,246.18162601573724,233.00278324087552,PPG
WR,2024,00-0031408,Mike Evans,14.0,13.55116824453052,17.17142857142857,14.481272118572779,13.706046072992677,240.39999999999998,196.23815487360866,185.73293630241062,291.9142857142857,246.18162601573724,233.00278324087552,SEASON
WR,2024,00-0031428,Allen Robinson,6.0,12.65034928791702,1.0,4.599213787849513,4.43722231378001,6.0,58.18166086610023,56.13241213745646,17.0,78.18663439344172,75.43277933426018,PPG
WR,2024,00-0031428,Allen Robinson,6.0,12.65034928791702,1.0,4.599213787849513,4.43722231378001,6.0,58.18166086610023,56.13241213745646,17.0,78.18663439344172,75.43277933426018,SEASON
WR,2024,00-0031544,Amari Cooper,13.0,12.65034928791702,9.438461538461539,13.948265677069308,13.07800021621445,122.7,176.45043277559114,165.4412707225671,160.45384615384614,237.12051651017825,222.32600367564567,PPG
WR,2024,00-0031544,Amari Cooper,13.0,12.65034928791702,9.438461538461539,13.948265677069308,13.07800021621445,122.7,176.45043277559114,165.4412707225671,160.45384615384614,237.12051651017825,222.32600367564567,SEASON
WR,2024,00-0031549,Nelson Agholor,13.0,13.100758766223771,3.776923076923077,5.525901964229436,5.526089893213356,49.1,72.39350859917194,72.39597061145547,64.20769230769231,93.94033339190041,93.94352818462706,PPG
WR,2024,00-0031549,Nelson Agholor,13.0,13.100758766223771,3.776923076923077,5.525901964229436,5.526089893213356,49.1,72.39350859917194,72.39597061145547,64.20769230769231,93.94033339190041,93.94352818462706,SEASON
WR,2024,00-0031588,Stefon Diggs,8.0,13.55116824453052,15.174999999999999,14.86000159614892,13.888816030540395,121.39999999999999,201.37038174340609,188.20968274718544,257.97499999999997,252.62002713453163,236.10987251918672,PPG
WR,2024,00-0031588,Stefon Diggs,8.0,13.55116824453052,15.174999999999999,14.86000159614892,13.888816030540395,121.39999999999999,201.37038174340609,188.20968274718544,257.97499999999997,252.62002713453163,236.10987251918672,SEASON
WR,2024,00-0031763,DeAndre Carter,13.0,13.55116824453052,1.2461538461538462,2.7723203660740694,1.2481695866626914,16.2,37.56817970840816,16.91415606657225,21.184615384615384,47.12944622325918,21.218882973265753,PPG
WR,2024,00-0031763,DeAndre Carter,13.0,13.55116824453052,1.2461538461538462,2.7723203660740694,1.2481695866626914,16.2,37.56817970840816,16.91415606657225,21.184615384615384,47.12944622325918,21.218882973265753,SEASON
WR,2024,00-0031941,Jamison Crowder,5.0,13.100758766223771,5.640000000000001,3.3250572345870757,2.5888558858177686,28.200000000000003,43.560772714212405,33.915976440617136,95.88000000000001,56.52597298798029,44.01055005890207,PPG
WR,2024,00-0031941,Jamison Crowder,5.0,13.100758766223771,5.640000000000001,3.3250572345870757,2.5888558858177686,28.200000000000003,43.560772714212405,33.915976440617136,95.88000000000001,56.52597298798029,44.01055005890207,SEASON
WR,2024,00-0032211,Tyler Lockett,17.0,13.55116824453052,7.117647058823529,11.032277924579422,10.500810583706977,121.0,149.50025427639574,142.29825092376,121.0,187.54872471785018,178.5137799230186,PPG
WR,2024,00-0032211,Tyler Lockett,17.0,13.55116824453052,7.117647058823529,11.032277924579422,10.500810583706977,121.0,149.50025427639574,142.29825092376,121.0,187.54872471785018,178.5137799230186,SEASON
WR,2024,00-0032385,Sterling Shepard,13.0,10.398301896383272,6.176923076923077,3.110827247187167,2.8081882824411046,80.3,32.34732086374707,29.20038954270862,105.00769230769231,52.88406320218184,47.73920080149878,PPG
WR,2024,00-0032385,Sterling Shepard,13.0,10.398301896383272,6.176923076923077,3.110827247187167,2.8081882824411046,80.3,32.34732086374707,29.20038954270862,105.00769230769231,52.88406320218184,47.73920080149878,SEASON
WR,2024,00-0032464,Kalif Raymond,12.0,13.55116824453052,4.208333333333334,6.511650503710179,5.496272170735892,50.50000000000001,88.24047152535854,74.48090890337306,71.54166666666667,110.69805856307303,93.43662690251017,PPG
WR,2024,00-0032464,Kalif Raymond,12.0,13.55116824453052,4.208333333333334,6.511650503710179,5.496272170735892,50.50000000000001,88.24047152535854,74.48090890337306,71.54166666666667,110.69805856307303,93.43662690251017,SEASON
WR,2024,00-0032543,Alex Erickson,3.0,9.497482939769771,0.0,5.051972810244999,5.6024551917965555,0.0,47.981025577482626,53.20922260491237,0.0,85.88353777416499,95.24173826054144,PPG
WR,2024,00-0032543,Alex Erickson,3.0,9.497482939769771,0.0,5.051972810244999,5.6024551917965555,0.0,47.981025577482626,53.20922260491237,0.0,85.88353777416499,95.24173826054144,SEASON
WR,2024,00-0032688,Robbie Chosen,1.0,8.596663983156272,1.5,3.1179387237779816,3.7030912773968527,1.5,26.80387152839041,31.834231410737676,25.5,53.00495830422569,62.952551715746495,PPG
WR,2024,00-0032688,Robbie Chosen,1.0,8.596663983156272,1.5,3.1179387237779816,3.7030912773968527,1.5,26.80387152839041,31.834231410737676,25.5,53.00495830422569,62.952551715746495,SEASON
WR,2024,00-0032775,Demarcus Robinson,17.0,9.497482939769771,7.264705882352941,9.48298348824627,9.385789332001725,123.5,90.06447389773737,89.14137405695949,123.5,161.21071930018658,159.55841864402933,PPG
WR,2024,00-0032775,Demarcus Robinson,17.0,9.497482939769771,7.264705882352941,9.48298348824627,9.385789332001725,123.5,90.06447389773737,89.14137405695949,123.5,161.21071930018658,159.55841864402933,SEASON
WR,2024,00-0033009,Tyler Boyd,15.0,13.55116824453052,5.22,8.106528825845533,7.79128654206413,78.3,109.85293599816927,105.58103477285745,88.74,137.81099003937408,132.45187121509022,PPG
WR,2024,00-0033009,Tyler Boyd,15.0,13.55116824453052,5.22,8.106528825845533,7.79128654206413,78.3,109.85293599816927,105.58103477285745,88.74,137.81099003937408,132.45187121509022,SEASON
WR,2024,00-0033040,Tyreek Hill,17.0,13.100758766223771,12.83529411764706,20.727455537689938,19.391916010132242,218.20000000000002,271.5453948369049,254.04881366361508,218.20000000000002,352.36674414072894,329.66257217224813,PPG
WR,2024,00-0033040,Tyreek Hill,17.0,13.100758766223771,12.83529411764706,20.727455537689938,19.391916010132242,218.20000000000002,271.5453948369049,254.04881366361508,218.20000000000002,352.36674414072894,329.66257217224813,SEASON
WR,2024,00-0033251,Zach Pascal,3.0,10.398301896383272,0.0,1.8554593834977229,1.3646477413261735,0.0,19.29362682608651,14.190019196527098,0.0,31.54280951946129,23.19901160254495,PPG
WR,2024,00-0033251,Zach Pascal,3.0,10.398301896383272,0.0,1.8554593834977229,1.3646477413261735,0.0,19.29362682608651,14.190019196527098,0.0,31.54280951946129,23.19901160254495,SEASON
WR,2024,00-0033282,Curtis Samuel,14.0,13.100758766223771,4.55,8.680862581969826,8.833331659912652,63.699999999999996,113.72588656912512,115.72334717856265,77.35,147.57466389348704,150.1666382185151,PPG
WR,2024,00-0033282,Curtis Samuel,14.0,13.100758766223771,4.55,8.680862581969826,8.833331659912652,63.699999999999996,113.72588656912512,115.72334717856265,77.35,147.57466389348704,150.1666382185151,SEASON
WR,2024,00-0033292,Trent Taylor,2.0,12.65034928791702,1.05,1.6674935947085638,0.807980493298449,2.1,21.094376408427674,10.221235458048877,17.85,28.347391110045585,13.735668386073634,PPG
WR,2024,00-0033292,Trent Taylor,2.0,12.65034928791702,1.05,1.6674935947085638,0.807980493298449,2.1,21.094376408427674,10.221235458048877,17.85,28.347391110045585,13.735668386073634,SEASON
WR,2024,00-0033307,Kendrick Bourne,12.0,9.497482939769771,5.425,10.080929320369167,10.777189258950472,65.1,95.74345423723103,102.35617112555212,92.225,171.37579844627584,183.21221740215802,PPG
WR,2024,00-0033307,Kendrick Bourne,12.0,9.497482939769771,5.425,10.080929320369167,10.777189258950472,65.1,95.74345423723103,102.35617112555212,92.225,171.37579844627584,183.21221740215802,SEASON
WR,2024,00-0033536,Mike Williams,14.0,7.2454355482360215,4.057142857142857,13.215011212754284,14.396365816118355,56.8,95.7485120112275,104.30794064951381,68.97142857142856,224.65519061682284,244.73821887401203,PPG
WR,2024,00-0033536,Mike Williams,14.0,7.2454355482360215,4.057142857142857,13.215011212754284,14.396365816118355,56.8,95.7485120112275,104.30794064951381,68.97142857142856,224.65519061682284,244.73821887401203,SEASON
WR,2024,00-0033555,Mack Hollins,17.0,11.299120852996772,5.811764705882353,4.315212728852964,3.840473560318131,98.8,48.758110129699624,43.39397489077335,98.8,73.35861639050039,65.28805052540822,PPG
WR,2024,00-0033555,Mack Hollins,17.0,11.299120852996772,5.811764705882353,4.315212728852964,3.840473560318131,98.8,48.758110129699624,43.39397489077335,98.8,73.35861639050039,65.28805052540822,SEASON
WR,2024,00-0033589,David Moore,15.0,8.596663983156272,5.673333333333334,2.478360361969711,3.416505498785944,85.10000000000001,21.305631261027155,29.37054976966848,96.44666666666667,42.13212615348509,58.08059347936105,PPG
WR,2024,00-0033589,David Moore,15.0,8.596663983156272,5.673333333333334,2.478360361969711,3.416505498785944,85.10000000000001,21.305631261027155,29.37054976966848,96.44666666666667,42.13212615348509,58.08059347936105,SEASON
WR,2024,00-0033591,Noah Brown,11.0,10.398301896383272,7.845454545454546,8.957386181904988,9.302046111145716,86.3,93.14160572193995,96.72548371777113,133.37272727272727,152.2755650923848,158.13478388947718,PPG
WR,2024,00-0033591,Noah Brown,11.0,10.398301896383272,7.845454545454546,8.957386181904988,9.302046111145716,86.3,93.14160572193995,96.72548371777113,133.37272727272727,152.2755650923848,158.13478388947718,SEASON
WR,2024,00-0033857,JuJu Smith-Schuster,11.0,10.848711374690021,4.827272727272728,5.019105298039505,5.392583636959938,53.10000000000001,54.45082473760812,58.502583441254565,82.06363636363638,85.32479006667158,91.67392182831895,PPG
WR,2024,00-0033857,JuJu Smith-Schuster,11.0,10.848711374690021,4.827272727272728,5.019105298039505,5.392583636959938,53.10000000000001,54.45082473760812,58.502583441254565,82.06363636363638,85.32479006667158,91.67392182831895,SEASON
WR,2024,00-0033891,Zay Jones,6.0,9.947892418076522,2.7333333333333334,7.658395174055573,7.950903077996741,16.4,76.18489128662127,79.09472844646507,46.46666666666667,130.19271795894474,135.16535232594458,PPG
WR,2024,00-0033891,Zay Jones,6.0,9.947892418076522,2.7333333333333334,7.658395174055573,7.950903077996741,16.4,76.18489128662127,79.09472844646507,46.46666666666667,130.19271795894474,135.16535232594458,SEASON
WR,2024,00-0033908,Cooper Kupp,12.0,11.299120852996772,14.5,11.251614717464603,11.945347625466177,174.0,127.13335448398968,134.97192645120035,246.5,191.27745019689826,203.070909632925,PPG
WR,2024,00-0033908,Cooper Kupp,12.0,11.299120852996772,14.5,11.251614717464603,11.945347625466177,174.0,127.13335448398968,134.97192645120035,246.5,191.27745019689826,203.070909632925,SEASON
WR,2024,00-0033921,Chris Godwin Jr.,7.0,13.55116824453052,19.542857142857144,11.087100137718227,11.424977643534518,136.8,150.24315931017722,154.8217942375361,332.22857142857146,188.48070234120988,194.22461994008682,PPG
WR,2024,00-0033921,Chris Godwin Jr.,7.0,13.55116824453052,19.542857142857144,11.087100137718227,11.424977643534518,136.8,150.24315931017722,154.8217942375361,332.22857142857146,188.48070234120988,194.22461994008682,SEASON
WR,2024,00-0033943,Josh Reynolds,8.0,13.100758766223771,4.800000000000001,7.300909546326852,7.087663224860995,38.400000000000006,95.64745474044832,92.85376612513953,81.60000000000001,124.11546228755648,120.4902748226369,PPG
WR,2024,00-0033943,Josh Reynolds,8.0,13.100758766223771,4.800000000000001,7.300909546326852,7.087663224860995,38.400000000000006,95.64745474044832,92.85376612513953,81.60000000000001,124.11546228755648,120.4902748226369,SEASON
WR,2024,00-0034054,River Cracraft,5.0,8.596663983156272,2.7199999999999998,3.7646904807872317,4.3341352897462855,13.599999999999998,32.36377906391486,37.259104743488464,46.239999999999995,63.99973817338294,73.68029992568685,PPG
WR,2024,00-0034054,River Cracraft,5.0,8.596663983156272,2.7199999999999998,3.7646904807872317,4.3341352897462855,13.599999999999998,32.36377906391486,37.259104743488464,46.239999999999995,63.99973817338294,73.68029992568685,SEASON
WR,2024,00-0034272,Marquez Valdes-Scantling,13.0,13.100758766223771,6.5,4.112562376384772,3.835074790308628,84.5,53.87768760406487,50.24238967825955,110.5,69.91356039854112,65.19627143524667,PPG
WR,2024,00-0034272,Marquez Valdes-Scantling,13.0,13.100758766223771,6.5,4.112562376384772,3.835074790308628,84.5,53.87768760406487,50.24238967825955,110.5,69.91356039854112,65.19627143524667,SEASON
WR,2024,00-0034348,Courtland Sutton,16.0,13.100758766223771,14.631250000000001,10.165017178571107,9.90857474695313,234.10000000000002,133.16943791098066,129.80984747692972,248.73125000000002,172.80529203570882,168.4457706982032,PPG
WR,2024,00-0034348,Courtland Sutton,16.0,13.100758766223771,14.631250000000001,10.165017178571107,9.90857474695313,234.10000000000002,133.16943791098066,129.80984747692972,248.73125000000002,172.80529203570882,168.4457706982032,SEASON
WR,2024,00-0034386,Justin Watson,15.0,12.65034928791702,4.193333333333333,6.010429224500035,5.602407412295949,62.9,76.03402906022967,70.87241061875909,71.28666666666666,102.17729681650059,95.24092600903113,PPG
WR,2024,00-0034386,Justin Watson,15.0,12.65034928791702,4.193333333333333,6.010429224500035,5.602407412295949,62.9,76.03402906022967,70.87241061875909,71.28666666666666,102.17729681650059,95.24092600903113,SEASON
WR,2024,00-0034407,Ray-Ray McCloud,17.0,11.299120852996772,8.205882352941178,3.4276882924109597,2.7730899369955213,139.50000000000003,38.72986426235357,31.3334783343416,139.50000000000003,58.27070097098632,47.14252892892386,PPG
WR,2024,00-0034407,Ray-Ray McCloud,17.0,11.299120852996772,8.205882352941178,3.4276882924109597,2.7730899369955213,139.50000000000003,38.72986426235357,31.3334783343416,139.50000000000003,58.27070097098632,47.14252892892386,SEASON
WR,2024,00-0034418,Cedrick Wilson Jr.,13.0,10.848711374690021,3.623076923076923,5.088761712536704,5.819184799567074,47.1,55.20650707388401,63.13065632648658,61.59230769230769,86.50894911312398,98.92614159264025,PPG
WR,2024,00-0034418,Cedrick Wilson Jr.,13.0,10.848711374690021,3.623076923076923,5.088761712536704,5.819184799567074,47.1,55.20650707388401,63.13065632648658,61.59230769230769,86.50894911312398,98.92614159264025,SEASON
WR,2024,00-0034419,Braxton Berrios,6.0,13.100758766223771,0.0,4.2279685310704656,3.6743170886300396,0.0,55.38959579673964,48.136341808755795,0.0,71.87546502819791,62.463390506710674,PPG
WR,2024,00-0034419,Braxton Berrios,6.0,13.100758766223771,0.0,4.2279685310704656,3.6743170886300396,0.0,55.38959579673964,48.136341808755795,0.0,71.87546502819791,62.463390506710674,SEASON
WR,2024,00-0034487,Trent Sherfield,13.0,10.848711374690021,1.7153846153846155,2.833648423050465,2.706242483919579,22.3,30.741433879020022,29.359243617967714,29.161538461538463,48.1720231918579,46.00612222663285,PPG
WR,2024,00-0034487,Trent Sherfield,13.0,10.848711374690021,1.7153846153846155,2.833648423050465,2.706242483919579,22.3,30.741433879020022,29.359243617967714,29.161538461538463,48.1720231918579,46.00612222663285,SEASON
WR,2024,00-0034521,Allen Lazard,12.0,12.199939809610271,10.5,4.455934347569702,4.308020389607488,126.0,54.36213083592538,52.557589451785134,178.5,75.75088390868493,73.2363466233273,PPG
WR,2024,00-0034521,Allen Lazard,12.0,12.199939809610271,10.5,4.455934347569702,4.308020389607488,126.0,54.36213083592538,52.557589451785134,178.5,75.75088390868493,73.2363466233273,SEASON
WR,2024,00-0034646,Brandon Powell,16.0,13.55116824453052,0.8812500000000001,5.022822426911479,4.106530998073316,14.100000000000001,68.06511176947856,55.64829245627134,14.981250000000001,85.38798125749514,69.81102696724636,PPG
WR,2024,00-0034646,Brandon Powell,16.0,13.55116824453052,0.8812500000000001,5.022822426911479,4.106530998073316,14.100000000000001,68.06511176947856,55.64829245627134,14.981250000000001,85.38798125749514,69.81102696724636,SEASON
WR,2024,00-0034775,Christian Kirk,8.0,11.299120852996772,8.8625,11.282301642054037,11.350385662161747,70.9,127.4800897535325,128.24937932488737,150.66250000000002,191.79912791491864,192.9565562567497,PPG
WR,2024,00-0034775,Christian Kirk,8.0,11.299120852996772,8.8625,11.282301642054037,11.350385662161747,70.9,127.4800897535325,128.24937932488737,150.66250000000002,191.79912791491864,192.9565562567497,SEASON
WR,2024,00-0034777,DJ Chark,4.0,12.199939809610271,3.275,7.801142407737725,7.425504681535035,13.1,95.17346782059839,90.5907101707067,55.675,132.61942093154133,126.23357958609559,PPG
WR,2024,00-0034777,DJ Chark,4.0,12.199939809610271,3.275,7.801142407737725,7.425504681535035,13.1,95.17346782059839,90.5907101707067,55.675,132.61942093154133,126.23357958609559,SEASON
WR,2024,00-0034827,DJ Moore,17.0,13.55116824453052,13.947058823529414,14.547354751797315,14.559841523384549,237.10000000000002,197.13365175447595,197.30286209708558,237.10000000000002,247.30503078055435,247.5173058975373,PPG
WR,2024,00-0034827,DJ Moore,17.0,13.55116824453052,13.947058823529414,14.547354751797315,14.559841523384549,237.10000000000002,197.13365175447595,197.30286209708558,237.10000000000002,247.30503078055435,247.5173058975373,SEASON
WR,2024,00-0034837,Calvin Ridley,17.0,13.55116824453052,11.658823529411766,12.068152377086822,11.787097157077483,198.20000000000002,163.53756326253446,159.72893669018436,198.20000000000002,205.15859041047597,200.3806516703172,PPG
WR,2024,00-0034837,Calvin Ridley,17.0,13.55116824453052,11.658823529411766,12.068152377086822,11.787097157077483,198.20000000000002,163.53756326253446,159.72893669018436,198.20000000000002,205.15859041047597,200.3806516703172,SEASON
WR,2024,00-0034854,KhaDarel Hodge,11.0,12.199939809610271,2.3727272727272726,4.697481660005111,3.1070681571379044,26.099999999999998,57.30899350881049,37.90604450143914,40.336363636363636,79.85718822008688,52.82015867134437,PPG
WR,2024,00-0034854,KhaDarel Hodge,11.0,12.199939809610271,2.3727272727272726,4.697481660005111,3.1070681571379044,26.099999999999998,57.30899350881049,37.90604450143914,40.336363636363636,79.85718822008688,52.82015867134437,SEASON
WR,2024,00-0034928,Steven Sims,9.0,7.2454355482360215,0.0,1.5840018596642798,2.4365911641562974,0.0,11.47678338248354,17.654164237295827,0.0,26.928031614292756,41.422049790657056,PPG
WR,2024,00-0034928,Steven Sims,9.0,7.2454355482360215,0.0,1.5840018596642798,2.4365911641562974,0.0,11.47678338248354,17.654164237295827,0.0,26.928031614292756,41.422049790657056,SEASON
WR,2024,00-0034960,Jakobi Meyers,15.0,13.100758766223771,14.533333333333335,9.43982077323992,11.284077697734311,218.00000000000003,123.66881474660413,147.82997981734292,247.0666666666667,160.47695314507862,191.8293208614833,PPG
WR,2024,00-0034960,Jakobi Meyers,15.0,13.100758766223771,14.533333333333335,9.43982077323992,11.284077697734311,218.00000000000003,123.66881474660413,147.82997981734292,247.0666666666667,160.47695314507862,191.8293208614833,SEASON
WR,2024,00-0035140,Mecole Hardman,12.0,9.047073461463022,2.7666666666666666,4.124097755953861,4.132147989793656,33.2,37.31101536036938,37.38384641729996,47.03333333333333,70.10966185121563,70.24651582649214,PPG
WR,2024,00-0035140,Mecole Hardman,12.0,9.047073461463022,2.7666666666666666,4.124097755953861,4.132147989793656,33.2,37.31101536036938,37.38384641729996,47.03333333333333,70.10966185121563,70.24651582649214,SEASON
WR,2024,00-0035208,Olamide Zaccheaus,16.0,10.848711374690021,7.1499999999999995,3.297087369828005,3.4310020261988337,114.39999999999999,35.769149252399885,37.2219507082078,121.55,56.050485287076086,58.32703444538017,PPG
WR,2024,00-0035208,Olamide Zaccheaus,16.0,10.848711374690021,7.1499999999999995,3.297087369828005,3.4310020261988337,114.39999999999999,35.769149252399885,37.2219507082078,121.55,56.050485287076086,58.32703444538017,SEASON
WR,2024,00-0035215,Deonte Harty,5.0,13.100758766223771,0.0,2.9775349042376793,2.4914478329199445,0.0,39.007966498429035,32.63985703771518,0.0,50.61809337204055,42.35461315963906,PPG
WR,2024,00-0035215,Deonte Harty,5.0,13.100758766223771,0.0,2.9775349042376793,2.4914478329199445,0.0,39.007966498429035,32.63985703771518,0.0,50.61809337204055,42.35461315963906,SEASON
WR,2024,00-0035216,Diontae Johnson,11.0,11.749530331303522,8.100000000000001,10.907128823350655,10.356202027051342,89.10000000000002,128.15364093739342,121.68050983394676,137.70000000000002,185.42118999696115,176.05543445987283,PPG
WR,2024,00-0035216,Diontae Johnson,11.0,11.749530331303522,8.100000000000001,10.907128823350655,10.356202027051342,89.10000000000002,128.15364093739342,121.68050983394676,137.70000000000002,185.42118999696115,176.05543445987283,SEASON
WR,2024,00-0035298,Scott Miller,6.0,10.848711374690021,1.9833333333333334,3.5231934600917567,3.527813331215084,11.9,38.22210896573093,38.272228614136175,33.71666666666667,59.89428882155986,59.97282663065643,PPG
WR,2024,00-0035298,Scott Miller,6.0,10.848711374690021,1.9833333333333334,3.5231934600917567,3.527813331215084,11.9,38.22210896573093,38.272228614136175,33.71666666666667,59.89428882155986,59.97282663065643,SEASON
WR,2024,00-0035341,Trenton Irwin,6.0,11.299120852996772,0.75,5.145876391923021,4.994908885663378,4.5,58.143879246921195,56.43807914881794,12.75,87.47989866269135,84.91345105627742,PPG
WR,2024,00-0035341,Trenton Irwin,6.0,11.299120852996772,0.75,5.145876391923021,4.994908885663378,4.5,58.143879246921195,56.43807914881794,12.75,87.47989866269135,84.91345105627742,SEASON
WR,2024,00-0035406,Lil'Jordan Humphrey,14.0,10.848711374690021,4.45,3.070964726508751,4.061808491471839,62.300000000000004,33.31600995974732,44.065387983243056,75.65,52.206400350648764,69.05074435502127,PPG
WR,2024,00-0035406,Lil'Jordan Humphrey,14.0,10.848711374690021,4.45,3.070964726508751,4.061808491471839,62.300000000000004,33.31600995974732,44.065387983243056,75.65,52.206400350648764,69.05074435502127,SEASON
WR,2024,00-0035500,Greg Dortch,17.0,13.100758766223771,5.194117647058824,4.407634284876663,4.3082590649542345,88.3,57.74335349590639,56.44146271236222,88.3,74.92978284290328,73.24040410422198,PPG
WR,2024,00-0035500,Greg Dortch,17.0,13.100758766223771,5.194117647058824,4.407634284876663,4.3082590649542345,88.3,57.74335349590639,56.44146271236222,88.3,74.92978284290328,73.24040410422198,SEASON
WR,2024,00-0035535,Darius Slayton,16.0,13.55116824453052,6.875000000000001,8.249372163868518,8.03575673566487,110.00000000000001,111.78863010432909,108.89389149711403,116.87500000000001,140.2393267857648,136.6078645063028,PPG
WR,2024,00-0035535,Darius Slayton,16.0,13.55116824453052,6.875000000000001,8.249372163868518,8.03575673566487,110.00000000000001,111.78863010432909,108.89389149711403,116.87500000000001,140.2393267857648,136.6078645063028,SEASON
WR,2024,00-0035639,Parris Campbell,4.0,10.398301896383272,3.75,3.853746197849639,3.2161468516088156,15.0,40.072416397279724,33.442465906131034,63.75,65.51368536344387,54.67449647734986,PPG
WR,2024,00-0035639,Parris Campbell,4.0,10.398301896383272,3.75,3.853746197849639,3.2161468516088156,15.0,40.072416397279724,33.442465906131034,63.75,65.51368536344387,54.67449647734986,SEASON
WR,2024,00-0035640,DK Metcalf,15.0,13.100758766223771,12.613333333333335,12.355721125317988,12.029272192722031,189.20000000000002,161.86932184552586,157.592593130095,214.4266666666667,210.0472591304058,204.49762727627453,PPG
WR,2024,00-0035640,DK Metcalf,15.0,13.100758766223771,12.613333333333335,12.355721125317988,12.029272192722031,189.20000000000002,161.86932184552586,157.592593130095,214.4266666666667,210.0472591304058,204.49762727627453,SEASON
WR,2024,00-0035659,Terry McLaurin,17.0,13.55116824453052,15.694117647058823,11.37665847706133,10.744498877284174,266.8,154.16701308322246,145.60051198924714,266.8,193.40319411004262,182.65648091383096,PPG
WR,2024,00-0035659,Terry McLaurin,17.0,13.55116824453052,15.694117647058823,11.37665847706133,10.744498877284174,266.8,154.16701308322246,145.60051198924714,266.8,193.40319411004262,182.65648091383096,SEASON
WR,2024,00-0035662,Marquise Brown,2.0,11.749530331303522,9.05,9.546949127689473,9.392155432415109,18.1,112.17216834719916,110.35341512947846,153.85000000000002,162.29813517072103,159.66664235105685,PPG
WR,2024,00-0035662,Marquise Brown,2.0,11.749530331303522,9.05,9.546949127689473,9.392155432415109,18.1,112.17216834719916,110.35341512947846,153.85000000000002,162.29813517072103,159.66664235105685,SEASON
WR,2024,00-0035676,A.J. Brown,13.0,13.55116824453052,16.684615384615384,15.42949621177362,14.988544958736869,216.89999999999998,209.08769909409065,203.11229447655307,283.6384615384615,262.30143560015154,254.80526429852677,PPG
WR,2024,00-0035676,A.J. Brown,13.0,13.55116824453052,16.684615384615384,15.42949621177362,14.988544958736869,216.89999999999998,209.08769909409065,203.11229447655307,283.6384615384615,262.30143560015154,254.80526429852677,SEASON
WR,2024,00-0035719,Deebo Samuel Sr.,15.0,12.65034928791702,10.373333333333333,12.72158844066939,13.77958789787517,155.6,160.9325372715954,174.31659995167513,176.34666666666666,216.26700349137963,234.25299426387787,PPG
WR,2024,00-0035719,Deebo Samuel Sr.,15.0,12.65034928791702,10.373333333333333,12.72158844066939,13.77958789787517,155.6,160.9325372715954,174.31659995167513,176.34666666666666,216.26700349137963,234.25299426387787,SEASON
WR,2024,00-0036133,James Proche,9.0,10.398301896383272,0.5666666666666667,1.6746775344212428,0.7945069279658712,5.1,17.41380258200287,8.261522895757166,9.633333333333333,28.469518085161127,13.50661777541981,PPG
WR,2024,00-0036133,James Proche,9.0,10.398301896383272,0.5666666666666667,1.6746775344212428,0.7945069279658712,5.1,17.41380258200287,8.261522895757166,9.633333333333333,28.469518085161127,13.50661777541981,SEASON
WR,2024,00-0036165,Isaiah Hodgins,2.0,12.199939809610271,1.6,4.40790657263749,4.1834758966007355,3.2,53.77619487256288,51.03815413348433,27.200000000000003,74.93441173483733,71.11909024221251,PPG
WR,2024,00-0036165,Isaiah Hodgins,2.0,12.199939809610271,1.6,4.40790657263749,4.1834758966007355,3.2,53.77619487256288,51.03815413348433,27.200000000000003,74.93441173483733,71.11909024221251,SEASON
WR,2024,00-0036176,Mason Kinsey,6.0,8.596663983156272,0.6166666666666667,0.6545154512669294,1.0333908309796722,3.7,5.626649406325686,8.883713737206879,10.483333333333334,11.1267626715378,17.56764412665443,PPG
WR,2024,00-0036176,Mason Kinsey,6.0,8.596663983156272,0.6166666666666667,0.6545154512669294,1.0333908309796722,3.7,5.626649406325686,8.883713737206879,10.483333333333334,11.1267626715378,17.56764412665443,SEASON
WR,2024,00-0036182,Nick Westbrook-Ikhine,14.0,11.749530331303522,9.692857142857143,5.687459198323747,5.966325926621772,135.7,66.82497435875608,70.1015274412851,164.77857142857144,96.6868063715037,101.42754075257012,PPG
WR,2024,00-0036182,Nick Westbrook-Ikhine,14.0,11.749530331303522,9.692857142857143,5.687459198323747,5.966325926621772,135.7,66.82497435875608,70.1015274412851,164.77857142857144,96.6868063715037,101.42754075257012,SEASON
WR,2024,00-0036196,Gabe Davis,10.0,13.100758766223771,5.290000000000001,8.667353050341436,8.63916248876005,52.900000000000006,113.54890145421692,113.1795837074548,89.93000000000002,147.3450018558044,146.86576230892086,PPG
WR,2024,00-0036196,Gabe Davis,10.0,13.100758766223771,5.290000000000001,8.667353050341436,8.63916248876005,52.900000000000006,113.54890145421692,113.1795837074548,89.93000000000002,147.3450018558044,146.86576230892086,SEASON
WR,2024,00-0036252,Michael Pittman,16.0,13.100758766223771,10.3,14.488334622504842,13.864527858605024,164.8,189.80817681376368,181.63583488317346,175.10000000000002,246.30168858258233,235.6969735962854,PPG
WR,2024,00-0036252,Michael Pittman,16.0,13.100758766223771,10.3,14.488334622504842,13.864527858605024,164.8,189.80817681376368,181.63583488317346,175.10000000000002,246.30168858258233,235.6969735962854,SEASON
WR,2024,00-0036259,Jauan Jennings,15.0,11.749530331303522,13.966666666666669,4.4746200562375735,4.0950240157314965,209.50000000000003,52.57468407182244,48.11460888025357,237.43333333333337,76.06854095603875,69.61540826743544,PPG
WR,2024,00-0036259,Jauan Jennings,15.0,11.749530331303522,13.966666666666669,4.4746200562375735,4.0950240157314965,209.50000000000003,52.57468407182244,48.11460888025357,237.43333333333337,76.06854095603875,69.61540826743544,SEASON
WR,2024,00-0036261,Brandon Aiyuk,7.0,13.100758766223771,8.914285714285715,13.784901456581764,13.518873864915344,62.400000000000006,180.59266859884437,177.10750529526314,151.54285714285714,234.34332476189,229.82085570356085,PPG
WR,2024,00-0036261,Brandon Aiyuk,7.0,13.100758766223771,8.914285714285715,13.784901456581764,13.518873864915344,62.400000000000006,180.59266859884437,177.10750529526314,151.54285714285714,234.34332476189,229.82085570356085,SEASON
WR,2024,00-0036268,Laviska Shenault Jr.,10.0,9.497482939769771,0.8700000000000001,2.8810640723961622,3.06666025863854,8.700000000000001,27.362856875966173,29.125553488489487,14.790000000000003,48.97808923073476,52.133224396855184,PPG
WR,2024,00-0036268,Laviska Shenault Jr.,10.0,9.497482939769771,0.8700000000000001,2.8810640723961622,3.06666025863854,8.700000000000001,27.362856875966173,29.125553488489487,14.790000000000003,48.97808923073476,52.133224396855184,SEASON
WR,2024,00-0036309,Darnell Mooney,16.0,12.199939809610271,12.075,5.503526380505528,5.674998060802231,193.2,67.14269058276972,69.23463476144222,205.27499999999998,93.55994846859399,96.47496703363794,PPG
WR,2024,00-0036309,Darnell Mooney,16.0,12.199939809610271,12.075,5.503526380505528,5.674998060802231,193.2,67.14269058276972,69.23463476144222,205.27499999999998,93.55994846859399,96.47496703363794,SEASON
WR,2024,00-0036322,Justin Jefferson,17.0,10.398301896383272,18.564705882352943,16.38008909048309,17.182682526552803,315.6,170.32511145249725,178.67072030080573,315.6,278.4615145382125,292.10560295139766,PPG
WR,2024,00-0036322,Justin Jefferson,17.0,10.398301896383272,18.564705882352943,16.38008909048309,17.182682526552803,315.6,170.32511145249725,178.67072030080573,315.6,278.4615145382125,292.10560295139766,SEASON
WR,2024,00-0036331,Devin Duvernay,13.0,11.749530331303522,1.476923076923077,2.098743534622229,1.2489228101106231,19.200000000000003,24.65925081767104,14.674256438851595,25.10769230769231,35.67864008857789,21.231687771880594,PPG
WR,2024,00-0036331,Devin Duvernay,13.0,11.749530331303522,1.476923076923077,2.098743534622229,1.2489228101106231,19.200000000000003,24.65925081767104,14.674256438851595,25.10769230769231,35.67864008857789,21.231687771880594,SEASON
WR,2024,00-0036345,K.J. Osborn,7.0,12.65034928791702,2.6714285714285717,7.430962007721903,7.333588046455637,18.700000000000003,94.00426494292321,92.77245032135684,45.41428571428572,126.32635413127235,124.67099678974583,PPG
WR,2024,00-0036345,K.J. Osborn,7.0,12.65034928791702,2.6714285714285717,7.430962007721903,7.333588046455637,18.700000000000003,94.00426494292321,92.77245032135684,45.41428571428572,126.32635413127235,124.67099678974583,SEASON
WR,2024,00-0036358,CeeDee Lamb,15.0,13.55116824453052,17.493333333333332,20.153212246225696,19.694896210290604,262.4,273.09956981633724,266.88885210421455,297.38666666666666,342.6046081858368,334.8132355749403,PPG
WR,2024,00-0036358,CeeDee Lamb,15.0,13.55116824453052,17.493333333333332,20.153212246225696,19.694896210290604,262.4,273.09956981633724,266.88885210421455,297.38666666666666,342.6046081858368,334.8132355749403,SEASON
WR,2024,00-0036387,Jalen Reagor,7.0,9.947892418076522,2.0000000000000004,3.3468808151288014,3.077163342736701,14.000000000000004,33.29441028502558,30.611289886393433,34.00000000000001,56.89697385718962,52.31177682652392,PPG
WR,2024,00-0036387,Jalen Reagor,7.0,9.947892418076522,2.0000000000000004,3.3468808151288014,3.077163342736701,14.000000000000004,33.29441028502558,30.611289886393433,34.00000000000001,56.89697385718962,52.31177682652392,SEASON
WR,2024,00-0036407,Jerry Jeudy,17.0,13.100758766223771,14.170588235294119,8.919730704267444,8.32167403935558,240.90000000000003,116.85524021628704,109.0202441207444,240.90000000000003,151.63542197254654,141.46845866904485,PPG
WR,2024,00-0036407,Jerry Jeudy,17.0,13.100758766223771,14.170588235294119,8.919730704267444,8.32167403935558,240.90000000000003,116.85524021628704,109.0202441207444,240.90000000000003,151.63542197254654,141.46845866904485,SEASON
WR,2024,00-0036410,Tee Higgins,12.0,11.299120852996772,18.425,9.820630798435428,9.860229725526368,221.10000000000002,110.96449424418408,111.41192730703362,313.225,166.95072357340226,167.62390533394827,PPG
WR,2024,00-0036410,Tee Higgins,12.0,11.299120852996772,18.425,9.820630798435428,9.860229725526368,221.10000000000002,110.96449424418408,111.41192730703362,313.225,166.95072357340226,167.62390533394827,SEASON
WR,2024,00-0036415,Van Jefferson,15.0,12.199939809610271,4.24,3.937065022339202,3.4760307271154365,63.6,48.031956299060184,42.40736564716415,72.08,66.93010537976643,59.09252236096242,PPG
WR,2024,00-0036415,Van Jefferson,15.0,12.199939809610271,4.24,3.937065022339202,3.4760307271154365,63.6,48.031956299060184,42.40736564716415,72.08,66.93010537976643,59.09252236096242,SEASON
WR,2024,00-0036497,Tim Jones,8.0,10.398301896383272,0.8875000000000001,2.330730187539521,2.5163387502167023,7.1000000000000005,24.23563612904994,26.165649998321047,15.0875,39.62241318817186,42.77775875368394,PPG
WR,2024,00-0036497,Tim Jones,8.0,10.398301896383272,0.8875000000000001,2.330730187539521,2.5163387502167023,7.1000000000000005,24.23563612904994,26.165649998321047,15.0875,39.62241318817186,42.77775875368394,SEASON
WR,2024,00-0036527,DJ Turner,12.0,9.047073461463022,3.925,0.8181368275827361,0.7945069279658712,47.099999999999994,7.40174398066932,7.187962542948546,66.725,13.908326068906513,13.50661777541981,PPG
WR,2024,00-0036527,DJ Turner,12.0,9.047073461463022,3.925,0.8181368275827361,0.7945069279658712,47.099999999999994,7.40174398066932,7.187962542948546,66.725,13.908326068906513,13.50661777541981,SEASON
WR,2024,00-0036550,Rashod Bateman,16.0,12.65034928791702,10.912500000000001,6.616220712006654,5.293227893040464,174.60000000000002,83.69750297283521,66.96118170750694,185.51250000000002,112.47575210411311,89.98487418168789,PPG
WR,2024,00-0036550,Rashod Bateman,16.0,12.65034928791702,10.912500000000001,6.616220712006654,5.293227893040464,174.60000000000002,83.69750297283521,66.96118170750694,185.51250000000002,112.47575210411311,89.98487418168789,SEASON
WR,2024,00-0036554,Nico Collins,12.0,12.65034928791702,17.55,15.502407263960581,14.60060794585253,210.60000000000002,196.11086669264338,184.70279033097114,298.35,263.5409234873299,248.210335079493,PPG
WR,2024,00-0036554,Nico Collins,12.0,12.65034928791702,17.55,15.502407263960581,14.60060794585253,210.60000000000002,196.11086669264338,184.70279033097114,298.35,263.5409234873299,248.210335079493,SEASON
WR,2024,00-0036613,Jaylen Waddle,15.0,12.199939809610271,9.973333333333334,13.229583120784826,12.746766211839091,149.60000000000002,161.40011777981087,155.50978055161085,169.54666666666668,224.90291305334205,216.69502560126455,PPG
WR,2024,00-0036613,Jaylen Waddle,15.0,12.199939809610271,9.973333333333334,13.229583120784826,12.746766211839091,149.60000000000002,161.40011777981087,155.50978055161085,169.54666666666668,224.90291305334205,216.69502560126455,SEASON
WR,2024,00-0036620,Dee Eskridge,5.0,7.695845026542772,1.48,0.9689240786011115,0.9212232577961398,7.4,7.456689551399902,7.089591426845952,25.16,16.471709336218897,15.660795382534376,PPG
WR,2024,00-0036620,Dee Eskridge,5.0,7.695845026542772,1.48,0.9689240786011115,0.9212232577961398,7.4,7.456689551399902,7.089591426845952,25.16,16.471709336218897,15.660795382534376,SEASON
WR,2024,00-0036626,Dyami Brown,15.0,13.100758766223771,4.426666666666668,2.923938719376382,2.5216705304937546,66.40000000000002,38.30581580977125,33.03579730789421,75.25333333333334,49.706958229398495,42.86839901839383,PPG
WR,2024,00-0036626,Dyami Brown,15.0,13.100758766223771,4.426666666666668,2.923938719376382,2.5216705304937546,66.40000000000002,38.30581580977125,33.03579730789421,75.25333333333334,49.706958229398495,42.86839901839383,SEASON
WR,2024,00-0036630,Tylan Wallace,12.0,8.596663983156272,3.025,1.129520579574212,1.0713474079557017,36.3,9.710108884659427,9.21001367542061,51.425,19.201849852761605,18.21290593524693,PPG
WR,2024,00-0036630,Tylan Wallace,12.0,8.596663983156272,3.025,1.129520579574212,1.0713474079557017,36.3,9.710108884659427,9.21001367542061,51.425,19.201849852761605,18.21290593524693,SEASON
WR,2024,00-0036635,Ihmir Smith-Marsette,15.0,13.55116824453052,0.0,2.4187096962773023,2.107271956385893,0.0,32.77634202893104,28.555996817966218,0.0,41.11806483671414,35.82362325856018,PPG
WR,2024,00-0036635,Ihmir Smith-Marsette,15.0,13.55116824453052,0.0,2.4187096962773023,2.107271956385893,0.0,32.77634202893104,28.555996817966218,0.0,41.11806483671414,35.82362325856018,SEASON
WR,2024,00-0036841,Austin Trammell,1.0,12.65034928791702,6.0,2.231604419535845,1.1515125564986182,6.0,28.230575379587755,14.567036049129802,102.0,37.93727513210936,19.575713460476507,PPG
WR,2024,00-0036841,Austin Trammell,1.0,12.65034928791702,6.0,2.231604419535845,1.1515125564986182,6.0,28.230575379587755,14.567036049129802,102.0,37.93727513210936,19.575713460476507,SEASON
WR,2024,00-0036849,Tutu Atwell,15.0,12.199939809610271,6.593333333333334,7.5837403048045395,6.971037126742107,98.9,92.52117525033083,85.04623335681224,112.08666666666667,128.92358518167717,118.50763115461582,PPG
WR,2024,00-0036849,Tutu Atwell,15.0,12.199939809610271,6.593333333333334,7.5837403048045395,6.971037126742107,98.9,92.52117525033083,85.04623335681224,112.08666666666667,128.92358518167717,118.50763115461582,SEASON
WR,2024,00-0036862,Ben Skowronek,9.0,11.749530331303522,1.3222222222222224,2.0914890951727005,2.0468374207103968,11.900000000000002,24.5740145613222,24.049378357883874,22.47777777777778,35.555314617935906,34.796236152076744,PPG
WR,2024,00-0036862,Ben Skowronek,9.0,11.749530331303522,1.3222222222222224,2.0914890951727005,2.0468374207103968,11.900000000000002,24.5740145613222,24.049378357883874,22.47777777777778,35.555314617935906,34.796236152076744,SEASON
WR,2024,00-0036900,Ja'Marr Chase,17.0,13.100758766223771,23.705882352941174,13.805790034486932,13.85136462747566,402.99999999999994,180.86632481894947,181.46338656756362,402.99999999999994,234.69843058627785,235.4731986670862,PPG
WR,2024,00-0036900,Ja'Marr Chase,17.0,13.100758766223771,23.705882352941174,13.805790034486932,13.85136462747566,402.99999999999994,180.86632481894947,181.46338656756362,402.99999999999994,234.69843058627785,235.4731986670862,SEASON
WR,2024,00-0036912,DeVonta Smith,13.0,13.100758766223771,15.338461538461539,12.354918717937073,12.276792840662003,199.4,161.85880969999627,160.83530142841596,260.75384615384615,210.03361820493024,208.70547829125405,PPG
WR,2024,00-0036912,DeVonta Smith,13.0,13.100758766223771,15.338461538461539,12.354918717937073,12.276792840662003,199.4,161.85880969999627,160.83530142841596,260.75384615384615,210.03361820493024,208.70547829125405,SEASON
WR,2024,00-0036913,Kadarius Toney,3.0,11.749530331303522,0.0,3.8621759093939985,3.944200310985538,0.0,45.37875299225455,46.342501186661366,0.0,65.65699045969798,67.05140528675415,PPG
WR,2024,00-0036913,Kadarius Toney,3.0,11.749530331303522,0.0,3.8621759093939985,3.944200310985538,0.0,45.37875299225455,46.342501186661366,0.0,65.65699045969798,67.05140528675415,SEASON
WR,2024,00-0036955,Terrace Marshall Jr.,5.0,9.497482939769771,1.42,3.720647017920563,4.187932923860247,7.1,35.33678157760582,39.774821497262835,24.14,63.25099930464957,71.1948597056242,PPG
WR,2024,00-0036955,Terrace Marshall Jr.,5.0,9.497482939769771,1.42,3.720647017920563,4.187932923860247,7.1,35.33678157760582,39.774821497262835,24.14,63.25099930464957,71.1948597056242,SEASON
WR,2024,00-0036963,Amon-Ra St. Brown,17.0,13.100758766223771,18.288235294117648,17.87707045671288,17.290963416110486,310.90000000000003,234.20318750018126,226.52474055006397,310.90000000000003,303.91019776411895,293.94637807387824,PPG
WR,2024,00-0036963,Amon-Ra St. Brown,17.0,13.100758766223771,18.288235294117648,17.87707045671288,17.290963416110486,310.90000000000003,234.20318750018126,226.52474055006397,310.90000000000003,303.91019776411895,293.94637807387824,SEASON
WR,2024,00-0036980,Elijah Moore,17.0,13.100758766223771,7.111764705882353,7.731973478416833,7.7239180148077065,120.9,101.29471932757903,101.18918664208577,120.9,131.44354913308615,131.306606251731,PPG
WR,2024,00-0036980,Elijah Moore,17.0,13.100758766223771,7.111764705882353,7.731973478416833,7.7239180148077065,120.9,101.29471932757903,101.18918664208577,120.9,131.44354913308615,131.306606251731,SEASON
WR,2024,00-0036988,Josh Palmer,15.0,10.398301896383272,7.16,9.489230465031811,9.715561228531284,107.4,98.6718831397582,101.02533874706464,121.72,161.3169179055408,165.1645408850318,PPG
WR,2024,00-0036988,Josh Palmer,15.0,10.398301896383272,7.16,9.489230465031811,9.715561228531284,107.4,98.6718831397582,101.02533874706464,121.72,161.3169179055408,165.1645408850318,SEASON
WR,2024,00-0037091,Bo Melton,13.0,7.695845026542772,1.730769230769231,9.611944949815939,10.213508311950084,22.500000000000004,73.97203873744391,78.60157714607432,29.423076923076927,163.40306414687097,173.62964130315143,PPG
WR,2024,00-0037091,Bo Melton,13.0,7.695845026542772,1.730769230769231,9.611944949815939,10.213508311950084,22.500000000000004,73.97203873744391,78.60157714607432,29.423076923076927,163.40306414687097,173.62964130315143,SEASON
WR,2024,00-0037132,Britain Covey,5.0,12.65034928791702,2.08,2.3368177511998907,1.249911935233706,10.4,29.56156077488339,15.811822559842698,35.36,39.72590177039814,21.248502898973,PPG
WR,2024,00-0037132,Britain Covey,5.0,12.65034928791702,2.08,2.3368177511998907,1.249911935233706,10.4,29.56156077488339,15.811822559842698,35.36,39.72590177039814,21.248502898973,SEASON
WR,2024,00-0037156,Irvin Charles,8.0,8.596663983156272,0.0,1.4173605190774672,0.7945069279658712,0.0,12.18457212550094,6.83010909201234,0.0,24.09512882431694,13.50661777541981,PPG
WR,2024,00-0037156,Irvin Charles,8.0,8.596663983156272,0.0,1.4173605190774672,0.7945069279658712,0.0,12.18457212550094,6.83010909201234,0.0,24.09512882431694,13.50661777541981,SEASON
WR,2024,00-0037216,Justyn Ross,1.0,8.596663983156272,0.0,2.283713163860254,2.4021306808849427,0.0,19.632314703617304,20.65031030719824,0.0,38.82312378562432,40.83622157504403,PPG
WR,2024,00-0037216,Justyn Ross,1.0,8.596663983156272,0.0,2.283713163860254,2.4021306808849427,0.0,19.632314703617304,20.65031030719824,0.0,38.82312378562432,40.83622157504403,SEASON
WR,2024,00-0037238,Drake London,17.0,13.100758766223771,16.53529411764706,10.33431703487872,10.039863564416008,281.1,135.38739448762306,131.52983060321364,281.1,175.68338959293825,170.67768059507213,PPG
WR,2024,00-0037238,Drake London,17.0,13.100758766223771,16.53529411764706,10.33431703487872,10.039863564416008,281.1,135.38739448762306,131.52983060321364,281.1,175.68338959293825,170.67768059507213,SEASON
WR,2024,00-0037239,Chris Olave,8.0,13.100758766223771,9.4625,13.202957679080102,12.633680504656038,75.7,172.9687635542901,165.51080062104296,160.8625,224.45028054436173,214.77256857915265,PPG
WR,2024,00-0037239,Chris Olave,8.0,13.100758766223771,9.4625,13.202957679080102,12.633680504656038,75.7,172.9687635542901,165.51080062104296,160.8625,224.45028054436173,214.77256857915265,SEASON
WR,2024,00-0037240,Jameson Williams,15.0,11.299120852996772,14.146666666666667,5.179995683230487,6.19023889112354,212.2,58.52939724282286,69.94425733972561,240.49333333333334,88.05992661491828,105.23406114910019,PPG
WR,2024,00-0037240,Jameson Williams,15.0,11.299120852996772,14.146666666666667,5.179995683230487,6.19023889112354,212.2,58.52939724282286,69.94425733972561,240.49333333333334,88.05992661491828,105.23406114910019,SEASON
WR,2024,00-0037247,George Pickens,14.0,13.55116824453052,11.714285714285715,11.502813619785375,11.168999107698335,164.0,155.87656264718873,151.3529860314314,199.14285714285717,195.54783153635137,189.8729848308717,PPG
WR,2024,00-0037247,George Pickens,14.0,13.55116824453052,11.714285714285715,11.502813619785375,11.168999107698335,164.0,155.87656264718873,151.3529860314314,199.14285714285717,195.54783153635137,189.8729848308717,SEASON
WR,2024,00-0037257,David Bell,1.0,9.947892418076522,5.7,4.195029028526255,4.798462479421856,5.7,41.731697466487255,47.73458851746535,96.9,71.31549348494633,81.57386215017155,PPG
WR,2024,00-0037257,David Bell,1.0,9.947892418076522,5.7,4.195029028526255,4.798462479421856,5.7,41.731697466487255,47.73458851746535,96.9,71.31549348494633,81.57386215017155,SEASON
WR,2024,00-0037261,Khalil Shakir,15.0,13.100758766223771,12.100000000000001,6.962045396544196,6.603436723529437,181.50000000000003,91.20807725962423,86.51003154298225,205.70000000000002,118.35477174125134,112.25842430000043,PPG
WR,2024,00-0037261,Khalil Shakir,15.0,13.100758766223771,12.100000000000001,6.962045396544196,6.603436723529437,181.50000000000003,91.20807725962423,86.51003154298225,205.70000000000002,118.35477174125134,112.25842430000043,SEASON
WR,2024,00-0037272,Montrell Washington,1.0,7.695845026542772,0.0,0.5905268693878735,0.7945069279658712,0.0,4.544603270818539,6.114402190139926,0.0,10.03895677959385,13.50661777541981,PPG
WR,2024,00-0037272,Montrell Washington,1.0,7.695845026542772,0.0,0.5905268693878735,0.7945069279658712,0.0,4.544603270818539,6.114402190139926,0.0,10.03895677959385,13.50661777541981,SEASON
WR,2024,00-0037291,Jalen Nailor,15.0,7.2454355482360215,7.026666666666667,1.9392452399776425,2.58331834003329,105.4,14.050676398481505,18.717266533287273,119.45333333333335,32.96716907961992,43.91641178056593,PPG
WR,2024,00-0037291,Jalen Nailor,15.0,7.2454355482360215,7.026666666666667,1.9392452399776425,2.58331834003329,105.4,14.050676398481505,18.717266533287273,119.45333333333335,32.96716907961992,43.91641178056593,SEASON
WR,2024,00-0037382,Brandon Johnson,1.0,10.398301896383272,1.9,5.920546119540214,6.318293798137086,1.9,61.56362594243963,65.69952638307552,32.3,100.64928403218364,107.41099456833047,PPG
WR,2024,00-0037382,Brandon Johnson,1.0,10.398301896383272,1.9,5.920546119540214,6.318293798137086,1.9,61.56362594243963,65.69952638307552,32.3,100.64928403218364,107.41099456833047,SEASON
WR,2024,00-0037487,Deven Thompkins,5.0,13.55116824453052,1.34,3.6669813841664665,2.3934607108813344,6.7,49.691881686401196,32.434188779826584,22.78,62.33868353082993,40.688832084982685,PPG
WR,2024,00-0037487,Deven Thompkins,5.0,13.55116824453052,1.34,3.6669813841664665,2.3934607108813344,6.7,49.691881686401196,32.434188779826584,22.78,62.33868353082993,40.688832084982685,SEASON
WR,2024,00-0037545,Rashid Shaheed,6.0,12.65034928791702,12.633333333333333,8.953920920062648,8.902541652214063,75.8,113.27022713517984,112.62026145073779,214.76666666666665,152.21665564106502,151.34320808763908,PPG
WR,2024,00-0037545,Rashid Shaheed,6.0,12.65034928791702,12.633333333333333,8.953920920062648,8.902541652214063,75.8,113.27022713517984,112.62026145073779,214.76666666666665,152.21665564106502,151.34320808763908,SEASON
WR,2024,00-0037614,John Metchie III,10.0,12.199939809610271,5.44,3.7397673559451667,2.9224102997597092,54.400000000000006,45.624936644476385,35.65322975605356,92.48,63.57604505106784,49.68097509591506,PPG
WR,2024,00-0037614,John Metchie III,10.0,12.199939809610271,5.44,3.7397673559451667,2.9224102997597092,54.400000000000006,45.624936644476385,35.65322975605356,92.48,63.57604505106784,49.68097509591506,SEASON
WR,2024,00-0037664,Alec Pierce,16.0,13.55116824453052,10.0875,5.4552195904877,5.55747344975776,161.4,73.92459848155771,75.31025773217884,171.4875,92.7387330382909,94.47704864588192,PPG
WR,2024,00-0037664,Alec Pierce,16.0,13.55116824453052,10.0875,5.4552195904877,5.55747344975776,161.4,73.92459848155771,75.31025773217884,171.4875,92.7387330382909,94.47704864588192,SEASON
WR,2024,00-0037666,Jalen Tolbert,17.0,12.199939809610271,8.941176470588236,4.384948552469238,4.144441931137968,152.0,53.49610840836239,50.561942104308166,152.0,74.54412539197705,70.45551282934545,PPG
WR,2024,00-0037666,Jalen Tolbert,17.0,12.199939809610271,8.941176470588236,4.384948552469238,4.144441931137968,152.0,53.49610840836239,50.561942104308166,152.0,74.54412539197705,70.45551282934545,SEASON
WR,2024,00-0037740,Garrett Wilson,17.0,13.55116824453052,14.7,11.253611305168869,11.46337993591962,249.89999999999998,152.49958015489403,155.34219016262227,249.89999999999998,191.31139218787078,194.87745891063355,PPG
WR,2024,00-0037740,Garrett Wilson,17.0,13.55116824453052,14.7,11.253611305168869,11.46337993591962,249.89999999999998,152.49958015489403,155.34219016262227,249.89999999999998,191.31139218787078,194.87745891063355,SEASON
WR,2024,00-0037741,Jahan Dotson,14.0,13.55116824453052,2.9928571428571433,6.432926838436,6.577674866249887,41.900000000000006,87.17367389240204,89.13517877037201,50.87857142857143,109.359756253412,111.82047272624808,PPG
WR,2024,00-0037741,Jahan Dotson,14.0,13.55116824453052,2.9928571428571433,6.432926838436,6.577674866249887,41.900000000000006,87.17367389240204,89.13517877037201,50.87857142857143,109.359756253412,111.82047272624808,SEASON
WR,2024,00-0037742,Treylon Burks,5.0,9.947892418076522,1.5,4.114973858002222,4.691138185059331,7.5,40.9353172426034,46.666937983300976,25.5,69.95455558603777,79.74934914600863,PPG
WR,2024,00-0037742,Treylon Burks,5.0,9.947892418076522,1.5,4.114973858002222,4.691138185059331,7.5,40.9353172426034,46.666937983300976,25.5,69.95455558603777,79.74934914600863,SEASON
WR,2024,00-0037745,Velus Jones Jr.,2.0,11.749530331303522,1.4500000000000002,1.830551265965814,1.5345139237855727,2.9000000000000004,21.508117622471392,18.029817891326168,24.650000000000002,31.119371521418838,26.086736704354735,PPG
WR,2024,00-0037745,Velus Jones Jr.,2.0,11.749530331303522,1.4500000000000002,1.830551265965814,1.5345139237855727,2.9000000000000004,21.508117622471392,18.029817891326168,24.650000000000002,31.119371521418838,26.086736704354735,SEASON
WR,2024,00-0037801,KaVontae Turpin,17.0,13.100758766223771,5.305882352941177,3.3260591071259182,3.4705027336739183,90.20000000000002,43.57389800465828,45.466219111382145,90.20000000000002,56.54300482114061,58.99854647245661,PPG
WR,2024,00-0037801,KaVontae Turpin,17.0,13.100758766223771,5.305882352941177,3.3260591071259182,3.4705027336739183,90.20000000000002,43.57389800465828,45.466219111382145,90.20000000000002,56.54300482114061,58.99854647245661,SEASON
WR,2024,00-0037816,Romeo Doubs,13.0,13.55116824453052,10.161538461538463,8.929146776680206,8.76050182909096,132.10000000000002,121.00037025090086,118.71503419252898,172.74615384615387,151.7954952035635,148.92853109454634,PPG
WR,2024,00-0037816,Romeo Doubs,13.0,13.55116824453052,10.161538461538463,8.929146776680206,8.76050182909096,132.10000000000002,121.00037025090086,118.71503419252898,172.74615384615387,151.7954952035635,148.92853109454634,SEASON
WR,2024,00-0037837,Calvin Austin III,17.0,13.100758766223771,6.752941176470588,3.6062589169403814,3.35625310004732,114.8,47.244728119379346,43.969462222110636,114.8,61.306401587986485,57.05630270080444,PPG
WR,2024,00-0037837,Calvin Austin III,17.0,13.100758766223771,6.752941176470588,3.6062589169403814,3.35625310004732,114.8,47.244728119379346,43.969462222110636,114.8,61.306401587986485,57.05630270080444,SEASON
WR,2024,00-0038090,Skyy Moore,3.0,11.749530331303522,0.0,4.2425820382063915,4.223642773079032,0.0,49.84834634094951,49.625818870883,0.0,72.12389464950866,71.80192714234354,PPG
WR,2024,00-0038090,Skyy Moore,3.0,11.749530331303522,0.0,4.2425820382063915,4.223642773079032,0.0,49.84834634094951,49.625818870883,0.0,72.12389464950866,71.80192714234354,SEASON
WR,2024,00-0038104,Tyquan Thornton,4.0,9.947892418076522,2.175,4.465648960576445,3.4241848672685187,8.7,44.42379543670972,34.06342267919286,36.974999999999994,75.91603232979956,58.21114274356482,PPG
WR,2024,00-0038104,Tyquan Thornton,4.0,9.947892418076522,2.175,4.465648960576445,3.4241848672685187,8.7,44.42379543670972,34.06342267919286,36.974999999999994,75.91603232979956,58.21114274356482,SEASON
WR,2024,00-0038117,Wan'Dale Robinson,17.0,12.65034928791702,10.74705882352941,8.028730950588121,8.41076219362299,182.7,101.56625086364978,106.39907952693798,182.7,136.48842615999806,142.98295729159082,PPG
WR,2024,00-0038117,Wan'Dale Robinson,17.0,12.65034928791702,10.74705882352941,8.028730950588121,8.41076219362299,182.7,101.56625086364978,106.39907952693798,182.7,136.48842615999806,142.98295729159082,SEASON
WR,2024,00-0038124,Christian Watson,14.0,9.947892418076522,7.450000000000001,8.886567120066994,9.472651348099866,104.30000000000001,88.40261367644257,94.23291652484501,126.65000000000002,151.0716410411389,161.03507291769773,PPG
WR,2024,00-0038124,Christian Watson,14.0,9.947892418076522,7.450000000000001,8.886567120066994,9.472651348099866,104.30000000000001,88.40261367644257,94.23291652484501,126.65000000000002,151.0716410411389,161.03507291769773,SEASON
WR,2024,00-0038393,Dontayvion Wicks,17.0,12.65034928791702,6.5,7.014601699016481,7.209530428103039,110.5,88.73716160817466,91.20307811736937,110.5,119.24822888328018,122.56201727775166,PPG
WR,2024,00-0038393,Dontayvion Wicks,17.0,12.65034928791702,6.5,7.014601699016481,7.209530428103039,110.5,88.73716160817466,91.20307811736937,110.5,119.24822888328018,122.56201727775166,SEASON
WR,2024,00-0038465,Malik Heath,5.0,11.299120852996772,6.34,2.8359381710601492,3.0314338525339766,31.7,32.04360812643526,34.252537457646994,107.78,48.21094890802254,51.534375493077604,PPG
WR,2024,00-0038465,Malik Heath,5.0,11.299120852996772,6.34,2.8359381710601492,3.0314338525339766,31.7,32.04360812643526,34.252537457646994,107.78,48.21094890802254,51.534375493077604,SEASON
WR,2024,00-0038496,Xavier Gipson,17.0,13.55116824453052,0.9647058823529411,4.42162777989797,3.73966983980296,16.4,59.91822196008736,50.67689517816641,16.4,75.1676722582655,63.57438727665032,PPG
WR,2024,00-0038496,Xavier Gipson,17.0,13.55116824453052,0.9647058823529411,4.42162777989797,3.73966983980296,16.4,59.91822196008736,50.67689517816641,16.4,75.1676722582655,63.57438727665032,SEASON
WR,2024,00-0038543,Jaxon Smith-Njigba,17.0,13.55116824453052,14.741176470588236,8.231801888039616,7.906098306481641,250.60000000000002,111.55053234046883,107.13686830893054,250.60000000000002,139.94063209667348,134.4036712101879,PPG
WR,2024,00-0038543,Jaxon Smith-Njigba,17.0,13.55116824453052,14.741176470588236,8.231801888039616,7.906098306481641,250.60000000000002,111.55053234046883,107.13686830893054,250.60000000000002,139.94063209667348,134.4036712101879,SEASON
WR,2024,00-0038544,Quentin Johnston,15.0,13.55116824453052,11.646666666666667,5.153367821691321,5.4763492916736505,174.7,69.83415437768885,74.21093061728519,197.99333333333334,87.60725296875245,93.09793795845206,PPG
WR,2024,00-0038544,Quentin Johnston,15.0,13.55116824453052,11.646666666666667,5.153367821691321,5.4763492916736505,174.7,69.83415437768885,74.21093061728519,197.99333333333334,87.60725296875245,93.09793795845206,SEASON
WR,2024,00-0038559,Michael Wilson,16.0,11.749530331303522,7.718750000000001,7.508056833363352,7.925912759923877,123.50000000000001,88.21614149275338,93.1257523759912,131.21875000000003,127.636966167177,134.7405169187059,PPG
WR,2024,00-0038559,Michael Wilson,16.0,11.749530331303522,7.718750000000001,7.508056833363352,7.925912759923877,123.50000000000001,88.21614149275338,93.1257523759912,131.21875000000003,127.636966167177,134.7405169187059,SEASON
WR,2024,00-0038563,Tre Tucker,17.0,11.749530331303522,7.605882352941176,5.157703946324011,5.244521554869544,129.29999999999998,60.600598957217834,61.62066508211481,129.29999999999998,87.68096708750818,89.15686643278225,PPG
WR,2024,00-0038563,Tre Tucker,17.0,11.749530331303522,7.605882352941176,5.157703946324011,5.244521554869544,129.29999999999998,60.600598957217834,61.62066508211481,129.29999999999998,87.68096708750818,89.15686643278225,SEASON
WR,2024,00-0038573,Derius Davis,15.0,13.55116824453052,2.673333333333334,3.198109254483522,2.338302440529721,40.10000000000001,43.33811657189628,31.68672977821457,45.44666666666667,54.36785732621987,39.751141489005256,PPG
WR,2024,00-0038573,Derius Davis,15.0,13.55116824453052,2.673333333333334,3.198109254483522,2.338302440529721,40.10000000000001,43.33811657189628,31.68672977821457,45.44666666666667,54.36785732621987,39.751141489005256,SEASON
WR,2024,00-0038576,Charlie Jones,7.0,10.848711374690021,0.2142857142857143,2.420742146226291,1.9348489134811337,1.5,26.261932856956694,20.990617415989405,3.6428571428571432,41.15261648584694,32.89243152917928,PPG
WR,2024,00-0038576,Charlie Jones,7.0,10.848711374690021,0.2142857142857143,2.420742146226291,1.9348489134811337,1.5,26.261932856956694,20.990617415989405,3.6428571428571432,41.15261648584694,32.89243152917928,SEASON
WR,2024,00-0038606,Parker Washington,14.0,9.497482939769771,6.428571428571429,3.6452874724817685,4.597174454835697,90.0,34.621055580452065,43.66158595594743,109.28571428571429,61.969887032190066,78.15196573220685,PPG
WR,2024,00-0038606,Parker Washington,14.0,9.497482939769771,6.428571428571429,3.6452874724817685,4.597174454835697,90.0,34.621055580452065,43.66158595594743,109.28571428571429,61.969887032190066,78.15196573220685,SEASON
WR,2024,00-0038608,Kayshon Boutte,15.0,7.2454355482360215,8.126666666666667,1.5223685512446994,2.0179114138660723,121.9,11.030223218704917,14.620647091216451,138.15333333333334,25.88026537115989,34.30449403572323,PPG
WR,2024,00-0038608,Kayshon Boutte,15.0,7.2454355482360215,8.126666666666667,1.5223685512446994,2.0179114138660723,121.9,11.030223218704917,14.620647091216451,138.15333333333334,25.88026537115989,34.30449403572323,SEASON
WR,2024,00-0038618,Xavier Hutchinson,14.0,11.299120852996772,1.692857142857143,2.8399252274215208,2.5159419978062236,23.700000000000003,32.08865835811011,28.42793269234266,28.778571428571432,48.27872886616585,42.7710139627058,PPG
WR,2024,00-0038618,Xavier Hutchinson,14.0,11.299120852996772,1.692857142857143,2.8399252274215208,2.5159419978062236,23.700000000000003,32.08865835811011,28.42793269234266,28.778571428571432,48.27872886616585,42.7710139627058,SEASON
WR,2024,00-0038619,Andrei Iosivas,17.0,10.848711374690021,7.052941176470588,3.736126936207103,4.117823483356765,119.89999999999999,40.53216279011578,44.67307846285822,119.89999999999999,63.51415791552075,70.002999217065,PPG
WR,2024,00-0038619,Andrei Iosivas,17.0,10.848711374690021,7.052941176470588,3.736126936207103,4.117823483356765,119.89999999999999,40.53216279011578,44.67307846285822,119.89999999999999,63.51415791552075,70.002999217065,SEASON
WR,2024,00-0038621,DeMario Douglas,16.0,12.199939809610271,9.16875,7.297442854412204,7.698773242144862,146.7,89.02836358789946,93.92457016200544,155.86874999999998,124.05652852500748,130.87914511646264,PPG
WR,2024,00-0038621,DeMario Douglas,16.0,12.199939809610271,9.16875,7.297442854412204,7.698773242144862,146.7,89.02836358789946,93.92457016200544,155.86874999999998,124.05652852500748,130.87914511646264,SEASON
WR,2024,00-0038640,Jalen Brooks,12.0,7.2454355482360215,2.975,3.682230639626208,4.281490380543071,35.7,26.67936477315159,31.021262602617334,50.575,62.597920873645535,72.7853364692322,PPG
WR,2024,00-0038640,Jalen Brooks,12.0,7.2454355482360215,2.975,3.682230639626208,4.281490380543071,35.7,26.67936477315159,31.021262602617334,50.575,62.597920873645535,72.7853364692322,SEASON
WR,2024,00-0038647,Ronnie Bell,4.0,11.749530331303522,1.05,2.2931788124191517,2.3919393179253325,4.2,26.94377401162141,28.10416356660115,17.85,38.98403981112558,40.662968404730655,PPG
WR,2024,00-0038647,Ronnie Bell,4.0,11.749530331303522,1.05,2.2931788124191517,2.3919393179253325,4.2,26.94377401162141,28.10416356660115,17.85,38.98403981112558,40.662968404730655,SEASON
WR,2024,00-0038752,Jake Bobo,12.0,12.199939809610271,2.4749999999999996,1.6696858029011543,3.866166128976651,29.699999999999996,20.37006629635488,47.16699406746908,42.074999999999996,28.384658649319622,65.72482419260307,PPG
WR,2024,00-0038752,Jake Bobo,12.0,12.199939809610271,2.4749999999999996,1.6696858029011543,3.866166128976651,29.699999999999996,20.37006629635488,47.16699406746908,42.074999999999996,28.384658649319622,65.72482419260307,SEASON
WR,2024,00-0038821,Rakim Jarrett,8.0,9.047073461463022,2.675,1.9954340264717347,2.0758728852704236,21.4,18.052838224992733,18.780574489700722,45.474999999999994,33.922378450019494,35.2898390495972,PPG
WR,2024,00-0038821,Rakim Jarrett,8.0,9.047073461463022,2.675,1.9954340264717347,2.0758728852704236,21.4,18.052838224992733,18.780574489700722,45.474999999999994,33.922378450019494,35.2898390495972,SEASON
WR,2024,00-0038938,Jalin Hyatt,10.0,11.749530331303522,1.4200000000000002,5.061953021033183,5.034118872777248,14.200000000000001,59.47557055626288,59.14853238708377,24.140000000000004,86.05320135756412,85.58002083721321,PPG
WR,2024,00-0038938,Jalin Hyatt,10.0,11.749530331303522,1.4200000000000002,5.061953021033183,5.034118872777248,14.200000000000001,59.47557055626288,59.14853238708377,24.140000000000004,86.05320135756412,85.58002083721321,SEASON
WR,2024,00-0038941,Tyler Scott,4.0,11.749530331303522,0.375,3.6781098249711346,3.3594810494302836,1.5,43.216062950363835,39.4723244877205,6.375,62.52786702450929,57.111177840314824,PPG
WR,2024,00-0038941,Tyler Scott,4.0,11.749530331303522,0.375,3.6781098249711346,3.3594810494302836,1.5,43.216062950363835,39.4723244877205,6.375,62.52786702450929,57.111177840314824,SEASON
WR,2024,00-0038976,Marvin Mims Jr.,17.0,13.100758766223771,7.558823529411765,4.713390298925496,4.465702103400468,128.5,61.74898927728228,58.504085978467614,128.5,80.12763508173344,75.91693575780796,PPG
WR,2024,00-0038976,Marvin Mims Jr.,17.0,13.100758766223771,7.558823529411765,4.713390298925496,4.465702103400468,128.5,61.74898927728228,58.504085978467614,128.5,80.12763508173344,75.91693575780796,SEASON
WR,2024,00-0038977,Tank Dell,14.0,10.398301896383272,10.0,13.474476797267219,13.901420063591816,140.0,140.11167763379612,144.55116260966724,170.0,229.0661055535427,236.32414108106087,PPG
WR,2024,00-0038977,Tank Dell,14.0,10.398301896383272,10.0,13.474476797267219,13.901420063591816,140.0,140.11167763379612,144.55116260966724,170.0,229.0661055535427,236.32414108106087,SEASON
WR,2024,00-0038979,Cedric Tillman,9.0,10.848711374690021,8.877777777777778,4.555913236698669,4.386179573678102,79.9,49.42578775307368,47.58439623239465,150.92222222222222,77.45052502387738,74.56505275252773,PPG
WR,2024,00-0038979,Cedric Tillman,9.0,10.848711374690021,8.877777777777778,4.555913236698669,4.386179573678102,79.9,49.42578775307368,47.58439623239465,150.92222222222222,77.45052502387738,74.56505275252773,SEASON
WR,2024,00-0038994,Jordan Addison,15.0,13.55116824453052,14.166666666666666,10.848807210424951,10.687001870112969,212.5,147.01401176094433,144.82136037151315,240.83333333333331,184.42972257722417,181.67903179192047,PPG
WR,2024,00-0038994,Jordan Addison,15.0,13.55116824453052,14.166666666666666,10.848807210424951,10.687001870112969,212.5,147.01401176094433,144.82136037151315,240.83333333333331,184.42972257722417,181.67903179192047,SEASON
WR,2024,00-0038997,Josh Downs,14.0,13.55116824453052,13.107142857142858,8.922134570694292,8.3963449358755,183.5,120.90534666782044,113.78028286516074,222.82142857142858,151.67628770180295,142.73786390988352,PPG
WR,2024,00-0038997,Josh Downs,14.0,13.55116824453052,13.107142857142858,8.922134570694292,8.3963449358755,183.5,120.90534666782044,113.78028286516074,222.82142857142858,151.67628770180295,142.73786390988352,SEASON
WR,2024,00-0039052,Trey Palmer,15.0,13.55116824453052,2.3466666666666667,6.208608898723382,5.386808487709236,35.2,84.1339037510899,72.99754811801287,39.89333333333333,105.5463512782975,91.575744291057,PPG
WR,2024,00-0039052,Trey Palmer,15.0,13.55116824453052,2.3466666666666667,6.208608898723382,5.386808487709236,35.2,84.1339037510899,72.99754811801287,39.89333333333333,105.5463512782975,91.575744291057,SEASON
WR,2024,00-0039062,Jonathan Mingo,14.0,12.65034928791702,2.228571428571428,5.65325907815435,5.975278830054632,31.199999999999996,71.5157019537403,75.58936429288725,37.88571428571428,96.10540432862395,101.57974011092874,PPG
WR,2024,00-0039062,Jonathan Mingo,14.0,12.65034928791702,2.228571428571428,5.65325907815435,5.975278830054632,31.199999999999996,71.5157019537403,75.58936429288725,37.88571428571428,96.10540432862395,101.57974011092874,SEASON
WR,2024,00-0039064,Zay Flowers,17.0,13.100758766223771,12.323529411764707,11.095659482938135,11.300075722283058,209.5,145.3615582381357,148.0395660776922,209.5,188.6262112099483,192.10128727881198,PPG
WR,2024,00-0039064,Zay Flowers,17.0,13.100758766223771,12.323529411764707,11.095659482938135,11.300075722283058,209.5,145.3615582381357,148.0395660776922,209.5,188.6262112099483,192.10128727881198,SEASON
WR,2024,00-0039067,Rashee Rice,4.0,13.100758766223771,16.224999999999998,11.308099971134524,11.618511166897118,64.89999999999999,148.1446898261754,152.2113120201962,275.825,192.23769950928693,197.514689837251,PPG
WR,2024,00-0039067,Rashee Rice,4.0,13.100758766223771,16.224999999999998,11.308099971134524,11.618511166897118,64.89999999999999,148.1446898261754,152.2113120201962,275.825,192.23769950928693,197.514689837251,SEASON
WR,2024,00-0039075,Puka Nacua,11.0,13.55116824453052,18.781818181818185,15.62698491382786,15.188586256039756,206.60000000000002,211.76390172202161,205.82308775215864,319.29090909090917,265.6587435350736,258.20596635267583,PPG
WR,2024,00-0039075,Puka Nacua,11.0,13.55116824453052,18.781818181818185,15.62698491382786,15.188586256039756,206.60000000000002,211.76390172202161,205.82308775215864,319.29090909090917,265.6587435350736,258.20596635267583,SEASON
WR,2024,00-0039146,Jayden Reed,17.0,13.100758766223771,11.529411764705884,11.86101956467507,11.381659385741928,196.00000000000003,155.3883560382686,149.10837397193163,196.00000000000003,201.6373325994762,193.48820955761278,PPG
WR,2024,00-0039146,Jayden Reed,17.0,13.100758766223771,11.529411764705884,11.86101956467507,11.381659385741928,196.00000000000003,155.3883560382686,149.10837397193163,196.00000000000003,201.6373325994762,193.48820955761278,SEASON
WR,2025,00-0030035,Adam Thielen,14.0,10.347804637005893,2.8285714285714287,11.372302755654989,12.128515372086909,39.6,117.6783671884016,125.50350760727818,48.08571428571429,193.32914684613482,206.18476132547744,PPG
WR,2025,00-0030035,Adam Thielen,14.0,10.347804637005893,2.8285714285714287,11.372302755654989,12.128515372086909,39.6,117.6783671884016,125.50350760727818,48.08571428571429,193.32914684613482,206.18476132547744,SEASON
WR,2025,00-0030279,Keenan Allen,17.0,12.552687552848322,10.629411764705882,11.09330542498466,11.029639086394768,180.7,139.2507969281497,138.45161327219694,180.7,188.58619222473922,187.50386446871107,PPG
WR,2025,00-0030279,Keenan Allen,17.0,12.552687552848322,10.629411764705882,11.09330542498466,11.029639086394768,180.7,139.2507969281497,138.45161327219694,180.7,188.58619222473922,187.50386446871107,SEASON
WR,2025,00-0030564,DeAndre Hopkins,17.0,12.993664136016807,3.9411764705882355,8.676839978823084,8.167491009114014,67.0,112.74394444679034,106.12563500636449,67.0,147.50627963999244,138.84734715493823,PPG
WR,2025,00-0030564,DeAndre Hopkins,17.0,12.993664136016807,3.9411764705882355,8.676839978823084,8.167491009114014,67.0,112.74394444679034,106.12563500636449,67.0,147.50627963999244,138.84734715493823,SEASON
WR,2025,00-0031236,Brandin Cooks,13.0,10.347804637005893,3.9923076923076923,6.038684641093636,6.434646305403992,51.9,62.487128930524996,66.58446287655227,67.86923076923077,102.65763889859181,109.38898719186786,PPG
WR,2025,00-0031236,Brandin Cooks,13.0,10.347804637005893,3.9923076923076923,6.038684641093636,6.434646305403992,51.9,62.487128930524996,66.58446287655227,67.86923076923077,102.65763889859181,109.38898719186786,SEASON
WR,2025,00-0031381,Davante Adams,14.0,12.111710969679836,15.92142857142857,14.942477032844234,14.70564530229324,222.89999999999998,180.9789629928885,178.11052552400577,270.6642857142857,254.02210955835199,249.9959701389851,PPG
WR,2025,00-0031381,Davante Adams,14.0,12.111710969679836,15.92142857142857,14.942477032844234,14.70564530229324,222.89999999999998,180.9789629928885,178.11052552400577,270.6642857142857,254.02210955835199,249.9959701389851,SEASON
WR,2025,00-0031408,Mike Evans,8.0,12.111710969679836,10.600000000000001,14.665591566238211,14.077613986492182,84.80000000000001,177.62540624965143,170.50399174711563,180.20000000000002,249.3150566260496,239.31943777036707,PPG
WR,2025,00-0031408,Mike Evans,8.0,12.111710969679836,10.600000000000001,14.665591566238211,14.077613986492182,84.80000000000001,177.62540624965143,170.50399174711563,180.20000000000002,249.3150566260496,239.31943777036707,SEASON
WR,2025,00-0031588,Stefon Diggs,17.0,9.465851470668921,12.370588235294118,11.657318288409062,12.89455730683045,210.3,110.34644346439264,122.0579642464857,210.3,198.17441090295407,219.20747421611765,PPG
WR,2025,00-0031588,Stefon Diggs,17.0,9.465851470668921,12.370588235294118,11.657318288409062,12.89455730683045,210.3,110.34644346439264,122.0579642464857,210.3,198.17441090295407,219.20747421611765,SEASON
WR,2025,00-0031763,DeAndre Carter,4.0,11.67073438651135,0.0,2.620593605026274,1.8803659318809933,0.0,30.58425189925188,21.94525134042797,0.0,44.550091285446655,31.966220841976888,PPG
WR,2025,00-0031763,DeAndre Carter,4.0,11.67073438651135,0.0,2.620593605026274,1.8803659318809933,0.0,30.58425189925188,21.94525134042797,0.0,44.550091285446655,31.966220841976888,SEASON
WR,2025,00-0032211,Tyler Lockett,17.0,13.434640719185293,3.947058823529412,7.2433058917979904,6.757454952321964,67.10000000000001,97.31121227546402,90.78397946052496,67.10000000000001,123.13620016056583,114.87673418947338,PPG
WR,2025,00-0032211,Tyler Lockett,17.0,13.434640719185293,3.947058823529412,7.2433058917979904,6.757454952321964,67.10000000000001,97.31121227546402,90.78397946052496,67.10000000000001,123.13620016056583,114.87673418947338,SEASON
WR,2025,00-0032385,Sterling Shepard,13.0,11.67073438651135,6.230769230769233,6.109421329749387,6.032030967274358,81.00000000000003,71.30143359479207,70.39823123027017,105.92307692307695,103.86016260573957,102.54452644366408,PPG
WR,2025,00-0032385,Sterling Shepard,13.0,11.67073438651135,6.230769230769233,6.109421329749387,6.032030967274358,81.00000000000003,71.30143359479207,70.39823123027017,105.92307692307695,103.86016260573957,102.54452644366408,SEASON
WR,2025,00-0032464,Kalif Raymond,15.0,11.229757803342865,4.053333333333334,3.810466364411398,4.044650748375268,60.800000000000004,42.79061439012441,45.42044830336373,68.90666666666667,64.77792819499376,68.75906272237955,PPG
WR,2025,00-0032464,Kalif Raymond,15.0,11.229757803342865,4.053333333333334,3.810466364411398,4.044650748375268,60.800000000000004,42.79061439012441,45.42044830336373,68.90666666666667,64.77792819499376,68.75906272237955,SEASON
WR,2025,00-0032775,Demarcus Robinson,14.0,13.434640719185293,4.157142857142857,6.5831383373219134,6.1309617002104915,58.19999999999999,88.44209836661474,82.36726770541335,70.67142857142856,111.91335173447253,104.22634890357836,PPG
WR,2025,00-0032775,Demarcus Robinson,14.0,13.434640719185293,4.157142857142857,6.5831383373219134,6.1309617002104915,58.19999999999999,88.44209836661474,82.36726770541335,70.67142857142856,111.91335173447253,104.22634890357836,SEASON
WR,2025,00-0033040,Tyreek Hill,4.0,13.434640719185293,13.375,11.707025506931364,11.427827988207023,53.5,157.27968157596095,153.5287632222114,227.375,199.0194336178332,194.27307579951938,PPG
WR,2025,00-0033040,Tyreek Hill,4.0,13.434640719185293,13.375,11.707025506931364,11.427827988207023,53.5,157.27968157596095,153.5287632222114,227.375,199.0194336178332,194.27307579951938,SEASON
WR,2025,00-0033282,Curtis Samuel,6.0,12.111710969679836,3.516666666666667,4.643036790376573,4.536748971489401,21.1,56.23511962663099,54.94779228467189,59.78333333333334,78.93162543640173,77.12473251531982,PPG
WR,2025,00-0033282,Curtis Samuel,6.0,12.111710969679836,3.516666666666667,4.643036790376573,4.536748971489401,21.1,56.23511962663099,54.94779228467189,59.78333333333334,78.93162543640173,77.12473251531982,SEASON
WR,2025,00-0033307,Kendrick Bourne,14.0,11.229757803342865,6.578571428571428,5.224066768419331,5.420023546224896,92.1,58.66500455784113,60.865551712521096,111.83571428571427,88.80913506312864,92.14040028582323,PPG
WR,2025,00-0033307,Kendrick Bourne,14.0,11.229757803342865,6.578571428571428,5.224066768419331,5.420023546224896,92.1,58.66500455784113,60.865551712521096,111.83571428571427,88.80913506312864,92.14040028582323,SEASON
WR,2025,00-0033375,Tim Patrick,13.0,12.552687552848322,3.976923076923077,5.54912646095107,5.5983043334868166,51.7,69.65645065556177,70.27376512401679,67.6076923076923,94.3351498361682,95.17117366927589,PPG
WR,2025,00-0033375,Tim Patrick,13.0,12.552687552848322,3.976923076923077,5.54912646095107,5.5983043334868166,51.7,69.65645065556177,70.27376512401679,67.6076923076923,94.3351498361682,95.17117366927589,SEASON
WR,2025,00-0033555,Mack Hollins,14.0,13.434640719185293,8.028571428571428,5.620097471036934,5.381547808835127,112.4,75.50399033018309,72.29916132481878,136.4857142857143,95.54165700762788,91.48631275019716,PPG
WR,2025,00-0033555,Mack Hollins,14.0,13.434640719185293,8.028571428571428,5.620097471036934,5.381547808835127,112.4,75.50399033018309,72.29916132481878,136.4857142857143,95.54165700762788,91.48631275019716,SEASON
WR,2025,00-0033589,David Moore,3.0,12.552687552848322,0.9,5.445072259049115,5.462851915549714,2.7,68.35029077052552,68.57347324337451,15.3,92.56622840383496,92.86848256434514,PPG
WR,2025,00-0033589,David Moore,3.0,12.552687552848322,0.9,5.445072259049115,5.462851915549714,2.7,68.35029077052552,68.57347324337451,15.3,92.56622840383496,92.86848256434514,SEASON
WR,2025,00-0033591,Noah Brown,4.0,10.788781220174378,3.325,7.402785173419005,7.670641108577203,13.3,79.8670296559683,82.7568687389153,56.525000000000006,125.84734794812309,130.40089884581246,PPG
WR,2025,00-0033591,Noah Brown,4.0,10.788781220174378,3.325,7.402785173419005,7.670641108577203,13.3,79.8670296559683,82.7568687389153,56.525000000000006,125.84734794812309,130.40089884581246,SEASON
WR,2025,00-0033857,JuJu Smith-Schuster,17.0,10.788781220174378,4.323529411764706,4.228144023803378,4.576899940867934,73.5,45.61652084020242,49.37917212865319,73.5,71.87844840465743,77.80729899475487,PPG
WR,2025,00-0033857,JuJu Smith-Schuster,17.0,10.788781220174378,4.323529411764706,4.228144023803378,4.576899940867934,73.5,45.61652084020242,49.37917212865319,73.5,71.87844840465743,77.80729899475487,SEASON
WR,2025,00-0033891,Zay Jones,6.0,8.583898304331951,5.050000000000001,2.6046621359296784,3.138901651025294,30.300000000000004,22.358154891964404,26.94401255970078,85.85000000000001,44.279256310804534,53.361328067429994,PPG
WR,2025,00-0033891,Zay Jones,6.0,8.583898304331951,5.050000000000001,2.6046621359296784,3.138901651025294,30.300000000000004,22.358154891964404,26.94401255970078,85.85000000000001,44.279256310804534,53.361328067429994,SEASON
WR,2025,00-0033908,Cooper Kupp,16.0,11.229757803342865,7.331250000000001,11.8982577940331,12.187983598457777,117.30000000000001,133.61455330872826,136.86810392179606,124.63125000000001,202.2703824985627,207.1957211737822,PPG
WR,2025,00-0033908,Cooper Kupp,16.0,11.229757803342865,7.331250000000001,11.8982577940331,12.187983598457777,117.30000000000001,133.61455330872826,136.86810392179606,124.63125000000001,202.2703824985627,207.1957211737822,SEASON
WR,2025,00-0033921,Chris Godwin Jr.,9.0,9.024874887500436,9.222222222222221,14.921267327363992,16.101214352460214,83.0,134.66257079240805,145.3114450677798,156.77777777777777,253.66154456518785,273.72064399182364,PPG
WR,2025,00-0033921,Chris Godwin Jr.,9.0,9.024874887500436,9.222222222222221,14.921267327363992,16.101214352460214,83.0,134.66257079240805,145.3114450677798,156.77777777777777,253.66154456518785,273.72064399182364,SEASON
WR,2025,00-0033943,Josh Reynolds,5.0,9.465851470668921,4.62,4.371350110148237,4.659414569029376,23.1,41.378550868955436,44.105326250702916,78.54,74.31295187252003,79.21004767349939,PPG
WR,2025,00-0033943,Josh Reynolds,5.0,9.465851470668921,4.62,4.371350110148237,4.659414569029376,23.1,41.378550868955436,44.105326250702916,78.54,74.31295187252003,79.21004767349939,SEASON
WR,2025,00-0034054,River Cracraft,2.0,8.142921721163464,0.0,2.4751546044569315,3.1382261908379574,0.0,20.15499019187011,25.55433021529848,0.0,42.077628275767836,53.34984524424527,PPG
WR,2025,00-0034054,River Cracraft,2.0,8.142921721163464,0.0,2.4751546044569315,3.1382261908379574,0.0,20.15499019187011,25.55433021529848,0.0,42.077628275767836,53.34984524424527,SEASON
WR,2025,00-0034272,Marquez Valdes-Scantling,9.0,11.67073438651135,3.4444444444444446,6.045124809675932,6.135854628548125,31.0,70.55104598703778,71.60992960403144,58.55555555555556,102.76712176449084,104.30952868531813,PPG
WR,2025,00-0034272,Marquez Valdes-Scantling,9.0,11.67073438651135,3.4444444444444446,6.045124809675932,6.135854628548125,31.0,70.55104598703778,71.60992960403144,58.55555555555556,102.76712176449084,104.30952868531813,SEASON
WR,2025,00-0034348,Courtland Sutton,17.0,12.993664136016807,12.923529411764704,13.184606744736978,12.943903395956701,219.7,171.31635180657418,168.18873333610875,219.7,224.13831466052864,220.04635773126392,PPG
WR,2025,00-0034348,Courtland Sutton,17.0,12.993664136016807,12.923529411764704,13.184606744736978,12.943903395956701,219.7,171.31635180657418,168.18873333610875,219.7,224.13831466052864,220.04635773126392,SEASON
WR,2025,00-0034386,Justin Watson,3.0,12.552687552848322,2.0,4.345242070127066,4.013154059794474,6.0,54.544466047796895,50.37586901404481,34.0,73.86911519216012,68.22361901650606,PPG
WR,2025,00-0034386,Justin Watson,3.0,12.552687552848322,2.0,4.345242070127066,4.013154059794474,6.0,54.544466047796895,50.37586901404481,34.0,73.86911519216012,68.22361901650606,SEASON
WR,2025,00-0034407,Ray-Ray McCloud,6.0,13.434640719185293,2.316666666666667,8.195407190673995,7.947222442587466,13.900000000000002,110.1023511541328,106.76807823160877,39.38333333333334,139.3219222414579,135.10278152398692,PPG
WR,2025,00-0034407,Ray-Ray McCloud,6.0,13.434640719185293,2.316666666666667,8.195407190673995,7.947222442587466,13.900000000000002,110.1023511541328,106.76807823160877,39.38333333333334,139.3219222414579,135.10278152398692,SEASON
WR,2025,00-0034418,Cedrick Wilson Jr.,6.0,11.67073438651135,1.5666666666666669,4.20230797479783,3.9300197083891604,9.400000000000002,49.044020184183914,45.866216150364686,26.633333333333336,71.43923557156312,66.81033504261572,PPG
WR,2025,00-0034418,Cedrick Wilson Jr.,6.0,11.67073438651135,1.5666666666666669,4.20230797479783,3.9300197083891604,9.400000000000002,49.044020184183914,45.866216150364686,26.633333333333336,71.43923557156312,66.81033504261572,SEASON
WR,2025,00-0034419,Braxton Berrios,4.0,8.583898304331951,2.425,1.2798557611052899,0.9537374086065026,9.7,10.986151697541176,8.186784924515306,41.224999999999994,21.757547938789926,16.213535946310543,PPG
WR,2025,00-0034419,Braxton Berrios,4.0,8.583898304331951,2.425,1.2798557611052899,0.9537374086065026,9.7,10.986151697541176,8.186784924515306,41.224999999999994,21.757547938789926,16.213535946310543,SEASON
WR,2025,00-0034487,Trent Sherfield,4.0,11.67073438651135,1.275,2.0270584254067106,2.1277773809999716,5.1,23.65726046886165,24.83272464727743,21.674999999999997,34.459993231914076,36.17221547699952,PPG
WR,2025,00-0034487,Trent Sherfield,4.0,11.67073438651135,1.275,2.0270584254067106,2.1277773809999716,5.1,23.65726046886165,24.83272464727743,21.674999999999997,34.459993231914076,36.17221547699952,SEASON
WR,2025,00-0034521,Allen Lazard,9.0,11.229757803342865,2.5555555555555554,8.377846349264427,8.688655809589006,23.0,94.08118541585974,97.57150037829247,43.44444444444444,142.42338793749525,147.7071487630131,PPG
WR,2025,00-0034521,Allen Lazard,9.0,11.229757803342865,2.5555555555555554,8.377846349264427,8.688655809589006,23.0,94.08118541585974,97.57150037829247,43.44444444444444,142.42338793749525,147.7071487630131,SEASON
WR,2025,00-0034775,Christian Kirk,11.0,9.465851470668921,5.263636363636364,7.831605453094267,8.410835283259436,57.9,74.1328139958711,79.61571753559538,89.48181818181818,133.13729270260254,142.98419981541042,PPG
WR,2025,00-0034775,Christian Kirk,11.0,9.465851470668921,5.263636363636364,7.831605453094267,8.410835283259436,57.9,74.1328139958711,79.61571753559538,89.48181818181818,133.13729270260254,142.98419981541042,SEASON
WR,2025,00-0034827,DJ Moore,17.0,13.434640719185293,9.888235294117647,11.961904818446996,12.301600332297202,168.1,160.70389355292676,165.2675807354233,168.1,203.35238191359895,209.12720564905243,PPG
WR,2025,00-0034827,DJ Moore,17.0,13.434640719185293,9.888235294117647,11.961904818446996,12.301600332297202,168.1,160.70389355292676,165.2675807354233,168.1,203.35238191359895,209.12720564905243,SEASON
WR,2025,00-0034837,Calvin Ridley,7.0,13.434640719185293,6.757142857142856,10.605479656883773,10.595653267398733,47.3,142.480808844862,142.3487948325637,114.87142857142855,180.29315416702414,180.12610554577847,PPG
WR,2025,00-0034837,Calvin Ridley,7.0,13.434640719185293,6.757142857142856,10.605479656883773,10.595653267398733,47.3,142.480808844862,142.3487948325637,114.87142857142855,180.29315416702414,180.12610554577847,SEASON
WR,2025,00-0034854,KhaDarel Hodge,8.0,10.788781220174378,0.7625,2.667690204846641,2.886662817440659,6.1,28.78112598329258,31.143573593779443,12.962499999999999,45.3507334823929,49.0732678964912,PPG
WR,2025,00-0034854,KhaDarel Hodge,8.0,10.788781220174378,0.7625,2.667690204846641,2.886662817440659,6.1,28.78112598329258,31.143573593779443,12.962499999999999,45.3507334823929,49.0732678964912,SEASON
WR,2025,00-0034860,Dante Pettis,8.0,9.465851470668921,2.3375000000000004,4.207574523777484,4.250055955064878,18.700000000000003,39.82827549384818,40.23039841267609,39.737500000000004,71.52876690421722,72.25095123610294,PPG
WR,2025,00-0034860,Dante Pettis,8.0,9.465851470668921,2.3375000000000004,4.207574523777484,4.250055955064878,18.700000000000003,39.82827549384818,40.23039841267609,39.737500000000004,71.52876690421722,72.25095123610294,SEASON
WR,2025,00-0034928,Steven Sims,3.0,9.906828053837408,0.0,0.7726832338372017,0.8964538561224736,0.0,7.6548399377082,8.881014210804846,0.0,13.135614975232428,15.239715554082052,PPG
WR,2025,00-0034928,Steven Sims,3.0,9.906828053837408,0.0,0.7726832338372017,0.8964538561224736,0.0,7.6548399377082,8.881014210804846,0.0,13.135614975232428,15.239715554082052,SEASON
WR,2025,00-0034960,Jakobi Meyers,16.0,12.552687552848322,10.925,13.07280510660673,12.75064743448589,174.8,164.09883794251428,160.05489334162843,185.72500000000002,222.2376868123144,216.76100638626014,PPG
WR,2025,00-0034960,Jakobi Meyers,16.0,12.552687552848322,10.925,13.07280510660673,12.75064743448589,174.8,164.09883794251428,160.05489334162843,185.72500000000002,222.2376868123144,216.76100638626014,SEASON
WR,2025,00-0035021,Ashton Dulin,12.0,11.67073438651135,1.6666666666666667,2.7596693456077,1.9976284615593591,20.0,32.20736792718506,23.31379117779458,28.333333333333336,46.9143788753309,33.95968384650911,PPG
WR,2025,00-0035021,Ashton Dulin,12.0,11.67073438651135,1.6666666666666667,2.7596693456077,1.9976284615593591,20.0,32.20736792718506,23.31379117779458,28.333333333333336,46.9143788753309,33.95968384650911,SEASON
WR,2025,00-0035140,Mecole Hardman,2.0,11.229757803342865,0.0,2.9245271965428654,3.0373419842547116,0.0,32.84173210646568,34.10861484910525,0.0,49.716962341228715,51.634813732330095,PPG
WR,2025,00-0035140,Mecole Hardman,2.0,11.229757803342865,0.0,2.9245271965428654,3.0373419842547116,0.0,32.84173210646568,34.10861484910525,0.0,49.716962341228715,51.634813732330095,SEASON
WR,2025,00-0035208,Olamide Zaccheaus,14.0,12.993664136016807,6.057142857142857,7.257324650996205,6.790006041687551,84.8,94.29923904108009,88.22705798721297,102.97142857142856,123.37451906693549,115.43010270868837,PPG
WR,2025,00-0035208,Olamide Zaccheaus,14.0,12.993664136016807,6.057142857142857,7.257324650996205,6.790006041687551,84.8,94.29923904108009,88.22705798721297,102.97142857142856,123.37451906693549,115.43010270868837,SEASON
WR,2025,00-0035298,Scott Miller,5.0,8.583898304331951,3.04,2.452853058660602,2.780046190948864,15.2,21.05504121101218,23.863633784450453,51.68,41.69850199723023,47.26078524613069,PPG
WR,2025,00-0035298,Scott Miller,5.0,8.583898304331951,3.04,2.452853058660602,2.780046190948864,15.2,21.05504121101218,23.863633784450453,51.68,41.69850199723023,47.26078524613069,SEASON
WR,2025,00-0035406,Lil'Jordan Humphrey,7.0,12.111710969679836,4.942857142857143,5.0598862301657315,4.6924349231393885,34.6,61.283879559230236,56.83341553309609,84.02857142857144,86.01806591281743,79.7713936933696,PPG
WR,2025,00-0035406,Lil'Jordan Humphrey,7.0,12.111710969679836,4.942857142857143,5.0598862301657315,4.6924349231393885,34.6,61.283879559230236,56.83341553309609,84.02857142857144,86.01806591281743,79.7713936933696,SEASON
WR,2025,00-0035500,Greg Dortch,12.0,13.434640719185293,6.258333333333333,5.524974397707244,4.876896717063649,75.1,74.22604601589398,65.51935521832436,106.39166666666665,93.92456476102315,82.90724419008203,PPG
WR,2025,00-0035500,Greg Dortch,12.0,13.434640719185293,6.258333333333333,5.524974397707244,4.876896717063649,75.1,74.22604601589398,65.51935521832436,106.39166666666665,93.92456476102315,82.90724419008203,SEASON
WR,2025,00-0035535,Darius Slayton,14.0,12.993664136016807,6.985714285714286,6.62645980859482,6.299462781458131,97.8,86.10199316369531,81.8531036196052,118.75714285714285,112.64981674611194,107.09086728478823,PPG
WR,2025,00-0035535,Darius Slayton,14.0,12.993664136016807,6.985714285714286,6.62645980859482,6.299462781458131,97.8,86.10199316369531,81.8531036196052,118.75714285714285,112.64981674611194,107.09086728478823,SEASON
WR,2025,00-0035544,Tom Kennedy,6.0,7.260968554826494,1.2666666666666666,1.1045170780604852,1.0306149327651482,7.6,8.019863772066023,7.483262618942362,21.53333333333333,18.776790327028248,17.520453857007517,PPG
WR,2025,00-0035544,Tom Kennedy,6.0,7.260968554826494,1.2666666666666666,1.1045170780604852,1.0306149327651482,7.6,8.019863772066023,7.483262618942362,21.53333333333333,18.776790327028248,17.520453857007517,SEASON
WR,2025,00-0035602,Alex Bachman,11.0,8.142921721163464,0.2909090909090909,0.9627462586517807,1.9126394683077454,3.1999999999999997,7.8395674215444435,15.57447347123768,4.945454545454545,16.366686397080272,32.51487096123167,PPG
WR,2025,00-0035602,Alex Bachman,11.0,8.142921721163464,0.2909090909090909,0.9627462586517807,1.9126394683077454,3.1999999999999997,7.8395674215444435,15.57447347123768,4.945454545454545,16.366686397080272,32.51487096123167,SEASON
WR,2025,00-0035639,Parris Campbell,1.0,7.701945137994979,0.0,2.1047599956900953,3.650905321459407,0.0,16.21074601545166,28.119072489894275,0.0,35.78091992673162,62.065390464809916,PPG
WR,2025,00-0035639,Parris Campbell,1.0,7.701945137994979,0.0,2.1047599956900953,3.650905321459407,0.0,16.21074601545166,28.119072489894275,0.0,35.78091992673162,62.065390464809916,SEASON
WR,2025,00-0035640,DK Metcalf,15.0,12.552687552848322,12.48,11.19162249231232,11.036587026441765,187.20000000000002,140.48494035542618,138.53882859274282,212.16,190.25758236930943,187.62197944951,PPG
WR,2025,00-0035640,DK Metcalf,15.0,12.552687552848322,12.48,11.19162249231232,11.036587026441765,187.20000000000002,140.48494035542618,138.53882859274282,212.16,190.25758236930943,187.62197944951,SEASON
WR,2025,00-0035659,Terry McLaurin,10.0,13.434640719185293,11.42,13.235514945796929,13.004757144947039,114.2,177.81438803018895,174.71423988262137,194.14,225.0037540785478,221.08087146409966,PPG
WR,2025,00-0035659,Terry McLaurin,10.0,13.434640719185293,11.42,13.235514945796929,13.004757144947039,114.2,177.81438803018895,174.71423988262137,194.14,225.0037540785478,221.08087146409966,SEASON
WR,2025,00-0035676,A.J. Brown,15.0,11.67073438651135,14.686666666666667,14.37040608921991,14.568555683517788,220.3,167.7131924935909,170.02574377743642,249.67333333333335,244.29690351673847,247.6654466198024,PPG
WR,2025,00-0035676,A.J. Brown,15.0,11.67073438651135,14.686666666666667,14.37040608921991,14.568555683517788,220.3,167.7131924935909,170.02574377743642,249.67333333333335,244.29690351673847,247.6654466198024,SEASON
WR,2025,00-0035719,Deebo Samuel Sr.,16.0,12.552687552848322,11.6375,7.59510029797254,9.414062719213351,186.2,95.33892097299449,118.17178791720286,197.83749999999998,129.11670506553318,160.03906622662697,PPG
WR,2025,00-0035719,Deebo Samuel Sr.,16.0,12.552687552848322,11.6375,7.59510029797254,9.414062719213351,186.2,95.33892097299449,118.17178791720286,197.83749999999998,129.11670506553318,160.03906622662697,SEASON
WR,2025,00-0036133,James Proche,6.0,9.906828053837408,2.0833333333333335,1.127552218435941,1.3752470244274877,12.5,11.170465949767786,13.624335802554654,35.41666666666667,19.168387713410997,23.37919941526729,PPG
WR,2025,00-0036133,James Proche,6.0,9.906828053837408,2.0833333333333335,1.127552218435941,1.3752470244274877,12.5,11.170465949767786,13.624335802554654,35.41666666666667,19.168387713410997,23.37919941526729,SEASON
WR,2025,00-0036176,Mason Kinsey,6.0,8.583898304331951,1.1333333333333333,0.5659851973488872,1.4240544014805268,6.8,4.858359375800098,12.223938162145146,19.266666666666666,9.621748354931082,24.208924825168953,PPG
WR,2025,00-0036176,Mason Kinsey,6.0,8.583898304331951,1.1333333333333333,0.5659851973488872,1.4240544014805268,6.8,4.858359375800098,12.223938162145146,19.266666666666666,9.621748354931082,24.208924825168953,SEASON
WR,2025,00-0036182,Nick Westbrook-Ikhine,13.0,12.111710969679836,1.5307692307692307,7.839472937977144,7.883808328317357,19.9,94.94943037940598,95.48640781293457,26.02307692307692,133.27103994561145,134.02474158139506,PPG
WR,2025,00-0036182,Nick Westbrook-Ikhine,13.0,12.111710969679836,1.5307692307692307,7.839472937977144,7.883808328317357,19.9,94.94943037940598,95.48640781293457,26.02307692307692,133.27103994561145,134.02474158139506,SEASON
WR,2025,00-0036196,Gabe Davis,6.0,10.347804637005893,5.15,5.148570509887761,5.497418242059008,30.900000000000002,53.276401796168365,56.88620997673899,87.55000000000001,87.52569866809193,93.45611011500314,PPG
WR,2025,00-0036196,Gabe Davis,6.0,10.347804637005893,5.15,5.148570509887761,5.497418242059008,30.900000000000002,53.276401796168365,56.88620997673899,87.55000000000001,87.52569866809193,93.45611011500314,SEASON
WR,2025,00-0036252,Michael Pittman,17.0,12.993664136016807,11.905882352941177,9.93320541552196,9.78096959722081,202.4,129.0687349633556,127.0906338708788,202.4,168.8644920638733,166.27648315275377,PPG
WR,2025,00-0036252,Michael Pittman,17.0,12.993664136016807,11.905882352941177,9.93320541552196,9.78096959722081,202.4,129.0687349633556,127.0906338708788,202.4,168.8644920638733,166.27648315275377,SEASON
WR,2025,00-0036259,Jauan Jennings,15.0,12.552687552848322,11.486666666666666,12.413361907557778,12.20342631350333,172.29999999999998,155.82105350600204,153.18579758761496,195.27333333333334,211.02715242848222,207.45824732955663,PPG
WR,2025,00-0036259,Jauan Jennings,15.0,12.552687552848322,11.486666666666666,12.413361907557778,12.20342631350333,172.29999999999998,155.82105350600204,153.18579758761496,195.27333333333334,211.02715242848222,207.45824732955663,SEASON
WR,2025,00-0036309,Darnell Mooney,15.0,12.993664136016807,5.353333333333333,10.711733832693795,10.496065409930594,80.29999999999998,139.18467173643123,136.38234868630173,91.00666666666666,182.09947515579452,178.4331119688201,PPG
WR,2025,00-0036309,Darnell Mooney,15.0,12.993664136016807,5.353333333333333,10.711733832693795,10.496065409930594,80.29999999999998,139.18467173643123,136.38234868630173,91.00666666666666,182.09947515579452,178.4331119688201,SEASON
WR,2025,00-0036322,Justin Jefferson,17.0,13.434640719185293,11.852941176470589,16.161463108551164,15.819335683028463,201.5,217.12345035975238,212.52709131767506,201.5,274.7448728453698,268.92870661148385,PPG
WR,2025,00-0036322,Justin Jefferson,17.0,13.434640719185293,11.852941176470589,16.161463108551164,15.819335683028463,201.5,217.12345035975238,212.52709131767506,201.5,274.7448728453698,268.92870661148385,SEASON
WR,2025,00-0036331,Devin Duvernay,17.0,11.67073438651135,0.2705882352941177,2.3553479528398715,2.275738984593799,4.6000000000000005,27.488640345407404,26.559545222223274,4.6000000000000005,40.040915198277816,38.687562738094584,PPG
WR,2025,00-0036331,Devin Duvernay,17.0,11.67073438651135,0.2705882352941177,2.3553479528398715,2.275738984593799,4.6000000000000005,27.488640345407404,26.559545222223274,4.6000000000000005,40.040915198277816,38.687562738094584,SEASON
WR,2025,00-0036358,CeeDee Lamb,13.0,12.552687552848322,15.453846153846152,15.333080560654922,15.162391579320865,200.89999999999998,192.4713695005536,190.32876404915322,262.7153846153846,260.66236953113366,257.7606568484547,PPG
WR,2025,00-0036358,CeeDee Lamb,13.0,12.552687552848322,15.453846153846152,15.333080560654922,15.162391579320865,200.89999999999998,192.4713695005536,190.32876404915322,262.7153846153846,260.66236953113366,257.7606568484547,SEASON
WR,2025,00-0036407,Jerry Jeudy,17.0,13.434640719185293,7.041176470588235,13.224358353182241,12.543755568750242,119.7,177.6645032167603,168.52084933543927,119.7,224.81409200409811,213.24384466875412,PPG
WR,2025,00-0036407,Jerry Jeudy,17.0,13.434640719185293,7.041176470588235,13.224358353182241,12.543755568750242,119.7,177.6645032167603,168.52084933543927,119.7,224.81409200409811,213.24384466875412,SEASON
WR,2025,00-0036410,Tee Higgins,15.0,11.229757803342865,14.106666666666666,15.095111446469945,15.019214656964966,211.6,169.51444555832606,168.66214299413386,239.8133333333333,256.61689458998904,255.32664916840443,PPG
WR,2025,00-0036410,Tee Higgins,15.0,11.229757803342865,14.106666666666666,15.095111446469945,15.019214656964966,211.6,169.51444555832606,168.66214299413386,239.8133333333333,256.61689458998904,255.32664916840443,SEASON
WR,2025,00-0036415,Van Jefferson,14.0,12.552687552848322,5.0,4.479583743385342,4.1712645183966846,70.0,56.23081509753487,52.36058019971591,85.0,76.15292363755081,70.91149681274364,PPG
WR,2025,00-0036415,Van Jefferson,14.0,12.552687552848322,5.0,4.479583743385342,4.1712645183966846,70.0,56.23081509753487,52.36058019971591,85.0,76.15292363755081,70.91149681274364,SEASON
WR,2025,00-0036427,Tyler Johnson,9.0,10.788781220174378,4.188888888888889,5.59670270041248,5.27023069124636,37.7,60.381600989109394,56.85936590770537,71.21111111111111,95.14394590701215,89.59392175118812,PPG
WR,2025,00-0036427,Tyler Johnson,9.0,10.788781220174378,4.188888888888889,5.59670270041248,5.27023069124636,37.7,60.381600989109394,56.85936590770537,71.21111111111111,95.14394590701215,89.59392175118812,SEASON
WR,2025,00-0036497,Tim Jones,2.0,9.465851470668921,1.25,1.6609688831663263,1.699630807293004,2.5,15.722484745455287,16.088452776808687,21.25,28.236471013827547,28.89372372398107,PPG
WR,2025,00-0036497,Tim Jones,2.0,9.465851470668921,1.25,1.6609688831663263,1.699630807293004,2.5,15.722484745455287,16.088452776808687,21.25,28.236471013827547,28.89372372398107,SEASON
WR,2025,00-0036527,DJ Turner,1.0,11.229757803342865,0.0,3.7768095502049785,3.8933178269478637,0.0,42.412656518154215,43.72101624806166,0.0,64.20576235348463,66.18640305811368,PPG
WR,2025,00-0036527,DJ Turner,1.0,11.229757803342865,0.0,3.7768095502049785,3.8933178269478637,0.0,42.412656518154215,43.72101624806166,0.0,64.20576235348463,66.18640305811368,SEASON
WR,2025,00-0036550,Rashod Bateman,13.0,12.993664136016807,4.2615384615384615,9.533585363230955,9.168972198279413,55.4,123.87620622186883,119.13854521691839,72.44615384615385,162.07095117492622,155.87252737075002,PPG
WR,2025,00-0036550,Rashod Bateman,13.0,12.993664136016807,4.2615384615384615,9.533585363230955,9.168972198279413,55.4,123.87620622186883,119.13854521691839,72.44615384615385,162.07095117492622,155.87252737075002,SEASON
WR,2025,00-0036554,Nico Collins,15.0,11.229757803342865,15.013333333333335,14.740129121886051,14.748388330709258,225.20000000000005,165.5280800287813,165.62082894351315,255.2266666666667,250.58219507206286,250.72260162205737,PPG
WR,2025,00-0036554,Nico Collins,15.0,11.229757803342865,15.013333333333335,14.740129121886051,14.748388330709258,225.20000000000005,165.5280800287813,165.62082894351315,255.2266666666667,250.58219507206286,250.72260162205737,SEASON
WR,2025,00-0036613,Jaylen Waddle,16.0,12.552687552848322,12.05,8.951286710725853,8.931556758158504,192.8,112.36270527570501,112.11504134569456,204.85000000000002,152.1718740823395,151.83646488869456,PPG
WR,2025,00-0036613,Jaylen Waddle,16.0,12.552687552848322,12.05,8.951286710725853,8.931556758158504,192.8,112.36270527570501,112.11504134569456,204.85000000000002,152.1718740823395,151.83646488869456,SEASON
WR,2025,00-0036620,Dee Eskridge,11.0,8.142921721163464,0.9272727272727274,1.537949980957768,2.1125544272514003,10.200000000000001,12.523406306003945,17.20236533280547,15.763636363636365,26.145149676282056,35.91342526327381,PPG
WR,2025,00-0036620,Dee Eskridge,11.0,8.142921721163464,0.9272727272727274,1.537949980957768,2.1125544272514003,10.200000000000001,12.523406306003945,17.20236533280547,15.763636363636365,26.145149676282056,35.91342526327381,SEASON
WR,2025,00-0036626,Dyami Brown,11.0,12.552687552848322,4.427272727272728,4.978018171108369,4.795900854815268,48.7,62.48750673432479,60.20144496493425,75.26363636363637,84.62630890884228,81.53031453185956,PPG
WR,2025,00-0036626,Dyami Brown,11.0,12.552687552848322,4.427272727272728,4.978018171108369,4.795900854815268,48.7,62.48750673432479,60.20144496493425,75.26363636363637,84.62630890884228,81.53031453185956,SEASON
WR,2025,00-0036630,Tylan Wallace,11.0,11.229757803342865,1.3181818181818181,2.9048142164820328,3.3467306793712877,14.5,32.6203601148004,37.58297496235669,22.409090909090907,49.381841680194555,56.89442154931189,PPG
WR,2025,00-0036630,Tylan Wallace,11.0,11.229757803342865,1.3181818181818181,2.9048142164820328,3.3467306793712877,14.5,32.6203601148004,37.58297496235669,22.409090909090907,49.381841680194555,56.89442154931189,SEASON
WR,2025,00-0036646,Simi Fehoko,7.0,8.583898304331951,0.0,3.0643563341818774,3.4137772456068296,0.0,26.304123140852692,29.303516709931465,0.0,52.09405768109192,58.034213175316104,PPG
WR,2025,00-0036646,Simi Fehoko,7.0,8.583898304331951,0.0,3.0643563341818774,3.4137772456068296,0.0,26.304123140852692,29.303516709931465,0.0,52.09405768109192,58.034213175316104,SEASON
WR,2025,00-0036849,Tutu Atwell,8.0,12.552687552848322,3.9000000000000004,7.1696664292426435,6.403878904725051,31.200000000000003,89.99858254442861,80.38589101729009,66.30000000000001,121.88432929712494,108.86594138032586,PPG
WR,2025,00-0036849,Tutu Atwell,8.0,12.552687552848322,3.9000000000000004,7.1696664292426435,6.403878904725051,31.200000000000003,89.99858254442861,80.38589101729009,66.30000000000001,121.88432929712494,108.86594138032586,SEASON
WR,2025,00-0036862,Ben Skowronek,16.0,9.906828053837408,1.05625,1.7491179165723973,2.061786203713369,16.9,17.328210445369066,20.425761403962532,17.956249999999997,29.735004581730756,35.05036546312727,PPG
WR,2025,00-0036862,Ben Skowronek,16.0,9.906828053837408,1.05625,1.7491179165723973,2.061786203713369,16.9,17.328210445369066,20.425761403962532,17.956249999999997,29.735004581730756,35.05036546312727,SEASON
WR,2025,00-0036900,Ja'Marr Chase,16.0,13.434640719185293,19.5375,19.67231448019084,19.12199219604254,312.6,264.29047715619026,256.8970949888965,332.13750000000005,334.42934616324425,325.0738673327232,PPG
WR,2025,00-0036900,Ja'Marr Chase,16.0,13.434640719185293,19.5375,19.67231448019084,19.12199219604254,312.6,264.29047715619026,256.8970949888965,332.13750000000005,334.42934616324425,325.0738673327232,SEASON
WR,2025,00-0036912,DeVonta Smith,17.0,11.67073438651135,11.870588235294118,12.768271258090083,13.062835740816793,201.8,149.01510242809647,152.45288626570002,201.8,217.06061138753142,222.06820759388546,PPG
WR,2025,00-0036912,DeVonta Smith,17.0,11.67073438651135,11.870588235294118,12.768271258090083,13.062835740816793,201.8,149.01510242809647,152.45288626570002,201.8,217.06061138753142,222.06820759388546,SEASON
WR,2025,00-0036963,Amon-Ra St. Brown,17.0,13.434640719185293,19.000000000000004,15.554303367517404,15.2231265760848,323.00000000000006,208.96647737981024,204.51723617238065,323.00000000000006,264.42315724779587,258.7931517934416,PPG
WR,2025,00-0036963,Amon-Ra St. Brown,17.0,13.434640719185293,19.000000000000004,15.554303367517404,15.2231265760848,323.00000000000006,208.96647737981024,204.51723617238065,323.00000000000006,264.42315724779587,258.7931517934416,SEASON
WR,2025,00-0036980,Elijah Moore,9.0,13.434640719185293,3.1777777777777776,7.095110408385402,6.786732491153176,28.599999999999998,95.32025919960991,91.17731267586429,54.02222222222222,120.61687694255184,115.37445234960398,PPG
WR,2025,00-0036980,Elijah Moore,9.0,13.434640719185293,3.1777777777777776,7.095110408385402,6.786732491153176,28.599999999999998,95.32025919960991,91.17731267586429,54.02222222222222,120.61687694255184,115.37445234960398,SEASON
WR,2025,00-0036988,Josh Palmer,12.0,12.552687552848322,4.358333333333333,7.476507353179021,6.908547270298244,52.3,93.85026079102926,86.72083532813701,74.09166666666667,127.10062500404335,117.44530359507014,PPG
WR,2025,00-0036988,Josh Palmer,12.0,12.552687552848322,4.358333333333333,7.476507353179021,6.908547270298244,52.3,93.85026079102926,86.72083532813701,74.09166666666667,127.10062500404335,117.44530359507014,SEASON
WR,2025,00-0037091,Bo Melton,13.0,11.67073438651135,1.8615384615384616,2.8638809815342827,2.522218385151084,24.2,33.42359425006803,29.436140837873886,31.646153846153847,48.6859766860828,42.87771254756843,PPG
WR,2025,00-0037091,Bo Melton,13.0,11.67073438651135,1.8615384615384616,2.8638809815342827,2.522218385151084,24.2,33.42359425006803,29.436140837873886,31.646153846153847,48.6859766860828,42.87771254756843,SEASON
WR,2025,00-0037093,Dareke Young,8.0,9.024874887500436,0.8500000000000001,1.639441226893982,0.8964538561224736,6.800000000000001,14.795751958128402,8.090383893922642,14.450000000000001,27.870500857197694,15.239715554082052,PPG
WR,2025,00-0037093,Dareke Young,8.0,9.024874887500436,0.8500000000000001,1.639441226893982,0.8964538561224736,6.800000000000001,14.795751958128402,8.090383893922642,14.450000000000001,27.870500857197694,15.239715554082052,SEASON
WR,2025,00-0037132,Britain Covey,6.0,8.142921721163464,0.6666666666666667,2.0272286245469737,2.678096545026452,4.0,16.507564000587887,21.807530527868725,11.333333333333334,34.46288661729855,45.52764126544968,PPG
WR,2025,00-0037132,Britain Covey,6.0,8.142921721163464,0.6666666666666667,2.0272286245469737,2.678096545026452,4.0,16.507564000587887,21.807530527868725,11.333333333333334,34.46288661729855,45.52764126544968,SEASON
WR,2025,00-0037231,Kevin Austin Jr.,5.0,9.465851470668921,6.6000000000000005,3.479597958022757,3.9827093482777474,33.0,32.93735744828629,37.699735141641774,112.2,59.15316528638687,67.7060589207217,PPG
WR,2025,00-0037231,Kevin Austin Jr.,5.0,9.465851470668921,6.6000000000000005,3.479597958022757,3.9827093482777474,33.0,32.93735744828629,37.699735141641774,112.2,59.15316528638687,67.7060589207217,SEASON
WR,2025,00-0037238,Drake London,12.0,13.434640719185293,16.74166666666667,14.431107935142904,14.062677067581214,200.90000000000003,193.87675028842884,188.9270139528798,284.6083333333334,245.32883489742937,239.06551014888063,PPG
WR,2025,00-0037238,Drake London,12.0,13.434640719185293,16.74166666666667,14.431107935142904,14.062677067581214,200.90000000000003,193.87675028842884,188.9270139528798,284.6083333333334,245.32883489742937,239.06551014888063,SEASON
WR,2025,00-0037239,Chris Olave,16.0,9.465851470668921,16.89375,8.502380591118587,9.127371663222005,270.3,80.48227182262677,86.39834448165186,287.19375,144.540470049016,155.16531827477408,PPG
WR,2025,00-0037239,Chris Olave,16.0,9.465851470668921,16.89375,8.502380591118587,9.127371663222005,270.3,80.48227182262677,86.39834448165186,287.19375,144.540470049016,155.16531827477408,SEASON
WR,2025,00-0037240,Jameson Williams,17.0,12.552687552848322,12.935294117647059,11.83052589560416,11.890857855768436,219.9,148.50489515340007,149.26222339879314,219.9,201.1189402252707,202.14458354806342,PPG
WR,2025,00-0037240,Jameson Williams,17.0,12.552687552848322,12.935294117647059,11.83052589560416,11.890857855768436,219.9,148.50489515340007,149.26222339879314,219.9,201.1189402252707,202.14458354806342,SEASON
WR,2025,00-0037247,George Pickens,17.0,12.111710969679836,16.93529411764706,10.322140482602169,10.755959019527202,287.90000000000003,125.01878211370901,130.27306684623437,287.90000000000003,175.47638820423688,182.85130333196244,PPG
WR,2025,00-0037247,George Pickens,17.0,12.111710969679836,16.93529411764706,10.322140482602169,10.755959019527202,287.90000000000003,125.01878211370901,130.27306684623437,287.90000000000003,175.47638820423688,182.85130333196244,SEASON
WR,2025,00-0037261,Khalil Shakir,16.0,12.552687552848322,10.3375,10.882795681861863,10.957388079505053,165.4,136.60833389589888,137.54466895733165,175.7375,185.00752659165167,186.2755973515859,PPG
WR,2025,00-0037261,Khalil Shakir,16.0,12.552687552848322,10.3375,10.882795681861863,10.957388079505053,165.4,136.60833389589888,137.54466895733165,175.7375,185.00752659165167,186.2755973515859,SEASON
WR,2025,00-0037291,Jalen Nailor,17.0,12.552687552848322,5.923529411764706,5.835312544702941,6.004406264581473,100.7,73.24885514687227,75.37143577965634,100.7,99.20031325995,102.07490649788504,PPG
WR,2025,00-0037291,Jalen Nailor,17.0,12.552687552848322,5.923529411764706,5.835312544702941,6.004406264581473,100.7,73.24885514687227,75.37143577965634,100.7,99.20031325995,102.07490649788504,SEASON
WR,2025,00-0037487,Deven Thompkins,7.0,8.142921721163464,0.8857142857142857,0.9572559954458985,2.025785899414212,6.199999999999999,7.794860638030361,16.495816002766652,15.057142857142857,16.273351922580275,34.4383602900416,PPG
WR,2025,00-0037487,Deven Thompkins,7.0,8.142921721163464,0.8857142857142857,0.9572559954458985,2.025785899414212,6.199999999999999,7.794860638030361,16.495816002766652,15.057142857142857,16.273351922580275,34.4383602900416,SEASON
WR,2025,00-0037545,Rashid Shaheed,18.0,8.583898304331951,7.977777777777778,9.913026307588202,11.149918057054695,143.6,85.09240971250439,95.709762703392,135.62222222222223,168.52144722899945,189.5486069699298,PPG
WR,2025,00-0037545,Rashid Shaheed,18.0,8.583898304331951,7.977777777777778,9.913026307588202,11.149918057054695,143.6,85.09240971250439,95.709762703392,135.62222222222223,168.52144722899945,189.5486069699298,SEASON
WR,2025,00-0037614,John Metchie III,13.0,10.347804637005893,5.569230769230769,5.386138256511426,5.584730986570305,72.39999999999999,55.73470642628377,57.7897051992627,94.67692307692307,91.56435036069425,94.94042677169519,PPG
WR,2025,00-0037614,John Metchie III,13.0,10.347804637005893,5.569230769230769,5.386138256511426,5.584730986570305,72.39999999999999,55.73470642628377,57.7897051992627,94.67692307692307,91.56435036069425,94.94042677169519,SEASON
WR,2025,00-0037664,Alec Pierce,15.0,12.993664136016807,12.219999999999999,9.21008200480071,8.882001971848522,183.29999999999998,119.67271223555278,115.40975047763871,207.73999999999998,156.57139408161208,150.99403352142488,PPG
WR,2025,00-0037664,Alec Pierce,15.0,12.993664136016807,12.219999999999999,9.21008200480071,8.882001971848522,183.29999999999998,119.67271223555278,115.40975047763871,207.73999999999998,156.57139408161208,150.99403352142488,SEASON
WR,2025,00-0037666,Jalen Tolbert,12.0,13.434640719185293,3.858333333333334,8.33674848463141,7.645731969234256,46.300000000000004,112.00122065723544,102.71766204185128,65.59166666666667,141.72472423873398,129.97744347698236,PPG
WR,2025,00-0037666,Jalen Tolbert,12.0,13.434640719185293,3.858333333333334,8.33674848463141,7.645731969234256,46.300000000000004,112.00122065723544,102.71766204185128,65.59166666666667,141.72472423873398,129.97744347698236,SEASON
WR,2025,00-0037740,Garrett Wilson,7.0,13.434640719185293,14.071428571428573,12.689108207571804,12.634695748580972,98.50000000000001,170.47360981559245,169.74259797840324,239.21428571428575,215.71483952872066,214.78982772587653,PPG
WR,2025,00-0037740,Garrett Wilson,7.0,13.434640719185293,14.071428571428573,12.689108207571804,12.634695748580972,98.50000000000001,170.47360981559245,169.74259797840324,239.21428571428575,215.71483952872066,214.78982772587653,SEASON
WR,2025,00-0037741,Jahan Dotson,15.0,12.111710969679836,3.3466666666666667,4.292906677347683,3.444690849618356,50.2,51.99444489584375,41.7210999504784,56.89333333333333,72.97941351491062,58.55974444351205,PPG
WR,2025,00-0037741,Jahan Dotson,15.0,12.111710969679836,3.3466666666666667,4.292906677347683,3.444690849618356,50.2,51.99444489584375,41.7210999504784,56.89333333333333,72.97941351491062,58.55974444351205,SEASON
WR,2025,00-0037742,Treylon Burks,8.0,8.142921721163464,3.625,1.4423692777221393,2.2802796509493946,29.0,11.745100121502466,18.56813870004287,61.625,24.52027772127637,38.76475406613971,PPG
WR,2025,00-0037742,Treylon Burks,8.0,8.142921721163464,3.625,1.4423692777221393,2.2802796509493946,29.0,11.745100121502466,18.56813870004287,61.625,24.52027772127637,38.76475406613971,SEASON
WR,2025,00-0037801,KaVontae Turpin,15.0,13.434640719185293,5.566666666666668,5.5034349641817935,5.332420385824015,83.50000000000003,73.93667146518477,71.63915204720506,94.63333333333335,93.55839439109049,90.65114655900825,PPG
WR,2025,00-0037801,KaVontae Turpin,15.0,13.434640719185293,5.566666666666668,5.5034349641817935,5.332420385824015,83.50000000000003,73.93667146518477,71.63915204720506,94.63333333333335,93.55839439109049,90.65114655900825,SEASON
WR,2025,00-0037816,Romeo Doubs,16.0,11.67073438651135,10.275,9.256698482171599,8.93028983392077,164.4,108.0324692814475,104.22304064625187,174.675,157.36387419691718,151.8149271766531,PPG
WR,2025,00-0037816,Romeo Doubs,16.0,11.67073438651135,10.275,9.256698482171599,8.93028983392077,164.4,108.0324692814475,104.22304064625187,174.675,157.36387419691718,151.8149271766531,SEASON
WR,2025,00-0037837,Calvin Austin III,14.0,13.434640719185293,6.1571428571428575,6.699540672695305,6.4088218623561035,86.2,90.00592192123037,86.10021915401423,104.67142857142858,113.89219143582018,108.94997166005376,PPG
WR,2025,00-0037837,Calvin Austin III,14.0,13.434640719185293,6.1571428571428575,6.699540672695305,6.4088218623561035,86.2,90.00592192123037,86.10021915401423,104.67142857142858,113.89219143582018,108.94997166005376,SEASON
WR,2025,00-0038090,Skyy Moore,17.0,7.260968554826494,0.8705882352941177,0.9649779516096849,1.0503356998857636,14.8,7.006674562738804,7.6264544888822074,14.8,16.404625177364643,17.85570689805798,PPG
WR,2025,00-0038090,Skyy Moore,17.0,7.260968554826494,0.8705882352941177,0.9649779516096849,1.0503356998857636,14.8,7.006674562738804,7.6264544888822074,14.8,16.404625177364643,17.85570689805798,SEASON
WR,2025,00-0038104,Tyquan Thornton,12.0,7.701945137994979,6.733333333333333,2.3163537990024574,2.8949354935895983,80.8,17.840429880103176,22.296634349661502,114.46666666666667,39.378014583041775,49.21390339102317,PPG
WR,2025,00-0038104,Tyquan Thornton,12.0,7.701945137994979,6.733333333333333,2.3163537990024574,2.8949354935895983,80.8,17.840429880103176,22.296634349661502,114.46666666666667,39.378014583041775,49.21390339102317,SEASON
WR,2025,00-0038117,Wan'Dale Robinson,16.0,13.434640719185293,13.55625,10.62352660243124,9.893313121683107,216.9,142.72326307437092,132.91310731221404,230.45625,180.59995224133107,168.1863230686128,PPG
WR,2025,00-0038117,Wan'Dale Robinson,16.0,13.434640719185293,13.55625,10.62352660243124,9.893313121683107,216.9,142.72326307437092,132.91310731221404,230.45625,180.59995224133107,168.1863230686128,SEASON
WR,2025,00-0038124,Christian Watson,10.0,12.111710969679836,13.24,7.580396932125839,7.316884819648361,132.4,91.8115766773559,88.61999413401891,225.08,128.86674784613928,124.38704193402214,PPG
WR,2025,00-0038124,Christian Watson,10.0,12.111710969679836,13.24,7.580396932125839,7.316884819648361,132.4,91.8115766773559,88.61999413401891,225.08,128.86674784613928,124.38704193402214,SEASON
WR,2025,00-0038359,Xavier Smith,16.0,12.111710969679836,3.01875,1.5154395378122654,1.2458634067888859,48.3,18.354565674007354,15.08953749072764,51.318749999999994,25.762472142808512,21.17967791541106,PPG
WR,2025,00-0038359,Xavier Smith,16.0,12.111710969679836,3.01875,1.5154395378122654,1.2458634067888859,48.3,18.354565674007354,15.08953749072764,51.318749999999994,25.762472142808512,21.17967791541106,SEASON
WR,2025,00-0038393,Dontayvion Wicks,13.0,13.434640719185293,5.830769230769231,6.846755370085505,6.246933123655188,75.80000000000001,91.9836984892513,83.92530211308535,99.12307692307694,116.39484129145359,106.19786310213819,PPG
WR,2025,00-0038393,Dontayvion Wicks,13.0,13.434640719185293,5.830769230769231,6.846755370085505,6.246933123655188,75.80000000000001,91.9836984892513,83.92530211308535,99.12307692307694,116.39484129145359,106.19786310213819,SEASON
WR,2025,00-0038465,Malik Heath,7.0,8.142921721163464,2.085714285714286,4.26354145921232,5.420367483569213,14.600000000000001,34.71768435730097,44.13762811864389,35.45714285714286,72.48020480660944,92.14624722067661,PPG
WR,2025,00-0038465,Malik Heath,7.0,8.142921721163464,2.085714285714286,4.26354145921232,5.420367483569213,14.600000000000001,34.71768435730097,44.13762811864389,35.45714285714286,72.48020480660944,92.14624722067661,SEASON
WR,2025,00-0038496,Xavier Gipson,6.0,13.434640719185293,0.43333333333333335,2.2437992913699185,1.5439269147492234,2.6,30.14463732551741,20.742103396336038,7.366666666666667,38.144587953288614,26.2467575507368,PPG
WR,2025,00-0038496,Xavier Gipson,6.0,13.434640719185293,0.43333333333333335,2.2437992913699185,1.5439269147492234,2.6,30.14463732551741,20.742103396336038,7.366666666666667,38.144587953288614,26.2467575507368,SEASON
WR,2025,00-0038519,Nikko Remigio,14.0,8.142921721163464,0.30000000000000004,2.2456900529374106,1.9808122642783361,4.200000000000001,18.286478311064773,16.12959921233905,5.1000000000000005,38.17673089993598,33.673808492731716,PPG
WR,2025,00-0038519,Nikko Remigio,14.0,8.142921721163464,0.30000000000000004,2.2456900529374106,1.9808122642783361,4.200000000000001,18.286478311064773,16.12959921233905,5.1000000000000005,38.17673089993598,33.673808492731716,SEASON
WR,2025,00-0038543,Jaxon Smith-Njigba,17.0,13.434640719185293,20.994117647058825,13.035600095603357,13.059560357217126,356.90000000000003,175.12860384340854,175.45050134972723,356.90000000000003,221.60520162525705,222.01252607269114,PPG
WR,2025,00-0038543,Jaxon Smith-Njigba,17.0,13.434640719185293,20.994117647058825,13.035600095603357,13.059560357217126,356.90000000000003,175.12860384340854,175.45050134972723,356.90000000000003,221.60520162525705,222.01252607269114,SEASON
WR,2025,00-0038544,Quentin Johnston,13.0,12.552687552848322,13.092307692307694,10.415144496808725,10.122769188985494,170.20000000000002,130.7380546862076,127.06795879893471,222.56923076923078,177.05745644574833,172.0870762127534,PPG
WR,2025,00-0038544,Quentin Johnston,13.0,12.552687552848322,13.092307692307694,10.415144496808725,10.122769188985494,170.20000000000002,130.7380546862076,127.06795879893471,222.56923076923078,177.05745644574833,172.0870762127534,SEASON
WR,2025,00-0038559,Michael Wilson,17.0,12.993664136016807,12.976470588235294,7.123447906693608,7.045425602002575,220.6,92.55968958998874,91.54589396771549,220.6,121.09861441379134,119.77223523404378,PPG
WR,2025,00-0038559,Michael Wilson,17.0,12.993664136016807,12.976470588235294,7.123447906693608,7.045425602002575,220.6,92.55968958998874,91.54589396771549,220.6,121.09861441379134,119.77223523404378,SEASON
WR,2025,00-0038563,Tre Tucker,17.0,13.434640719185293,9.511764705882353,6.996322266516271,7.019368420715544,161.7,93.99307600628224,94.30269280790841,161.7,118.93747853077662,119.32926315216426,PPG
WR,2025,00-0038563,Tre Tucker,17.0,13.434640719185293,9.511764705882353,6.996322266516271,7.019368420715544,161.7,93.99307600628224,94.30269280790841,161.7,118.93747853077662,119.32926315216426,SEASON
WR,2025,00-0038573,Derius Davis,11.0,12.552687552848322,0.3181818181818182,2.8027722934620516,3.010118443845573,3.5,35.18232488160924,37.785076322659485,5.409090909090909,47.647128988854874,51.17201354537474,PPG
WR,2025,00-0038573,Derius Davis,11.0,12.552687552848322,0.3181818181818182,2.8027722934620516,3.010118443845573,3.5,35.18232488160924,37.785076322659485,5.409090909090909,47.647128988854874,51.17201354537474,SEASON
WR,2025,00-0038576,Charlie Jones,14.0,9.024874887500436,0.0,0.507565223792552,1.0567079741181882,0.0,4.580712641973942,9.536657259040698,0.0,8.628608804473384,17.9640355600092,PPG
WR,2025,00-0038576,Charlie Jones,14.0,9.024874887500436,0.0,0.507565223792552,1.0567079741181882,0.0,4.580712641973942,9.536657259040698,0.0,8.628608804473384,17.9640355600092,SEASON
WR,2025,00-0038606,Parker Washington,16.0,12.111710969679836,10.79375,5.918856013520913,6.031180122470456,172.7,71.6874733069167,73.0479104494404,183.49374999999998,100.62055222985552,102.53006208199776,PPG
WR,2025,00-0038606,Parker Washington,16.0,12.111710969679836,10.79375,5.918856013520913,6.031180122470456,172.7,71.6874733069167,73.0479104494404,183.49374999999998,100.62055222985552,102.53006208199776,SEASON
WR,2025,00-0038608,Kayshon Boutte,14.0,12.552687552848322,8.864285714285714,7.845698305056471,7.6906969962479765,124.1,98.48459945728554,96.53891645752995,150.69285714285712,133.37687118596,130.7418489362156,PPG
WR,2025,00-0038608,Kayshon Boutte,14.0,12.552687552848322,8.864285714285714,7.845698305056471,7.6906969962479765,124.1,98.48459945728554,96.53891645752995,150.69285714285712,133.37687118596,130.7418489362156,SEASON
WR,2025,00-0038618,Xavier Hutchinson,16.0,12.111710969679836,6.125000000000001,2.8916839093910918,2.419370200249832,98.00000000000001,35.023239726218755,29.30271259408239,104.12500000000001,49.15862645964856,41.12929340424714,PPG
WR,2025,00-0038618,Xavier Hutchinson,16.0,12.111710969679836,6.125000000000001,2.8916839093910918,2.419370200249832,98.00000000000001,35.023239726218755,29.30271259408239,104.12500000000001,49.15862645964856,41.12929340424714,SEASON
WR,2025,00-0038619,Andrei Iosivas,15.0,13.434640719185293,5.993333333333334,6.41028888796862,6.151832387879701,89.9,86.11992811604424,82.64765789581153,101.88666666666668,108.97491109546654,104.58115059395493,PPG
WR,2025,00-0038619,Andrei Iosivas,15.0,13.434640719185293,5.993333333333334,6.41028888796862,6.151832387879701,89.9,86.11992811604424,82.64765789581153,101.88666666666668,108.97491109546654,104.58115059395493,SEASON
WR,2025,00-0038621,DeMario Douglas,16.0,12.993664136016807,5.9875,8.50150652880999,8.327324941666399,95.8,110.46572048551111,108.20246344348894,101.7875,144.52561098976983,141.5645240083288,PPG
WR,2025,00-0038621,DeMario Douglas,16.0,12.993664136016807,5.9875,8.50150652880999,8.327324941666399,95.8,110.46572048551111,108.20246344348894,101.7875,144.52561098976983,141.5645240083288,SEASON
WR,2025,00-0038640,Jalen Brooks,5.0,11.229757803342865,1.62,3.8612447112148063,3.388584403721125,8.100000000000001,43.36084292638084,38.05298214997323,27.540000000000003,65.64116009065171,57.60593486325912,PPG
WR,2025,00-0038640,Jalen Brooks,5.0,11.229757803342865,1.62,3.8612447112148063,3.388584403721125,8.100000000000001,43.36084292638084,38.05298214997323,27.540000000000003,65.64116009065171,57.60593486325912,SEASON
WR,2025,00-0038647,Ronnie Bell,2.0,7.701945137994979,5.15,1.542030921524448,2.141207974114155,10.3,11.87663755867314,16.4914663456646,87.55000000000001,26.214525665915616,36.400535559940636,PPG
WR,2025,00-0038647,Ronnie Bell,2.0,7.701945137994979,5.15,1.542030921524448,2.141207974114155,10.3,11.87663755867314,16.4914663456646,87.55000000000001,26.214525665915616,36.400535559940636,SEASON
WR,2025,00-0038752,Jake Bobo,5.0,11.229757803342865,0.8,2.7332691551849804,2.7499644612117944,4.0,30.693950624074894,30.881434867208707,13.600000000000001,46.465575638144664,46.749395840600506,PPG
WR,2025,00-0038752,Jake Bobo,5.0,11.229757803342865,0.8,2.7332691551849804,2.7499644612117944,4.0,30.693950624074894,30.881434867208707,13.600000000000001,46.465575638144664,46.749395840600506,SEASON
WR,2025,00-0038824,Ryan Miller,9.0,9.906828053837408,1.2666666666666666,3.564785807996448,3.8326932138607495,11.399999999999999,35.315720048580665,37.96983265282793,21.53333333333333,60.60135873593962,65.15578463563274,PPG
WR,2025,00-0038824,Ryan Miller,9.0,9.906828053837408,1.2666666666666666,3.564785807996448,3.8326932138607495,11.399999999999999,35.315720048580665,37.96983265282793,21.53333333333333,60.60135873593962,65.15578463563274,SEASON
WR,2025,00-0038938,Jalin Hyatt,6.0,10.347804637005893,1.4166666666666667,2.5117477549425837,2.2423704449783504,8.5,25.99107506558401,23.203611288431944,24.083333333333336,42.69971183402392,38.120297564631954,PPG
WR,2025,00-0038938,Jalin Hyatt,6.0,10.347804637005893,1.4166666666666667,2.5117477549425837,2.2423704449783504,8.5,25.99107506558401,23.203611288431944,24.083333333333336,42.69971183402392,38.120297564631954,SEASON
WR,2025,00-0038976,Marvin Mims Jr.,15.0,13.434640719185293,5.866666666666667,7.098583397602176,6.909745682673001,88.0,95.36691756195887,92.82995070765348,99.73333333333335,120.67591775923698,117.46567660544102,PPG
WR,2025,00-0038976,Marvin Mims Jr.,15.0,13.434640719185293,5.866666666666667,7.098583397602176,6.909745682673001,88.0,95.36691756195887,92.82995070765348,99.73333333333335,120.67591775923698,117.46567660544102,SEASON
WR,2025,00-0038979,Cedric Tillman,12.0,9.906828053837408,5.0,6.979702095067891,8.162662858955189,60.0,69.14670852284631,80.86609740511393,85.0,118.65493561615415,138.76526860223822,PPG
WR,2025,00-0038979,Cedric Tillman,12.0,9.906828053837408,5.0,6.979702095067891,8.162662858955189,60.0,69.14670852284631,80.86609740511393,85.0,118.65493561615415,138.76526860223822,SEASON
WR,2025,00-0038994,Jordan Addison,14.0,12.552687552848322,9.65,11.390906703232348,12.059202913065752,135.1,142.9864927893212,151.3754063041127,164.05,193.64541395494993,205.00644952211778,PPG
WR,2025,00-0038994,Jordan Addison,14.0,12.552687552848322,9.65,11.390906703232348,12.059202913065752,135.1,142.9864927893212,151.3754063041127,164.05,193.64541395494993,205.00644952211778,SEASON
WR,2025,00-0038997,Josh Downs,16.0,12.111710969679836,8.6625,12.092034472477538,11.394084150221799,138.6,146.45522656605291,138.00185399169652,147.2625,205.56458603211814,193.69943055377058,PPG
WR,2025,00-0038997,Josh Downs,16.0,12.111710969679836,8.6625,12.092034472477538,11.394084150221799,138.6,146.45522656605291,138.00185399169652,147.2625,205.56458603211814,193.69943055377058,SEASON
WR,2025,00-0039062,Jonathan Mingo,5.0,12.111710969679836,0.7,3.856523162231553,3.0298646389676045,3.5,46.70909388882426,36.69684478442897,11.899999999999999,65.5608937579364,51.507698862449274,PPG
WR,2025,00-0039062,Jonathan Mingo,5.0,12.111710969679836,0.7,3.856523162231553,3.0298646389676045,3.5,46.70909388882426,36.69684478442897,11.899999999999999,65.5608937579364,51.507698862449274,SEASON
WR,2025,00-0039064,Zay Flowers,17.0,13.434640719185293,14.13529411764706,11.84560248387364,11.297167501689298,240.3,159.14141347313125,151.77338652965182,240.3,201.37524222585188,192.05184752871807,PPG
WR,2025,00-0039064,Zay Flowers,17.0,13.434640719185293,14.13529411764706,11.84560248387364,11.297167501689298,240.3,159.14141347313125,151.77338652965182,240.3,201.37524222585188,192.05184752871807,SEASON
WR,2025,00-0039067,Rashee Rice,8.0,7.701945137994979,18.5125,12.364598164500313,13.849719597583737,148.1,95.23145671633483,106.66978051720385,314.7125,210.1981687965053,235.44523315892354,PPG
WR,2025,00-0039067,Rashee Rice,8.0,7.701945137994979,18.5125,12.364598164500313,13.849719597583737,148.1,95.23145671633483,106.66978051720385,314.7125,210.1981687965053,235.44523315892354,SEASON
WR,2025,00-0039075,Puka Nacua,16.0,10.788781220174378,23.375,15.946756153802658,16.743690948517138,374.0,172.04606331484632,180.64401846176543,397.375,271.0948546146452,284.64274612479136,PPG
WR,2025,00-0039075,Puka Nacua,16.0,10.788781220174378,23.375,15.946756153802658,16.743690948517138,374.0,172.04606331484632,180.64401846176543,397.375,271.0948546146452,284.64274612479136,SEASON
WR,2025,00-0039146,Jayden Reed,5.0,13.434640719185293,9.700000000000001,9.902623382256367,10.003545076563409,48.50000000000001,133.03818731801778,134.39403402180432,164.9,168.34459749835824,170.06026630157794,PPG
WR,2025,00-0039146,Jayden Reed,5.0,13.434640719185293,9.700000000000001,9.902623382256367,10.003545076563409,48.50000000000001,133.03818731801778,134.39403402180432,164.9,168.34459749835824,170.06026630157794,SEASON
WR,2025,00-0039337,Malik Nabers,4.0,12.552687552848322,14.275,15.892069852347667,15.624076103456863,57.1,199.48818742456064,196.1241456286179,242.675,270.16518748991035,265.6092937587667,PPG
WR,2025,00-0039337,Malik Nabers,4.0,12.552687552848322,14.275,15.892069852347667,15.624076103456863,57.1,199.48818742456064,196.1241456286179,242.675,270.16518748991035,265.6092937587667,SEASON
WR,2025,00-0039342,Xavier Legette,15.0,12.552687552848322,5.886666666666667,7.983773468111489,7.770874812039601,88.3,100.21781383792377,97.54536352783205,100.07333333333334,135.72414895789532,132.10487180467322,PPG
WR,2025,00-0039342,Xavier Legette,15.0,12.552687552848322,5.886666666666667,7.983773468111489,7.770874812039601,88.3,100.21781383792377,97.54536352783205,100.07333333333334,135.72414895789532,132.10487180467322,SEASON
WR,2025,00-0039355,Luke McCaffrey,9.0,11.67073438651135,5.700000000000001,3.6353782576471176,3.1549977931071576,51.30000000000001,42.427534039497935,36.82114123338312,96.90000000000002,61.801430380001,53.63496248282168,PPG
WR,2025,00-0039355,Luke McCaffrey,9.0,11.67073438651135,5.700000000000001,3.6353782576471176,3.1549977931071576,51.30000000000001,42.427534039497935,36.82114123338312,96.90000000000002,61.801430380001,53.63496248282168,SEASON
WR,2025,00-0039379,Jamari Thrash,8.0,8.583898304331951,2.5875000000000004,1.3613861866393315,1.670278948546911,20.700000000000003,11.6860005790343,14.337504634193182,43.987500000000004,23.143565172868637,28.394742125297487,PPG
WR,2025,00-0039379,Jamari Thrash,8.0,8.583898304331951,2.5875000000000004,1.3613861866393315,1.670278948546911,20.700000000000003,11.6860005790343,14.337504634193182,43.987500000000004,23.143565172868637,28.394742125297487,SEASON
WR,2025,00-0039410,Ryan Flournoy,15.0,9.906828053837408,7.6000000000000005,2.8048205987352266,2.7755102074165863,114.00000000000001,27.78687539353118,27.49650238654672,129.20000000000002,47.68195017849885,47.18367352608197,PPG
WR,2025,00-0039410,Ryan Flournoy,15.0,9.906828053837408,7.6000000000000005,2.8048205987352266,2.7755102074165863,114.00000000000001,27.78687539353118,27.49650238654672,129.20000000000002,47.68195017849885,47.18367352608197,SEASON
WR,2025,00-0039424,Devaughn Vele,9.0,11.67073438651135,7.366666666666667,7.238113049334385,7.281702830713433,66.30000000000001,84.47409485832333,84.98281961876431,125.23333333333335,123.04792183868454,123.78894812212836,PPG
WR,2025,00-0039424,Devaughn Vele,9.0,11.67073438651135,7.366666666666667,7.238113049334385,7.281702830713433,66.30000000000001,84.47409485832333,84.98281961876431,125.23333333333335,123.04792183868454,123.78894812212836,SEASON
WR,2025,00-0039451,Isaiah Williams,15.0,9.465851470668921,3.246666666666667,1.1237916999674005,1.135086184101696,48.7,10.637645315861946,10.744557225115013,55.19333333333334,19.10445889944581,19.29646512972883,PPG
WR,2025,00-0039451,Isaiah Williams,15.0,9.465851470668921,3.246666666666667,1.1237916999674005,1.135086184101696,48.7,10.637645315861946,10.744557225115013,55.19333333333334,19.10445889944581,19.29646512972883,SEASON
WR,2025,00-0039491,Jalen Coker,11.0,10.788781220174378,8.127272727272727,7.312386130218556,7.98892790071188,89.39999999999999,78.89173415636556,86.19079530452746,138.16363636363636,124.31056421371545,135.81177431210196,PPG
WR,2025,00-0039491,Jalen Coker,11.0,10.788781220174378,8.127272727272727,7.312386130218556,7.98892790071188,89.39999999999999,78.89173415636556,86.19079530452746,138.16363636363636,124.31056421371545,135.81177431210196,SEASON
WR,2025,00-0039589,Kameron Johnson,17.0,7.701945137994979,1.0411764705882351,1.1102642625262622,1.15285314498563,17.699999999999996,8.551194438653727,8.879211674844294,17.699999999999996,18.874492462946456,19.598503464755712,PPG
WR,2025,00-0039589,Kameron Johnson,17.0,7.701945137994979,1.0411764705882351,1.1102642625262622,1.15285314498563,17.699999999999996,8.551194438653727,8.879211674844294,17.699999999999996,18.874492462946456,19.598503464755712,SEASON
WR,2025,00-0039623,Mason Tipton,8.0,9.906828053837408,2.4250000000000003,2.837231733817114,3.3359515663345034,19.400000000000002,28.10796693581713,33.048698563605505,41.225,48.232939474890934,56.711176627686555,PPG
WR,2025,00-0039623,Mason Tipton,8.0,9.906828053837408,2.4250000000000003,2.837231733817114,3.3359515663345034,19.400000000000002,28.10796693581713,33.048698563605505,41.225,48.232939474890934,56.711176627686555,SEASON
WR,2025,00-0039650,Bryce Oliver,2.0,9.465851470668921,0.9,2.6553660427325303,2.501762255800529,1.8,25.135300560764037,23.681309928333437,15.3,45.141222726453016,42.52995834860899,PPG
WR,2025,00-0039650,Bryce Oliver,2.0,9.465851470668921,0.9,2.6553660427325303,2.501762255800529,1.8,25.135300560764037,23.681309928333437,15.3,45.141222726453016,42.52995834860899,SEASON
WR,2025,00-0039751,Jordan Whittington,15.0,12.111710969679836,2.42,4.299002655224353,3.8551238937768026,36.3,52.06827761796353,46.69214635373134,41.14,73.083045138814,65.53710619420565,PPG
WR,2025,00-0039751,Jordan Whittington,15.0,12.111710969679836,2.42,4.299002655224353,3.8551238937768026,36.3,52.06827761796353,46.69214635373134,41.14,73.083045138814,65.53710619420565,SEASON
WR,2025,00-0039792,Devontez Walker,8.0,7.260968554826494,4.7,1.447641259352917,2.8332691333876934,37.6,10.511277662830956,20.572278084888552,79.9,24.60990140899959,48.16557526759079,PPG
WR,2025,00-0039792,Devontez Walker,8.0,7.260968554826494,4.7,1.447641259352917,2.8332691333876934,37.6,10.511277662830956,20.572278084888552,79.9,24.60990140899959,48.16557526759079,SEASON
WR,2025,00-0039816,Anthony Gould,11.0,9.465851470668921,0.23636363636363636,1.2400728914719865,1.2513292712774613,2.6,11.738345803476765,11.844897022812827,4.0181818181818185,21.08123915502377,21.272597611716844,PPG
WR,2025,00-0039816,Anthony Gould,11.0,9.465851470668921,0.23636363636363636,1.2400728914719865,1.2513292712774613,2.6,11.738345803476765,11.844897022812827,4.0181818181818185,21.08123915502377,21.272597611716844,SEASON
WR,2025,00-0039849,Marvin Harrison Jr.,12.0,13.434640719185293,10.649999999999999,10.65195570948592,10.042280424494708,127.79999999999998,143.10519791361781,134.91442950439398,181.04999999999998,181.08324706126064,170.71876721641004,PPG
WR,2025,00-0039849,Marvin Harrison Jr.,12.0,13.434640719185293,10.649999999999999,10.65195570948592,10.042280424494708,127.79999999999998,143.10519791361781,134.91442950439398,181.04999999999998,181.08324706126064,170.71876721641004,SEASON
WR,2025,00-0039855,Jalen McMillan,4.0,11.67073438651135,7.4750000000000005,8.552778060162082,8.851707178703986,29.900000000000002,99.81720100693344,103.30592334982998,127.075,145.39722702275537,150.47902203796775,PPG
WR,2025,00-0039855,Jalen McMillan,4.0,11.67073438651135,7.4750000000000005,8.552778060162082,8.851707178703986,29.900000000000002,99.81720100693344,103.30592334982998,127.075,145.39722702275537,150.47902203796775,SEASON
WR,2025,00-0039868,Troy Franklin,17.0,12.993664136016807,10.358823529411765,5.0024980919748945,4.369299738607386,176.10000000000002,65.0007800481867,56.7732133130504,176.10000000000002,85.04246756357321,74.27809555632555,PPG
WR,2025,00-0039868,Troy Franklin,17.0,12.993664136016807,10.358823529411765,5.0024980919748945,4.369299738607386,176.10000000000002,65.0007800481867,56.7732133130504,176.10000000000002,85.04246756357321,74.27809555632555,SEASON
WR,2025,00-0039880,Malik Washington,17.0,12.111710969679836,6.452941176470589,4.0224077246258805,4.426839457596271,109.70000000000002,48.71823976287618,53.61660001958029,109.70000000000002,68.38093131863997,75.25627077913661,PPG
WR,2025,00-0039880,Malik Washington,17.0,12.111710969679836,6.452941176470589,4.0224077246258805,4.426839457596271,109.70000000000002,48.71823976287618,53.61660001958029,109.70000000000002,68.38093131863997,75.25627077913661,SEASON
WR,2025,00-0039890,Adonai Mitchell,16.0,13.434640719185293,5.456250000000001,4.567889613791094,3.735448215460133,87.30000000000001,61.367955806181406,50.18440469982874,92.75625000000001,77.65412343444859,63.50261966282226,PPG
WR,2025,00-0039890,Adonai Mitchell,16.0,13.434640719185293,5.456250000000001,4.567889613791094,3.735448215460133,87.30000000000001,61.367955806181406,50.18440469982874,92.75625000000001,77.65412343444859,63.50261966282226,SEASON
WR,2025,00-0039893,Brian Thomas Jr.,14.0,13.434640719185293,9.914285714285715,14.956807121594565,14.593178048129335,138.8,200.9393299847749,196.05410402771932,168.54285714285714,254.26572106710762,248.0840268181987,PPG
WR,2025,00-0039893,Brian Thomas Jr.,14.0,13.434640719185293,9.914285714285715,14.956807121594565,14.593178048129335,138.8,200.9393299847749,196.05410402771932,168.54285714285714,254.26572106710762,248.0840268181987,SEASON
WR,2025,00-0039894,Xavier Worthy,14.0,12.993664136016807,7.85,9.397986284489027,10.173249650775405,109.89999999999999,122.11427733554292,132.1877891340259,133.45,159.76576683631347,172.9452440631819,PPG
WR,2025,00-0039894,Xavier Worthy,14.0,12.993664136016807,7.85,9.397986284489027,10.173249650775405,109.89999999999999,122.11427733554292,132.1877891340259,133.45,159.76576683631347,172.9452440631819,SEASON
WR,2025,00-0039901,Keon Coleman,12.0,11.67073438651135,8.45,7.8979602905440185,7.5951866617326935,101.39999999999999,92.17499674615325,88.6414061450561,143.64999999999998,134.2653249392483,129.1181732494558,PPG
WR,2025,00-0039901,Keon Coleman,12.0,11.67073438651135,8.45,7.8979602905440185,7.5951866617326935,101.39999999999999,92.17499674615325,88.6414061450561,143.64999999999998,134.2653249392483,129.1181732494558,SEASON
WR,2025,00-0039915,Ladd McConkey,16.0,12.993664136016807,11.30625,13.157311360605068,13.025990000657929,180.9,170.96168475270056,169.25533910766248,192.20625,223.67429313028615,221.4418300111848,PPG
WR,2025,00-0039915,Ladd McConkey,16.0,12.993664136016807,11.30625,13.157311360605068,13.025990000657929,180.9,170.96168475270056,169.25533910766248,192.20625,223.67429313028615,221.4418300111848,SEASON
WR,2025,00-0039916,Ricky Pearsall,9.0,10.788781220174378,9.866666666666667,7.466378920625302,7.61729320845517,88.80000000000001,80.5531286815481,82.18130991594298,167.73333333333335,126.92844165063013,129.4939845437379,PPG
WR,2025,00-0039916,Ricky Pearsall,9.0,10.788781220174378,9.866666666666667,7.466378920625302,7.61729320845517,88.80000000000001,80.5531286815481,82.18130991594298,167.73333333333335,126.92844165063013,129.4939845437379,SEASON
WR,2025,00-0039919,Rome Odunze,12.0,13.434640719185293,12.175,8.382109561865912,8.134230606202813,146.10000000000002,112.61063043251617,109.28046572133557,206.97500000000002,142.4958625517205,138.2819203054478,PPG
WR,2025,00-0039919,Rome Odunze,12.0,13.434640719185293,12.175,8.382109561865912,8.134230606202813,146.10000000000002,112.61063043251617,109.28046572133557,206.97500000000002,142.4958625517205,138.2819203054478,SEASON
WR,2025,00-0039920,Malachi Corley,12.0,8.142921721163464,2.6333333333333333,1.5202656396115137,1.8480899295266398,31.6,12.379404098731062,15.048851629805931,44.766666666666666,25.844515873395732,31.417528801952876,PPG
WR,2025,00-0039920,Malachi Corley,12.0,8.142921721163464,2.6333333333333333,1.5202656396115137,1.8480899295266398,31.6,12.379404098731062,15.048851629805931,44.766666666666666,25.844515873395732,31.417528801952876,SEASON
TE,2022,00-0024243,Marcedes Lewis,6.0,11.52530750828976,4.933333333333334,5.438594036977817,5.2477935349416995,29.6,62.681468688920354,60.48243423021803,83.86666666666667,92.4560986286229,89.2124900940089,PPG
TE,2022,00-0024243,Marcedes Lewis,6.0,11.52530750828976,4.933333333333334,5.438594036977817,5.2477935349416995,29.6,62.681468688920354,60.48243423021803,83.86666666666667,92.4560986286229,89.2124900940089,SEASON
TE,2022,00-0027981,Kyle Rudolph,5.0,12.197988700299526,2.66,5.957537698144304,4.636922229986688,13.3,72.66997752357265,56.5611249655453,45.22,101.27814086845316,78.82767790977368,PPG
TE,2022,00-0027981,Kyle Rudolph,5.0,12.197988700299526,2.66,5.957537698144304,4.636922229986688,13.3,72.66997752357265,56.5611249655453,45.22,101.27814086845316,78.82767790977368,SEASON
TE,2022,00-0030061,Zach Ertz,10.0,12.87066989230929,13.910000000000002,12.651164745521735,11.605745200920763,139.10000000000002,162.82896519283133,149.3737153353039,236.47000000000003,215.06980067386948,197.29766841565296,PPG
TE,2022,00-0030061,Zach Ertz,10.0,12.87066989230929,13.910000000000002,12.651164745521735,11.605745200920763,139.10000000000002,162.82896519283133,149.3737153353039,236.47000000000003,215.06980067386948,197.29766841565296,SEASON
TE,2022,00-0030108,Ryan Griffin,10.0,11.861648104294643,0.8600000000000001,6.270494479524092,5.834936830011433,8.600000000000001,74.37839895603696,69.21196738838411,14.620000000000001,106.59840615190956,99.19392611019435,PPG
TE,2022,00-0030108,Ryan Griffin,10.0,11.861648104294643,0.8600000000000001,6.270494479524092,5.834936830011433,8.600000000000001,74.37839895603696,69.21196738838411,14.620000000000001,106.59840615190956,99.19392611019435,SEASON
TE,2022,00-0030506,Travis Kelce,17.0,12.534329296304408,21.782352941176473,14.768214675412342,14.81988084643511,370.30000000000007,185.10966586013362,185.75726666121216,370.30000000000007,251.0596494820098,251.93797438939686,PPG
TE,2022,00-0030506,Travis Kelce,17.0,12.534329296304408,21.782352941176473,14.768214675412342,14.81988084643511,370.30000000000007,185.10966586013362,185.75726666121216,370.30000000000007,251.0596494820098,251.93797438939686,SEASON
TE,2022,00-0031260,Logan Thomas,13.0,8.834582740250703,7.446153846153846,8.402324733598304,10.008662308310395,96.8,74.23103306942916,88.42235528199677,126.58461538461539,142.83952047117117,170.1472592412767,PPG
TE,2022,00-0031260,Logan Thomas,13.0,8.834582740250703,7.446153846153846,8.402324733598304,10.008662308310395,96.8,74.23103306942916,88.42235528199677,126.58461538461539,142.83952047117117,170.1472592412767,SEASON
TE,2022,00-0031273,Cameron Brate,9.0,12.534329296304408,5.266666666666667,6.661678389245463,5.600639093222553,47.4,83.49967059687737,70.20025466420721,89.53333333333333,113.24853261717287,95.21086458478341,PPG
TE,2022,00-0031273,Cameron Brate,9.0,12.534329296304408,5.266666666666667,6.661678389245463,5.600639093222553,47.4,83.49967059687737,70.20025466420721,89.53333333333333,113.24853261717287,95.21086458478341,SEASON
TE,2022,00-0031484,Chris Manhertz,7.0,10.516285720275114,1.8857142857142857,3.09094727757374,3.0058729376055524,13.2,32.50528471727196,31.61061865070268,32.05714285714286,52.54610371875358,51.09983993929439,PPG
TE,2022,00-0031484,Chris Manhertz,7.0,10.516285720275114,1.8857142857142857,3.09094727757374,3.0058729376055524,13.2,32.50528471727196,31.61061865070268,32.05714285714286,52.54610371875358,51.09983993929439,SEASON
TE,2022,00-0031558,Maxx Williams,3.0,8.834582740250703,2.1,6.998658707150643,8.263273425258529,6.300000000000001,61.830229419098366,73.0025727807613,35.7,118.97719802156092,140.47564822939498,PPG
TE,2022,00-0031558,Maxx Williams,3.0,8.834582740250703,2.1,6.998658707150643,8.263273425258529,6.300000000000001,61.830229419098366,73.0025727807613,35.7,118.97719802156092,140.47564822939498,SEASON
TE,2022,00-0031585,MyCole Pruitt,10.0,10.516285720275114,6.300000000000001,4.471759986955609,5.00013737517971,63.00000000000001,47.026305695318904,52.58287327801627,107.10000000000001,76.01991977824535,85.00233537805507,PPG
TE,2022,00-0031585,MyCole Pruitt,10.0,10.516285720275114,6.300000000000001,4.471759986955609,5.00013737517971,63.00000000000001,47.026305695318904,52.58287327801627,107.10000000000001,76.01991977824535,85.00233537805507,SEASON
TE,2022,00-0031610,Darren Waller,8.0,10.852626316279997,12.350000000000001,12.606244033954374,12.53783678823003,98.80000000000001,136.81085575234093,136.0684574771687,209.95000000000002,214.30614857722435,213.1432253999105,PPG
TE,2022,00-0031610,Darren Waller,8.0,10.852626316279997,12.350000000000001,12.606244033954374,12.53783678823003,98.80000000000001,136.81085575234093,136.0684574771687,209.95000000000002,214.30614857722435,213.1432253999105,SEASON
TE,2022,00-0031690,Eric Tomlinson,9.0,9.507263932260466,3.711111111111111,0.5655790857983178,1.7166195116990148,33.4,5.3771096432511944,16.32035476899062,63.08888888888888,9.614844458571403,29.182531698883253,PPG
TE,2022,00-0031690,Eric Tomlinson,9.0,9.507263932260466,3.711111111111111,0.5655790857983178,1.7166195116990148,33.4,5.3771096432511944,16.32035476899062,63.08888888888888,9.614844458571403,29.182531698883253,SEASON
TE,2022,00-0032062,Blake Bell,2.0,10.852626316279997,5.5,4.437005130837913,3.022436705981463,11.0,48.153158648400904,32.80137613462505,93.5,75.42908722424453,51.38142400168487,PPG
TE,2022,00-0032062,Blake Bell,2.0,10.852626316279997,5.5,4.437005130837913,3.022436705981463,11.0,48.153158648400904,32.80137613462505,93.5,75.42908722424453,51.38142400168487,SEASON
TE,2022,00-0032134,C.J. Uzomah,14.0,12.534329296304408,4.764285714285714,8.987642594165811,9.151194629531116,66.7,112.65407187276587,114.70408694111542,80.99285714285715,152.78992410081878,155.57030870202897,PPG
TE,2022,00-0032134,C.J. Uzomah,14.0,12.534329296304408,4.764285714285714,8.987642594165811,9.151194629531116,66.7,112.65407187276587,114.70408694111542,80.99285714285715,152.78992410081878,155.57030870202897,SEASON
TE,2022,00-0032141,Geoff Swaim,12.0,12.534329296304408,2.4833333333333334,5.505697286804104,5.975721939431622,29.8,69.01022279857237,74.90166657198678,42.21666666666667,93.59685387566977,101.58727297033758,PPG
TE,2022,00-0032141,Geoff Swaim,12.0,12.534329296304408,2.4833333333333334,5.505697286804104,5.975721939431622,29.8,69.01022279857237,74.90166657198678,42.21666666666667,93.59685387566977,101.58727297033758,SEASON
TE,2022,00-0032214,Tyler Kroft,6.0,10.179945124270231,1.9500000000000002,6.461360997397996,5.763656694975901,11.700000000000001,65.77630038161158,58.6737088699874,33.150000000000006,109.84313695576594,97.98216381459032,PPG
TE,2022,00-0032214,Tyler Kroft,6.0,10.179945124270231,1.9500000000000002,6.461360997397996,5.763656694975901,11.700000000000001,65.77630038161158,58.6737088699874,33.150000000000006,109.84313695576594,97.98216381459032,SEASON
TE,2022,00-0032392,Austin Hooper,17.0,12.197988700299526,6.935294117647059,7.778405288471986,8.031984326329654,117.9,94.88089981513136,97.97405405355202,117.9,132.23288990402375,136.54373354760412,PPG
TE,2022,00-0032392,Austin Hooper,17.0,12.197988700299526,6.935294117647059,7.778405288471986,8.031984326329654,117.9,94.88089981513136,97.97405405355202,117.9,132.23288990402375,136.54373354760412,SEASON
TE,2022,00-0032394,Nick Vannett,5.0,9.507263932260466,2.9,5.457487122037213,6.004937688473247,14.5,51.88577047612036,57.09052750109324,49.3,92.77728107463261,102.0839407040452,PPG
TE,2022,00-0032394,Nick Vannett,5.0,9.507263932260466,2.9,5.457487122037213,6.004937688473247,14.5,51.88577047612036,57.09052750109324,49.3,92.77728107463261,102.0839407040452,SEASON
TE,2022,00-0032725,Stephen Anderson,9.0,11.861648104294643,0.6,4.094011683437525,3.575243057552977,5.3999999999999995,48.56172592380684,42.40827503601585,10.2,69.59819861843793,60.779131978400606,PPG
TE,2022,00-0032725,Stephen Anderson,9.0,11.861648104294643,0.6,4.094011683437525,3.575243057552977,5.3999999999999995,48.56172592380684,42.40827503601585,10.2,69.59819861843793,60.779131978400606,SEASON
TE,2022,00-0032986,J.P. Holtz,1.0,8.834582740250703,0.0,1.176466324694286,1.579168022465303,0.0,10.393589086630318,13.9512905552278,0.0,19.99992751980286,26.845856381910153,PPG
TE,2022,00-0032986,J.P. Holtz,1.0,8.834582740250703,0.0,1.176466324694286,1.579168022465303,0.0,10.393589086630318,13.9512905552278,0.0,19.99992751980286,26.845856381910153,SEASON
TE,2022,00-0033090,Hunter Henry,16.0,12.534329296304408,7.775,10.151832995833185,9.921948977872134,124.4,127.24641773086164,124.36497574978027,132.175,172.58116092916416,168.6731326238263,PPG
TE,2022,00-0033090,Hunter Henry,16.0,12.534329296304408,7.775,10.151832995833185,9.921948977872134,124.4,127.24641773086164,124.36497574978027,132.175,172.58116092916416,168.6731326238263,SEASON
TE,2022,00-0033110,Tyler Higbee,16.0,12.197988700299526,11.75,10.730337778583761,9.905541600332874,188.0,130.88853897356182,120.82768451120728,199.75,182.41574223592394,168.39420720565886,PPG
TE,2022,00-0033110,Tyler Higbee,16.0,12.197988700299526,11.75,10.730337778583761,9.905541600332874,188.0,130.88853897356182,120.82768451120728,199.75,182.41574223592394,168.39420720565886,SEASON
TE,2022,00-0033217,Mo Alie-Cox,14.0,12.87066989230929,4.457142857142857,7.593737800178195,6.021383383827525,62.400000000000006,97.73649247484448,77.49923782828036,75.77142857142857,129.0935426030293,102.36351752506792,PPG
TE,2022,00-0033217,Mo Alie-Cox,14.0,12.87066989230929,4.457142857142857,7.593737800178195,6.021383383827525,62.400000000000006,97.73649247484448,77.49923782828036,75.77142857142857,129.0935426030293,102.36351752506792,SEASON
TE,2022,00-0033246,Johnny Mundt,13.0,8.161901548240937,3.730769230769231,0.7036500746716835,1.9385340758660825,48.5,5.743122633882665,15.822124275129193,63.42307692307693,11.96205126941862,32.9550792897234,PPG
TE,2022,00-0033246,Johnny Mundt,13.0,8.161901548240937,3.730769230769231,0.7036500746716835,1.9385340758660825,48.5,5.743122633882665,15.822124275129193,63.42307692307693,11.96205126941862,32.9550792897234,SEASON
TE,2022,00-0033288,George Kittle,15.0,11.861648104294643,15.3,11.481017668841657,12.973368871340002,229.5,136.18379146698894,153.88553627904525,260.1,195.17730037030816,220.54727081278003,PPG
TE,2022,00-0033288,George Kittle,15.0,11.861648104294643,15.3,11.481017668841657,12.973368871340002,229.5,136.18379146698894,153.88553627904525,260.1,195.17730037030816,220.54727081278003,SEASON
TE,2022,00-0033357,Taysom Hill,16.0,11.18896691228488,8.23125,7.022629975015128,8.54512854064528,131.7,78.57597442766426,95.6111605025012,139.93124999999998,119.38470957525718,145.26718519096977,PPG
TE,2022,00-0033357,Taysom Hill,16.0,11.18896691228488,8.23125,7.022629975015128,8.54512854064528,131.7,78.57597442766426,95.6111605025012,139.93124999999998,119.38470957525718,145.26718519096977,SEASON
TE,2022,00-0033439,Pharaoh Brown,8.0,11.52530750828976,3.7125000000000004,5.501566311851015,5.403946054811917,29.700000000000003,63.40724352133051,62.28214003991662,63.112500000000004,93.52662730146724,91.86708293180259,PPG
TE,2022,00-0033439,Pharaoh Brown,8.0,11.52530750828976,3.7125000000000004,5.501566311851015,5.403946054811917,29.700000000000003,63.40724352133051,62.28214003991662,63.112500000000004,93.52662730146724,91.86708293180259,SEASON
TE,2022,00-0033455,Anthony Firkser,8.0,12.197988700299526,2.9375,6.474548419256154,6.512053029937798,23.5,78.97646845762871,79.43394927493254,49.9375,110.06732312735461,110.70490150894257,PPG
TE,2022,00-0033455,Anthony Firkser,8.0,12.197988700299526,2.9375,6.474548419256154,6.512053029937798,23.5,78.97646845762871,79.43394927493254,49.9375,110.06732312735461,110.70490150894257,SEASON
TE,2022,00-0033576,Eric Saubert,14.0,10.516285720275114,3.0928571428571425,2.537768306704233,2.9592717330620535,43.3,26.687896605160482,31.12054706881426,52.57857142857142,43.14206121397196,50.30761946205491,PPG
TE,2022,00-0033576,Eric Saubert,14.0,10.516285720275114,3.0928571428571425,2.537768306704233,2.9592717330620535,43.3,26.687896605160482,31.12054706881426,52.57857142857142,43.14206121397196,50.30761946205491,SEASON
TE,2022,00-0033757,Robert Tonyan,17.0,9.843604528265349,8.147058823529413,6.561989164058526,7.13239570179265,138.50000000000003,64.59362624975466,70.20848262754643,138.50000000000003,111.55381578899495,121.25072693047504,PPG
TE,2022,00-0033757,Robert Tonyan,17.0,9.843604528265349,8.147058823529413,6.561989164058526,7.13239570179265,138.50000000000003,64.59362624975466,70.20848262754643,138.50000000000003,111.55381578899495,121.25072693047504,SEASON
TE,2022,00-0033858,Jonnu Smith,12.0,12.534329296304408,5.375000000000001,5.775558465703134,6.208889460724037,64.50000000000001,72.39275167918173,77.82426506506897,91.37500000000001,98.18449391695327,105.55112083230863,PPG
TE,2022,00-0033858,Jonnu Smith,12.0,12.534329296304408,5.375000000000001,5.775558465703134,6.208889460724037,64.50000000000001,72.39275167918173,77.82426506506897,91.37500000000001,98.18449391695327,105.55112083230863,SEASON
TE,2022,00-0033879,O.J. Howard,11.0,10.516285720275114,3.7727272727272725,3.8842914517916873,4.140102979028707,41.5,40.848318727863614,43.53850583882805,64.13636363636363,66.03295468045869,70.38175064348802,PPG
TE,2022,00-0033879,O.J. Howard,11.0,10.516285720275114,3.7727272727272725,3.8842914517916873,4.140102979028707,41.5,40.848318727863614,43.53850583882805,64.13636363636363,66.03295468045869,70.38175064348802,SEASON
TE,2022,00-0033881,Evan Engram,17.0,12.197988700299526,12.552941176470588,8.912333814200549,7.892430783311396,213.4,108.71254715891567,96.27178151272854,213.4,151.50967484140932,134.17132331629372,PPG
TE,2022,00-0033881,Evan Engram,17.0,12.197988700299526,12.552941176470588,8.912333814200549,7.892430783311396,213.4,108.71254715891567,96.27178151272854,213.4,151.50967484140932,134.17132331629372,SEASON
TE,2022,00-0033885,David Njoku,14.0,12.197988700299526,12.200000000000001,7.541990734298047,7.943152656273657,170.8,91.99711775473129,96.89048634598024,207.4,128.2138424830668,135.03359515665218,PPG
TE,2022,00-0033885,David Njoku,14.0,12.197988700299526,12.200000000000001,7.541990734298047,7.943152656273657,170.8,91.99711775473129,96.89048634598024,207.4,128.2138424830668,135.03359515665218,SEASON
TE,2022,00-0033895,Gerald Everett,15.0,12.197988700299526,11.233333333333334,8.49522601470265,8.550432566427062,168.5,103.6246709338335,104.29807982795037,190.9666666666667,144.41884224994504,145.35735362926005,PPG
TE,2022,00-0033895,Gerald Everett,15.0,12.197988700299526,11.233333333333334,8.49522601470265,8.550432566427062,168.5,103.6246709338335,104.29807982795037,190.9666666666667,144.41884224994504,145.35735362926005,SEASON
TE,2022,00-0034011,Dan Arnold,11.0,10.852626316279997,2.454545454545455,8.22598963179329,9.37937889055904,27.000000000000007,89.27359155544626,101.79089417804212,41.727272727272734,139.84182374048592,159.4494411395037,PPG
TE,2022,00-0034011,Dan Arnold,11.0,10.852626316279997,2.454545454545455,8.22598963179329,9.37937889055904,27.000000000000007,89.27359155544626,101.79089417804212,41.727272727272734,139.84182374048592,159.4494411395037,SEASON
TE,2022,00-0034073,Ross Dwelley,5.0,8.49824214424582,4.2,2.820776138283985,4.308295548601942,21.0,23.971638657847937,36.612938800995686,71.4,47.953194350827744,73.24102432623302,PPG
TE,2022,00-0034073,Ross Dwelley,5.0,8.49824214424582,4.2,2.820776138283985,4.308295548601942,21.0,23.971638657847937,36.612938800995686,71.4,47.953194350827744,73.24102432623302,SEASON
TE,2022,00-0034159,Will Dissly,15.0,11.52530750828976,6.926666666666666,4.946234809232497,4.9303272632942,103.89999999999999,57.00687718461146,56.82353782597035,117.75333333333332,84.08599175695244,83.8155634760014,PPG
TE,2022,00-0034159,Will Dissly,15.0,11.52530750828976,6.926666666666666,4.946234809232497,4.9303272632942,103.89999999999999,57.00687718461146,56.82353782597035,117.75333333333332,84.08599175695244,83.8155634760014,SEASON
TE,2022,00-0034193,Kevin Rader,6.0,8.161901548240937,0.0,1.581206442445483,2.8106327711253014,0.0,12.905651310684332,22.940107966184314,0.0,26.880509521573213,47.78075710913012,PPG
TE,2022,00-0034193,Kevin Rader,6.0,8.161901548240937,0.0,1.581206442445483,2.8106327711253014,0.0,12.905651310684332,22.940107966184314,0.0,26.880509521573213,47.78075710913012,SEASON
TE,2022,00-0034270,Tyler Conklin,17.0,12.87066989230929,9.323529411764705,9.748749873023034,8.572802459965587,158.49999999999997,125.47294147837158,110.3377105141941,158.49999999999997,165.72874784139157,145.737641819415,PPG
TE,2022,00-0034270,Tyler Conklin,17.0,12.87066989230929,9.323529411764705,9.748749873023034,8.572802459965587,158.49999999999997,125.47294147837158,110.3377105141941,158.49999999999997,165.72874784139157,145.737641819415,SEASON
TE,2022,00-0034351,Dallas Goedert,12.0,12.197988700299526,13.975,12.935088889385115,11.436548481835825,167.7,157.78206811008957,139.5028891518611,237.575,219.89651111954697,194.421324191209,PPG
TE,2022,00-0034351,Dallas Goedert,12.0,12.197988700299526,13.975,12.935088889385115,11.436548481835825,167.7,157.78206811008957,139.5028891518611,237.575,219.89651111954697,194.421324191209,SEASON
TE,2022,00-0034364,Jordan Akins,15.0,11.18896691228488,8.933333333333334,5.02557723980918,5.371283966475958,134.0,56.231017451356884,60.09911857738578,151.86666666666667,85.43481307675606,91.31182743009128,PPG
TE,2022,00-0034364,Jordan Akins,15.0,11.18896691228488,8.933333333333334,5.02557723980918,5.371283966475958,134.0,56.231017451356884,60.09911857738578,151.86666666666667,85.43481307675606,91.31182743009128,SEASON
TE,2022,00-0034365,Ian Thomas,13.0,11.861648104294643,3.9384615384615387,4.855975864025101,4.119974888230963,51.2,57.59987690201388,48.86969232272633,66.95384615384616,82.55158968842672,70.03957309992636,PPG
TE,2022,00-0034365,Ian Thomas,13.0,11.861648104294643,3.9384615384615387,4.855975864025101,4.119974888230963,51.2,57.59987690201388,48.86969232272633,66.95384615384616,82.55158968842672,70.03957309992636,SEASON
TE,2022,00-0034383,Dalton Schultz,15.0,12.87066989230929,11.346666666666668,11.86160734920711,11.301580776160792,170.20000000000002,152.66683258383458,145.45891543123417,192.89333333333335,201.64732493652087,192.12687319473346,PPG
TE,2022,00-0034383,Dalton Schultz,15.0,12.87066989230929,11.346666666666668,11.86160734920711,11.301580776160792,170.20000000000002,152.66683258383458,145.45891543123417,192.89333333333335,201.64732493652087,192.12687319473346,SEASON
TE,2022,00-0034753,Mark Andrews,15.0,12.87066989230929,15.066666666666668,17.740022284374422,15.667584052914874,226.00000000000003,228.32597070439377,201.65230235507664,256.1333333333334,301.5803788343652,266.34892889955285,PPG
TE,2022,00-0034753,Mark Andrews,15.0,12.87066989230929,15.066666666666668,17.740022284374422,15.667584052914874,226.00000000000003,228.32597070439377,201.65230235507664,256.1333333333334,301.5803788343652,266.34892889955285,SEASON
TE,2022,00-0034798,Durham Smythe,13.0,12.534329296304408,3.6538461538461537,6.392343361049044,5.390860691354184,47.5,80.12373666243403,67.57082309593657,62.11538461538461,108.66983713783375,91.64463175302112,PPG
TE,2022,00-0034798,Durham Smythe,13.0,12.534329296304408,3.6538461538461537,6.392343361049044,5.390860691354184,47.5,80.12373666243403,67.57082309593657,62.11538461538461,108.66983713783375,91.64463175302112,SEASON
TE,2022,00-0034829,Mike Gesicki,17.0,12.87066989230929,6.717647058823529,11.521672200797266,11.413633664553348,114.19999999999999,148.2916395038583,146.90111116821453,114.19999999999999,195.86842741355352,194.03177229740692,PPG
TE,2022,00-0034829,Mike Gesicki,17.0,12.87066989230929,6.717647058823529,11.521672200797266,11.413633664553348,114.19999999999999,148.2916395038583,146.90111116821453,114.19999999999999,195.86842741355352,194.03177229740692,SEASON
TE,2022,00-0034830,Hayden Hurst,13.0,11.18896691228488,10.107692307692307,4.785769282616758,5.670223122752998,131.4,53.54781415302825,63.443938905755935,171.83076923076922,81.35807780448488,96.39379308680097,PPG
TE,2022,00-0034830,Hayden Hurst,13.0,11.18896691228488,10.107692307692307,4.785769282616758,5.670223122752998,131.4,53.54781415302825,63.443938905755935,171.83076923076922,81.35807780448488,96.39379308680097,SEASON
TE,2022,00-0034981,Foster Moreau,14.0,12.197988700299526,7.407142857142857,7.293105767148052,7.277260671637637,103.69999999999999,88.96122173776125,88.76794344177003,125.92142857142856,123.98279804151689,123.71343141783983,PPG
TE,2022,00-0034981,Foster Moreau,14.0,12.197988700299526,7.407142857142857,7.293105767148052,7.277260671637637,103.69999999999999,88.96122173776125,88.76794344177003,125.92142857142856,123.98279804151689,123.71343141783983,SEASON
TE,2022,00-0035222,Zach Gentry,14.0,10.516285720275114,2.9785714285714286,4.772268200258971,4.762635710780331,41.7,50.18653592770643,50.08523791615151,50.635714285714286,81.1285594044025,80.96480708326563,PPG
TE,2022,00-0035222,Zach Gentry,14.0,10.516285720275114,2.9785714285714286,4.772268200258971,4.762635710780331,41.7,50.18653592770643,50.08523791615151,50.635714285714286,81.1285594044025,80.96480708326563,SEASON
TE,2022,00-0035229,T.J. Hockenson,17.0,11.18896691228488,15.31764705882353,10.424971153588366,12.8382909931677,260.40000000000003,116.64465729902456,143.64721313283837,260.40000000000003,177.22450961100222,218.2509468838509,PPG
TE,2022,00-0035229,T.J. Hockenson,17.0,11.18896691228488,15.31764705882353,10.424971153588366,12.8382909931677,260.40000000000003,116.64465729902456,143.64721313283837,260.40000000000003,177.22450961100222,218.2509468838509,SEASON
TE,2022,00-0035249,Josh Oliver,12.0,10.852626316279997,3.9916666666666667,3.077314390539157,3.238896579028893,47.9,33.396943138232395,35.150534249278216,67.85833333333333,52.31434463916567,55.061241843491175,PPG
TE,2022,00-0035249,Josh Oliver,12.0,10.852626316279997,3.9916666666666667,3.077314390539157,3.238896579028893,47.9,33.396943138232395,35.150534249278216,67.85833333333333,52.31434463916567,55.061241843491175,SEASON
TE,2022,00-0035259,Trevon Wesco,6.0,9.843604528265349,1.2666666666666666,2.456679466260175,2.4542388104385138,7.6,24.18258111857516,24.158556267877117,21.53333333333333,41.76355092642298,41.72205977745473,PPG
TE,2022,00-0035259,Trevon Wesco,6.0,9.843604528265349,1.2666666666666666,2.456679466260175,2.4542388104385138,7.6,24.18258111857516,24.158556267877117,21.53333333333333,41.76355092642298,41.72205977745473,SEASON
TE,2022,00-0035308,Tommy Sweeney,2.0,9.507263932260466,1.1,2.6847431203215955,3.7614803845842664,2.2,25.524561435217926,35.761386792263224,18.700000000000003,45.640633045467126,63.94516653793253,PPG
TE,2022,00-0035308,Tommy Sweeney,2.0,9.507263932260466,1.1,2.6847431203215955,3.7614803845842664,2.2,25.524561435217926,35.761386792263224,18.700000000000003,45.640633045467126,63.94516653793253,SEASON
TE,2022,00-0035329,Donald Parham,6.0,11.52530750828976,5.666666666666667,5.0339796593369925,5.235608604021133,34.0,58.01816356433457,60.34199915439123,96.33333333333334,85.57765420872887,89.00534626835926,PPG
TE,2022,00-0035329,Donald Parham,6.0,11.52530750828976,5.666666666666667,5.0339796593369925,5.235608604021133,34.0,58.01816356433457,60.34199915439123,96.33333333333334,85.57765420872887,89.00534626835926,SEASON
TE,2022,00-0035345,Chris Myarick,10.0,8.49824214424582,2.3,2.444579944163746,3.3530599446487654,23.0,20.77463230647044,28.495115333796694,39.099999999999994,41.557859050783684,57.00201905902901,PPG
TE,2022,00-0035345,Chris Myarick,10.0,8.49824214424582,2.3,2.444579944163746,3.3530599446487654,23.0,20.77463230647044,28.495115333796694,39.099999999999994,41.557859050783684,57.00201905902901,SEASON
TE,2022,00-0035356,Tyree Jackson,2.0,8.161901548240937,0.0,3.7006680032074097,3.732218785253289,0.0,30.204487904904255,30.46200228173273,0.0,62.91135605452597,63.44771934930591,PPG
TE,2022,00-0035356,Tyree Jackson,2.0,8.161901548240937,0.0,3.7006680032074097,3.732218785253289,0.0,30.204487904904255,30.46200228173273,0.0,62.91135605452597,63.44771934930591,SEASON
TE,2022,00-0035547,Joseph Fortson,10.0,8.49824214424582,3.6300000000000003,2.1948005137616726,4.169861913983321,36.300000000000004,18.651946224261824,35.436496253098596,61.71000000000001,37.31160873394843,70.88765253771646,PPG
TE,2022,00-0035547,Joseph Fortson,10.0,8.49824214424582,3.6300000000000003,2.1948005137616726,4.169861913983321,36.300000000000004,18.651946224261824,35.436496253098596,61.71000000000001,37.31160873394843,70.88765253771646,SEASON
TE,2022,00-0035562,Jesper Horsted,5.0,8.49824214424582,1.2799999999999998,1.496334885997495,3.926471186613048,6.399999999999999,12.716216190089176,33.368102916241895,21.759999999999998,25.437693061957415,66.75001017242181,PPG
TE,2022,00-0035562,Jesper Horsted,5.0,8.49824214424582,1.2799999999999998,1.496334885997495,3.926471186613048,6.399999999999999,12.716216190089176,33.368102916241895,21.759999999999998,25.437693061957415,66.75001017242181,SEASON
TE,2022,00-0035572,Parker Hesse,12.0,8.49824214424582,1.8666666666666667,2.932268845429589,3.494389938503465,22.4,24.919130680488767,29.696171843818707,31.733333333333334,49.848570372303016,59.40462895455891,PPG
TE,2022,00-0035572,Parker Hesse,12.0,8.49824214424582,1.8666666666666667,2.932268845429589,3.494389938503465,22.4,24.919130680488767,29.696171843818707,31.733333333333334,49.848570372303016,59.40462895455891,SEASON
TE,2022,00-0035603,Kendall Blanton,2.0,8.49824214424582,3.25,3.2975057415488265,3.7152568733201274,6.5,28.023002263722802,31.57315253754806,55.25,56.05759760633005,63.15936684644217,PPG
TE,2022,00-0035603,Kendall Blanton,2.0,8.49824214424582,3.25,3.2975057415488265,3.7152568733201274,6.5,28.023002263722802,31.57315253754806,55.25,56.05759760633005,63.15936684644217,SEASON
TE,2022,00-0035624,N'Keal Harry,6.0,10.516285720275114,4.683333333333334,5.735849234706491,5.263207380690459,28.1,60.319829400594806,55.34939262040166,79.61666666666667,97.50943699001034,89.4745254717378,PPG
TE,2022,00-0035624,N'Keal Harry,6.0,10.516285720275114,4.683333333333334,5.735849234706491,5.263207380690459,28.1,60.319829400594806,55.34939262040166,79.61666666666667,97.50943699001034,89.4745254717378,SEASON
TE,2022,00-0035631,Drew Sample,2.0,10.516285720275114,1.5,3.075811852735884,3.27213896876093,3.0,32.34611626517932,34.41074831193631,25.5,52.288801496510025,55.62636246893581,PPG
TE,2022,00-0035631,Drew Sample,2.0,10.516285720275114,1.5,3.075811852735884,3.27213896876093,3.0,32.34611626517932,34.41074831193631,25.5,52.288801496510025,55.62636246893581,SEASON
TE,2022,00-0035644,Noah Fant,17.0,12.534329296304408,8.682352941176472,10.235244697554624,10.640729647853545,147.60000000000002,128.29192746740327,133.37440935914557,147.60000000000002,173.9991598584286,180.89240401351026,PPG
TE,2022,00-0035644,Noah Fant,17.0,12.534329296304408,8.682352941176472,10.235244697554624,10.640729647853545,147.60000000000002,128.29192746740327,133.37440935914557,147.60000000000002,173.9991598584286,180.89240401351026,SEASON
TE,2022,00-0035689,Dawson Knox,15.0,12.197988700299526,10.646666666666668,8.407174378175691,8.73994257957653,159.70000000000002,102.55061806643477,106.6097208269412,180.99333333333337,142.92196442898674,148.57902385280101,PPG
TE,2022,00-0035689,Dawson Knox,15.0,12.197988700299526,10.646666666666668,8.407174378175691,8.73994257957653,159.70000000000002,102.55061806643477,106.6097208269412,180.99333333333337,142.92196442898674,148.57902385280101,SEASON
TE,2022,00-0035771,Mitchell Wilcox,9.0,8.49824214424582,5.044444444444444,2.3796736083985572,2.2283272562133183,45.4,20.223042548442145,18.936864599923673,85.75555555555556,40.45445134277547,37.88156335562641,PPG
TE,2022,00-0035771,Mitchell Wilcox,9.0,8.49824214424582,5.044444444444444,2.3796736083985572,2.2283272562133183,45.4,20.223042548442145,18.936864599923673,85.75555555555556,40.45445134277547,37.88156335562641,SEASON
TE,2022,00-0035823,Ben Ellefson,2.0,8.161901548240937,3.55,2.3452700091009677,2.3004267741060347,7.1,19.141862918324225,18.775856849190948,60.349999999999994,39.86959015471645,39.10725515980259,PPG
TE,2022,00-0035823,Ben Ellefson,2.0,8.161901548240937,3.55,2.3452700091009677,2.3004267741060347,7.1,19.141862918324225,18.775856849190948,60.349999999999994,39.86959015471645,39.10725515980259,SEASON
TE,2022,00-0035956,Giovanni Ricci,11.0,9.843604528265349,2.0,3.266627785776047,1.8279503783151003,22.0,32.155392064222504,17.993620621426878,34.0,55.5326723581928,31.075156431356707,PPG
TE,2022,00-0035956,Giovanni Ricci,11.0,9.843604528265349,2.0,3.266627785776047,1.8279503783151003,22.0,32.155392064222504,17.993620621426878,34.0,55.5326723581928,31.075156431356707,SEASON
TE,2022,00-0036032,Sean McKeon,3.0,8.834582740250703,1.3666666666666667,2.0555394445086055,3.3581175258917098,4.1,18.159833298360244,29.66756713397629,23.233333333333334,34.94417055664629,57.08799794015906,PPG
TE,2022,00-0036032,Sean McKeon,3.0,8.834582740250703,1.3666666666666667,2.0555394445086055,3.3581175258917098,4.1,18.159833298360244,29.66756713397629,23.233333333333334,34.94417055664629,57.08799794015906,SEASON
TE,2022,00-0036040,Juwan Johnson,16.0,11.52530750828976,9.7375,4.659676095551334,3.9409880886975306,155.8,53.704199890256106,45.42109960874616,165.53750000000002,79.21449362437268,66.99679750785802,PPG
TE,2022,00-0036040,Juwan Johnson,16.0,11.52530750828976,9.7375,4.659676095551334,3.9409880886975306,155.8,53.704199890256106,45.42109960874616,165.53750000000002,79.21449362437268,66.99679750785802,SEASON
TE,2022,00-0036232,Harrison Bryant,14.0,12.197988700299526,5.514285714285714,5.2731360534194485,4.544828077438061,77.2,64.32165399475247,55.437761533393484,93.74285714285715,89.64331290813062,77.26207731644703,PPG
TE,2022,00-0036232,Harrison Bryant,14.0,12.197988700299526,5.514285714285714,5.2731360534194485,4.544828077438061,77.2,64.32165399475247,55.437761533393484,93.74285714285715,89.64331290813062,77.26207731644703,SEASON
TE,2022,00-0036244,Colby Parkinson,14.0,8.834582740250703,5.835714285714286,2.9926758618630176,3.3996289834770796,81.7,26.43904251637991,30.03430354068265,99.20714285714287,50.8754896516713,57.79369271911035,PPG
TE,2022,00-0036244,Colby Parkinson,14.0,8.834582740250703,5.835714285714286,2.9926758618630176,3.3996289834770796,81.7,26.43904251637991,30.03430354068265,99.20714285714287,50.8754896516713,57.79369271911035,SEASON
TE,2022,00-0036250,Tyler Davis,11.0,9.843604528265349,0.7818181818181817,2.3913802329308864,2.6624183791835168,8.6,23.539801289682718,26.207793613467757,13.29090909090909,40.65346395982507,45.26111244611978,PPG
TE,2022,00-0036250,Tyler Davis,11.0,9.843604528265349,0.7818181818181817,2.3913802329308864,2.6624183791835168,8.6,23.539801289682718,26.207793613467757,13.29090909090909,40.65346395982507,45.26111244611978,SEASON
TE,2022,00-0036290,Cole Kmet,17.0,12.87066989230929,10.076470588235294,9.473794592528991,9.336184816733196,171.29999999999998,121.93408282798545,120.16295282976309,171.29999999999998,161.05450807299286,158.71514188446434,PPG
TE,2022,00-0036290,Cole Kmet,17.0,12.87066989230929,10.076470588235294,9.473794592528991,9.336184816733196,171.29999999999998,121.93408282798545,120.16295282976309,171.29999999999998,161.05450807299286,158.71514188446434,SEASON
TE,2022,00-0036332,Josiah Deguara,9.0,11.861648104294643,3.433333333333333,6.373522255807735,5.712905507126262,30.9,75.60047818328154,67.76447477861865,58.36666666666666,108.3498783487315,97.11939362114646,PPG
TE,2022,00-0036332,Josiah Deguara,9.0,11.861648104294643,3.433333333333333,6.373522255807735,5.712905507126262,30.9,75.60047818328154,67.76447477861865,58.36666666666666,108.3498783487315,97.11939362114646,SEASON
TE,2022,00-0036422,Adam Trautman,12.0,10.852626316279997,4.475,6.989767152195464,7.607510921306839,53.699999999999996,75.85733094058598,82.56147322596209,76.07499999999999,118.82604158732289,129.32768566221625,PPG
TE,2022,00-0036422,Adam Trautman,12.0,10.852626316279997,4.475,6.989767152195464,7.607510921306839,53.699999999999996,75.85733094058598,82.56147322596209,76.07499999999999,118.82604158732289,129.32768566221625,SEASON
TE,2022,00-0036423,Albert Okwuegbunam,6.0,11.861648104294643,5.083333333333334,6.039725421510728,6.9259001495929455,30.500000000000004,71.6410975965229,82.15259037995314,86.41666666666667,102.67533216568238,117.74030254308008,PPG
TE,2022,00-0036423,Albert Okwuegbunam,6.0,11.861648104294643,5.083333333333334,6.039725421510728,6.9259001495929455,30.500000000000004,71.6410975965229,82.15259037995314,86.41666666666667,102.67533216568238,117.74030254308008,SEASON
TE,2022,00-0036429,Charlie Woerner,5.0,9.843604528265349,0.0,2.032427649195151,2.5013241870606313,0.0,20.006414010989086,24.622046094409672,0.0,34.55127003631757,42.52251118003073,PPG
TE,2022,00-0036429,Charlie Woerner,5.0,9.843604528265349,0.0,2.032427649195151,2.5013241870606313,0.0,20.006414010989086,24.622046094409672,0.0,34.55127003631757,42.52251118003073,SEASON
TE,2022,00-0036510,Kenny Yeboah,3.0,8.161901548240937,0.0,3.16019547542275,2.91701355206088,0.0,25.793204343596948,23.808377426805492,0.0,53.72332308218675,49.58923038503496,PPG
TE,2022,00-0036510,Kenny Yeboah,3.0,8.161901548240937,0.0,3.16019547542275,2.91701355206088,0.0,25.793204343596948,23.808377426805492,0.0,53.72332308218675,49.58923038503496,SEASON
TE,2022,00-0036534,Shane Zylstra,8.0,8.161901548240937,5.8125,3.7492690468764502,4.801636825930621,46.5,30.601164838472723,39.19048704365384,98.8125,63.73757379689965,81.62782604082055,PPG
TE,2022,00-0036534,Shane Zylstra,8.0,8.161901548240937,5.8125,3.7492690468764502,4.801636825930621,46.5,30.601164838472723,39.19048704365384,98.8125,63.73757379689965,81.62782604082055,SEASON
TE,2022,00-0036556,Brevin Jordan,9.0,9.843604528265349,3.7555555555555555,6.465658985063234,7.531913681710715,33.8,63.64539006358799,74.14117962379133,63.84444444444444,109.91620274607497,128.04253258908216,PPG
TE,2022,00-0036556,Brevin Jordan,9.0,9.843604528265349,3.7555555555555555,6.465658985063234,7.531913681710715,33.8,63.64539006358799,74.14117962379133,63.84444444444444,109.91620274607497,128.04253258908216,SEASON
TE,2022,00-0036628,John Bates,9.0,11.18896691228488,4.0888888888888895,5.513354297458514,5.356151632258554,36.800000000000004,61.688738809966964,59.929803390521606,69.51111111111112,93.72702305679475,91.05457774839542,PPG
TE,2022,00-0036628,John Bates,9.0,11.18896691228488,4.0888888888888895,5.513354297458514,5.356151632258554,36.800000000000004,61.688738809966964,59.929803390521606,69.51111111111112,93.72702305679475,91.05457774839542,SEASON
TE,2022,00-0036637,Noah Gray,17.0,9.507263932260466,4.9411764705882355,2.617069562802318,3.416292952518481,84.0,24.881171062647145,32.47959876951457,84.0,44.49018256763941,58.076980192814176,PPG
TE,2022,00-0036637,Noah Gray,17.0,9.507263932260466,4.9411764705882355,2.617069562802318,3.416292952518481,84.0,24.881171062647145,32.47959876951457,84.0,44.49018256763941,58.076980192814176,SEASON
TE,2022,00-0036741,Jack Stoll,9.0,9.170923336255585,3.2,1.9205689429678507,3.3906874301862073,28.8,17.613390537951584,31.09573447944317,54.400000000000006,32.64967203045346,57.64168631316552,PPG
TE,2022,00-0036741,Jack Stoll,9.0,9.170923336255585,3.2,1.9205689429678507,3.3906874301862073,28.8,17.613390537951584,31.09573447944317,54.400000000000006,32.64967203045346,57.64168631316552,SEASON
TE,2022,00-0036754,Brock Wright,14.0,9.843604528265349,5.185714285714286,4.2943510371637945,5.234114117920984,72.60000000000001,42.27189331538653,51.522549432624594,88.15714285714286,73.0039676317845,88.97994000465673,PPG
TE,2022,00-0036754,Brock Wright,14.0,9.843604528265349,5.185714285714286,4.2943510371637945,5.234114117920984,72.60000000000001,42.27189331538653,51.522549432624594,88.15714285714286,73.0039676317845,88.97994000465673,SEASON
TE,2022,00-0036825,Feleipe Franks,5.0,8.49824214424582,0.0,1.2229608131575087,1.6840769243707716,0.0,10.393017123136278,14.311693492839572,0.0,20.79033382367765,28.629307714303117,PPG
TE,2022,00-0036825,Feleipe Franks,5.0,8.49824214424582,0.0,1.2229608131575087,1.6840769243707716,0.0,10.393017123136278,14.311693492839572,0.0,20.79033382367765,28.629307714303117,SEASON
TE,2022,00-0036876,Kylen Granson,13.0,10.516285720275114,5.823076923076924,4.260662244472608,4.317316119555342,75.7,44.80634152046261,45.40212985799341,98.9923076923077,72.43125815603435,73.39437403244081,PPG
TE,2022,00-0036876,Kylen Granson,13.0,10.516285720275114,5.823076923076924,4.260662244472608,4.317316119555342,75.7,44.80634152046261,45.40212985799341,98.9923076923077,72.43125815603435,73.39437403244081,SEASON
TE,2022,00-0036887,Luke Farrell,4.0,9.843604528265349,2.5,3.107722279094386,3.128010046500867,10.0,30.59118909908461,30.79089385819544,42.5,52.83127874460457,53.17617079051474,PPG
TE,2022,00-0036887,Luke Farrell,4.0,9.843604528265349,2.5,3.107722279094386,3.128010046500867,10.0,30.59118909908461,30.79089385819544,42.5,52.83127874460457,53.17617079051474,SEASON
TE,2022,00-0036894,Pat Freiermuth,15.0,12.534329296304408,11.98,8.99400495936019,8.498399588164034,179.70000000000002,112.73381985321556,106.52173892962577,203.66,152.89808430912322,144.47279299878858,PPG
TE,2022,00-0036894,Pat Freiermuth,15.0,12.534329296304408,11.98,8.99400495936019,8.498399588164034,179.70000000000002,112.73381985321556,106.52173892962577,203.66,152.89808430912322,144.47279299878858,SEASON
TE,2022,00-0036970,Kyle Pitts,10.0,12.87066989230929,8.96,12.545831172454653,12.001336518588632,89.60000000000001,161.47325154530748,154.4652405972707,152.32000000000002,213.2791299317291,204.02272081600674,PPG
TE,2022,00-0036970,Kyle Pitts,10.0,12.87066989230929,8.96,12.545831172454653,12.001336518588632,89.60000000000001,161.47325154530748,154.4652405972707,152.32000000000002,213.2791299317291,204.02272081600674,SEASON
TE,2022,00-0037004,Hunter Long,1.0,8.161901548240937,0.0,2.386443800969766,2.385266283262183,0.0,19.47791935392512,19.46830857032452,0.0,40.56954461648602,40.549526815457114,PPG
TE,2022,00-0037004,Hunter Long,1.0,8.161901548240937,0.0,2.386443800969766,2.385266283262183,0.0,19.47791935392512,19.46830857032452,0.0,40.56954461648602,40.549526815457114,SEASON
TE,2022,00-0037005,Tommy Tremble,15.0,12.197988700299526,4.26,7.405922446092402,5.125103936189593,63.9,90.33735831272973,62.51595990150127,72.42,125.90068158357083,87.12676691522307,PPG
TE,2022,00-0037005,Tommy Tremble,15.0,12.197988700299526,4.26,7.405922446092402,5.125103936189593,63.9,90.33735831272973,62.51595990150127,72.42,125.90068158357083,87.12676691522307,SEASON
TE,2022,00-0037011,Tre' McKitty,13.0,9.170923336255585,1.630769230769231,2.7483950678123614,3.4680300482018023,21.200000000000003,25.205320464650136,31.805037699889493,27.723076923076928,46.72271615281014,58.95651081943064,PPG
TE,2022,00-0037011,Tre' McKitty,13.0,9.170923336255585,1.630769230769231,2.7483950678123614,3.4680300482018023,21.200000000000003,25.205320464650136,31.805037699889493,27.723076923076928,46.72271615281014,58.95651081943064,SEASON
TE,2023,00-0024243,Marcedes Lewis,6.0,8.521796046430989,2.4833333333333334,2.8556033731983224,3.8265680034307783,14.9,24.33486953589646,32.60923208303573,42.21666666666667,48.54525734437148,65.05165605832323,PPG
TE,2023,00-0024243,Marcedes Lewis,6.0,8.521796046430989,2.4833333333333334,2.8556033731983224,3.8265680034307783,14.9,24.33486953589646,32.60923208303573,42.21666666666667,48.54525734437148,65.05165605832323,SEASON
TE,2023,00-0030061,Zach Ertz,7.0,10.265650287957106,9.314285714285713,9.477505475280644,11.135334388497647,65.19999999999999,97.2927568114298,114.31144867177953,158.34285714285713,161.11759307977096,189.30068460446,PPG
TE,2023,00-0030061,Zach Ertz,7.0,10.265650287957106,9.314285714285713,9.477505475280644,11.135334388497647,65.19999999999999,97.2927568114298,114.31144867177953,158.34285714285713,161.11759307977096,189.30068460446,SEASON
TE,2023,00-0030506,Travis Kelce,15.0,13.317395210627812,17.66,16.243358468529273,16.094312982985784,264.9,216.31922427330244,214.3343266379599,300.22,276.13709396499763,273.60332071075834,PPG
TE,2023,00-0030506,Travis Kelce,15.0,13.317395210627812,17.66,16.243358468529273,16.094312982985784,264.9,216.31922427330244,214.3343266379599,300.22,276.13709396499763,273.60332071075834,SEASON
TE,2023,00-0031260,Logan Thomas,16.0,11.573540969101694,9.518749999999999,8.387597221921535,8.571024950892115,152.29999999999998,97.07420008023244,99.19710841634273,161.81875,142.5891527726661,145.70742416516595,PPG
TE,2023,00-0031260,Logan Thomas,16.0,11.573540969101694,9.518749999999999,8.387597221921535,8.571024950892115,152.29999999999998,97.07420008023244,99.19710841634273,161.81875,142.5891527726661,145.70742416516595,SEASON
TE,2023,00-0031484,Chris Manhertz,7.0,8.957759606812518,0.6571428571428571,2.4022738300364868,2.8044367129146663,4.6,21.518991479203642,25.12146990680907,11.17142857142857,40.83865511062027,47.67542411954933,PPG
TE,2023,00-0031484,Chris Manhertz,7.0,8.957759606812518,0.6571428571428571,2.4022738300364868,2.8044367129146663,4.6,21.518991479203642,25.12146990680907,11.17142857142857,40.83865511062027,47.67542411954933,SEASON
TE,2023,00-0031585,MyCole Pruitt,10.0,10.265650287957106,2.95,5.438959179488371,5.479773088939761,29.5,55.834452867101746,56.25343418841406,50.150000000000006,92.4623060513023,93.15614251197594,PPG
TE,2023,00-0031585,MyCole Pruitt,10.0,10.265650287957106,2.95,5.438959179488371,5.479773088939761,29.5,55.834452867101746,56.25343418841406,50.150000000000006,92.4623060513023,93.15614251197594,SEASON
TE,2023,00-0031610,Darren Waller,12.0,9.393723167194047,11.600000000000001,9.367652242411726,9.646646552793888,139.20000000000002,87.99713189176029,90.61792720871253,197.20000000000002,159.25008812099935,163.9929913974961,PPG
TE,2023,00-0031610,Darren Waller,12.0,9.393723167194047,11.600000000000001,9.367652242411726,9.646646552793888,139.20000000000002,87.99713189176029,90.61792720871253,197.20000000000002,159.25008812099935,163.9929913974961,SEASON
TE,2023,00-0032134,C.J. Uzomah,8.0,12.009504529483223,2.975,5.141433887567426,4.244879003013124,23.8,61.746073560779536,50.97889361379434,50.575,87.40437608864625,72.16294305122311,PPG
TE,2023,00-0032134,C.J. Uzomah,8.0,12.009504529483223,2.975,5.141433887567426,4.244879003013124,23.8,61.746073560779536,50.97889361379434,50.575,87.40437608864625,72.16294305122311,SEASON
TE,2023,00-0032141,Geoff Swaim,8.0,11.137577408720164,3.05,2.723523356912617,2.8782386839862455,24.4,30.333452212071666,32.05660614366966,51.849999999999994,46.299897067514486,48.930057627766175,PPG
TE,2023,00-0032141,Geoff Swaim,8.0,11.137577408720164,3.05,2.723523356912617,2.8782386839862455,24.4,30.333452212071666,32.05660614366966,51.849999999999994,46.299897067514486,48.930057627766175,SEASON
TE,2023,00-0032214,Tyler Kroft,1.0,8.521796046430989,0.0,2.4903918167946473,2.7913004941941377,0.0,21.222611138424714,23.78689351582447,0.0,42.336660885509005,47.45210840130034,PPG
TE,2023,00-0032214,Tyler Kroft,1.0,8.521796046430989,0.0,2.4903918167946473,2.7913004941941377,0.0,21.222611138424714,23.78689351582447,0.0,42.336660885509005,47.45210840130034,SEASON
TE,2023,00-0032392,Austin Hooper,16.0,13.317395210627812,3.8062500000000004,8.014421125041773,7.2171883419484555,60.900000000000006,106.73121350658566,96.11414945926323,64.70625000000001,136.24515912571013,122.69220181312375,PPG
TE,2023,00-0032392,Austin Hooper,16.0,13.317395210627812,3.8062500000000004,8.014421125041773,7.2171883419484555,60.900000000000006,106.73121350658566,96.11414945926323,64.70625000000001,136.24515912571013,122.69220181312375,SEASON
TE,2023,00-0032394,Nick Vannett,1.0,8.08583248604946,1.8,3.228227424506474,3.4735169311650513,1.8,26.102906181430228,28.0862760428572,30.6,54.879866216610054,59.04978782980587,PPG
TE,2023,00-0032394,Nick Vannett,1.0,8.08583248604946,1.8,3.228227424506474,3.4735169311650513,1.8,26.102906181430228,28.0862760428572,30.6,54.879866216610054,59.04978782980587,SEASON
TE,2023,00-0032725,Stephen Anderson,1.0,9.829686727575577,0.0,2.5647021551726796,1.993262485100777,0.0,25.210218734885366,19.59314579436942,0.0,43.599936637935556,33.88546224671321,PPG
TE,2023,00-0032725,Stephen Anderson,1.0,9.829686727575577,0.0,2.5647021551726796,1.993262485100777,0.0,25.210218734885366,19.59314579436942,0.0,43.599936637935556,33.88546224671321,SEASON
TE,2023,00-0033090,Hunter Henry,13.0,12.881431650246281,10.761538461538462,8.183922980295666,7.552517548380947,139.9,105.42064450155846,97.28723858675478,182.94615384615386,139.12669066502633,128.3927983224761,PPG
TE,2023,00-0033090,Hunter Henry,13.0,12.881431650246281,10.761538461538462,8.183922980295666,7.552517548380947,139.9,105.42064450155846,97.28723858675478,182.94615384615386,139.12669066502633,128.3927983224761,SEASON
TE,2023,00-0033110,Tyler Higbee,15.0,12.881431650246281,8.8,12.12220252589772,11.805570854677406,132.0,156.1513232877943,152.07265405666658,149.60000000000002,206.07744294026122,200.6947045295159,PPG
TE,2023,00-0033110,Tyler Higbee,15.0,12.881431650246281,8.8,12.12220252589772,11.805570854677406,132.0,156.1513232877943,152.07265405666658,149.60000000000002,206.07744294026122,200.6947045295159,SEASON
TE,2023,00-0033217,Mo Alie-Cox,14.0,12.009504529483223,3.9714285714285715,4.445254184674612,4.087911170041063,55.6,53.385300265554,49.09378771273321,67.51428571428572,75.5693211394684,69.49448989069808,PPG
TE,2023,00-0033217,Mo Alie-Cox,14.0,12.009504529483223,3.9714285714285715,4.445254184674612,4.087911170041063,55.6,53.385300265554,49.09378771273321,67.51428571428572,75.5693211394684,69.49448989069808,SEASON
TE,2023,00-0033246,Johnny Mundt,10.0,11.573540969101694,4.87,3.421768092599395,3.6880951821705583,48.7,39.60197320646406,42.684320688797534,82.79,58.17005757418971,62.69761809689949,PPG
TE,2023,00-0033246,Johnny Mundt,10.0,11.573540969101694,4.87,3.421768092599395,3.6880951821705583,48.7,39.60197320646406,42.684320688797534,82.79,58.17005757418971,62.69761809689949,SEASON
TE,2023,00-0033288,George Kittle,16.0,12.445468089864752,14.73125,12.97973864435462,12.855675226956567,235.7,161.5389231130998,159.99489581075275,250.43124999999998,220.65555695402855,218.54647885826165,PPG
TE,2023,00-0033288,George Kittle,16.0,12.445468089864752,14.73125,12.97973864435462,12.855675226956567,235.7,161.5389231130998,159.99489581075275,250.43124999999998,220.65555695402855,218.54647885826165,SEASON
TE,2023,00-0033357,Taysom Hill,16.0,12.881431650246281,9.48125,9.398344070241816,10.0474075267247,151.7,121.06412676631739,129.42499331767425,161.18124999999998,159.77184919411087,170.80592795431988,PPG
TE,2023,00-0033357,Taysom Hill,16.0,12.881431650246281,9.48125,9.398344070241816,10.0474075267247,151.7,121.06412676631739,129.42499331767425,161.18124999999998,159.77184919411087,170.80592795431988,SEASON
TE,2023,00-0033439,Pharaoh Brown,11.0,9.393723167194047,3.9363636363636365,4.140043909340847,4.221642896009459,43.300000000000004,38.89042638437573,39.65694467586422,66.91818181818182,70.3807464587944,71.7679292321608,PPG
TE,2023,00-0033439,Pharaoh Brown,11.0,9.393723167194047,3.9363636363636365,4.140043909340847,4.221642896009459,43.300000000000004,38.89042638437573,39.65694467586422,66.91818181818182,70.3807464587944,71.7679292321608,SEASON
TE,2023,00-0033576,Eric Saubert,3.0,12.009504529483223,1.9,4.409265495744776,3.34281736842069,5.699999999999999,52.95309394284098,40.14558032728347,32.3,74.9575134276612,56.82789526315173,PPG
TE,2023,00-0033576,Eric Saubert,3.0,12.009504529483223,1.9,4.409265495744776,3.34281736842069,5.699999999999999,52.95309394284098,40.14558032728347,32.3,74.9575134276612,56.82789526315173,SEASON
TE,2023,00-0033757,Robert Tonyan,12.0,13.317395210627812,2.3083333333333336,7.298271977210718,6.655672062915079,27.700000000000003,97.1939722751652,88.6362152541746,39.241666666666674,124.07062361258221,113.14642506955634,PPG
TE,2023,00-0033757,Robert Tonyan,12.0,13.317395210627812,2.3083333333333336,7.298271977210718,6.655672062915079,27.700000000000003,97.1939722751652,88.6362152541746,39.241666666666674,124.07062361258221,113.14642506955634,SEASON
TE,2023,00-0033858,Jonnu Smith,17.0,11.137577408720164,8.71764705882353,5.849459531756866,5.607402381516928,148.20000000000002,65.14880833411809,62.45287808598658,148.20000000000002,99.44081203986671,95.32584048578778,PPG
TE,2023,00-0033858,Jonnu Smith,17.0,11.137577408720164,8.71764705882353,5.849459531756866,5.607402381516928,148.20000000000002,65.14880833411809,62.45287808598658,148.20000000000002,99.44081203986671,95.32584048578778,SEASON
TE,2023,00-0033881,Evan Engram,17.0,13.317395210627812,16.72352941176471,10.57350661059674,11.49305848774582,284.30000000000007,140.81156629550253,153.0576020601715,284.30000000000007,179.74961238014458,195.38199429167895,PPG
TE,2023,00-0033881,Evan Engram,17.0,13.317395210627812,16.72352941176471,10.57350661059674,11.49305848774582,284.30000000000007,140.81156629550253,153.0576020601715,284.30000000000007,179.74961238014458,195.38199429167895,SEASON
TE,2023,00-0033885,David Njoku,16.0,12.009504529483223,14.98125,10.631506478283908,10.671011850485652,239.7,127.67912520618083,128.1535651525766,254.68124999999998,180.73561013082644,181.40720145825608,PPG
TE,2023,00-0033885,David Njoku,16.0,12.009504529483223,14.98125,10.631506478283908,10.671011850485652,239.7,127.67912520618083,128.1535651525766,254.68124999999998,180.73561013082644,181.40720145825608,SEASON
TE,2023,00-0033895,Gerald Everett,15.0,12.445468089864752,8.906666666666666,9.242872431591577,8.956625529832177,133.6,115.0318739060636,111.46939722439434,151.41333333333333,157.1288313370568,152.262634007147,PPG
TE,2023,00-0033895,Gerald Everett,15.0,12.445468089864752,8.906666666666666,9.242872431591577,8.956625529832177,133.6,115.0318739060636,111.46939722439434,151.41333333333333,157.1288313370568,152.262634007147,SEASON
TE,2023,00-0034073,Ross Dwelley,2.0,8.08583248604946,1.35,4.486112663026694,3.9733077693127306,2.7,36.2739555067791,32.12750103818159,22.950000000000003,76.2639152714538,67.54623207831642,PPG
TE,2023,00-0034073,Ross Dwelley,2.0,8.08583248604946,1.35,4.486112663026694,3.9733077693127306,2.7,36.2739555067791,32.12750103818159,22.950000000000003,76.2639152714538,67.54623207831642,SEASON
TE,2023,00-0034159,Will Dissly,13.0,12.445468089864752,3.746153846153846,5.545165568663966,5.684994951096182,48.7,69.01218113782411,70.75242325490976,63.684615384615384,94.26781466728741,96.6449141686351,PPG
TE,2023,00-0034159,Will Dissly,13.0,12.445468089864752,3.746153846153846,5.545165568663966,5.684994951096182,48.7,69.01218113782411,70.75242325490976,63.684615384615384,94.26781466728741,96.6449141686351,SEASON
TE,2023,00-0034193,Kevin Rader,7.0,8.521796046430989,0.3,1.1384949463399192,1.287140401097301,2.1,9.702021732601185,10.968747981272578,5.1,19.354414087778625,21.881386818654118,PPG
TE,2023,00-0034193,Kevin Rader,7.0,8.521796046430989,0.3,1.1384949463399192,1.287140401097301,2.1,9.702021732601185,10.968747981272578,5.1,19.354414087778625,21.881386818654118,SEASON
TE,2023,00-0034270,Tyler Conklin,17.0,13.317395210627812,9.035294117647059,8.379928865459606,8.069052159057632,153.6,111.5988245382735,107.45875657734011,153.6,142.4587907128133,137.17388670397975,PPG
TE,2023,00-0034270,Tyler Conklin,17.0,13.317395210627812,9.035294117647059,8.379928865459606,8.069052159057632,153.6,111.5988245382735,107.45875657734011,153.6,142.4587907128133,137.17388670397975,SEASON
TE,2023,00-0034351,Dallas Goedert,14.0,11.137577408720164,11.842857142857143,10.612547457881405,11.909962726551074,165.8,118.19806881587054,132.64813180193445,201.32857142857145,180.4133067839839,202.46936635136825,PPG
TE,2023,00-0034351,Dallas Goedert,14.0,11.137577408720164,11.842857142857143,10.612547457881405,11.909962726551074,165.8,118.19806881587054,132.64813180193445,201.32857142857145,180.4133067839839,202.46936635136825,SEASON
TE,2023,00-0034364,Jordan Akins,13.0,12.445468089864752,2.746153846153846,8.516964976911977,7.479087297424858,35.7,105.99761584265369,93.08074230141388,46.684615384615384,144.7884046075036,127.14448405622258,PPG
TE,2023,00-0034364,Jordan Akins,13.0,12.445468089864752,2.746153846153846,8.516964976911977,7.479087297424858,35.7,105.99761584265369,93.08074230141388,46.684615384615384,144.7884046075036,127.14448405622258,SEASON
TE,2023,00-0034365,Ian Thomas,8.0,11.573540969101694,1.6375000000000002,5.066288193654376,5.131153720084722,13.100000000000001,58.634893970535146,59.385617798159096,27.837500000000002,86.12689929212439,87.22961324144028,PPG
TE,2023,00-0034365,Ian Thomas,8.0,11.573540969101694,1.6375000000000002,5.066288193654376,5.131153720084722,13.100000000000001,58.634893970535146,59.385617798159096,27.837500000000002,86.12689929212439,87.22961324144028,SEASON
TE,2023,00-0034383,Dalton Schultz,15.0,12.445468089864752,11.933333333333334,10.127361618984546,10.19326386242816,179.0,126.0397558635932,126.85994013142121,202.86666666666667,172.16514752273727,173.28548566127873,PPG
TE,2023,00-0034383,Dalton Schultz,15.0,12.445468089864752,11.933333333333334,10.127361618984546,10.19326386242816,179.0,126.0397558635932,126.85994013142121,202.86666666666667,172.16514752273727,173.28548566127873,SEASON
TE,2023,00-0034613,Tanner Hudson,12.0,8.521796046430989,8.308333333333334,5.305427407370995,5.955229379749563,99.7,45.211770304760755,50.749250183939495,141.24166666666667,90.19226592530691,101.23889945574257,PPG
TE,2023,00-0034613,Tanner Hudson,12.0,8.521796046430989,8.308333333333334,5.305427407370995,5.955229379749563,99.7,45.211770304760755,50.749250183939495,141.24166666666667,90.19226592530691,101.23889945574257,SEASON
TE,2023,00-0034753,Mark Andrews,10.0,12.445468089864752,15.69,14.291847811128509,13.516591849251233,156.9,177.86873587860327,168.22031254358222,266.73,242.96141278918466,229.78206143727095,PPG
TE,2023,00-0034753,Mark Andrews,10.0,12.445468089864752,15.69,14.291847811128509,13.516591849251233,156.9,177.86873587860327,168.22031254358222,266.73,242.96141278918466,229.78206143727095,SEASON
TE,2023,00-0034798,Durham Smythe,13.0,11.573540969101694,6.853846153846154,6.219262494098231,3.998715443446159,89.10000000000001,71.97888927304346,46.279297008503775,116.51538461538462,105.72746239966993,67.97816253858471,PPG
TE,2023,00-0034798,Durham Smythe,13.0,11.573540969101694,6.853846153846154,6.219262494098231,3.998715443446159,89.10000000000001,71.97888927304346,46.279297008503775,116.51538461538462,105.72746239966993,67.97816253858471,SEASON
TE,2023,00-0034829,Mike Gesicki,15.0,13.317395210627812,5.326666666666667,7.054852222578486,5.60407597540876,79.9,93.9522552006537,74.631694554903,90.55333333333334,119.93248778383426,95.26929158194892,PPG
TE,2023,00-0034829,Mike Gesicki,15.0,13.317395210627812,5.326666666666667,7.054852222578486,5.60407597540876,79.9,93.9522552006537,74.631694554903,90.55333333333334,119.93248778383426,95.26929158194892,SEASON
TE,2023,00-0034830,Hayden Hurst,9.0,11.573540969101694,5.71111111111111,8.417514683482889,8.805467383065835,51.39999999999999,97.4204510473043,101.91043751000113,97.08888888888887,143.0977496192091,149.6929455121192,PPG
TE,2023,00-0034830,Hayden Hurst,9.0,11.573540969101694,5.71111111111111,8.417514683482889,8.805467383065835,51.39999999999999,97.4204510473043,101.91043751000113,97.08888888888887,143.0977496192091,149.6929455121192,SEASON
TE,2023,00-0034970,Irv Smith,10.0,9.393723167194047,4.15,6.485471066145066,7.117439705903412,41.5,60.92271980421358,66.85925825645167,70.55000000000001,110.25300812446612,120.996475000358,PPG
TE,2023,00-0034970,Irv Smith,10.0,9.393723167194047,4.15,6.485471066145066,7.117439705903412,41.5,60.92271980421358,66.85925825645167,70.55000000000001,110.25300812446612,120.996475000358,SEASON
TE,2023,00-0034981,Foster Moreau,13.0,12.009504529483223,4.36923076923077,6.823030289908878,6.332768651977215,56.800000000000004,81.94121317146191,76.05341381008974,74.27692307692308,115.99151492845093,107.65706708361266,PPG
TE,2023,00-0034981,Foster Moreau,13.0,12.009504529483223,4.36923076923077,6.823030289908878,6.332768651977215,56.800000000000004,81.94121317146191,76.05341381008974,74.27692307692308,115.99151492845093,107.65706708361266,SEASON
TE,2023,00-0035229,T.J. Hockenson,15.0,13.317395210627812,17.7,12.711960862592193,13.194966955798954,265.5,169.29020670917345,175.72258974154923,300.9,216.1033346640673,224.3144382485822,PPG
TE,2023,00-0035229,T.J. Hockenson,15.0,13.317395210627812,17.7,12.711960862592193,13.194966955798954,265.5,169.29020670917345,175.72258974154923,300.9,216.1033346640673,224.3144382485822,SEASON
TE,2023,00-0035249,Josh Oliver,13.0,11.137577408720164,4.86923076923077,4.849661172687092,5.19970779969793,63.300000000000004,54.013476716867096,57.9121481218617,82.77692307692308,82.44423993568057,88.39503259486482,PPG
TE,2023,00-0035249,Josh Oliver,13.0,11.137577408720164,4.86923076923077,4.849661172687092,5.19970779969793,63.300000000000004,54.013476716867096,57.9121481218617,82.77692307692308,82.44423993568057,88.39503259486482,SEASON
TE,2023,00-0035259,Trevon Wesco,6.0,8.521796046430989,0.6000000000000001,2.5341901402251388,2.2525837403088196,3.6000000000000005,21.59585151787498,19.19605921241843,10.200000000000001,43.081232383827356,38.293923585249935,PPG
TE,2023,00-0035259,Trevon Wesco,6.0,8.521796046430989,0.6000000000000001,2.5341901402251388,2.2525837403088196,3.6000000000000005,21.59585151787498,19.19605921241843,10.200000000000001,43.081232383827356,38.293923585249935,SEASON
TE,2023,00-0035329,Donald Parham,14.0,8.521796046430989,6.642857142857142,4.322087603710128,5.027391338942774,93.0,36.83194905362536,42.84240363606393,112.92857142857142,73.47548926307218,85.46565276202716,PPG
TE,2023,00-0035329,Donald Parham,14.0,8.521796046430989,6.642857142857142,4.322087603710128,5.027391338942774,93.0,36.83194905362536,42.84240363606393,112.92857142857142,73.47548926307218,85.46565276202716,SEASON
TE,2023,00-0035562,Jesper Horsted,5.0,8.08583248604946,0.38000000000000006,1.8777902791293661,2.47611976540571,1.9000000000000004,15.183497640972112,20.021489638466658,6.460000000000001,31.922434745199226,42.094036011897074,PPG
TE,2023,00-0035562,Jesper Horsted,5.0,8.08583248604946,0.38000000000000006,1.8777902791293661,2.47611976540571,1.9000000000000004,15.183497640972112,20.021489638466658,6.460000000000001,31.922434745199226,42.094036011897074,SEASON
TE,2023,00-0035572,Parker Hesse,1.0,11.137577408720164,0.0,2.8273477619221112,2.9243443943797183,0.0,31.489804559779223,32.570112062161,0.0,48.06491195267589,49.71385470445521,PPG
TE,2023,00-0035572,Parker Hesse,1.0,11.137577408720164,0.0,2.8273477619221112,2.9243443943797183,0.0,31.489804559779223,32.570112062161,0.0,48.06491195267589,49.71385470445521,SEASON
TE,2023,00-0035644,Noah Fant,15.0,13.317395210627812,5.960000000000001,7.733833974879536,7.015771785944439,89.4,102.99452353685139,93.43180558099421,101.32000000000002,131.4751775729521,119.26812036105547,PPG
TE,2023,00-0035644,Noah Fant,15.0,13.317395210627812,5.960000000000001,7.733833974879536,7.015771785944439,89.4,102.99452353685139,93.43180558099421,101.32000000000002,131.4751775729521,119.26812036105547,SEASON
TE,2023,00-0035689,Dawson Knox,10.0,12.445468089864752,6.560000000000001,9.332927201589015,9.106482383392919,65.60000000000001,116.15264767240683,113.33443591343209,111.52000000000002,158.65976242701328,154.81020051767962,PPG
TE,2023,00-0035689,Dawson Knox,10.0,12.445468089864752,6.560000000000001,9.332927201589015,9.106482383392919,65.60000000000001,116.15264767240683,113.33443591343209,111.52000000000002,158.65976242701328,154.81020051767962,SEASON
TE,2023,00-0035771,Mitchell Wilcox,12.0,9.829686727575577,1.5916666666666668,4.011351383035894,4.615160478166978,19.1,39.430327449469864,45.3655816978693,27.058333333333337,68.1929735116102,78.45772812883864,PPG
TE,2023,00-0035771,Mitchell Wilcox,12.0,9.829686727575577,1.5916666666666668,4.011351383035894,4.615160478166978,19.1,39.430327449469864,45.3655816978693,27.058333333333337,68.1929735116102,78.45772812883864,SEASON
TE,2023,00-0035956,Giovanni Ricci,2.0,10.701613848338635,0.85,3.1629300335538773,2.8962298692028337,1.7,33.84845584840635,30.994333676233037,14.45,53.76981057041591,49.23590777644817,PPG
TE,2023,00-0035956,Giovanni Ricci,2.0,10.701613848338635,0.85,3.1629300335538773,2.8962298692028337,1.7,33.84845584840635,30.994333676233037,14.45,53.76981057041591,49.23590777644817,SEASON
TE,2023,00-0036032,Sean McKeon,8.0,7.213905365286401,0.0,1.6697633050201333,2.373503795563709,0.0,12.045514464843093,17.122231765344676,0.0,28.385976185342265,40.34956452458305,PPG
TE,2023,00-0036032,Sean McKeon,8.0,7.213905365286401,0.0,1.6697633050201333,2.373503795563709,0.0,12.045514464843093,17.122231765344676,0.0,28.385976185342265,40.34956452458305,SEASON
TE,2023,00-0036040,Juwan Johnson,13.0,12.881431650246281,8.946153846153846,9.695559971340924,9.814714977761634,116.3,124.8926930816919,126.42758015268494,152.08461538461538,164.8245195127957,166.85015462194778,PPG
TE,2023,00-0036040,Juwan Johnson,13.0,12.881431650246281,8.946153846153846,9.695559971340924,9.814714977761634,116.3,124.8926930816919,126.42758015268494,152.08461538461538,164.8245195127957,166.85015462194778,SEASON
TE,2023,00-0036145,Lawrence Cager,5.0,8.521796046430989,3.1200000000000006,6.014157761685845,6.330578051745085,15.600000000000003,51.25142583614668,53.947895012984056,53.040000000000006,102.24068194865937,107.61982687966643,PPG
TE,2023,00-0036145,Lawrence Cager,5.0,8.521796046430989,3.1200000000000006,6.014157761685845,6.330578051745085,15.600000000000003,51.25142583614668,53.947895012984056,53.040000000000006,102.24068194865937,107.61982687966643,SEASON
TE,2023,00-0036232,Harrison Bryant,14.0,12.009504529483223,3.0999999999999996,5.423389561120294,5.410884980038165,43.39999999999999,65.1322214994262,64.98204767628108,52.699999999999996,92.19762253904499,91.9850446606488,PPG
TE,2023,00-0036232,Harrison Bryant,14.0,12.009504529483223,3.0999999999999996,5.423389561120294,5.410884980038165,43.39999999999999,65.1322214994262,64.98204767628108,52.699999999999996,92.19762253904499,91.9850446606488,SEASON
TE,2023,00-0036244,Colby Parkinson,15.0,12.009504529483223,4.946666666666666,6.52874478964882,6.003630897200543,74.19999999999999,78.4069901231275,72.10063245327535,84.09333333333333,110.98866142402994,102.06172525240923,PPG
TE,2023,00-0036244,Colby Parkinson,15.0,12.009504529483223,4.946666666666666,6.52874478964882,6.003630897200543,74.19999999999999,78.4069901231275,72.10063245327535,84.09333333333333,110.98866142402994,102.06172525240923,SEASON
TE,2023,00-0036290,Cole Kmet,16.0,13.317395210627812,13.5375,9.570318146605722,9.675167800595519,216.6,127.45170904979148,128.84803332967118,230.1375,162.69540849229728,164.47785261012382,PPG
TE,2023,00-0036290,Cole Kmet,16.0,13.317395210627812,13.5375,9.570318146605722,9.675167800595519,216.6,127.45170904979148,128.84803332967118,230.1375,162.69540849229728,164.47785261012382,SEASON
TE,2023,00-0036332,Josiah Deguara,9.0,9.829686727575577,2.0555555555555554,3.6995699934463055,3.992523952402891,18.5,36.36561406231601,39.245259704462285,34.94444444444444,62.89268988858719,67.87290719084915,PPG
TE,2023,00-0036332,Josiah Deguara,9.0,9.829686727575577,2.0555555555555554,3.6995699934463055,3.992523952402891,18.5,36.36561406231601,39.245259704462285,34.94444444444444,62.89268988858719,67.87290719084915,SEASON
TE,2023,00-0036422,Adam Trautman,16.0,11.137577408720164,4.4625,4.592071152253914,4.542309483647427,71.4,51.14454792457877,50.59032348848694,75.86250000000001,78.06520958831653,77.21926122200627,PPG
TE,2023,00-0036422,Adam Trautman,16.0,11.137577408720164,4.4625,4.592071152253914,4.542309483647427,71.4,51.14454792457877,50.59032348848694,75.86250000000001,78.06520958831653,77.21926122200627,SEASON
TE,2023,00-0036423,Albert Okwuegbunam,1.0,8.521796046430989,0.0,4.644757417083119,5.0074359198177385,0.0,39.58167539352994,42.672347624259324,0.0,78.96087609041302,85.12641063690155,PPG
TE,2023,00-0036423,Albert Okwuegbunam,1.0,8.521796046430989,0.0,4.644757417083119,5.0074359198177385,0.0,39.58167539352994,42.672347624259324,0.0,78.96087609041302,85.12641063690155,SEASON
TE,2023,00-0036424,Brycen Hopkins,5.0,8.957759606812518,3.06,4.110752469580792,4.121393733170747,15.3,36.82313242561562,36.91845430676716,52.02,69.88279198287346,70.0636934639027,PPG
TE,2023,00-0036424,Brycen Hopkins,5.0,8.957759606812518,3.06,4.110752469580792,4.121393733170747,15.3,36.82313242561562,36.91845430676716,52.02,69.88279198287346,70.0636934639027,SEASON
TE,2023,00-0036429,Charlie Woerner,10.0,8.08583248604946,0.77,2.297147109058735,1.5364634755574569,7.7,18.574346719661722,12.423586284290945,13.09,39.0515008539985,26.119879084476768,PPG
TE,2023,00-0036429,Charlie Woerner,10.0,8.08583248604946,0.77,2.297147109058735,1.5364634755574569,7.7,18.574346719661722,12.423586284290945,13.09,39.0515008539985,26.119879084476768,SEASON
TE,2023,00-0036438,Stephen Sullivan,10.0,9.393723167194047,3.05,3.243225986889095,2.232252733141172,30.5,30.46596708948587,20.96916421434046,51.849999999999994,55.134841777114616,37.94829646339993,PPG
TE,2023,00-0036438,Stephen Sullivan,10.0,9.393723167194047,3.05,3.243225986889095,2.232252733141172,30.5,30.46596708948587,20.96916421434046,51.849999999999994,55.134841777114616,37.94829646339993,SEASON
TE,2023,00-0036510,Kenny Yeboah,3.0,7.213905365286401,1.9333333333333336,0.8396048010716113,1.6419614295067475,5.800000000000001,6.056829579170718,11.844954365912054,32.866666666666674,14.273281618217393,27.913344301614707,PPG
TE,2023,00-0036510,Kenny Yeboah,3.0,7.213905365286401,1.9333333333333336,0.8396048010716113,1.6419614295067475,5.800000000000001,6.056829579170718,11.844954365912054,32.866666666666674,14.273281618217393,27.913344301614707,SEASON
TE,2023,00-0036556,Brevin Jordan,10.0,9.829686727575577,5.9399999999999995,4.776321574877696,4.617450554811826,59.39999999999999,46.94974479120817,45.38809243387029,100.97999999999999,81.19746677292083,78.49665943180104,PPG
TE,2023,00-0036556,Brevin Jordan,10.0,9.829686727575577,5.9399999999999995,4.776321574877696,4.617450554811826,59.39999999999999,46.94974479120817,45.38809243387029,100.97999999999999,81.19746677292083,78.49665943180104,SEASON
TE,2023,00-0036590,Quintin Morris,2.0,9.829686727575577,5.8,2.7055854549383227,2.851934584415644,11.6,26.595057436728762,28.033623532344222,98.6,45.994952733951486,48.482887935065946,PPG
TE,2023,00-0036590,Quintin Morris,2.0,9.829686727575577,5.8,2.7055854549383227,2.851934584415644,11.6,26.595057436728762,28.033623532344222,98.6,45.994952733951486,48.482887935065946,SEASON
TE,2023,00-0036628,John Bates,15.0,9.829686727575577,2.9066666666666663,4.567883733508485,4.234823723736169,43.599999999999994,44.90086610837673,41.62699055083161,49.41333333333333,77.65402346964424,71.99200330351488,PPG
TE,2023,00-0036628,John Bates,15.0,9.829686727575577,2.9066666666666663,4.567883733508485,4.234823723736169,43.599999999999994,44.90086610837673,41.62699055083161,49.41333333333333,77.65402346964424,71.99200330351488,SEASON
TE,2023,00-0036637,Noah Gray,16.0,13.317395210627812,5.2875,8.996260559706872,4.8995847964039445,84.6,119.80675729140017,65.24970710169472,89.88749999999999,152.93642951501684,83.29294153886705,PPG
TE,2023,00-0036637,Noah Gray,16.0,13.317395210627812,5.2875,8.996260559706872,4.8995847964039445,84.6,119.80675729140017,65.24970710169472,89.88749999999999,152.93642951501684,83.29294153886705,SEASON
TE,2023,00-0036741,Jack Stoll,6.0,9.829686727575577,1.8833333333333333,3.54774295055368,3.9290768490767882,11.3,34.87320179390733,38.62159455499457,32.016666666666666,60.311630159412566,66.7943064343054,PPG
TE,2023,00-0036741,Jack Stoll,6.0,9.829686727575577,1.8833333333333333,3.54774295055368,3.9290768490767882,11.3,34.87320179390733,38.62159455499457,32.016666666666666,60.311630159412566,66.7943064343054,SEASON
TE,2023,00-0036754,Brock Wright,9.0,12.009504529483223,3.844444444444444,5.030657661069063,4.599814591951452,34.599999999999994,60.41570596688839,55.241494176823984,65.35555555555555,85.52118023817407,78.19684806317468,PPG
TE,2023,00-0036754,Brock Wright,9.0,12.009504529483223,3.844444444444444,5.030657661069063,4.599814591951452,34.599999999999994,60.41570596688839,55.241494176823984,65.35555555555555,85.52118023817407,78.19684806317468,SEASON
TE,2023,00-0036876,Kylen Granson,15.0,11.573540969101694,5.866666666666667,6.304367545535119,6.01331764278666,88.0,72.9638560725258,69.59537809901344,99.73333333333335,107.17424827409702,102.22639992737322,PPG
TE,2023,00-0036876,Kylen Granson,15.0,11.573540969101694,5.866666666666667,6.304367545535119,6.01331764278666,88.0,72.9638560725258,69.59537809901344,99.73333333333335,107.17424827409702,102.22639992737322,SEASON
TE,2023,00-0036887,Luke Farrell,10.0,7.64986892566793,3.5,2.253006385171278,3.3901480104946913,35.0,17.23520353525319,25.934187918898296,59.5,38.301108547911724,57.63251617840975,PPG
TE,2023,00-0036887,Luke Farrell,10.0,7.64986892566793,3.5,2.253006385171278,3.3901480104946913,35.0,17.23520353525319,25.934187918898296,59.5,38.301108547911724,57.63251617840975,SEASON
TE,2023,00-0036894,Pat Freiermuth,11.0,12.445468089864752,8.436363636363636,10.727512192545841,11.125594120701361,92.8,133.50891067596433,138.4632266099757,143.4181818181818,182.3677072732793,189.13510005192313,PPG
TE,2023,00-0036894,Pat Freiermuth,11.0,12.445468089864752,8.436363636363636,10.727512192545841,11.125594120701361,92.8,133.50891067596433,138.4632266099757,143.4181818181818,182.3677072732793,189.13510005192313,SEASON
TE,2023,00-0036970,Kyle Pitts,17.0,10.265650287957106,9.658823529411766,10.901161421315916,12.27376071690972,164.20000000000002,111.90751088379862,125.9981352378609,164.20000000000002,185.31974416237057,208.65393218746524,PPG
TE,2023,00-0036970,Kyle Pitts,17.0,10.265650287957106,9.658823529411766,10.901161421315916,12.27376071690972,164.20000000000002,111.90751088379862,125.9981352378609,164.20000000000002,185.31974416237057,208.65393218746524,SEASON
TE,2023,00-0037005,Tommy Tremble,15.0,12.445468089864752,4.793333333333334,5.3494722783172195,4.87509676467153,71.9,66.57668653741305,60.672861219722414,81.48666666666668,90.94102873139273,82.876644999416,PPG
TE,2023,00-0037005,Tommy Tremble,15.0,12.445468089864752,4.793333333333334,5.3494722783172195,4.87509676467153,71.9,66.57668653741305,60.672861219722414,81.48666666666668,90.94102873139273,82.876644999416,SEASON
TE,2023,00-0037011,Tre' McKitty,1.0,11.573540969101694,0.0,3.177022381370525,2.6244647629205087,0.0,36.7693986905448,30.374350455624274,0.0,54.009380483298926,44.61590096964865,PPG
TE,2023,00-0037011,Tre' McKitty,1.0,11.573540969101694,0.0,3.177022381370525,2.6244647629205087,0.0,36.7693986905448,30.374350455624274,0.0,54.009380483298926,44.61590096964865,SEASON
TE,2023,00-0037078,Cole Turner,8.0,8.957759606812518,3.5625,2.674207792765233,2.281709088676768,28.5,23.954910546255665,20.439001509045752,60.5625,45.46153247700896,38.78905450750506,PPG
TE,2023,00-0037078,Cole Turner,8.0,8.957759606812518,3.5625,2.674207792765233,2.281709088676768,28.5,23.954910546255665,20.439001509045752,60.5625,45.46153247700896,38.78905450750506,SEASON
TE,2023,00-0037086,Grant Calcaterra,3.0,8.521796046430989,3.3,3.946947633253817,3.527560853653997,9.899999999999999,33.635082736532524,30.061154136213357,56.099999999999994,67.09810976531489,59.96853451211795,PPG
TE,2023,00-0037086,Grant Calcaterra,3.0,8.521796046430989,3.3,3.946947633253817,3.527560853653997,9.899999999999999,33.635082736532524,30.061154136213357,56.099999999999994,67.09810976531489,59.96853451211795,SEASON
TE,2023,00-0037252,Greg Dulcich,2.0,10.265650287957106,3.5,10.046473872475964,9.497872658395297,7.0,103.13358740193642,97.50183919063561,59.5,170.79005583209138,161.46383519272004,PPG
TE,2023,00-0037252,Greg Dulcich,2.0,10.265650287957106,3.5,10.046473872475964,9.497872658395297,7.0,103.13358740193642,97.50183919063561,59.5,170.79005583209138,161.46383519272004,SEASON
TE,2023,00-0037277,Teagan Quitoriano,3.0,8.957759606812518,2.1,4.523869591507796,4.3291762716635525,6.300000000000001,40.52373629329598,38.779720337078984,35.7,76.90578305563253,73.5959966182804,PPG
TE,2023,00-0037277,Teagan Quitoriano,3.0,8.957759606812518,2.1,4.523869591507796,4.3291762716635525,6.300000000000001,40.52373629329598,38.779720337078984,35.7,76.90578305563253,73.5959966182804,SEASON
TE,2023,00-0037282,James Mitchell,2.0,9.393723167194047,2.9000000000000004,3.273389593283371,4.02950629940995,5.800000000000001,30.7493156576779,37.8520666771216,49.300000000000004,55.64762308581731,68.50160708996914,PPG
TE,2023,00-0037282,James Mitchell,2.0,9.393723167194047,2.9000000000000004,3.273389593283371,4.02950629940995,5.800000000000001,30.7493156576779,37.8520666771216,49.300000000000004,55.64762308581731,68.50160708996914,SEASON
TE,2023,00-0037311,Ko Kieft,10.0,11.573540969101694,0.7700000000000001,2.875306862985898,2.4073436541327795,7.700000000000001,33.277481777506566,27.861490407812703,13.090000000000002,48.88021667076026,40.92484212025725,PPG
TE,2023,00-0037311,Ko Kieft,10.0,11.573540969101694,0.7700000000000001,2.875306862985898,2.4073436541327795,7.700000000000001,33.277481777506566,27.861490407812703,13.090000000000002,48.88021667076026,40.92484212025725,SEASON
TE,2023,00-0037475,Stone Smartt,12.0,7.213905365286401,3.166666666666667,2.0820918776733204,3.4061355037124064,38.0,15.020013767366802,24.571539185123424,53.833333333333336,35.39556192044645,57.90430356311091,PPG
TE,2023,00-0037475,Stone Smartt,12.0,7.213905365286401,3.166666666666667,2.0820918776733204,3.4061355037124064,38.0,15.020013767366802,24.571539185123424,53.833333333333336,35.39556192044645,57.90430356311091,SEASON
TE,2023,00-0037569,Peyton Hendershot,8.0,11.137577408720164,1.225,7.182889150453599,3.3303920760819854,9.8,79.99998393143318,37.09249954875136,20.825000000000003,122.10911555771119,56.61666529339375,PPG
TE,2023,00-0037569,Peyton Hendershot,8.0,11.137577408720164,1.225,7.182889150453599,3.3303920760819854,9.8,79.99998393143318,37.09249954875136,20.825000000000003,122.10911555771119,56.61666529339375,SEASON
TE,2023,00-0037744,Trey McBride,17.0,11.137577408720164,13.0,6.68669025721505,7.142533996495745,221.0,74.47353034786755,79.55052528038675,221.0,113.67373437265584,121.42307794042766,PPG
TE,2023,00-0037744,Trey McBride,17.0,11.137577408720164,13.0,6.68669025721505,7.142533996495745,221.0,74.47353034786755,79.55052528038675,221.0,113.67373437265584,121.42307794042766,SEASON
TE,2023,00-0037809,Chig Okonkwo,17.0,12.881431650246281,8.258823529411764,7.887533160476552,7.045001767144442,140.39999999999998,101.60271929572974,90.7497087393354,140.39999999999998,134.0880637281014,119.76503004145552,PPG
TE,2023,00-0037809,Chig Okonkwo,17.0,12.881431650246281,8.258823529411764,7.887533160476552,7.045001767144442,140.39999999999998,101.60271929572974,90.7497087393354,140.39999999999998,134.0880637281014,119.76503004145552,SEASON
TE,2023,00-0037838,Isaiah Likely,14.0,12.009504529483223,8.292857142857144,8.728236749962017,7.767506265625873,116.10000000000002,104.82179878307076,93.28390167982324,140.97857142857146,148.38002474935428,132.04760651563984,PPG
TE,2023,00-0037838,Isaiah Likely,14.0,12.009504529483223,8.292857142857144,8.728236749962017,7.767506265625873,116.10000000000002,104.82179878307076,93.28390167982324,140.97857142857146,148.38002474935428,132.04760651563984,SEASON
TE,2023,00-0038041,Jake Ferguson,17.0,10.701613848338635,12.505882352941178,4.139596179528279,4.711188201723092,212.60000000000002,44.30035980136954,50.41731690168944,212.60000000000002,70.37313505198075,80.09019942929257,PPG
TE,2023,00-0038041,Jake Ferguson,17.0,10.701613848338635,12.505882352941178,4.139596179528279,4.711188201723092,212.60000000000002,44.30035980136954,50.41731690168944,212.60000000000002,70.37313505198075,80.09019942929257,SEASON
TE,2023,00-0038115,Daniel Bellinger,14.0,10.701613848338635,4.5,10.107242594531323,7.417668813189273,63.0,108.16380731815453,79.38102729361593,76.5,171.8231241070325,126.10036982421764,PPG
TE,2023,00-0038115,Daniel Bellinger,14.0,10.701613848338635,4.5,10.107242594531323,7.417668813189273,63.0,108.16380731815453,79.38102729361593,76.5,171.8231241070325,126.10036982421764,SEASON
TE,2023,00-0038129,Cade Otton,17.0,12.881431650246281,8.352941176470587,6.804273134099023,6.701241396578325,141.99999999999997,87.64877930650361,86.32158302182462,141.99999999999997,115.67264327968338,113.92110374183153,PPG
TE,2023,00-0038129,Cade Otton,17.0,12.881431650246281,8.352941176470587,6.804273134099023,6.701241396578325,141.99999999999997,87.64877930650361,86.32158302182462,141.99999999999997,115.67264327968338,113.92110374183153,SEASON
TE,2024,00-0024243,Marcedes Lewis,5.0,8.042560500153657,0.3400000000000001,1.7010803771821237,2.527972004982685,1.7000000000000004,13.681041849111432,20.33136779276799,5.780000000000001,28.918366412096102,42.97552408470565,PPG
TE,2024,00-0024243,Marcedes Lewis,5.0,8.042560500153657,0.3400000000000001,1.7010803771821237,2.527972004982685,1.7000000000000004,13.681041849111432,20.33136779276799,5.780000000000001,28.918366412096102,42.97552408470565,SEASON
TE,2024,00-0030061,Zach Ertz,17.0,8.549219721977895,12.31764705882353,7.845888236746725,8.431141801413919,209.4,67.07622245002948,72.07968376744012,209.4,133.38010002469431,143.32941062403663,PPG
TE,2024,00-0030061,Zach Ertz,17.0,8.549219721977895,12.31764705882353,7.845888236746725,8.431141801413919,209.4,67.07622245002948,72.07968376744012,209.4,133.38010002469431,143.32941062403663,SEASON
TE,2024,00-0030506,Travis Kelce,16.0,12.602493496571796,15.11875,13.463185021228416,13.479205239837983,241.9,169.66970167317393,169.87159637401464,257.01875,228.87414536088306,229.14648907724572,PPG
TE,2024,00-0030506,Travis Kelce,16.0,12.602493496571796,15.11875,13.463185021228416,13.479205239837983,241.9,169.66970167317393,169.87159637401464,257.01875,228.87414536088306,229.14648907724572,SEASON
TE,2024,00-0031484,Chris Manhertz,8.0,8.549219721977895,1.6875,1.8427171527238122,1.8449396586499738,13.5,15.753793824093368,15.772794515589522,28.6875,31.326191596304806,31.363974197049554,PPG
TE,2024,00-0031484,Chris Manhertz,8.0,8.549219721977895,1.6875,1.8427171527238122,1.8449396586499738,13.5,15.753793824093368,15.772794515589522,28.6875,31.326191596304806,31.363974197049554,SEASON
TE,2024,00-0031585,MyCole Pruitt,7.0,10.069197387450608,2.7142857142857144,3.142206697248176,3.011409805486742,19.0,31.639499466761134,30.322479745950247,46.142857142857146,53.41751385321899,51.19396669327462,PPG
TE,2024,00-0031585,MyCole Pruitt,7.0,10.069197387450608,2.7142857142857144,3.142206697248176,3.011409805486742,19.0,31.639499466761134,30.322479745950247,46.142857142857146,53.41751385321899,51.19396669327462,SEASON
TE,2024,00-0032134,C.J. Uzomah,2.0,9.055878943802133,0.0,2.8242125903744455,3.1643366720899144,0.0,25.57572732999282,28.65584983987997,0.0,48.01161403636557,53.79372342552855,PPG
TE,2024,00-0032134,C.J. Uzomah,2.0,9.055878943802133,0.0,2.8242125903744455,3.1643366720899144,0.0,25.57572732999282,28.65584983987997,0.0,48.01161403636557,53.79372342552855,SEASON
TE,2024,00-0032141,Geoff Swaim,3.0,9.055878943802133,0.7333333333333334,2.9052442624902883,3.6020922195283487,2.2,26.30954034328776,32.62011108446026,12.466666666666669,49.3891524623349,61.23556773198193,PPG
TE,2024,00-0032141,Geoff Swaim,3.0,9.055878943802133,0.7333333333333334,2.9052442624902883,3.6020922195283487,2.2,26.30954034328776,32.62011108446026,12.466666666666669,49.3891524623349,61.23556773198193,SEASON
TE,2024,00-0032392,Austin Hooper,17.0,13.109152718396032,7.594117647058823,5.161619171753532,4.24064443897113,129.1,67.6644539967179,55.59125557488941,129.1,87.74752591981004,72.09095546250921,PPG
TE,2024,00-0032392,Austin Hooper,17.0,13.109152718396032,7.594117647058823,5.161619171753532,4.24064443897113,129.1,67.6644539967179,55.59125557488941,129.1,87.74752591981004,72.09095546250921,SEASON
TE,2024,00-0033090,Hunter Henry,16.0,11.58917505292332,11.15,9.221264408745611,8.995920075360115,178.4,106.86684744224435,104.25529251545551,189.55,156.7614949486754,152.93064128112195,PPG
TE,2024,00-0033090,Hunter Henry,16.0,11.58917505292332,11.15,9.221264408745611,8.995920075360115,178.4,106.86684744224435,104.25529251545551,189.55,156.7614949486754,152.93064128112195,SEASON
TE,2024,00-0033110,Tyler Higbee,3.0,12.602493496571796,10.2,8.414408453608317,7.853049653145207,30.599999999999998,106.04252781409755,98.96800718201787,173.39999999999998,143.04494371134138,133.50184410346853,PPG
TE,2024,00-0033110,Tyler Higbee,3.0,12.602493496571796,10.2,8.414408453608317,7.853049653145207,30.599999999999998,106.04252781409755,98.96800718201787,173.39999999999998,143.04494371134138,133.50184410346853,SEASON
TE,2024,00-0033217,Mo Alie-Cox,12.0,12.095834274747558,3.225,5.01865567521293,4.11373302723978,38.7,60.704827329396906,49.75903294804796,54.825,85.3171464786198,69.93346146307626,PPG
TE,2024,00-0033217,Mo Alie-Cox,12.0,12.095834274747558,3.225,5.01865567521293,4.11373302723978,38.7,60.704827329396906,49.75903294804796,54.825,85.3171464786198,69.93346146307626,SEASON
TE,2024,00-0033246,Johnny Mundt,14.0,10.069197387450608,3.907142857142857,5.317976349364716,5.094596293104024,54.699999999999996,53.54775356354732,51.29849568463859,66.42142857142856,90.40559793920016,86.6081369827684,PPG
TE,2024,00-0033246,Johnny Mundt,14.0,10.069197387450608,3.907142857142857,5.317976349364716,5.094596293104024,54.699999999999996,53.54775356354732,51.29849568463859,66.42142857142856,90.40559793920016,86.6081369827684,SEASON
TE,2024,00-0033288,George Kittle,15.0,13.109152718396032,18.373333333333335,12.196955083636942,12.149398911154012,275.6,159.89174689081352,159.2683257630324,312.3466666666667,207.348236421828,206.5397814896182,PPG
TE,2024,00-0033288,George Kittle,15.0,13.109152718396032,18.373333333333335,12.196955083636942,12.149398911154012,275.6,159.89174689081352,159.2683257630324,312.3466666666667,207.348236421828,206.5397814896182,SEASON
TE,2024,00-0033357,Taysom Hill,8.0,13.109152718396032,14.25,8.595719322943,8.81606888391807,114.0,112.68259732892753,115.57119337518125,242.25,146.127228490031,149.8731710266072,PPG
TE,2024,00-0033357,Taysom Hill,8.0,13.109152718396032,14.25,8.595719322943,8.81606888391807,114.0,112.68259732892753,115.57119337518125,242.25,146.127228490031,149.8731710266072,SEASON
TE,2024,00-0033439,Pharaoh Brown,10.0,10.575856609274846,1.5499999999999998,4.233895091307422,3.9012008857952187,15.499999999999998,44.77706738437992,41.258541172146245,26.349999999999998,71.97621655222616,66.32041505851872,PPG
TE,2024,00-0033439,Pharaoh Brown,10.0,10.575856609274846,1.5499999999999998,4.233895091307422,3.9012008857952187,15.499999999999998,44.77706738437992,41.258541172146245,26.349999999999998,71.97621655222616,66.32041505851872,SEASON
TE,2024,00-0033576,Eric Saubert,12.0,6.522582834680945,2.6,1.209780867934311,2.6012024110748735,31.200000000000003,7.890895922913751,16.966558196007657,44.2,20.566274754883285,44.22044098827285,PPG
TE,2024,00-0033576,Eric Saubert,12.0,6.522582834680945,2.6,1.209780867934311,2.6012024110748735,31.200000000000003,7.890895922913751,16.966558196007657,44.2,20.566274754883285,44.22044098827285,SEASON
TE,2024,00-0033858,Jonnu Smith,17.0,13.61581194022027,15.55294117647059,8.512370002080415,8.218501536750697,264.40000000000003,115.90282911389936,111.90157135480878,264.40000000000003,144.71029003536705,139.71452612476185,PPG
TE,2024,00-0033858,Jonnu Smith,17.0,13.61581194022027,15.55294117647059,8.512370002080415,8.218501536750697,264.40000000000003,115.90282911389936,111.90157135480878,264.40000000000003,144.71029003536705,139.71452612476185,SEASON
TE,2024,00-0033881,Evan Engram,9.0,13.61581194022027,12.444444444444446,14.363860681352955,14.219480365207755,112.00000000000001,195.57562577282604,193.60977054032344,211.5555555555556,244.18563158300023,241.73116620853182,PPG
TE,2024,00-0033881,Evan Engram,9.0,13.61581194022027,12.444444444444446,14.363860681352955,14.219480365207755,112.00000000000001,195.57562577282604,193.60977054032344,211.5555555555556,244.18563158300023,241.73116620853182,SEASON
TE,2024,00-0033885,David Njoku,11.0,13.109152718396032,16.409090909090907,13.226140991825863,12.584160078289854,180.49999999999997,173.3835021368832,164.96767629904426,278.9545454545454,224.84439686103968,213.9307213309275,PPG
TE,2024,00-0033885,David Njoku,11.0,13.109152718396032,16.409090909090907,13.226140991825863,12.584160078289854,180.49999999999997,173.3835021368832,164.96767629904426,278.9545454545454,224.84439686103968,213.9307213309275,SEASON
TE,2024,00-0033895,Gerald Everett,10.0,12.602493496571796,1.5600000000000003,8.967324662674917,9.905197011389733,15.600000000000003,113.01065074300853,124.8301809183015,26.520000000000003,152.4445192654736,168.38834919362546,PPG
TE,2024,00-0033895,Gerald Everett,10.0,12.602493496571796,1.5600000000000003,8.967324662674917,9.905197011389733,15.600000000000003,113.01065074300853,124.8301809183015,26.520000000000003,152.4445192654736,168.38834919362546,SEASON
TE,2024,00-0034159,Will Dissly,15.0,11.58917505292332,9.006666666666668,4.1265257185111395,3.6512388020727857,135.10000000000002,47.823028912215776,42.31484563724756,153.11333333333334,70.15093721468938,62.071059635237354,PPG
TE,2024,00-0034159,Will Dissly,15.0,11.58917505292332,9.006666666666668,4.1265257185111395,3.6512388020727857,135.10000000000002,47.823028912215776,42.31484563724756,153.11333333333334,70.15093721468938,62.071059635237354,SEASON
TE,2024,00-0034270,Tyler Conklin,16.0,13.61581194022027,9.2125,9.19122588365101,8.694506909840326,147.4,125.14600313187702,118.38277099733156,156.6125,156.25084002206717,147.80661746728555,PPG
TE,2024,00-0034270,Tyler Conklin,16.0,13.61581194022027,9.2125,9.19122588365101,8.694506909840326,147.4,125.14600313187702,118.38277099733156,156.6125,156.25084002206717,147.80661746728555,SEASON
TE,2024,00-0034351,Dallas Goedert,10.0,12.095834274747558,12.260000000000002,11.122643449234626,11.379592849291242,122.60000000000002,134.5376518590486,137.64566921912925,208.42000000000002,189.08493863698865,193.45307843795112,PPG
TE,2024,00-0034351,Dallas Goedert,10.0,12.095834274747558,12.260000000000002,11.122643449234626,11.379592849291242,122.60000000000002,134.5376518590486,137.64566921912925,208.42000000000002,189.08493863698865,193.45307843795112,SEASON
TE,2024,00-0034364,Jordan Akins,16.0,11.58917505292332,6.875,4.26226991580003,3.0021554718317853,110.0,49.396192177015294,34.792505299150164,116.875,72.45858856860052,51.03664302114035,PPG
TE,2024,00-0034364,Jordan Akins,16.0,11.58917505292332,6.875,4.26226991580003,3.0021554718317853,110.0,49.396192177015294,34.792505299150164,116.875,72.45858856860052,51.03664302114035,SEASON
TE,2024,00-0034365,Ian Thomas,3.0,9.055878943802133,1.7333333333333334,2.9422060975170288,2.519892725977497,5.2,26.644262246830706,22.819843477819774,29.46666666666667,50.01750365778949,42.83817634161745,PPG
TE,2024,00-0034365,Ian Thomas,3.0,9.055878943802133,1.7333333333333334,2.9422060975170288,2.519892725977497,5.2,26.644262246830706,22.819843477819774,29.46666666666667,50.01750365778949,42.83817634161745,SEASON
TE,2024,00-0034383,Dalton Schultz,17.0,12.602493496571796,8.511764705882353,10.582255998396839,9.545329005111483,144.7,133.36281239885403,120.2949467095556,144.7,179.89835197274627,162.27059308689522,PPG
TE,2024,00-0034383,Dalton Schultz,17.0,12.602493496571796,8.511764705882353,10.582255998396839,9.545329005111483,144.7,133.36281239885403,120.2949467095556,144.7,179.89835197274627,162.27059308689522,SEASON
TE,2024,00-0034613,Tanner Hudson,9.0,11.082515831099082,5.222222222222223,7.277552822384824,7.592079844622184,47.00000000000001,80.65359436573962,84.1393450689936,88.7777777777778,123.71839798054201,129.06535735857713,PPG
TE,2024,00-0034613,Tanner Hudson,9.0,11.082515831099082,5.222222222222223,7.277552822384824,7.592079844622184,47.00000000000001,80.65359436573962,84.1393450689936,88.7777777777778,123.71839798054201,129.06535735857713,SEASON
TE,2024,00-0034753,Mark Andrews,17.0,10.069197387450608,12.723529411764707,11.622278206750574,12.884402888484225,216.3,117.02701335563701,129.73559590358641,216.3,197.57872951475974,219.03484910423182,PPG
TE,2024,00-0034753,Mark Andrews,17.0,10.069197387450608,12.723529411764707,11.622278206750574,12.884402888484225,216.3,117.02701335563701,129.73559590358641,216.3,197.57872951475974,219.03484910423182,SEASON
TE,2024,00-0034798,Durham Smythe,14.0,11.58917505292332,1.342857142857143,6.895009144427084,6.8133654107415635,18.8,79.90746796627252,78.96128444461678,22.82857142857143,117.21515545526042,115.82721198260658,PPG
TE,2024,00-0034798,Durham Smythe,14.0,11.58917505292332,1.342857142857143,6.895009144427084,6.8133654107415635,18.8,79.90746796627252,78.96128444461678,22.82857142857143,117.21515545526042,115.82721198260658,SEASON
TE,2024,00-0034829,Mike Gesicki,16.0,12.602493496571796,10.8125,6.022467634818399,5.534374273255951,173.0,75.898109201113,69.74691578630238,183.8125,102.38194979191279,94.08436264535116,PPG
TE,2024,00-0034829,Mike Gesicki,16.0,12.602493496571796,10.8125,6.022467634818399,5.534374273255951,173.0,75.898109201113,69.74691578630238,183.8125,102.38194979191279,94.08436264535116,SEASON
TE,2024,00-0034830,Hayden Hurst,7.0,9.56253816562637,2.757142857142857,5.448931741220805,5.354557040222333,19.3,52.10561773731689,51.20315605714943,46.871428571428574,92.63183960075368,91.02746968377966,PPG
TE,2024,00-0034830,Hayden Hurst,7.0,9.56253816562637,2.757142857142857,5.448931741220805,5.354557040222333,19.3,52.10561773731689,51.20315605714943,46.871428571428574,92.63183960075368,91.02746968377966,SEASON
TE,2024,00-0034981,Foster Moreau,16.0,11.58917505292332,7.456250000000001,4.526029862927055,4.722873615576943,119.30000000000001,52.452952376220175,54.734209083754074,126.75625000000001,76.94250766975993,80.28885146480803,PPG
TE,2024,00-0034981,Foster Moreau,16.0,11.58917505292332,7.456250000000001,4.526029862927055,4.722873615576943,119.30000000000001,52.452952376220175,54.734209083754074,126.75625000000001,76.94250766975993,80.28885146480803,SEASON
TE,2024,00-0035229,T.J. Hockenson,10.0,12.602493496571796,10.7,13.540020012913567,13.995407191411836,107.0,170.6380141561952,176.3770281116418,181.89999999999998,230.18034021953065,237.9219222540012,PPG
TE,2024,00-0035229,T.J. Hockenson,10.0,12.602493496571796,10.7,13.540020012913567,13.995407191411836,107.0,170.6380141561952,176.3770281116418,181.89999999999998,230.18034021953065,237.9219222540012,SEASON
TE,2024,00-0035249,Josh Oliver,12.0,11.58917505292332,6.4,4.722529801437121,4.394021351954799,76.80000000000001,54.730224561502,50.92308263408695,108.80000000000001,80.28300662443105,74.69836298323159,PPG
TE,2024,00-0035249,Josh Oliver,12.0,11.58917505292332,6.4,4.722529801437121,4.394021351954799,76.80000000000001,54.730224561502,50.92308263408695,108.80000000000001,80.28300662443105,74.69836298323159,SEASON
TE,2024,00-0035631,Drew Sample,11.0,12.095834274747558,4.172727272727273,4.428278811973557,4.447001660555787,45.9,53.563726632008155,53.790195105609996,70.93636363636364,75.28073980355047,75.59902822944838,PPG
TE,2024,00-0035631,Drew Sample,11.0,12.095834274747558,4.172727272727273,4.428278811973557,4.447001660555787,45.9,53.563726632008155,53.790195105609996,70.93636363636364,75.28073980355047,75.59902822944838,SEASON
TE,2024,00-0035644,Noah Fant,14.0,12.602493496571796,9.142857142857142,6.820375576472522,5.99926370757555,128.0,85.95373884667207,75.60568185894007,155.42857142857142,115.94638480003286,101.98748302878435,PPG
TE,2024,00-0035644,Noah Fant,14.0,12.602493496571796,9.142857142857142,6.820375576472522,5.99926370757555,128.0,85.95373884667207,75.60568185894007,155.42857142857142,115.94638480003286,101.98748302878435,SEASON
TE,2024,00-0035689,Dawson Knox,14.0,10.069197387450608,5.007142857142857,5.5030366922778295,6.145694367203206,70.1,55.411162684928755,61.88220966631244,85.12142857142857,93.5516237687231,104.4768042424545,PPG
TE,2024,00-0035689,Dawson Knox,14.0,10.069197387450608,5.007142857142857,5.5030366922778295,6.145694367203206,70.1,55.411162684928755,61.88220966631244,85.12142857142857,93.5516237687231,104.4768042424545,SEASON
TE,2024,00-0036040,Juwan Johnson,15.0,11.58917505292332,9.72,8.508861674254062,8.689155142321459,145.8,98.61068744404052,100.70014000637224,165.24,144.65064846231905,147.7156374194648,PPG
TE,2024,00-0036040,Juwan Johnson,15.0,11.58917505292332,9.72,8.508861674254062,8.689155142321459,145.8,98.61068744404052,100.70014000637224,165.24,144.65064846231905,147.7156374194648,SEASON
TE,2024,00-0036232,Harrison Bryant,6.0,12.095834274747558,3.6833333333333336,3.7693483630175657,3.2296889803217064,22.1,45.59341312285147,39.065782664949786,62.616666666666674,64.07892217129861,54.904712665469006,PPG
TE,2024,00-0036232,Harrison Bryant,6.0,12.095834274747558,3.6833333333333336,3.7693483630175657,3.2296889803217064,22.1,45.59341312285147,39.065782664949786,62.616666666666674,64.07892217129861,54.904712665469006,SEASON
TE,2024,00-0036244,Colby Parkinson,16.0,12.602493496571796,5.025,5.408645630552216,4.806761705101322,80.4,68.16242138429575,60.577183128109766,85.42500000000001,91.94697571938767,81.71494898672248,PPG
TE,2024,00-0036244,Colby Parkinson,16.0,12.602493496571796,5.025,5.408645630552216,4.806761705101322,80.4,68.16242138429575,60.577183128109766,85.42500000000001,91.94697571938767,81.71494898672248,SEASON
TE,2024,00-0036290,Cole Kmet,16.0,13.109152718396032,8.99375,11.55510715165498,11.164031257943408,143.9,151.4776643284753,146.35099071332712,152.89375,196.43682157813464,189.78853138503794,PPG
TE,2024,00-0036290,Cole Kmet,16.0,13.109152718396032,8.99375,11.55510715165498,11.164031257943408,143.9,151.4776643284753,146.35099071332712,152.89375,196.43682157813464,189.78853138503794,SEASON
TE,2024,00-0036332,Josiah Deguara,7.0,9.56253816562637,0.8428571428571427,1.7907297261573742,2.3804756864327623,5.8999999999999995,17.123921350701547,22.76338960385892,14.328571428571427,30.44240534467536,40.46808666935696,PPG
TE,2024,00-0036332,Josiah Deguara,7.0,9.56253816562637,0.8428571428571427,1.7907297261573742,2.3804756864327623,5.8999999999999995,17.123921350701547,22.76338960385892,14.328571428571427,30.44240534467536,40.46808666935696,SEASON
TE,2024,00-0036422,Adam Trautman,13.0,13.109152718396032,3.8692307692307697,4.718564828246533,4.351177249522959,50.300000000000004,61.85638694513595,57.04024706880686,65.77692307692308,80.21560208019106,73.9700132418903,PPG
TE,2024,00-0036422,Adam Trautman,13.0,13.109152718396032,3.8692307692307697,4.718564828246533,4.351177249522959,50.300000000000004,61.85638694513595,57.04024706880686,65.77692307692308,80.21560208019106,73.9700132418903,SEASON
TE,2024,00-0036429,Charlie Woerner,12.0,10.069197387450608,1.2583333333333333,1.4945452925068734,1.692929599762077,15.1,15.048871554736813,17.046442303062108,21.391666666666666,25.40726997261685,28.77980319595531,PPG
TE,2024,00-0036429,Charlie Woerner,12.0,10.069197387450608,1.2583333333333333,1.4945452925068734,1.692929599762077,15.1,15.048871554736813,17.046442303062108,21.391666666666666,25.40726997261685,28.77980319595531,SEASON
TE,2024,00-0036438,Stephen Sullivan,1.0,10.069197387450608,0.0,4.505699955563905,4.282632339194762,0.0,45.36878222120039,43.12267036123138,0.0,76.59689924458638,72.80474976631095,PPG
TE,2024,00-0036438,Stephen Sullivan,1.0,10.069197387450608,0.0,4.505699955563905,4.282632339194762,0.0,45.36878222120039,43.12267036123138,0.0,76.59689924458638,72.80474976631095,SEASON
TE,2024,00-0036510,Kenny Yeboah,7.0,6.522582834680945,2.5999999999999996,2.400473333425874,2.11616870778729,18.199999999999996,15.657286159712953,13.802885688702334,44.199999999999996,40.808046668239854,35.97486803238393,PPG
TE,2024,00-0036510,Kenny Yeboah,7.0,6.522582834680945,2.5999999999999996,2.400473333425874,2.11616870778729,18.199999999999996,15.657286159712953,13.802885688702334,44.199999999999996,40.808046668239854,35.97486803238393,SEASON
TE,2024,00-0036556,Brevin Jordan,2.0,10.069197387450608,1.85,4.956622489124246,5.656123012952561,3.7,49.909210218068786,56.95261906512118,31.450000000000003,84.26258231511218,96.15409122019354,PPG
TE,2024,00-0036556,Brevin Jordan,2.0,10.069197387450608,1.85,4.956622489124246,5.656123012952561,3.7,49.909210218068786,56.95261906512118,31.450000000000003,84.26258231511218,96.15409122019354,SEASON
TE,2024,00-0036628,John Bates,13.0,12.602493496571796,1.3384615384615386,4.101841985459031,3.6682286531905017,17.400000000000002,51.693436945712584,46.22882774577162,22.753846153846155,69.73131375280353,62.35988710423853,PPG
TE,2024,00-0036628,John Bates,13.0,12.602493496571796,1.3384615384615386,4.101841985459031,3.6682286531905017,17.400000000000002,51.693436945712584,46.22882774577162,22.753846153846155,69.73131375280353,62.35988710423853,SEASON
TE,2024,00-0036637,Noah Gray,16.0,13.109152718396032,8.35625,6.297899632187206,4.9407126108991175,133.7,82.56012808347228,64.76855615398172,142.05624999999998,107.0642937471825,83.99211438528499,PPG
TE,2024,00-0036637,Noah Gray,16.0,13.109152718396032,8.35625,6.297899632187206,4.9407126108991175,133.7,82.56012808347228,64.76855615398172,142.05624999999998,107.0642937471825,83.99211438528499,SEASON
TE,2024,00-0036741,Jack Stoll,5.0,8.042560500153657,0.8,2.6222578447144063,3.0463319518600858,4.0,21.089667363118146,24.500309026385917,13.600000000000001,44.578383360144905,51.787643181621455,PPG
TE,2024,00-0036741,Jack Stoll,5.0,8.042560500153657,0.8,2.6222578447144063,3.0463319518600858,4.0,21.089667363118146,24.500309026385917,13.600000000000001,44.578383360144905,51.787643181621455,SEASON
TE,2024,00-0036754,Brock Wright,11.0,9.56253816562637,3.772727272727273,2.840027851508002,3.5349583779750406,41.5,27.15787472148713,33.80317440328701,64.13636363636364,48.280473475636036,60.09429242557569,PPG
TE,2024,00-0036754,Brock Wright,11.0,9.56253816562637,3.772727272727273,2.840027851508002,3.5349583779750406,41.5,27.15787472148713,33.80317440328701,64.13636363636364,48.280473475636036,60.09429242557569,SEASON
TE,2024,00-0036876,Kylen Granson,16.0,12.602493496571796,2.45,6.563855598078407,6.213361164742142,39.2,82.72094748721949,78.3038436705146,41.650000000000006,111.58554516733291,105.6271398006164,PPG
TE,2024,00-0036876,Kylen Granson,16.0,12.602493496571796,2.45,6.563855598078407,6.213361164742142,39.2,82.72094748721949,78.3038436705146,41.650000000000006,111.58554516733291,105.6271398006164,SEASON
TE,2024,00-0036887,Luke Farrell,12.0,10.069197387450608,2.0583333333333336,3.2974240232030847,3.7094529189212557,24.700000000000003,33.20241335975337,37.35121364007294,34.991666666666674,56.05620839445244,63.06069962166135,PPG
TE,2024,00-0036887,Luke Farrell,12.0,10.069197387450608,2.0583333333333336,3.2974240232030847,3.7094529189212557,24.700000000000003,33.20241335975337,37.35121364007294,34.991666666666674,56.05620839445244,63.06069962166135,SEASON
TE,2024,00-0036894,Pat Freiermuth,17.0,10.575856609274846,11.811764705882355,7.701295035577045,8.50299661868638,200.80000000000004,81.44779200198305,89.92647298837602,200.80000000000004,130.92201560480976,144.55094251766846,PPG
TE,2024,00-0036894,Pat Freiermuth,17.0,10.575856609274846,11.811764705882355,7.701295035577045,8.50299661868638,200.80000000000004,81.44779200198305,89.92647298837602,200.80000000000004,130.92201560480976,144.55094251766846,SEASON
TE,2024,00-0036970,Kyle Pitts,17.0,13.61581194022027,9.1,9.565698780670056,8.889324816412332,154.7,130.24475567439782,121.03537497580339,154.7,162.61687927139096,151.11852187900965,PPG
TE,2024,00-0036970,Kyle Pitts,17.0,13.61581194022027,9.1,9.565698780670056,8.889324816412332,154.7,130.24475567439782,121.03537497580339,154.7,162.61687927139096,151.11852187900965,SEASON
TE,2024,00-0037005,Tommy Tremble,10.0,12.602493496571796,6.69,5.456935088471135,5.227273096370471,66.9,68.77098896367191,65.87667520181357,113.73,92.7678965040093,88.863642638298,PPG
TE,2024,00-0037005,Tommy Tremble,10.0,12.602493496571796,6.69,5.456935088471135,5.227273096370471,66.9,68.77098896367191,65.87667520181357,113.73,92.7678965040093,88.863642638298,SEASON
TE,2024,00-0037086,Grant Calcaterra,15.0,6.522582834680945,4.786666666666667,2.334920886409869,3.8477118944128184,71.80000000000001,15.229714894035027,25.09701955529475,81.37333333333333,39.69365506896777,65.41110220501791,PPG
TE,2024,00-0037086,Grant Calcaterra,15.0,6.522582834680945,4.786666666666667,2.334920886409869,3.8477118944128184,71.80000000000001,15.229714894035027,25.09701955529475,81.37333333333333,39.69365506896777,65.41110220501791,SEASON
TE,2024,00-0037292,Andrew Ogletree,12.0,10.575856609274846,2.533333333333333,4.3379712349247965,3.9343615791053352,30.4,45.877761755723576,41.609243909658176,43.06666666666666,73.74551099372154,66.8841468447907,PPG
TE,2024,00-0037292,Andrew Ogletree,12.0,10.575856609274846,2.533333333333333,4.3379712349247965,3.9343615791053352,30.4,45.877761755723576,41.609243909658176,43.06666666666666,73.74551099372154,66.8841468447907,SEASON
TE,2024,00-0037306,John FitzPatrick,1.0,6.522582834680945,1.7,0.7703020855322207,1.4446591127930175,1.7,5.024359160611396,9.422908731069139,28.9,13.095135454047751,24.5592049174813,PPG
TE,2024,00-0037306,John FitzPatrick,1.0,6.522582834680945,1.7,0.7703020855322207,1.4446591127930175,1.7,5.024359160611396,9.422908731069139,28.9,13.095135454047751,24.5592049174813,SEASON
TE,2024,00-0037311,Ko Kieft,3.0,10.069197387450608,0.0,2.0925865712216587,1.5359195315972483,0.0,21.070667235959352,15.465476934893372,0.0,35.5739717107682,26.11063203715322,PPG
TE,2024,00-0037311,Ko Kieft,3.0,10.069197387450608,0.0,2.0925865712216587,1.5359195315972483,0.0,21.070667235959352,15.465476934893372,0.0,35.5739717107682,26.11063203715322,SEASON
TE,2024,00-0037451,Rod Williams,1.0,8.042560500153657,0.0,1.881327067299261,0.9527971485580248,0.0,15.130686759330958,7.662928711651806,0.0,31.982560144087437,16.19755152548642,PPG
TE,2024,00-0037451,Rod Williams,1.0,8.042560500153657,0.0,1.881327067299261,0.9527971485580248,0.0,15.130686759330958,7.662928711651806,0.0,31.982560144087437,16.19755152548642,SEASON
TE,2024,00-0037475,Stone Smartt,9.0,11.082515831099082,4.644444444444445,4.259301020605102,3.5241628605197457,41.800000000000004,47.203770990272524,39.05659069308151,78.95555555555556,72.40811735028674,59.910768628835676,PPG
TE,2024,00-0037475,Stone Smartt,9.0,11.082515831099082,4.644444444444445,4.259301020605102,3.5241628605197457,41.800000000000004,47.203770990272524,39.05659069308151,78.95555555555556,72.40811735028674,59.910768628835676,SEASON
TE,2024,00-0037539,Lucas Krull,10.0,8.549219721977895,4.369999999999999,4.171289633019369,4.3872376845126135,43.69999999999999,35.66127159669113,37.50745893743987,74.28999999999999,70.91192376132928,74.58304063671443,PPG
TE,2024,00-0037539,Lucas Krull,10.0,8.549219721977895,4.369999999999999,4.171289633019369,4.3872376845126135,43.69999999999999,35.66127159669113,37.50745893743987,74.28999999999999,70.91192376132928,74.58304063671443,SEASON
TE,2024,00-0037569,Peyton Hendershot,5.0,9.055878943802133,2.52,2.551105323688128,2.164019340244136,12.6,23.102500984208845,19.597097177297456,42.84,43.368790502698175,36.788328784150316,PPG
TE,2024,00-0037569,Peyton Hendershot,5.0,9.055878943802133,2.52,2.551105323688128,2.164019340244136,12.6,23.102500984208845,19.597097177297456,42.84,43.368790502698175,36.788328784150316,SEASON
TE,2024,00-0037744,Trey McBride,16.0,13.61581194022027,18.70625,12.016979023172288,13.059727388238866,299.3,163.62092646908576,177.81879210880444,318.00625,204.2886433939289,222.0153656000607,PPG
TE,2024,00-0037744,Trey McBride,16.0,13.61581194022027,18.70625,12.016979023172288,13.059727388238866,299.3,163.62092646908576,177.81879210880444,318.00625,204.2886433939289,222.0153656000607,SEASON
TE,2024,00-0037805,Jeremy Ruckert,14.0,10.069197387450608,2.678571428571429,4.4762543062135896,4.9509800981334635,37.5,45.07228816569041,49.852395869445424,45.53571428571429,76.09632320563102,84.16666166826889,PPG
TE,2024,00-0037805,Jeremy Ruckert,14.0,10.069197387450608,2.678571428571429,4.4762543062135896,4.9509800981334635,37.5,45.07228816569041,49.852395869445424,45.53571428571429,76.09632320563102,84.16666166826889,SEASON
TE,2024,00-0037809,Chig Okonkwo,16.0,13.61581194022027,8.6625,8.558872283126764,8.595832055605719,138.6,116.53599542741772,117.0392327388445,147.2625,145.50082881315498,146.1291449452972,PPG
TE,2024,00-0037809,Chig Okonkwo,16.0,13.61581194022027,8.6625,8.558872283126764,8.595832055605719,138.6,116.53599542741772,117.0392327388445,147.2625,145.50082881315498,146.1291449452972,SEASON
TE,2024,00-0037838,Isaiah Likely,15.0,12.095834274747558,9.58,7.682945477441574,8.06115501745044,143.7,92.93163523705454,97.50639515413029,162.86,130.61007311650675,137.03963529665748,PPG
TE,2024,00-0037838,Isaiah Likely,15.0,12.095834274747558,9.58,7.682945477441574,8.06115501745044,143.7,92.93163523705454,97.50639515413029,162.86,130.61007311650675,137.03963529665748,SEASON
TE,2024,00-0038041,Jake Ferguson,14.0,13.61581194022027,9.278571428571428,11.186755540972621,11.4532399430627,129.9,152.31675966710029,155.94516117096083,157.7357142857143,190.17484419653456,194.7050790320659,PPG
TE,2024,00-0038041,Jake Ferguson,14.0,13.61581194022027,9.278571428571428,11.186755540972621,11.4532399430627,129.9,152.31675966710029,155.94516117096083,157.7357142857143,190.17484419653456,194.7050790320659,SEASON
TE,2024,00-0038046,Charlie Kolar,10.0,9.56253816562637,3.2800000000000002,3.2275624780578407,2.828714125326518,32.800000000000004,30.863689378371724,27.04968678308124,55.760000000000005,54.86856212698329,48.088140130550805,PPG
TE,2024,00-0038046,Charlie Kolar,10.0,9.56253816562637,3.2800000000000002,3.2275624780578407,2.828714125326518,32.800000000000004,30.863689378371724,27.04968678308124,55.760000000000005,54.86856212698329,48.088140130550805,SEASON
TE,2024,00-0038115,Daniel Bellinger,12.0,12.095834274747558,2.791666666666667,5.265171107655211,4.9988708634930035,33.5,63.68663714638646,60.46551352567559,47.458333333333336,89.50790883013858,84.98080467938107,PPG
TE,2024,00-0038115,Daniel Bellinger,12.0,12.095834274747558,2.791666666666667,5.265171107655211,4.9988708634930035,33.5,63.68663714638646,60.46551352567559,47.458333333333336,89.50790883013858,84.98080467938107,SEASON
TE,2024,00-0038129,Cade Otton,14.0,13.61581194022027,12.035714285714286,7.370829155745677,7.215748854017173,168.5,100.35982362812568,98.24827940415776,204.60714285714286,125.30409564767652,122.66773051829195,PPG
TE,2024,00-0038129,Cade Otton,14.0,13.61581194022027,12.035714285714286,7.370829155745677,7.215748854017173,168.5,100.35982362812568,98.24827940415776,204.60714285714286,125.30409564767652,122.66773051829195,SEASON
TE,2024,00-0038394,Will Mallory,7.0,10.575856609274846,1.2714285714285714,4.984940718345447,5.078852955854912,8.899999999999999,52.720018242956996,53.71322060071326,21.614285714285714,84.7439922118726,86.3405002495335,PPG
TE,2024,00-0038394,Will Mallory,7.0,10.575856609274846,1.2714285714285714,4.984940718345447,5.078852955854912,8.899999999999999,52.720018242956996,53.71322060071326,21.614285714285714,84.7439922118726,86.3405002495335,SEASON
TE,2024,00-0038547,Luke Schoonmaker,12.0,11.082515831099082,5.883333333333333,3.0075334297088503,2.693406674172097,70.6,33.33103684730805,29.849722106100188,100.01666666666665,51.128068305050455,45.787913460925644,PPG
TE,2024,00-0038547,Luke Schoonmaker,12.0,11.082515831099082,5.883333333333333,3.0075334297088503,2.693406674172097,70.6,33.33103684730805,29.849722106100188,100.01666666666665,51.128068305050455,45.787913460925644,SEASON
TE,2024,00-0038558,Darnell Washington,13.0,9.055878943802133,4.1923076923076925,2.611503056366033,2.8334176598168184,54.5,23.649455539820075,25.65908732453224,71.26923076923077,44.39555195822256,48.16810021688591,PPG
TE,2024,00-0038558,Darnell Washington,13.0,9.055878943802133,4.1923076923076925,2.611503056366033,2.8334176598168184,54.5,23.649455539820075,25.65908732453224,71.26923076923077,44.39555195822256,48.16810021688591,SEASON
TE,2024,00-0038589,Josh Whyle,15.0,9.56253816562637,4.986666666666666,3.979573366881389,3.9910592052111853,74.8,38.05482220371351,38.164655971106406,84.77333333333333,67.65274723698361,67.84800648859014,PPG
TE,2024,00-0038589,Josh Whyle,15.0,9.56253816562637,4.986666666666666,3.979573366881389,3.9910592052111853,74.8,38.05482220371351,38.164655971106406,84.77333333333333,67.65274723698361,67.84800648859014,SEASON
TE,2024,00-0038720,Julian Hill,14.0,10.069197387450608,1.9285714285714286,2.5779195284473664,2.1408166777954913,27.0,25.957580580900125,21.55630569906905,32.785714285714285,43.82463198360523,36.39388352252335,PPG
TE,2024,00-0038720,Julian Hill,14.0,10.069197387450608,1.9285714285714286,2.5779195284473664,2.1408166777954913,27.0,25.957580580900125,21.55630569906905,32.785714285714285,43.82463198360523,36.39388352252335,SEASON
TE,2024,00-0038783,Nate Adkins,15.0,7.53590127832942,3.3666666666666667,1.721575565002702,2.5740145712669746,50.5,12.973623501044555,19.397519698049347,57.233333333333334,29.266784605045935,43.758247711538566,PPG
TE,2024,00-0038783,Nate Adkins,15.0,7.53590127832942,3.3666666666666667,1.721575565002702,2.5740145712669746,50.5,12.973623501044555,19.397519698049347,57.233333333333334,29.266784605045935,43.758247711538566,SEASON
TE,2024,00-0038809,Ben Sims,4.0,8.042560500153657,2.55,1.8517115151317818,2.4788409112876844,10.2,14.892501889278549,19.936227999287226,43.349999999999994,31.47909575724029,42.14029549189063,PPG
TE,2024,00-0038809,Ben Sims,4.0,8.042560500153657,2.55,1.8517115151317818,2.4788409112876844,10.2,14.892501889278549,19.936227999287226,43.349999999999994,31.47909575724029,42.14029549189063,SEASON
TE,2024,00-0038933,Dalton Kincaid,13.0,13.109152718396032,9.36923076923077,10.257337584350033,10.211792947837772,121.80000000000001,134.46500487738803,133.86795328184496,159.27692307692308,174.37473893395057,173.60048011324213,PPG
TE,2024,00-0038933,Dalton Kincaid,13.0,13.109152718396032,9.36923076923077,10.257337584350033,10.211792947837772,121.80000000000001,134.46500487738803,133.86795328184496,159.27692307692308,174.37473893395057,173.60048011324213,SEASON
TE,2024,00-0038935,Brenton Strange,14.0,8.549219721977895,7.864285714285715,2.656676413607954,3.2317065652172454,110.10000000000001,22.712510390130625,27.62856950300072,133.69285714285715,45.16349903133522,54.93901160869317,PPG
TE,2024,00-0038935,Brenton Strange,14.0,8.549219721977895,7.864285714285715,2.656676413607954,3.2317065652172454,110.10000000000001,22.712510390130625,27.62856950300072,133.69285714285715,45.16349903133522,54.93901160869317,SEASON
TE,2024,00-0038996,Tucker Kraft,17.0,12.095834274747558,11.017647058823531,7.271307738612723,7.5190923043828946,187.30000000000004,87.95253336694894,90.94969441034522,187.30000000000004,123.61223155641629,127.82456917450921,PPG
TE,2024,00-0038996,Tucker Kraft,17.0,12.095834274747558,11.017647058823531,7.271307738612723,7.5190923043828946,187.30000000000004,87.95253336694894,90.94969441034522,187.30000000000004,123.61223155641629,127.82456917450921,SEASON
TE,2024,00-0039041,Elijah Higgins,15.0,10.575856609274846,3.9466666666666663,4.414146572163897,4.523878705884734,59.199999999999996,46.68338119952746,47.8438925111888,67.09333333333333,75.04049172678626,76.90593800004046,PPG
TE,2024,00-0039041,Elijah Higgins,15.0,10.575856609274846,3.9466666666666663,4.414146572163897,4.523878705884734,59.199999999999996,46.68338119952746,47.8438925111888,67.09333333333333,75.04049172678626,76.90593800004046,SEASON
TE,2024,00-0039050,Payne Durham,8.0,8.042560500153657,4.875,2.559526733999227,2.742478111268122,39.0,20.58514860994948,22.056546130221005,82.875,43.51195447798686,46.62212789155807,PPG
TE,2024,00-0039050,Payne Durham,8.0,8.042560500153657,4.875,2.559526733999227,2.742478111268122,39.0,20.58514860994948,22.056546130221005,82.875,43.51195447798686,46.62212789155807,SEASON
TE,2024,00-0039065,Sam LaPorta,16.0,13.61581194022027,12.787500000000001,12.854930806107618,12.564644491148028,204.60000000000002,175.03032036050547,171.07783648719618,217.38750000000002,218.5338237038295,213.59895634951647,PPG
TE,2024,00-0039065,Sam LaPorta,16.0,13.61581194022027,12.787500000000001,12.854930806107618,12.564644491148028,204.60000000000002,175.03032036050547,171.07783648719618,217.38750000000002,218.5338237038295,213.59895634951647,SEASON
TE,2024,00-0039066,Michael Mayer,11.0,11.58917505292332,4.281818181818182,6.357629725594815,6.497964736029353,47.1,73.67968381158715,75.30605081356684,72.7909090909091,108.07970533511185,110.465400512499,PPG
TE,2024,00-0039066,Michael Mayer,11.0,11.58917505292332,4.281818181818182,6.357629725594815,6.497964736029353,47.1,73.67968381158715,75.30605081356684,72.7909090909091,108.07970533511185,110.465400512499,SEASON
TE,2024,00-0039074,Davis Allen,7.0,8.549219721977895,1.8428571428571427,3.3275554923108195,3.7923968320132655,12.899999999999999,28.448003040839524,32.4220337898143,31.328571428571426,56.56844336928393,64.47074614422552,PPG
TE,2024,00-0039074,Davis Allen,7.0,8.549219721977895,1.8428571428571427,3.3275554923108195,3.7923968320132655,12.899999999999999,28.448003040839524,32.4220337898143,31.328571428571426,56.56844336928393,64.47074614422552,SEASON
TE,2024,00-0039144,Luke Musgrave,7.0,10.575856609274846,2.142857142857143,7.275901313895658,7.625528531816401,15.0,76.94888899899493,80.6464963224244,36.42857142857143,123.69032233622619,129.63398504087883,PPG
TE,2024,00-0039144,Luke Musgrave,7.0,10.575856609274846,2.142857142857143,7.275901313895658,7.625528531816401,15.0,76.94888899899493,80.6464963224244,36.42857142857143,123.69032233622619,129.63398504087883,SEASON
TE,2025,00-0024243,Marcedes Lewis,1.0,7.549913030275148,0.0,0.30337453065861814,1.249642272118144,0.0,2.290451322073108,9.434690473447416,0.0,5.157367021196508,21.243918626008448,PPG
TE,2025,00-0024243,Marcedes Lewis,1.0,7.549913030275148,0.0,0.30337453065861814,1.249642272118144,0.0,2.290451322073108,9.434690473447416,0.0,5.157367021196508,21.243918626008448,SEASON
TE,2025,00-0030061,Zach Ertz,13.0,13.794595800563584,11.56923076923077,9.700874284919626,9.516129350369228,150.40000000000003,133.81963967254754,131.27115797422323,196.67692307692312,164.91486284363364,161.77419895627688,PPG
TE,2025,00-0030061,Zach Ertz,13.0,13.794595800563584,11.56923076923077,9.700874284919626,9.516129350369228,150.40000000000003,133.81963967254754,131.27115797422323,196.67692307692312,164.91486284363364,161.77419895627688,SEASON
TE,2025,00-0030506,Travis Kelce,17.0,13.274205569706215,13.541176470588235,12.83356304092977,12.755893324255473,230.2,170.35535399708579,169.32435021141032,230.2,218.17057169580607,216.85018651234304,PPG
TE,2025,00-0030506,Travis Kelce,17.0,13.274205569706215,13.541176470588235,12.83356304092977,12.755893324255473,230.2,170.35535399708579,169.32435021141032,230.2,218.17057169580607,216.85018651234304,SEASON
TE,2025,00-0031484,Chris Manhertz,4.0,9.111083722847257,0.55,1.6195788597247114,2.1782287063765757,2.2,14.756118586705337,19.846024111306257,9.350000000000001,27.532840615320094,37.029888008401784,PPG
TE,2025,00-0031484,Chris Manhertz,4.0,9.111083722847257,0.55,1.6195788597247114,2.1782287063765757,2.2,14.756118586705337,19.846024111306257,9.350000000000001,27.532840615320094,37.029888008401784,SEASON
TE,2025,00-0032392,Austin Hooper,13.0,13.794595800563584,5.36923076923077,8.019966887308277,7.307610122945244,69.80000000000001,110.63220154432176,100.80552791413639,91.27692307692308,136.3394370842407,124.22937209006915,PPG
TE,2025,00-0032392,Austin Hooper,13.0,13.794595800563584,5.36923076923077,8.019966887308277,7.307610122945244,69.80000000000001,110.63220154432176,100.80552791413639,91.27692307692308,136.3394370842407,124.22937209006915,SEASON
TE,2025,00-0033090,Hunter Henry,17.0,13.274205569706215,12.282352941176471,10.629262556176139,11.069070786834294,208.8,141.095016225063,146.93312109006814,208.8,180.69746345499436,188.174203376183,PPG
TE,2025,00-0033090,Hunter Henry,17.0,13.274205569706215,12.282352941176471,10.629262556176139,11.069070786834294,208.8,141.095016225063,146.93312109006814,208.8,180.69746345499436,188.174203376183,SEASON
TE,2025,00-0033110,Tyler Higbee,10.0,6.509132568560409,8.36,6.592580560389161,7.966862114447374,83.6,42.91198083648732,51.857361658379446,142.12,112.07386952661574,135.43665594560537,PPG
TE,2025,00-0033110,Tyler Higbee,10.0,6.509132568560409,8.36,6.592580560389161,7.966862114447374,83.6,42.91198083648732,51.857361658379446,142.12,112.07386952661574,135.43665594560537,SEASON
TE,2025,00-0033217,Mo Alie-Cox,11.0,11.192644646276737,3.381818181818182,4.413580140288724,4.409183122624291,37.2,49.39963412811592,49.35041987189451,57.49090909090909,75.03086238490832,74.95611308461294,PPG
TE,2025,00-0033217,Mo Alie-Cox,11.0,11.192644646276737,3.381818181818182,4.413580140288724,4.409183122624291,37.2,49.39963412811592,49.35041987189451,57.49090909090909,75.03086238490832,74.95611308461294,SEASON
TE,2025,00-0033246,Johnny Mundt,12.0,12.233425107991476,2.05,3.695556782210711,3.3082870615409155,24.599999999999998,45.2093171275047,40.471682003097975,34.849999999999994,62.82446529758209,56.240880046195564,PPG
TE,2025,00-0033246,Johnny Mundt,12.0,12.233425107991476,2.05,3.695556782210711,3.3082870615409155,24.599999999999998,45.2093171275047,40.471682003097975,34.849999999999994,62.82446529758209,56.240880046195564,SEASON
TE,2025,00-0033288,George Kittle,11.0,12.753815338848845,17.3,13.852780706065756,14.51527104102659,190.3,176.67580705473077,185.1250864505934,294.1,235.49727200311784,246.75960769745203,PPG
TE,2025,00-0033288,George Kittle,11.0,12.753815338848845,17.3,13.852780706065756,14.51527104102659,190.3,176.67580705473077,185.1250864505934,294.1,235.49727200311784,246.75960769745203,SEASON
TE,2025,00-0033357,Taysom Hill,13.0,9.111083722847257,3.0000000000000004,15.793947909086013,16.7420339309224,39.00000000000001,143.89998171397104,152.53807283538356,51.00000000000001,268.49711445446223,284.6145768256808,PPG
TE,2025,00-0033357,Taysom Hill,13.0,9.111083722847257,3.0000000000000004,15.793947909086013,16.7420339309224,39.00000000000001,143.89998171397104,152.53807283538356,51.00000000000001,268.49711445446223,284.6145768256808,SEASON
TE,2025,00-0033439,Pharaoh Brown,5.0,10.151864184561997,0.6200000000000001,2.717693695346668,2.732239347766762,3.1000000000000005,27.58965729039978,27.737322778244422,10.540000000000003,46.200792820893355,46.448068912034955,PPG
TE,2025,00-0033439,Pharaoh Brown,5.0,10.151864184561997,0.6200000000000001,2.717693695346668,2.732239347766762,3.1000000000000005,27.58965729039978,27.737322778244422,10.540000000000003,46.200792820893355,46.448068912034955,SEASON
TE,2025,00-0033576,Eric Saubert,9.0,11.192644646276737,1.2333333333333334,2.9776758814340094,2.57192071528611,11.100000000000001,33.32806801267973,28.786594624595313,20.96666666666667,50.62048998437816,43.72265215986387,PPG
TE,2025,00-0033576,Eric Saubert,9.0,11.192644646276737,1.2333333333333334,2.9776758814340094,2.57192071528611,11.100000000000001,33.32806801267973,28.786594624595313,20.96666666666667,50.62048998437816,43.72265215986387,SEASON
TE,2025,00-0033858,Jonnu Smith,17.0,13.794595800563584,6.070588235294117,13.089533280371805,12.21088334690748,103.19999999999999,180.5648208207542,168.44420013842173,103.19999999999999,222.52206576632068,207.58501689742715,PPG
TE,2025,00-0033858,Jonnu Smith,17.0,13.794595800563584,6.070588235294117,13.089533280371805,12.21088334690748,103.19999999999999,180.5648208207542,168.44420013842173,103.19999999999999,222.52206576632068,207.58501689742715,SEASON
TE,2025,00-0033881,Evan Engram,16.0,9.631473953704628,7.9875,11.206811992864685,12.907592018539093,127.8,107.93811781334087,124.31913633160502,135.7875,190.51580387869964,219.4290643151646,PPG
TE,2025,00-0033881,Evan Engram,16.0,9.631473953704628,7.9875,11.206811992864685,12.907592018539093,127.8,107.93811781334087,124.31913633160502,135.7875,190.51580387869964,219.4290643151646,SEASON
TE,2025,00-0033885,David Njoku,11.0,10.672254415419367,9.345454545454546,13.39658638563696,13.881169364579634,102.8,142.97177820566102,148.14337104231905,158.87272727272727,227.74196855582832,235.9798791978538,PPG
TE,2025,00-0033885,David Njoku,11.0,10.672254415419367,9.345454545454546,13.39658638563696,13.881169364579634,102.8,142.97177820566102,148.14337104231905,158.87272727272727,227.74196855582832,235.9798791978538,SEASON
TE,2025,00-0034073,Ross Dwelley,4.0,7.029522799417778,0.925,0.37612202901543146,1.479969860296461,3.7,2.6439583783272504,10.403481875405117,15.725000000000001,6.394074493262335,25.159487625039837,PPG
TE,2025,00-0034073,Ross Dwelley,4.0,7.029522799417778,0.925,0.37612202901543146,1.479969860296461,3.7,2.6439583783272504,10.403481875405117,15.725000000000001,6.394074493262335,25.159487625039837,SEASON
TE,2025,00-0034159,Will Dissly,8.0,12.753815338848845,3.2750000000000004,7.567895992035899,7.051046955662994,26.200000000000003,96.51954798604015,89.92775081807815,55.675000000000004,128.65423186461027,119.86779824627091,PPG
TE,2025,00-0034159,Will Dissly,8.0,12.753815338848845,3.2750000000000004,7.567895992035899,7.051046955662994,26.200000000000003,96.51954798604015,89.92775081807815,55.675000000000004,128.65423186461027,119.86779824627091,SEASON
TE,2025,00-0034270,Tyler Conklin,6.0,13.274205569706215,3.3000000000000003,8.748820176639766,8.606446940865883,19.8,116.13363751710969,114.24374591782292,56.1,148.729943002876,146.30959799472,PPG
TE,2025,00-0034270,Tyler Conklin,6.0,13.274205569706215,3.3000000000000003,8.748820176639766,8.606446940865883,19.8,116.13363751710969,114.24374591782292,56.1,148.729943002876,146.30959799472,SEASON
TE,2025,00-0034351,Dallas Goedert,15.0,10.151864184561997,14.339999999999998,10.456395851912985,11.175628350817801,215.09999999999997,106.15191054863807,113.4534611946429,243.77999999999997,177.75872948252075,189.9856819639026,PPG
TE,2025,00-0034351,Dallas Goedert,15.0,10.151864184561997,14.339999999999998,10.456395851912985,11.175628350817801,215.09999999999997,106.15191054863807,113.4534611946429,243.77999999999997,177.75872948252075,189.9856819639026,SEASON
TE,2025,00-0034365,Ian Thomas,9.0,6.509132568560409,3.433333333333333,2.513885477226992,3.3442279957443586,30.9,16.363213833449237,21.768023363791105,58.36666666666666,42.73605311285886,56.8518759276541,PPG
TE,2025,00-0034365,Ian Thomas,9.0,6.509132568560409,3.433333333333333,2.513885477226992,3.3442279957443586,30.9,16.363213833449237,21.768023363791105,58.36666666666666,42.73605311285886,56.8518759276541,SEASON
TE,2025,00-0034383,Dalton Schultz,17.0,13.794595800563584,12.805882352941175,8.934259331754546,8.945609230712702,217.7,123.24449625896729,123.40106352747227,217.7,151.8824086398273,152.07535692211593,PPG
TE,2025,00-0034383,Dalton Schultz,17.0,13.794595800563584,12.805882352941175,8.934259331754546,8.945609230712702,217.7,123.24449625896729,123.40106352747227,217.7,151.8824086398273,152.07535692211593,SEASON
TE,2025,00-0034613,Tanner Hudson,10.0,9.631473953704628,5.73,4.175127968316067,4.652876283542372,57.300000000000004,40.21263628021992,44.81405673474834,97.41000000000001,70.97717546137314,79.09889682022032,PPG
TE,2025,00-0034613,Tanner Hudson,10.0,9.631473953704628,5.73,4.175127968316067,4.652876283542372,57.300000000000004,40.21263628021992,44.81405673474834,97.41000000000001,70.97717546137314,79.09889682022032,SEASON
TE,2025,00-0034753,Mark Andrews,17.0,13.794595800563584,9.058823529411766,10.983988776385312,10.237939224543542,154.00000000000003,151.51968544816236,141.22823343331353,154.00000000000003,186.7278091985503,174.0449668172402,PPG
TE,2025,00-0034753,Mark Andrews,17.0,13.794595800563584,9.058823529411766,10.983988776385312,10.237939224543542,154.00000000000003,151.51968544816236,141.22823343331353,154.00000000000003,186.7278091985503,174.0449668172402,SEASON
TE,2025,00-0034798,Durham Smythe,7.0,12.233425107991476,1.2142857142857144,2.8898425700093973,2.2100016821153687,8.5,35.35267265409558,27.035890066693547,20.642857142857146,49.127323690159756,37.57002859596127,PPG
TE,2025,00-0034798,Durham Smythe,7.0,12.233425107991476,1.2142857142857144,2.8898425700093973,2.2100016821153687,8.5,35.35267265409558,27.035890066693547,20.642857142857146,49.127323690159756,37.57002859596127,SEASON
TE,2025,00-0034829,Mike Gesicki,12.0,13.274205569706215,7.058333333333334,9.78577493523286,8.906389782844943,84.7,129.8983881491595,118.22524886141487,119.99166666666667,166.35817389895863,151.40862630836403,PPG
TE,2025,00-0034829,Mike Gesicki,12.0,13.274205569706215,7.058333333333334,9.78577493523286,8.906389782844943,84.7,129.8983881491595,118.22524886141487,119.99166666666667,166.35817389895863,151.40862630836403,SEASON
TE,2025,00-0034981,Foster Moreau,7.0,13.274205569706215,2.342857142857143,7.146686767056508,6.624359103808213,16.400000000000002,94.8665892882072,87.93310451150505,39.82857142857143,121.49367503996064,112.61410476473962,PPG
TE,2025,00-0034981,Foster Moreau,7.0,13.274205569706215,2.342857142857143,7.146686767056508,6.624359103808213,16.400000000000002,94.8665892882072,87.93310451150505,39.82857142857143,121.49367503996064,112.61410476473962,SEASON
TE,2025,00-0035229,T.J. Hockenson,15.0,10.151864184561997,9.219999999999999,9.536393640450536,9.6798050828484,138.29999999999998,96.81217304837459,98.26806653410985,156.73999999999998,162.1186918876591,164.5566864084228,PPG
TE,2025,00-0035229,T.J. Hockenson,15.0,10.151864184561997,9.219999999999999,9.536393640450536,9.6798050828484,138.29999999999998,96.81217304837459,98.26806653410985,156.73999999999998,162.1186918876591,164.5566864084228,SEASON
TE,2025,00-0035249,Josh Oliver,12.0,11.192644646276737,5.208333333333334,5.037503005145716,5.0420396589515954,62.50000000000001,56.38298104114717,56.433758195079555,88.54166666666667,85.63755108747716,85.71467420217712,PPG
TE,2025,00-0035249,Josh Oliver,12.0,11.192644646276737,5.208333333333334,5.037503005145716,5.0420396589515954,62.50000000000001,56.38298104114717,56.433758195079555,88.54166666666667,85.63755108747716,85.71467420217712,SEASON
TE,2025,00-0035631,Drew Sample,12.0,10.672254415419367,3.283333333333333,4.197099034997136,3.6354972172890423,39.4,44.79250870820055,38.798951229457806,55.81666666666666,71.35068359495132,61.80345269391372,PPG
TE,2025,00-0035631,Drew Sample,12.0,10.672254415419367,3.283333333333333,4.197099034997136,3.6354972172890423,39.4,44.79250870820055,38.798951229457806,55.81666666666666,71.35068359495132,61.80345269391372,SEASON
TE,2025,00-0035644,Noah Fant,13.0,12.233425107991476,6.830769230769231,9.315707699621703,9.106022337181845,88.80000000000001,113.96301247126165,111.3978422936116,116.12307692307694,158.36703089356894,154.80237973209137,PPG
TE,2025,00-0035644,Noah Fant,13.0,12.233425107991476,6.830769230769231,9.315707699621703,9.106022337181845,88.80000000000001,113.96301247126165,111.3978422936116,116.12307692307694,158.36703089356894,154.80237973209137,SEASON
TE,2025,00-0035689,Dawson Knox,16.0,12.233425107991476,7.60625,5.564415723066732,4.986301077628339,121.7,68.0718630178671,60.99954079906348,129.30625,94.59506729213444,84.76711831968177,PPG
TE,2025,00-0035689,Dawson Knox,16.0,12.233425107991476,7.60625,5.564415723066732,4.986301077628339,121.7,68.0718630178671,60.99954079906348,129.30625,94.59506729213444,84.76711831968177,SEASON
TE,2025,00-0036040,Juwan Johnson,17.0,12.753815338848845,12.729411764705883,9.067480637901493,9.182754880340877,216.4,115.64497364438297,117.11516004578057,216.4,154.1471708443254,156.1068329657949,PPG
TE,2025,00-0036040,Juwan Johnson,17.0,12.753815338848845,12.729411764705883,9.067480637901493,9.182754880340877,216.4,115.64497364438297,117.11516004578057,216.4,154.1471708443254,156.1068329657949,SEASON
TE,2025,00-0036232,Harrison Bryant,5.0,8.070303261132517,0.7400000000000001,3.51936172072749,4.094907721218063,3.7000000000000006,28.40231637189201,33.04714713658286,12.580000000000002,59.82914925236733,69.61343126070707,PPG
TE,2025,00-0036232,Harrison Bryant,5.0,8.070303261132517,0.7400000000000001,3.51936172072749,4.094907721218063,3.7000000000000006,28.40231637189201,33.04714713658286,12.580000000000002,59.82914925236733,69.61343126070707,SEASON
TE,2025,00-0036244,Colby Parkinson,14.0,13.274205569706215,10.735714285714286,5.615889254738333,4.9985975304487145,150.3,74.54646842410087,66.35241117940205,182.50714285714287,95.47011733055166,84.97615801762815,PPG
TE,2025,00-0036244,Colby Parkinson,14.0,13.274205569706215,10.735714285714286,5.615889254738333,4.9985975304487145,150.3,74.54646842410087,66.35241117940205,182.50714285714287,95.47011733055166,84.97615801762815,SEASON
TE,2025,00-0036290,Cole Kmet,16.0,13.274205569706215,5.85625,6.805371088448436,5.842822931026409,93.7,90.33589480619987,77.55883269383794,99.55625,115.69130850362342,99.32798982744895,PPG
TE,2025,00-0036290,Cole Kmet,16.0,13.274205569706215,5.85625,6.805371088448436,5.842822931026409,93.7,90.33589480619987,77.55883269383794,99.55625,115.69130850362342,99.32798982744895,SEASON
TE,2025,00-0036332,Josiah Deguara,7.0,8.590693491989887,1.8,0.7595912814505676,1.4824917544025122,12.6,6.52541587812965,12.735632266474331,30.6,12.91305178465965,25.20235982484271,PPG
TE,2025,00-0036332,Josiah Deguara,7.0,8.590693491989887,1.8,0.7595912814505676,1.4824917544025122,12.6,6.52541587812965,12.735632266474331,30.6,12.91305178465965,25.20235982484271,SEASON
TE,2025,00-0036422,Adam Trautman,13.0,11.713034877134106,4.26923076923077,4.355112361382941,3.602497728614943,55.500000000000014,51.01158298271627,42.19618154006323,72.5769230769231,74.03691014351,61.24246138645403,PPG
TE,2025,00-0036422,Adam Trautman,13.0,11.713034877134106,4.26923076923077,4.355112361382941,3.602497728614943,55.500000000000014,51.01158298271627,42.19618154006323,72.5769230769231,74.03691014351,61.24246138645403,SEASON
TE,2025,00-0036429,Charlie Woerner,7.0,11.192644646276737,2.4,3.2505981697031374,3.014028753434617,16.8,36.38279020132478,33.734952790854116,40.8,55.26016888495334,51.23848880838849,PPG
TE,2025,00-0036429,Charlie Woerner,7.0,11.192644646276737,2.4,3.2505981697031374,3.014028753434617,16.8,36.38279020132478,33.734952790854116,40.8,55.26016888495334,51.23848880838849,SEASON
TE,2025,00-0036590,Quintin Morris,11.0,10.151864184561997,1.8636363636363635,2.3227877669176484,2.134274633981752,20.5,23.580625939310018,21.666866216738516,31.68181818181818,39.487392037600024,36.282668777689786,PPG
TE,2025,00-0036590,Quintin Morris,11.0,10.151864184561997,1.8636363636363635,2.3227877669176484,2.134274633981752,20.5,23.580625939310018,21.666866216738516,31.68181818181818,39.487392037600024,36.282668777689786,SEASON
TE,2025,00-0036628,John Bates,10.0,11.713034877134106,3.2800000000000002,2.905998795907879,2.259378389141519,32.800000000000004,34.038065249378704,26.464177872657686,55.760000000000005,49.40197953043394,38.40943261540582,PPG
TE,2025,00-0036628,John Bates,10.0,11.713034877134106,3.2800000000000002,2.905998795907879,2.259378389141519,32.800000000000004,34.038065249378704,26.464177872657686,55.760000000000005,49.40197953043394,38.40943261540582,SEASON
TE,2025,00-0036637,Noah Gray,14.0,13.274205569706215,3.5214285714285714,7.0837230153001345,6.465506693825867,49.3,94.03079550395314,85.82446496615614,59.864285714285714,120.42329126010229,109.91361379503975,PPG
TE,2025,00-0036637,Noah Gray,14.0,13.274205569706215,3.5214285714285714,7.0837230153001345,6.465506693825867,49.3,94.03079550395314,85.82446496615614,59.864285714285714,120.42329126010229,109.91361379503975,SEASON
TE,2025,00-0036741,Jack Stoll,9.0,7.549913030275148,2.1777777777777776,1.4945380151407257,1.8717499830880728,19.599999999999998,11.283632034752522,14.131549586733929,37.02222222222222,25.407146257392338,31.819749712497238,PPG
TE,2025,00-0036741,Jack Stoll,9.0,7.549913030275148,2.1777777777777776,1.4945380151407257,1.8717499830880728,19.599999999999998,11.283632034752522,14.131549586733929,37.02222222222222,25.407146257392338,31.819749712497238,SEASON
TE,2025,00-0036754,Brock Wright,8.0,10.672254415419367,5.475,3.095581261219926,3.3779015423093597,43.8,33.03683078334381,36.049824649762954,93.07499999999999,52.62488144073874,57.424326219259115,PPG
TE,2025,00-0036754,Brock Wright,8.0,10.672254415419367,5.475,3.095581261219926,3.3779015423093597,43.8,33.03683078334381,36.049824649762954,93.07499999999999,52.62488144073874,57.424326219259115,SEASON
TE,2025,00-0036825,Feleipe Franks,10.0,9.631473953704628,0.04000000000000001,1.8586772940009304,1.1870482569219267,0.4000000000000001,17.90180194551216,11.433024368334017,0.6800000000000002,31.597513998015817,20.179820367672754,PPG
TE,2025,00-0036825,Feleipe Franks,10.0,9.631473953704628,0.04000000000000001,1.8586772940009304,1.1870482569219267,0.4000000000000001,17.90180194551216,11.433024368334017,0.6800000000000002,31.597513998015817,20.179820367672754,SEASON
TE,2025,00-0036876,Kylen Granson,12.0,13.274205569706215,1.2083333333333335,5.145823183067834,4.169211367098012,14.500000000000002,68.3067147574024,55.3429687504149,20.541666666666668,87.47899411215317,70.87659324066621,PPG
TE,2025,00-0036876,Kylen Granson,12.0,13.274205569706215,1.2083333333333335,5.145823183067834,4.169211367098012,14.500000000000002,68.3067147574024,55.3429687504149,20.541666666666668,87.47899411215317,70.87659324066621,SEASON
TE,2025,00-0036887,Luke Farrell,13.0,11.192644646276737,2.615384615384615,3.07655000718215,3.2095434883304588,33.99999999999999,34.43473096688995,35.92327974165427,44.46153846153845,52.30135012209655,54.5622393016178,PPG
TE,2025,00-0036887,Luke Farrell,13.0,11.192644646276737,2.615384615384615,3.07655000718215,3.2095434883304588,33.99999999999999,34.43473096688995,35.92327974165427,44.46153846153845,52.30135012209655,54.5622393016178,SEASON
TE,2025,00-0036894,Pat Freiermuth,15.0,13.794595800563584,8.94,11.08513565093341,10.209372698256002,134.1,152.91496569904368,140.83416974975077,151.98,188.44730606586796,173.55933587035204,PPG
TE,2025,00-0036894,Pat Freiermuth,15.0,13.794595800563584,8.94,11.08513565093341,10.209372698256002,134.1,152.91496569904368,140.83416974975077,151.98,188.44730606586796,173.55933587035204,SEASON
TE,2025,00-0036970,Kyle Pitts,17.0,13.794595800563584,14.988235294117649,8.664773303755796,8.568499247259222,254.80000000000004,119.52704542882516,118.1989837333743,254.80000000000004,147.30114616384853,145.66448720340676,PPG
TE,2025,00-0036970,Kyle Pitts,17.0,13.794595800563584,14.988235294117649,8.664773303755796,8.568499247259222,254.80000000000004,119.52704542882516,118.1989837333743,254.80000000000004,147.30114616384853,145.66448720340676,SEASON
TE,2025,00-0037004,Hunter Long,7.0,10.672254415419367,5.357142857142857,2.3325532855685522,2.4135343215756446,37.5,24.893602101109934,25.75785232020186,91.07142857142857,39.65340585466539,41.03008346678596,PPG
TE,2025,00-0037004,Hunter Long,7.0,10.672254415419367,5.357142857142857,2.3325532855685522,2.4135343215756446,37.5,24.893602101109934,25.75785232020186,91.07142857142857,39.65340585466539,41.03008346678596,SEASON
TE,2025,00-0037005,Tommy Tremble,15.0,10.151864184561997,5.16,5.863236608032213,6.378656665591577,77.4,59.522781726694994,64.75525614903678,87.72,99.67502233654761,108.43716331505681,PPG
TE,2025,00-0037005,Tommy Tremble,15.0,10.151864184561997,5.16,5.863236608032213,6.378656665591577,77.4,59.522781726694994,64.75525614903678,87.72,99.67502233654761,108.43716331505681,SEASON
TE,2025,00-0037086,Grant Calcaterra,9.0,12.753815338848845,3.011111111111111,5.6605740605696955,4.9805769035012855,27.1,72.19391628038368,63.52135810819098,51.18888888888889,96.22975902968483,84.66980735952185,PPG
TE,2025,00-0037086,Grant Calcaterra,9.0,12.753815338848845,3.011111111111111,5.6605740605696955,4.9805769035012855,27.1,72.19391628038368,63.52135810819098,51.18888888888889,96.22975902968483,84.66980735952185,SEASON
TE,2025,00-0037252,Greg Dulcich,9.0,7.029522799417778,8.38888888888889,3.4550269506166043,4.283141209557883,75.5,24.2871907219623,30.108438785712977,142.61111111111111,58.735458160482274,72.813400562484,PPG
TE,2025,00-0037252,Greg Dulcich,9.0,7.029522799417778,8.38888888888889,3.4550269506166043,4.283141209557883,75.5,24.2871907219623,30.108438785712977,142.61111111111111,58.735458160482274,72.813400562484,SEASON
TE,2025,00-0037292,Andrew Ogletree,11.0,11.192644646276737,1.3363636363636364,3.5867871228235586,3.329985079248422,14.700000000000001,40.14563368760544,37.27133966943126,22.71818181818182,60.975381088000496,56.60974634722317,PPG
TE,2025,00-0037292,Andrew Ogletree,11.0,11.192644646276737,1.3363636363636364,3.5867871228235586,3.329985079248422,14.700000000000001,40.14563368760544,37.27133966943126,22.71818181818182,60.975381088000496,56.60974634722317,SEASON
TE,2025,00-0037311,Ko Kieft,2.0,6.509132568560409,0.0,0.27235318815961934,1.0814498674386706,0.0,1.7727830072010393,7.039300553410387,0.0,4.630004198713529,18.3846477464574,PPG
TE,2025,00-0037311,Ko Kieft,2.0,6.509132568560409,0.0,0.27235318815961934,1.0814498674386706,0.0,1.7727830072010393,7.039300553410387,0.0,4.630004198713529,18.3846477464574,SEASON
TE,2025,00-0037348,Tanner Conner,8.0,7.029522799417778,2.825,1.5672670734626666,2.6243994595485485,22.6,11.017139625682592,18.448275835676217,48.025000000000006,26.64354024886533,44.614790812325325,PPG
TE,2025,00-0037348,Tanner Conner,8.0,7.029522799417778,2.825,1.5672670734626666,2.6243994595485485,22.6,11.017139625682592,18.448275835676217,48.025000000000006,26.64354024886533,44.614790812325325,SEASON
TE,2025,00-0037475,Stone Smartt,6.0,9.631473953704628,2.6166666666666667,5.252914785520209,5.752014993744636,15.7,50.59331193776783,55.40038259356995,44.483333333333334,89.29955135384355,97.78425489365881,PPG
TE,2025,00-0037475,Stone Smartt,6.0,9.631473953704628,2.6166666666666667,5.252914785520209,5.752014993744636,15.7,50.59331193776783,55.40038259356995,44.483333333333334,89.29955135384355,97.78425489365881,SEASON
TE,2025,00-0037539,Lucas Krull,2.0,10.151864184561997,2.25,4.203486290936254,4.6009468284041874,4.5,42.6732219272531,46.70818732235058,38.25,71.45926694591631,78.21609608287119,PPG
TE,2025,00-0037539,Lucas Krull,2.0,10.151864184561997,2.25,4.203486290936254,4.6009468284041874,4.5,42.6732219272531,46.70818732235058,38.25,71.45926694591631,78.21609608287119,SEASON
TE,2025,00-0037654,Tucker Fisk,4.0,8.590693491989887,1.225,2.007203896274489,2.6329454545104443,4.9,17.243273448821995,22.618827380827227,20.825000000000003,34.12246623666631,44.76007272667755,PPG
TE,2025,00-0037654,Tucker Fisk,4.0,8.590693491989887,1.225,2.007203896274489,2.6329454545104443,4.9,17.243273448821995,22.618827380827227,20.825000000000003,34.12246623666631,44.76007272667755,SEASON
TE,2025,00-0037744,Trey McBride,17.0,13.274205569706215,22.288235294117648,16.95817089454507,16.604604291267044,378.90000000000003,225.10624654039998,220.41293076590472,378.90000000000003,288.28890520726617,282.27827295153975,PPG
TE,2025,00-0037744,Trey McBride,17.0,13.274205569706215,22.288235294117648,16.95817089454507,16.604604291267044,378.90000000000003,225.10624654039998,220.41293076590472,378.90000000000003,288.28890520726617,282.27827295153975,SEASON
TE,2025,00-0037805,Jeremy Ruckert,14.0,12.233425107991476,4.171428571428572,3.7431776775585037,3.133610034487834,58.400000000000006,45.79188378431742,38.3347836745575,70.91428571428573,63.634020518494566,53.27137058629317,PPG
TE,2025,00-0037805,Jeremy Ruckert,14.0,12.233425107991476,4.171428571428572,3.7431776775585037,3.133610034487834,58.400000000000006,45.79188378431742,38.3347836745575,70.91428571428573,63.634020518494566,53.27137058629317,SEASON
TE,2025,00-0037809,Chig Okonkwo,17.0,13.274205569706215,8.941176470588236,8.979791321791147,9.592730865292008,152.0,119.19959597851958,127.3358814807519,152.0,152.6564524704495,163.07642470996413,PPG
TE,2025,00-0037809,Chig Okonkwo,17.0,13.274205569706215,8.941176470588236,8.979791321791147,9.592730865292008,152.0,119.19959597851958,127.3358814807519,152.0,152.6564524704495,163.07642470996413,SEASON
TE,2025,00-0037838,Isaiah Likely,12.0,12.753815338848845,6.1000000000000005,8.038395488772188,8.047974259982828,73.2,102.52021168443609,102.64237756362968,103.7,136.6527233091272,136.81556241970807,PPG
TE,2025,00-0037838,Isaiah Likely,12.0,12.753815338848845,6.1000000000000005,8.038395488772188,8.047974259982828,73.2,102.52021168443609,102.64237756362968,103.7,136.6527233091272,136.81556241970807,SEASON
TE,2025,00-0038041,Jake Ferguson,17.0,12.233425107991476,13.3,9.294447795052886,9.696688762046358,226.10000000000002,113.70293102091598,118.6237157659967,226.10000000000002,158.00561251589906,164.8437089547881,PPG
TE,2025,00-0038041,Jake Ferguson,17.0,12.233425107991476,13.3,9.294447795052886,9.696688762046358,226.10000000000002,113.70293102091598,118.6237157659967,226.10000000000002,158.00561251589906,164.8437089547881,SEASON
TE,2025,00-0038046,Charlie Kolar,13.0,10.151864184561997,3.1692307692307695,3.17517479075052,3.2335820134100164,41.2,32.23394323794434,32.826885429781015,53.876923076923084,53.977971442758836,54.97089422797028,PPG
TE,2025,00-0038046,Charlie Kolar,13.0,10.151864184561997,3.1692307692307695,3.17517479075052,3.2335820134100164,41.2,32.23394323794434,32.826885429781015,53.876923076923084,53.977971442758836,54.97089422797028,SEASON
TE,2025,00-0038115,Daniel Bellinger,13.0,11.192644646276737,5.315384615384615,3.5691411239361504,3.70276220310274,69.1,39.94812829263009,41.44370154899374,90.36153846153846,60.675399106914554,62.946957452746574,PPG
TE,2025,00-0038115,Daniel Bellinger,13.0,11.192644646276737,5.315384615384615,3.5691411239361504,3.70276220310274,69.1,39.94812829263009,41.44370154899374,90.36153846153846,60.675399106914554,62.946957452746574,SEASON
TE,2025,00-0038129,Cade Otton,15.0,12.233425107991476,10.113333333333333,10.41245793910459,10.610678883640482,151.7,127.38002438814726,129.80494546796243,171.92666666666668,177.01178496477803,180.38154102188818,PPG
TE,2025,00-0038129,Cade Otton,15.0,12.233425107991476,10.113333333333333,10.41245793910459,10.610678883640482,151.7,127.38002438814726,129.80494546796243,171.92666666666668,177.01178496477803,180.38154102188818,SEASON
TE,2025,00-0038394,Will Mallory,1.0,8.590693491989887,3.1,2.2609250330282675,2.402813634966636,3.1,19.422913967112958,20.64183545637244,52.7,38.435725561480545,40.84783179443281,PPG
TE,2025,00-0038394,Will Mallory,1.0,8.590693491989887,3.1,2.2609250330282675,2.402813634966636,3.1,19.422913967112958,20.64183545637244,52.7,38.435725561480545,40.84783179443281,SEASON
TE,2025,00-0038547,Luke Schoonmaker,14.0,11.192644646276737,2.442857142857143,4.881046221025158,5.217657239836959,34.2,54.63181585398653,58.3993833715682,41.52857142857143,82.97778575742768,88.7001730772283,PPG
TE,2025,00-0038547,Luke Schoonmaker,14.0,11.192644646276737,2.442857142857143,4.881046221025158,5.217657239836959,34.2,54.63181585398653,58.3993833715682,41.52857142857143,82.97778575742768,88.7001730772283,SEASON
TE,2025,00-0038558,Darnell Washington,13.0,11.713034877134106,6.684615384615385,4.32190046250047,4.404942294795223,86.9,50.62257085277003,51.595242730699596,113.63846153846154,73.47230786250799,74.88401901151879,PPG
TE,2025,00-0038558,Darnell Washington,13.0,11.713034877134106,6.684615384615385,4.32190046250047,4.404942294795223,86.9,50.62257085277003,51.595242730699596,113.63846153846154,73.47230786250799,74.88401901151879,SEASON
TE,2025,00-0038589,Josh Whyle,6.0,12.753815338848845,2.85,5.851779848919583,4.904671094911477,17.1,74.63251959671716,62.55326944229056,48.45,99.48025743163291,83.37940861349512,PPG
TE,2025,00-0038589,Josh Whyle,6.0,12.753815338848845,2.85,5.851779848919583,4.904671094911477,17.1,74.63251959671716,62.55326944229056,48.45,99.48025743163291,83.37940861349512,SEASON
TE,2025,00-0038643,Brayden Willis,6.0,7.549913030275148,0.0,1.6572459014761947,0.9223872383083441,0.0,12.512062425925206,6.963943429463676,0.0,28.17318032509531,15.68058305124185,PPG
TE,2025,00-0038643,Brayden Willis,6.0,7.549913030275148,0.0,1.6572459014761947,0.9223872383083441,0.0,12.512062425925206,6.963943429463676,0.0,28.17318032509531,15.68058305124185,SEASON
TE,2025,00-0038710,Blake Whiteheart,9.0,8.590693491989887,0.26666666666666666,2.451900993586299,2.728671783246848,2.4,21.063529908605357,23.441182930115136,4.533333333333333,41.68231689096709,46.387420315196415,PPG
TE,2025,00-0038710,Blake Whiteheart,9.0,8.590693491989887,0.26666666666666666,2.451900993586299,2.728671783246848,2.4,21.063529908605357,23.441182930115136,4.533333333333333,41.68231689096709,46.387420315196415,SEASON
TE,2025,00-0038720,Julian Hill,11.0,12.233425107991476,3.5,2.98585412857683,2.2063729747233394,38.5,36.5272228653318,26.99149854657434,59.5,50.75952018580611,37.50834057029677,PPG
TE,2025,00-0038720,Julian Hill,11.0,12.233425107991476,3.5,2.98585412857683,2.2063729747233394,38.5,36.5272228653318,26.99149854657434,59.5,50.75952018580611,37.50834057029677,SEASON
TE,2025,00-0038783,Nate Adkins,6.0,12.753815338848845,3.3,3.3683995248074443,3.1452796990334972,19.799999999999997,42.959945526860345,40.1143164705033,56.099999999999994,57.26279192172655,53.46975488356945,PPG
TE,2025,00-0038783,Nate Adkins,6.0,12.753815338848845,3.3,3.3683995248074443,3.1452796990334972,19.799999999999997,42.959945526860345,40.1143164705033,56.099999999999994,57.26279192172655,53.46975488356945,SEASON
TE,2025,00-0038809,Ben Sims,3.0,7.029522799417778,2.5,2.4635450783946014,3.0048054917394316,7.5,17.31754629596831,21.122348711998082,42.5,41.880266332708224,51.08169335957034,PPG
TE,2025,00-0038809,Ben Sims,3.0,7.029522799417778,2.5,2.4635450783946014,3.0048054917394316,7.5,17.31754629596831,21.122348711998082,42.5,41.880266332708224,51.08169335957034,SEASON
TE,2025,00-0038933,Dalton Kincaid,12.0,11.713034877134106,12.049999999999999,8.87944857461599,9.776922546736412,144.6,104.00529084419583,114.5174347809624,204.85,150.95062576847184,166.207683294519,PPG
TE,2025,00-0038933,Dalton Kincaid,12.0,11.713034877134106,12.049999999999999,8.87944857461599,9.776922546736412,144.6,104.00529084419583,114.5174347809624,204.85,150.95062576847184,166.207683294519,SEASON
TE,2025,00-0038935,Brenton Strange,12.0,12.233425107991476,11.75,7.691763941510719,7.169309123142863,141.0,94.0966181268207,87.70520623400826,199.75,130.75998700568223,121.87825509342868,PPG
TE,2025,00-0038935,Brenton Strange,12.0,12.233425107991476,11.75,7.691763941510719,7.169309123142863,141.0,94.0966181268207,87.70520623400826,199.75,130.75998700568223,121.87825509342868,SEASON
TE,2025,00-0038996,Tucker Kraft,8.0,13.794595800563584,16.650000000000002,9.848143211367406,9.154083705131239,133.20000000000002,135.8511549868776,126.27688463681092,283.05,167.4184345932459,155.61942298723105,PPG
TE,2025,00-0038996,Tucker Kraft,8.0,13.794595800563584,16.650000000000002,9.848143211367406,9.154083705131239,133.20000000000002,135.8511549868776,126.27688463681092,283.05,167.4184345932459,155.61942298723105,SEASON
TE,2025,00-0039041,Elijah Higgins,17.0,12.753815338848845,4.241176470588235,3.9166563714190685,3.640493283844912,72.1,49.95231210680458,46.430179084477444,72.1,66.58315831412416,61.88838582536351,PPG
TE,2025,00-0039041,Elijah Higgins,17.0,12.753815338848845,4.241176470588235,3.9166563714190685,3.640493283844912,72.1,49.95231210680458,46.430179084477444,72.1,66.58315831412416,61.88838582536351,SEASON
TE,2025,00-0039050,Payne Durham,8.0,9.111083722847257,0.325,4.316349182490248,4.672431225835959,2.6,39.32661877871196,42.570912087837264,5.525,73.3779361023342,79.43133083921131,PPG
TE,2025,00-0039050,Payne Durham,8.0,9.111083722847257,0.325,4.316349182490248,4.672431225835959,2.6,39.32661877871196,42.570912087837264,5.525,73.3779361023342,79.43133083921131,SEASON
TE,2025,00-0039065,Sam LaPorta,9.0,13.274205569706215,14.100000000000001,11.415492427910786,11.110524820952664,126.9,151.53159316751248,147.483390460649,239.70000000000002,194.06337127448336,188.87892195619528,PPG
TE,2025,00-0039065,Sam LaPorta,9.0,13.274205569706215,14.100000000000001,11.415492427910786,11.110524820952664,126.9,151.53159316751248,147.483390460649,239.70000000000002,194.06337127448336,188.87892195619528,SEASON
TE,2025,00-0039066,Michael Mayer,13.0,10.672254415419367,6.946153846153846,4.573627924815787,4.960250826537357,90.3,48.810920815100594,52.937058785100874,118.08461538461539,77.75167472186837,84.32426405113507,PPG
TE,2025,00-0039066,Michael Mayer,13.0,10.672254415419367,6.946153846153846,4.573627924815787,4.960250826537357,90.3,48.810920815100594,52.937058785100874,118.08461538461539,77.75167472186837,84.32426405113507,SEASON
TE,2025,00-0039074,Davis Allen,15.0,8.590693491989887,4.986666666666667,2.8173903044039736,2.96352829037391,74.80000000000001,24.20333655243862,25.458763197443066,84.77333333333334,47.89563517486755,50.37998093635647,PPG
TE,2025,00-0039074,Davis Allen,15.0,8.590693491989887,4.986666666666667,2.8173903044039736,2.96352829037391,74.80000000000001,24.20333655243862,25.458763197443066,84.77333333333334,47.89563517486755,50.37998093635647,SEASON
TE,2025,00-0039144,Luke Musgrave,13.0,8.590693491989887,4.630769230769231,2.4241451677726427,2.861160928321567,60.2,20.825088116423174,24.57935656646783,78.72307692307693,41.210467852134926,48.63973578146664,PPG
TE,2025,00-0039144,Luke Musgrave,13.0,8.590693491989887,4.630769230769231,2.4241451677726427,2.861160928321567,60.2,20.825088116423174,24.57935656646783,78.72307692307693,41.210467852134926,48.63973578146664,SEASON
TE,2025,00-0039338,Brock Bowers,12.0,13.794595800563584,17.349999999999998,15.317852382261973,14.754929092295834,208.2,211.30358214600392,203.53828289419758,294.95,260.40349049845355,250.83379456902918,PPG
TE,2025,00-0039338,Brock Bowers,12.0,13.794595800563584,17.349999999999998,15.317852382261973,14.754929092295834,208.2,211.30358214600392,203.53828289419758,294.95,260.40349049845355,250.83379456902918,SEASON
TE,2025,00-0039356,Ja'Tavion Sanders,12.0,12.753815338848845,5.708333333333334,5.7137542936166605,4.99142750691292,68.5,72.87216715234162,63.65974470041805,97.04166666666667,97.13382299148323,84.85426761751964,PPG
TE,2025,00-0039356,Ja'Tavion Sanders,12.0,12.753815338848845,5.708333333333334,5.7137542936166605,4.99142750691292,68.5,72.87216715234162,63.65974470041805,97.04166666666667,97.13382299148323,84.85426761751964,SEASON
TE,2025,00-0039359,Cade Stover,6.0,12.233425107991476,4.316666666666666,3.8752762949292285,3.493099306925592,25.9,47.4079023267914,42.73256876605116,73.38333333333333,65.87969701379689,59.382688217735065,PPG
TE,2025,00-0039359,Cade Stover,6.0,12.233425107991476,4.316666666666666,3.8752762949292285,3.493099306925592,25.9,47.4079023267914,42.73256876605116,73.38333333333333,65.87969701379689,59.382688217735065,SEASON
TE,2025,00-0039530,Brevyn Spann-Ford,16.0,10.672254415419367,1.78125,2.569784966942344,2.4759283234905767,28.5,27.425398960128742,26.42373698263418,30.28125,43.686344438019844,42.090781499339805,PPG
TE,2025,00-0039530,Brevyn Spann-Ford,16.0,10.672254415419367,1.78125,2.569784966942344,2.4759283234905767,28.5,27.425398960128742,26.42373698263418,30.28125,43.686344438019844,42.090781499339805,SEASON
TE,2025,00-0039631,Cam Grandy,2.0,7.029522799417778,1.35,1.648831642663485,2.8496053907865546,2.7,11.590499624504435,20.031366063877893,22.950000000000003,28.030137925279245,48.44329164337143,PPG
TE,2025,00-0039631,Cam Grandy,2.0,7.029522799417778,1.35,1.648831642663485,2.8496053907865546,2.7,11.590499624504435,20.031366063877893,22.950000000000003,28.030137925279245,48.44329164337143,SEASON
TE,2025,00-0039648,David Martin-Robinson,11.0,7.029522799417778,1.3636363636363635,1.1719061891377995,1.5651946905760845,14.999999999999998,8.237941275322965,11.002571762932241,23.18181818181818,19.922405215342593,26.608309739793437,PPG
TE,2025,00-0039648,David Martin-Robinson,11.0,7.029522799417778,1.3636363636363635,1.1719061891377995,1.5651946905760845,14.999999999999998,8.237941275322965,11.002571762932241,23.18181818181818,19.922405215342593,26.608309739793437,SEASON
TE,2025,00-0039686,Colson Yankoff,10.0,7.029522799417778,0.4800000000000001,0.3594388662797667,0.9223872383083441,4.800000000000001,2.526683705510498,6.483942121580505,8.160000000000002,6.110460726756034,15.68058305124185,PPG
TE,2025,00-0039686,Colson Yankoff,10.0,7.029522799417778,0.4800000000000001,0.3594388662797667,0.9223872383083441,4.800000000000001,2.526683705510498,6.483942121580505,8.160000000000002,6.110460726756034,15.68058305124185,SEASON
TE,2025,00-0039737,Tip Reiman,3.0,9.111083722847257,2.1,2.004334657402981,1.9911361645604884,6.300000000000001,18.26166087220293,18.14140829889958,35.7,34.073689175850674,33.8493147975283,PPG
TE,2025,00-0039737,Tip Reiman,3.0,9.111083722847257,2.1,2.004334657402981,1.9911361645604884,6.300000000000001,18.26166087220293,18.14140829889958,35.7,34.073689175850674,33.8493147975283,SEASON
TE,2025,00-0039793,AJ Barner,17.0,12.753815338848845,10.076470588235294,5.678444533187158,5.095818205088768,171.29999999999998,72.42183298816475,64.99112438804632,171.29999999999998,96.5335570641817,86.62890948650904,PPG
TE,2025,00-0039793,AJ Barner,17.0,12.753815338848845,10.076470588235294,5.678444533187158,5.095818205088768,171.29999999999998,72.42183298816475,64.99112438804632,171.29999999999998,96.5335570641817,86.62890948650904,SEASON
TE,2025,00-0039847,Theo Johnson,15.0,10.672254415419367,10.02,8.143976341707027,8.115597101426864,150.29999999999998,86.9145874718537,86.61171699946748,170.34,138.44759780901947,137.9651507242567,PPG
TE,2025,00-0039847,Theo Johnson,15.0,10.672254415419367,10.02,8.143976341707027,8.115597101426864,150.29999999999998,86.9145874718537,86.61171699946748,170.34,138.44759780901947,137.9651507242567,SEASON
TE,2025,00-0039912,Ben Sinnott,9.0,8.590693491989887,3.7666666666666666,1.4002107805977047,2.7096248143502364,33.9,12.028781640294781,23.277556258372883,64.03333333333333,23.803583270160978,46.06362184395402,PPG
TE,2025,00-0039912,Ben Sinnott,9.0,8.590693491989887,3.7666666666666666,1.4002107805977047,2.7096248143502364,33.9,12.028781640294781,23.277556258372883,64.03333333333333,23.803583270160978,46.06362184395402,SEASON
