position,test_season,canonical_player_id,full_name,actual_games,predicted_games,actual_ppg,v972_pred_ppg,m9_pred_ppg,actual_season_points,v972_pred_season_points,m9_pred_season_points,actual_full_schedule_points,v972_full_schedule_points,m9_full_schedule_points,metric
QB,2022,00-0019596,Tom Brady,17.0,14.58919095281323,15.691764705882353,17.269529217983052,17.29730571004137,266.76,251.94845942634208,252.35369597298018,266.76,293.5819967057119,294.0541970707033,PPG
QB,2022,00-0019596,Tom Brady,17.0,14.58919095281323,15.691764705882353,17.269529217983052,17.29730571004137,266.76,251.94845942634208,252.35369597298018,266.76,293.5819967057119,294.0541970707033,SEASON
QB,2022,00-0023459,Aaron Rodgers,17.0,13.863267680994937,13.717647058823529,16.87148788655584,16.243117205623946,233.2,233.89395274798716,225.18268179533925,233.2,286.8152940714493,276.1329924956071,PPG
QB,2022,00-0023459,Aaron Rodgers,17.0,13.863267680994937,13.717647058823529,16.87148788655584,16.243117205623946,233.2,233.89395274798716,225.18268179533925,233.2,286.8152940714493,276.1329924956071,SEASON
QB,2022,00-0026143,Matt Ryan,12.0,14.58919095281323,11.773333333333333,14.436484019218703,13.731065301864366,141.28,210.61662204361826,200.32513367444727,200.14666666666668,245.42022832671796,233.4281101316942,PPG
QB,2022,00-0026143,Matt Ryan,12.0,14.58919095281323,11.773333333333333,14.436484019218703,13.731065301864366,141.28,210.61662204361826,200.32513367444727,200.14666666666668,245.42022832671796,233.4281101316942,SEASON
QB,2022,00-0026197,Chad Henne,3.0,5.152188419175446,0.0,4.435480081594358,4.000991329668387,0.0,22.852429109873814,20.61386119393883,0.0,75.40316138710409,68.01685260436257,PPG
QB,2022,00-0026197,Chad Henne,3.0,5.152188419175446,0.0,4.435480081594358,4.000991329668387,0.0,22.852429109873814,20.61386119393883,0.0,75.40316138710409,68.01685260436257,SEASON
QB,2022,00-0026300,Josh Johnson,1.0,5.152188419175446,0.7000000000000001,7.784759158822861,6.232489289341225,0.7000000000000001,40.10854598415713,32.11095913917887,11.9,132.34090569998864,105.95231791880083,PPG
QB,2022,00-0026300,Josh Johnson,1.0,5.152188419175446,0.7000000000000001,7.784759158822861,6.232489289341225,0.7000000000000001,40.10854598415713,32.11095913917887,11.9,132.34090569998864,105.95231791880083,SEASON
QB,2022,00-0026498,Matthew Stafford,9.0,14.58919095281323,11.486666666666666,15.766887391138209,15.676120981263995,103.38,230.02613088081853,228.70192239506233,195.27333333333334,268.03708564934954,266.4940566814879,PPG
QB,2022,00-0026498,Matthew Stafford,9.0,14.58919095281323,11.486666666666666,15.766887391138209,15.676120981263995,103.38,230.02613088081853,228.70192239506233,195.27333333333334,268.03708564934954,266.4940566814879,SEASON
QB,2022,00-0026625,Brian Hoyer,1.0,5.878111690993737,1.48,9.632187402266403,4.010962249920243,1.48,56.61907337910474,23.576884093390724,25.16,163.74718583852885,68.18635824864413,PPG
QB,2022,00-0026625,Brian Hoyer,1.0,5.878111690993737,1.48,9.632187402266403,4.010962249920243,1.48,56.61907337910474,23.576884093390724,25.16,163.74718583852885,68.18635824864413,SEASON
QB,2022,00-0027688,Colt McCoy,4.0,7.329958234630319,7.699999999999999,7.981214122301381,10.001135146663094,30.799999999999997,58.501966178110806,73.30790292393385,130.89999999999998,135.68064007912346,170.0192974932726,PPG
QB,2022,00-0027688,Colt McCoy,4.0,7.329958234630319,7.699999999999999,7.981214122301381,10.001135146663094,30.799999999999997,58.501966178110806,73.30790292393385,130.89999999999998,135.68064007912346,170.0192974932726,SEASON
QB,2022,00-0027948,Blaine Gabbert,1.0,6.604034962812028,5.16,2.596098754294451,2.6470536232994055,5.16,17.144726940273305,17.481234676707533,87.72,44.13367882300567,44.999911596089895,PPG
QB,2022,00-0027948,Blaine Gabbert,1.0,6.604034962812028,5.16,2.596098754294451,2.6470536232994055,5.16,17.144726940273305,17.481234676707533,87.72,44.13367882300567,44.999911596089895,SEASON
QB,2022,00-0027973,Andy Dalton,14.0,8.05588150644861,12.231428571428573,8.960611732746885,9.290123036008204,171.24,72.18562634430208,74.8401303584107,207.93428571428575,152.33039945669705,157.93209161213946,PPG
QB,2022,00-0027973,Andy Dalton,14.0,8.05588150644861,12.231428571428573,8.960611732746885,9.290123036008204,171.24,72.18562634430208,74.8401303584107,207.93428571428575,152.33039945669705,157.93209161213946,SEASON
QB,2022,00-0028118,Tyrod Taylor,2.0,6.604034962812028,4.66,10.996223555691138,12.943903781900357,9.32,72.61944482068147,85.48199313094479,79.22,186.93580044674934,220.04636429230607,PPG
QB,2022,00-0028118,Tyrod Taylor,2.0,6.604034962812028,4.66,10.996223555691138,12.943903781900357,9.32,72.61944482068147,85.48199313094479,79.22,186.93580044674934,220.04636429230607,SEASON
QB,2022,00-0028986,Case Keenum,2.0,5.878111690993737,0.16,6.815869942687368,6.4745824720839895,0.32,40.064444794403435,38.058318923460035,2.72,115.86978902568526,110.06790202542783,PPG
QB,2022,00-0028986,Case Keenum,2.0,5.878111690993737,0.16,6.815869942687368,6.4745824720839895,0.32,40.064444794403435,38.058318923460035,2.72,115.86978902568526,110.06790202542783,SEASON
QB,2022,00-0029263,Russell Wilson,15.0,12.411421137358357,14.577333333333334,13.446113746389534,12.19103784890184,218.66,166.88538036726382,151.30810484419604,247.81466666666668,228.58393368862207,207.24764343133126,PPG
QB,2022,00-0029263,Russell Wilson,15.0,12.411421137358357,14.577333333333334,13.446113746389534,12.19103784890184,218.66,166.88538036726382,151.30810484419604,247.81466666666668,228.58393368862207,207.24764343133126,SEASON
QB,2022,00-0029604,Kirk Cousins,17.0,13.863267680994937,16.740000000000002,16.775148069101913,15.640717887990347,284.58000000000004,232.55836807028518,216.83145880413596,284.58000000000004,285.17751717473254,265.8922040958359,PPG
QB,2022,00-0029604,Kirk Cousins,17.0,13.863267680994937,16.740000000000002,16.775148069101913,15.640717887990347,284.58000000000004,232.55836807028518,216.83145880413596,284.58000000000004,285.17751717473254,265.8922040958359,SEASON
QB,2022,00-0029701,Ryan Tannehill,12.0,14.58919095281323,13.186666666666666,13.751612082585877,10.179477387665484,158.23999999999998,200.62489458185897,148.51033940849612,224.17333333333332,233.7774054039599,173.05111559031323,PPG
QB,2022,00-0029701,Ryan Tannehill,12.0,14.58919095281323,13.186666666666666,13.751612082585877,10.179477387665484,158.23999999999998,200.62489458185897,148.51033940849612,224.17333333333332,233.7774054039599,173.05111559031323,SEASON
QB,2022,00-0030565,Geno Smith,17.0,5.152188419175446,17.404705882352946,8.681541235135827,11.811358696490318,295.8800000000001,44.728936212260905,60.85434549078461,295.8800000000001,147.58620099730905,200.7930978403354,PPG
QB,2022,00-0030565,Geno Smith,17.0,5.152188419175446,17.404705882352946,8.681541235135827,11.811358696490318,295.8800000000001,44.728936212260905,60.85434549078461,295.8800000000001,147.58620099730905,200.7930978403354,SEASON
QB,2022,00-0031237,Teddy Bridgewater,5.0,12.411421137358357,7.604,12.896919600788971,12.55571966170023,38.02,160.06910054004354,155.83432440397215,129.268,219.2476332134125,213.44723424890392,PPG
QB,2022,00-0031237,Teddy Bridgewater,5.0,12.411421137358357,7.604,12.896919600788971,12.55571966170023,38.02,160.06910054004354,155.83432440397215,129.268,219.2476332134125,213.44723424890392,SEASON
QB,2022,00-0031280,Derek Carr,15.0,14.58919095281323,14.338666666666667,15.534320888164356,13.688784065440379,215.08,226.633173759705,199.70828464253668,243.75733333333332,264.08345509879405,232.70932911248644,PPG
QB,2022,00-0031280,Derek Carr,15.0,14.58919095281323,14.338666666666667,15.534320888164356,13.688784065440379,215.08,226.633173759705,199.70828464253668,243.75733333333332,264.08345509879405,232.70932911248644,SEASON
QB,2022,00-0031345,Jimmy Garoppolo,11.0,13.137344409176647,14.798181818181819,13.545602686471145,13.399200009012029,162.78,177.95324772203986,176.02990532583385,251.56909090909093,230.27524567000947,227.78640015320448,PPG
QB,2022,00-0031345,Jimmy Garoppolo,11.0,13.137344409176647,14.798181818181819,13.545602686471145,13.399200009012029,162.78,177.95324772203986,176.02990532583385,251.56909090909093,230.27524567000947,227.78640015320448,SEASON
QB,2022,00-0031503,Jameis Winston,3.0,7.329958234630319,13.639999999999999,14.186152074598922,17.51423020526671,40.919999999999995,103.98390221692436,128.37857591630578,231.87999999999997,241.16458526818167,297.74191348953406,PPG
QB,2022,00-0031503,Jameis Winston,3.0,7.329958234630319,13.639999999999999,14.186152074598922,17.51423020526671,40.919999999999995,103.98390221692436,128.37857591630578,231.87999999999997,241.16458526818167,297.74191348953406,SEASON
QB,2022,00-0031800,Taylor Heinicke,9.0,13.863267680994937,12.106666666666664,14.507213994400539,13.142259716483457,108.95999999999998,201.11739090985046,182.1946643827668,205.81333333333328,246.62263790480915,223.41841518021877,PPG
QB,2022,00-0031800,Taylor Heinicke,9.0,13.863267680994937,12.106666666666664,14.507213994400539,13.142259716483457,108.95999999999998,201.11739090985046,182.1946643827668,205.81333333333328,246.62263790480915,223.41841518021877,SEASON
QB,2022,00-0032156,Trevor Siemian,2.0,6.604034962812028,5.08,12.209042885156695,12.952610672413673,10.16,80.62894607604625,85.53949374031211,86.36,207.5537290476638,220.19438143103244,PPG
QB,2022,00-0032156,Trevor Siemian,2.0,6.604034962812028,5.08,12.209042885156695,12.952610672413673,10.16,80.62894607604625,85.53949374031211,86.36,207.5537290476638,220.19438143103244,SEASON
QB,2022,00-0032268,Marcus Mariota,13.0,7.329958234630319,14.581538461538461,3.3592218059610532,3.5947172884300764,189.56,24.622955538553953,26.34912758949601,247.88615384615383,57.10677070133791,61.1101939033113,PPG
QB,2022,00-0032268,Marcus Mariota,13.0,7.329958234630319,14.581538461538461,3.3592218059610532,3.5947172884300764,189.56,24.622955538553953,26.34912758949601,247.88615384615383,57.10677070133791,61.1101939033113,SEASON
QB,2022,00-0032434,Brandon Allen,1.0,5.878111690993737,0.88,4.580422117913989,4.014937993252396,0.88,26.924232800996517,23.600253956751843,14.96,77.86717600453781,68.25394588529073,PPG
QB,2022,00-0032434,Brandon Allen,1.0,5.878111690993737,0.88,4.580422117913989,4.014937993252396,0.88,26.924232800996517,23.600253956751843,14.96,77.86717600453781,68.25394588529073,SEASON
QB,2022,00-0032950,Carson Wentz,8.0,14.58919095281323,13.475,15.297465804430686,13.881982796970338,107.8,223.17764971496993,202.52689782866855,229.075,260.05691867532164,235.99370754849573,PPG
QB,2022,00-0032950,Carson Wentz,8.0,14.58919095281323,13.475,15.297465804430686,13.881982796970338,107.8,223.17764971496993,202.52689782866855,229.075,260.05691867532164,235.99370754849573,SEASON
QB,2022,00-0033077,Dak Prescott,12.0,13.863267680994937,16.3,17.62379358135831,19.269492805267912,195.60000000000002,244.3233679729707,267.13813683643514,277.1,299.6044908830913,327.58137768955453,PPG
QB,2022,00-0033077,Dak Prescott,12.0,13.863267680994937,16.3,17.62379358135831,19.269492805267912,195.60000000000002,244.3233679729707,267.13813683643514,277.1,299.6044908830913,327.58137768955453,SEASON
QB,2022,00-0033106,Jared Goff,17.0,12.411421137358357,16.224705882352943,10.121489558460532,12.360187783455359,275.82000000000005,125.62206944742894,153.4074959172964,275.82000000000005,172.06532249382903,210.1231923187411,PPG
QB,2022,00-0033106,Jared Goff,17.0,12.411421137358357,16.224705882352943,10.121489558460532,12.360187783455359,275.82000000000005,125.62206944742894,153.4074959172964,275.82000000000005,172.06532249382903,210.1231923187411,SEASON
QB,2022,00-0033119,Jacoby Brissett,14.0,9.507728050085191,11.615714285714287,6.56635040906088,7.16231546069776,162.62,62.4310739709165,68.09734760923493,197.46714285714287,111.62795695403496,121.75936283186192,PPG
QB,2022,00-0033119,Jacoby Brissett,14.0,9.507728050085191,11.615714285714287,6.56635040906088,7.16231546069776,162.62,62.4310739709165,68.09734760923493,197.46714285714287,111.62795695403496,121.75936283186192,SEASON
QB,2022,00-0033275,PJ Walker,6.0,5.878111690993737,6.523333333333333,4.641452976988319,4.807565506144929,39.14,27.282979007232722,28.259407006888733,110.89666666666668,78.90470060880142,81.72861360446379,PPG
QB,2022,00-0033275,PJ Walker,6.0,5.878111690993737,6.523333333333333,4.641452976988319,4.807565506144929,39.14,27.282979007232722,28.259407006888733,110.89666666666668,78.90470060880142,81.72861360446379,SEASON
QB,2022,00-0033662,Cooper Rush,8.0,5.152188419175446,6.83,7.0904916991896085,6.873817450030839,54.64,36.53154921882433,35.41520266157499,116.11,120.53835888622335,116.85489665052427,PPG
QB,2022,00-0033662,Cooper Rush,8.0,5.152188419175446,6.83,7.0904916991896085,6.873817450030839,54.64,36.53154921882433,35.41520266157499,116.11,120.53835888622335,116.85489665052427,SEASON
QB,2022,00-0033869,Mitchell Trubisky,7.0,5.878111690993737,10.554285714285713,2.9611334064074777,3.7068902414903566,73.88,17.405872894795905,21.789514865735065,179.42285714285714,50.33926790892712,63.01713410533606,PPG
QB,2022,00-0033869,Mitchell Trubisky,7.0,5.878111690993737,10.554285714285713,2.9611334064074777,3.7068902414903566,73.88,17.405872894795905,21.789514865735065,179.42285714285714,50.33926790892712,63.01713410533606,SEASON
QB,2022,00-0033873,Patrick Mahomes,17.0,14.58919095281323,24.223529411764705,18.245775656561886,19.31583687658289,411.8,266.19110513577255,281.8024326058592,411.8,310.17818616155205,328.3692269019091,PPG
QB,2022,00-0033873,Patrick Mahomes,17.0,14.58919095281323,24.223529411764705,18.245775656561886,19.31583687658289,411.8,266.19110513577255,281.8024326058592,411.8,310.17818616155205,328.3692269019091,SEASON
QB,2022,00-0034177,Tim Boyle,1.0,5.152188419175446,-2.6799999999999997,4.6933539253063685,7.658739932815385,-2.6799999999999997,24.181043741055095,39.45927118732796,-45.559999999999995,79.78701673020826,130.19857885786155,PPG
QB,2022,00-0034177,Tim Boyle,1.0,5.152188419175446,-2.6799999999999997,4.6933539253063685,7.658739932815385,-2.6799999999999997,24.181043741055095,39.45927118732796,-45.559999999999995,79.78701673020826,130.19857885786155,SEASON
QB,2022,00-0034401,Mike White,4.0,5.152188419175446,13.645,9.222042390524035,10.559928298759353,54.58,47.51370000560298,54.40674028819101,231.965,156.77472063890858,179.518781078909,PPG
QB,2022,00-0034401,Mike White,4.0,5.152188419175446,13.645,9.222042390524035,10.559928298759353,54.58,47.51370000560298,54.40674028819101,231.965,156.77472063890858,179.518781078909,SEASON
QB,2022,00-0034796,Lamar Jackson,12.0,10.959574593721774,19.423333333333336,20.46596581034415,22.039063780108663,233.08000000000004,224.29827893102623,241.53876347389266,330.1966666666667,347.92141877585055,374.6640842618473,PPG
QB,2022,00-0034796,Lamar Jackson,12.0,10.959574593721774,19.423333333333336,20.46596581034415,22.039063780108663,233.08000000000004,224.29827893102623,241.53876347389266,330.1966666666667,347.92141877585055,374.6640842618473,SEASON
QB,2022,00-0034855,Baker Mayfield,12.0,12.411421137358357,9.451666666666668,14.526288775973402,13.044450597121617,113.42000000000002,180.29188756148773,161.90016986634208,160.67833333333334,246.94690919154783,221.7556601510675,PPG
QB,2022,00-0034855,Baker Mayfield,12.0,12.411421137358357,9.451666666666668,14.526288775973402,13.044450597121617,113.42000000000002,180.29188756148773,161.90016986634208,160.67833333333334,246.94690919154783,221.7556601510675,SEASON
QB,2022,00-0034857,Josh Allen,16.0,14.58919095281323,23.9075,21.695995462839047,22.03415688813678,382.52,316.5270207187283,321.46052232527245,406.4275,368.8319228682638,374.5806670983253,PPG
QB,2022,00-0034857,Josh Allen,16.0,14.58919095281323,23.9075,21.695995462839047,22.03415688813678,382.52,316.5270207187283,321.46052232527245,406.4275,368.8319228682638,374.5806670983253,SEASON
QB,2022,00-0034869,Sam Darnold,6.0,10.959574593721774,13.553333333333335,11.797399633831626,12.87373869099768,81.32000000000001,129.29448129892364,141.09069948407117,230.4066666666667,200.55579377513763,218.85355774696055,PPG
QB,2022,00-0034869,Sam Darnold,6.0,10.959574593721774,13.553333333333335,11.797399633831626,12.87373869099768,81.32000000000001,129.29448129892364,141.09069948407117,230.4066666666667,200.55579377513763,218.85355774696055,SEASON
QB,2022,00-0035228,Kyler Murray,11.0,12.411421137358357,17.683636363636364,19.53342581315331,19.24464657612057,194.52,242.43757402239234,238.85341329585395,300.6218181818182,332.0682388236063,327.15899179404965,PPG
QB,2022,00-0035228,Kyler Murray,11.0,12.411421137358357,17.683636363636364,19.53342581315331,19.24464657612057,194.52,242.43757402239234,238.85341329585395,300.6218181818182,332.0682388236063,327.15899179404965,SEASON
QB,2022,00-0035289,Gardner Minshew,5.0,4.426265147357155,6.9639999999999995,7.040650685860829,10.596329765967283,34.82,31.163786745542033,46.90216513300418,118.38799999999999,119.69106165963409,180.13760602144382,PPG
QB,2022,00-0035289,Gardner Minshew,5.0,4.426265147357155,6.9639999999999995,7.040650685860829,10.596329765967283,34.82,31.163786745542033,46.90216513300418,118.38799999999999,119.69106165963409,180.13760602144382,SEASON
QB,2022,00-0035710,Daniel Jones,16.0,10.233651321903483,17.6875,15.080743283581041,14.053181989161654,283.0,154.3310684393062,143.81536444033438,300.6875,256.3726358208777,238.90409381574813,PPG
QB,2022,00-0035710,Daniel Jones,16.0,10.233651321903483,17.6875,15.080743283581041,14.053181989161654,283.0,154.3310684393062,143.81536444033438,300.6875,256.3726358208777,238.90409381574813,SEASON
QB,2022,00-0035993,Tyler Huntley,5.0,7.329958234630319,9.404000000000002,13.165536638801667,15.369307967825394,47.02000000000001,96.50283369891146,112.65638549933112,159.86800000000002,223.81412285962833,261.2782354530317,PPG
QB,2022,00-0035993,Tyler Huntley,5.0,7.329958234630319,9.404000000000002,13.165536638801667,15.369307967825394,47.02000000000001,96.50283369891146,112.65638549933112,159.86800000000002,223.81412285962833,261.2782354530317,SEASON
QB,2022,00-0036212,Tua Tagovailoa,13.0,11.685497865540064,17.301538461538463,10.69319503189538,13.102232954982465,224.92000000000002,124.95530772101708,153.1061152292563,294.1261538461539,181.78431554222146,222.73796023470192,PPG
QB,2022,00-0036212,Tua Tagovailoa,13.0,11.685497865540064,17.301538461538463,10.69319503189538,13.102232954982465,224.92000000000002,124.95530772101708,153.1061152292563,294.1261538461539,181.78431554222146,222.73796023470192,SEASON
QB,2022,00-0036264,Jordan Love,4.0,6.604034962812028,2.95,5.4771530141758324,5.826228506836457,11.8,36.17131000228848,38.47661676048008,50.150000000000006,93.11160124098915,99.04588461621977,PPG
QB,2022,00-0036264,Jordan Love,4.0,6.604034962812028,2.95,5.4771530141758324,5.826228506836457,11.8,36.17131000228848,38.47661676048008,50.150000000000006,93.11160124098915,99.04588461621977,SEASON
QB,2022,00-0036355,Justin Herbert,17.0,14.58919095281323,16.074117647058824,19.227087340199258,18.917089086768488,273.26,280.5076486725848,275.9850249582447,273.26,326.8604847833874,321.5905144750643,PPG
QB,2022,00-0036355,Justin Herbert,17.0,14.58919095281323,16.074117647058824,19.227087340199258,18.917089086768488,273.26,280.5076486725848,275.9850249582447,273.26,326.8604847833874,321.5905144750643,SEASON
QB,2022,00-0036389,Jalen Hurts,15.0,13.137344409176647,24.602666666666668,18.21034294081215,17.713542505878884,369.04,239.23554702266793,232.70890860632085,418.24533333333335,309.57582999380656,301.130222599941,PPG
QB,2022,00-0036389,Jalen Hurts,15.0,13.137344409176647,24.602666666666668,18.21034294081215,17.713542505878884,369.04,239.23554702266793,232.70890860632085,418.24533333333335,309.57582999380656,301.130222599941,SEASON
QB,2022,00-0036442,Joe Burrow,16.0,13.863267680994937,21.54375,18.629025537774538,17.25400366365009,344.7,258.2591676662591,239.19687135804853,366.24375,316.6934341421671,293.3180622820515,PPG
QB,2022,00-0036442,Joe Burrow,16.0,13.863267680994937,21.54375,18.629025537774538,17.25400366365009,344.7,258.2591676662591,239.19687135804853,366.24375,316.6934341421671,293.3180622820515,SEASON
QB,2022,00-0036879,Sam Ehlinger,4.0,4.426265147357155,8.405000000000001,2.1047225319182683,2.3575185257837807,33.620000000000005,9.316059987887138,10.435002084925568,142.88500000000002,35.78028304261056,40.07781493832427,PPG
QB,2022,00-0036879,Sam Ehlinger,4.0,4.426265147357155,8.405000000000001,2.1047225319182683,2.3575185257837807,33.620000000000005,9.316059987887138,10.435002084925568,142.88500000000002,35.78028304261056,40.07781493832427,SEASON
QB,2022,00-0036898,Davis Mills,15.0,11.685497865540064,11.568000000000001,12.116708790348493,11.471295957928938,173.52,141.58977470698787,134.04780443135698,196.65600000000003,205.9840494359244,195.01203128479193,PPG
QB,2022,00-0036898,Davis Mills,15.0,11.685497865540064,11.568000000000001,12.116708790348493,11.471295957928938,173.52,141.58977470698787,134.04780443135698,196.65600000000003,205.9840494359244,195.01203128479193,SEASON
QB,2022,00-0036945,Justin Fields,15.0,10.959574593721774,18.732000000000003,16.191264341102677,16.04992678758622,280.98,177.4493693129822,175.90036985232445,318.4440000000001,275.2514937987455,272.84875538896574,PPG
QB,2022,00-0036945,Justin Fields,15.0,10.959574593721774,18.732000000000003,16.191264341102677,16.04992678758622,280.98,177.4493693129822,175.90036985232445,318.4440000000001,275.2514937987455,272.84875538896574,SEASON
QB,2022,00-0036971,Trevor Lawrence,17.0,14.58919095281323,16.683529411764706,16.0580576512449,11.56920247610995,283.62,234.27406940529536,168.7853040957277,283.62,272.9869800711633,196.67644209386916,PPG
QB,2022,00-0036971,Trevor Lawrence,17.0,14.58919095281323,16.683529411764706,16.0580576512449,11.56920247610995,283.62,234.27406940529536,168.7853040957277,283.62,272.9869800711633,196.67644209386916,SEASON
QB,2022,00-0036972,Mac Jones,14.0,14.58919095281323,11.862857142857143,15.833417724497057,12.850508888584658,166.08,230.9967546183451,187.47852801638527,201.66857142857143,269.16810131644996,218.4586511059392,PPG
QB,2022,00-0036972,Mac Jones,14.0,14.58919095281323,11.862857142857143,15.833417724497057,12.850508888584658,166.08,230.9967546183451,187.47852801638527,201.66857142857143,269.16810131644996,218.4586511059392,SEASON
QB,2022,00-0037012,Trey Lance,2.0,6.604034962812028,5.73,11.016116287336047,8.574820837041614,11.46,72.75081711597028,56.628416607671916,97.41000000000001,187.2739768847128,145.77195422970743,PPG
QB,2022,00-0037012,Trey Lance,2.0,6.604034962812028,5.73,11.016116287336047,8.574820837041614,11.46,72.75081711597028,56.628416607671916,97.41000000000001,187.2739768847128,145.77195422970743,SEASON
QB,2022,00-0037013,Zach Wilson,9.0,11.685497865540064,10.079999999999998,10.268617154250201,12.271845250449765,90.71999999999998,119.99390383803882,143.4026214803687,171.35999999999996,174.5664916222534,208.621369257646,PPG
QB,2022,00-0037013,Zach Wilson,9.0,11.685497865540064,10.079999999999998,10.268617154250201,12.271845250449765,90.71999999999998,119.99390383803882,143.4026214803687,171.35999999999996,174.5664916222534,208.621369257646,SEASON
QB,2023,00-0023459,Aaron Rodgers,1.0,14.528296648575283,0.0,14.79527639000597,12.864549016362593,0.0,214.95016439166875,186.89998435985314,0.0,251.5196986301015,218.69733327816408,PPG
QB,2023,00-0023459,Aaron Rodgers,1.0,14.528296648575283,0.0,14.79527639000597,12.864549016362593,0.0,214.95016439166875,186.89998435985314,0.0,251.5196986301015,218.69733327816408,SEASON
QB,2023,00-0026158,Joe Flacco,5.0,5.491647322927805,19.368,7.776337728571191,9.732536769807021,96.83999999999999,42.704904269290466,53.447659497207155,329.256,132.19774138571023,165.45312508671935,PPG
QB,2023,00-0026158,Joe Flacco,5.0,5.491647322927805,19.368,7.776337728571191,9.732536769807021,96.83999999999999,42.704904269290466,53.447659497207155,329.256,132.19774138571023,165.45312508671935,SEASON
QB,2023,00-0026498,Matthew Stafford,15.0,8.503863764810298,16.073333333333334,10.442174675763063,11.594325084497335,241.10000000000002,88.79883085104123,98.59656096348797,273.24666666666667,177.51696948797206,197.1035264364547,PPG
QB,2023,00-0026498,Matthew Stafford,15.0,8.503863764810298,16.073333333333334,10.442174675763063,11.594325084497335,241.10000000000002,88.79883085104123,98.59656096348797,273.24666666666667,177.51696948797206,197.1035264364547,SEASON
QB,2023,00-0027973,Andy Dalton,2.0,12.269134317163413,11.819999999999999,11.733806715800098,11.118411882604182,23.639999999999997,143.9636506477855,136.41328878121644,200.93999999999997,199.47471416860165,189.0130020042711,PPG
QB,2023,00-0027973,Andy Dalton,2.0,12.269134317163413,11.819999999999999,11.733806715800098,11.118411882604182,23.639999999999997,143.9636506477855,136.41328878121644,200.93999999999997,199.47471416860165,189.0130020042711,SEASON
QB,2023,00-0029263,Russell Wilson,15.0,13.022188427634037,16.459999999999997,14.754108831105297,14.399423336906523,246.89999999999995,192.13078528047254,187.5120039424676,279.81999999999994,250.81985012879005,244.7901967274109,PPG
QB,2023,00-0029263,Russell Wilson,15.0,13.022188427634037,16.459999999999997,14.754108831105297,14.399423336906523,246.89999999999995,192.13078528047254,187.5120039424676,279.81999999999994,250.81985012879005,244.7901967274109,SEASON
QB,2023,00-0029604,Kirk Cousins,8.0,14.528296648575283,17.9675,16.04880131070369,14.342443645175354,143.74,233.16174629594704,208.37127594258098,305.4475,272.82962228196277,243.82154196798103,PPG
QB,2023,00-0029604,Kirk Cousins,8.0,14.528296648575283,17.9675,16.04880131070369,14.342443645175354,143.74,233.16174629594704,208.37127594258098,305.4475,272.82962228196277,243.82154196798103,SEASON
QB,2023,00-0029701,Ryan Tannehill,9.0,10.763026096222168,8.56,12.544293896951224,13.313065836221977,77.04,135.0145625715665,143.28887501598095,145.52,213.2529962481708,226.3221192157736,PPG
QB,2023,00-0029701,Ryan Tannehill,9.0,10.763026096222168,8.56,12.544293896951224,13.313065836221977,77.04,135.0145625715665,143.28887501598095,145.52,213.2529962481708,226.3221192157736,SEASON
QB,2023,00-0030565,Geno Smith,15.0,14.528296648575283,14.764,16.870372234164257,15.959701662241358,221.45999999999998,245.0977723898261,231.8672801718025,250.988,286.7963279807924,271.31492825810307,PPG
QB,2023,00-0030565,Geno Smith,15.0,14.528296648575283,14.764,16.870372234164257,15.959701662241358,221.45999999999998,245.0977723898261,231.8672801718025,250.988,286.7963279807924,271.31492825810307,SEASON
QB,2023,00-0031237,Teddy Bridgewater,1.0,5.491647322927805,0.0,5.187555378339679,7.563871340337478,0.0,28.488224605998834,41.538113797134656,0.0,88.18844143177455,128.58581278573712,PPG
QB,2023,00-0031237,Teddy Bridgewater,1.0,5.491647322927805,0.0,5.187555378339679,7.563871340337478,0.0,28.488224605998834,41.538113797134656,0.0,88.18844143177455,128.58581278573712,SEASON
QB,2023,00-0031280,Derek Carr,17.0,13.022188427634037,13.771764705882353,14.29073274715235,12.707641373975239,234.12,186.0966146023781,165.48130044270385,234.12,242.94245670158998,216.02990335757906,PPG
QB,2023,00-0031280,Derek Carr,17.0,13.022188427634037,13.771764705882353,14.29073274715235,12.707641373975239,234.12,186.0966146023781,165.48130044270385,234.12,242.94245670158998,216.02990335757906,SEASON
QB,2023,00-0031345,Jimmy Garoppolo,7.0,10.009971985751545,9.014285714285714,12.497247284267814,13.22162320180449,63.1,125.0970952145304,132.3480778562256,153.24285714285713,212.45320383255284,224.76759443067635,PPG
QB,2023,00-0031345,Jimmy Garoppolo,7.0,10.009971985751545,9.014285714285714,12.497247284267814,13.22162320180449,63.1,125.0970952145304,132.3480778562256,153.24285714285713,212.45320383255284,224.76759443067635,SEASON
QB,2023,00-0031503,Jameis Winston,6.0,3.985539101986558,2.0933333333333333,9.20358703848668,13.462195130208631,12.559999999999999,36.68125602042532,53.65410509001952,35.586666666666666,156.46097965427356,228.85731721354674,PPG
QB,2023,00-0031503,Jameis Winston,6.0,3.985539101986558,2.0933333333333333,9.20358703848668,13.462195130208631,12.559999999999999,36.68125602042532,53.65410509001952,35.586666666666666,156.46097965427356,228.85731721354674,SEASON
QB,2023,00-0031800,Taylor Heinicke,5.0,8.503863764810298,13.0,8.52718291400159,12.347686078236906,65.0,72.51400179828761,105.0030402199714,221.0,144.96210953802705,209.9106633300274,PPG
QB,2023,00-0031800,Taylor Heinicke,5.0,8.503863764810298,13.0,8.52718291400159,12.347686078236906,65.0,72.51400179828761,105.0030402199714,221.0,144.96210953802705,209.9106633300274,SEASON
QB,2023,00-0032268,Marcus Mariota,2.0,11.51608020669279,5.380000000000001,15.484965385712764,15.865628461881599,10.760000000000002,178.32610337972974,182.70984989661645,91.46000000000001,263.24441155711696,269.7156838519872,PPG
QB,2023,00-0032268,Marcus Mariota,2.0,11.51608020669279,5.380000000000001,15.484965385712764,15.865628461881599,10.760000000000002,178.32610337972974,182.70984989661645,91.46000000000001,263.24441155711696,269.7156838519872,SEASON
QB,2023,00-0032436,Jeff Driskel,1.0,6.997755543869051,13.940000000000001,3.478864467478673,5.5873620148206,13.940000000000001,24.344243113667936,39.098993514814204,236.98000000000002,59.14069594713744,94.98515425195019,PPG
QB,2023,00-0032436,Jeff Driskel,1.0,6.997755543869051,13.940000000000001,3.478864467478673,5.5873620148206,13.940000000000001,24.344243113667936,39.098993514814204,236.98000000000002,59.14069594713744,94.98515425195019,SEASON
QB,2023,00-0032950,Carson Wentz,1.0,7.750809654339674,26.12,11.929295105848427,12.865871798660294,26.12,92.46169567587701,99.72092334855276,444.04,202.79801679942327,218.719820577225,PPG
QB,2023,00-0032950,Carson Wentz,1.0,7.750809654339674,26.12,11.929295105848427,12.865871798660294,26.12,92.46169567587701,99.72092334855276,444.04,202.79801679942327,218.719820577225,SEASON
QB,2023,00-0033077,Dak Prescott,17.0,10.763026096222168,19.99058823529412,14.928224215597762,17.022079045883846,339.84000000000003,160.6728668027344,183.20908098280438,339.84000000000003,253.77981166516196,289.3753437800254,PPG
QB,2023,00-0033077,Dak Prescott,17.0,10.763026096222168,19.99058823529412,14.928224215597762,17.022079045883846,339.84000000000003,160.6728668027344,183.20908098280438,339.84000000000003,253.77981166516196,289.3753437800254,SEASON
QB,2023,00-0033106,Jared Goff,17.0,14.528296648575283,16.65294117647059,15.973249007591901,13.955015463573105,283.1,232.0641000238559,202.7426043902454,283.1,271.5452331290623,237.23526288074277,PPG
QB,2023,00-0033106,Jared Goff,17.0,14.528296648575283,16.65294117647059,15.973249007591901,13.955015463573105,283.1,232.0641000238559,202.7426043902454,283.1,271.5452331290623,237.23526288074277,SEASON
QB,2023,00-0033119,Jacoby Brissett,2.0,12.269134317163413,11.43,13.164423774433882,11.502541339891488,22.86,161.51608349658864,141.1262246878535,194.31,223.795204165376,195.5432027781553,PPG
QB,2023,00-0033119,Jacoby Brissett,2.0,12.269134317163413,11.43,13.164423774433882,11.502541339891488,22.86,161.51608349658864,141.1262246878535,194.31,223.795204165376,195.5432027781553,SEASON
QB,2023,00-0033275,PJ Walker,5.0,6.244701433398428,3.192,5.716441625485269,7.815083108411794,15.96,35.697471212606295,48.802860689226975,54.264,97.17950763324957,132.8564128430005,PPG
QB,2023,00-0033275,PJ Walker,5.0,6.244701433398428,3.192,5.716441625485269,7.815083108411794,15.96,35.697471212606295,48.802860689226975,54.264,97.17950763324957,132.8564128430005,SEASON
QB,2023,00-0033319,Nick Mullens,5.0,4.7385932124571815,12.947999999999999,2.6110737351764204,4.485941412973118,64.74,12.372816278732206,21.257051530994996,220.11599999999999,44.388253497999145,76.26100402054301,PPG
QB,2023,00-0033319,Nick Mullens,5.0,4.7385932124571815,12.947999999999999,2.6110737351764204,4.485941412973118,64.74,12.372816278732206,21.257051530994996,220.11599999999999,44.388253497999145,76.26100402054301,SEASON
QB,2023,00-0033537,Deshaun Watson,6.0,6.244701433398428,13.800000000000002,11.611271231130686,13.35426124507645,82.80000000000001,72.50892210061973,83.39337433910599,234.60000000000005,197.39161092922166,227.02244116629967,PPG
QB,2023,00-0033537,Deshaun Watson,6.0,6.244701433398428,13.800000000000002,11.611271231130686,13.35426124507645,82.80000000000001,72.50892210061973,83.39337433910599,234.60000000000005,197.39161092922166,227.02244116629967,SEASON
QB,2023,00-0033662,Cooper Rush,7.0,7.750809654339674,0.5371428571428573,7.666513033490624,7.996148811204898,3.7600000000000007,59.42168323510007,61.97662740342363,9.131428571428573,130.3307215693406,135.93452979048325,PPG
QB,2023,00-0033662,Cooper Rush,7.0,7.750809654339674,0.5371428571428573,7.666513033490624,7.996148811204898,3.7600000000000007,59.42168323510007,61.97662740342363,9.131428571428573,130.3307215693406,135.93452979048325,SEASON
QB,2023,00-0033869,Mitchell Trubisky,5.0,6.997755543869051,9.536000000000001,9.439285841353582,10.489284233140491,47.68000000000001,66.05381482649666,73.4014468936771,162.11200000000002,160.4678593030109,178.31783196338836,PPG
QB,2023,00-0033869,Mitchell Trubisky,5.0,6.997755543869051,9.536000000000001,9.439285841353582,10.489284233140491,47.68000000000001,66.05381482649666,73.4014468936771,162.11200000000002,160.4678593030109,178.31783196338836,SEASON
QB,2023,00-0033873,Patrick Mahomes,16.0,14.528296648575283,17.20125,18.623409587819772,16.263439507235123,275.22,270.5664190997668,236.28007368727089,292.42125000000004,316.5979629929361,276.4784716229971,PPG
QB,2023,00-0033873,Patrick Mahomes,16.0,14.528296648575283,17.20125,18.623409587819772,16.263439507235123,275.22,270.5664190997668,236.28007368727089,292.42125000000004,316.5979629929361,276.4784716229971,SEASON
QB,2023,00-0033936,C.J. Beathard,6.0,4.7385932124571815,3.41,3.179675783358598,2.470021787141636,20.46,15.067190084837524,11.704428475170713,57.97,54.054488317096165,41.99037038140781,PPG
QB,2023,00-0033936,C.J. Beathard,6.0,4.7385932124571815,3.41,3.179675783358598,2.470021787141636,20.46,15.067190084837524,11.704428475170713,57.97,54.054488317096165,41.99037038140781,SEASON
QB,2023,00-0033958,Nathan Peterman,1.0,3.985539101986558,-1.0,3.3982870910562313,4.367242126217521,-1.0,13.544006081180765,17.405814261882846,-17.0,57.77088054795593,74.24311614569785,PPG
QB,2023,00-0033958,Nathan Peterman,1.0,3.985539101986558,-1.0,3.3982870910562313,4.367242126217521,-1.0,13.544006081180765,17.405814261882846,-17.0,57.77088054795593,74.24311614569785,SEASON
QB,2023,00-0034401,Mike White,6.0,4.7385932124571815,0.32666666666666666,9.938825328311673,12.942860655061342,1.96,47.09605024053521,61.330951649852786,5.553333333333333,168.96003058129844,220.0286311360428,PPG
QB,2023,00-0034401,Mike White,6.0,4.7385932124571815,0.32666666666666666,9.938825328311673,12.942860655061342,1.96,47.09605024053521,61.330951649852786,5.553333333333333,168.96003058129844,220.0286311360428,SEASON
QB,2023,00-0034796,Lamar Jackson,16.0,10.763026096222168,20.07625,18.734676458546684,20.332019476922458,321.22,201.64181162761707,218.8340562190138,341.29625000000004,318.4894997952936,345.6443311076818,PPG
QB,2023,00-0034796,Lamar Jackson,16.0,10.763026096222168,20.07625,18.734676458546684,20.332019476922458,321.22,201.64181162761707,218.8340562190138,341.29625000000004,318.4894997952936,345.6443311076818,SEASON
QB,2023,00-0034855,Baker Mayfield,17.0,10.763026096222168,15.709411764705882,11.779968282687921,10.9824612604073,267.06,126.78810603923954,118.20451714651277,267.06,200.25946080569466,186.7018414269241,PPG
QB,2023,00-0034855,Baker Mayfield,17.0,10.763026096222168,15.709411764705882,11.779968282687921,10.9824612604073,267.06,126.78810603923954,118.20451714651277,267.06,200.25946080569466,186.7018414269241,SEASON
QB,2023,00-0034857,Josh Allen,17.0,13.77524253810466,22.743529411764705,21.5879805704762,19.870930803297945,386.64,297.37966826620067,273.72689127332404,386.64,366.9956696980954,337.80582365606506,PPG
QB,2023,00-0034857,Josh Allen,17.0,13.77524253810466,22.743529411764705,21.5879805704762,19.870930803297945,386.64,297.37966826620067,273.72689127332404,386.64,366.9956696980954,337.80582365606506,SEASON
QB,2023,00-0034869,Sam Darnold,10.0,6.244701433398428,2.0380000000000003,11.066700272666722,14.171069594119029,20.380000000000003,69.10823905571266,88.49409860718399,34.646,188.13390463533426,240.90818310002348,PPG
QB,2023,00-0034869,Sam Darnold,10.0,6.244701433398428,2.0380000000000003,11.066700272666722,14.171069594119029,20.380000000000003,69.10823905571266,88.49409860718399,34.646,188.13390463533426,240.90818310002348,SEASON
QB,2023,00-0034955,Brett Rypien,2.0,4.7385932124571815,1.8900000000000001,5.293947591540492,6.539359203324908,3.7800000000000002,25.08586412437782,30.98736313469481,32.13,89.99710905618836,111.16910645652344,PPG
QB,2023,00-0034955,Brett Rypien,2.0,4.7385932124571815,1.8900000000000001,5.293947591540492,6.539359203324908,3.7800000000000002,25.08586412437782,30.98736313469481,32.13,89.99710905618836,111.16910645652344,SEASON
QB,2023,00-0035228,Kyler Murray,8.0,10.009971985751545,17.42,15.723608692361537,16.45041525808361,139.36,157.39288252545848,164.6681958873967,296.14000000000004,267.30134777014615,279.6570593874213,PPG
QB,2023,00-0035228,Kyler Murray,8.0,10.009971985751545,17.42,15.723608692361537,16.45041525808361,139.36,157.39288252545848,164.6681958873967,296.14000000000004,267.30134777014615,279.6570593874213,SEASON
QB,2023,00-0035264,Jarrett Stidham,2.0,3.985539101986558,12.82,11.044406118349999,12.729666110124391,25.64,44.0179124429035,50.73458203713389,217.94,187.75490401194998,216.40432387211465,PPG
QB,2023,00-0035264,Jarrett Stidham,2.0,3.985539101986558,12.82,11.044406118349999,12.729666110124391,25.64,44.0179124429035,50.73458203713389,217.94,187.75490401194998,216.40432387211465,SEASON
QB,2023,00-0035289,Gardner Minshew,16.0,5.491647322927805,11.8875,7.343796481114722,7.720653345543662,190.2,40.32954028564029,42.39910527630845,202.08749999999998,124.84454017895027,131.25110687424225,PPG
QB,2023,00-0035289,Gardner Minshew,16.0,5.491647322927805,11.8875,7.343796481114722,7.720653345543662,190.2,40.32954028564029,42.39910527630845,202.08749999999998,124.84454017895027,131.25110687424225,SEASON
QB,2023,00-0035710,Daniel Jones,6.0,13.77524253810466,8.826666666666668,18.541273010462838,17.85401794785856,52.96000000000001,255.41053268433953,245.94342751142528,150.05333333333334,315.2016411778682,303.5183051135955,PPG
QB,2023,00-0035710,Daniel Jones,6.0,13.77524253810466,8.826666666666668,18.541273010462838,17.85401794785856,52.96000000000001,255.41053268433953,245.94342751142528,150.05333333333334,315.2016411778682,303.5183051135955,SEASON
QB,2023,00-0035993,Tyler Huntley,5.0,5.491647322927805,5.1240000000000006,9.203573811022473,11.026904359160685,25.620000000000005,50.542781480670016,60.55586980416572,87.108,156.46075478738203,187.45737410573165,PPG
QB,2023,00-0035993,Tyler Huntley,5.0,5.491647322927805,5.1240000000000006,9.203573811022473,11.026904359160685,25.620000000000005,50.542781480670016,60.55586980416572,87.108,156.46075478738203,187.45737410573165,SEASON
QB,2023,00-0036212,Tua Tagovailoa,17.0,11.51608020669279,15.31529411764706,14.431310296062373,14.351462873771485,260.36,166.19212685712574,165.27259753772623,260.36,245.33227503306034,243.97486885411524,PPG
QB,2023,00-0036212,Tua Tagovailoa,17.0,11.51608020669279,15.31529411764706,14.431310296062373,14.351462873771485,260.36,166.19212685712574,165.27259753772623,260.36,245.33227503306034,243.97486885411524,SEASON
QB,2023,00-0036264,Jordan Love,17.0,4.7385932124571815,18.297647058823532,3.815860819785065,4.228314468501226,311.06000000000006,18.081812180314806,20.036262240574406,311.06000000000006,64.8696339363461,71.88134596452085,PPG
QB,2023,00-0036264,Jordan Love,17.0,4.7385932124571815,18.297647058823532,3.815860819785065,4.228314468501226,311.06000000000006,18.081812180314806,20.036262240574406,311.06000000000006,64.8696339363461,71.88134596452085,SEASON
QB,2023,00-0036355,Justin Herbert,13.0,14.528296648575283,17.55076923076923,15.561836980627417,15.47304600938631,228.16,226.0869840513242,224.7970024814183,298.3630769230769,264.5512286706661,263.0417821595673,PPG
QB,2023,00-0036355,Justin Herbert,13.0,14.528296648575283,17.55076923076923,15.561836980627417,15.47304600938631,228.16,226.0869840513242,224.7970024814183,298.3630769230769,264.5512286706661,263.0417821595673,SEASON
QB,2023,00-0036389,Jalen Hurts,17.0,13.022188427634037,20.57764705882353,23.0631589126329,22.978237297971702,349.82,300.3328010967729,299.2269358290759,349.82,392.0737015147593,390.63003406551894,PPG
QB,2023,00-0036389,Jalen Hurts,17.0,13.022188427634037,20.57764705882353,23.0631589126329,22.978237297971702,349.82,300.3328010967729,299.2269358290759,349.82,392.0737015147593,390.63003406551894,SEASON
QB,2023,00-0036442,Joe Burrow,10.0,13.77524253810466,14.516000000000002,18.353937418954406,18.44033134034488,145.16000000000003,252.82993947529158,254.0200366962633,246.77200000000002,312.0169361222249,313.48563278586295,PPG
QB,2023,00-0036442,Joe Burrow,10.0,13.77524253810466,14.516000000000002,18.353937418954406,18.44033134034488,145.16000000000003,252.82993947529158,254.0200366962633,246.77200000000002,312.0169361222249,313.48563278586295,SEASON
QB,2023,00-0036898,Davis Mills,5.0,13.022188427634037,3.5640000000000005,12.83381180428275,12.021899044018362,17.820000000000004,167.12431556016392,156.55143460920058,60.58800000000001,218.17480067280675,204.37228374831216,PPG
QB,2023,00-0036898,Davis Mills,5.0,13.022188427634037,3.5640000000000005,12.83381180428275,12.021899044018362,17.820000000000004,167.12431556016392,156.55143460920058,60.58800000000001,218.17480067280675,204.37228374831216,SEASON
QB,2023,00-0036945,Justin Fields,13.0,13.022188427634037,16.936923076923076,20.049113032871063,21.145096903859347,220.17999999999998,261.08332772098026,275.35543620263746,287.92769230769227,340.83492155880805,359.4666473656089,PPG
QB,2023,00-0036945,Justin Fields,13.0,13.022188427634037,16.936923076923076,20.049113032871063,21.145096903859347,220.17999999999998,261.08332772098026,275.35543620263746,287.92769230769227,340.83492155880805,359.4666473656089,SEASON
QB,2023,00-0036971,Trevor Lawrence,16.0,14.528296648575283,15.721250000000001,17.49627362933512,14.079023297964191,251.54000000000002,254.19105353162556,204.5442269950265,267.26125,297.43665169869706,239.34339606539126,PPG
QB,2023,00-0036971,Trevor Lawrence,16.0,14.528296648575283,15.721250000000001,17.49627362933512,14.079023297964191,251.54000000000002,254.19105353162556,204.5442269950265,267.26125,297.43665169869706,239.34339606539126,SEASON
QB,2023,00-0036972,Mac Jones,11.0,12.269134317163413,9.4,13.553453443639329,12.52111521430132,103.4,166.28914076143192,153.62324436494126,159.8,230.4087085418686,212.85895864312243,PPG
QB,2023,00-0036972,Mac Jones,11.0,12.269134317163413,9.4,13.553453443639329,12.52111521430132,103.4,166.28914076143192,153.62324436494126,159.8,230.4087085418686,212.85895864312243,SEASON
QB,2023,00-0037013,Zach Wilson,12.0,8.503863764810298,9.078333333333333,10.808145958789988,11.709760130723762,108.94,91.91100078373503,99.5782048702821,154.33166666666665,183.7384812994298,199.06592222230395,PPG
QB,2023,00-0037013,Zach Wilson,12.0,8.503863764810298,9.078333333333333,10.808145958789988,11.709760130723762,108.94,91.91100078373503,99.5782048702821,154.33166666666665,183.7384812994298,199.06592222230395,SEASON
QB,2023,00-0037834,Brock Purdy,16.0,8.503863764810298,18.1,8.791807147557465,9.891301269870807,289.6,74.76433022931411,84.11427845567644,307.70000000000005,149.46072150847692,168.15212158780372,PPG
QB,2023,00-0037834,Brock Purdy,16.0,8.503863764810298,18.1,8.791807147557465,9.891301269870807,289.6,74.76433022931411,84.11427845567644,307.70000000000005,149.46072150847692,168.15212158780372,SEASON
QB,2023,00-0038102,Kenny Pickett,12.0,11.51608020669279,9.016666666666667,11.972610078065754,6.692347600806336,108.20000000000002,137.87753794246365,77.06961174195382,153.28333333333336,203.5343713271178,113.7699092137077,PPG
QB,2023,00-0038102,Kenny Pickett,12.0,11.51608020669279,9.016666666666667,11.972610078065754,6.692347600806336,108.20000000000002,137.87753794246365,77.06961174195382,153.28333333333336,203.5343713271178,113.7699092137077,SEASON
QB,2023,00-0038108,Bailey Zappe,10.0,4.7385932124571815,6.717999999999999,6.913702060505638,10.371068907406654,67.17999999999999,32.76122165686324,49.144276730562886,114.20599999999999,117.53293502859584,176.30817142591312,PPG
QB,2023,00-0038108,Bailey Zappe,10.0,4.7385932124571815,6.717999999999999,6.913702060505638,10.371068907406654,67.17999999999999,32.76122165686324,49.144276730562886,114.20599999999999,117.53293502859584,176.30817142591312,SEASON
QB,2023,00-0038122,Desmond Ridder,15.0,4.7385932124571815,10.982666666666667,8.382840029173225,11.931749723195948,164.74,39.722868863354606,56.539708251074174,186.70533333333333,142.50828049594483,202.8397452943311,PPG
QB,2023,00-0038122,Desmond Ridder,15.0,4.7385932124571815,10.982666666666667,8.382840029173225,11.931749723195948,164.74,39.722868863354606,56.539708251074174,186.70533333333333,142.50828049594483,202.8397452943311,SEASON
QB,2023,00-0038128,Malik Willis,2.0,6.997755543869051,1.03,7.226503904727903,6.139607670154137,2.06,50.569307762101026,42.96347361100206,17.51,122.85056638037436,104.37333039262033,PPG
QB,2023,00-0038128,Malik Willis,2.0,6.997755543869051,1.03,7.226503904727903,6.139607670154137,2.06,50.569307762101026,42.96347361100206,17.51,122.85056638037436,104.37333039262033,SEASON
QB,2024,00-0026158,Joe Flacco,7.0,5.796932660181994,13.577142857142858,14.382836566849537,17.881825125626637,95.04,83.37633504042995,103.65973609440805,230.8114285714286,244.50822163644213,303.9910271356528,PPG
QB,2024,00-0026158,Joe Flacco,7.0,5.796932660181994,13.577142857142858,14.382836566849537,17.881825125626637,95.04,83.37633504042995,103.65973609440805,230.8114285714286,244.50822163644213,303.9910271356528,SEASON
QB,2024,00-0026498,Matthew Stafford,16.0,12.654691461641345,13.036249999999999,14.022460986011172,13.49630413140138,208.57999999999998,177.44991731087447,170.79156465535988,221.61624999999998,238.38183676218992,229.43717023382348,PPG
QB,2024,00-0026498,Matthew Stafford,16.0,12.654691461641345,13.036249999999999,14.022460986011172,13.49630413140138,208.57999999999998,177.44991731087447,170.79156465535988,221.61624999999998,238.38183676218992,229.43717023382348,SEASON
QB,2024,00-0028118,Tyrod Taylor,2.0,9.22581206091167,9.53,11.083427709798384,9.469343877921496,19.06,102.25362104130053,87.36238695784822,162.01,188.41827106657252,160.97884592466542,PPG
QB,2024,00-0028118,Tyrod Taylor,2.0,9.22581206091167,9.53,11.083427709798384,9.469343877921496,19.06,102.25362104130053,87.36238695784822,162.01,188.41827106657252,160.97884592466542,SEASON
QB,2024,00-0029263,Russell Wilson,11.0,12.654691461641345,15.252727272727272,15.513036874297388,15.24249768596935,167.78,196.3126952772985,192.8891053207243,259.29636363636365,263.7216268630556,259.12246066147895,PPG
QB,2024,00-0029263,Russell Wilson,11.0,12.654691461641345,15.252727272727272,15.513036874297388,15.24249768596935,167.78,196.3126952772985,192.8891053207243,259.29636363636365,263.7216268630556,259.12246066147895,SEASON
QB,2024,00-0029604,Kirk Cousins,14.0,7.854260300619799,11.737142857142857,12.91672218129586,13.706235534580138,164.32,101.45129824268726,107.65234163019717,199.53142857142856,219.58427708202962,233.00600408786235,PPG
QB,2024,00-0029604,Kirk Cousins,14.0,7.854260300619799,11.737142857142857,12.91672218129586,13.706235534580138,164.32,101.45129824268726,107.65234163019717,199.53142857142856,219.58427708202962,233.00600408786235,SEASON
QB,2024,00-0030565,Geno Smith,17.0,12.654691461641345,15.23529411764706,14.51555975336756,13.726077282685887,259.0,183.68993007188521,173.69927299103435,259.0,246.76451580724853,233.34331380566007,PPG
QB,2024,00-0030565,Geno Smith,17.0,12.654691461641345,15.23529411764706,14.51555975336756,13.726077282685887,259.0,183.68993007188521,173.69927299103435,259.0,246.76451580724853,233.34331380566007,SEASON
QB,2024,00-0031280,Derek Carr,10.0,14.026243221933214,14.79,15.236249962580784,12.383872285961148,147.89999999999998,213.7073477653289,173.69920471224913,251.42999999999998,259.0162493638733,210.52582886133953,PPG
QB,2024,00-0031280,Derek Carr,10.0,14.026243221933214,14.79,15.236249962580784,12.383872285961148,147.89999999999998,213.7073477653289,173.69920471224913,251.42999999999998,259.0162493638733,210.52582886133953,SEASON
QB,2024,00-0031345,Jimmy Garoppolo,1.0,7.168484420473864,19.86,9.249215877604861,9.953977127789678,19.86,66.30285992020994,71.35492996231349,337.62,157.23666991928263,169.2176111724245,PPG
QB,2024,00-0031345,Jimmy Garoppolo,1.0,7.168484420473864,19.86,9.249215877604861,9.953977127789678,19.86,66.30285992020994,71.35492996231349,337.62,157.23666991928263,169.2176111724245,SEASON
QB,2024,00-0031503,Jameis Winston,11.0,6.482708540327929,11.558181818181819,6.704278989558061,4.381947224690772,127.14,43.46188666234914,28.406886696769135,196.48909090909092,113.97274282248704,74.49310281974313,PPG
QB,2024,00-0031503,Jameis Winston,11.0,6.482708540327929,11.558181818181819,6.704278989558061,4.381947224690772,127.14,43.46188666234914,28.406886696769135,196.48909090909092,113.97274282248704,74.49310281974313,SEASON
QB,2024,00-0031800,Taylor Heinicke,4.0,5.796932660181994,0.78,10.354436746647918,12.725426281989543,3.12,60.023972554431914,73.76843922880352,13.26,176.0254246930146,216.33224679382224,PPG
QB,2024,00-0031800,Taylor Heinicke,4.0,5.796932660181994,0.78,10.354436746647918,12.725426281989543,3.12,60.023972554431914,73.76843922880352,13.26,176.0254246930146,216.33224679382224,SEASON
QB,2024,00-0033077,Dak Prescott,8.0,14.026243221933214,14.065000000000001,17.572308097636498,17.352946582999575,112.52000000000001,246.47346734819607,243.39664939036692,239.10500000000002,298.72923765982046,295.00009191099275,PPG
QB,2024,00-0033077,Dak Prescott,8.0,14.026243221933214,14.065000000000001,17.572308097636498,17.352946582999575,112.52000000000001,246.47346734819607,243.39664939036692,239.10500000000002,298.72923765982046,295.00009191099275,SEASON
QB,2024,00-0033106,Jared Goff,17.0,14.026243221933214,18.28,16.01677939013704,13.99193884212137,310.76,224.65524335810923,196.25433734600892,310.76,272.2852496323297,237.86296031606327,PPG
QB,2024,00-0033106,Jared Goff,17.0,14.026243221933214,18.28,16.01677939013704,13.99193884212137,310.76,224.65524335810923,196.25433734600892,310.76,272.2852496323297,237.86296031606327,SEASON
QB,2024,00-0033319,Nick Mullens,4.0,5.796932660181994,0.38,11.005949684569481,13.995200487879487,1.52,63.800749182800544,81.12923479398358,6.46,187.1011446376812,237.91840829395127,PPG
QB,2024,00-0033319,Nick Mullens,4.0,5.796932660181994,0.38,11.005949684569481,13.995200487879487,1.52,63.800749182800544,81.12923479398358,6.46,187.1011446376812,237.91840829395127,SEASON
QB,2024,00-0033537,Deshaun Watson,7.0,6.482708540327929,10.245714285714287,9.900041503613043,14.094941919349823,71.72000000000001,64.17908360507322,91.37340035599523,174.17714285714288,168.30070556142172,239.614012628947,PPG
QB,2024,00-0033537,Deshaun Watson,7.0,6.482708540327929,10.245714285714287,9.900041503613043,14.094941919349823,71.72000000000001,64.17908360507322,91.37340035599523,174.17714285714288,168.30070556142172,239.614012628947,SEASON
QB,2024,00-0033662,Cooper Rush,12.0,7.168484420473864,8.38,5.565355338355394,3.6491092467590187,100.56,39.89516303740169,26.158582783999144,142.46,94.61104075204169,62.03485719490332,PPG
QB,2024,00-0033662,Cooper Rush,12.0,7.168484420473864,8.38,5.565355338355394,3.6491092467590187,100.56,39.89516303740169,26.158582783999144,142.46,94.61104075204169,62.03485719490332,SEASON
QB,2024,00-0033869,Mitchell Trubisky,8.0,5.796932660181994,1.7825,6.818125352453915,10.485359409473766,14.26,39.52421353685497,60.78292241452506,30.3025,115.90813099171656,178.25110996105403,PPG
QB,2024,00-0033869,Mitchell Trubisky,8.0,5.796932660181994,1.7825,6.818125352453915,10.485359409473766,14.26,39.52421353685497,60.78292241452506,30.3025,115.90813099171656,178.25110996105403,SEASON
QB,2024,00-0033873,Patrick Mahomes,16.0,13.34046734178728,17.48875,15.513013630658827,15.70491366253173,279.82,206.950851712505,209.5108878205934,297.30875,263.72123172120007,266.9835322630394,PPG
QB,2024,00-0033873,Patrick Mahomes,16.0,13.34046734178728,17.48875,15.513013630658827,15.70491366253173,279.82,206.950851712505,209.5108878205934,297.30875,263.72123172120007,266.9835322630394,SEASON
QB,2024,00-0033949,Joshua Dobbs,2.0,11.283139701349475,14.419999999999998,14.9744020403305,16.857416167580688,28.839999999999996,168.95827016522165,190.20458162260016,245.13999999999996,254.56483468561848,286.5760748488717,PPG
QB,2024,00-0033949,Joshua Dobbs,2.0,11.283139701349475,14.419999999999998,14.9744020403305,16.857416167580688,28.839999999999996,168.95827016522165,190.20458162260016,245.13999999999996,254.56483468561848,286.5760748488717,SEASON
QB,2024,00-0034177,Tim Boyle,3.0,4.425380899890124,4.6466666666666665,5.18627748544612,6.224981145676135,13.94,22.95125332562344,27.547912664251307,78.99333333333333,88.16671725258405,105.8246794764943,PPG
QB,2024,00-0034177,Tim Boyle,3.0,4.425380899890124,4.6466666666666665,5.18627748544612,6.224981145676135,13.94,22.95125332562344,27.547912664251307,78.99333333333333,88.16671725258405,105.8246794764943,SEASON
QB,2024,00-0034401,Mike White,1.0,6.482708540327929,1.12,2.395174908972815,3.4098593952692466,1.12,15.527220837977238,22.105124623029372,19.040000000000003,40.717973452537855,57.96760971957719,PPG
QB,2024,00-0034401,Mike White,1.0,6.482708540327929,1.12,2.395174908972815,3.4098593952692466,1.12,15.527220837977238,22.105124623029372,19.040000000000003,40.717973452537855,57.96760971957719,SEASON
QB,2024,00-0034577,Kyle Allen,1.0,6.482708540327929,0.76,5.593488231026794,3.018247589718156,0.76,36.260953925501155,19.56641942669008,12.92,95.0892999274555,51.31020902520866,PPG
QB,2024,00-0034577,Kyle Allen,1.0,6.482708540327929,0.76,5.593488231026794,3.018247589718156,0.76,36.260953925501155,19.56641942669008,12.92,95.0892999274555,51.31020902520866,SEASON
QB,2024,00-0034771,Mason Rudolph,8.0,5.111156780036059,11.350000000000001,7.906654270398317,10.220279408546581,90.80000000000001,40.41214958154742,52.237450392855784,192.95000000000002,134.4131225967714,173.7447499452919,PPG
QB,2024,00-0034771,Mason Rudolph,8.0,5.111156780036059,11.350000000000001,7.906654270398317,10.220279408546581,90.80000000000001,40.41214958154742,52.237450392855784,192.95000000000002,134.4131225967714,173.7447499452919,SEASON
QB,2024,00-0034796,Lamar Jackson,17.0,13.34046734178728,24.845882352941178,20.710995852598728,19.03298893180435,422.38000000000005,276.2943637874851,253.9089672613347,422.38000000000005,352.0869294941784,323.560811840674,PPG
QB,2024,00-0034796,Lamar Jackson,17.0,13.34046734178728,24.845882352941178,20.710995852598728,19.03298893180435,422.38000000000005,276.2943637874851,253.9089672613347,422.38000000000005,352.0869294941784,323.560811840674,SEASON
QB,2024,00-0034855,Baker Mayfield,17.0,14.026243221933214,20.870588235294115,14.90807642133889,12.258664320845597,354.79999999999995,209.10430585686697,171.94300734021508,354.79999999999995,253.43729916276112,208.39729345437513,PPG
QB,2024,00-0034855,Baker Mayfield,17.0,14.026243221933214,20.870588235294115,14.90807642133889,12.258664320845597,354.79999999999995,209.10430585686697,171.94300734021508,354.79999999999995,253.43729916276112,208.39729345437513,SEASON
QB,2024,00-0034857,Josh Allen,16.0,14.026243221933214,23.021250000000002,20.497301733758533,18.341869627500095,368.34000000000003,287.5001395110505,257.2675245403059,391.36125000000004,348.4541294738951,311.81178366750163,PPG
QB,2024,00-0034857,Josh Allen,16.0,14.026243221933214,23.021250000000002,20.497301733758533,18.341869627500095,368.34000000000003,287.5001395110505,257.2675245403059,391.36125000000004,348.4541294738951,311.81178366750163,SEASON
QB,2024,00-0034869,Sam Darnold,17.0,9.22581206091167,17.64470588235294,7.001426665870717,4.717701529218893,299.96,64.59384657757865,43.524627668049085,299.96,119.0242533198022,80.20092599672117,PPG
QB,2024,00-0034869,Sam Darnold,17.0,9.22581206091167,17.64470588235294,7.001426665870717,4.717701529218893,299.96,64.59384657757865,43.524627668049085,299.96,119.0242533198022,80.20092599672117,SEASON
QB,2024,00-0035100,Jake Browning,2.0,8.540036180765734,0.0,12.18945891495994,14.099378534312363,0.0,104.09842015771531,120.40920280933932,0.0,207.220801554319,239.68943508331017,PPG
QB,2024,00-0035100,Jake Browning,2.0,8.540036180765734,0.0,12.18945891495994,14.099378534312363,0.0,104.09842015771531,120.40920280933932,0.0,207.220801554319,239.68943508331017,SEASON
QB,2024,00-0035228,Kyler Murray,17.0,7.854260300619799,17.07294117647059,14.011835716361677,17.161764393656178,290.24,110.05260500582611,134.79296476568413,290.24,238.2012071781485,291.74999469215504,PPG
QB,2024,00-0035228,Kyler Murray,17.0,7.854260300619799,17.07294117647059,14.011835716361677,17.161764393656178,290.24,110.05260500582611,134.79296476568413,290.24,238.2012071781485,291.74999469215504,SEASON
QB,2024,00-0035289,Gardner Minshew,10.0,13.34046734178728,9.032000000000002,12.055977769290822,11.738611933289302,90.32000000000002,160.83237770453766,156.59856913396038,153.54400000000004,204.95162207794397,199.55640286591813,PPG
QB,2024,00-0035289,Gardner Minshew,10.0,13.34046734178728,9.032000000000002,12.055977769290822,11.738611933289302,90.32000000000002,160.83237770453766,156.59856913396038,153.54400000000004,204.95162207794397,199.55640286591813,SEASON
QB,2024,00-0035704,Drew Lock,7.0,5.111156780036059,10.877142857142857,6.298892323703727,8.297878648984142,76.14,32.194626207015396,42.41175871667175,184.9114285714286,107.08116950296336,141.06393703273042,PPG
QB,2024,00-0035704,Drew Lock,7.0,5.111156780036059,10.877142857142857,6.298892323703727,8.297878648984142,76.14,32.194626207015396,42.41175871667175,184.9114285714286,107.08116950296336,141.06393703273042,SEASON
QB,2024,00-0035710,Daniel Jones,10.0,6.482708540327929,13.229999999999999,11.087593101475587,11.772352022386915,132.29999999999998,71.87763449061681,76.31672699527442,224.90999999999997,188.48908272508498,200.12998438057755,PPG
QB,2024,00-0035710,Daniel Jones,10.0,6.482708540327929,13.229999999999999,11.087593101475587,11.772352022386915,132.29999999999998,71.87763449061681,76.31672699527442,224.90999999999997,188.48908272508498,200.12998438057755,SEASON
QB,2024,00-0035993,Tyler Huntley,5.0,5.796932660181994,11.132000000000001,4.466466831914193,6.40629992684195,55.66000000000001,25.891807453542988,37.13688927683162,189.24400000000003,75.92993614254128,108.90709875631315,PPG
QB,2024,00-0035993,Tyler Huntley,5.0,5.796932660181994,11.132000000000001,4.466466831914193,6.40629992684195,55.66000000000001,25.891807453542988,37.13688927683162,189.24400000000003,75.92993614254128,108.90709875631315,SEASON
QB,2024,00-0036212,Tua Tagovailoa,11.0,14.026243221933214,15.870909090909091,14.819957517751844,15.349109151000215,174.58,207.86832868270497,215.29033819192983,269.80545454545455,251.93927780178134,260.93485556700364,PPG
QB,2024,00-0036212,Tua Tagovailoa,11.0,14.026243221933214,15.870909090909091,14.819957517751844,15.349109151000215,174.58,207.86832868270497,215.29033819192983,269.80545454545455,251.93927780178134,260.93485556700364,SEASON
QB,2024,00-0036264,Jordan Love,15.0,14.026243221933214,15.324,16.43167339619806,15.685367835473507,229.85999999999999,230.47464759844337,220.00678428583953,260.508,279.338447735367,266.65125320304963,PPG
QB,2024,00-0036264,Jordan Love,15.0,14.026243221933214,15.324,16.43167339619806,15.685367835473507,229.85999999999999,230.47464759844337,220.00678428583953,260.508,279.338447735367,266.65125320304963,SEASON
QB,2024,00-0036355,Justin Herbert,17.0,11.283139701349475,16.43529411764706,15.706681240170246,16.679491303501248,279.40000000000003,177.2206786774059,188.19703052484823,279.40000000000003,267.0135810828942,283.55135215952123,PPG
QB,2024,00-0036355,Justin Herbert,17.0,11.283139701349475,16.43529411764706,15.706681240170246,16.679491303501248,279.40000000000003,177.2206786774059,188.19703052484823,279.40000000000003,267.0135810828942,283.55135215952123,SEASON
QB,2024,00-0036389,Jalen Hurts,15.0,14.026243221933214,20.407999999999998,19.669499920866212,18.904229861844353,306.11999999999995,275.8891899438656,265.1553259655618,346.936,334.3814986547256,321.371907651354,PPG
QB,2024,00-0036389,Jalen Hurts,15.0,14.026243221933214,20.407999999999998,19.669499920866212,18.904229861844353,306.11999999999995,275.8891899438656,265.1553259655618,346.936,334.3814986547256,321.371907651354,SEASON
QB,2024,00-0036442,Joe Burrow,17.0,9.22581206091167,21.283529411764707,14.30181860647374,15.413627270897639,361.82000000000005,131.94589059257635,142.20322837824446,361.82000000000005,243.13091631005358,262.03166360525984,PPG
QB,2024,00-0036442,Joe Burrow,17.0,9.22581206091167,21.283529411764707,14.30181860647374,15.413627270897639,361.82000000000005,131.94589059257635,142.20322837824446,361.82000000000005,243.13091631005358,262.03166360525984,SEASON
QB,2024,00-0036898,Davis Mills,4.0,5.796932660181994,2.395,4.447944646683606,4.891703118881807,9.58,25.784435593041856,28.356873573760073,40.715,75.6150589936213,83.15895302099072,PPG
QB,2024,00-0036898,Davis Mills,4.0,5.796932660181994,2.395,4.447944646683606,4.891703118881807,9.58,25.784435593041856,28.356873573760073,40.715,75.6150589936213,83.15895302099072,SEASON
QB,2024,00-0036945,Justin Fields,10.0,11.283139701349475,11.314,16.35067370909629,16.752743392748574,113.14,184.48693567091544,189.02354408124154,192.338,277.96145305463693,284.79663767672577,PPG
QB,2024,00-0036945,Justin Fields,10.0,11.283139701349475,11.314,16.35067370909629,16.752743392748574,113.14,184.48693567091544,189.02354408124154,192.338,277.96145305463693,284.79663767672577,SEASON
QB,2024,00-0036971,Trevor Lawrence,10.0,13.34046734178728,14.37,14.957763140988451,15.187670989493528,143.7,199.54355068854596,202.6106288331485,244.29,254.28197339680366,258.19040682138996,PPG
QB,2024,00-0036971,Trevor Lawrence,10.0,13.34046734178728,14.37,14.957763140988451,15.187670989493528,143.7,199.54355068854596,202.6106288331485,244.29,254.28197339680366,258.19040682138996,SEASON
QB,2024,00-0036972,Mac Jones,10.0,9.911587941057604,9.408,9.66628176678501,10.435951372298756,94.08,95.8082017945313,103.4368497751399,159.93599999999998,164.32679003534517,177.41117332907885,PPG
QB,2024,00-0036972,Mac Jones,10.0,9.911587941057604,9.408,9.66628176678501,10.435951372298756,94.08,95.8082017945313,103.4368497751399,159.93599999999998,164.32679003534517,177.41117332907885,SEASON
QB,2024,00-0037077,Sam Howell,1.0,14.026243221933214,-0.8400000000000001,13.051456508119838,13.731268713496005,-0.8400000000000001,183.062903383372,192.59811472121694,-14.280000000000001,221.87476063803723,233.4315681294321,PPG
QB,2024,00-0037077,Sam Howell,1.0,14.026243221933214,-0.8400000000000001,13.051456508119838,13.731268713496005,-0.8400000000000001,183.062903383372,192.59811472121694,-14.280000000000001,221.87476063803723,233.4315681294321,SEASON
QB,2024,00-0037834,Brock Purdy,15.0,13.34046734178728,17.324,16.19815080689559,15.065664473775009,259.86,216.0909018367359,200.98300489472035,294.50800000000004,275.368563717225,256.11629605417517,PPG
QB,2024,00-0037834,Brock Purdy,15.0,13.34046734178728,17.324,16.19815080689559,15.065664473775009,259.86,216.0909018367359,200.98300489472035,294.50800000000004,275.368563717225,256.11629605417517,SEASON
QB,2024,00-0038102,Kenny Pickett,5.0,10.59736382120354,4.828,11.003363840288962,9.80039505376186,24.14,116.6066498726175,103.85835197623807,82.07600000000001,187.05718528491235,166.60671591395163,PPG
QB,2024,00-0038102,Kenny Pickett,5.0,10.59736382120354,4.828,11.003363840288962,9.80039505376186,24.14,116.6066498726175,103.85835197623807,82.07600000000001,187.05718528491235,166.60671591395163,SEASON
QB,2024,00-0038108,Bailey Zappe,1.0,9.22581206091167,7.0,7.768404120824726,8.901840605877645,7.0,71.66983643194067,82.12670842601922,119.0,132.06287005402032,151.33129029991997,PPG
QB,2024,00-0038108,Bailey Zappe,1.0,9.22581206091167,7.0,7.768404120824726,8.901840605877645,7.0,71.66983643194067,82.12670842601922,119.0,132.06287005402032,151.33129029991997,SEASON
QB,2024,00-0038122,Desmond Ridder,5.0,12.654691461641345,3.7839999999999994,13.211896266833781,11.72963886376151,18.919999999999998,167.1924708799926,148.43496077737927,64.32799999999999,224.60223653617427,199.40386068394568,PPG
QB,2024,00-0038122,Desmond Ridder,5.0,12.654691461641345,3.7839999999999994,13.211896266833781,11.72963886376151,18.919999999999998,167.1924708799926,148.43496077737927,64.32799999999999,224.60223653617427,199.40386068394568,SEASON
QB,2024,00-0038416,Tyson Bagent,4.0,5.796932660181994,0.11,7.001335374350491,8.293577553950957,0.44,40.586269696459894,48.0773105922506,1.87,119.02270136395835,140.99081841716628,PPG
QB,2024,00-0038416,Tyson Bagent,4.0,5.796932660181994,0.11,7.001335374350491,8.293577553950957,0.44,40.586269696459894,48.0773105922506,1.87,119.02270136395835,140.99081841716628,SEASON
QB,2024,00-0038476,Tommy DeVito,2.0,8.540036180765734,6.74,9.479085430624773,11.401977375167201,13.48,80.95173253810489,97.3732993162002,114.58,161.14445232062113,193.83361537784242,PPG
QB,2024,00-0038476,Tommy DeVito,2.0,8.540036180765734,6.74,9.479085430624773,11.401977375167201,13.48,80.95173253810489,97.3732993162002,114.58,161.14445232062113,193.83361537784242,SEASON
QB,2024,00-0038579,Aidan O'Connell,9.0,9.911587941057604,10.164444444444445,10.639178776542757,11.569257964340487,91.48,105.45115606433718,114.66971772634182,172.79555555555558,180.86603920122687,196.67738539378828,PPG
QB,2024,00-0038579,Aidan O'Connell,9.0,9.911587941057604,10.164444444444445,10.639178776542757,11.569257964340487,91.48,105.45115606433718,114.66971772634182,172.79555555555558,180.86603920122687,196.67738539378828,SEASON
QB,2024,00-0038582,Clayton Tune,5.0,6.482708540327929,-0.536,4.50383140276719,3.961254847459193,-2.68,29.19702629891598,25.679660630039116,-9.112,76.56513384704223,67.34133240680627,PPG
QB,2024,00-0038582,Clayton Tune,5.0,6.482708540327929,-0.536,4.50383140276719,3.961254847459193,-2.68,29.19702629891598,25.679660630039116,-9.112,76.56513384704223,67.34133240680627,SEASON
QB,2024,00-0038583,Dorian Thompson-Robinson,6.0,7.168484420473864,2.133333333333333,6.843729770905979,5.85461383687863,12.799999999999997,49.05917024067268,41.96870807755517,36.26666666666666,116.34340610540164,99.52843522693671,PPG
QB,2024,00-0038583,Dorian Thompson-Robinson,6.0,7.168484420473864,2.133333333333333,6.843729770905979,5.85461383687863,12.799999999999997,49.05917024067268,41.96870807755517,36.26666666666666,116.34340610540164,99.52843522693671,SEASON
QB,2024,00-0039150,Bryce Young,14.0,13.34046734178728,13.644285714285713,11.449655247645937,9.817481917492648,191.01999999999998,152.74375190594398,130.96979689889784,231.9528571428571,194.64413920998095,166.897192597375,PPG
QB,2024,00-0039150,Bryce Young,14.0,13.34046734178728,13.644285714285713,11.449655247645937,9.817481917492648,191.01999999999998,152.74375190594398,130.96979689889784,231.9528571428571,194.64413920998095,166.897192597375,SEASON
QB,2024,00-0039152,Will Levis,12.0,8.540036180765734,9.161666666666665,10.209901359606672,11.331446076051682,109.93999999999998,87.19292701309023,96.77095946987727,155.7483333333333,173.56832311331343,192.6345832928786,PPG
QB,2024,00-0039152,Will Levis,12.0,8.540036180765734,9.161666666666665,10.209901359606672,11.331446076051682,109.93999999999998,87.19292701309023,96.77095946987727,155.7483333333333,173.56832311331343,192.6345832928786,SEASON
QB,2024,00-0039163,C.J. Stroud,17.0,12.654691461641345,12.610588235294118,15.407424521153182,16.16249571801461,214.38000000000002,194.97620353372065,204.5313965615743,214.38000000000002,261.9262168596041,274.7624272062484,PPG
QB,2024,00-0039163,C.J. Stroud,17.0,12.654691461641345,12.610588235294118,15.407424521153182,16.16249571801461,214.38000000000002,194.97620353372065,204.5313965615743,214.38000000000002,261.9262168596041,274.7624272062484,SEASON
QB,2024,00-0039164,Anthony Richardson,11.0,5.111156780036059,14.041818181818185,14.128000908314917,16.547275333943773,154.46000000000004,72.21042763088938,84.57571851421017,238.71090909090913,240.17601544135357,281.30368067704416,PPG
QB,2024,00-0039164,Anthony Richardson,11.0,5.111156780036059,14.041818181818185,14.128000908314917,16.547275333943773,154.46000000000004,72.21042763088938,84.57571851421017,238.71090909090913,240.17601544135357,281.30368067704416,SEASON
QB,2025,00-0023459,Aaron Rodgers,16.0,13.809898298466194,13.93625,15.318340205953614,12.88659809815295,222.98,211.54472034552512,177.96260914870012,236.91625,260.41178350121146,219.07216766860014,PPG
QB,2025,00-0023459,Aaron Rodgers,16.0,13.809898298466194,13.93625,15.318340205953614,12.88659809815295,222.98,211.54472034552512,177.96260914870012,236.91625,260.41178350121146,219.07216766860014,SEASON
QB,2025,00-0026158,Joe Flacco,13.0,7.1518046285712,11.050769230769232,11.103273774621263,12.419935857954716,143.66000000000003,79.40844477362957,88.82495475547795,187.86307692307693,188.75565416856148,211.13890958523018,PPG
QB,2025,00-0026158,Joe Flacco,13.0,7.1518046285712,11.050769230769232,11.103273774621263,12.419935857954716,143.66000000000003,79.40844477362957,88.82495475547795,187.86307692307693,188.75565416856148,211.13890958523018,SEASON
QB,2025,00-0026300,Josh Johnson,3.0,5.154376527602701,7.46,5.4817395092208,4.883720176790568,22.38,28.25494945676004,25.17253264662902,126.82,93.1895716567536,83.02324300543967,PPG
QB,2025,00-0026300,Josh Johnson,3.0,5.154376527602701,7.46,5.4817395092208,4.883720176790568,22.38,28.25494945676004,25.17253264662902,126.82,93.1895716567536,83.02324300543967,SEASON
QB,2025,00-0026498,Matthew Stafford,17.0,13.144088931476695,20.316470588235298,14.437921234085787,10.145799600373584,345.38000000000005,189.77332068647934,133.3572922282511,345.38000000000005,245.44466097945838,172.47859320635092,PPG
QB,2025,00-0026498,Matthew Stafford,17.0,13.144088931476695,20.316470588235298,14.437921234085787,10.145799600373584,345.38000000000005,189.77332068647934,133.3572922282511,345.38000000000005,245.44466097945838,172.47859320635092,SEASON
QB,2025,00-0027973,Andy Dalton,4.0,6.485995261581701,1.9300000000000002,7.951902805654699,10.168153523959813,7.720000000000001,51.576003918034615,65.95059557543863,32.81,135.18234769612988,172.8586099073168,PPG
QB,2025,00-0027973,Andy Dalton,4.0,6.485995261581701,1.9300000000000002,7.951902805654699,10.168153523959813,7.720000000000001,51.576003918034615,65.95059557543863,32.81,135.18234769612988,172.8586099073168,SEASON
QB,2025,00-0029263,Russell Wilson,6.0,9.815042096529197,7.806666666666667,13.784269116906243,12.991138982630389,46.84,135.29318165232212,127.50857599637875,132.71333333333334,234.33257498740613,220.8493627047166,PPG
QB,2025,00-0029263,Russell Wilson,6.0,9.815042096529197,7.806666666666667,13.784269116906243,12.991138982630389,46.84,135.29318165232212,127.50857599637875,132.71333333333334,234.33257498740613,220.8493627047166,SEASON
QB,2025,00-0029604,Kirk Cousins,10.0,11.812470197497696,10.054,14.171111084396172,11.174658738003384,100.54,167.39582734985902,132.0003233098722,170.918,240.9088884347349,189.96919854605753,PPG
QB,2025,00-0029604,Kirk Cousins,10.0,11.812470197497696,10.054,14.171111084396172,11.174658738003384,100.54,167.39582734985902,132.0003233098722,170.918,240.9088884347349,189.96919854605753,SEASON
QB,2025,00-0030565,Geno Smith,15.0,13.809898298466194,11.326666666666666,15.364085377087699,15.13303650064787,169.9,212.17645650653276,208.98569502092383,192.5533333333333,261.1894514104909,257.2616205110138,PPG
QB,2025,00-0030565,Geno Smith,15.0,13.809898298466194,11.326666666666666,15.364085377087699,15.13303650064787,169.9,212.17645650653276,208.98569502092383,192.5533333333333,261.1894514104909,257.2616205110138,SEASON
QB,2025,00-0031503,Jameis Winston,3.0,9.815042096529197,10.66,11.139825924236373,11.498533188495937,31.98,109.33786039438726,112.85858729342571,181.22,189.37704071201833,195.47506420443094,PPG
QB,2025,00-0031503,Jameis Winston,3.0,9.815042096529197,10.66,11.139825924236373,11.498533188495937,31.98,109.33786039438726,112.85858729342571,181.22,189.37704071201833,195.47506420443094,SEASON
QB,2025,00-0032268,Marcus Mariota,10.0,4.4885671606132025,11.950000000000001,9.718475538872344,14.077050121800111,119.50000000000001,43.6220301550051,63.18578489501806,203.15,165.21408416082986,239.3098520706019,PPG
QB,2025,00-0032268,Marcus Mariota,10.0,4.4885671606132025,11.950000000000001,9.718475538872344,14.077050121800111,119.50000000000001,43.6220301550051,63.18578489501806,203.15,165.21408416082986,239.3098520706019,SEASON
QB,2025,00-0032434,Brandon Allen,1.0,4.4885671606132025,0.8799999999999999,4.3873434177875605,5.204641600093623,0.8799999999999999,19.692885587413734,23.36138336894159,14.959999999999997,74.58483810238853,88.4789072015916,PPG
QB,2025,00-0032434,Brandon Allen,1.0,4.4885671606132025,0.8799999999999999,4.3873434177875605,5.204641600093623,0.8799999999999999,19.692885587413734,23.36138336894159,14.959999999999997,74.58483810238853,88.4789072015916,SEASON
QB,2025,00-0033077,Dak Prescott,17.0,7.817613995560699,18.104705882352945,8.043167287606046,12.763503467833468,307.7800000000001,62.878377156225014,99.78014334252244,307.7800000000001,136.7338438893028,216.97955895316895,PPG
QB,2025,00-0033077,Dak Prescott,17.0,7.817613995560699,18.104705882352945,8.043167287606046,12.763503467833468,307.7800000000001,62.878377156225014,99.78014334252244,307.7800000000001,136.7338438893028,216.97955895316895,SEASON
QB,2025,00-0033106,Jared Goff,17.0,13.809898298466194,17.12117647058824,16.915106279776047,15.169468558414623,291.06000000000006,233.5958974314541,209.48881803348655,291.06000000000006,287.5568067561928,257.8809654930486,PPG
QB,2025,00-0033106,Jared Goff,17.0,13.809898298466194,17.12117647058824,16.915106279776047,15.169468558414623,291.06000000000006,233.5958974314541,209.48881803348655,291.06000000000006,287.5568067561928,257.8809654930486,SEASON
QB,2025,00-0033119,Jacoby Brissett,14.0,7.1518046285712,15.888571428571428,6.953325979414751,7.605603747495258,222.44,49.728828923542785,54.39379208441505,270.10571428571427,118.20654165005077,129.2952637074194,PPG
QB,2025,00-0033119,Jacoby Brissett,14.0,7.1518046285712,15.888571428571428,6.953325979414751,7.605603747495258,222.44,49.728828923542785,54.39379208441505,270.10571428571427,118.20654165005077,129.2952637074194,SEASON
QB,2025,00-0033319,Nick Mullens,4.0,5.154376527602701,0.19,4.525311862054812,3.416918366177783,0.76,23.325161241857394,17.612083823361335,3.23,76.9303016549318,58.08761222502231,PPG
QB,2025,00-0033319,Nick Mullens,4.0,5.154376527602701,0.19,4.525311862054812,3.416918366177783,0.76,23.325161241857394,17.612083823361335,3.23,76.9303016549318,58.08761222502231,SEASON
QB,2025,00-0033662,Cooper Rush,4.0,10.480851463518697,0.28000000000000025,11.510213641439629,9.565587524683988,1.120000000000001,120.6368394892954,100.25550200750035,4.760000000000004,195.6736319044737,162.6149879196278,PPG
QB,2025,00-0033662,Cooper Rush,4.0,10.480851463518697,0.28000000000000025,11.510213641439629,9.565587524683988,1.120000000000001,120.6368394892954,100.25550200750035,4.760000000000004,195.6736319044737,162.6149879196278,SEASON
QB,2025,00-0033869,Mitchell Trubisky,4.0,7.817613995560699,7.78,6.672093374259178,4.457067731519639,31.12,52.15985054229636,34.84363507708991,132.26,113.42558736240602,75.77015143583387,PPG
QB,2025,00-0033869,Mitchell Trubisky,4.0,7.817613995560699,7.78,6.672093374259178,4.457067731519639,31.12,52.15985054229636,34.84363507708991,132.26,113.42558736240602,75.77015143583387,SEASON
QB,2025,00-0033873,Patrick Mahomes,14.0,13.144088931476695,20.191428571428574,16.454052745391643,15.191434486969639,282.68000000000006,216.273532568636,199.67756589343097,343.25428571428574,279.71889667165794,258.2543862784839,PPG
QB,2025,00-0033873,Patrick Mahomes,14.0,13.144088931476695,20.191428571428574,16.454052745391643,15.191434486969639,282.68000000000006,216.273532568636,199.67756589343097,343.25428571428574,279.71889667165794,258.2543862784839,SEASON
QB,2025,00-0034771,Mason Rudolph,5.0,7.817613995560699,2.8,10.26717973229823,11.876739270951203,14.0,80.26484797015179,92.84776314621351,47.599999999999994,174.5420554490699,201.90456760617045,PPG
QB,2025,00-0034771,Mason Rudolph,5.0,7.817613995560699,2.8,10.26717973229823,11.876739270951203,14.0,80.26484797015179,92.84776314621351,47.599999999999994,174.5420554490699,201.90456760617045,SEASON
QB,2025,00-0034796,Lamar Jackson,13.0,13.809898298466194,16.143076923076922,21.846640036986248,20.97189572094978,209.85999999999999,301.69987707397985,289.61974703235484,274.4323076923077,371.3928806287662,356.52222725614627,PPG
QB,2025,00-0034796,Lamar Jackson,13.0,13.809898298466194,16.143076923076922,21.846640036986248,20.97189572094978,209.85999999999999,301.69987707397985,289.61974703235484,274.4323076923077,371.3928806287662,356.52222725614627,SEASON
QB,2025,00-0034855,Baker Mayfield,17.0,13.809898298466194,15.348235294117648,18.500060935179977,17.442698556741604,260.92,255.4839600302629,240.88189311940462,260.92,314.5010358980596,296.5258754646073,PPG
QB,2025,00-0034855,Baker Mayfield,17.0,13.809898298466194,15.348235294117648,18.500060935179977,17.442698556741604,260.92,255.4839600302629,240.88189311940462,260.92,314.5010358980596,296.5258754646073,SEASON
QB,2025,00-0034857,Josh Allen,16.0,13.144088931476695,22.35125,20.44482432681874,19.37942852029366,357.62,268.7285891401237,254.7249319119357,379.97125,347.56201355591855,329.45028484499227,PPG
QB,2025,00-0034857,Josh Allen,16.0,13.144088931476695,22.35125,20.44482432681874,19.37942852029366,357.62,268.7285891401237,254.7249319119357,379.97125,347.56201355591855,329.45028484499227,SEASON
QB,2025,00-0034869,Sam Darnold,17.0,13.809898298466194,13.260000000000002,16.120659786194743,15.274513621272314,225.42000000000002,222.62467215152319,210.93947966830723,225.42000000000002,274.0512163653106,259.6667315616293,PPG
QB,2025,00-0034869,Sam Darnold,17.0,13.809898298466194,13.260000000000002,16.120659786194743,15.274513621272314,225.42000000000002,222.62467215152319,210.93947966830723,225.42000000000002,274.0512163653106,259.6667315616293,SEASON
QB,2025,00-0035228,Kyler Murray,5.0,13.809898298466194,15.356000000000002,16.1284262408685,16.105290150654202,76.78,222.73192610070743,222.41241904782382,261.052,274.1832460947645,273.7899325611214,PPG
QB,2025,00-0035228,Kyler Murray,5.0,13.809898298466194,15.356000000000002,16.1284262408685,16.105290150654202,76.78,222.73192610070743,222.41241904782382,261.052,274.1832460947645,273.7899325611214,SEASON
QB,2025,00-0035289,Gardner Minshew,4.0,9.1492327295397,-0.08,10.910579560299803,9.828403593800392,-0.32,99.82343161134182,89.92235183952415,-1.36,185.47985252509665,167.08286109460667,PPG
QB,2025,00-0035289,Gardner Minshew,4.0,9.1492327295397,-0.08,10.910579560299803,9.828403593800392,-0.32,99.82343161134182,89.92235183952415,-1.36,185.47985252509665,167.08286109460667,SEASON
QB,2025,00-0035704,Drew Lock,3.0,7.1518046285712,-0.4666666666666666,6.41574557923075,10.682431208095418,-1.4,45.88415892927769,76.39866095845024,-7.933333333333333,109.06767484692274,181.6013305376221,PPG
QB,2025,00-0035704,Drew Lock,3.0,7.1518046285712,-0.4666666666666666,6.41574557923075,10.682431208095418,-1.4,45.88415892927769,76.39866095845024,-7.933333333333333,109.06767484692274,181.6013305376221,SEASON
QB,2025,00-0035710,Daniel Jones,13.0,9.1492327295397,16.80307692307692,11.076071339605866,13.63815084436711,218.43999999999994,101.33755441503861,124.77861607568305,285.6523076923076,188.29321277329973,231.84856435424086,PPG
QB,2025,00-0035710,Daniel Jones,13.0,9.1492327295397,16.80307692307692,11.076071339605866,13.63815084436711,218.43999999999994,101.33755441503861,124.77861607568305,285.6523076923076,188.29321277329973,231.84856435424086,SEASON
QB,2025,00-0035993,Tyler Huntley,5.0,5.820185894592202,8.028,9.21735480837149,12.717334433996562,40.14,53.64671844113535,74.01725048955849,136.476,156.6950317423153,216.19468537794157,PPG
QB,2025,00-0035993,Tyler Huntley,5.0,5.820185894592202,8.028,9.21735480837149,12.717334433996562,40.14,53.64671844113535,74.01725048955849,136.476,156.6950317423153,216.19468537794157,SEASON
QB,2025,00-0036212,Tua Tagovailoa,14.0,9.815042096529197,11.05,13.779891099458283,13.639534316731554,154.70000000000002,135.25021122677106,133.8726034957748,187.85000000000002,234.2581486907908,231.87208338443642,PPG
QB,2025,00-0036212,Tua Tagovailoa,14.0,9.815042096529197,11.05,13.779891099458283,13.639534316731554,154.70000000000002,135.25021122677106,133.8726034957748,187.85000000000002,234.2581486907908,231.87208338443642,SEASON
QB,2025,00-0036264,Jordan Love,15.0,12.478279564487195,15.342666666666666,13.392409852134735,13.071822269026905,230.14,167.11423417712984,163.11385269020707,260.82533333333333,227.6709674862905,222.2209785734574,PPG
QB,2025,00-0036264,Jordan Love,15.0,12.478279564487195,15.342666666666666,13.392409852134735,13.071822269026905,230.14,167.11423417712984,163.11385269020707,260.82533333333333,227.6709674862905,222.2209785734574,SEASON
QB,2025,00-0036355,Justin Herbert,16.0,13.809898298466194,17.4925,15.429622431326973,15.138916469583414,279.88,213.08151656035818,209.06689679392184,297.3725,262.3035813325585,257.36157998291804,PPG
QB,2025,00-0036355,Justin Herbert,16.0,13.809898298466194,17.4925,15.429622431326973,15.138916469583414,279.88,213.08151656035818,209.06689679392184,297.3725,262.3035813325585,257.36157998291804,SEASON
QB,2025,00-0036389,Jalen Hurts,16.0,12.478279564487195,18.378750000000004,18.913274028884576,17.72790482792498,294.06000000000006,236.0051208121768,221.21375253547018,312.4387500000001,321.5256584910378,301.3743820747247,PPG
QB,2025,00-0036389,Jalen Hurts,16.0,12.478279564487195,18.378750000000004,18.913274028884576,17.72790482792498,294.06000000000006,236.0051208121768,221.21375253547018,312.4387500000001,321.5256584910378,301.3743820747247,SEASON
QB,2025,00-0036442,Joe Burrow,8.0,13.809898298466194,16.8075,16.87305789934675,17.249534955680094,134.46,233.01521357411028,238.21432343377967,285.7275,286.84198428889476,293.2420942465616,PPG
QB,2025,00-0036442,Joe Burrow,8.0,13.809898298466194,16.8075,16.87305789934675,17.249534955680094,134.46,233.01521357411028,238.21432343377967,285.7275,286.84198428889476,293.2420942465616,SEASON
QB,2025,00-0036898,Davis Mills,6.0,5.154376527602701,11.266666666666667,5.2276219663950325,4.581229847446839,67.60000000000001,26.945131958766833,23.613383593232893,191.53333333333336,88.86957342871555,77.88090740659626,PPG
QB,2025,00-0036898,Davis Mills,6.0,5.154376527602701,11.266666666666667,5.2276219663950325,4.581229847446839,67.60000000000001,26.945131958766833,23.613383593232893,191.53333333333336,88.86957342871555,77.88090740659626,SEASON
QB,2025,00-0036945,Justin Fields,9.0,9.1492327295397,15.406666666666665,10.736881472026054,11.836147131138713,138.65999999999997,98.23422737704917,108.29166472386173,261.9133333333333,182.52698502444292,201.21450122935812,PPG
QB,2025,00-0036945,Justin Fields,9.0,9.1492327295397,15.406666666666665,10.736881472026054,11.836147131138713,138.65999999999997,98.23422737704917,108.29166472386173,261.9133333333333,182.52698502444292,201.21450122935812,SEASON
QB,2025,00-0036971,Trevor Lawrence,17.0,9.1492327295397,19.598823529411767,11.216183245170626,13.126565058159205,333.18000000000006,102.61947084722989,120.09799865654239,333.18000000000006,190.67511516790063,223.15160598870648,PPG
QB,2025,00-0036971,Trevor Lawrence,17.0,9.1492327295397,19.598823529411767,11.216183245170626,13.126565058159205,333.18000000000006,102.61947084722989,120.09799865654239,333.18000000000006,190.67511516790063,223.15160598870648,SEASON
QB,2025,00-0036972,Mac Jones,11.0,9.1492327295397,11.458181818181819,7.531107441617893,10.198465939785164,126.04,68.90385469453042,93.30813836737828,194.78909090909093,128.0288265075042,173.3739209763478,PPG
QB,2025,00-0036972,Mac Jones,11.0,9.1492327295397,11.458181818181819,7.531107441617893,10.198465939785164,126.04,68.90385469453042,93.30813836737828,194.78909090909093,128.0288265075042,173.3739209763478,SEASON
QB,2025,00-0037012,Trey Lance,4.0,5.154376527602701,3.1350000000000002,4.130366547717214,3.900472569200111,12.540000000000001,21.28946438394901,20.104504257243256,53.295,70.21623131119264,66.30803367640189,PPG
QB,2025,00-0037012,Trey Lance,4.0,5.154376527602701,3.1350000000000002,4.130366547717214,3.900472569200111,12.540000000000001,21.28946438394901,20.104504257243256,53.295,70.21623131119264,66.30803367640189,SEASON
QB,2025,00-0037834,Brock Purdy,9.0,12.478279564487195,19.375555555555554,14.999279056205504,15.506969757246656,174.38,187.16519732908992,193.5003038289719,329.3844444444444,254.98774395549356,263.61848587319315,PPG
QB,2025,00-0037834,Brock Purdy,9.0,12.478279564487195,19.375555555555554,14.999279056205504,15.506969757246656,174.38,187.16519732908992,193.5003038289719,329.3844444444444,254.98774395549356,263.61848587319315,SEASON
QB,2025,00-0038102,Kenny Pickett,6.0,5.820185894592202,1.1199999999999999,1.5277597431382763,6.518251857873348,6.719999999999999,8.8918457073392,37.93743752059387,19.04,25.971915633350697,110.81028158384692,PPG
QB,2025,00-0038102,Kenny Pickett,6.0,5.820185894592202,1.1199999999999999,1.5277597431382763,6.518251857873348,6.719999999999999,8.8918457073392,37.93743752059387,19.04,25.971915633350697,110.81028158384692,SEASON
QB,2025,00-0038128,Malik Willis,4.0,6.485995261581701,12.294999999999998,6.043505982751679,9.49102155818647,49.17999999999999,39.19815116746805,61.558720853967216,209.01499999999996,102.73960170677854,161.34736648916999,PPG
QB,2025,00-0038128,Malik Willis,4.0,6.485995261581701,12.294999999999998,6.043505982751679,9.49102155818647,49.17999999999999,39.19815116746805,61.558720853967216,209.01499999999996,102.73960170677854,161.34736648916999,SEASON
QB,2025,00-0038416,Tyson Bagent,2.0,5.154376527602701,0.79,4.329029199230305,3.4475615078113315,1.58,22.313446491819402,17.770030113329305,13.43,73.59349638691519,58.608545632792634,PPG
QB,2025,00-0038416,Tyson Bagent,2.0,5.154376527602701,0.79,4.329029199230305,3.4475615078113315,1.58,22.313446491819402,17.770030113329305,13.43,73.59349638691519,58.608545632792634,SEASON
QB,2025,00-0038579,Aidan O'Connell,1.0,8.4834233625502,4.78,10.844282198102274,10.527045981279834,4.78,91.99663694946807,89.30538781622954,81.26,184.35279736773865,178.95978168175716,PPG
QB,2025,00-0038579,Aidan O'Connell,1.0,8.4834233625502,4.78,10.844282198102274,10.527045981279834,4.78,91.99663694946807,89.30538781622954,81.26,184.35279736773865,178.95978168175716,SEASON
QB,2025,00-0038582,Clayton Tune,2.0,5.820185894592202,0.4900000000000001,5.290188980696546,2.9886847239514025,0.9800000000000002,30.789883285177133,17.39470067372514,8.330000000000002,89.93321267184128,50.80764030717384,PPG
QB,2025,00-0038582,Clayton Tune,2.0,5.820185894592202,0.4900000000000001,5.290188980696546,2.9886847239514025,0.9800000000000002,30.789883285177133,17.39470067372514,8.330000000000002,89.93321267184128,50.80764030717384,SEASON
QB,2025,00-0039150,Bryce Young,16.0,11.812470197497696,13.2525,12.74856162592978,13.548986472472768,212.04,150.5920042672583,160.046998912384,225.2925,216.72554764080624,230.33277003203705,PPG
QB,2025,00-0039150,Bryce Young,16.0,11.812470197497696,13.2525,12.74856162592978,13.548986472472768,212.04,150.5920042672583,160.046998912384,225.2925,216.72554764080624,230.33277003203705,SEASON
QB,2025,00-0039163,C.J. Stroud,14.0,13.809898298466194,14.752857142857145,13.277379922995777,12.434335581329886,206.54000000000002,183.3592664066686,171.71690978716526,250.79857142857148,225.71545869092822,211.38370488260807,PPG
QB,2025,00-0039163,C.J. Stroud,14.0,13.809898298466194,14.752857142857145,13.277379922995777,12.434335581329886,206.54000000000002,183.3592664066686,171.71690978716526,250.79857142857148,225.71545869092822,211.38370488260807,SEASON
QB,2025,00-0039164,Anthony Richardson,2.0,9.815042096529197,0.18,13.983677874118241,15.61510246451831,0.36,137.25038699877445,153.26288803086402,3.06,237.72252386001009,265.45674189681125,PPG
QB,2025,00-0039164,Anthony Richardson,2.0,9.815042096529197,0.18,13.983677874118241,15.61510246451831,0.36,137.25038699877445,153.26288803086402,3.06,237.72252386001009,265.45674189681125,SEASON
QB,2025,00-0039376,Spencer Rattler,9.0,7.1518046285712,10.46,7.737121263217683,10.364398733307407,94.14000000000001,55.33437966209688,74.12415483322539,177.82000000000002,131.5310614747006,176.19477846622593,PPG
QB,2025,00-0039376,Spencer Rattler,9.0,7.1518046285712,10.46,7.737121263217683,10.364398733307407,94.14000000000001,55.33437966209688,74.12415483322539,177.82000000000002,131.5310614747006,176.19477846622593,SEASON
QB,2025,00-0039732,Bo Nix,17.0,13.809898298466194,17.696470588235297,18.650677780525452,16.40719705140606,300.84000000000003,257.5639633465197,226.58172264281214,300.84000000000003,317.06152226893266,278.92234987390304,PPG
QB,2025,00-0039732,Bo Nix,17.0,13.809898298466194,17.696470588235297,18.650677780525452,16.40719705140606,300.84000000000003,257.5639633465197,226.58172264281214,300.84000000000003,317.06152226893266,278.92234987390304,SEASON
QB,2025,00-0039851,Drake Maye,17.0,11.146660830508196,20.162352941176472,13.31676879529177,13.773006098792433,342.76000000000005,148.4375051194126,153.5230275997601,342.76000000000005,226.3850695199601,234.14110367947134,PPG
QB,2025,00-0039851,Drake Maye,17.0,11.146660830508196,20.162352941176472,13.31676879529177,13.773006098792433,342.76000000000005,148.4375051194126,153.5230275997601,342.76000000000005,226.3850695199601,234.14110367947134,SEASON
QB,2025,00-0039910,Jayden Daniels,7.0,13.809898298466194,15.897142857142855,21.68032979493041,20.079988174815178,111.27999999999999,299.40314954519545,277.30259452860145,270.25142857142856,368.565606513817,341.359798971858,PPG
QB,2025,00-0039910,Jayden Daniels,7.0,13.809898298466194,15.897142857142855,21.68032979493041,20.079988174815178,111.27999999999999,299.40314954519545,277.30259452860145,270.25142857142856,368.565606513817,341.359798971858,SEASON
QB,2025,00-0039917,Michael Penix Jr.,9.0,5.820185894592202,12.92,6.297420406032279,8.937194496129402,116.28,36.65215741950616,52.01613334359941,219.64,107.05614690254873,151.93230643419983,PPG
QB,2025,00-0039917,Michael Penix Jr.,9.0,5.820185894592202,12.92,6.297420406032279,8.937194496129402,116.28,36.65215741950616,52.01613334359941,219.64,107.05614690254873,151.93230643419983,SEASON
QB,2025,00-0039918,Caleb Williams,17.0,13.809898298466194,17.67529411764706,16.290204950069377,14.109566304764428,300.48,224.96607362162868,194.85167570426222,300.48,276.9334841511794,239.86262718099528,PPG
QB,2025,00-0039918,Caleb Williams,17.0,13.809898298466194,17.67529411764706,16.290204950069377,14.109566304764428,300.48,224.96607362162868,194.85167570426222,300.48,276.9334841511794,239.86262718099528,SEASON
RB,2022,00-0027966,Mark Ingram,10.0,11.44338065792474,4.8100000000000005,7.541755182285925,7.89123671662791,48.10000000000001,86.30317537977443,90.30242561016536,81.77000000000001,128.20983809886073,134.15102418267446,PPG
RB,2022,00-0027966,Mark Ingram,10.0,11.44338065792474,4.8100000000000005,7.541755182285925,7.89123671662791,48.10000000000001,86.30317537977443,90.30242561016536,81.77000000000001,128.20983809886073,134.15102418267446,SEASON
RB,2022,00-0028063,Taiwan Jones,7.0,8.351572880775356,0.0,1.5612635545442899,1.7455458199896936,0.0,13.039006361875026,14.578053132376706,0.0,26.541480427252928,29.67427893982479,PPG
RB,2022,00-0028063,Taiwan Jones,7.0,8.351572880775356,0.0,1.5612635545442899,1.7455458199896936,0.0,13.039006361875026,14.578053132376706,0.0,26.541480427252928,29.67427893982479,SEASON
RB,2022,00-0029239,Brandon Bolden,13.0,12.326754308538849,2.0999999999999996,7.47491376522409,7.378170304568077,27.299999999999997,92.1414254614324,90.94889259096794,35.699999999999996,127.07353400880953,125.42889517765731,PPG
RB,2022,00-0029239,Brandon Bolden,13.0,12.326754308538849,2.0999999999999996,7.47491376522409,7.378170304568077,27.299999999999997,92.1414254614324,90.94889259096794,35.699999999999996,127.07353400880953,125.42889517765731,SEASON
RB,2022,00-0030288,Rex Burkhead,15.0,11.885067483231794,4.76,5.921339403857772,6.840866340996506,71.39999999999999,70.37551840596913,81.30415810651243,80.92,100.66276986558212,116.2947277969406,PPG
RB,2022,00-0030288,Rex Burkhead,15.0,11.885067483231794,4.76,5.921339403857772,6.840866340996506,71.39999999999999,70.37551840596913,81.30415810651243,80.92,100.66276986558212,116.2947277969406,SEASON
RB,2022,00-0030456,Giovani Bernard,4.0,9.67663335669652,0.9500000000000002,6.729187808685905,6.196733685431628,3.8000000000000007,65.11588321300559,59.96351988301265,16.150000000000002,114.3961927476604,105.34447265233767,PPG
RB,2022,00-0030456,Giovani Bernard,4.0,9.67663335669652,0.9500000000000002,6.729187808685905,6.196733685431628,3.8000000000000007,65.11588321300559,59.96351988301265,16.150000000000002,114.3961927476604,105.34447265233767,SEASON
RB,2022,00-0030513,Latavius Murray,13.0,11.44338065792474,11.784615384615385,6.816704744829762,6.751403061317564,153.20000000000002,78.0061472277687,77.2588752057353,200.33846153846156,115.88398066210596,114.77385204239859,PPG
RB,2022,00-0030513,Latavius Murray,13.0,11.44338065792474,11.784615384615385,6.816704744829762,6.751403061317564,153.20000000000002,78.0061472277687,77.2588752057353,200.33846153846156,115.88398066210596,114.77385204239859,SEASON
RB,2022,00-0030578,Cordarrelle Patterson,13.0,12.326754308538849,11.361538461538462,11.76316463099011,11.633552089216295,147.70000000000002,145.00164029710913,143.4039383393581,193.14615384615385,199.97379872683186,197.770385516677,PPG
RB,2022,00-0030578,Cordarrelle Patterson,13.0,12.326754308538849,11.361538461538462,11.76316463099011,11.633552089216295,147.70000000000002,145.00164029710913,143.4039383393581,193.14615384615385,199.97379872683186,197.770385516677,SEASON
RB,2022,00-0030874,Damien Williams,1.0,10.56000700731063,0.2,5.258267826120982,5.089639324997764,0.2,55.5273450901536,53.74662693666013,3.4000000000000004,89.3905530440567,86.52386852496198,PPG
RB,2022,00-0030874,Damien Williams,1.0,10.56000700731063,0.2,5.258267826120982,5.089639324997764,0.2,55.5273450901536,53.74662693666013,3.4000000000000004,89.3905530440567,86.52386852496198,SEASON
RB,2022,00-0031376,Jerick McKinnon,17.0,9.234946531389465,11.488235294117647,5.632868064615406,4.484901238793554,195.3,52.019235395094526,41.41782313882084,195.3,95.7587570984619,76.24332105949041,PPG
RB,2022,00-0031376,Jerick McKinnon,17.0,9.234946531389465,11.488235294117647,5.632868064615406,4.484901238793554,195.3,52.019235395094526,41.41782313882084,195.3,95.7587570984619,76.24332105949041,SEASON
RB,2022,00-0031806,Malcolm Brown,7.0,7.9098860554683,3.257142857142857,3.955154171014417,4.375581371848942,22.8,31.284818824534224,34.6103500777548,55.371428571428574,67.23762090724509,74.38488332143201,PPG
RB,2022,00-0031806,Malcolm Brown,7.0,7.9098860554683,3.257142857142857,3.955154171014417,4.375581371848942,22.8,31.284818824534224,34.6103500777548,55.371428571428574,67.23762090724509,74.38488332143201,SEASON
RB,2022,00-0032058,Tevin Coleman,2.0,10.118320182003576,11.0,5.601818782806977,5.923193530193143,22.0,56.68099604600254,59.932768638466285,187.0,95.23091930771861,100.69429001328344,PPG
RB,2022,00-0032058,Tevin Coleman,2.0,10.118320182003576,11.0,5.601818782806977,5.923193530193143,22.0,56.68099604600254,59.932768638466285,187.0,95.23091930771861,100.69429001328344,SEASON
RB,2022,00-0032063,Mike Davis,5.0,12.768441133845904,0.6400000000000001,8.259969709051768,8.180738198662787,3.2000000000000006,105.46693699737779,104.45527412103039,10.880000000000003,140.41948505388007,139.0725493772674,PPG
RB,2022,00-0032063,Mike Davis,5.0,12.768441133845904,0.6400000000000001,8.259969709051768,8.180738198662787,3.2000000000000006,105.46693699737779,104.45527412103039,10.880000000000003,140.41948505388007,139.0725493772674,SEASON
RB,2022,00-0032104,Ameer Abdullah,16.0,12.768441133845904,3.38125,6.74200012421973,6.020850417907273,54.1,86.0848317104814,76.87687413674053,57.48125,114.6140021117354,102.35445710442363,PPG
RB,2022,00-0032104,Ameer Abdullah,16.0,12.768441133845904,3.38125,6.74200012421973,6.020850417907273,54.1,86.0848317104814,76.87687413674053,57.48125,114.6140021117354,102.35445710442363,SEASON
RB,2022,00-0032144,Melvin Gordon,10.0,12.326754308538849,8.21,10.669637129888129,10.467608983513385,82.10000000000001,131.52199546139457,129.03164413762357,139.57000000000002,181.38383120809817,177.94935271972753,PPG
RB,2022,00-0032144,Melvin Gordon,10.0,12.326754308538849,8.21,10.669637129888129,10.467608983513385,82.10000000000001,131.52199546139457,129.03164413762357,139.57000000000002,181.38383120809817,177.94935271972753,SEASON
RB,2022,00-0032187,David Johnson,4.0,11.001693832617685,2.0250000000000004,7.559348713577733,6.992064358242526,8.100000000000001,83.16564012077457,76.92455132734273,34.425000000000004,128.50892813082146,118.86509409012295,PPG
RB,2022,00-0032187,David Johnson,4.0,11.001693832617685,2.0250000000000004,7.559348713577733,6.992064358242526,8.100000000000001,83.16564012077457,76.92455132734273,34.425000000000004,128.50892813082146,118.86509409012295,SEASON
RB,2022,00-0032257,Duke Johnson,1.0,7.468199230161245,0.4,9.13091672909091,10.146017338592161,0.4,68.19150528686316,75.77247887727663,6.800000000000001,155.22558439454545,172.48229475606675,PPG
RB,2022,00-0032257,Duke Johnson,1.0,7.468199230161245,0.4,9.13091672909091,10.146017338592161,0.4,68.19150528686316,75.77247887727663,6.800000000000001,155.22558439454545,172.48229475606675,SEASON
RB,2022,00-0032450,Dwayne Washington,7.0,8.79325970608241,0.7857142857142858,1.9920986333714585,2.2125120113820067,5.500000000000001,17.517040643367082,19.455192718908744,13.35714285714286,33.865676767314795,37.61270419349411,PPG
RB,2022,00-0032450,Dwayne Washington,7.0,8.79325970608241,0.7857142857142858,1.9920986333714585,2.2125120113820067,5.500000000000001,17.517040643367082,19.455192718908744,13.35714285714286,33.865676767314795,37.61270419349411,SEASON
RB,2022,00-0032602,J.D. McKissic,8.0,10.118320182003576,6.975,9.924987144995377,9.814582807672672,55.8,100.42419773533277,99.3070913008197,118.57499999999999,168.72478146492142,166.84790773043542,PPG
RB,2022,00-0032602,J.D. McKissic,8.0,10.118320182003576,6.975,9.924987144995377,9.814582807672672,55.8,100.42419773533277,99.3070913008197,118.57499999999999,168.72478146492142,166.84790773043542,SEASON
RB,2022,00-0032764,Derrick Henry,16.0,8.79325970608241,18.2875,17.47611923859052,18.117319889019313,292.6,153.67205511938963,159.31029896231897,310.88750000000005,297.09402705603884,307.99443811332833,PPG
RB,2022,00-0032764,Derrick Henry,16.0,8.79325970608241,18.2875,17.47611923859052,18.117319889019313,292.6,153.67205511938963,159.31029896231897,310.88750000000005,297.09402705603884,307.99443811332833,SEASON
RB,2022,00-0032780,Jordan Howard,1.0,8.351572880775356,0.1,8.1592367082349,8.52260756750779,0.1,68.14246002032138,71.17717823428889,1.7000000000000002,138.7070240399933,144.88432864763246,PPG
RB,2022,00-0032780,Jordan Howard,1.0,8.351572880775356,0.1,8.1592367082349,8.52260756750779,0.1,68.14246002032138,71.17717823428889,1.7000000000000002,138.7070240399933,144.88432864763246,SEASON
RB,2022,00-0032975,Jonathan Williams,9.0,7.468199230161245,2.9111111111111114,3.83570188491739,4.748252492625614,26.200000000000003,28.64578586406809,35.460895610037824,49.488888888888894,65.20693204359563,80.72029237463543,PPG
RB,2022,00-0032975,Jonathan Williams,9.0,7.468199230161245,2.9111111111111114,3.83570188491739,4.748252492625614,26.200000000000003,28.64578586406809,35.460895610037824,49.488888888888894,65.20693204359563,80.72029237463543,SEASON
RB,2022,00-0033045,Ezekiel Elliott,15.0,12.768441133845904,12.386666666666667,12.305483576176387,11.895245925457374,185.8,157.12184266591578,151.88374737182284,210.57333333333332,209.19322079499858,202.21918073277536,PPG
RB,2022,00-0033045,Ezekiel Elliott,15.0,12.768441133845904,12.386666666666667,12.305483576176387,11.895245925457374,185.8,157.12184266591578,151.88374737182284,210.57333333333332,209.19322079499858,202.21918073277536,SEASON
RB,2022,00-0033118,Kenyan Drake,12.0,10.56000700731063,8.591666666666667,8.109664019132342,8.554563746326904,103.1,85.63810886897241,90.33625310569758,146.05833333333334,137.86428832524982,145.42758368755736,PPG
RB,2022,00-0033118,Kenyan Drake,12.0,10.56000700731063,8.591666666666667,8.109664019132342,8.554563746326904,103.1,85.63810886897241,90.33625310569758,146.05833333333334,137.86428832524982,145.42758368755736,SEASON
RB,2022,00-0033280,Christian McCaffrey,17.0,8.351572880775356,20.588235294117645,14.189187445756193,15.575713816121741,349.99999999999994,118.50203307221557,130.08170910544035,349.99999999999994,241.2161865778553,264.7871348740696,PPG
RB,2022,00-0033280,Christian McCaffrey,17.0,8.351572880775356,20.588235294117645,14.189187445756193,15.575713816121741,349.99999999999994,118.50203307221557,130.08170910544035,349.99999999999994,241.2161865778553,264.7871348740696,SEASON
RB,2022,00-0033293,Aaron Jones,17.0,11.885067483231794,14.329411764705881,12.92427452035427,12.654927880575215,243.59999999999997,153.6058748462237,150.40467185606792,243.59999999999997,219.71266684602259,215.13377396977864,PPG
RB,2022,00-0033293,Aaron Jones,17.0,11.885067483231794,14.329411764705881,12.92427452035427,12.654927880575215,243.59999999999997,153.6058748462237,150.40467185606792,243.59999999999997,219.71266684602259,215.13377396977864,SEASON
RB,2022,00-0033308,Matt Breida,17.0,8.351572880775356,3.5176470588235293,6.3410425873048215,6.243245332063852,59.8,52.95767930797654,52.1409184032918,59.8,107.79772398418197,106.13517064508548,PPG
RB,2022,00-0033308,Matt Breida,17.0,8.351572880775356,3.5176470588235293,6.3410425873048215,6.243245332063852,59.8,52.95767930797654,52.1409184032918,59.8,107.79772398418197,106.13517064508548,SEASON
RB,2022,00-0033376,Patrick Ricard,13.0,8.79325970608241,1.5384615384615385,3.5314552189243043,4.240835139367802,20.0,31.053002880401518,37.290764751141275,26.153846153846157,60.034738721713175,72.09419736925264,PPG
RB,2022,00-0033376,Patrick Ricard,13.0,8.79325970608241,1.5384615384615385,3.5314552189243043,4.240835139367802,20.0,31.053002880401518,37.290764751141275,26.153846153846157,60.034738721713175,72.09419736925264,SEASON
RB,2022,00-0033526,Samaje Perine,16.0,11.885067483231794,8.881250000000001,6.58023384173451,5.828490025907962,142.10000000000002,78.20652326446026,69.27199728325955,150.98125000000002,111.86397530948668,99.08433044043537,PPG
RB,2022,00-0033526,Samaje Perine,16.0,11.885067483231794,8.881250000000001,6.58023384173451,5.828490025907962,142.10000000000002,78.20652326446026,69.27199728325955,150.98125000000002,111.86397530948668,99.08433044043537,SEASON
RB,2022,00-0033553,James Conner,13.0,11.885067483231794,15.16923076923077,12.529446064519444,12.967361748398936,197.20000000000002,148.9133120043266,154.11796945919997,257.8769230769231,213.00058309683055,220.4451497227819,PPG
RB,2022,00-0033553,James Conner,13.0,11.885067483231794,15.16923076923077,12.529446064519444,12.967361748398936,197.20000000000002,148.9133120043266,154.11796945919997,257.8769230769231,213.00058309683055,220.4451497227819,SEASON
RB,2022,00-0033699,Austin Ekeler,17.0,12.326754308538849,21.629411764705882,16.22763154379356,15.7253300015903,367.7,200.0340270498382,193.84227935029847,367.7,275.8697362444905,267.3306100270351,PPG
RB,2022,00-0033699,Austin Ekeler,17.0,12.326754308538849,21.629411764705882,16.22763154379356,15.7253300015903,367.7,200.0340270498382,193.84227935029847,367.7,275.8697362444905,267.3306100270351,SEASON
RB,2022,00-0033725,Corey Clement,5.0,10.118320182003576,4.380000000000001,4.609869844053324,3.5882764415158364,21.900000000000006,46.64413907949442,36.30732993679766,74.46000000000001,78.3677873489065,61.00069950576922,PPG
RB,2022,00-0033725,Corey Clement,5.0,10.118320182003576,4.380000000000001,4.609869844053324,3.5882764415158364,21.900000000000006,46.64413907949442,36.30732993679766,74.46000000000001,78.3677873489065,61.00069950576922,SEASON
RB,2022,00-0033854,Dare Ogunbowale,15.0,11.001693832617685,3.246666666666666,4.490010065980333,4.545018766971601,48.69999999999999,49.397716051287155,50.002904937723095,55.19333333333333,76.33017112166566,77.2653190385172,PPG
RB,2022,00-0033854,Dare Ogunbowale,15.0,11.001693832617685,3.246666666666666,4.490010065980333,4.545018766971601,48.69999999999999,49.397716051287155,50.002904937723095,55.19333333333333,76.33017112166566,77.2653190385172,SEASON
RB,2022,00-0033856,Leonard Fournette,16.0,11.44338065792474,14.256250000000001,14.404039325341865,14.464200317019076,228.10000000000002,164.83090501160441,165.51935014012497,242.35625000000002,244.8686685308117,245.8914053893243,PPG
RB,2022,00-0033856,Leonard Fournette,16.0,11.44338065792474,14.256250000000001,14.404039325341865,14.464200317019076,228.10000000000002,164.83090501160441,165.51935014012497,242.35625000000002,244.8686685308117,245.8914053893243,SEASON
RB,2022,00-0033893,Dalvin Cook,17.0,11.001693832617685,13.75294117647059,12.852813444768836,13.552067694079433,233.8,141.40271840709897,149.09569956917107,233.8,218.4978285610702,230.38515079935036,PPG
RB,2022,00-0033893,Dalvin Cook,17.0,11.001693832617685,13.75294117647059,12.852813444768836,13.552067694079433,233.8,141.40271840709897,149.09569956917107,233.8,218.4978285610702,230.38515079935036,SEASON
RB,2022,00-0033897,Joe Mixon,14.0,12.326754308538849,17.107142857142858,14.128950797439304,13.826006239151933,239.5,174.16410511746835,170.4297819783511,290.82142857142856,240.19216355646816,235.04210606558286,PPG
RB,2022,00-0033897,Joe Mixon,14.0,12.326754308538849,17.107142857142858,14.128950797439304,13.826006239151933,239.5,174.16410511746835,170.4297819783511,290.82142857142856,240.19216355646816,235.04210606558286,SEASON
RB,2022,00-0033906,Alvin Kamara,15.0,11.001693832617685,13.846666666666666,14.153718878587252,14.547015502519974,207.7,155.71488169515786,160.04181073706783,235.39333333333332,240.6132209359833,247.29926354283955,PPG
RB,2022,00-0033906,Alvin Kamara,15.0,11.001693832617685,13.846666666666666,14.153718878587252,14.547015502519974,207.7,155.71488169515786,160.04181073706783,235.39333333333332,240.6132209359833,247.29926354283955,SEASON
RB,2022,00-0033923,Kareem Hunt,17.0,8.79325970608241,7.4,11.570539443111441,11.567104410701575,125.80000000000001,101.74275826274904,101.71255313067027,125.80000000000001,196.6991705328945,196.64077498192677,PPG
RB,2022,00-0033923,Kareem Hunt,17.0,8.79325970608241,7.4,11.570539443111441,11.567104410701575,125.80000000000001,101.74275826274904,101.71255313067027,125.80000000000001,196.6991705328945,196.64077498192677,SEASON
RB,2022,00-0033925,D'Onta Foreman,16.0,9.234946531389465,8.125,8.829132643092391,9.540951585119398,130.0,81.53656787750357,88.1101777471532,138.125,150.09525493257064,162.19617694702976,PPG
RB,2022,00-0033925,D'Onta Foreman,16.0,9.234946531389465,8.125,8.829132643092391,9.540951585119398,130.0,81.53656787750357,88.1101777471532,138.125,150.09525493257064,162.19617694702976,SEASON
RB,2022,00-0033948,Jamaal Williams,17.0,11.001693832617685,13.111764705882354,8.811053179364102,8.910759494910005,222.90000000000003,96.93650942227647,98.03344777909088,222.90000000000003,149.78790404918973,151.48291141347008,PPG
RB,2022,00-0033948,Jamaal Williams,17.0,11.001693832617685,13.111764705882354,8.811053179364102,8.910759494910005,222.90000000000003,96.93650942227647,98.03344777909088,222.90000000000003,149.78790404918973,151.48291141347008,SEASON
RB,2022,00-0033951,Marlon Mack,7.0,7.468199230161245,5.4714285714285715,3.7604968474586555,3.9588305163378186,38.3,28.084139661214518,29.56533501445294,93.01428571428572,63.92844640679714,67.30011877774291,PPG
RB,2022,00-0033951,Marlon Mack,7.0,7.468199230161245,5.4714285714285715,3.7604968474586555,3.9588305163378186,38.3,28.084139661214518,29.56533501445294,93.01428571428572,63.92844640679714,67.30011877774291,SEASON
RB,2022,00-0034109,Phillip Lindsay,3.0,11.44338065792474,4.933333333333334,4.616227007199718,4.483462752555312,14.8,52.825242846779055,51.305970943117465,83.86666666666667,78.47585912239519,76.2188667934403,PPG
RB,2022,00-0034109,Phillip Lindsay,3.0,11.44338065792474,4.933333333333334,4.616227007199718,4.483462752555312,14.8,52.825242846779055,51.305970943117465,83.86666666666667,78.47585912239519,76.2188667934403,SEASON
RB,2022,00-0034115,Jeff Wilson,16.0,8.79325970608241,9.71875,5.329122516701848,6.150124780320053,155.5,46.860358294890844,54.07964441816725,165.21875,90.59508278393142,104.5521212654409,PPG
RB,2022,00-0034115,Jeff Wilson,16.0,8.79325970608241,9.71875,5.329122516701848,6.150124780320053,155.5,46.860358294890844,54.07964441816725,165.21875,90.59508278393142,104.5521212654409,SEASON
RB,2022,00-0034164,Trenton Cannon,1.0,9.67663335669652,0.0,1.5472588871872752,1.7760784928184041,0.0,14.972256959201525,17.18646038771785,0.0,26.30340108218368,30.19333437791287,PPG
RB,2022,00-0034164,Trenton Cannon,1.0,9.67663335669652,0.0,1.5472588871872752,1.7760784928184041,0.0,14.972256959201525,17.18646038771785,0.0,26.30340108218368,30.19333437791287,SEASON
RB,2022,00-0034208,Mike Boone,8.0,6.584825579547136,3.6000000000000005,3.4258930675104335,3.8027497546881124,28.800000000000004,22.558908303735905,25.040443857286878,61.20000000000001,58.24018214767737,64.6467458296979,PPG
RB,2022,00-0034208,Mike Boone,8.0,6.584825579547136,3.6000000000000005,3.4258930675104335,3.8027497546881124,28.800000000000004,22.558908303735905,25.040443857286878,61.20000000000001,58.24018214767737,64.6467458296979,SEASON
RB,2022,00-0034253,Dontrell Hilliard,12.0,8.79325970608241,6.433333333333334,8.573407463018246,8.87976938201839,77.2,75.38819838838455,78.08211830620661,109.36666666666667,145.74792687131017,150.95607949431263,PPG
RB,2022,00-0034253,Dontrell Hilliard,12.0,8.79325970608241,6.433333333333334,8.573407463018246,8.87976938201839,77.2,75.38819838838455,78.08211830620661,109.36666666666667,145.74792687131017,150.95607949431263,SEASON
RB,2022,00-0034301,Darrel Williams,5.0,12.768441133845904,4.220000000000001,9.998842006057771,9.779123791704478,21.1,127.66962556097434,124.86416647497059,71.74000000000001,169.9803141029821,166.24510445897613,PPG
RB,2022,00-0034301,Darrel Williams,5.0,12.768441133845904,4.220000000000001,9.998842006057771,9.779123791704478,21.1,127.66962556097434,124.86416647497059,71.74000000000001,169.9803141029821,166.24510445897613,SEASON
RB,2022,00-0034367,Nyheim Hines,16.0,12.768441133845904,4.3374999999999995,7.83067903501052,6.819803310441012,69.39999999999999,99.98556429657307,87.07825711377349,73.7375,133.12154359517885,115.9366562774972,PPG
RB,2022,00-0034367,Nyheim Hines,16.0,12.768441133845904,4.3374999999999995,7.83067903501052,6.819803310441012,69.39999999999999,99.98556429657307,87.07825711377349,73.7375,133.12154359517885,115.9366562774972,SEASON
RB,2022,00-0034414,Boston Scott,15.0,10.118320182003576,3.08,7.827868143517038,8.060612163874957,46.2,79.2048762186113,81.55985473703949,52.36,133.07375843978966,137.03040678587428,PPG
RB,2022,00-0034414,Boston Scott,15.0,10.118320182003576,3.08,7.827868143517038,8.060612163874957,46.2,79.2048762186113,81.55985473703949,52.36,133.07375843978966,137.03040678587428,SEASON
RB,2022,00-0034440,Justin Jackson,15.0,11.44338065792474,3.406666666666667,6.241256379060011,6.733851936408676,51.10000000000001,71.42107252928473,77.05803100242811,57.91333333333334,106.10135844402018,114.4754829189475,PPG
RB,2022,00-0034440,Justin Jackson,15.0,11.44338065792474,3.406666666666667,6.241256379060011,6.733851936408676,51.10000000000001,71.42107252928473,77.05803100242811,57.91333333333334,106.10135844402018,114.4754829189475,SEASON
RB,2022,00-0034614,Godwin Igwebuike,5.0,11.885067483231794,0.34,4.090241122415483,3.1488003470151678,1.7000000000000002,48.612791762597766,37.423704615498956,5.78,69.5340990810632,53.52960589925785,PPG
RB,2022,00-0034614,Godwin Igwebuike,5.0,11.885067483231794,0.34,4.090241122415483,3.1488003470151678,1.7000000000000002,48.612791762597766,37.423704615498956,5.78,69.5340990810632,53.52960589925785,SEASON
RB,2022,00-0034681,Chase Edmonds,13.0,10.56000700731063,5.707692307692309,10.293801854956376,10.610333120485251,74.20000000000002,108.70261972020648,112.0451921022243,97.03076923076925,174.9946315342584,180.37566304824927,PPG
RB,2022,00-0034681,Chase Edmonds,13.0,10.56000700731063,5.707692307692309,10.293801854956376,10.610333120485251,74.20000000000002,108.70261972020648,112.0451921022243,97.03076923076925,174.9946315342584,180.37566304824927,SEASON
RB,2022,00-0034750,Rashaad Penny,5.0,9.67663335669652,10.240000000000002,10.583943693042787,10.737291886379413,51.20000000000001,102.41694258549559,103.90083682832594,174.08000000000004,179.92704278172738,182.53396206845002,PPG
RB,2022,00-0034750,Rashaad Penny,5.0,9.67663335669652,10.240000000000002,10.583943693042787,10.737291886379413,51.20000000000001,102.41694258549559,103.90083682832594,174.08000000000004,179.92704278172738,182.53396206845002,SEASON
RB,2022,00-0034791,Nick Chubb,17.0,11.44338065792474,16.494117647058825,12.645772030744027,12.375163141159865,280.40000000000003,144.71038306114187,141.61370252821197,280.40000000000003,214.97812452264844,210.3777733997177,PPG
RB,2022,00-0034791,Nick Chubb,17.0,11.44338065792474,16.494117647058825,12.645772030744027,12.375163141159865,280.40000000000003,144.71038306114187,141.61370252821197,280.40000000000003,214.97812452264844,210.3777733997177,SEASON
RB,2022,00-0034816,Ronald Jones,5.0,11.885067483231794,3.24,5.872417136408321,5.732277983548326,16.200000000000003,69.79407395589969,68.12851066711572,55.080000000000005,99.83109131894145,97.44872572032155,PPG
RB,2022,00-0034816,Ronald Jones,5.0,11.885067483231794,3.24,5.872417136408321,5.732277983548326,16.200000000000003,69.79407395589969,68.12851066711572,55.080000000000005,99.83109131894145,97.44872572032155,SEASON
RB,2022,00-0034838,Royce Freeman,4.0,10.56000700731063,4.5,4.259504383502904,4.162450479511359,18.0,44.98039613746101,43.955506231223445,76.5,72.41157451954936,70.76165815169311,PPG
RB,2022,00-0034838,Royce Freeman,4.0,10.56000700731063,4.5,4.259504383502904,4.162450479511359,18.0,44.98039613746101,43.955506231223445,76.5,72.41157451954936,70.76165815169311,SEASON
RB,2022,00-0034844,Saquon Barkley,16.0,11.001693832617685,17.6875,9.984467223639411,10.23291041475946,283.0,109.84605147628713,112.57934739978842,300.6875,169.73594280186998,173.9594770509108,PPG
RB,2022,00-0034844,Saquon Barkley,16.0,11.001693832617685,17.6875,9.984467223639411,10.23291041475946,283.0,109.84605147628713,112.57934739978842,300.6875,169.73594280186998,173.9594770509108,SEASON
RB,2022,00-0034845,Sony Michel,10.0,12.768441133845904,2.49,7.2340909251601975,7.8308548802404125,24.900000000000002,92.36806413479684,99.98780956603963,42.330000000000005,122.97954572772336,133.12453296408702,PPG
RB,2022,00-0034845,Sony Michel,10.0,12.768441133845904,2.49,7.2340909251601975,7.8308548802404125,24.900000000000002,92.36806413479684,99.98780956603963,42.330000000000005,122.97954572772336,133.12453296408702,SEASON
RB,2022,00-0034972,Alexander Mattison,17.0,12.326754308538849,5.2,7.554862047974008,7.708005519570046,88.4,93.12692830028023,95.01469024860128,88.4,128.43265481555812,131.03609383269077,PPG
RB,2022,00-0034972,Alexander Mattison,17.0,12.326754308538849,5.2,7.554862047974008,7.708005519570046,88.4,93.12692830028023,95.01469024860128,88.4,128.43265481555812,131.03609383269077,SEASON
RB,2022,00-0035217,Benny Snell,9.0,12.326754308538849,2.0777777777777775,2.787328315851099,2.4187949989044926,18.699999999999996,34.35871132672987,29.815891674218175,35.322222222222216,47.384581369468684,41.119514981376376,PPG
RB,2022,00-0035217,Benny Snell,9.0,12.326754308538849,2.0777777777777775,2.787328315851099,2.4187949989044926,18.699999999999996,34.35871132672987,29.815891674218175,35.322222222222216,47.384581369468684,41.119514981376376,SEASON
RB,2022,00-0035243,Miles Sanders,17.0,10.56000700731063,12.629411764705884,9.489211897907422,9.569661975512663,214.70000000000002,100.20614413575777,101.0556975190078,214.70000000000002,161.31660226442617,162.68425358371528,PPG
RB,2022,00-0035243,Miles Sanders,17.0,10.56000700731063,12.629411764705884,9.489211897907422,9.569661975512663,214.70000000000002,100.20614413575777,101.0556975190078,214.70000000000002,161.31660226442617,162.68425358371528,SEASON
RB,2022,00-0035250,Devin Singletary,16.0,12.768441133845904,10.93125,9.900824537766997,10.178012336219464,174.9,126.41809528701499,129.95735137457564,185.83125,168.31401714203895,173.0262097157309,PPG
RB,2022,00-0035250,Devin Singletary,16.0,12.768441133845904,10.93125,9.900824537766997,10.178012336219464,174.9,126.41809528701499,129.95735137457564,185.83125,168.31401714203895,173.0262097157309,SEASON
RB,2022,00-0035261,Tony Pollard,16.0,11.885067483231794,15.55,10.186859030717129,9.695537668230445,248.8,121.07150702224229,115.23211947313467,264.35,173.1766035221912,164.82414035991758,PPG
RB,2022,00-0035261,Tony Pollard,16.0,11.885067483231794,15.55,10.186859030717129,9.695537668230445,248.8,121.07150702224229,115.23211947313467,264.35,173.1766035221912,164.82414035991758,SEASON
RB,2022,00-0035273,Qadree Ollison,2.0,7.9098860554683,0.0,4.457769211901573,4.8863775503361,0.0,35.26044652771616,38.65068964715687,0.0,75.78207660232674,83.0684183557137,PPG
RB,2022,00-0035273,Qadree Ollison,2.0,7.9098860554683,0.0,4.457769211901573,4.8863775503361,0.0,35.26044652771616,38.65068964715687,0.0,75.78207660232674,83.0684183557137,SEASON
RB,2022,00-0035291,Trayveon Williams,7.0,7.026512404854191,1.1428571428571428,2.3402926637234964,3.063443157189359,8.0,16.444095432642406,21.52532134555672,19.428571428571427,39.78497528329944,52.0785336722191,PPG
RB,2022,00-0035291,Trayveon Williams,7.0,7.026512404854191,1.1428571428571428,2.3402926637234964,3.063443157189359,8.0,16.444095432642406,21.52532134555672,19.428571428571427,39.78497528329944,52.0785336722191,SEASON
RB,2022,00-0035304,Cullen Gillaspia,4.0,7.026512404854191,0.0,1.38411192411845,1.7455458199896936,0.0,9.725479604524892,12.265099357398963,0.0,23.52990271001365,29.67427893982479,PPG
RB,2022,00-0035304,Cullen Gillaspia,4.0,7.026512404854191,0.0,1.38411192411845,1.7455458199896936,0.0,9.725479604524892,12.265099357398963,0.0,23.52990271001365,29.67427893982479,SEASON
RB,2022,00-0035311,Myles Gaskin,2.0,12.768441133845904,4.7,9.227087980656918,8.739164387936157,9.4,117.81552971783493,111.58550604636528,79.9,156.8604956711676,148.56579459491468,PPG
RB,2022,00-0035311,Myles Gaskin,2.0,12.768441133845904,4.7,9.227087980656918,8.739164387936157,9.4,117.81552971783493,111.58550604636528,79.9,156.8604956711676,148.56579459491468,SEASON
RB,2022,00-0035537,Ty Johnson,12.0,11.885067483231794,3.566666666666667,7.75013905163511,7.902763811673406,42.800000000000004,92.11092563311334,93.92488120578054,60.63333333333334,131.75236387779688,134.3469847984479,PPG
RB,2022,00-0035537,Ty Johnson,12.0,11.885067483231794,3.566666666666667,7.75013905163511,7.902763811673406,42.800000000000004,92.11092563311334,93.92488120578054,60.63333333333334,131.75236387779688,134.3469847984479,SEASON
RB,2022,00-0035567,Craig Reynolds,6.0,7.468199230161245,5.133333333333334,5.9286292754188965,7.484367688389156,30.800000000000004,44.27618459059482,55.894749008671596,87.26666666666668,100.78669768212124,127.23425070261565,PPG
RB,2022,00-0035567,Craig Reynolds,6.0,7.468199230161245,5.133333333333334,5.9286292754188965,7.484367688389156,30.800000000000004,44.27618459059482,55.894749008671596,87.26666666666668,100.78669768212124,127.23425070261565,SEASON
RB,2022,00-0035594,Travis Homer,10.0,11.44338065792474,4.210000000000001,5.790210832117805,5.226248295986197,42.10000000000001,66.2595866415632,59.805948663800585,71.57000000000002,98.43358414600269,88.84622103176535,PPG
RB,2022,00-0035594,Travis Homer,10.0,11.44338065792474,4.210000000000001,5.790210832117805,5.226248295986197,42.10000000000001,66.2595866415632,59.805948663800585,71.57000000000002,98.43358414600269,88.84622103176535,SEASON
RB,2022,00-0035628,D'Ernest Johnson,9.0,11.001693832617685,0.6,7.925810803759621,8.354093819412565,5.3999999999999995,87.19734383821684,91.90918245014073,10.2,134.73878366391355,142.0195949300136,PPG
RB,2022,00-0035628,D'Ernest Johnson,9.0,11.001693832617685,0.6,7.925810803759621,8.354093819412565,5.3999999999999995,87.19734383821684,91.90918245014073,10.2,134.73878366391355,142.0195949300136,SEASON
RB,2022,00-0035657,Damien Harris,11.0,11.885067483231794,8.263636363636364,11.076682763958068,10.97825975968706,90.9,131.6471221399921,130.47735809232876,140.48181818181817,188.30360698728717,186.63041591468001,PPG
RB,2022,00-0035657,Damien Harris,11.0,11.885067483231794,8.263636363636364,11.076682763958068,10.97825975968706,90.9,131.6471221399921,130.47735809232876,140.48181818181817,188.30360698728717,186.63041591468001,SEASON
RB,2022,00-0035664,Darrell Henderson,10.0,10.56000700731063,7.35,11.198329171898433,11.201794384495711,73.5,118.25443452541849,118.29102719472756,124.94999999999999,190.37159592227334,190.4305045364271,PPG
RB,2022,00-0035664,Darrell Henderson,10.0,10.56000700731063,7.35,11.198329171898433,11.201794384495711,73.5,118.25443452541849,118.29102719472756,124.94999999999999,190.37159592227334,190.4305045364271,SEASON
RB,2022,00-0035685,David Montgomery,16.0,11.001693832617685,10.98125,11.386775409308965,12.591106038265668,175.7,125.27381679399716,138.5234936470227,186.68124999999998,193.57518195825241,214.04880265051636,PPG
RB,2022,00-0035685,David Montgomery,16.0,11.001693832617685,10.98125,11.386775409308965,12.591106038265668,175.7,125.27381679399716,138.5234936470227,186.68124999999998,193.57518195825241,214.04880265051636,SEASON
RB,2022,00-0035700,Josh Jacobs,17.0,11.885067483231794,19.13529411764706,12.192170752516013,12.760464635412747,325.3,144.90477216073776,151.65898330927328,325.3,207.2669027927722,216.9278988020167,PPG
RB,2022,00-0035700,Josh Jacobs,17.0,11.885067483231794,19.13529411764706,12.192170752516013,12.760464635412747,325.3,144.90477216073776,151.65898330927328,325.3,207.2669027927722,216.9278988020167,SEASON
RB,2022,00-0035726,Jakob Johnson,11.0,7.9098860554683,0.5454545454545454,2.8443790194173784,2.7424207551354796,6.0,22.49871394215612,21.692235689272977,9.272727272727272,48.354443330095435,46.62115283730315,PPG
RB,2022,00-0035726,Jakob Johnson,11.0,7.9098860554683,0.5454545454545454,2.8443790194173784,2.7424207551354796,6.0,22.49871394215612,21.692235689272977,9.272727272727272,48.354443330095435,46.62115283730315,SEASON
RB,2022,00-0035806,JaMycal Hasty,14.0,10.118320182003576,5.0,5.217899746939649,5.3916334169361155,70.0,52.7963803171308,54.554273216549596,85.0,88.70429569797403,91.65776808791396,PPG
RB,2022,00-0035806,JaMycal Hasty,14.0,10.118320182003576,5.0,5.217899746939649,5.3916334169361155,70.0,52.7963803171308,54.554273216549596,85.0,88.70429569797403,91.65776808791396,SEASON
RB,2022,00-0035831,James Robinson,11.0,11.44338065792474,7.963636363636364,10.36636857309348,10.8353539617693,87.60000000000001,118.62630162225682,123.99307994787901,135.38181818181818,176.22826574258914,184.2010173500781,PPG
RB,2022,00-0035831,James Robinson,11.0,11.44338065792474,7.963636363636364,10.36636857309348,10.8353539617693,87.60000000000001,118.62630162225682,123.99307994787901,135.38181818181818,176.22826574258914,184.2010173500781,SEASON
RB,2022,00-0035860,Tony Jones,3.0,9.67663335669652,3.466666666666667,3.5968748206089645,3.5072874530472946,10.4,34.80563886896652,33.93873475968063,58.93333333333334,61.1468719503524,59.62388670180401,PPG
RB,2022,00-0035860,Tony Jones,3.0,9.67663335669652,3.466666666666667,3.5968748206089645,3.5072874530472946,10.4,34.80563886896652,33.93873475968063,58.93333333333334,61.1468719503524,59.62388670180401,SEASON
RB,2022,00-0035924,Jonathan Ward,4.0,9.234946531389465,1.3,2.3330153140374286,2.5837282991090524,5.2,21.545271682048455,23.860592693909947,22.1,39.66126033863628,43.923381084853894,PPG
RB,2022,00-0035924,Jonathan Ward,4.0,9.234946531389465,1.3,2.3330153140374286,2.5837282991090524,5.2,21.545271682048455,23.860592693909947,22.1,39.66126033863628,43.923381084853894,SEASON
RB,2022,00-0035973,Patrick Taylor,6.0,7.468199230161245,0.9666666666666668,3.62049458145827,4.072615559096455,5.800000000000001,27.03857484604961,30.415104383186854,16.433333333333337,61.548407884790585,69.23446450463973,PPG
RB,2022,00-0035973,Patrick Taylor,6.0,7.468199230161245,0.9666666666666668,3.62049458145827,4.072615559096455,5.800000000000001,27.03857484604961,30.415104383186854,16.433333333333337,61.548407884790585,69.23446450463973,SEASON
RB,2022,00-0036020,Salvon Ahmed,6.0,10.118320182003576,2.3666666666666667,5.057954438761601,4.426610240627758,14.2,51.178002477376076,44.78985973560755,40.233333333333334,85.98522545894721,75.25237409067188,PPG
RB,2022,00-0036020,Salvon Ahmed,6.0,10.118320182003576,2.3666666666666667,5.057954438761601,4.426610240627758,14.2,51.178002477376076,44.78985973560755,40.233333333333334,85.98522545894721,75.25237409067188,SEASON
RB,2022,00-0036096,J.J. Taylor,1.0,7.468199230161245,2.7,3.4686469083721763,4.541154699925844,2.7,25.90454617080627,33.914248034029306,45.900000000000006,58.966997442327,77.19962989873935,PPG
RB,2022,00-0036096,J.J. Taylor,1.0,7.468199230161245,2.7,3.4686469083721763,4.541154699925844,2.7,25.90454617080627,33.914248034029306,45.900000000000006,58.966997442327,77.19962989873935,SEASON
RB,2022,00-0036187,Reggie Gilliam,7.0,8.79325970608241,2.9857142857142858,2.1843800724554434,2.2585731182163715,20.9,19.207821273891824,19.860219993652922,50.75714285714286,37.134461231742534,38.39574300967831,PPG
RB,2022,00-0036187,Reggie Gilliam,7.0,8.79325970608241,2.9857142857142858,2.1843800724554434,2.2585731182163715,20.9,19.207821273891824,19.860219993652922,50.75714285714286,37.134461231742534,38.39574300967831,SEASON
RB,2022,00-0036223,Jonathan Taylor,11.0,12.768441133845904,13.036363636363635,16.932160137262233,16.366147505527564,143.39999999999998,216.197289981485,208.9701910121677,221.6181818181818,287.846722333458,278.2245075939686,PPG
RB,2022,00-0036223,Jonathan Taylor,11.0,12.768441133845904,13.036363636363635,16.932160137262233,16.366147505527564,143.39999999999998,216.197289981485,208.9701910121677,221.6181818181818,287.846722333458,278.2245075939686,SEASON
RB,2022,00-0036251,Zack Moss,13.0,11.001693832617685,4.884615384615385,7.5855577152011335,7.392821828660017,63.50000000000001,83.4539835322938,81.3335623180103,83.03846153846155,128.95448115841927,125.67797108722029,PPG
RB,2022,00-0036251,Zack Moss,13.0,11.001693832617685,4.884615384615385,7.5855577152011335,7.392821828660017,63.50000000000001,83.4539835322938,81.3335623180103,83.03846153846155,128.95448115841927,125.67797108722029,SEASON
RB,2022,00-0036265,AJ Dillon,17.0,12.768441133845904,9.8,9.500778971133942,8.942750976464769,166.60000000000002,121.31013701860479,114.18498941763337,166.60000000000002,161.513242509277,152.02676659990107,PPG
RB,2022,00-0036265,AJ Dillon,17.0,12.768441133845904,9.8,9.500778971133942,8.942750976464769,166.60000000000002,121.31013701860479,114.18498941763337,166.60000000000002,161.513242509277,152.02676659990107,SEASON
RB,2022,00-0036275,D'Andre Swift,14.0,11.001693832617685,13.57857142857143,12.593416930309218,13.167153048902582,190.10000000000002,138.54891737376605,144.8609864912447,230.8357142857143,214.0880878152567,223.8416018313439,PPG
RB,2022,00-0036275,D'Andre Swift,14.0,11.001693832617685,13.57857142857143,12.593416930309218,13.167153048902582,190.10000000000002,138.54891737376605,144.8609864912447,230.8357142857143,214.0880878152567,223.8416018313439,SEASON
RB,2022,00-0036328,Antonio Gibson,15.0,12.326754308538849,10.993333333333334,11.872227795487493,12.103130639014147,164.9,146.34603512998015,149.1923177512762,186.88666666666668,201.8278725232874,205.7532208632405,PPG
RB,2022,00-0036328,Antonio Gibson,15.0,12.326754308538849,10.993333333333334,11.872227795487493,12.103130639014147,164.9,146.34603512998015,149.1923177512762,186.88666666666668,201.8278725232874,205.7532208632405,SEASON
RB,2022,00-0036360,Clyde Edwards-Helaire,10.0,9.67663335669652,9.83,9.499035696555636,10.153656800926079,98.3,91.91868567774122,98.25321409228978,167.11,161.4836068414458,172.61216561574335,PPG
RB,2022,00-0036360,Clyde Edwards-Helaire,10.0,9.67663335669652,9.83,9.499035696555636,10.153656800926079,98.3,91.91868567774122,98.25321409228978,167.11,161.4836068414458,172.61216561574335,SEASON
RB,2022,00-0036370,Joshua Kelley,12.0,8.79325970608241,5.4,3.4091296578701247,4.074912660529526,64.80000000000001,29.977362453359877,35.831765303639344,91.80000000000001,57.95520418379212,69.27351522900193,PPG
RB,2022,00-0036370,Joshua Kelley,12.0,8.79325970608241,5.4,3.4091296578701247,4.074912660529526,64.80000000000001,29.977362453359877,35.831765303639344,91.80000000000001,57.95520418379212,69.27351522900193,SEASON
RB,2022,00-0036383,Eno Benjamin,13.0,8.79325970608241,6.892307692307693,4.333415981885057,4.341485115333228,89.60000000000001,38.104852143203416,38.17580612921621,117.16923076923078,73.66807169204597,73.80524696066487,PPG
RB,2022,00-0036383,Eno Benjamin,13.0,8.79325970608241,6.892307692307693,4.333415981885057,4.341485115333228,89.60000000000001,38.104852143203416,38.17580612921621,117.16923076923078,73.66807169204597,73.80524696066487,SEASON
RB,2022,00-0036425,DeeJay Dallas,15.0,12.768441133845904,3.213333333333334,4.197553721367931,4.420842152645718,48.20000000000001,53.59621759744224,56.44726278808146,54.62666666666667,71.35841326325482,75.1543165949772,PPG
RB,2022,00-0036425,DeeJay Dallas,15.0,12.768441133845904,3.213333333333334,4.197553721367931,4.420842152645718,48.20000000000001,53.59621759744224,56.44726278808146,54.62666666666667,71.35841326325482,75.1543165949772,SEASON
RB,2022,00-0036450,Ke'Shawn Vaughn,6.0,7.9098860554683,1.7000000000000002,6.042538495169946,6.658827690448267,10.200000000000001,47.79579098257517,52.67056829444294,28.900000000000002,102.72315441788909,113.20007073762054,PPG
RB,2022,00-0036450,Ke'Shawn Vaughn,6.0,7.9098860554683,1.7000000000000002,6.042538495169946,6.658827690448267,10.200000000000001,47.79579098257517,52.67056829444294,28.900000000000002,102.72315441788909,113.20007073762054,SEASON
RB,2022,00-0036457,Ty'Son Williams,1.0,8.351572880775356,1.5,6.386966100110856,6.3956605814976655,1.5,53.34121287211736,53.413825467079846,25.5,108.57842370188455,108.72622988546031,PPG
RB,2022,00-0036457,Ty'Son Williams,1.0,8.351572880775356,1.5,6.386966100110856,6.3956605814976655,1.5,53.34121287211736,53.413825467079846,25.5,108.57842370188455,108.72622988546031,SEASON
RB,2022,00-0036493,Deon Jackson,12.0,6.584825579547136,6.958333333333334,2.8942042375290904,3.6836741461963456,83.5,19.057830095715268,24.25635174459015,118.29166666666667,49.201472037994535,62.622460485337875,PPG
RB,2022,00-0036493,Deon Jackson,12.0,6.584825579547136,6.958333333333334,2.8942042375290904,3.6836741461963456,83.5,19.057830095715268,24.25635174459015,118.29166666666667,49.201472037994535,62.622460485337875,SEASON
RB,2022,00-0036555,Chuba Hubbard,14.0,12.326754308538849,6.4071428571428575,8.173337559850614,7.886688569756826,89.7,100.75072398103096,97.21727230735405,108.92142857142858,138.94673851746043,134.07370568586603,PPG
RB,2022,00-0036555,Chuba Hubbard,14.0,12.326754308538849,6.4071428571428575,8.173337559850614,7.886688569756826,89.7,100.75072398103096,97.21727230735405,108.92142857142858,138.94673851746043,134.07370568586603,SEASON
RB,2022,00-0036567,Elijah Mitchell,5.0,10.118320182003576,8.72,12.342362948132397,12.668493725359593,43.6,124.88398011170118,128.18387573689162,148.24,209.82017011825076,215.36439333111306,PPG
RB,2022,00-0036567,Elijah Mitchell,5.0,10.118320182003576,8.72,12.342362948132397,12.668493725359593,43.6,124.88398011170118,128.18387573689162,148.24,209.82017011825076,215.36439333111306,SEASON
RB,2022,00-0036569,Gary Brightwell,15.0,8.351572880775356,1.9333333333333333,1.6807542875235932,1.9473463008726752,29.0,14.036941926928947,16.263404555846442,32.86666666666667,28.572822887901086,33.10488711483548,PPG
RB,2022,00-0036569,Gary Brightwell,15.0,8.351572880775356,1.9333333333333333,1.6807542875235932,1.9473463008726752,29.0,14.036941926928947,16.263404555846442,32.86666666666667,28.572822887901086,33.10488711483548,SEASON
RB,2022,00-0036650,Larry Rountree III,2.0,9.234946531389465,2.6500000000000004,2.5854931585078327,3.1281743381021387,5.300000000000001,23.876891076093102,28.88852275323788,45.050000000000004,43.95338369463315,53.17896374773636,PPG
RB,2022,00-0036650,Larry Rountree III,2.0,9.234946531389465,2.6500000000000004,2.5854931585078327,3.1281743381021387,5.300000000000001,23.876891076093102,28.88852275323788,45.050000000000004,43.95338369463315,53.17896374773636,SEASON
RB,2022,00-0036654,Demetric Felton,6.0,11.885067483231794,0.4666666666666667,5.058606669519272,3.8933826653182213,2.8,60.12188163836298,46.27311571535193,7.933333333333334,85.99631338182763,66.18750531040976,PPG
RB,2022,00-0036654,Demetric Felton,6.0,11.885067483231794,0.4666666666666667,5.058606669519272,3.8933826653182213,2.8,60.12188163836298,46.27311571535193,7.933333333333334,85.99631338182763,66.18750531040976,SEASON
RB,2022,00-0036669,Kylin Hill,1.0,8.79325970608241,0.7000000000000001,1.9497947455356524,2.1868594781041724,0.7000000000000001,17.145051571049855,19.229623331677825,11.9,33.14651067410609,37.17661112777093,PPG
RB,2022,00-0036669,Kylin Hill,1.0,8.79325970608241,0.7000000000000001,1.9497947455356524,2.1868594781041724,0.7000000000000001,17.145051571049855,19.229623331677825,11.9,33.14651067410609,37.17661112777093,SEASON
RB,2022,00-0036755,Jaret Patterson,2.0,11.885067483231794,3.9000000000000004,4.813127343671959,4.775824066747562,7.800000000000001,57.204343284929415,56.76099132133728,66.30000000000001,81.82316484242331,81.18900913470856,PPG
RB,2022,00-0036755,Jaret Patterson,2.0,11.885067483231794,3.9000000000000004,4.813127343671959,4.775824066747562,7.800000000000001,57.204343284929415,56.76099132133728,66.30000000000001,81.82316484242331,81.18900913470856,SEASON
RB,2022,00-0036842,Kene Nwangwu,14.0,9.234946531389465,0.3928571428571429,2.6162640595382376,3.0502691812503846,5.500000000000001,24.161058701831568,28.16907279519242,6.67857142857143,44.47648901215004,51.85457608125654,PPG
RB,2022,00-0036842,Kene Nwangwu,14.0,9.234946531389465,0.3928571428571429,2.6162640595382376,3.0502691812503846,5.500000000000001,24.161058701831568,28.16907279519242,6.67857142857143,44.47648901215004,51.85457608125654,SEASON
RB,2022,00-0036857,Chris Evans,10.0,9.234946531389465,1.2800000000000002,5.728820651451905,5.224195570544239,12.800000000000002,52.9053524040781,48.24516676349773,21.760000000000005,97.38995107468239,88.81132469925207,PPG
RB,2022,00-0036857,Chris Evans,10.0,9.234946531389465,1.2800000000000002,5.728820651451905,5.224195570544239,12.800000000000002,52.9053524040781,48.24516676349773,21.760000000000005,97.38995107468239,88.81132469925207,SEASON
RB,2022,00-0036860,Jake Funk,1.0,7.468199230161245,0.0,1.5835505285051412,1.8288241724320087,0.0,11.826270837903529,13.658023276657003,0.0,26.920358984587402,31.090010931344146,PPG
RB,2022,00-0036860,Jake Funk,1.0,7.468199230161245,0.0,1.5835505285051412,1.8288241724320087,0.0,11.826270837903529,13.658023276657003,0.0,26.920358984587402,31.090010931344146,SEASON
RB,2022,00-0036875,Rhamondre Stevenson,17.0,10.56000700731063,14.41764705882353,8.85884570703545,8.945751015416803,245.1,93.54947274297803,94.46719340845762,245.1,150.60037701960263,152.07776726208567,PPG
RB,2022,00-0036875,Rhamondre Stevenson,17.0,10.56000700731063,14.41764705882353,8.85884570703545,8.945751015416803,245.1,93.54947274297803,94.46719340845762,245.1,150.60037701960263,152.07776726208567,SEASON
RB,2022,00-0036893,Najee Harris,17.0,12.768441133845904,13.135294117647058,14.06689639092124,14.207701874057495,223.29999999999998,179.61233850338726,181.41020502613526,223.29999999999998,239.13723864566109,241.53093185897743,PPG
RB,2022,00-0036893,Najee Harris,17.0,12.768441133845904,13.135294117647058,14.06689639092124,14.207701874057495,223.29999999999998,179.61233850338726,181.41020502613526,223.29999999999998,239.13723864566109,241.53093185897743,SEASON
RB,2022,00-0036906,Khalil Herbert,13.0,12.326754308538849,9.061538461538461,5.719221893495571,5.3521465184853,117.8,70.49944311713624,65.97459515666988,154.04615384615386,97.22677218942471,90.9864908142501,PPG
RB,2022,00-0036906,Khalil Herbert,13.0,12.326754308538849,9.061538461538461,5.719221893495571,5.3521465184853,117.8,70.49944311713624,65.97459515666988,154.04615384615386,97.22677218942471,90.9864908142501,SEASON
RB,2022,00-0036919,Kenny Gainwell,17.0,12.326754308538849,5.170588235294118,7.974168260521782,7.010004512077815,87.9,98.29561296240061,86.41060332213198,87.9,135.56086042887028,119.17007670532286,PPG
RB,2022,00-0036919,Kenny Gainwell,17.0,12.326754308538849,5.170588235294118,7.974168260521782,7.010004512077815,87.9,98.29561296240061,86.41060332213198,87.9,135.56086042887028,119.17007670532286,SEASON
RB,2022,00-0036924,Michael Carter,16.0,11.44338065792474,7.8125,9.857204903331368,9.97822401310839,125.0,112.79974793198309,114.18461567204473,132.8125,167.57248335663326,169.62980822284263,PPG
RB,2022,00-0036924,Michael Carter,16.0,11.44338065792474,7.8125,9.857204903331368,9.97822401310839,125.0,112.79974793198309,114.18461567204473,132.8125,167.57248335663326,169.62980822284263,SEASON
RB,2022,00-0036950,Avery Williams,17.0,11.885067483231794,2.1176470588235294,2.2874943669841152,1.7455458199896936,36.0,27.1870249191188,20.745929865650684,36.0,38.88740423872996,29.67427893982479,PPG
RB,2022,00-0036950,Avery Williams,17.0,11.885067483231794,2.1176470588235294,2.2874943669841152,1.7455458199896936,36.0,27.1870249191188,20.745929865650684,36.0,38.88740423872996,29.67427893982479,SEASON
RB,2022,00-0036984,Trey Sermon,1.0,7.9098860554683,1.9000000000000001,4.715241895801262,5.295047016052226,1.9000000000000001,37.297026119758314,41.88321855532053,32.300000000000004,80.15911222862145,90.01579927288783,PPG
RB,2022,00-0036984,Trey Sermon,1.0,7.9098860554683,1.9000000000000001,4.715241895801262,5.295047016052226,1.9000000000000001,37.297026119758314,41.88321855532053,32.300000000000004,80.15911222862145,90.01579927288783,SEASON
RB,2022,00-0036997,Javonte Williams,4.0,12.768441133845904,10.25,10.703809342862305,10.072822023647241,41.0,136.67095950224717,128.61423506064637,174.25,181.9647588286592,171.2379744020031,PPG
RB,2022,00-0036997,Javonte Williams,4.0,12.768441133845904,10.25,10.703809342862305,10.072822023647241,41.0,136.67095950224717,128.61423506064637,174.25,181.9647588286592,171.2379744020031,SEASON
RB,2023,00-0029239,Brandon Bolden,5.0,11.040564599825757,2.22,3.7300318810654938,2.796890398459387,11.100000000000001,41.181657942313166,30.879249122823264,37.74,63.41054197811339,47.547136773809584,PPG
RB,2023,00-0029239,Brandon Bolden,5.0,11.040564599825757,2.22,3.7300318810654938,2.796890398459387,11.100000000000001,41.181657942313166,30.879249122823264,37.74,63.41054197811339,47.547136773809584,SEASON
RB,2023,00-0030513,Latavius Murray,15.0,11.040564599825757,5.460000000000001,9.596428429749546,10.030498595749098,81.9,105.94998800625432,110.74236771482946,92.82000000000002,163.13928330574228,170.51847612773466,PPG
RB,2023,00-0030513,Latavius Murray,15.0,11.040564599825757,5.460000000000001,9.596428429749546,10.030498595749098,81.9,105.94998800625432,110.74236771482946,92.82000000000002,163.13928330574228,170.51847612773466,SEASON
RB,2023,00-0030578,Cordarrelle Patterson,12.0,11.040564599825757,2.9916666666666667,9.414546633286038,9.632941606419365,35.9,103.9419102828666,106.3531140920223,50.858333333333334,160.04729276586266,163.7600073091292,PPG
RB,2023,00-0030578,Cordarrelle Patterson,12.0,11.040564599825757,2.9916666666666667,9.414546633286038,9.632941606419365,35.9,103.9419102828666,106.3531140920223,50.858333333333334,160.04729276586266,163.7600073091292,SEASON
RB,2023,00-0031376,Jerick McKinnon,12.0,12.882687387489392,6.683333333333334,9.928917203794402,9.288513872704128,80.2,127.91113643274859,119.66102051640571,113.61666666666667,168.79159246450484,157.90473583597017,PPG
RB,2023,00-0031376,Jerick McKinnon,12.0,12.882687387489392,6.683333333333334,9.928917203794402,9.288513872704128,80.2,127.91113643274859,119.66102051640571,113.61666666666667,168.79159246450484,157.90473583597017,SEASON
RB,2023,00-0031687,Raheem Mostert,15.0,12.422156690573484,17.580000000000002,9.332577846578012,9.439613584983013,263.70000000000005,115.93074433716693,117.26035905112508,298.86,158.6538233918262,160.47343094471123,PPG
RB,2023,00-0031687,Raheem Mostert,15.0,12.422156690573484,17.580000000000002,9.332577846578012,9.439613584983013,263.70000000000005,115.93074433716693,117.26035905112508,298.86,158.6538233918262,160.47343094471123,SEASON
RB,2023,00-0032104,Ameer Abdullah,16.0,12.422156690573484,2.5625,4.914849459569831,3.6403704500214897,41.0,61.05303009735685,45.22125214190045,43.5625,83.55244081268714,61.88629765036533,PPG
RB,2023,00-0032104,Ameer Abdullah,16.0,12.422156690573484,2.5625,4.914849459569831,3.6403704500214897,41.0,61.05303009735685,45.22125214190045,43.5625,83.55244081268714,61.88629765036533,SEASON
RB,2023,00-0032144,Melvin Gordon,4.0,9.65897250907803,4.675000000000001,6.563225696978927,7.957826702690439,18.700000000000003,63.39401657799395,76.86442935329401,79.47500000000001,111.57483684864177,135.28305394573746,PPG
RB,2023,00-0032144,Melvin Gordon,4.0,9.65897250907803,4.675000000000001,6.563225696978927,7.957826702690439,18.700000000000003,63.39401657799395,76.86442935329401,79.47500000000001,111.57483684864177,135.28305394573746,SEASON
RB,2023,00-0032450,Dwayne Washington,3.0,8.277380418330301,0.0,1.7692944559508677,1.9840772774027227,0.0,14.645123283948076,16.422962404427395,0.0,30.07800575116475,33.72931371584629,PPG
RB,2023,00-0032450,Dwayne Washington,3.0,8.277380418330301,0.0,1.7692944559508677,1.9840772774027227,0.0,14.645123283948076,16.422962404427395,0.0,30.07800575116475,33.72931371584629,SEASON
RB,2023,00-0032764,Derrick Henry,17.0,12.422156690573484,14.005882352941175,14.463622025380262,15.084369045504971,238.09999999999997,179.66937911250344,187.38039586169913,238.09999999999997,245.88157443146446,256.4342737735845,PPG
RB,2023,00-0032764,Derrick Henry,17.0,12.422156690573484,14.005882352941175,14.463622025380262,15.084369045504971,238.09999999999997,179.66937911250344,187.38039586169913,238.09999999999997,245.88157443146446,256.4342737735845,SEASON
RB,2023,00-0032975,Jonathan Williams,1.0,9.19844181216212,0.0,2.5058663258668967,3.6309777702529615,0.0,23.05006558754313,33.39933774092602,0.0,42.599727539737245,61.726622094300346,PPG
RB,2023,00-0032975,Jonathan Williams,1.0,9.19844181216212,0.0,2.5058663258668967,3.6309777702529615,0.0,23.05006558754313,33.39933774092602,0.0,42.599727539737245,61.726622094300346,SEASON
RB,2023,00-0033045,Ezekiel Elliott,17.0,11.961625993657574,10.147058823529411,9.686314067807169,9.89486903144598,172.5,115.86406613621327,118.35872261038158,172.5,164.66733915272187,168.21277353458166,PPG
RB,2023,00-0033045,Ezekiel Elliott,17.0,11.961625993657574,10.147058823529411,9.686314067807169,9.89486903144598,172.5,115.86406613621327,118.35872261038158,172.5,164.66733915272187,168.21277353458166,SEASON
RB,2023,00-0033118,Kenyan Drake,2.0,10.580033902909847,1.05,7.508188040110731,7.688498221285866,2.1,79.43688401379377,81.34457184366651,17.85,127.63919668188242,130.7044697618597,PPG
RB,2023,00-0033118,Kenyan Drake,2.0,10.580033902909847,1.05,7.508188040110731,7.688498221285866,2.1,79.43688401379377,81.34457184366651,17.85,127.63919668188242,130.7044697618597,SEASON
RB,2023,00-0033280,Christian McCaffrey,16.0,12.882687387489392,24.26875,16.044337698590752,16.33078412328381,388.3,206.69418691025567,210.38438665284033,412.56875,272.7537408760428,277.62333009582477,PPG
RB,2023,00-0033280,Christian McCaffrey,16.0,12.882687387489392,24.26875,16.044337698590752,16.33078412328381,388.3,206.69418691025567,210.38438665284033,412.56875,272.7537408760428,277.62333009582477,SEASON
RB,2023,00-0033293,Aaron Jones,11.0,12.882687387489392,12.081818181818182,12.956832193307921,12.29047960548047,132.9,166.91881867854448,158.33440659971887,205.3909090909091,220.26614728623466,208.938153293168,PPG
RB,2023,00-0033293,Aaron Jones,11.0,12.882687387489392,12.081818181818182,12.956832193307921,12.29047960548047,132.9,166.91881867854448,158.33440659971887,205.3909090909091,220.26614728623466,208.938153293168,SEASON
RB,2023,00-0033308,Matt Breida,15.0,12.882687387489392,3.06,4.32589792147691,4.011364705902986,45.9,55.72919059257717,51.6771575033565,52.02,73.54026466510747,68.19320000035077,PPG
RB,2023,00-0033308,Matt Breida,15.0,12.882687387489392,3.06,4.32589792147691,4.011364705902986,45.9,55.72919059257717,51.6771575033565,52.02,73.54026466510747,68.19320000035077,SEASON
RB,2023,00-0033376,Patrick Ricard,7.0,11.040564599825757,2.314285714285714,2.0729805199786004,2.4274347509376057,16.2,22.886875345004125,26.800250179588584,39.34285714285714,35.24066883963621,41.2663907659393,PPG
RB,2023,00-0033376,Patrick Ricard,7.0,11.040564599825757,2.314285714285714,2.0729805199786004,2.4274347509376057,16.2,22.886875345004125,26.800250179588584,39.34285714285714,35.24066883963621,41.2663907659393,SEASON
RB,2023,00-0033526,Samaje Perine,17.0,12.422156690573484,6.958823529411765,7.767890143151927,7.669813067477071,118.3,96.49394851339453,95.27561971160823,118.3,132.05413243358277,130.3868221471102,PPG
RB,2023,00-0033526,Samaje Perine,17.0,12.422156690573484,6.958823529411765,7.767890143151927,7.669813067477071,118.3,96.49394851339453,95.27561971160823,118.3,132.05413243358277,130.3868221471102,SEASON
RB,2023,00-0033553,James Conner,13.0,11.040564599825757,15.5,11.704539252166132,12.872423979663996,201.5,129.22472172473644,142.1188285038265,263.5,198.97716728682425,218.83120765428794,PPG
RB,2023,00-0033553,James Conner,13.0,11.040564599825757,15.5,11.704539252166132,12.872423979663996,201.5,129.22472172473644,142.1188285038265,263.5,198.97716728682425,218.83120765428794,SEASON
RB,2023,00-0033699,Austin Ekeler,14.0,12.882687387489392,12.885714285714284,17.021499565765392,16.595455020009727,180.39999999999998,219.282657772042,213.79405907592684,219.05714285714282,289.3654926180117,282.1227353401654,PPG
RB,2023,00-0033699,Austin Ekeler,14.0,12.882687387489392,12.885714285714284,17.021499565765392,16.595455020009727,180.39999999999998,219.282657772042,213.79405907592684,219.05714285714282,289.3654926180117,282.1227353401654,SEASON
RB,2023,00-0033854,Dare Ogunbowale,9.0,11.961625993657574,0.8111111111111111,3.2090451292658564,3.9694809087643392,7.3,38.38539763304669,47.481446019603005,13.78888888888889,54.55376719751956,67.48117544899377,PPG
RB,2023,00-0033854,Dare Ogunbowale,9.0,11.961625993657574,0.8111111111111111,3.2090451292658564,3.9694809087643392,7.3,38.38539763304669,47.481446019603005,13.78888888888889,54.55376719751956,67.48117544899377,SEASON
RB,2023,00-0033856,Leonard Fournette,2.0,12.422156690573484,2.0,11.88075862024286,11.922337886366076,4.0,147.58464518353844,148.10114934240008,34.0,201.97289654412862,202.6797440682233,PPG
RB,2023,00-0033856,Leonard Fournette,2.0,12.422156690573484,2.0,11.88075862024286,11.922337886366076,4.0,147.58464518353844,148.10114934240008,34.0,201.97289654412862,202.6797440682233,SEASON
RB,2023,00-0033893,Dalvin Cook,14.0,12.882687387489392,2.728571428571429,11.478954622146478,11.694439187186013,38.20000000000001,147.87978393228948,150.65580422052295,46.38571428571429,195.14222857649014,198.80546618216223,PPG
RB,2023,00-0033893,Dalvin Cook,14.0,12.882687387489392,2.728571428571429,11.478954622146478,11.694439187186013,38.20000000000001,147.87978393228948,150.65580422052295,46.38571428571429,195.14222857649014,198.80546618216223,SEASON
RB,2023,00-0033897,Joe Mixon,17.0,11.501095296741665,15.705882352941178,13.965023456195455,13.874088736030508,267.0,160.61306559093657,159.567216708537,267.0,237.40539875532275,235.85950851251863,PPG
RB,2023,00-0033897,Joe Mixon,17.0,11.501095296741665,15.705882352941178,13.965023456195455,13.874088736030508,267.0,160.61306559093657,159.567216708537,267.0,237.40539875532275,235.85950851251863,SEASON
RB,2023,00-0033906,Alvin Kamara,13.0,11.961625993657574,17.923076923076927,12.110223487270908,12.270367766441977,233.00000000000006,144.85796405434215,146.77355002681037,304.69230769230774,205.87379928360542,208.5962520295136,PPG
RB,2023,00-0033906,Alvin Kamara,13.0,11.961625993657574,17.923076923076927,12.110223487270908,12.270367766441977,233.00000000000006,144.85796405434215,146.77355002681037,304.69230769230774,205.87379928360542,208.5962520295136,SEASON
RB,2023,00-0033923,Kareem Hunt,15.0,12.882687387489392,7.9,7.374894250330842,6.961821138260657,118.5,95.00845714280517,89.68696537182761,134.3,125.3732022556243,118.35095935043117,PPG
RB,2023,00-0033923,Kareem Hunt,15.0,12.882687387489392,7.9,7.374894250330842,6.961821138260657,118.5,95.00845714280517,89.68696537182761,134.3,125.3732022556243,118.35095935043117,SEASON
RB,2023,00-0033925,D'Onta Foreman,9.0,12.422156690573484,10.022222222222222,7.839646143378532,7.617236397257104,90.2,97.38531279169824,94.6225040758672,170.37777777777777,133.27398443743505,129.49301875337076,PPG
RB,2023,00-0033925,D'Onta Foreman,9.0,12.422156690573484,10.022222222222222,7.839646143378532,7.617236397257104,90.2,97.38531279169824,94.6225040758672,170.37777777777777,133.27398443743505,129.49301875337076,SEASON
RB,2023,00-0033948,Jamaal Williams,13.0,12.882687387489392,4.6000000000000005,10.98915421823097,10.40045740318357,59.800000000000004,141.56983844637998,133.98584141211364,78.2,186.8156217099265,176.80777585412068,PPG
RB,2023,00-0033948,Jamaal Williams,13.0,12.882687387489392,4.6000000000000005,10.98915421823097,10.40045740318357,59.800000000000004,141.56983844637998,133.98584141211364,78.2,186.8156217099265,176.80777585412068,SEASON
RB,2023,00-0034115,Jeff Wilson,9.0,12.422156690573484,4.588888888888889,8.63806323733416,8.669032946346407,41.3,107.30337503724739,107.68808561525898,78.0111111111111,146.84707503468073,147.37356008788893,PPG
RB,2023,00-0034115,Jeff Wilson,9.0,12.422156690573484,4.588888888888889,8.63806323733416,8.669032946346407,41.3,107.30337503724739,107.68808561525898,78.0111111111111,146.84707503468073,147.37356008788893,SEASON
RB,2023,00-0034184,Gus Edwards,17.0,9.19844181216212,10.823529411764707,5.854982258938245,6.484406776189051,184.0,53.85671362008497,59.64643841716474,184.0,99.53469840195017,110.23491519521386,PPG
RB,2023,00-0034184,Gus Edwards,17.0,9.19844181216212,10.823529411764707,5.854982258938245,6.484406776189051,184.0,53.85671362008497,59.64643841716474,184.0,99.53469840195017,110.23491519521386,SEASON
RB,2023,00-0034208,Mike Boone,9.0,8.737911115246211,1.3666666666666667,4.304985512687187,4.1683483459997746,12.3,37.616580762283284,36.42265734472959,23.233333333333334,73.18475371568218,70.86192188199617,PPG
RB,2023,00-0034208,Mike Boone,9.0,8.737911115246211,1.3666666666666667,4.304985512687187,4.1683483459997746,12.3,37.616580762283284,36.42265734472959,23.233333333333334,73.18475371568218,70.86192188199617,SEASON
RB,2023,00-0034414,Boston Scott,12.0,11.961625993657574,1.4833333333333334,3.8997211459999312,3.412274649212005,17.8,46.64700582800888,40.8163531415131,25.21666666666667,66.29525948199883,58.00866903660409,PPG
RB,2023,00-0034414,Boston Scott,12.0,11.961625993657574,1.4833333333333334,3.8997211459999312,3.412274649212005,17.8,46.64700582800888,40.8163531415131,25.21666666666667,66.29525948199883,58.00866903660409,SEASON
RB,2023,00-0034614,Godwin Igwebuike,7.0,7.356319024498483,0.0,1.6345954658935329,1.5575279080863091,0.0,12.024605723111558,11.457672181442641,0.0,27.78812292019006,26.477974437467257,PPG
RB,2023,00-0034614,Godwin Igwebuike,7.0,7.356319024498483,0.0,1.6345954658935329,1.5575279080863091,0.0,12.024605723111558,11.457672181442641,0.0,27.78812292019006,26.477974437467257,SEASON
RB,2023,00-0034681,Chase Edmonds,13.0,11.040564599825757,3.0538461538461537,5.745315024703344,5.403504829327168,39.699999999999996,63.43152167658678,59.65774413365705,51.91538461538461,97.67035541995685,91.85958209856184,PPG
RB,2023,00-0034681,Chase Edmonds,13.0,11.040564599825757,3.0538461538461537,5.745315024703344,5.403504829327168,39.699999999999996,63.43152167658678,59.65774413365705,51.91538461538461,97.67035541995685,91.85958209856184,SEASON
RB,2023,00-0034750,Rashaad Penny,3.0,7.356319024498483,1.6,8.913564080685724,9.350491912782582,4.800000000000001,65.57102102283473,68.78520154642172,27.200000000000003,151.5305893716573,158.9583625173039,PPG
RB,2023,00-0034750,Rashaad Penny,3.0,7.356319024498483,1.6,8.913564080685724,9.350491912782582,4.800000000000001,65.57102102283473,68.78520154642172,27.200000000000003,151.5305893716573,158.9583625173039,SEASON
RB,2023,00-0034791,Nick Chubb,2.0,12.882687387489392,11.55,13.514942894585559,13.403733154329462,23.1,174.10878437071676,172.67610405255357,196.35000000000002,229.7540292079545,227.86346362360086,PPG
RB,2023,00-0034791,Nick Chubb,2.0,12.882687387489392,11.55,13.514942894585559,13.403733154329462,23.1,174.10878437071676,172.67610405255357,196.35000000000002,229.7540292079545,227.86346362360086,SEASON
RB,2023,00-0034838,Royce Freeman,11.0,6.895788327582574,4.2,4.649490988158228,5.43508511479799,46.2,32.06190568534188,37.47919649404177,71.4,79.04134679868989,92.39644695156582,PPG
RB,2023,00-0034838,Royce Freeman,11.0,6.895788327582574,4.2,4.649490988158228,5.43508511479799,46.2,32.06190568534188,37.47919649404177,71.4,79.04134679868989,92.39644695156582,SEASON
RB,2023,00-0034844,Saquon Barkley,14.0,12.422156690573484,15.8,14.208286168853979,14.35143084370038,221.20000000000002,176.49755709401214,178.27572267437532,268.6,241.54086487051765,243.97432434290644,PPG
RB,2023,00-0034844,Saquon Barkley,14.0,12.422156690573484,15.8,14.208286168853979,14.35143084370038,221.20000000000002,176.49755709401214,178.27572267437532,268.6,241.54086487051765,243.97432434290644,SEASON
RB,2023,00-0034972,Alexander Mattison,16.0,12.882687387489392,8.2,5.655096916711549,4.908001221292495,131.2,72.85284572395003,63.22824543132736,139.39999999999998,96.13664758409632,83.43602076197242,PPG
RB,2023,00-0034972,Alexander Mattison,16.0,12.882687387489392,8.2,5.655096916711549,4.908001221292495,131.2,72.85284572395003,63.22824543132736,139.39999999999998,96.13664758409632,83.43602076197242,SEASON
RB,2023,00-0034975,Justice Hill,16.0,11.961625993657574,6.76875,4.242148216603121,3.4266438104425143,108.3,50.742990376668004,40.98823167399502,115.06875,72.11651968225306,58.25294477752274,PPG
RB,2023,00-0034975,Justice Hill,16.0,11.961625993657574,6.76875,4.242148216603121,3.4266438104425143,108.3,50.742990376668004,40.98823167399502,115.06875,72.11651968225306,58.25294477752274,SEASON
RB,2023,00-0035184,Devine Ozigbo,1.0,6.435257630666666,2.3,1.9921688507829287,1.7471829745291334,2.3,12.820119798577284,11.243572569009489,39.099999999999994,33.86687046330979,29.702110566995266,PPG
RB,2023,00-0035184,Devine Ozigbo,1.0,6.435257630666666,2.3,1.9921688507829287,1.7471829745291334,2.3,12.820119798577284,11.243572569009489,39.099999999999994,33.86687046330979,29.702110566995266,SEASON
RB,2023,00-0035243,Miles Sanders,16.0,12.882687387489392,5.35,11.598059153601083,10.997552913666244,85.6,149.41417037745256,141.67803621413535,90.94999999999999,197.1670056112184,186.95839953232615,PPG
RB,2023,00-0035243,Miles Sanders,16.0,12.882687387489392,5.35,11.598059153601083,10.997552913666244,85.6,149.41417037745256,141.67803621413535,90.94999999999999,197.1670056112184,186.95839953232615,SEASON
RB,2023,00-0035250,Devin Singletary,17.0,12.422156690573484,9.535294117647059,9.669300748583337,9.867335650911894,162.1,120.1135689871817,122.57358957410945,162.1,164.37811272591674,167.74470606550219,PPG
RB,2023,00-0035250,Devin Singletary,17.0,12.422156690573484,9.535294117647059,9.669300748583337,9.867335650911894,162.1,120.1135689871817,122.57358957410945,162.1,164.37811272591674,167.74470606550219,SEASON
RB,2023,00-0035261,Tony Pollard,17.0,12.422156690573484,12.91764705882353,12.726699096922733,12.369296996989199,219.6,158.09305033575424,153.65334544883987,219.6,216.35388464768647,210.27804894881638,PPG
RB,2023,00-0035261,Tony Pollard,17.0,12.422156690573484,12.91764705882353,12.726699096922733,12.369296996989199,219.6,158.09305033575424,153.65334544883987,219.6,216.35388464768647,210.27804894881638,SEASON
RB,2023,00-0035291,Trayveon Williams,16.0,8.277380418330301,0.93125,1.781778540498282,2.135284961558071,14.9,14.748458800921622,17.674565928355946,15.83125,30.290235188470795,36.299844346487205,PPG
RB,2023,00-0035291,Trayveon Williams,16.0,8.277380418330301,0.93125,1.781778540498282,2.135284961558071,14.9,14.748458800921622,17.674565928355946,15.83125,30.290235188470795,36.299844346487205,SEASON
RB,2023,00-0035537,Ty Johnson,9.0,10.580033902909847,3.488888888888889,3.3363548596705934,4.089915011355226,31.4,35.2987475274529,43.2714394801582,59.31111111111111,56.71803261440009,69.52855519303884,PPG
RB,2023,00-0035537,Ty Johnson,9.0,10.580033902909847,3.488888888888889,3.3363548596705934,4.089915011355226,31.4,35.2987475274529,43.2714394801582,59.31111111111111,56.71803261440009,69.52855519303884,SEASON
RB,2023,00-0035567,Craig Reynolds,12.0,7.816849721414393,2.55,4.865442129421086,5.273945655515978,30.599999999999998,38.032429953923064,41.225640628074714,43.349999999999994,82.71251620015846,89.65707614377162,PPG
RB,2023,00-0035567,Craig Reynolds,12.0,7.816849721414393,2.55,4.865442129421086,5.273945655515978,30.599999999999998,38.032429953923064,41.225640628074714,43.349999999999994,82.71251620015846,89.65707614377162,SEASON
RB,2023,00-0035594,Travis Homer,7.0,9.65897250907803,0.0,4.237209958066665,4.606966515176476,0.0,40.92709450015759,44.49856292033259,0.0,72.03256928713331,78.31843075800009,PPG
RB,2023,00-0035594,Travis Homer,7.0,9.65897250907803,0.0,4.237209958066665,4.606966515176476,0.0,40.92709450015759,44.49856292033259,0.0,72.03256928713331,78.31843075800009,SEASON
RB,2023,00-0035628,D'Ernest Johnson,16.0,9.19844181216212,2.175,2.581553939453045,1.725470252724092,34.8,23.746273697016726,15.871637718299226,36.974999999999994,43.88641697070177,29.332994296309565,PPG
RB,2023,00-0035628,D'Ernest Johnson,16.0,9.19844181216212,2.175,2.581553939453045,1.725470252724092,34.8,23.746273697016726,15.871637718299226,36.974999999999994,43.88641697070177,29.332994296309565,SEASON
RB,2023,00-0035657,Damien Harris,6.0,10.119503205993938,3.166666666666667,7.431988031880188,7.6228893152156685,19.0,75.20802671552013,77.1398528642619,53.833333333333336,126.3437965419632,129.58911835866635,PPG
RB,2023,00-0035657,Damien Harris,6.0,10.119503205993938,3.166666666666667,7.431988031880188,7.6228893152156685,19.0,75.20802671552013,77.1398528642619,53.833333333333336,126.3437965419632,129.58911835866635,SEASON
RB,2023,00-0035664,Darrell Henderson,4.0,9.65897250907803,10.875,6.261246512412167,6.661964188410755,43.5,60.477207935949814,64.3477289523218,184.875,106.44119071100684,113.25339120298283,PPG
RB,2023,00-0035664,Darrell Henderson,4.0,9.65897250907803,10.875,6.261246512412167,6.661964188410755,43.5,60.477207935949814,64.3477289523218,184.875,106.44119071100684,113.25339120298283,SEASON
RB,2023,00-0035685,David Montgomery,14.0,12.422156690573484,14.657142857142858,9.727929237733328,9.665950784592265,205.20000000000002,120.84186126593447,120.07195520957683,249.17142857142858,165.37479704146656,164.32116333806852,PPG
RB,2023,00-0035685,David Montgomery,14.0,12.422156690573484,14.657142857142858,9.727929237733328,9.665950784592265,205.20000000000002,120.84186126593447,120.07195520957683,249.17142857142858,165.37479704146656,164.32116333806852,SEASON
RB,2023,00-0035700,Josh Jacobs,13.0,12.882687387489392,13.700000000000001,15.61452665817418,15.6571186714406,178.10000000000002,201.1570656408774,201.7057652329925,232.9,265.44695318896106,266.17101741449017,PPG
RB,2023,00-0035700,Josh Jacobs,13.0,12.882687387489392,13.700000000000001,15.61452665817418,15.6571186714406,178.10000000000002,201.1570656408774,201.7057652329925,232.9,265.44695318896106,266.17101741449017,SEASON
RB,2023,00-0035726,Jakob Johnson,8.0,10.119503205993938,0.275,1.4835293616657181,1.6847067778824345,2.2,15.012580131562375,17.048395639941013,4.675000000000001,25.219999148317207,28.640015224001388,PPG
RB,2023,00-0035726,Jakob Johnson,8.0,10.119503205993938,0.275,1.4835293616657181,1.6847067778824345,2.2,15.012580131562375,17.048395639941013,4.675000000000001,25.219999148317207,28.640015224001388,SEASON
RB,2023,00-0035806,JaMycal Hasty,1.0,11.501095296741665,0.0,4.647775551450952,5.08989708286581,0.0,53.45450953510344,58.53939140064709,0.0,79.01218437466618,86.52825040871876,PPG
RB,2023,00-0035806,JaMycal Hasty,1.0,11.501095296741665,0.0,4.647775551450952,5.08989708286581,0.0,53.45450953510344,58.53939140064709,0.0,79.01218437466618,86.52825040871876,SEASON
RB,2023,00-0035831,James Robinson,1.0,10.119503205993938,1.2,7.520110343122016,6.986574001663795,1.2,76.09978072665142,70.70065800875068,20.4,127.84187583307427,118.77175802828452,PPG
RB,2023,00-0035831,James Robinson,1.0,10.119503205993938,1.2,7.520110343122016,6.986574001663795,1.2,76.09978072665142,70.70065800875068,20.4,127.84187583307427,118.77175802828452,SEASON
RB,2023,00-0035860,Tony Jones,6.0,6.435257630666666,5.366666666666667,3.3779919908972875,4.073281557460334,32.2,21.738248735752652,26.21261622450041,91.23333333333335,57.425863845253886,69.24578647682567,PPG
RB,2023,00-0035860,Tony Jones,6.0,6.435257630666666,5.366666666666667,3.3779919908972875,4.073281557460334,32.2,21.738248735752652,26.21261622450041,91.23333333333335,57.425863845253886,69.24578647682567,SEASON
RB,2023,00-0035924,Jonathan Ward,2.0,6.895788327582574,0.55,2.342947984263386,2.313498214727343,1.1,16.156473362016577,15.953393984999936,9.350000000000001,39.830115732477566,39.329469650364835,PPG
RB,2023,00-0035924,Jonathan Ward,2.0,6.895788327582574,0.55,2.342947984263386,2.313498214727343,1.1,16.156473362016577,15.953393984999936,9.350000000000001,39.830115732477566,39.329469650364835,SEASON
RB,2023,00-0035973,Patrick Taylor,11.0,7.816849721414393,2.7272727272727275,1.8880543935090564,2.0403290297311236,30.000000000000004,14.758637459916487,15.948945407647432,46.36363636363637,32.09692468965396,34.685593505429104,PPG
RB,2023,00-0035973,Patrick Taylor,11.0,7.816849721414393,2.7272727272727275,1.8880543935090564,2.0403290297311236,30.000000000000004,14.758637459916487,15.948945407647432,46.36363636363637,32.09692468965396,34.685593505429104,SEASON
RB,2023,00-0036020,Salvon Ahmed,7.0,7.816849721414393,6.128571428571428,2.7090120601922094,2.9405726854767487,42.9,21.1759401680217,22.986014777267695,104.18571428571428,46.05320502326756,49.98973565310473,PPG
RB,2023,00-0036020,Salvon Ahmed,7.0,7.816849721414393,6.128571428571428,2.7090120601922094,2.9405726854767487,42.9,21.1759401680217,22.986014777267695,104.18571428571428,46.05320502326756,49.98973565310473,SEASON
RB,2023,00-0036158,J.K. Dobbins,1.0,8.737911115246211,11.7,8.793728089446676,8.851862593781636,11.7,76.83881441722893,77.34678854883671,198.89999999999998,149.4933775205935,150.48166409428782,PPG
RB,2023,00-0036158,J.K. Dobbins,1.0,8.737911115246211,11.7,8.793728089446676,8.851862593781636,11.7,76.83881441722893,77.34678854883671,198.89999999999998,149.4933775205935,150.48166409428782,SEASON
RB,2023,00-0036187,Reggie Gilliam,5.0,8.277380418330301,0.26,3.411736408029497,3.183963575282718,1.3,28.24024013632792,26.354877750722103,4.42,57.99951893650145,54.1273807798062,PPG
RB,2023,00-0036187,Reggie Gilliam,5.0,8.277380418330301,0.26,3.411736408029497,3.183963575282718,1.3,28.24024013632792,26.354877750722103,4.42,57.99951893650145,54.1273807798062,SEASON
RB,2023,00-0036223,Jonathan Taylor,10.0,10.119503205993938,15.540000000000001,11.345966439618447,11.905274559578089,155.4,114.8155437608185,120.47546407388855,264.18,192.8814294735136,202.38966751282751,PPG
RB,2023,00-0036223,Jonathan Taylor,10.0,10.119503205993938,15.540000000000001,11.345966439618447,11.905274559578089,155.4,114.8155437608185,120.47546407388855,264.18,192.8814294735136,202.38966751282751,SEASON
RB,2023,00-0036251,Zack Moss,14.0,11.040564599825757,12.114285714285714,5.124127793499082,5.715418027361466,169.6,56.57326392188923,63.101441946092955,205.94285714285712,87.1101724894844,97.16210646514492,PPG
RB,2023,00-0036251,Zack Moss,14.0,11.040564599825757,12.114285714285714,5.124127793499082,5.715418027361466,169.6,56.57326392188923,63.101441946092955,205.94285714285712,87.1101724894844,97.16210646514492,SEASON
RB,2023,00-0036265,AJ Dillon,15.0,12.882687387489392,7.84,8.399789729037384,8.55726613682435,117.6,108.21186519983284,110.24058453225712,133.28,142.79642539363553,145.47352432601394,PPG
RB,2023,00-0036265,AJ Dillon,15.0,12.882687387489392,7.84,8.399789729037384,8.55726613682435,117.6,108.21186519983284,110.24058453225712,133.28,142.79642539363553,145.47352432601394,SEASON
RB,2023,00-0036275,D'Andre Swift,16.0,11.501095296741665,12.26875,11.419120754297529,11.08209322785087,196.3,131.33239600017646,127.45621030088829,208.56875000000002,194.12505282305798,188.39558487346477,PPG
RB,2023,00-0036275,D'Andre Swift,16.0,11.501095296741665,12.26875,11.419120754297529,11.08209322785087,196.3,131.33239600017646,127.45621030088829,208.56875000000002,194.12505282305798,188.39558487346477,SEASON
RB,2023,00-0036297,Darrynton Evans,6.0,6.435257630666666,5.0,2.733944597661764,4.079809405347506,30.0,17.593637833922774,26.254624607428166,85.0,46.47705816024998,69.3567598909076,PPG
RB,2023,00-0036297,Darrynton Evans,6.0,6.435257630666666,5.0,2.733944597661764,4.079809405347506,30.0,17.593637833922774,26.254624607428166,85.0,46.47705816024998,69.3567598909076,SEASON
RB,2023,00-0036328,Antonio Gibson,16.0,11.961625993657574,7.775,9.535632210575978,9.373053255504505,124.4,114.06166611598404,112.11695746097944,132.175,162.10574757979163,159.3419053435766,PPG
RB,2023,00-0036328,Antonio Gibson,16.0,11.961625993657574,7.775,9.535632210575978,9.373053255504505,124.4,114.06166611598404,112.11695746097944,132.175,162.10574757979163,159.3419053435766,SEASON
RB,2023,00-0036360,Clyde Edwards-Helaire,15.0,9.65897250907803,4.673333333333334,8.363967023328552,8.11909475665194,70.10000000000001,80.78732754516568,78.42211305310066,79.44666666666667,142.18743939658538,138.02461086308298,PPG
RB,2023,00-0036360,Clyde Edwards-Helaire,15.0,9.65897250907803,4.673333333333334,8.363967023328552,8.11909475665194,70.10000000000001,80.78732754516568,78.42211305310066,79.44666666666667,142.18743939658538,138.02461086308298,SEASON
RB,2023,00-0036370,Joshua Kelley,17.0,10.580033902909847,3.570588235294118,5.374473949900422,5.655343084454083,60.7,56.862116600252264,59.833721566110945,60.7,91.36605714830718,96.14083243571942,PPG
RB,2023,00-0036370,Joshua Kelley,17.0,10.580033902909847,3.570588235294118,5.374473949900422,5.655343084454083,60.7,56.862116600252264,59.833721566110945,60.7,91.36605714830718,96.14083243571942,SEASON
RB,2023,00-0036414,Cam Akers,7.0,11.961625993657574,6.671428571428571,7.246367588679414,8.37207025437917,46.699999999999996,86.67833890834542,100.14357317550925,113.41428571428571,123.18824900755004,142.32519432444587,PPG
RB,2023,00-0036414,Cam Akers,7.0,11.961625993657574,6.671428571428571,7.246367588679414,8.37207025437917,46.699999999999996,86.67833890834542,100.14357317550925,113.41428571428571,123.18824900755004,142.32519432444587,SEASON
RB,2023,00-0036425,DeeJay Dallas,17.0,11.961625993657574,0.7176470588235294,3.971809484773211,3.9050444017102595,12.2,47.509299574918934,46.71068062188443,12.2,67.52076124114458,66.38575482907441,PPG
RB,2023,00-0036425,DeeJay Dallas,17.0,11.961625993657574,0.7176470588235294,3.971809484773211,3.9050444017102595,12.2,47.509299574918934,46.71068062188443,12.2,67.52076124114458,66.38575482907441,SEASON
RB,2023,00-0036450,Ke'Shawn Vaughn,5.0,7.816849721414393,1.2800000000000002,2.5848455614629215,2.6482302741531827,6.400000000000001,20.20534930702067,20.700818080755468,21.760000000000005,43.942374544869665,45.01991466060411,PPG
RB,2023,00-0036450,Ke'Shawn Vaughn,5.0,7.816849721414393,1.2800000000000002,2.5848455614629215,2.6482302741531827,6.400000000000001,20.20534930702067,20.700818080755468,21.760000000000005,43.942374544869665,45.01991466060411,SEASON
RB,2023,00-0036493,Deon Jackson,2.0,10.580033902909847,1.0,6.86701601248191,6.437003980917592,2.0,72.6532622238834,68.10372035127378,17.0,116.73927221219247,109.42906767559907,PPG
RB,2023,00-0036493,Deon Jackson,2.0,10.580033902909847,1.0,6.86701601248191,6.437003980917592,2.0,72.6532622238834,68.10372035127378,17.0,116.73927221219247,109.42906767559907,SEASON
RB,2023,00-0036555,Chuba Hubbard,17.0,11.501095296741665,10.676470588235295,5.924486883159522,6.4496036248330775,181.50000000000003,68.13808822751368,74.17750591541571,181.50000000000003,100.71627701371187,109.64326162216231,PPG
RB,2023,00-0036555,Chuba Hubbard,17.0,11.501095296741665,10.676470588235295,5.924486883159522,6.4496036248330775,181.50000000000003,68.13808822751368,74.17750591541571,181.50000000000003,100.71627701371187,109.64326162216231,SEASON
RB,2023,00-0036567,Elijah Mitchell,11.0,7.356319024498483,4.318181818181818,7.872209323901426,7.903409165042664,47.5,57.910483214250405,58.139999199199025,73.4090909090909,133.82755850632424,134.35795580572528,PPG
RB,2023,00-0036567,Elijah Mitchell,11.0,7.356319024498483,4.318181818181818,7.872209323901426,7.903409165042664,47.5,57.910483214250405,58.139999199199025,73.4090909090909,133.82755850632424,134.35795580572528,SEASON
RB,2023,00-0036569,Gary Brightwell,4.0,11.961625993657574,2.9,3.6514359823561198,2.76425802309047,11.6,43.67711156072754,33.06502062217546,49.3,62.074411700054036,46.99238639253799,PPG
RB,2023,00-0036569,Gary Brightwell,4.0,11.961625993657574,2.9,3.6514359823561198,2.76425802309047,11.6,43.67711156072754,33.06502062217546,49.3,62.074411700054036,46.99238639253799,SEASON
RB,2023,00-0036842,Kene Nwangwu,8.0,11.501095296741665,0.1625,2.0411148892853364,1.6487266596482701,1.3,23.475056853268967,18.962162430893315,2.7625,34.69895311785072,28.02835321402059,PPG
RB,2023,00-0036842,Kene Nwangwu,8.0,11.501095296741665,0.1625,2.0411148892853364,1.6487266596482701,1.3,23.475056853268967,18.962162430893315,2.7625,34.69895311785072,28.02835321402059,SEASON
RB,2023,00-0036857,Chris Evans,3.0,9.65897250907803,0.7333333333333334,2.8684676247028387,2.0133011270672925,2.2,27.706449930185073,19.44642023883879,12.466666666666669,48.76394961994826,34.22611916014397,PPG
RB,2023,00-0036857,Chris Evans,3.0,9.65897250907803,0.7333333333333334,2.8684676247028387,2.0133011270672925,2.2,27.706449930185073,19.44642023883879,12.466666666666669,48.76394961994826,34.22611916014397,SEASON
RB,2023,00-0036875,Rhamondre Stevenson,12.0,12.882687387489392,12.058333333333334,12.1641051789727,12.295963105521833,144.7,156.70636436924602,158.405048816541,204.99166666666667,206.78978804253592,209.03137279387116,PPG
RB,2023,00-0036875,Rhamondre Stevenson,12.0,12.882687387489392,12.058333333333334,12.1641051789727,12.295963105521833,144.7,156.70636436924602,158.405048816541,204.99166666666667,206.78978804253592,209.03137279387116,SEASON
RB,2023,00-0036893,Najee Harris,17.0,12.882687387489392,11.382352941176471,11.215351546546348,11.173195132710788,193.5,144.4838679149523,143.94078001413112,193.5,190.6609762912879,189.9443172560834,PPG
RB,2023,00-0036893,Najee Harris,17.0,12.882687387489392,11.382352941176471,11.215351546546348,11.173195132710788,193.5,144.4838679149523,143.94078001413112,193.5,190.6609762912879,189.9443172560834,SEASON
RB,2023,00-0036906,Khalil Herbert,12.0,11.040564599825757,9.291666666666666,8.183713088762488,7.8685912030379255,111.5,90.35281302292182,86.87368948676088,157.95833333333331,139.1231225089623,133.76605045164473,PPG
RB,2023,00-0036906,Khalil Herbert,12.0,11.040564599825757,9.291666666666666,8.183713088762488,7.8685912030379255,111.5,90.35281302292182,86.87368948676088,157.95833333333331,139.1231225089623,133.76605045164473,SEASON
RB,2023,00-0036919,Kenny Gainwell,16.0,12.882687387489392,5.856249999999999,4.772084104767272,4.928778026105865,93.69999999999999,61.47726770852394,63.495906512648894,99.55624999999999,81.12542978104362,83.7892264437997,PPG
RB,2023,00-0036919,Kenny Gainwell,16.0,12.882687387489392,5.856249999999999,4.772084104767272,4.928778026105865,93.69999999999999,61.47726770852394,63.495906512648894,99.55624999999999,81.12542978104362,83.7892264437997,SEASON
RB,2023,00-0036924,Michael Carter,15.0,12.422156690573484,3.92,7.769348052644615,7.122077707884316,58.8,96.51205889355337,88.47156524977942,66.64,132.07891689495844,121.07532103403337,PPG
RB,2023,00-0036924,Michael Carter,15.0,12.422156690573484,3.92,7.769348052644615,7.122077707884316,58.8,96.51205889355337,88.47156524977942,66.64,132.07891689495844,121.07532103403337,SEASON
RB,2023,00-0036973,Travis Etienne,17.0,12.882687387489392,16.611764705882354,10.3858272854491,10.66358186143584,282.40000000000003,133.7973661788983,137.37559155178016,282.40000000000003,176.5590638526347,181.28089164440928,PPG
RB,2023,00-0036973,Travis Etienne,17.0,12.882687387489392,16.611764705882354,10.3858272854491,10.66358186143584,282.40000000000003,133.7973661788983,137.37559155178016,282.40000000000003,176.5590638526347,181.28089164440928,SEASON
RB,2023,00-0036997,Javonte Williams,16.0,6.895788327582574,11.1375,9.489858966266304,10.021099190034333,178.2,65.44005868998401,69.10337882418594,189.33749999999998,161.32760242652716,170.35868623058366,PPG
RB,2023,00-0036997,Javonte Williams,16.0,6.895788327582574,11.1375,9.489858966266304,10.021099190034333,178.2,65.44005868998401,69.10337882418594,189.33749999999998,161.32760242652716,170.35868623058366,SEASON
RB,2023,00-0037157,Bam Knight,2.0,8.277380418330301,1.55,7.596402207831638,8.11873622323543,3.1,62.87831088486667,67.20186823579786,26.35,129.13883753313786,138.01851579500232,PPG
RB,2023,00-0037157,Bam Knight,2.0,8.277380418330301,1.55,7.596402207831638,8.11873622323543,3.1,62.87831088486667,67.20186823579786,26.35,129.13883753313786,138.01851579500232,SEASON
RB,2023,00-0037197,Isiah Pacheco,14.0,12.882687387489392,15.207142857142857,7.736001989238601,7.681429875635432,212.9,99.66049525635698,98.95745977673279,258.5214285714286,131.51203381705622,130.58430788580236,PPG
RB,2023,00-0037197,Isiah Pacheco,14.0,12.882687387489392,15.207142857142857,7.736001989238601,7.681429875635432,212.9,99.66049525635698,98.95745977673279,258.5214285714286,131.51203381705622,130.58430788580236,SEASON
RB,2023,00-0037228,Jaylen Warren,17.0,12.422156690573484,11.317647058823532,6.489826273425529,6.125677586965292,192.40000000000003,80.61763886309252,76.09412682121693,192.40000000000003,110.327046648234,104.13651897840997,PPG
RB,2023,00-0037228,Jaylen Warren,17.0,12.422156690573484,11.317647058823532,6.489826273425529,6.125677586965292,192.40000000000003,80.61763886309252,76.09412682121693,192.40000000000003,110.327046648234,104.13651897840997,SEASON
RB,2023,00-0037248,James Cook,17.0,12.422156690573484,13.45294117647059,6.733022833006586,6.622317721817514,228.70000000000005,83.6386646328168,82.26346839517878,228.70000000000005,114.46138816111197,112.57940127089773,PPG
RB,2023,00-0037248,James Cook,17.0,12.422156690573484,13.45294117647059,6.733022833006586,6.622317721817514,228.70000000000005,83.6386646328168,82.26346839517878,228.70000000000005,114.46138816111197,112.57940127089773,SEASON
RB,2023,00-0037256,Rachaad White,17.0,12.882687387489392,15.582352941176472,8.590548873199452,8.174163328262576,264.90000000000003,110.6693556203778,105.30519081228661,264.90000000000003,146.0393308443907,138.9607765804638,PPG
RB,2023,00-0037256,Rachaad White,17.0,12.882687387489392,15.582352941176472,8.590548873199452,8.174163328262576,264.90000000000003,110.6693556203778,105.30519081228661,264.90000000000003,146.0393308443907,138.9607765804638,SEASON
RB,2023,00-0037258,Dameon Pierce,14.0,11.040564599825757,5.478571428571429,10.983268808884162,11.536556698814143,76.7,121.26148880173689,127.37009949281013,93.13571428571429,186.71556975103076,196.12146387984043,PPG
RB,2023,00-0037258,Dameon Pierce,14.0,11.040564599825757,5.478571428571429,10.983268808884162,11.536556698814143,76.7,121.26148880173689,127.37009949281013,93.13571428571429,186.71556975103076,196.12146387984043,SEASON
RB,2023,00-0037263,Tyler Allgeier,17.0,12.422156690573484,8.094117647058823,8.951703237265928,8.962966937986721,137.6,111.19946026083126,111.33937971610068,137.6,152.17895503352077,152.37043794577426,PPG
RB,2023,00-0037263,Tyler Allgeier,17.0,12.422156690573484,8.094117647058823,8.951703237265928,8.962966937986721,137.6,111.19946026083126,111.33937971610068,137.6,152.17895503352077,152.37043794577426,SEASON
RB,2023,00-0037267,Jerome Ford,17.0,11.040564599825757,12.36470588235294,1.8532210952171997,1.4047638242010532,210.2,20.460607219505334,15.50938574859,210.2,31.504758618692396,23.880985011417906,PPG
RB,2023,00-0037267,Jerome Ford,17.0,11.040564599825757,12.36470588235294,1.8532210952171997,1.4047638242010532,210.2,20.460607219505334,15.50938574859,210.2,31.504758618692396,23.880985011417906,SEASON
RB,2023,00-0037286,Kevin Harris,4.0,7.356319024498483,5.325,2.7845106688511665,3.23886830210807,21.3,20.48374880718883,23.8261485086427,90.525,47.33668137046983,55.0607611358372,PPG
RB,2023,00-0037286,Kevin Harris,4.0,7.356319024498483,5.325,2.7845106688511665,3.23886830210807,21.3,20.48374880718883,23.8261485086427,90.525,47.33668137046983,55.0607611358372,SEASON
RB,2023,00-0037299,Keaontay Ingram,7.0,10.119503205993938,2.0,2.656863996578932,2.4582734274671636,14.0,26.88614373127037,24.876505830463667,34.0,45.16668794184184,41.79064826694178,PPG
RB,2023,00-0037299,Keaontay Ingram,7.0,10.119503205993938,2.0,2.656863996578932,2.4582734274671636,14.0,26.88614373127037,24.876505830463667,34.0,45.16668794184184,41.79064826694178,SEASON
RB,2023,00-0037429,Raheem Blackshear,9.0,11.040564599825757,1.9,3.456876960969576,3.867365494360774,17.099999999999998,38.165873401233945,42.6978985716272,32.3,58.76690833648279,65.74521340413315,PPG
RB,2023,00-0037429,Raheem Blackshear,9.0,11.040564599825757,1.9,3.456876960969576,3.867365494360774,17.099999999999998,38.165873401233945,42.6978985716272,32.3,58.76690833648279,65.74521340413315,SEASON
RB,2023,00-0037525,Jordan Mason,16.0,10.580033902909847,2.79375,3.5846464925936243,3.3371788118582333,44.7,37.92568142158741,35.30746496953251,47.493750000000006,60.93899037409162,56.73203980158996,PPG
RB,2023,00-0037525,Jordan Mason,16.0,10.580033902909847,2.79375,3.5846464925936243,3.3371788118582333,44.7,37.92568142158741,35.30746496953251,47.493750000000006,60.93899037409162,56.73203980158996,SEASON
RB,2023,00-0037563,Malik Davis,1.0,7.816849721414393,0.0,5.900876836376,5.585930127655228,0.0,46.12626745452638,43.664376362202034,0.0,100.314906218392,94.96081217013888,PPG
RB,2023,00-0037563,Malik Davis,1.0,7.816849721414393,0.0,5.900876836376,5.585930127655228,0.0,46.12626745452638,43.664376362202034,0.0,100.314906218392,94.96081217013888,SEASON
RB,2023,00-0037594,Julius Chestnut,1.0,7.816849721414393,0.0,1.8901002196847605,2.337933751138415,0.0,14.774629375688102,18.275276791271626,0.0,32.13170373464093,39.744873769353056,PPG
RB,2023,00-0037594,Julius Chestnut,1.0,7.816849721414393,0.0,1.8901002196847605,2.337933751138415,0.0,14.774629375688102,18.275276791271626,0.0,32.13170373464093,39.744873769353056,SEASON
RB,2023,00-0037746,Brian Robinson,15.0,10.580033902909847,12.94,8.927711177235842,8.746488620999905,194.1,94.45548693054239,92.53814614159418,219.98,151.7710900130093,148.6903065569984,PPG
RB,2023,00-0037746,Brian Robinson,15.0,10.580033902909847,12.94,8.927711177235842,8.746488620999905,194.1,94.45548693054239,92.53814614159418,219.98,151.7710900130093,148.6903065569984,SEASON
RB,2023,00-0037827,Tyrion Davis-Price,1.0,7.356319024498483,2.1,2.7088851336039417,3.3261492455306123,2.1,19.927423243511793,24.46821497321812,35.7,46.05104727126701,56.54453717402041,PPG
RB,2023,00-0037827,Tyrion Davis-Price,1.0,7.356319024498483,2.1,2.7088851336039417,3.3261492455306123,2.1,19.927423243511793,24.46821497321812,35.7,46.05104727126701,56.54453717402041,SEASON
RB,2023,00-0037840,Kyren Williams,12.0,8.737911115246211,21.0,4.676046401578812,4.297007068748844,252.0,40.858877827762555,37.546865828312065,357.0,79.49278882683981,73.04912016873034,PPG
RB,2023,00-0037840,Kyren Williams,12.0,8.737911115246211,21.0,4.676046401578812,4.297007068748844,252.0,40.858877827762555,37.546865828312065,357.0,79.49278882683981,73.04912016873034,SEASON
RB,2023,00-0038040,Zamir White,13.0,10.119503205993938,5.607692307692308,2.4543157728178384,1.845334719131889,72.9,24.836456331551606,18.673870606387073,95.33076923076923,41.72336813790325,31.37069022524211,PPG
RB,2023,00-0038040,Zamir White,13.0,10.119503205993938,5.607692307692308,2.4543157728178384,1.845334719131889,72.9,24.836456331551606,18.673870606387073,95.33076923076923,41.72336813790325,31.37069022524211,SEASON
RB,2023,00-0038045,Isaiah Spiller,9.0,7.356319024498483,2.1111111111111107,2.627934692176753,2.8123032021711856,18.999999999999996,19.331925971199414,20.688199548789896,35.888888888888886,44.6748897670048,47.809154436910156,PPG
RB,2023,00-0038045,Isaiah Spiller,9.0,7.356319024498483,2.1111111111111107,2.627934692176753,2.8123032021711856,18.999999999999996,19.331925971199414,20.688199548789896,35.888888888888886,44.6748897670048,47.809154436910156,SEASON
RB,2023,00-0038098,Pierre Strong,16.0,9.65897250907803,2.6125,2.64287643276581,3.2979650198923744,41.8,25.52747080897517,31.854953463041422,44.412499999999994,44.92889935701877,56.065405338170365,PPG
RB,2023,00-0038098,Pierre Strong,16.0,9.65897250907803,2.6125,2.64287643276581,3.2979650198923744,41.8,25.52747080897517,31.854953463041422,44.412499999999994,44.92889935701877,56.065405338170365,SEASON
RB,2023,00-0038120,Breece Hall,17.0,8.277380418330301,16.97058823529412,12.479925604336131,13.182108795294825,288.50000000000006,103.30109181955083,109.11332921447303,288.50000000000006,212.15873527371423,224.09584952001202,PPG
RB,2023,00-0038120,Breece Hall,17.0,8.277380418330301,16.97058823529412,12.479925604336131,13.182108795294825,288.50000000000006,103.30109181955083,109.11332921447303,288.50000000000006,212.15873527371423,224.09584952001202,SEASON
RB,2023,00-0038134,Kenneth Walker III,15.0,11.961625993657574,13.226666666666668,10.933625109902497,11.103049669364278,198.40000000000003,130.78393431951685,132.81052753393888,224.85333333333335,185.87162686834245,188.75184437919273,PPG
RB,2023,00-0038134,Kenneth Walker III,15.0,11.961625993657574,13.226666666666668,10.933625109902497,11.103049669364278,198.40000000000003,130.78393431951685,132.81052753393888,224.85333333333335,185.87162686834245,188.75184437919273,SEASON
RB,2024,00-0030578,Cordarrelle Patterson,13.0,10.675989019608604,2.807692307692308,4.06132074073925,3.916692094339618,36.5,43.35861563324091,41.81456179235759,47.73076923076923,69.04245259256724,66.58376560377351,PPG
RB,2024,00-0030578,Cordarrelle Patterson,13.0,10.675989019608604,2.807692307692308,4.06132074073925,3.916692094339618,36.5,43.35861563324091,41.81456179235759,47.73076923076923,69.04245259256724,66.58376560377351,SEASON
RB,2024,00-0031687,Raheem Mostert,13.0,12.211967325954,5.3,13.076002704462114,12.62837986939241,68.89999999999999,159.68371778097747,154.21736234475534,90.1,222.29204597585596,214.68245777967095,PPG
RB,2024,00-0031687,Raheem Mostert,13.0,12.211967325954,5.3,13.076002704462114,12.62837986939241,68.89999999999999,159.68371778097747,154.21736234475534,90.1,222.29204597585596,214.68245777967095,SEASON
RB,2024,00-0032104,Ameer Abdullah,15.0,12.723960094735798,8.280000000000001,4.5342661154116986,3.2826312330444254,124.20000000000002,57.693821111411154,41.768068814990635,140.76000000000002,77.08252396199887,55.80473096175523,PPG
RB,2024,00-0032104,Ameer Abdullah,15.0,12.723960094735798,8.280000000000001,4.5342661154116986,3.2826312330444254,124.20000000000002,57.693821111411154,41.768068814990635,140.76000000000002,77.08252396199887,55.80473096175523,SEASON
RB,2024,00-0032764,Derrick Henry,17.0,13.235952863517598,19.611764705882354,10.485950628376404,11.295073342675966,333.40000000000003,138.79154824636282,149.50105835363325,333.40000000000003,178.26116068239887,192.01624682549144,PPG
RB,2024,00-0032764,Derrick Henry,17.0,13.235952863517598,19.611764705882354,10.485950628376404,11.295073342675966,333.40000000000003,138.79154824636282,149.50105835363325,333.40000000000003,178.26116068239887,192.01624682549144,SEASON
RB,2024,00-0033045,Ezekiel Elliott,15.0,13.235952863517598,3.766666666666667,8.677019467052661,9.806514132971788,56.50000000000001,114.8486206617336,129.79855881943374,64.03333333333335,147.50933093989525,166.7107402605204,PPG
RB,2024,00-0033045,Ezekiel Elliott,15.0,13.235952863517598,3.766666666666667,8.677019467052661,9.806514132971788,56.50000000000001,114.8486206617336,129.79855881943374,64.03333333333335,147.50933093989525,166.7107402605204,SEASON
RB,2024,00-0033280,Christian McCaffrey,4.0,12.723960094735798,11.700000000000001,18.265482691164394,18.12501605407012,46.800000000000004,232.40927287346318,230.6219809884339,198.9,310.5132057497947,308.125272919192,PPG
RB,2024,00-0033280,Christian McCaffrey,4.0,12.723960094735798,11.700000000000001,18.265482691164394,18.12501605407012,46.800000000000004,232.40927287346318,230.6219809884339,198.9,310.5132057497947,308.125272919192,SEASON
RB,2024,00-0033293,Aaron Jones,17.0,10.163996250826806,13.917647058823528,10.625413586620091,10.768069598696535,236.59999999999997,107.99666385789081,109.44661902979368,236.59999999999997,180.63203097254154,183.0571831778411,PPG
RB,2024,00-0033293,Aaron Jones,17.0,10.163996250826806,13.917647058823528,10.625413586620091,10.768069598696535,236.59999999999997,107.99666385789081,109.44661902979368,236.59999999999997,180.63203097254154,183.0571831778411,SEASON
RB,2024,00-0033376,Patrick Ricard,10.0,8.11602517569961,1.12,2.6490843076450346,3.135802906964902,11.200000000000001,21.50003493339787,25.450255338959167,19.040000000000003,45.034433229965586,53.308649418403334,PPG
RB,2024,00-0033376,Patrick Ricard,10.0,8.11602517569961,1.12,2.6490843076450346,3.135802906964902,11.200000000000001,21.50003493339787,25.450255338959167,19.040000000000003,45.034433229965586,53.308649418403334,SEASON
RB,2024,00-0033526,Samaje Perine,17.0,13.235952863517598,4.788235294117647,7.018290711413571,6.549211478435784,81.39999999999999,92.89376503873342,86.68505442178444,81.39999999999999,119.31094209403071,111.33659513340832,PPG
RB,2024,00-0033526,Samaje Perine,17.0,13.235952863517598,4.788235294117647,7.018290711413571,6.549211478435784,81.39999999999999,92.89376503873342,86.68505442178444,81.39999999999999,119.31094209403071,111.33659513340832,SEASON
RB,2024,00-0033553,James Conner,16.0,11.187981788390402,15.6125,12.561999873994205,12.432604744277592,249.8,140.5434258160097,139.0957554612338,265.4125,213.5539978579015,211.35428065271907,PPG
RB,2024,00-0033553,James Conner,16.0,11.187981788390402,15.6125,12.561999873994205,12.432604744277592,249.8,140.5434258160097,139.0957554612338,265.4125,213.5539978579015,211.35428065271907,SEASON
RB,2024,00-0033699,Austin Ekeler,12.0,11.699974557172201,10.858333333333334,10.88878279100355,11.305765209991144,130.3,127.39848161331604,132.277165306259,184.5916666666667,185.10930744706036,192.19800856984943,PPG
RB,2024,00-0033699,Austin Ekeler,12.0,11.699974557172201,10.858333333333334,10.88878279100355,11.305765209991144,130.3,127.39848161331604,132.277165306259,184.5916666666667,185.10930744706036,192.19800856984943,SEASON
RB,2024,00-0033854,Dare Ogunbowale,16.0,9.140010713263209,3.5,1.9029875586163498,1.929378541364943,56.0,17.393326672960036,17.63454053801572,59.5,32.350788496477946,32.79943520320403,PPG
RB,2024,00-0033854,Dare Ogunbowale,16.0,9.140010713263209,3.5,1.9029875586163498,1.929378541364943,56.0,17.393326672960036,17.63454053801572,59.5,32.350788496477946,32.79943520320403,SEASON
RB,2024,00-0033893,Dalvin Cook,2.0,11.699974557172201,2.0,3.743519973191686,3.886078003167466,4.0,43.799088440608685,45.467013764245905,34.0,63.63983954425866,66.06332605384692,PPG
RB,2024,00-0033893,Dalvin Cook,2.0,11.699974557172201,2.0,3.743519973191686,3.886078003167466,4.0,43.799088440608685,45.467013764245905,34.0,63.63983954425866,66.06332605384692,SEASON
RB,2024,00-0033897,Joe Mixon,14.0,13.235952863517598,17.178571428571427,12.690482560291665,12.533113479082232,240.49999999999997,167.9706289833126,165.88769924224948,292.0357142857143,215.7382035249583,213.06292914439794,PPG
RB,2024,00-0033897,Joe Mixon,14.0,13.235952863517598,17.178571428571427,12.690482560291665,12.533113479082232,240.49999999999997,167.9706289833126,165.88769924224948,292.0357142857143,215.7382035249583,213.06292914439794,SEASON
RB,2024,00-0033906,Alvin Kamara,14.0,11.187981788390402,18.878571428571426,13.948023213872572,14.451330122706835,264.29999999999995,156.0502297008529,161.6812182308617,320.93571428571425,237.11639463583373,245.67261208601622,PPG
RB,2024,00-0033906,Alvin Kamara,14.0,11.187981788390402,18.878571428571426,13.948023213872572,14.451330122706835,264.29999999999995,156.0502297008529,161.6812182308617,320.93571428571425,237.11639463583373,245.67261208601622,SEASON
RB,2024,00-0033923,Kareem Hunt,13.0,12.211967325954,11.953846153846154,6.341204581067381,6.413928983109935,155.4,77.43858315118467,78.32669117272789,203.2153846153846,107.80047787814549,109.0367927128689,PPG
RB,2024,00-0033923,Kareem Hunt,13.0,12.211967325954,11.953846153846154,6.341204581067381,6.413928983109935,155.4,77.43858315118467,78.32669117272789,203.2153846153846,107.80047787814549,109.0367927128689,SEASON
RB,2024,00-0033925,D'Onta Foreman,10.0,9.140010713263209,3.0599999999999996,7.40448193734709,8.448493172993231,30.599999999999994,67.67704423351633,77.21931811208921,52.019999999999996,125.87619293490053,143.62438394088494,PPG
RB,2024,00-0033925,D'Onta Foreman,10.0,9.140010713263209,3.0599999999999996,7.40448193734709,8.448493172993231,30.599999999999994,67.67704423351633,77.21931811208921,52.019999999999996,125.87619293490053,143.62438394088494,SEASON
RB,2024,00-0033948,Jamaal Williams,14.0,11.187981788390402,2.6500000000000004,5.370812384311211,5.491127090201941,37.10000000000001,60.088551144535465,61.4346298829165,45.050000000000004,91.30381053329059,93.349160533433,PPG
RB,2024,00-0033948,Jamaal Williams,14.0,11.187981788390402,2.6500000000000004,5.370812384311211,5.491127090201941,37.10000000000001,60.088551144535465,61.4346298829165,45.050000000000004,91.30381053329059,93.349160533433,SEASON
RB,2024,00-0034115,Jeff Wilson,7.0,9.140010713263209,1.5142857142857142,4.785079387639324,5.08139514375183,10.6,43.735676866838375,46.444006052215364,25.74285714285714,81.34634958986851,86.38371744378111,PPG
RB,2024,00-0034115,Jeff Wilson,7.0,9.140010713263209,1.5142857142857142,4.785079387639324,5.08139514375183,10.6,43.735676866838375,46.444006052215364,25.74285714285714,81.34634958986851,86.38371744378111,SEASON
RB,2024,00-0034184,Gus Edwards,11.0,13.235952863517598,5.827272727272727,8.786288452496462,8.36594064061308,64.1,116.29489980251216,110.73119597814093,99.06363636363636,149.36690369243985,142.22099089042234,PPG
RB,2024,00-0034184,Gus Edwards,11.0,13.235952863517598,5.827272727272727,8.786288452496462,8.36594064061308,64.1,116.29489980251216,110.73119597814093,99.06363636363636,149.36690369243985,142.22099089042234,SEASON
RB,2024,00-0034208,Mike Boone,5.0,9.140010713263209,1.22,1.9374960838356603,2.3108175435855673,6.1,17.708734963163447,21.12089710476866,20.74,32.93743342520622,39.28389824095464,PPG
RB,2024,00-0034208,Mike Boone,5.0,9.140010713263209,1.22,1.9374960838356603,2.3108175435855673,6.1,17.708734963163447,21.12089710476866,20.74,32.93743342520622,39.28389824095464,SEASON
RB,2024,00-0034844,Saquon Barkley,16.0,11.699974557172201,22.08125,12.042693047310904,12.72248839425281,353.3,140.89920225337212,148.8527905166765,375.38125,204.72578180428536,216.28230270229778,PPG
RB,2024,00-0034844,Saquon Barkley,16.0,11.699974557172201,22.08125,12.042693047310904,12.72248839425281,353.3,140.89920225337212,148.8527905166765,375.38125,204.72578180428536,216.28230270229778,SEASON
RB,2024,00-0034972,Alexander Mattison,14.0,12.723960094735798,9.742857142857144,8.103476367503376,7.750554401901738,136.4,103.10830992874756,98.6177449218766,165.62857142857143,137.7590982475574,131.75942483232956,PPG
RB,2024,00-0034972,Alexander Mattison,14.0,12.723960094735798,9.742857142857144,8.103476367503376,7.750554401901738,136.4,103.10830992874756,98.6177449218766,165.62857142857143,137.7590982475574,131.75942483232956,SEASON
RB,2024,00-0034975,Justice Hill,15.0,12.723960094735798,8.473333333333334,5.722705431522084,6.568308982218564,127.10000000000002,72.8154755446148,83.57490137964372,144.04666666666668,97.28599233587543,111.6612526977156,PPG
RB,2024,00-0034975,Justice Hill,15.0,12.723960094735798,8.473333333333334,5.722705431522084,6.568308982218564,127.10000000000002,72.8154755446148,83.57490137964372,144.04666666666668,97.28599233587543,111.6612526977156,SEASON
RB,2024,00-0035243,Miles Sanders,11.0,12.723960094735798,6.9363636363636365,5.488716139512793,5.713385563112494,76.3,69.8382051304931,72.69688991088299,117.91818181818182,93.30817437171747,97.1275545729124,PPG
RB,2024,00-0035243,Miles Sanders,11.0,12.723960094735798,6.9363636363636365,5.488716139512793,5.713385563112494,76.3,69.8382051304931,72.69688991088299,117.91818181818182,93.30817437171747,97.1275545729124,SEASON
RB,2024,00-0035250,Devin Singletary,15.0,13.235952863517598,6.306666666666667,9.276763335347725,9.120949523873168,94.6,122.7868022326708,120.72445796850853,107.21333333333334,157.70497670091135,155.05614190584387,PPG
RB,2024,00-0035250,Devin Singletary,15.0,13.235952863517598,6.306666666666667,9.276763335347725,9.120949523873168,94.6,122.7868022326708,120.72445796850853,107.21333333333334,157.70497670091135,155.05614190584387,SEASON
RB,2024,00-0035261,Tony Pollard,16.0,13.235952863517598,12.41875,11.37134784598477,11.429225634092157,198.7,150.51062408411678,151.27669175935083,211.11874999999998,193.31291338174108,194.29683577956666,PPG
RB,2024,00-0035261,Tony Pollard,16.0,13.235952863517598,12.41875,11.37134784598477,11.429225634092157,198.7,150.51062408411678,151.27669175935083,211.11874999999998,193.31291338174108,194.29683577956666,SEASON
RB,2024,00-0035291,Trayveon Williams,5.0,12.723960094735798,0.0,3.1375514476477213,1.883042931052564,0.0,39.92207941505014,23.959763111387158,0.0,53.338374610011265,32.01172982789359,PPG
RB,2024,00-0035291,Trayveon Williams,5.0,12.723960094735798,0.0,3.1375514476477213,1.883042931052564,0.0,39.92207941505014,23.959763111387158,0.0,53.338374610011265,32.01172982789359,SEASON
RB,2024,00-0035537,Ty Johnson,17.0,9.140010713263209,5.394117647058824,4.717743319004817,4.407294533036996,91.7,43.120224478129956,40.28271924846452,91.7,80.20163642308188,74.92400706162894,PPG
RB,2024,00-0035537,Ty Johnson,17.0,9.140010713263209,5.394117647058824,4.717743319004817,4.407294533036996,91.7,43.120224478129956,40.28271924846452,91.7,80.20163642308188,74.92400706162894,SEASON
RB,2024,00-0035567,Craig Reynolds,8.0,10.675989019608604,2.4875,3.144412722010405,2.91108486378918,19.9,33.56971569330069,31.078710040962093,42.287499999999994,53.455016274176884,49.48844268441606,PPG
RB,2024,00-0035567,Craig Reynolds,8.0,10.675989019608604,2.4875,3.144412722010405,2.91108486378918,19.9,33.56971569330069,31.078710040962093,42.287499999999994,53.455016274176884,49.48844268441606,SEASON
RB,2024,00-0035594,Travis Homer,8.0,8.11602517569961,0.8,0.7766983229732894,1.1521157056779716,6.4,6.303703143174884,9.35060007260134,13.600000000000001,13.20387149054592,19.585966996525517,PPG
RB,2024,00-0035594,Travis Homer,8.0,8.11602517569961,0.8,0.7766983229732894,1.1521157056779716,6.4,6.303703143174884,9.35060007260134,13.600000000000001,13.20387149054592,19.585966996525517,SEASON
RB,2024,00-0035628,D'Ernest Johnson,12.0,12.723960094735798,2.9916666666666667,3.890636526135422,2.976654102065669,35.9,49.50430390166862,37.874828010515195,50.858333333333334,66.14082094430218,50.60311973511637,PPG
RB,2024,00-0035628,D'Ernest Johnson,12.0,12.723960094735798,2.9916666666666667,3.890636526135422,2.976654102065669,35.9,49.50430390166862,37.874828010515195,50.858333333333334,66.14082094430218,50.60311973511637,SEASON
RB,2024,00-0035685,David Montgomery,14.0,11.699974557172201,15.399999999999999,11.911761547242428,11.497271083686922,215.59999999999997,139.36730703383859,134.51777915604865,261.79999999999995,202.49994630312128,195.45360842267766,PPG
RB,2024,00-0035685,David Montgomery,14.0,11.699974557172201,15.399999999999999,11.911761547242428,11.497271083686922,215.59999999999997,139.36730703383859,134.51777915604865,261.79999999999995,202.49994630312128,195.45360842267766,SEASON
RB,2024,00-0035700,Josh Jacobs,17.0,11.187981788390402,17.005882352941175,11.647187042534629,12.194046989170811,289.09999999999997,130.3085165178541,136.42677564161986,289.09999999999997,198.0021797230887,207.29879881590378,PPG
RB,2024,00-0035700,Josh Jacobs,17.0,11.187981788390402,17.005882352941175,11.647187042534629,12.194046989170811,289.09999999999997,130.3085165178541,136.42677564161986,289.09999999999997,198.0021797230887,207.29879881590378,SEASON
RB,2024,00-0035726,Jakob Johnson,1.0,8.628017944481408,0.0,0.834958874170524,1.3316673051406038,0.0,7.204040149247275,11.48964940483233,0.0,14.194300860898908,22.638344187390267,PPG
RB,2024,00-0035726,Jakob Johnson,1.0,8.628017944481408,0.0,0.834958874170524,1.3316673051406038,0.0,7.204040149247275,11.48964940483233,0.0,14.194300860898908,22.638344187390267,SEASON
RB,2024,00-0035860,Tony Jones,1.0,7.604032406917812,11.5,3.2892785088035748,5.01417876799276,11.5,25.011780376320676,38.127977845896176,195.5,55.91773464966077,85.24103905587693,PPG
RB,2024,00-0035860,Tony Jones,1.0,7.604032406917812,11.5,3.2892785088035748,5.01417876799276,11.5,25.011780376320676,38.127977845896176,195.5,55.91773464966077,85.24103905587693,SEASON
RB,2024,00-0035973,Patrick Taylor,7.0,10.163996250826806,4.257142857142857,3.541572561502962,3.9029971205870115,29.8,35.99653023714719,39.670048100634205,72.37142857142857,60.20673354555035,66.3509510499792,PPG
RB,2024,00-0035973,Patrick Taylor,7.0,10.163996250826806,4.257142857142857,3.541572561502962,3.9029971205870115,29.8,35.99653023714719,39.670048100634205,72.37142857142857,60.20673354555035,66.3509510499792,SEASON
RB,2024,00-0036139,Rico Dowdle,16.0,12.723960094735798,12.175,6.315174813662501,5.748678125596172,194.8,80.35403232032223,73.14595106756627,206.97500000000002,107.3579718322625,97.72752813513492,PPG
RB,2024,00-0036139,Rico Dowdle,16.0,12.723960094735798,12.175,6.315174813662501,5.748678125596172,194.8,80.35403232032223,73.14595106756627,206.97500000000002,107.3579718322625,97.72752813513492,SEASON
RB,2024,00-0036187,Reggie Gilliam,7.0,7.092039638136013,0.1,0.8392127853797046,1.3341552757393296,0.7000000000000001,5.9517303387433955,9.461882098971607,1.7000000000000002,14.266617351454977,22.680639687568604,PPG
RB,2024,00-0036187,Reggie Gilliam,7.0,7.092039638136013,0.1,0.8392127853797046,1.3341552757393296,0.7000000000000001,5.9517303387433955,9.461882098971607,1.7000000000000002,14.266617351454977,22.680639687568604,SEASON
RB,2024,00-0036223,Jonathan Taylor,14.0,9.652003482045007,17.264285714285712,11.992326869799507,12.436288051319139,241.7,115.74998070512675,120.03509557504704,293.49285714285713,203.86955678659163,211.41689687242535,PPG
RB,2024,00-0036223,Jonathan Taylor,14.0,9.652003482045007,17.264285714285712,11.992326869799507,12.436288051319139,241.7,115.74998070512675,120.03509557504704,293.49285714285713,203.86955678659163,211.41689687242535,SEASON
RB,2024,00-0036251,Zack Moss,8.0,11.699974557172201,9.9875,10.136913068910449,10.196174808427578,79.9,118.60162499451863,119.29498583908281,169.78750000000002,172.32752217147763,173.33497174326882,PPG
RB,2024,00-0036251,Zack Moss,8.0,11.699974557172201,9.9875,10.136913068910449,10.196174808427578,79.9,118.60162499451863,119.29498583908281,169.78750000000002,172.32752217147763,173.33497174326882,SEASON
RB,2024,00-0036275,D'Andre Swift,17.0,12.723960094735798,12.5,11.770932744828073,10.84372281855467,212.5,149.77287852301131,137.97509642166563,212.5,200.10585666207726,184.3432879154294,PPG
RB,2024,00-0036275,D'Andre Swift,17.0,12.723960094735798,12.5,11.770932744828073,10.84372281855467,212.5,149.77287852301131,137.97509642166563,212.5,200.10585666207726,184.3432879154294,SEASON
RB,2024,00-0036297,Darrynton Evans,1.0,7.604032406917812,0.30000000000000004,4.654003325542467,5.194319455891124,0.30000000000000004,35.389192109328185,39.4977734744798,5.1000000000000005,79.11805653422194,88.3034307501491,PPG
RB,2024,00-0036297,Darrynton Evans,1.0,7.604032406917812,0.30000000000000004,4.654003325542467,5.194319455891124,0.30000000000000004,35.389192109328185,39.4977734744798,5.1000000000000005,79.11805653422194,88.3034307501491,SEASON
RB,2024,00-0036328,Antonio Gibson,17.0,12.723960094735798,5.964705882352942,7.670571512925078,7.795694826922539,101.40000000000002,97.60004583427589,99.19210988850067,101.40000000000002,130.39971571972632,132.52681205768314,PPG
RB,2024,00-0036328,Antonio Gibson,17.0,12.723960094735798,5.964705882352942,7.670571512925078,7.795694826922539,101.40000000000002,97.60004583427589,99.19210988850067,101.40000000000002,130.39971571972632,132.52681205768314,SEASON
RB,2024,00-0036360,Clyde Edwards-Helaire,2.0,12.211967325954,5.0,6.420508354371746,5.722287751451368,10.0,78.40703823960244,69.88039105043089,85.0,109.14864202431968,97.27889177467327,PPG
RB,2024,00-0036360,Clyde Edwards-Helaire,2.0,12.211967325954,5.0,6.420508354371746,5.722287751451368,10.0,78.40703823960244,69.88039105043089,85.0,109.14864202431968,97.27889177467327,SEASON
RB,2024,00-0036370,Joshua Kelley,1.0,13.235952863517598,0.2,4.8882283468734995,3.8755102524482616,0.2,64.70035998532819,51.29607102348438,3.4000000000000004,83.0998818968495,65.88367429162045,PPG
RB,2024,00-0036370,Joshua Kelley,1.0,13.235952863517598,0.2,4.8882283468734995,3.8755102524482616,0.2,64.70035998532819,51.29607102348438,3.4000000000000004,83.0998818968495,65.88367429162045,SEASON
RB,2024,00-0036414,Cam Akers,16.0,8.11602517569961,5.7625,6.1636971823987805,6.358971119885255,92.2,50.024721507737254,51.609569700535474,97.9625,104.78285210077927,108.10250903804933,PPG
RB,2024,00-0036414,Cam Akers,16.0,8.11602517569961,5.7625,6.1636971823987805,6.358971119885255,92.2,50.024721507737254,51.609569700535474,97.9625,104.78285210077927,108.10250903804933,SEASON
RB,2024,00-0036425,DeeJay Dallas,16.0,13.235952863517598,0.9375,2.8562631647309953,1.6840972993947512,15.0,37.80536461418105,22.29063247236621,15.9375,48.55647380042692,28.62965408971077,PPG
RB,2024,00-0036425,DeeJay Dallas,16.0,13.235952863517598,0.9375,2.8562631647309953,1.6840972993947512,15.0,37.80536461418105,22.29063247236621,15.9375,48.55647380042692,28.62965408971077,SEASON
RB,2024,00-0036450,Ke'Shawn Vaughn,1.0,7.092039638136013,0.4,2.490433352972872,3.0085238693447955,0.4,17.662252055419586,21.336570533671622,6.800000000000001,42.337367000538826,51.14490577886153,PPG
RB,2024,00-0036450,Ke'Shawn Vaughn,1.0,7.092039638136013,0.4,2.490433352972872,3.0085238693447955,0.4,17.662252055419586,21.336570533671622,6.800000000000001,42.337367000538826,51.14490577886153,SEASON
RB,2024,00-0036555,Chuba Hubbard,15.0,13.235952863517598,15.840000000000002,9.942398057428898,10.089993956929185,237.60000000000002,131.59711203845782,133.5506844070921,269.28000000000003,169.02076697629127,171.52989726779614,PPG
RB,2024,00-0036555,Chuba Hubbard,15.0,13.235952863517598,15.840000000000002,9.942398057428898,10.089993956929185,237.60000000000002,131.59711203845782,133.5506844070921,269.28000000000003,169.02076697629127,171.52989726779614,SEASON
RB,2024,00-0036569,Gary Brightwell,1.0,6.580046869354215,0.0,2.8801770767531014,3.871672219942403,0.0,18.95170015707502,25.475784669997694,0.0,48.96301030480272,65.81842773902085,PPG
RB,2024,00-0036569,Gary Brightwell,1.0,6.580046869354215,0.0,2.8801770767531014,3.871672219942403,0.0,18.95170015707502,25.475784669997694,0.0,48.96301030480272,65.81842773902085,SEASON
RB,2024,00-0036842,Kene Nwangwu,2.0,8.628017944481408,0.0,1.1426910073698568,1.3234701838338419,0.0,9.859158516584662,11.418924495104497,0.0,19.425747125287565,22.49899312517531,PPG
RB,2024,00-0036842,Kene Nwangwu,2.0,8.628017944481408,0.0,1.1426910073698568,1.3234701838338419,0.0,9.859158516584662,11.418924495104497,0.0,19.425747125287565,22.49899312517531,SEASON
RB,2024,00-0036875,Rhamondre Stevenson,15.0,10.675989019608604,11.26,10.341451823860382,10.783722260331984,168.9,110.40522611834481,115.12690044181315,191.42,175.8046810056265,183.32327842564374,PPG
RB,2024,00-0036875,Rhamondre Stevenson,15.0,10.675989019608604,11.26,10.341451823860382,10.783722260331984,168.9,110.40522611834481,115.12690044181315,191.42,175.8046810056265,183.32327842564374,SEASON
RB,2024,00-0036893,Najee Harris,17.0,13.235952863517598,12.035294117647059,10.876148879253925,10.019111000210575,204.6,143.95619390240472,132.61248093313782,204.6,184.89453094731672,170.3248870035798,PPG
RB,2024,00-0036893,Najee Harris,17.0,13.235952863517598,12.035294117647059,10.876148879253925,10.019111000210575,204.6,143.95619390240472,132.61248093313782,204.6,184.89453094731672,170.3248870035798,SEASON
RB,2024,00-0036906,Khalil Herbert,11.0,10.675989019608604,2.7727272727272725,9.057443439179847,8.601322244887198,30.499999999999996,96.69716670241004,91.82762184053095,47.13636363636363,153.9765384660574,146.22247816308237,PPG
RB,2024,00-0036906,Khalil Herbert,11.0,10.675989019608604,2.7727272727272725,9.057443439179847,8.601322244887198,30.499999999999996,96.69716670241004,91.82762184053095,47.13636363636363,153.9765384660574,146.22247816308237,SEASON
RB,2024,00-0036919,Kenny Gainwell,17.0,12.723960094735798,3.682352941176471,5.639910234408377,6.06342559480579,62.6,71.7619927605042,77.15078530570854,62.6,95.8784739849424,103.07823511169843,PPG
RB,2024,00-0036919,Kenny Gainwell,17.0,12.723960094735798,3.682352941176471,5.639910234408377,6.06342559480579,62.6,71.7619927605042,77.15078530570854,62.6,95.8784739849424,103.07823511169843,SEASON
RB,2024,00-0036924,Michael Carter,3.0,12.211967325954,11.933333333333334,5.304992285018374,4.590358608887895,35.8,64.78439244908243,56.057309346150625,202.86666666666667,90.18486884531235,78.03609635109422,PPG
RB,2024,00-0036924,Michael Carter,3.0,12.211967325954,11.933333333333334,5.304992285018374,4.590358608887895,35.8,64.78439244908243,56.057309346150625,202.86666666666667,90.18486884531235,78.03609635109422,SEASON
RB,2024,00-0036973,Travis Etienne,15.0,13.235952863517598,8.613333333333333,12.852755874046512,12.771019331053305,129.2,170.11847091517856,169.03660988489358,146.42666666666668,218.4968498587907,217.10732862790618,PPG
RB,2024,00-0036973,Travis Etienne,15.0,13.235952863517598,8.613333333333333,12.852755874046512,12.771019331053305,129.2,170.11847091517856,169.03660988489358,146.42666666666668,218.4968498587907,217.10732862790618,SEASON
RB,2024,00-0036984,Trey Sermon,15.0,8.628017944481408,3.5866666666666664,3.7710360658901685,3.4692586917240265,53.8,32.53656684578695,29.932826246242996,60.97333333333333,64.10761312013287,58.97739775930845,PPG
RB,2024,00-0036984,Trey Sermon,15.0,8.628017944481408,3.5866666666666664,3.7710360658901685,3.4692586917240265,53.8,32.53656684578695,29.932826246242996,60.97333333333333,64.10761312013287,58.97739775930845,SEASON
RB,2024,00-0036997,Javonte Williams,17.0,12.723960094735798,9.170588235294117,9.50238065726371,9.607377779939679,155.89999999999998,120.90791228801278,122.24389148700388,155.89999999999998,161.54047117348307,163.32542225897453,PPG
RB,2024,00-0036997,Javonte Williams,17.0,12.723960094735798,9.170588235294117,9.50238065726371,9.607377779939679,155.89999999999998,120.90791228801278,122.24389148700388,155.89999999999998,161.54047117348307,163.32542225897453,SEASON
RB,2024,00-0037120,Tyler Goodson,14.0,7.604032406917812,3.1714285714285713,3.9443377971058924,3.6179285969404744,44.4,29.99287243302402,27.51084629705006,53.91428571428571,67.05374255080017,61.504786147988064,PPG
RB,2024,00-0037120,Tyler Goodson,14.0,7.604032406917812,3.1714285714285713,3.9443377971058924,3.6179285969404744,44.4,29.99287243302402,27.51084629705006,53.91428571428571,67.05374255080017,61.504786147988064,SEASON
RB,2024,00-0037197,Isiah Pacheco,7.0,11.699974557172201,8.12857142857143,11.953481000418543,12.280658709293167,56.900000000000006,139.85542357453826,143.68339444404526,138.1857142857143,203.20917700711524,208.77119805798384,PPG
RB,2024,00-0037197,Isiah Pacheco,7.0,11.699974557172201,8.12857142857143,11.953481000418543,12.280658709293167,56.900000000000006,139.85542357453826,143.68339444404526,138.1857142857143,203.20917700711524,208.77119805798384,SEASON
RB,2024,00-0037228,Jaylen Warren,15.0,13.235952863517598,8.14,9.943872239505042,10.388503960521122,122.10000000000001,131.6166242429299,137.50174874392346,138.38,169.04582807158573,176.60456732885908,PPG
RB,2024,00-0037228,Jaylen Warren,15.0,13.235952863517598,8.14,9.943872239505042,10.388503960521122,122.10000000000001,131.6166242429299,137.50174874392346,138.38,169.04582807158573,176.60456732885908,SEASON
RB,2024,00-0037248,James Cook,16.0,13.235952863517598,16.606250000000003,12.65750563233066,12.121810740261363,265.70000000000005,167.5341479192371,160.44371557858076,282.30625000000003,215.17759574962122,206.07078258444318,PPG
RB,2024,00-0037248,James Cook,16.0,13.235952863517598,16.606250000000003,12.65750563233066,12.121810740261363,265.70000000000005,167.5341479192371,160.44371557858076,282.30625000000003,215.17759574962122,206.07078258444318,SEASON
RB,2024,00-0037256,Rachaad White,15.0,13.235952863517598,13.106666666666666,13.38001637744828,13.4236581219668,196.6,177.09726608499892,177.67490615832773,222.8133333333333,227.46027841662075,228.20218807343562,PPG
RB,2024,00-0037256,Rachaad White,15.0,13.235952863517598,13.106666666666666,13.38001637744828,13.4236581219668,196.6,177.09726608499892,177.67490615832773,222.8133333333333,227.46027841662075,228.20218807343562,SEASON
RB,2024,00-0037258,Dameon Pierce,10.0,11.699974557172201,4.250000000000001,5.08116214805298,5.30731592470149,42.50000000000001,59.44946785308631,62.09546128588228,72.25000000000001,86.37975651690066,90.22437071992532,PPG
RB,2024,00-0037258,Dameon Pierce,10.0,11.699974557172201,4.250000000000001,5.08116214805298,5.30731592470149,42.50000000000001,59.44946785308631,62.09546128588228,72.25000000000001,86.37975651690066,90.22437071992532,SEASON
RB,2024,00-0037263,Tyler Allgeier,17.0,13.235952863517598,6.247058823529413,8.28778818071853,7.569881846538703,106.20000000000002,109.69677370280874,100.19459930318382,106.20000000000002,140.89239907221503,128.68799139115794,PPG
RB,2024,00-0037263,Tyler Allgeier,17.0,13.235952863517598,6.247058823529413,8.28778818071853,7.569881846538703,106.20000000000002,109.69677370280874,100.19459930318382,106.20000000000002,140.89239907221503,128.68799139115794,SEASON
RB,2024,00-0037267,Jerome Ford,14.0,13.235952863517598,9.571428571428571,10.903744382703737,10.669057665362164,134.0,144.32144668531146,141.2151443568847,162.71428571428572,185.36365450596352,181.3739803111568,PPG
RB,2024,00-0037267,Jerome Ford,14.0,13.235952863517598,9.571428571428571,10.903744382703737,10.669057665362164,134.0,144.32144668531146,141.2151443568847,162.71428571428572,185.36365450596352,181.3739803111568,SEASON
RB,2024,00-0037276,Ty Chandler,14.0,12.723960094735798,2.0285714285714285,6.668382197273159,6.600734631148901,28.4,84.8482289745503,83.98748404267924,34.48571428571428,113.3624973536437,112.21248872953132,PPG
RB,2024,00-0037276,Ty Chandler,14.0,12.723960094735798,2.0285714285714285,6.668382197273159,6.600734631148901,28.4,84.8482289745503,83.98748404267924,34.48571428571428,113.3624973536437,112.21248872953132,SEASON
RB,2024,00-0037299,Keaontay Ingram,1.0,8.11602517569961,0.0,2.2018395647512494,3.265504472760811,0.0,17.87018534037261,26.502916512286422,0.0,37.43127260077124,55.513576036933785,PPG
RB,2024,00-0037299,Keaontay Ingram,1.0,8.11602517569961,0.0,2.2018395647512494,3.265504472760811,0.0,17.87018534037261,26.502916512286422,0.0,37.43127260077124,55.513576036933785,SEASON
RB,2024,00-0037429,Raheem Blackshear,16.0,9.140010713263209,0.5,2.7986594328289867,2.4805526222778385,8.0,25.579777198832073,22.67227754243259,8.5,47.57721035809277,42.16939457872326,PPG
RB,2024,00-0037429,Raheem Blackshear,16.0,9.140010713263209,0.5,2.7986594328289867,2.4805526222778385,8.0,25.579777198832073,22.67227754243259,8.5,47.57721035809277,42.16939457872326,SEASON
RB,2024,00-0037525,Jordan Mason,12.0,12.723960094735798,9.333333333333334,3.616491896876043,3.307817679697708,112.0,46.01609857878614,42.08854015713519,158.66666666666669,61.48036224689273,56.23290055486103,PPG
RB,2024,00-0037525,Jordan Mason,12.0,12.723960094735798,9.333333333333334,3.616491896876043,3.307817679697708,112.0,46.01609857878614,42.08854015713519,158.66666666666669,61.48036224689273,56.23290055486103,SEASON
RB,2024,00-0037557,Ronnie Rivers,6.0,9.140010713263209,3.0500000000000003,3.007692400431342,3.010840403691164,18.3,27.4903407621428,27.519113545662965,51.85,51.13077080733281,51.18428686274979,PPG
RB,2024,00-0037557,Ronnie Rivers,6.0,9.140010713263209,3.0500000000000003,3.007692400431342,3.010840403691164,18.3,27.4903407621428,27.519113545662965,51.85,51.13077080733281,51.18428686274979,SEASON
RB,2024,00-0037746,Brian Robinson,14.0,12.211967325954,11.271428571428572,11.813114039914963,11.12445821811668,157.8,144.26136267320996,135.85152027858135,191.61428571428573,200.82293867855435,189.11578970798354,PPG
RB,2024,00-0037746,Brian Robinson,14.0,12.211967325954,11.271428571428572,11.813114039914963,11.12445821811668,157.8,144.26136267320996,135.85152027858135,191.61428571428573,200.82293867855435,189.11578970798354,SEASON
RB,2024,00-0037840,Kyren Williams,16.0,10.675989019608604,16.69375,15.410689276193414,15.87359902237348,267.1,164.52434949724096,169.46636886452913,283.79375000000005,261.98171769528807,269.85118338034914,PPG
RB,2024,00-0037840,Kyren Williams,16.0,10.675989019608604,16.69375,15.410689276193414,15.87359902237348,267.1,164.52434949724096,169.46636886452913,283.79375000000005,261.98171769528807,269.85118338034914,SEASON
RB,2024,00-0038040,Zamir White,8.0,11.187981788390402,3.4125,6.483724032520355,6.658096778570318,27.3,72.53978639678691,74.49066550398553,58.0125,110.22330855284604,113.18764523569541,PPG
RB,2024,00-0038040,Zamir White,8.0,11.187981788390402,3.4125,6.483724032520355,6.658096778570318,27.3,72.53978639678691,74.49066550398553,58.0125,110.22330855284604,113.18764523569541,SEASON
RB,2024,00-0038098,Pierre Strong,13.0,12.723960094735798,2.707692307692308,4.185246808247356,3.2999936390848266,35.2,53.25291337475973,41.9889873765973,46.03076923076923,71.14919574020506,56.09989186444205,PPG
RB,2024,00-0038098,Pierre Strong,13.0,12.723960094735798,2.707692307692308,4.185246808247356,3.2999936390848266,35.2,53.25291337475973,41.9889873765973,46.03076923076923,71.14919574020506,56.09989186444205,SEASON
RB,2024,00-0038120,Breece Hall,16.0,13.235952863517598,14.681250000000002,13.671718922595394,13.829047735342446,234.90000000000003,180.95822722273422,183.0406239723274,249.58125000000004,232.4192216841217,235.09381150082157,PPG
RB,2024,00-0038120,Breece Hall,16.0,13.235952863517598,14.681250000000002,13.671718922595394,13.829047735342446,234.90000000000003,180.95822722273422,183.0406239723274,249.58125000000004,232.4192216841217,235.09381150082157,SEASON
RB,2024,00-0038134,Kenneth Walker III,11.0,12.211967325954,16.381818181818183,12.140167253917998,11.436327717715008,180.20000000000002,148.25532583646327,139.66006041763774,278.4909090909091,206.38284331660597,194.41757120115514,PPG
RB,2024,00-0038134,Kenneth Walker III,11.0,12.211967325954,16.381818181818183,12.140167253917998,11.436327717715008,180.20000000000002,148.25532583646327,139.66006041763774,278.4909090909091,206.38284331660597,194.41757120115514,SEASON
RB,2024,00-0038396,Eric Gray,14.0,9.652003482045007,1.3071428571428572,2.518155970094798,2.167794885486061,18.3,24.305250191687414,20.92356378307082,22.22142857142857,42.80865149161156,36.85251305326304,PPG
RB,2024,00-0038396,Eric Gray,14.0,9.652003482045007,1.3071428571428572,2.518155970094798,2.167794885486061,18.3,24.305250191687414,20.92356378307082,22.22142857142857,42.80865149161156,36.85251305326304,SEASON
RB,2024,00-0038454,Keaton Mitchell,4.0,8.11602517569961,1.7000000000000002,8.973155263064873,8.858957165756411,6.800000000000001,72.82635402049597,71.8995193877235,28.900000000000002,152.54363947210285,150.602271817859,PPG
RB,2024,00-0038454,Keaton Mitchell,4.0,8.11602517569961,1.7000000000000002,8.973155263064873,8.858957165756411,6.800000000000001,72.82635402049597,71.8995193877235,28.900000000000002,152.54363947210285,150.602271817859,SEASON
RB,2024,00-0038488,Brady Russell,8.0,7.604032406917812,0.0,0.8151811556064759,1.140025609177244,0.0,6.198663924740353,8.668791676899984,0.0,13.85807964531009,19.380435356013148,PPG
RB,2024,00-0038488,Brady Russell,8.0,7.604032406917812,0.0,0.8151811556064759,1.140025609177244,0.0,6.198663924740353,8.668791676899984,0.0,13.85807964531009,19.380435356013148,SEASON
RB,2024,00-0038489,Ben VanSumeren,3.0,7.092039638136013,0.3333333333333333,0.7490363798766582,1.140025609177244,1.0,5.312195696491164,8.08510680877517,5.666666666666666,12.733618457903189,19.380435356013148,PPG
RB,2024,00-0038489,Ben VanSumeren,3.0,7.092039638136013,0.3333333333333333,0.7490363798766582,1.140025609177244,1.0,5.312195696491164,8.08510680877517,5.666666666666666,12.733618457903189,19.380435356013148,SEASON
RB,2024,00-0038542,Bijan Robinson,17.0,13.235952863517598,20.041176470588237,12.162554042683793,12.141441634018896,340.70000000000005,160.9829920089481,160.7035491630242,340.70000000000005,206.76341872562446,206.40450777832123,PPG
RB,2024,00-0038542,Bijan Robinson,17.0,13.235952863517598,20.041176470588237,12.162554042683793,12.141441634018896,340.70000000000005,160.9829920089481,160.7035491630242,340.70000000000005,206.76341872562446,206.40450777832123,SEASON
RB,2024,00-0038551,Kendre Miller,6.0,8.11602517569961,4.85,5.542239969740109,5.675937152269947,29.099999999999998,44.98095912417937,46.06604882351164,82.44999999999999,94.21807948558185,96.4909315885891,PPG
RB,2024,00-0038551,Kendre Miller,6.0,8.11602517569961,4.85,5.542239969740109,5.675937152269947,29.099999999999998,44.98095912417937,46.06604882351164,82.44999999999999,94.21807948558185,96.4909315885891,SEASON
RB,2024,00-0038555,Tank Bigsby,16.0,11.187981788390402,7.875,3.224227065097079,3.039944705564178,126.0,36.072593685941555,34.010846003565845,133.875,54.81186010665034,51.67905999459103,PPG
RB,2024,00-0038555,Tank Bigsby,16.0,11.187981788390402,7.875,3.224227065097079,3.039944705564178,126.0,36.072593685941555,34.010846003565845,133.875,54.81186010665034,51.67905999459103,SEASON
RB,2024,00-0038597,Chase Brown,16.0,10.675989019608604,15.8125,5.716246448578455,5.2327870213239045,253.0,61.02658431840027,55.86517678160442,268.8125,97.17618962583374,88.95737936250637,PPG
RB,2024,00-0038597,Chase Brown,16.0,10.675989019608604,15.8125,5.716246448578455,5.2327870213239045,253.0,61.02658431840027,55.86517678160442,268.8125,97.17618962583374,88.95737936250637,SEASON
RB,2024,00-0038611,Chris Rodriguez Jr.,7.0,9.140010713263209,4.5,4.556043766519512,4.539111330229859,31.5,41.6422888360844,41.487526186995325,76.5,77.4527440308317,77.1648926139076,PPG
RB,2024,00-0038611,Chris Rodriguez Jr.,7.0,9.140010713263209,4.5,4.556043766519512,4.539111330229859,31.5,41.6422888360844,41.487526186995325,76.5,77.4527440308317,77.1648926139076,SEASON
RB,2024,00-0038622,Deuce Vaughn,5.0,7.604032406917812,2.3600000000000003,3.191810362662194,3.664439642278139,11.8,24.270629434419416,27.86451779307728,40.120000000000005,54.2607761652573,62.29547391872836,PPG
RB,2024,00-0038622,Deuce Vaughn,5.0,7.604032406917812,2.3600000000000003,3.191810362662194,3.664439642278139,11.8,24.270629434419416,27.86451779307728,40.120000000000005,54.2607761652573,62.29547391872836,SEASON
RB,2024,00-0038685,Chris Brooks,11.0,6.068054100572415,3.836363636363637,4.33906204881237,4.215538534884783,42.2,26.32966325793405,25.58011589272864,65.21818181818183,73.76405482981029,71.66415509304132,PPG
RB,2024,00-0038685,Chris Brooks,11.0,6.068054100572415,3.836363636363637,4.33906204881237,4.215538534884783,42.2,26.32966325793405,25.58011589272864,65.21818181818183,73.76405482981029,71.66415509304132,SEASON
RB,2024,00-0038705,Emari Demercado,13.0,10.163996250826806,4.207692307692308,5.442610949346484,6.370397614150653,54.7,55.318677283866585,64.74869746650326,71.53076923076924,92.52438613889024,108.29675944056109,PPG
RB,2024,00-0038705,Emari Demercado,13.0,10.163996250826806,4.207692307692308,5.442610949346484,6.370397614150653,54.7,55.318677283866585,64.74869746650326,71.53076923076924,92.52438613889024,108.29675944056109,SEASON
RB,2024,00-0038738,Hunter Luepke,14.0,9.652003482045007,1.9214285714285713,1.3581077949705227,1.899029097856519,26.9,13.108461166047952,18.32943546501591,32.66428571428571,23.087832514498885,32.28349466356082,PPG
RB,2024,00-0038738,Hunter Luepke,14.0,9.652003482045007,1.9214285714285713,1.3581077949705227,1.899029097856519,26.9,13.108461166047952,18.32943546501591,32.66428571428571,23.087832514498885,32.28349466356082,SEASON
RB,2024,00-0038794,Jaleel McLaughlin,16.0,13.235952863517598,6.0125,7.0388449082815105,5.91074318229028,96.2,93.16581941962492,78.23431814915214,102.2125,119.66036344078567,100.48263409893475,PPG
RB,2024,00-0038794,Jaleel McLaughlin,16.0,13.235952863517598,6.0125,7.0388449082815105,5.91074318229028,96.2,93.16581941962492,78.23431814915214,102.2125,119.66036344078567,100.48263409893475,SEASON
RB,2024,00-0038797,Emanuel Wilson,17.0,7.092039638136013,5.647058823529412,3.157677953044208,3.549830839472847,96.0,22.394377207457712,25.17554102221907,96.0,53.680525201751536,60.347124271038396,PPG
RB,2024,00-0038797,Emanuel Wilson,17.0,7.092039638136013,5.647058823529412,3.157677953044208,3.549830839472847,96.0,22.394377207457712,25.17554102221907,96.0,53.680525201751536,60.347124271038396,SEASON
RB,2024,00-0038951,Sean Tucker,17.0,6.068054100572415,3.9823529411764707,2.1443180387568352,2.9299954750950423,67.7,13.011837868009813,17.779371057309096,67.7,36.4534066588662,49.80992307661572,PPG
RB,2024,00-0038951,Sean Tucker,17.0,6.068054100572415,3.9823529411764707,2.1443180387568352,2.9299954750950423,67.7,13.011837868009813,17.779371057309096,67.7,36.4534066588662,49.80992307661572,SEASON
RB,2024,00-0039021,Roschon Johnson,13.0,12.211967325954,5.953846153846154,6.245464218385704,6.499652477237984,77.4,76.26940497034106,79.37354368208622,101.21538461538462,106.17289171255698,110.49409211304572,PPG
RB,2024,00-0039021,Roschon Johnson,13.0,12.211967325954,5.953846153846154,6.245464218385704,6.499652477237984,77.4,76.26940497034106,79.37354368208622,101.21538461538462,106.17289171255698,110.49409211304572,SEASON
RB,2024,00-0039032,Tyjae Spears,12.0,13.235952863517598,9.466666666666667,8.21132205787982,8.714286442430645,113.6,108.6846717052596,115.34188459120247,160.93333333333334,139.59247498395692,148.14286952132096,PPG
RB,2024,00-0039032,Tyjae Spears,12.0,13.235952863517598,9.466666666666667,8.21132205787982,8.714286442430645,113.6,108.6846717052596,115.34188459120247,160.93333333333334,139.59247498395692,148.14286952132096,SEASON
RB,2024,00-0039040,De'Von Achane,17.0,10.163996250826806,17.58235294117647,13.661892657141255,13.250268475030524,298.9,138.859425746382,134.67567910265885,298.9,232.25217517140135,225.25456407551889,PPG
RB,2024,00-0039040,De'Von Achane,17.0,10.163996250826806,17.58235294117647,13.661892657141255,13.250268475030524,298.9,138.859425746382,134.67567910265885,298.9,232.25217517140135,225.25456407551889,SEASON
RB,2024,00-0039139,Jahmyr Gibbs,17.0,12.211967325954,21.288235294117644,12.82518734934522,12.464630620145446,361.9,156.62076885944242,152.2176618633019,361.9,218.02818493886875,211.89872054247257,PPG
RB,2024,00-0039139,Jahmyr Gibbs,17.0,12.211967325954,21.288235294117644,12.82518734934522,12.464630620145446,361.9,156.62076885944242,152.2176618633019,361.9,218.02818493886875,211.89872054247257,SEASON
RB,2024,00-0039165,Zach Charbonnet,17.0,12.723960094735798,10.994117647058824,5.080368564755039,6.1507343262152645,186.9,64.6424068844933,78.2616981200847,186.9,86.36626560083566,104.56248354565949,PPG
RB,2024,00-0039165,Zach Charbonnet,17.0,12.723960094735798,10.994117647058824,5.080368564755039,6.1507343262152645,186.9,64.6424068844933,78.2616981200847,186.9,86.36626560083566,104.56248354565949,SEASON
RB,2025,00-0031687,Raheem Mostert,12.0,11.376930676810199,2.45,6.009298770461496,6.310924494747164,29.400000000000002,68.3673755277812,71.79895048332192,41.650000000000006,102.15807909784543,107.2857164107018,PPG
RB,2025,00-0031687,Raheem Mostert,12.0,11.376930676810199,2.45,6.009298770461496,6.310924494747164,29.400000000000002,68.3673755277812,71.79895048332192,41.650000000000006,102.15807909784543,107.2857164107018,SEASON
RB,2025,00-0032104,Ameer Abdullah,13.0,12.42367117571719,2.9153846153846157,7.253707180381691,7.4126046614816214,37.900000000000006,90.11767281400084,92.0917628698361,49.56153846153847,123.31302206648876,126.01427924518757,PPG
RB,2025,00-0032104,Ameer Abdullah,13.0,12.42367117571719,2.9153846153846157,7.253707180381691,7.4126046614816214,37.900000000000006,90.11767281400084,92.0917628698361,49.56153846153847,123.31302206648876,126.01427924518757,SEASON
RB,2025,00-0032764,Derrick Henry,17.0,13.470411674624183,16.205882352941178,15.271079690560159,14.835284202518519,275.5,205.70773014783782,199.83738551797316,275.5,259.6083547395227,252.19983144281483,PPG
RB,2025,00-0032764,Derrick Henry,17.0,13.470411674624183,16.205882352941178,15.271079690560159,14.835284202518519,275.5,205.70773014783782,199.83738551797316,275.5,259.6083547395227,252.19983144281483,SEASON
RB,2025,00-0033280,Christian McCaffrey,17.0,6.666598431728735,24.38823529411765,10.105587600466492,11.42400541272121,414.6,67.36989444896727,76.1592565685078,414.6,171.79498920793037,194.20809201626057,PPG
RB,2025,00-0033280,Christian McCaffrey,17.0,6.666598431728735,24.38823529411765,10.105587600466492,11.42400541272121,414.6,67.36989444896727,76.1592565685078,414.6,171.79498920793037,194.20809201626057,SEASON
RB,2025,00-0033293,Aaron Jones,12.0,13.470411674624183,9.808333333333332,12.622647277418093,12.59475313271187,117.69999999999999,170.03225525039582,169.65650963789147,166.74166666666665,214.58500371610756,214.1108032561018,PPG
RB,2025,00-0033293,Aaron Jones,12.0,13.470411674624183,9.808333333333332,12.622647277418093,12.59475313271187,117.69999999999999,170.03225525039582,169.65650963789147,166.74166666666665,214.58500371610756,214.1108032561018,SEASON
RB,2025,00-0033376,Patrick Ricard,5.0,9.80681992844971,0.42000000000000004,2.202394575322656,1.696995551247106,2.1,21.598487011583764,16.642129790460622,7.140000000000001,37.440707780485155,28.848924371200802,PPG
RB,2025,00-0033376,Patrick Ricard,5.0,9.80681992844971,0.42000000000000004,2.202394575322656,1.696995551247106,2.1,21.598487011583764,16.642129790460622,7.140000000000001,37.440707780485155,28.848924371200802,SEASON
RB,2025,00-0033526,Samaje Perine,15.0,13.470411674624183,4.993333333333333,5.428350356847255,4.460343926670147,74.89999999999999,73.1221140208256,60.082668902656614,84.88666666666667,92.28195606640334,75.8258467533925,PPG
RB,2025,00-0033526,Samaje Perine,15.0,13.470411674624183,4.993333333333333,5.428350356847255,4.460343926670147,74.89999999999999,73.1221140208256,60.082668902656614,84.88666666666667,92.28195606640334,75.8258467533925,SEASON
RB,2025,00-0033553,James Conner,3.0,12.947041425170687,10.766666666666666,13.27875935054033,12.946015350090704,32.3,171.92064738631825,167.61259702851993,183.0333333333333,225.7389089591856,220.08226095154197,PPG
RB,2025,00-0033553,James Conner,3.0,12.947041425170687,10.766666666666666,13.27875935054033,12.946015350090704,32.3,171.92064738631825,167.61259702851993,183.0333333333333,225.7389089591856,220.08226095154197,SEASON
RB,2025,00-0033699,Austin Ekeler,2.0,10.853560427356703,6.550000000000001,8.827746376136027,9.541817407726462,13.100000000000001,95.81247873077152,103.56269182156325,111.35000000000001,150.07168839431245,162.21089593134985,PPG
RB,2025,00-0033699,Austin Ekeler,2.0,10.853560427356703,6.550000000000001,8.827746376136027,9.541817407726462,13.100000000000001,95.81247873077152,103.56269182156325,111.35000000000001,150.07168839431245,162.21089593134985,SEASON
RB,2025,00-0033854,Dare Ogunbowale,14.0,12.947041425170687,1.6500000000000001,4.8652821541224744,3.8236759465918704,23.1,62.99100959456735,49.50529087695369,28.05,82.70979662008206,65.0024910920618,PPG
RB,2025,00-0033854,Dare Ogunbowale,14.0,12.947041425170687,1.6500000000000001,4.8652821541224744,3.8236759465918704,23.1,62.99100959456735,49.50529087695369,28.05,82.70979662008206,65.0024910920618,SEASON
RB,2025,00-0033906,Alvin Kamara,11.0,11.900300926263695,8.972727272727274,14.726621682630194,15.239934227378564,98.70000000000002,175.2512296505391,181.3598034022709,152.53636363636366,250.3525686047133,259.07888186543556,PPG
RB,2025,00-0033906,Alvin Kamara,11.0,11.900300926263695,8.972727272727274,14.726621682630194,15.239934227378564,98.70000000000002,175.2512296505391,181.3598034022709,152.53636363636366,250.3525686047133,259.07888186543556,SEASON
RB,2025,00-0033923,Kareem Hunt,17.0,11.376930676810199,8.435294117647059,9.550341438654742,9.86287236635803,143.4,108.65357248744279,112.20921518628226,143.4,162.35580445713063,167.6688302280865,PPG
RB,2025,00-0033923,Kareem Hunt,17.0,11.376930676810199,8.435294117647059,9.550341438654742,9.86287236635803,143.4,108.65357248744279,112.20921518628226,143.4,162.35580445713063,167.6688302280865,SEASON
RB,2025,00-0033955,Jeremy McNichols,16.0,12.42367117571719,4.48125,4.079035340275318,4.205550184208004,71.7,50.67659378171024,52.2483726015771,76.18125,69.3436007846804,71.49435313153607,PPG
RB,2025,00-0033955,Jeremy McNichols,16.0,12.42367117571719,4.48125,4.079035340275318,4.205550184208004,71.7,50.67659378171024,52.2483726015771,76.18125,69.3436007846804,71.49435313153607,SEASON
RB,2025,00-0034791,Nick Chubb,15.0,8.760079429542717,5.886666666666667,6.568961571976953,7.557274294405337,88.3,57.54462514013189,66.20232308983215,100.07333333333334,111.6723467236082,128.47366300489074,PPG
RB,2025,00-0034791,Nick Chubb,15.0,8.760079429542717,5.886666666666667,6.568961571976953,7.557274294405337,88.3,57.54462514013189,66.20232308983215,100.07333333333334,111.6723467236082,128.47366300489074,SEASON
RB,2025,00-0034844,Saquon Barkley,16.0,12.947041425170687,14.45625,17.703994395583283,17.285261688705248,231.3,229.21434883060644,223.79299912858266,245.75625000000002,300.9679047249158,293.8494487079892,PPG
RB,2025,00-0034844,Saquon Barkley,16.0,12.947041425170687,14.45625,17.703994395583283,17.285261688705248,231.3,229.21434883060644,223.79299912858266,245.75625000000002,300.9679047249158,293.8494487079892,SEASON
RB,2025,00-0034975,Justice Hill,10.0,12.42367117571719,6.420000000000002,7.378555944098924,7.1916666445800885,64.20000000000002,91.66875280111854,89.34690159763642,109.14000000000003,125.4354510496817,122.25833295786151,PPG
RB,2025,00-0034975,Justice Hill,10.0,12.42367117571719,6.420000000000002,7.378555944098924,7.1916666445800885,64.20000000000002,91.66875280111854,89.34690159763642,109.14000000000003,125.4354510496817,122.25833295786151,SEASON
RB,2025,00-0035243,Miles Sanders,4.0,10.330190177903207,6.425000000000001,5.9578043783710655,6.175149953100631,25.700000000000003,61.5452522713175,63.79047339259958,109.22500000000001,101.28267443230811,104.97754920271072,PPG
RB,2025,00-0035243,Miles Sanders,4.0,10.330190177903207,6.425000000000001,5.9578043783710655,6.175149953100631,25.700000000000003,61.5452522713175,63.79047339259958,109.22500000000001,101.28267443230811,104.97754920271072,SEASON
RB,2025,00-0035250,Devin Singletary,17.0,12.42367117571719,6.282352941176471,6.170622386956953,6.0454996637430645,106.80000000000001,76.6617834850723,75.10729991525268,106.80000000000001,104.9005805782682,102.77349428363209,PPG
RB,2025,00-0035250,Devin Singletary,17.0,12.42367117571719,6.282352941176471,6.170622386956953,6.0454996637430645,106.80000000000001,76.6617834850723,75.10729991525268,106.80000000000001,104.9005805782682,102.77349428363209,SEASON
RB,2025,00-0035261,Tony Pollard,17.0,12.947041425170687,10.694117647058825,11.600179535896723,11.449119739799471,181.8,150.18800499067214,148.23222755292318,181.8,197.2030521102443,194.635035576591,PPG
RB,2025,00-0035261,Tony Pollard,17.0,12.947041425170687,10.694117647058825,11.600179535896723,11.449119739799471,181.8,150.18800499067214,148.23222755292318,181.8,197.2030521102443,194.635035576591,SEASON
RB,2025,00-0035291,Trayveon Williams,6.0,7.18996868118223,2.85,0.6396136714491227,1.0382741300316465,17.1,4.5988022657751735,7.465158477409265,48.45,10.873432414635086,17.65066021053799,PPG
RB,2025,00-0035291,Trayveon Williams,6.0,7.18996868118223,2.85,0.6396136714491227,1.0382741300316465,17.1,4.5988022657751735,7.465158477409265,48.45,10.873432414635086,17.65066021053799,SEASON
RB,2025,00-0035311,Myles Gaskin,1.0,6.666598431728735,0.6000000000000001,1.2046368621684431,1.5957932236081864,0.6000000000000001,8.030830216134767,10.638512601869678,10.200000000000001,20.478826656863532,27.12848480133917,PPG
RB,2025,00-0035311,Myles Gaskin,1.0,6.666598431728735,0.6000000000000001,1.2046368621684431,1.5957932236081864,0.6000000000000001,8.030830216134767,10.638512601869678,10.200000000000001,20.478826656863532,27.12848480133917,SEASON
RB,2025,00-0035537,Ty Johnson,17.0,13.470411674624183,5.841176470588236,6.2705072491289835,5.494254170088917,99.30000000000001,84.46631405448262,74.00986551611835,99.30000000000001,106.59862323519272,93.4023208915116,PPG
RB,2025,00-0035537,Ty Johnson,17.0,13.470411674624183,5.841176470588236,6.2705072491289835,5.494254170088917,99.30000000000001,84.46631405448262,74.00986551611835,99.30000000000001,106.59862323519272,93.4023208915116,SEASON
RB,2025,00-0035567,Craig Reynolds,5.0,8.760079429542717,0.08000000000000002,3.5503279403955488,3.204737642900784,0.4000000000000001,31.101154758789807,28.07375630265637,1.3600000000000003,60.35557498672433,54.48053992931332,PPG
RB,2025,00-0035567,Craig Reynolds,5.0,8.760079429542717,0.08000000000000002,3.5503279403955488,3.204737642900784,0.4000000000000001,31.101154758789807,28.07375630265637,1.3600000000000003,60.35557498672433,54.48053992931332,SEASON
RB,2025,00-0035594,Travis Homer,8.0,8.760079429542717,0.0,1.286417134462691,1.6612293657976243,0.0,11.269116277417906,14.552501195076061,0.0,21.869091285865746,28.240899218559612,PPG
RB,2025,00-0035594,Travis Homer,8.0,8.760079429542717,0.0,1.286417134462691,1.6612293657976243,0.0,11.269116277417906,14.552501195076061,0.0,21.869091285865746,28.240899218559612,SEASON
RB,2025,00-0035628,D'Ernest Johnson,5.0,10.853560427356703,0.5,3.762986878233387,3.41205354145416,2.5,40.841805470256425,37.03292929354917,8.5,63.97077692996758,58.004910204720716,PPG
RB,2025,00-0035628,D'Ernest Johnson,5.0,10.853560427356703,0.5,3.762986878233387,3.41205354145416,2.5,40.841805470256425,37.03292929354917,8.5,63.97077692996758,58.004910204720716,SEASON
RB,2025,00-0035685,David Montgomery,17.0,11.900300926263695,9.458823529411767,12.411109207906264,12.32899343633191,160.80000000000004,147.69593440280678,146.71873201027964,160.80000000000004,210.9888565344065,209.59288841764246,PPG
RB,2025,00-0035685,David Montgomery,17.0,11.900300926263695,9.458823529411767,12.411109207906264,12.32899343633191,160.80000000000004,147.69593440280678,146.71873201027964,160.80000000000004,210.9888565344065,209.59288841764246,SEASON
RB,2025,00-0035700,Josh Jacobs,15.0,13.470411674624183,15.606666666666667,13.77909383846698,13.749379026833672,234.10000000000002,185.61006650742775,185.2097957618932,265.31333333333333,234.24459525393868,233.73944345617244,PPG
RB,2025,00-0035700,Josh Jacobs,15.0,13.470411674624183,15.606666666666667,13.77909383846698,13.749379026833672,234.10000000000002,185.61006650742775,185.2097957618932,265.31333333333333,234.24459525393868,233.73944345617244,SEASON
RB,2025,00-0036139,Rico Dowdle,17.0,12.947041425170687,12.664705882352942,11.8126373774469,11.954659231081312,215.3,152.93870546632462,154.7774682886089,215.3,200.81483541659728,203.2292069283823,PPG
RB,2025,00-0036139,Rico Dowdle,17.0,12.947041425170687,12.664705882352942,11.8126373774469,11.954659231081312,215.3,152.93870546632462,154.7774682886089,215.3,200.81483541659728,203.2292069283823,SEASON
RB,2025,00-0036158,J.K. Dobbins,10.0,11.376930676810199,11.590000000000002,11.826544593195166,11.958571874940308,115.90000000000002,134.5497779829859,136.05184321484805,197.03000000000003,201.05125808431782,203.29572187398523,PPG
RB,2025,00-0036158,J.K. Dobbins,10.0,11.376930676810199,11.590000000000002,11.826544593195166,11.958571874940308,115.90000000000002,134.5497779829859,136.05184321484805,197.03000000000003,201.05125808431782,203.29572187398523,SEASON
RB,2025,00-0036187,Reggie Gilliam,11.0,8.236709180089221,0.4363636363636364,0.7879348221929274,1.15244738511155,4.800000000000001,6.489989983268454,9.492373956518122,7.418181818181819,13.394891977279766,19.59160554689635,PPG
RB,2025,00-0036187,Reggie Gilliam,11.0,8.236709180089221,0.4363636363636364,0.7879348221929274,1.15244738511155,4.800000000000001,6.489989983268454,9.492373956518122,7.418181818181819,13.394891977279766,19.59160554689635,SEASON
RB,2025,00-0036223,Jonathan Taylor,17.0,11.900300926263695,21.194117647058825,14.431419249863083,14.270330686211523,360.3,171.73823186644537,169.82122948321222,360.3,245.33412724767243,242.5956216655959,PPG
RB,2025,00-0036223,Jonathan Taylor,17.0,11.900300926263695,21.194117647058825,14.431419249863083,14.270330686211523,360.3,171.73823186644537,169.82122948321222,360.3,245.33412724767243,242.5956216655959,SEASON
RB,2025,00-0036275,D'Andre Swift,16.0,13.470411674624183,14.162500000000001,10.499123101678764,10.663371797825405,226.60000000000002,141.42751040217007,143.64000795628561,240.76250000000002,178.485092728539,181.27732056303188,PPG
RB,2025,00-0036275,D'Andre Swift,16.0,13.470411674624183,14.162500000000001,10.499123101678764,10.663371797825405,226.60000000000002,141.42751040217007,143.64000795628561,240.76250000000002,178.485092728539,181.27732056303188,SEASON
RB,2025,00-0036328,Antonio Gibson,5.0,13.470411674624183,3.24,6.831611335395614,6.348593635083488,16.200000000000003,92.02461708880799,85.5181698194734,55.080000000000005,116.13739270172545,107.9260917964193,PPG
RB,2025,00-0036328,Antonio Gibson,5.0,13.470411674624183,3.24,6.831611335395614,6.348593635083488,16.200000000000003,92.02461708880799,85.5181698194734,55.080000000000005,116.13739270172545,107.9260917964193,SEASON
RB,2025,00-0036414,Cam Akers,4.0,12.947041425170687,0.47500000000000003,6.373765460666897,5.7542328522712225,1.9000000000000001,82.52140545357645,74.5002911084336,8.075000000000001,108.35401283133726,97.82195848861079,PPG
RB,2025,00-0036414,Cam Akers,4.0,12.947041425170687,0.47500000000000003,6.373765460666897,5.7542328522712225,1.9000000000000001,82.52140545357645,74.5002911084336,8.075000000000001,108.35401283133726,97.82195848861079,SEASON
RB,2025,00-0036425,DeeJay Dallas,5.0,12.947041425170687,0.42000000000000004,3.1008014311753995,1.9899339702787802,2.1,40.14620458065645,25.76375754655374,7.140000000000001,52.71362432998179,33.82887749473926,PPG
RB,2025,00-0036425,DeeJay Dallas,5.0,12.947041425170687,0.42000000000000004,3.1008014311753995,1.9899339702787802,2.1,40.14620458065645,25.76375754655374,7.140000000000001,52.71362432998179,33.82887749473926,SEASON
RB,2025,00-0036555,Chuba Hubbard,15.0,12.42367117571719,8.293333333333335,12.89012251186604,13.459223054322818,124.40000000000002,160.14264350213338,167.2129615075387,140.98666666666668,219.13208270172265,228.8067919234879,PPG
RB,2025,00-0036555,Chuba Hubbard,15.0,12.42367117571719,8.293333333333335,12.89012251186604,13.459223054322818,124.40000000000002,160.14264350213338,167.2129615075387,140.98666666666668,219.13208270172265,228.8067919234879,SEASON
RB,2025,00-0036875,Rhamondre Stevenson,14.0,12.42367117571719,12.557142857142859,9.834341156837603,10.296945398163288,175.8,122.17862076237257,127.92586374109501,213.4714285714286,167.18379966623925,175.0480717687759,PPG
RB,2025,00-0036875,Rhamondre Stevenson,14.0,12.42367117571719,12.557142857142859,9.834341156837603,10.296945398163288,175.8,122.17862076237257,127.92586374109501,213.4714285714286,167.18379966623925,175.0480717687759,SEASON
RB,2025,00-0036893,Najee Harris,3.0,13.470411674624183,3.8666666666666667,10.954189664830482,10.62000698076626,11.6,147.55744434718008,143.05586601830413,65.73333333333333,186.2212243021182,180.5401186730264,PPG
RB,2025,00-0036893,Najee Harris,3.0,13.470411674624183,3.8666666666666667,10.954189664830482,10.62000698076626,11.6,147.55744434718008,143.05586601830413,65.73333333333333,186.2212243021182,180.5401186730264,SEASON
RB,2025,00-0036906,Khalil Herbert,5.0,10.330190177903207,1.32,3.3182218407930186,3.2251891199044644,6.6000000000000005,34.27786266786394,33.31681696831739,22.44,56.40977129348131,54.828215038375895,PPG
RB,2025,00-0036906,Khalil Herbert,5.0,10.330190177903207,1.32,3.3182218407930186,3.2251891199044644,6.6000000000000005,34.27786266786394,33.31681696831739,22.44,56.40977129348131,54.828215038375895,SEASON
RB,2025,00-0036919,Kenny Gainwell,17.0,13.470411674624183,12.900000000000002,4.9302431232440345,4.594235716543918,219.30000000000004,66.41240452608203,61.886246432108585,219.30000000000004,83.81413309514859,78.1020071812466,PPG
RB,2025,00-0036919,Kenny Gainwell,17.0,13.470411674624183,12.900000000000002,4.9302431232440345,4.594235716543918,219.30000000000004,66.41240452608203,61.886246432108585,219.30000000000004,83.81413309514859,78.1020071812466,SEASON
RB,2025,00-0036924,Michael Carter,13.0,6.143228182275238,7.615384615384615,8.580415934362536,10.109921383650278,99.0,52.71145298361945,62.107553964627456,129.46153846153845,145.86707088416313,171.86866352205473,PPG
RB,2025,00-0036924,Michael Carter,13.0,6.143228182275238,7.615384615384615,8.580415934362536,10.109921383650278,99.0,52.71145298361945,62.107553964627456,129.46153846153845,145.86707088416313,171.86866352205473,SEASON
RB,2025,00-0036950,Avery Williams,1.0,13.470411674624183,0.0,1.869991986662252,1.0382741300316465,0.0,25.18956188858887,13.985979962638558,0.0,31.789863773258286,17.65066021053799,PPG
RB,2025,00-0036950,Avery Williams,1.0,13.470411674624183,0.0,1.869991986662252,1.0382741300316465,0.0,25.18956188858887,13.985979962638558,0.0,31.789863773258286,17.65066021053799,SEASON
RB,2025,00-0036973,Travis Etienne,17.0,12.42367117571719,14.93529411764706,8.531224061432342,8.349008128037092,253.90000000000003,105.98912246560192,103.72533162612295,253.90000000000003,145.0308090443498,141.93313817663056,PPG
RB,2025,00-0036973,Travis Etienne,17.0,12.42367117571719,14.93529411764706,8.531224061432342,8.349008128037092,253.90000000000003,105.98912246560192,103.72533162612295,253.90000000000003,145.0308090443498,141.93313817663056,SEASON
RB,2025,00-0036984,Trey Sermon,3.0,12.42367117571719,0.0,3.9225180967309314,3.5675899408239564,0.0,48.73207501458513,44.32256431459319,0.0,66.68280764442584,60.64902899400726,PPG
RB,2025,00-0036984,Trey Sermon,3.0,12.42367117571719,0.0,3.9225180967309314,3.5675899408239564,0.0,48.73207501458513,44.32256431459319,0.0,66.68280764442584,60.64902899400726,SEASON
RB,2025,00-0036997,Javonte Williams,16.0,13.470411674624183,15.05,7.963989926296461,8.357545627077393,240.8,107.27822287977322,112.5795801861876,255.85000000000002,135.38782874703983,142.07827566031568,PPG
RB,2025,00-0036997,Javonte Williams,16.0,13.470411674624183,15.05,7.963989926296461,8.357545627077393,240.8,107.27822287977322,112.5795801861876,255.85000000000002,135.38782874703983,142.07827566031568,SEASON
RB,2025,00-0037085,Tyler Badie,16.0,6.143228182275238,2.2125,3.8585707781337857,3.9128263374036205,35.4,23.70408074753517,24.03738502828672,37.6125,65.59570322827436,66.51804773586154,PPG
RB,2025,00-0037085,Tyler Badie,16.0,6.143228182275238,2.2125,3.8585707781337857,3.9128263374036205,35.4,23.70408074753517,24.03738502828672,37.6125,65.59570322827436,66.51804773586154,SEASON
RB,2025,00-0037120,Tyler Goodson,10.0,11.900300926263695,0.52,4.188937121270906,3.1746250931366635,5.2,49.849612304320544,37.77899393639421,8.84,71.21193106160541,53.96862658332328,PPG
RB,2025,00-0037120,Tyler Goodson,10.0,11.900300926263695,0.52,4.188937121270906,3.1746250931366635,5.2,49.849612304320544,37.77899393639421,8.84,71.21193106160541,53.96862658332328,SEASON
RB,2025,00-0037197,Isiah Pacheco,13.0,8.236709180089221,6.7153846153846155,7.214351868259012,8.015273193638015,87.3,59.422518261682825,66.01947429496128,114.16153846153847,122.64398176040321,136.25964429184626,PPG
RB,2025,00-0037197,Isiah Pacheco,13.0,8.236709180089221,6.7153846153846155,7.214351868259012,8.015273193638015,87.3,59.422518261682825,66.01947429496128,114.16153846153847,122.64398176040321,136.25964429184626,SEASON
RB,2025,00-0037228,Jaylen Warren,16.0,12.42367117571719,13.506250000000001,7.778371731442578,8.276571589973848,216.10000000000002,96.63593267393658,102.82540389611789,229.60625000000002,132.23231943452384,140.70171702955543,PPG
RB,2025,00-0037228,Jaylen Warren,16.0,12.42367117571719,13.506250000000001,7.778371731442578,8.276571589973848,216.10000000000002,96.63593267393658,102.82540389611789,229.60625000000002,132.23231943452384,140.70171702955543,SEASON
RB,2025,00-0037248,James Cook,17.0,12.947041425170687,17.42352941176471,13.009953195126345,12.316684327857573,296.2000000000001,168.44040295683251,159.46462221352257,296.2000000000001,221.16920431714786,209.38363357357872,PPG
RB,2025,00-0037248,James Cook,17.0,12.947041425170687,17.42352941176471,13.009953195126345,12.316684327857573,296.2000000000001,168.44040295683251,159.46462221352257,296.2000000000001,221.16920431714786,209.38363357357872,SEASON
RB,2025,00-0037256,Rachaad White,17.0,12.42367117571719,8.411764705882353,11.093125947815116,10.908645808619863,143.0,137.8173490864711,135.52542849865873,143.0,188.58314111285696,185.44697874653767,PPG
RB,2025,00-0037256,Rachaad White,17.0,12.42367117571719,8.411764705882353,11.093125947815116,10.908645808619863,143.0,137.8173490864711,135.52542849865873,143.0,188.58314111285696,185.44697874653767,SEASON
RB,2025,00-0037258,Dameon Pierce,5.0,9.80681992844971,0.7200000000000001,5.116793302244122,4.108147144077908,3.6000000000000005,50.179470526205655,40.28785928154699,12.240000000000002,86.98548613815007,69.83850144932443,PPG
RB,2025,00-0037258,Dameon Pierce,5.0,9.80681992844971,0.7200000000000001,5.116793302244122,4.108147144077908,3.6000000000000005,50.179470526205655,40.28785928154699,12.240000000000002,86.98548613815007,69.83850144932443,SEASON
RB,2025,00-0037263,Tyler Allgeier,17.0,13.470411674624183,7.235294117647058,6.9147385012531535,6.555449649194973,122.99999999999999,93.1443742342538,88.30460548692696,122.99999999999999,117.55055452130361,111.44264403631453,PPG
RB,2025,00-0037263,Tyler Allgeier,17.0,13.470411674624183,7.235294117647058,6.9147385012531535,6.555449649194973,122.99999999999999,93.1443742342538,88.30460548692696,122.99999999999999,117.55055452130361,111.44264403631453,SEASON
RB,2025,00-0037267,Jerome Ford,13.0,11.900300926263695,3.3538461538461535,8.401390072819165,8.690790080915974,43.599999999999994,99.97907006547251,103.42301724988769,57.01538461538461,142.8236312379258,147.74343137557156,PPG
RB,2025,00-0037267,Jerome Ford,13.0,11.900300926263695,3.3538461538461535,8.401390072819165,8.690790080915974,43.599999999999994,99.97907006547251,103.42301724988769,57.01538461538461,142.8236312379258,147.74343137557156,SEASON
RB,2025,00-0037276,Ty Chandler,3.0,11.900300926263695,2.9333333333333336,3.7104822061874936,2.6182910756288256,8.8,44.15585483517799,31.15845171253368,49.866666666666674,63.07819750518739,44.510948285690034,PPG
RB,2025,00-0037276,Ty Chandler,3.0,11.900300926263695,2.9333333333333336,3.7104822061874936,2.6182910756288256,8.8,44.15585483517799,31.15845171253368,49.866666666666674,63.07819750518739,44.510948285690034,SEASON
RB,2025,00-0037525,Jordan Mason,16.0,10.853560427356703,7.86875,8.716470505360556,7.928428881995819,125.9,94.60473934320322,86.05168196474176,133.76875,148.17999859112945,134.78329099392892,PPG
RB,2025,00-0037525,Jordan Mason,16.0,10.853560427356703,7.86875,8.716470505360556,7.928428881995819,125.9,94.60473934320322,86.05168196474176,133.76875,148.17999859112945,134.78329099392892,SEASON
RB,2025,00-0037557,Ronnie Rivers,6.0,7.713338930635726,0.7666666666666667,3.269634341809224,3.4668902275656555,4.6000000000000005,25.219797857620605,26.74129936052272,13.033333333333335,55.583783810756806,58.937133868616144,PPG
RB,2025,00-0037557,Ronnie Rivers,6.0,7.713338930635726,0.7666666666666667,3.269634341809224,3.4668902275656555,4.6000000000000005,25.219797857620605,26.74129936052272,13.033333333333335,55.583783810756806,58.937133868616144,SEASON
RB,2025,00-0037594,Julius Chestnut,16.0,10.853560427356703,0.25,1.459645336507504,1.9549002360875836,4.0,15.842348862293603,21.217627841830474,4.25,24.813970720627566,33.23330401348892,PPG
RB,2025,00-0037594,Julius Chestnut,16.0,10.853560427356703,0.25,1.459645336507504,1.9549002360875836,4.0,15.842348862293603,21.217627841830474,4.25,24.813970720627566,33.23330401348892,SEASON
RB,2025,00-0037617,Hassan Haskins,11.0,10.853560427356703,0.9090909090909091,3.1529578097018116,2.9007001766373848,10.0,34.22081811250485,31.482924648778116,15.454545454545453,53.600282764930796,49.31190300283554,PPG
RB,2025,00-0037617,Hassan Haskins,11.0,10.853560427356703,0.9090909090909091,3.1529578097018116,2.9007001766373848,10.0,34.22081811250485,31.482924648778116,15.454545454545453,53.600282764930796,49.31190300283554,SEASON
RB,2025,00-0037746,Brian Robinson,17.0,11.900300926263695,3.6764705882352944,9.396772989531325,9.739763566230035,62.50000000000001,111.8244263112093,115.90611738879667,62.50000000000001,159.7451408220325,165.5759806259106,PPG
RB,2025,00-0037746,Brian Robinson,17.0,11.900300926263695,3.6764705882352944,9.396772989531325,9.739763566230035,62.50000000000001,111.8244263112093,115.90611738879667,62.50000000000001,159.7451408220325,165.5759806259106,SEASON
RB,2025,00-0037840,Kyren Williams,17.0,12.947041425170687,15.370588235294118,13.487624659923451,13.6032443138975,261.3,174.62483519918263,176.12176764874852,261.3,229.28961921869868,231.2551533362575,PPG
RB,2025,00-0037840,Kyren Williams,17.0,12.947041425170687,15.370588235294118,13.487624659923451,13.6032443138975,261.3,174.62483519918263,176.12176764874852,261.3,229.28961921869868,231.2551533362575,SEASON
RB,2025,00-0038040,Zamir White,5.0,8.760079429542717,1.9200000000000002,4.226566691188761,4.694315722192297,9.600000000000001,37.025059929073095,41.122578593755705,32.64,71.85163375020895,79.80336727726905,PPG
RB,2025,00-0038040,Zamir White,5.0,8.760079429542717,1.9200000000000002,4.226566691188761,4.694315722192297,9.600000000000001,37.025059929073095,41.122578593755705,32.64,71.85163375020895,79.80336727726905,SEASON
RB,2025,00-0038120,Breece Hall,16.0,12.947041425170687,12.59375,12.43673835312838,12.082326351176167,201.5,161.0189666519622,156.43037978110922,214.09375,211.42455200318247,205.39954796999484,PPG
RB,2025,00-0038120,Breece Hall,16.0,12.947041425170687,12.59375,12.43673835312838,12.082326351176167,201.5,161.0189666519622,156.43037978110922,214.09375,211.42455200318247,205.39954796999484,SEASON
RB,2025,00-0038134,Kenneth Walker III,17.0,10.330190177903207,11.229411764705883,12.599077991659733,13.243529045859306,190.9,130.15087172007983,136.80817367031165,190.9,214.18432585821546,225.1399937796082,PPG
RB,2025,00-0038134,Kenneth Walker III,17.0,10.330190177903207,11.229411764705883,12.599077991659733,13.243529045859306,190.9,130.15087172007983,136.80817367031165,190.9,214.18432585821546,225.1399937796082,SEASON
RB,2025,00-0038396,Eric Gray,1.0,11.900300926263695,0.0,2.561936557257277,2.130563360956864,0.0,30.487815985357596,25.35434513785846,0.0,43.55292147337371,36.219577136266686,PPG
RB,2025,00-0038396,Eric Gray,1.0,11.900300926263695,0.0,2.561936557257277,2.130563360956864,0.0,30.487815985357596,25.35434513785846,0.0,43.55292147337371,36.219577136266686,SEASON
RB,2025,00-0038454,Keaton Mitchell,13.0,6.666598431728735,4.184615384615385,2.2804078426850514,2.6298432707575103,54.400000000000006,15.202563347746072,17.532109024524384,71.13846153846154,38.76693332564587,44.70733560287768,PPG
RB,2025,00-0038454,Keaton Mitchell,13.0,6.666598431728735,4.184615384615385,2.2804078426850514,2.6298432707575103,54.400000000000006,15.202563347746072,17.532109024524384,71.13846153846154,38.76693332564587,44.70733560287768,SEASON
RB,2025,00-0038488,Brady Russell,10.0,8.760079429542717,0.0,0.8423626505038418,1.0382741300316465,0.0,7.379163726893786,9.095363848716586,0.0,14.320165058565312,17.65066021053799,PPG
RB,2025,00-0038488,Brady Russell,10.0,8.760079429542717,0.0,0.8423626505038418,1.0382741300316465,0.0,7.379163726893786,9.095363848716586,0.0,14.320165058565312,17.65066021053799,SEASON
RB,2025,00-0038542,Bijan Robinson,17.0,13.470411674624183,21.576470588235296,15.437784091110375,15.481259078486739,366.8,207.95330705122066,208.5389330287294,366.8,262.4423295488764,263.18140433427453,PPG
RB,2025,00-0038542,Bijan Robinson,17.0,13.470411674624183,21.576470588235296,15.437784091110375,15.481259078486739,366.8,207.95330705122066,208.5389330287294,366.8,262.4423295488764,263.18140433427453,SEASON
RB,2025,00-0038551,Kendre Miller,7.0,7.713338930635726,4.757142857142858,4.3651827683279,5.172073810196378,33.300000000000004,33.670134186283825,39.89395827230917,80.87142857142858,74.2081070615743,87.92525477333842,PPG
RB,2025,00-0038551,Kendre Miller,7.0,7.713338930635726,4.757142857142858,4.3651827683279,5.172073810196378,33.300000000000004,33.670134186283825,39.89395827230917,80.87142857142858,74.2081070615743,87.92525477333842,SEASON
RB,2025,00-0038555,Tank Bigsby,15.0,12.947041425170687,3.586666666666667,7.459630938212318,7.529675094458749,53.800000000000004,96.58015077351976,97.48701536603343,60.973333333333336,126.8137259496094,128.00447660579874,PPG
RB,2025,00-0038555,Tank Bigsby,15.0,12.947041425170687,3.586666666666667,7.459630938212318,7.529675094458749,53.800000000000004,96.58015077351976,97.48701536603343,60.973333333333336,126.8137259496094,128.00447660579874,SEASON
RB,2025,00-0038597,Chase Brown,17.0,12.947041425170687,16.50588235294118,12.964018890159236,13.251999127334951,280.6,167.84568960758693,171.5741816679314,280.6,220.388321132707,225.28398516469417,PPG
RB,2025,00-0038597,Chase Brown,17.0,12.947041425170687,16.50588235294118,12.964018890159236,13.251999127334951,280.6,167.84568960758693,171.5741816679314,280.6,220.388321132707,225.28398516469417,SEASON
RB,2025,00-0038611,Chris Rodriguez Jr.,12.0,8.236709180089221,7.666666666666667,3.971868647473424,4.627544561098878,92.0,32.71512695075291,38.115738767675076,130.33333333333334,67.52176700704821,78.66825753868092,PPG
RB,2025,00-0038611,Chris Rodriguez Jr.,12.0,8.236709180089221,7.666666666666667,3.971868647473424,4.627544561098878,92.0,32.71512695075291,38.115738767675076,130.33333333333334,67.52176700704821,78.66825753868092,SEASON
RB,2025,00-0038678,Jordan Mims,1.0,8.760079429542717,0.0,3.6176227949082964,4.054527231733573,0.0,31.690663029520998,35.51798059923005,0.0,61.49958751344104,68.92696293947074,PPG
RB,2025,00-0038678,Jordan Mims,1.0,8.760079429542717,0.0,3.6176227949082964,4.054527231733573,0.0,31.690663029520998,35.51798059923005,0.0,61.49958751344104,68.92696293947074,SEASON
RB,2025,00-0038685,Chris Brooks,17.0,10.330190177903207,1.9235294117647057,4.300306983395651,4.454386006639619,32.699999999999996,44.42298896184232,46.01465457437808,32.699999999999996,73.10521871772607,75.72456211287353,PPG
RB,2025,00-0038685,Chris Brooks,17.0,10.330190177903207,1.9235294117647057,4.300306983395651,4.454386006639619,32.699999999999996,44.42298896184232,46.01465457437808,32.699999999999996,73.10521871772607,75.72456211287353,SEASON
RB,2025,00-0038705,Emari Demercado,12.0,11.376930676810199,4.775,5.431606256426397,4.495584469250451,57.300000000000004,61.795007843091675,51.14595285840695,81.17500000000001,92.33730635924874,76.42493597725766,PPG
RB,2025,00-0038705,Emari Demercado,12.0,11.376930676810199,4.775,5.431606256426397,4.495584469250451,57.300000000000004,61.795007843091675,51.14595285840695,81.17500000000001,92.33730635924874,76.42493597725766,SEASON
RB,2025,00-0038738,Hunter Luepke,14.0,11.900300926263695,2.642857142857143,2.938994782404711,2.456353857623326,37.0,34.974922331334945,29.231350087106268,44.92857142857143,49.96291130088009,41.758015579596545,PPG
RB,2025,00-0038738,Hunter Luepke,14.0,11.900300926263695,2.642857142857143,2.938994782404711,2.456353857623326,37.0,34.974922331334945,29.231350087106268,44.92857142857143,49.96291130088009,41.758015579596545,SEASON
RB,2025,00-0038794,Jaleel McLaughlin,8.0,12.947041425170687,3.925,6.786844764828168,6.263220556875992,31.4,87.8695603164331,81.09017600485409,66.725,115.37636100207887,106.47474946689186,PPG
RB,2025,00-0038794,Jaleel McLaughlin,8.0,12.947041425170687,3.925,6.786844764828168,6.263220556875992,31.4,87.8695603164331,81.09017600485409,66.725,115.37636100207887,106.47474946689186,SEASON
RB,2025,00-0038797,Emanuel Wilson,17.0,13.470411674624183,5.500000000000001,6.052385670778984,5.190128882738736,93.50000000000001,81.52812659898933,69.91317269484803,93.50000000000001,102.89055640324273,88.23219100655851,PPG
RB,2025,00-0038797,Emanuel Wilson,17.0,13.470411674624183,5.500000000000001,6.052385670778984,5.190128882738736,93.50000000000001,81.52812659898933,69.91317269484803,93.50000000000001,102.89055640324273,88.23219100655851,SEASON
RB,2025,00-0038951,Sean Tucker,17.0,13.470411674624183,5.31764705882353,5.172876128275499,4.0414403034104645,90.4,69.68077098970703,54.43986464535702,90.4,87.93889418068349,68.7044851579779,PPG
RB,2025,00-0038951,Sean Tucker,17.0,13.470411674624183,5.31764705882353,5.172876128275499,4.0414403034104645,90.4,69.68077098970703,54.43986464535702,90.4,87.93889418068349,68.7044851579779,SEASON
RB,2025,00-0039021,Roschon Johnson,6.0,11.376930676810199,0.2833333333333334,4.4192216150253065,4.8063470064539695,1.7000000000000002,50.27717795960412,54.681476701121035,4.816666666666667,75.12676745543021,81.70789910971749,PPG
RB,2025,00-0039021,Roschon Johnson,6.0,11.376930676810199,0.2833333333333334,4.4192216150253065,4.8063470064539695,1.7000000000000002,50.27717795960412,54.681476701121035,4.816666666666667,75.12676745543021,81.70789910971749,SEASON
RB,2025,00-0039032,Tyjae Spears,13.0,10.853560427356703,8.592307692307692,7.855340626673404,8.008881257289882,111.69999999999999,85.25841416906985,86.92487668152026,146.06923076923076,133.54079065344786,136.150981373928,PPG
RB,2025,00-0039032,Tyjae Spears,13.0,10.853560427356703,8.592307692307692,7.855340626673404,8.008881257289882,111.69999999999999,85.25841416906985,86.92487668152026,146.06923076923076,133.54079065344786,136.150981373928,SEASON
RB,2025,00-0039040,De'Von Achane,16.0,13.470411674624183,20.1125,13.654821437908282,13.846417010196676,321.8,183.9360661121083,186.51693734586817,341.9125,232.1319644444408,235.3890891733435,PPG
RB,2025,00-0039040,De'Von Achane,16.0,13.470411674624183,20.1125,13.654821437908282,13.846417010196676,321.8,183.9360661121083,186.51693734586817,341.9125,232.1319644444408,235.3890891733435,SEASON
RB,2025,00-0039139,Jahmyr Gibbs,17.0,13.470411674624183,21.46470588235294,16.28727123880007,16.165985098951136,364.9,219.39624864290315,217.76247440871197,364.9,276.8836110596012,274.8217466821693,PPG
RB,2025,00-0039139,Jahmyr Gibbs,17.0,13.470411674624183,21.46470588235294,16.28727123880007,16.165985098951136,364.9,219.39624864290315,217.76247440871197,364.9,276.8836110596012,274.8217466821693,SEASON
RB,2025,00-0039165,Zach Charbonnet,16.0,13.470411674624183,11.3375,9.089001568769104,9.385813730796743,181.4,122.43259284262486,126.4307748551724,192.7375,154.51302666907478,159.55883342354463,PPG
RB,2025,00-0039165,Zach Charbonnet,16.0,13.470411674624183,11.3375,9.089001568769104,9.385813730796743,181.4,122.43259284262486,126.4307748551724,192.7375,154.51302666907478,159.55883342354463,SEASON
RB,2025,00-0039299,George Holani,10.0,6.143228182275238,1.38,0.9485044923690372,1.7954796053557915,13.799999999999999,5.826879528536138,11.030040912322121,23.459999999999997,16.124576370273633,30.523153291048455,PPG
RB,2025,00-0039299,George Holani,10.0,6.143228182275238,1.38,0.9485044923690372,1.7954796053557915,13.799999999999999,5.826879528536138,11.030040912322121,23.459999999999997,16.124576370273633,30.523153291048455,SEASON
RB,2025,00-0039361,Bucky Irving,10.0,13.470411674624183,13.749999999999998,12.542968144047073,11.578558020054661,137.49999999999997,168.9589445220109,155.96794312865777,233.74999999999997,213.23045844880025,196.83548634092924,PPG
RB,2025,00-0039361,Bucky Irving,10.0,13.470411674624183,13.749999999999998,12.542968144047073,11.578558020054661,137.49999999999997,168.9589445220109,155.96794312865777,233.74999999999997,213.23045844880025,196.83548634092924,SEASON
RB,2025,00-0039363,Isaac Guerendo,7.0,12.947041425170687,0.0,6.4439259224389,6.697832331972861,0.0,83.42977585854766,86.71711266090021,0.0,109.54674068146129,113.86314964353863,PPG
RB,2025,00-0039363,Isaac Guerendo,7.0,12.947041425170687,0.0,6.4439259224389,6.697832331972861,0.0,83.42977585854766,86.71711266090021,0.0,109.54674068146129,113.86314964353863,SEASON
RB,2025,00-0039364,Sione Vaki,8.0,9.283449678996215,0.05,1.6876782592278754,1.7841129253699477,0.4,15.66747619387791,16.562722564318637,0.8500000000000001,28.690530406873883,30.32991973128911,PPG
RB,2025,00-0039364,Sione Vaki,8.0,9.283449678996215,0.05,1.6876782592278754,1.7841129253699477,0.4,15.66747619387791,16.562722564318637,0.8500000000000001,28.690530406873883,30.32991973128911,SEASON
RB,2025,00-0039373,Audric Estimé,5.0,11.376930676810199,9.620000000000001,4.572536357863453,4.2990299198503585,48.10000000000001,52.021429160606694,48.90976537567043,163.54000000000002,77.7331180836787,73.08350863745609,PPG
RB,2025,00-0039373,Audric Estimé,5.0,11.376930676810199,9.620000000000001,4.572536357863453,4.2990299198503585,48.10000000000001,52.021429160606694,48.90976537567043,163.54000000000002,77.7331180836787,73.08350863745609,SEASON
RB,2025,00-0039384,Tyrone Tracy Jr.,15.0,13.470411674624183,10.653333333333332,9.631385815259172,10.10515108781536,159.79999999999998,129.7387319286769,136.12054518714928,181.10666666666665,163.73355885940592,171.7875684928611,PPG
RB,2025,00-0039384,Tyrone Tracy Jr.,15.0,13.470411674624183,10.653333333333332,9.631385815259172,10.10515108781536,159.79999999999998,129.7387319286769,136.12054518714928,181.10666666666665,163.73355885940592,171.7875684928611,SEASON
RB,2025,00-0039391,Kimani Vidal,13.0,9.283449678996215,8.992307692307692,3.705245500984515,4.176052043812154,116.9,34.39746015671686,38.76816900559943,152.86923076923077,62.989173516736756,70.99288474480662,PPG
RB,2025,00-0039391,Kimani Vidal,13.0,9.283449678996215,8.992307692307692,3.705245500984515,4.176052043812154,116.9,34.39746015671686,38.76816900559943,152.86923076923077,62.989173516736756,70.99288474480662,SEASON
RB,2025,00-0039407,Dylan Laube,17.0,7.713338930635726,0.33529411764705885,0.4993342107052113,0.8861370207575829,5.7,3.851534006830769,6.835075180087023,5.7,8.488681581988592,15.06432935287891,PPG
RB,2025,00-0039407,Dylan Laube,17.0,7.713338930635726,0.33529411764705885,0.4993342107052113,0.8861370207575829,5.7,3.851534006830769,6.835075180087023,5.7,8.488681581988592,15.06432935287891,SEASON
RB,2025,00-0039738,Blake Corum,17.0,12.42367117571719,7.188235294117647,2.943760006154483,3.089002511690636,122.2,36.57230633669051,38.37675146620896,122.2,50.04392010462621,52.51304269874081,PPG
RB,2025,00-0039738,Blake Corum,17.0,12.42367117571719,7.188235294117647,2.943760006154483,3.089002511690636,122.2,36.57230633669051,38.37675146620896,122.2,50.04392010462621,52.51304269874081,SEASON
RB,2025,00-0039746,Will Shipley,14.0,11.376930676810199,1.392857142857143,2.973781548184916,2.0969686499633813,19.500000000000004,33.8325065216771,23.85706696207766,23.67857142857143,50.55428631914357,35.64846704937748,PPG
RB,2025,00-0039746,Will Shipley,14.0,11.376930676810199,1.392857142857143,2.973781548184916,2.0969686499633813,19.500000000000004,33.8325065216771,23.85706696207766,23.67857142857143,50.55428631914357,35.64846704937748,SEASON
RB,2025,00-0039794,Braelon Allen,4.0,13.470411674624183,3.575,5.494084307282321,5.124908629150538,14.3,74.00757739418529,69.03462902949163,60.775000000000006,93.39943322379946,87.12344669555915,PPG
RB,2025,00-0039794,Braelon Allen,4.0,13.470411674624183,3.575,5.494084307282321,5.124908629150538,14.3,74.00757739418529,69.03462902949163,60.775000000000006,93.39943322379946,87.12344669555915,SEASON
RB,2025,00-0039796,Rasheen Ali,15.0,7.18996868118223,1.6133333333333333,1.7598728902793679,1.8220789759557028,24.2,12.653430963970306,13.100690771762093,27.426666666666666,29.917839134749254,30.975342591246946,PPG
RB,2025,00-0039796,Rasheen Ali,15.0,7.18996868118223,1.6133333333333333,1.7598728902793679,1.8220789759557028,24.2,12.653430963970306,13.100690771762093,27.426666666666666,29.917839134749254,30.975342591246946,SEASON
RB,2025,00-0039798,Isaiah Davis,16.0,11.376930676810199,4.45,4.685845175432871,4.096441114181141,71.2,53.3105357231653,46.60492657767398,75.65,79.65936798235882,69.63949894107941,PPG
RB,2025,00-0039798,Isaiah Davis,16.0,11.376930676810199,4.45,4.685845175432871,4.096441114181141,71.2,53.3105357231653,46.60492657767398,75.65,79.65936798235882,69.63949894107941,SEASON
RB,2025,00-0039874,Jaylen Wright,9.0,11.376930676810199,5.133333333333334,3.985782288704633,3.6858082173269455,46.2,45.3459687914505,41.93318457654604,87.26666666666668,67.75829890797876,62.65873969455807,PPG
RB,2025,00-0039874,Jaylen Wright,9.0,11.376930676810199,5.133333333333334,3.985782288704633,3.6858082173269455,46.2,45.3459687914505,41.93318457654604,87.26666666666668,67.75829890797876,62.65873969455807,SEASON
RB,2025,00-0039875,Ray Davis,17.0,13.470411674624183,3.4176470588235293,7.175104883675815,5.8192834471940555,58.099999999999994,96.65161659171969,78.38814368503006,58.099999999999994,121.97678302248886,98.92781860229894,PPG
RB,2025,00-0039875,Ray Davis,17.0,13.470411674624183,3.4176470588235293,7.175104883675815,5.8192834471940555,58.099999999999994,96.65161659171969,78.38814368503006,58.099999999999994,121.97678302248886,98.92781860229894,SEASON
RB,2025,00-0039921,Trey Benson,4.0,10.853560427356703,8.85,4.882927636848734,4.314787246640741,35.4,52.997150168947805,46.830804112603325,150.45,83.00976982642848,73.3513831928926,PPG
RB,2025,00-0039921,Trey Benson,4.0,10.853560427356703,8.85,4.882927636848734,4.314787246640741,35.4,52.997150168947805,46.830804112603325,150.45,83.00976982642848,73.3513831928926,SEASON
WR,2022,00-0026189,DeSean Jackson,7.0,12.277675888094805,3.4714285714285715,6.357736405702554,5.61799514456752,24.3,78.05822697115678,68.97592352589034,59.01428571428572,108.08151889694342,95.50591745764784,PPG
WR,2022,00-0026189,DeSean Jackson,7.0,12.277675888094805,3.4714285714285715,6.357736405702554,5.61799514456752,24.3,78.05822697115678,68.97592352589034,59.01428571428572,108.08151889694342,95.50591745764784,SEASON
WR,2022,00-0026293,Matthew Slater,8.0,10.538394052389265,0.0,1.5855924597667446,1.4058635252914025,0.0,16.709598147519124,14.81554381340192,0.0,26.955071816034657,23.89967992995384,PPG
WR,2022,00-0026293,Matthew Slater,8.0,10.538394052389265,0.0,1.5855924597667446,1.4058635252914025,0.0,16.709598147519124,14.81554381340192,0.0,26.955071816034657,23.89967992995384,SEASON
WR,2022,00-0027691,Andre Roberts,3.0,13.147316805947575,0.0,3.67686226839744,1.7136248841215607,0.0,48.34087309445619,22.52956923810136,0.0,62.506658562756485,29.13162303006653,PPG
WR,2022,00-0027691,Andre Roberts,3.0,13.147316805947575,0.0,3.67686226839744,1.7136248841215607,0.0,48.34087309445619,22.52956923810136,0.0,62.506658562756485,29.13162303006653,SEASON
WR,2022,00-0027942,A.J. Green,13.0,13.147316805947575,4.7384615384615385,9.400856970063497,8.780044969491296,61.6,123.59604483282521,115.43403278436838,80.55384615384615,159.81456849107946,149.26076448135203,PPG
WR,2022,00-0027942,A.J. Green,13.0,13.147316805947575,4.7384615384615385,9.400856970063497,8.780044969491296,61.6,123.59604483282521,115.43403278436838,80.55384615384615,159.81456849107946,149.26076448135203,SEASON
WR,2022,00-0027944,Julio Jones,10.0,10.538394052389265,7.04,7.4550876617795865,7.379180574995124,70.4,78.56465147493859,77.76471268303501,119.68,126.73649025025297,125.4460697749171,PPG
WR,2022,00-0027944,Julio Jones,10.0,10.538394052389265,7.04,7.4550876617795865,7.379180574995124,70.4,78.56465147493859,77.76471268303501,119.68,126.73649025025297,125.4460697749171,SEASON
WR,2022,00-0028002,Randall Cobb,13.0,10.97321451131565,6.207692307692309,7.1447569284759265,7.881020754195808,80.70000000000002,78.40095040737506,86.48013130392125,105.53076923076925,121.46086778409075,133.97735282132874,PPG
WR,2022,00-0028002,Randall Cobb,13.0,10.97321451131565,6.207692307692309,7.1447569284759265,7.881020754195808,80.70000000000002,78.40095040737506,86.48013130392125,105.53076923076925,121.46086778409075,133.97735282132874,SEASON
WR,2022,00-0029000,Cole Beasley,4.0,13.147316805947575,2.375,9.608725584201853,8.94881486198956,9.5,126.32895935691545,117.65290402834877,40.375,163.3483349314315,152.1298526538225,PPG
WR,2022,00-0029000,Cole Beasley,4.0,13.147316805947575,2.375,9.608725584201853,8.94881486198956,9.5,126.32895935691545,117.65290402834877,40.375,163.3483349314315,152.1298526538225,SEASON
WR,2022,00-0029293,Marvin Jones,16.0,13.58213726487396,7.30625,10.338662413082655,10.20712009907824,116.9,140.42113202968167,138.63450626473457,124.20625000000001,175.75726102240515,173.5210416843301,PPG
WR,2022,00-0029293,Marvin Jones,16.0,13.58213726487396,7.30625,10.338662413082655,10.20712009907824,116.9,140.42113202968167,138.63450626473457,124.20625000000001,175.75726102240515,173.5210416843301,SEASON
WR,2022,00-0029608,T.Y. Hilton,3.0,10.538394052389265,6.366666666666667,6.629771443163805,7.0010719882301595,19.1,69.86714394533763,73.7800554011138,108.23333333333335,112.70611453378469,119.01822379991272,PPG
WR,2022,00-0029608,T.Y. Hilton,3.0,10.538394052389265,6.366666666666667,6.629771443163805,7.0010719882301595,19.1,69.86714394533763,73.7800554011138,108.23333333333335,112.70611453378469,119.01822379991272,SEASON
WR,2022,00-0029664,Josh Gordon,1.0,10.10357359346288,0.0,2.2745678046015865,2.834662264124964,0.0,22.981263207113425,28.640218798198685,0.0,38.66765267822697,48.18925849012439,PPG
WR,2022,00-0029664,Josh Gordon,1.0,10.10357359346288,0.0,2.2745678046015865,2.834662264124964,0.0,22.981263207113425,28.640218798198685,0.0,38.66765267822697,48.18925849012439,SEASON
WR,2022,00-0030035,Adam Thielen,17.0,11.84285542916842,10.588235294117645,12.260068552164153,12.759580120290895,179.99999999999997,145.19421941497424,151.10986270149647,179.99999999999997,208.4211653867906,216.91286204494523,PPG
WR,2022,00-0030035,Adam Thielen,17.0,11.84285542916842,10.588235294117645,12.260068552164153,12.759580120290895,179.99999999999997,145.19421941497424,151.10986270149647,179.99999999999997,208.4211653867906,216.91286204494523,SEASON
WR,2022,00-0030068,Marquise Goodwin,13.0,12.277675888094805,6.938461538461539,4.920597692529774,4.622163350226695,90.2,60.41350364458774,56.7494235159138,117.95384615384616,83.65016077300615,78.57677695385382,PPG
WR,2022,00-0030068,Marquise Goodwin,13.0,12.277675888094805,6.938461538461539,4.920597692529774,4.622163350226695,90.2,60.41350364458774,56.7494235159138,117.95384615384616,83.65016077300615,78.57677695385382,SEASON
WR,2022,00-0030279,Keenan Allen,10.0,13.147316805947575,16.299999999999997,13.902253843157693,13.716634042818786,162.99999999999997,182.7773355926964,180.33693327218407,277.09999999999997,236.33831533368078,233.18277872791936,PPG
WR,2022,00-0030279,Keenan Allen,10.0,13.147316805947575,16.299999999999997,13.902253843157693,13.716634042818786,162.99999999999997,182.7773355926964,180.33693327218407,277.09999999999997,236.33831533368078,233.18277872791936,SEASON
WR,2022,00-0030431,Robert Woods,17.0,10.10357359346288,6.923529411764706,11.485398513987198,12.727625597965385,117.7,116.04356913631885,128.59450189908526,117.7,195.25177473778237,216.36963516541155,PPG
WR,2022,00-0030431,Robert Woods,17.0,10.10357359346288,6.923529411764706,11.485398513987198,12.727625597965385,117.7,116.04356913631885,128.59450189908526,117.7,195.25177473778237,216.36963516541155,SEASON
WR,2022,00-0030564,DeAndre Hopkins,9.0,10.538394052389265,16.633333333333336,11.698097997124032,12.283039926708112,149.70000000000002,123.27916635715867,129.44351490888064,282.7666666666667,198.86766595110853,208.8116787540379,PPG
WR,2022,00-0030564,DeAndre Hopkins,9.0,10.538394052389265,16.633333333333336,11.698097997124032,12.283039926708112,149.70000000000002,123.27916635715867,129.44351490888064,282.7666666666667,198.86766595110853,208.8116787540379,SEASON
WR,2022,00-0031051,John Brown,2.0,7.494650839904569,5.6,0.7786238898276717,1.568892944569749,11.2,5.835514189866722,11.758304824740023,95.19999999999999,13.23660612707042,26.671180057685735,PPG
WR,2022,00-0031051,John Brown,2.0,7.494650839904569,5.6,0.7786238898276717,1.568892944569749,11.2,5.835514189866722,11.758304824740023,95.19999999999999,13.23660612707042,26.671180057685735,SEASON
WR,2022,00-0031236,Brandin Cooks,13.0,13.147316805947575,11.200000000000001,13.300595291663278,12.586560001128552,145.60000000000002,174.8671400071918,165.47949183190494,190.4,226.11011995827573,213.9715200191854,PPG
WR,2022,00-0031236,Brandin Cooks,13.0,13.147316805947575,11.200000000000001,13.300595291663278,12.586560001128552,145.60000000000002,174.8671400071918,165.47949183190494,190.4,226.11011995827573,213.9715200191854,SEASON
WR,2022,00-0031325,Sammy Watkins,9.0,10.97321451131565,5.055555555555556,6.464879893142086,6.398799470662169,45.50000000000001,70.94051385733951,70.21539920646902,85.94444444444446,109.90295818341546,108.77959100125688,PPG
WR,2022,00-0031325,Sammy Watkins,9.0,10.97321451131565,5.055555555555556,6.464879893142086,6.398799470662169,45.50000000000001,70.94051385733951,70.21539920646902,85.94444444444446,109.90295818341546,108.77959100125688,SEASON
WR,2022,00-0031381,Davante Adams,17.0,13.147316805947575,19.68235294117647,17.933793838900865,17.79998196322264,334.6,235.78126913258043,234.0220020106407,334.6,304.8744952613147,302.59969337478486,PPG
WR,2022,00-0031381,Davante Adams,17.0,13.147316805947575,19.68235294117647,17.933793838900865,17.79998196322264,334.6,235.78126913258043,234.0220020106407,334.6,304.8744952613147,302.59969337478486,SEASON
WR,2022,00-0031382,Jarvis Landry,9.0,11.408034970242035,6.688888888888888,8.950937332253105,9.876961898998966,60.199999999999996,102.11260610278836,112.67672674352838,113.7111111111111,152.16593464830277,167.9083522829824,PPG
WR,2022,00-0031382,Jarvis Landry,9.0,11.408034970242035,6.688888888888888,8.950937332253105,9.876961898998966,60.199999999999996,102.11260610278836,112.67672674352838,113.7111111111111,152.16593464830277,167.9083522829824,SEASON
WR,2022,00-0031408,Mike Evans,15.0,13.147316805947575,15.026666666666667,13.818424584645939,13.079285443121082,225.4,181.6752057734347,171.95750931613128,255.45333333333335,234.91321793898095,222.3478525330584,PPG
WR,2022,00-0031408,Mike Evans,15.0,13.147316805947575,15.026666666666667,13.818424584645939,13.079285443121082,225.4,181.6752057734347,171.95750931613128,255.45333333333335,234.91321793898095,222.3478525330584,SEASON
WR,2022,00-0031428,Allen Robinson,10.0,11.408034970242035,8.49,6.966440567148553,7.074329003723798,84.9,79.47339760814346,80.70419266547859,144.33,118.42948964152541,120.26359306330457,PPG
WR,2022,00-0031428,Allen Robinson,10.0,11.408034970242035,8.49,6.966440567148553,7.074329003723798,84.9,79.47339760814346,80.70419266547859,144.33,118.42948964152541,120.26359306330457,SEASON
WR,2022,00-0031544,Amari Cooper,17.0,12.71249634702119,14.588235294117649,11.628008221439742,11.463305169465922,248.00000000000003,147.8210120381851,145.72722509162466,248.00000000000003,197.67613976447564,194.87618788092067,PPG
WR,2022,00-0031544,Amari Cooper,17.0,12.71249634702119,14.588235294117649,11.628008221439742,11.463305169465922,248.00000000000003,147.8210120381851,145.72722509162466,248.00000000000003,197.67613976447564,194.87618788092067,SEASON
WR,2022,00-0031545,Kevin White,6.0,7.929471298830954,1.5666666666666667,2.1256678481643596,2.361037990882916,9.4,16.855422192867042,18.721782984155585,26.633333333333333,36.136353418794116,40.13764584500957,PPG
WR,2022,00-0031545,Kevin White,6.0,7.929471298830954,1.5666666666666667,2.1256678481643596,2.361037990882916,9.4,16.855422192867042,18.721782984155585,26.633333333333333,36.136353418794116,40.13764584500957,SEASON
WR,2022,00-0031547,DeVante Parker,12.0,10.10357359346288,8.575,9.980244122264065,10.41799116977884,102.89999999999999,100.83613097002032,105.25894047990695,145.77499999999998,169.6641500784891,177.1058498862403,PPG
WR,2022,00-0031547,DeVante Parker,12.0,10.10357359346288,8.575,9.980244122264065,10.41799116977884,102.89999999999999,100.83613097002032,105.25894047990695,145.77499999999998,169.6641500784891,177.1058498862403,SEASON
WR,2022,00-0031549,Nelson Agholor,14.0,12.277675888094805,5.228571428571429,7.311181016208667,7.1847430040086895,73.2,89.76431087620162,88.21194594247532,88.88571428571429,124.29007727554733,122.14063106814773,PPG
WR,2022,00-0031549,Nelson Agholor,14.0,12.277675888094805,5.228571428571429,7.311181016208667,7.1847430040086895,73.2,89.76431087620162,88.21194594247532,88.88571428571429,124.29007727554733,122.14063106814773,SEASON
WR,2022,00-0031588,Stefon Diggs,16.0,13.58213726487396,19.74375,14.602925281682491,14.097991573963764,315.9,198.33893564450983,191.48085671661235,335.64374999999995,248.24972978860237,239.66585675738398,PPG
WR,2022,00-0031588,Stefon Diggs,16.0,13.58213726487396,19.74375,14.602925281682491,14.097991573963764,315.9,198.33893564450983,191.48085671661235,335.64374999999995,248.24972978860237,239.66585675738398,SEASON
WR,2022,00-0031763,DeAndre Carter,17.0,13.58213726487396,6.752941176470589,6.164995363121986,5.024416020434653,114.80000000000001,83.7338132592343,68.24230806537523,114.80000000000001,104.80492117307377,85.4150723473891,PPG
WR,2022,00-0031763,DeAndre Carter,17.0,13.58213726487396,6.752941176470589,6.164995363121986,5.024416020434653,114.80000000000001,83.7338132592343,68.24230806537523,114.80000000000001,104.80492117307377,85.4150723473891,SEASON
WR,2022,00-0031787,Jake Kumerow,5.0,9.23393267561011,2.08,1.6777156490330494,1.9651755630759558,10.4,15.491913351988696,18.146298845197563,35.36,28.52116603356184,33.40798457229125,PPG
WR,2022,00-0031787,Jake Kumerow,5.0,9.23393267561011,2.08,1.6777156490330494,1.9651755630759558,10.4,15.491913351988696,18.146298845197563,35.36,28.52116603356184,33.40798457229125,SEASON
WR,2022,00-0031868,Damiere Byrd,12.0,10.97321451131565,4.316666666666666,5.761507453073284,5.746789277128753,51.8,63.22225719111703,63.06075148926241,73.38333333333333,97.94562670224582,97.69541771118881,PPG
WR,2022,00-0031868,Damiere Byrd,12.0,10.97321451131565,4.316666666666666,5.761507453073284,5.746789277128753,51.8,63.22225719111703,63.06075148926241,73.38333333333333,97.94562670224582,97.69541771118881,SEASON
WR,2022,00-0031941,Jamison Crowder,4.0,11.408034970242035,3.0,8.131774016221328,8.399543210671283,12.0,92.76756234715843,95.82228268139706,51.0,138.24015827576258,142.7922345814118,PPG
WR,2022,00-0031941,Jamison Crowder,4.0,11.408034970242035,3.0,8.131774016221328,8.399543210671283,12.0,92.76756234715843,95.82228268139706,51.0,138.24015827576258,142.7922345814118,SEASON
WR,2022,00-0032054,Breshad Perriman,8.0,8.36429175775734,2.75,4.8481288967303655,6.103325298888876,22.0,40.55116457146698,51.04999349240808,46.75,82.41819124441622,103.7565300811109,PPG
WR,2022,00-0032054,Breshad Perriman,8.0,8.36429175775734,2.75,4.8481288967303655,6.103325298888876,22.0,40.55116457146698,51.04999349240808,46.75,82.41819124441622,103.7565300811109,SEASON
WR,2022,00-0032128,Chris Conley,4.0,12.277675888094805,2.1500000000000004,5.1952225789279325,5.037787620457573,8.600000000000001,63.785258990589185,61.85232359703445,36.550000000000004,88.31878384177486,85.64238954777875,PPG
WR,2022,00-0032128,Chris Conley,4.0,12.277675888094805,2.1500000000000004,5.1952225789279325,5.037787620457573,8.600000000000001,63.785258990589185,61.85232359703445,36.550000000000004,88.31878384177486,85.64238954777875,SEASON
WR,2022,00-0032200,Ty Montgomery,1.0,12.277675888094805,10.5,3.5826459398179424,3.1348923718985784,10.5,43.98656567088351,38.48919248623151,178.5,60.90498097690502,53.293170322275834,PPG
WR,2022,00-0032200,Ty Montgomery,1.0,12.277675888094805,10.5,3.5826459398179424,3.1348923718985784,10.5,43.98656567088351,38.48919248623151,178.5,60.90498097690502,53.293170322275834,SEASON
WR,2022,00-0032208,Phillip Dorsett,15.0,8.36429175775734,3.4466666666666668,3.596898752361677,4.236516564557611,51.7,30.08551058786643,35.43546058253167,58.593333333333334,61.147278790148505,72.02078159747938,PPG
WR,2022,00-0032208,Phillip Dorsett,15.0,8.36429175775734,3.4466666666666668,3.596898752361677,4.236516564557611,51.7,30.08551058786643,35.43546058253167,58.593333333333334,61.147278790148505,72.02078159747938,SEASON
WR,2022,00-0032211,Tyler Lockett,16.0,13.147316805947575,14.89375,13.111517688728746,12.603765290673364,238.3,172.38127686050237,165.70569522428863,253.19375000000002,222.8958007083887,214.26400994144717,PPG
WR,2022,00-0032211,Tyler Lockett,16.0,13.147316805947575,14.89375,13.111517688728746,12.603765290673364,238.3,172.38127686050237,165.70569522428863,253.19375000000002,222.8958007083887,214.26400994144717,SEASON
WR,2022,00-0032355,Chester Rogers,3.0,13.147316805947575,0.0,5.6224026532475575,4.659109173921199,0.0,73.91950889284585,61.25478434303871,0.0,95.58084510520848,79.20485595666038,PPG
WR,2022,00-0032355,Chester Rogers,3.0,13.147316805947575,0.0,5.6224026532475575,4.659109173921199,0.0,73.91950889284585,61.25478434303871,0.0,95.58084510520848,79.20485595666038,SEASON
WR,2022,00-0032385,Sterling Shepard,3.0,9.23393267561011,11.466666666666667,8.32680566703134,10.075592273708796,34.4,76.88916293225613,93.03734072232442,194.93333333333334,141.5556963395328,171.28506865304954,PPG
WR,2022,00-0032385,Sterling Shepard,3.0,9.23393267561011,11.466666666666667,8.32680566703134,10.075592273708796,34.4,76.88916293225613,93.03734072232442,194.93333333333334,141.5556963395328,171.28506865304954,SEASON
WR,2022,00-0032398,Chris Moore,15.0,10.538394052389265,7.673333333333333,5.15335116008015,5.562402391464062,115.1,54.30804521526197,58.61878827920069,130.44666666666666,87.60696972136255,94.56084065488905,PPG
WR,2022,00-0032398,Chris Moore,15.0,10.538394052389265,7.673333333333333,5.15335116008015,5.562402391464062,115.1,54.30804521526197,58.61878827920069,130.44666666666666,87.60696972136255,94.56084065488905,SEASON
WR,2022,00-0032464,Kalif Raymond,17.0,13.147316805947575,6.423529411764706,8.303636239289235,7.537606525895627,109.2,109.17053627928267,99.09930095452769,109.2,141.161816067917,128.13931094022567,PPG
WR,2022,00-0032464,Kalif Raymond,17.0,13.147316805947575,6.423529411764706,8.303636239289235,7.537606525895627,109.2,109.17053627928267,99.09930095452769,109.2,141.161816067917,128.13931094022567,SEASON
WR,2022,00-0032543,Alex Erickson,2.0,13.58213726487396,0.0,3.537233562311743,1.7954278164955437,0.0,48.04319178123719,24.38574705281541,0.0,60.13297055929963,30.522272880424243,PPG
WR,2022,00-0032543,Alex Erickson,2.0,13.58213726487396,0.0,3.537233562311743,1.7954278164955437,0.0,48.04319178123719,24.38574705281541,0.0,60.13297055929963,30.522272880424243,SEASON
WR,2022,00-0032688,Robbie Chosen,12.0,13.58213726487396,4.266666666666667,8.63750602000227,7.971603026784226,51.2,117.315792389846,108.27140653086809,72.53333333333333,146.8376023400386,135.51725145533186,PPG
WR,2022,00-0032688,Robbie Chosen,12.0,13.58213726487396,4.266666666666667,8.63750602000227,7.971603026784226,51.2,117.315792389846,108.27140653086809,72.53333333333333,146.8376023400386,135.51725145533186,SEASON
WR,2022,00-0032775,Demarcus Robinson,16.0,12.277675888094805,6.362500000000001,5.15616087727222,5.102941119320779,101.80000000000001,63.305672078022894,62.65225713905225,108.16250000000001,87.65473491362773,86.74999902845325,PPG
WR,2022,00-0032775,Demarcus Robinson,16.0,12.277675888094805,6.362500000000001,5.15616087727222,5.102941119320779,101.80000000000001,63.305672078022894,62.65225713905225,108.16250000000001,87.65473491362773,86.74999902845325,SEASON
WR,2022,00-0032951,Laquon Treadwell,3.0,11.408034970242035,3.4000000000000004,6.849356358607898,6.883939353310052,10.200000000000001,78.13769686264855,78.53222087558642,57.800000000000004,116.43905809633426,117.02696900627089,PPG
WR,2022,00-0032951,Laquon Treadwell,3.0,11.408034970242035,3.4000000000000004,6.849356358607898,6.883939353310052,10.200000000000001,78.13769686264855,78.53222087558642,57.800000000000004,116.43905809633426,117.02696900627089,SEASON
WR,2022,00-0032980,Marcus Johnson,8.0,9.23393267561011,2.3625,3.59263518069062,3.9855410962944666,18.9,33.174151386525544,36.802218159060416,40.162499999999994,61.07479807174054,67.75419863700593,PPG
WR,2022,00-0032980,Marcus Johnson,8.0,9.23393267561011,2.3625,3.59263518069062,3.9855410962944666,18.9,33.174151386525544,36.802218159060416,40.162499999999994,61.07479807174054,67.75419863700593,SEASON
WR,2022,00-0033009,Tyler Boyd,16.0,13.147316805947575,10.3875,10.921304535125985,10.142280610438574,166.2,143.58585065753334,133.3437763202553,176.58749999999998,185.66217709714175,172.41877037745576,PPG
WR,2022,00-0033009,Tyler Boyd,16.0,13.147316805947575,10.3875,10.921304535125985,10.142280610438574,166.2,143.58585065753334,133.3437763202553,176.58749999999998,185.66217709714175,172.41877037745576,SEASON
WR,2022,00-0033040,Tyreek Hill,17.0,13.58213726487396,20.011764705882353,15.295977541659905,14.703932659847359,340.2,207.75206657125418,199.7108317195101,340.2,260.0316182082184,249.9668552174051,PPG
WR,2022,00-0033040,Tyreek Hill,17.0,13.58213726487396,20.011764705882353,15.295977541659905,14.703932659847359,340.2,207.75206657125418,199.7108317195101,340.2,260.0316182082184,249.9668552174051,SEASON
WR,2022,00-0033111,Pharoh Cooper,5.0,9.668753134536495,0.8200000000000001,2.01032356662944,2.204851922151865,4.1000000000000005,19.43732228628098,21.31816893349466,13.940000000000001,34.175500632700476,37.48248267658171,PPG
WR,2022,00-0033111,Pharoh Cooper,5.0,9.668753134536495,0.8200000000000001,2.01032356662944,2.204851922151865,4.1000000000000005,19.43732228628098,21.31816893349466,13.940000000000001,34.175500632700476,37.48248267658171,SEASON
WR,2022,00-0033114,Mike Thomas,5.0,9.23393267561011,1.56,2.168426145804172,2.56582373848223,7.800000000000001,20.023101042388436,23.69264365862715,26.52,36.86324447867092,43.61900355419791,PPG
WR,2022,00-0033114,Mike Thomas,5.0,9.23393267561011,1.56,2.168426145804172,2.56582373848223,7.800000000000001,20.023101042388436,23.69264365862715,26.52,36.86324447867092,43.61900355419791,SEASON
WR,2022,00-0033251,Zach Pascal,15.0,13.147316805947575,2.4,6.684748714561866,5.915859531985318,36.0,87.88650911849567,77.77767944649572,40.8,113.64072814755171,100.56961204375041,PPG
WR,2022,00-0033251,Zach Pascal,15.0,13.147316805947575,2.4,6.684748714561866,5.915859531985318,36.0,87.88650911849567,77.77767944649572,40.8,113.64072814755171,100.56961204375041,SEASON
WR,2022,00-0033282,Curtis Samuel,17.0,8.36429175775734,10.311764705882354,1.8890322866208233,2.9779610371326917,175.3,15.800417185120052,24.908534957811472,175.3,32.113548872554,50.62533763125576,PPG
WR,2022,00-0033282,Curtis Samuel,17.0,8.36429175775734,10.311764705882354,1.8890322866208233,2.9779610371326917,175.3,15.800417185120052,24.908534957811472,175.3,32.113548872554,50.62533763125576,SEASON
WR,2022,00-0033292,Trent Taylor,16.0,7.929471298830954,0.85625,2.4054928717051296,2.5625759933271848,13.7,19.074286685728275,20.319872790161135,14.556249999999999,40.8933788189872,43.56379188656214,PPG
WR,2022,00-0033292,Trent Taylor,16.0,7.929471298830954,0.85625,2.4054928717051296,2.5625759933271848,13.7,19.074286685728275,20.319872790161135,14.556249999999999,40.8933788189872,43.56379188656214,SEASON
WR,2022,00-0033307,Kendrick Bourne,16.0,13.58213726487396,5.393750000000001,10.51721905730543,9.337251483221378,86.30000000000001,142.84631288107067,126.81983132176073,91.69375000000001,178.7927239741923,158.7332752147634,PPG
WR,2022,00-0033307,Kendrick Bourne,16.0,13.58213726487396,5.393750000000001,10.51721905730543,9.337251483221378,86.30000000000001,142.84631288107067,126.81983132176073,91.69375000000001,178.7927239741923,158.7332752147634,SEASON
WR,2022,00-0033367,C.J. Board,4.0,8.799112216683724,0.4,2.1250109124877614,2.6941472818785557,1.6,18.69820948065729,23.70610426152285,6.800000000000001,36.12518551229194,45.80050379193545,PPG
WR,2022,00-0033367,C.J. Board,4.0,8.799112216683724,0.4,2.1250109124877614,2.6941472818785557,1.6,18.69820948065729,23.70610426152285,6.800000000000001,36.12518551229194,45.80050379193545,SEASON
WR,2022,00-0033386,Cody Hollister,6.0,7.494650839904569,1.4,2.3008028847039963,3.358597697550065,8.399999999999999,17.243714272301663,25.171517054845147,23.799999999999997,39.11364903996794,57.096160858351105,PPG
WR,2022,00-0033386,Cody Hollister,6.0,7.494650839904569,1.4,2.3008028847039963,3.358597697550065,8.399999999999999,17.243714272301663,25.171517054845147,23.799999999999997,39.11364903996794,57.096160858351105,SEASON
WR,2022,00-0033466,Isaiah McKenzie,15.0,12.71249634702119,7.986666666666668,4.204295274281983,3.816079203654702,119.80000000000003,53.447088316108164,48.51189293640393,135.77333333333337,71.47301966279372,64.87334646212994,PPG
WR,2022,00-0033466,Isaiah McKenzie,15.0,12.71249634702119,7.986666666666668,4.204295274281983,3.816079203654702,119.80000000000003,53.447088316108164,48.51189293640393,135.77333333333337,71.47301966279372,64.87334646212994,SEASON
WR,2022,00-0033481,Marcus Kemp,2.0,11.408034970242035,0.0,2.294150391961393,1.7086364963674026,0.0,26.17174789849004,19.492184901991155,0.0,39.00055666334368,29.046820438245845,PPG
WR,2022,00-0033481,Marcus Kemp,2.0,11.408034970242035,0.0,2.294150391961393,1.7086364963674026,0.0,26.17174789849004,19.492184901991155,0.0,39.00055666334368,29.046820438245845,SEASON
WR,2022,00-0033536,Mike Williams,13.0,13.147316805947575,13.576923076923077,13.23497188081609,12.773022692014614,176.5,174.00436823489696,167.93097590147346,230.8076923076923,224.99452197387353,217.14138576424844,PPG
WR,2022,00-0033536,Mike Williams,13.0,13.147316805947575,13.576923076923077,13.23497188081609,12.773022692014614,176.5,174.00436823489696,167.93097590147346,230.8076923076923,224.99452197387353,217.14138576424844,SEASON
WR,2022,00-0033555,Mack Hollins,17.0,12.71249634702119,9.058823529411764,4.819070825164557,4.100597733388137,154.0,61.26242026094082,52.12883370630007,154.0,81.92420402779747,69.71016146759834,PPG
WR,2022,00-0033555,Mack Hollins,17.0,12.71249634702119,9.058823529411764,4.819070825164557,4.100597733388137,154.0,61.26242026094082,52.12883370630007,154.0,81.92420402779747,69.71016146759834,SEASON
WR,2022,00-0033572,Jamal Agnew,15.0,10.538394052389265,4.686666666666667,6.8285421967787086,6.800946933069762,70.30000000000001,71.96186847302187,71.67105871007739,79.67333333333335,116.08521734523805,115.61609786218595,PPG
WR,2022,00-0033572,Jamal Agnew,15.0,10.538394052389265,4.686666666666667,6.8285421967787086,6.800946933069762,70.30000000000001,71.96186847302187,71.67105871007739,79.67333333333335,116.08521734523805,115.61609786218595,SEASON
WR,2022,00-0033591,Noah Brown,16.0,10.10357359346288,7.09375,4.0558814766066575,4.42873122121111,113.5,40.97889698525826,44.746011819173184,120.59375,68.94998510231318,75.28843076058887,PPG
WR,2022,00-0033591,Noah Brown,16.0,10.10357359346288,7.09375,4.0558814766066575,4.42873122121111,113.5,40.97889698525826,44.746011819173184,120.59375,68.94998510231318,75.28843076058887,SEASON
WR,2022,00-0033681,Keelan Cole,12.0,12.277675888094805,2.5083333333333337,6.243090211907526,5.841824681102519,30.100000000000005,76.65063816193772,71.72403002964953,42.64166666666667,106.13253360242794,99.31101957874283,PPG
WR,2022,00-0033681,Keelan Cole,12.0,12.277675888094805,2.5083333333333337,6.243090211907526,5.841824681102519,30.100000000000005,76.65063816193772,71.72403002964953,42.64166666666667,106.13253360242794,99.31101957874283,SEASON
WR,2022,00-0033857,JuJu Smith-Schuster,16.0,8.36429175775734,11.39375,5.294037438645546,6.640631307740284,182.3,44.28087371332172,55.544177713637396,193.69375000000002,89.99863645697428,112.89073223158482,PPG
WR,2022,00-0033857,JuJu Smith-Schuster,16.0,8.36429175775734,11.39375,5.294037438645546,6.640631307740284,182.3,44.28087371332172,55.544177713637396,193.69375000000002,89.99863645697428,112.89073223158482,SEASON
WR,2022,00-0033871,Corey Davis,13.0,10.10357359346288,7.5076923076923086,9.910899438916083,11.13211100253915,97.60000000000001,100.1355018584986,112.47410276475213,127.63076923076925,168.4852904615734,189.24588704316554,PPG
WR,2022,00-0033871,Corey Davis,13.0,10.10357359346288,7.5076923076923086,9.910899438916083,11.13211100253915,97.60000000000001,100.1355018584986,112.47410276475213,127.63076923076925,168.4852904615734,189.24588704316554,SEASON
WR,2022,00-0033891,Zay Jones,16.0,12.71249634702119,12.381250000000001,7.382998635923702,7.215727283813213,198.10000000000002,93.8563431892425,91.72990673657661,210.48125000000002,125.51097681070293,122.66736382482462,PPG
WR,2022,00-0033891,Zay Jones,16.0,12.71249634702119,12.381250000000001,7.382998635923702,7.215727283813213,198.10000000000002,93.8563431892425,91.72990673657661,210.48125000000002,125.51097681070293,122.66736382482462,SEASON
WR,2022,00-0033908,Cooper Kupp,9.0,13.58213726487396,22.155555555555562,21.26832336236942,21.497534609468776,199.40000000000006,288.8692873014271,291.98246592218356,376.64444444444456,361.5614971602801,365.4580883609692,PPG
WR,2022,00-0033908,Cooper Kupp,9.0,13.58213726487396,22.155555555555562,21.26832336236942,21.497534609468776,199.40000000000006,288.8692873014271,291.98246592218356,376.64444444444456,361.5614971602801,365.4580883609692,SEASON
WR,2022,00-0033921,Chris Godwin Jr.,15.0,12.277675888094805,14.72,14.567806321388302,14.534311450638196,220.8,178.85880441454424,178.44756524756082,250.24,247.65270746360113,247.08329466084933,PPG
WR,2022,00-0033921,Chris Godwin Jr.,15.0,12.277675888094805,14.72,14.567806321388302,14.534311450638196,220.8,178.85880441454424,178.44756524756082,250.24,247.65270746360113,247.08329466084933,SEASON
WR,2022,00-0033932,Kenny Golladay,6.0,12.277675888094805,3.35,7.12012255608057,7.145873731236089,20.1,87.41855702707036,87.7347216093674,56.95,121.0420834533697,121.47985343101352,PPG
WR,2022,00-0033932,Kenny Golladay,6.0,12.277675888094805,3.35,7.12012255608057,7.145873731236089,20.1,87.41855702707036,87.7347216093674,56.95,121.0420834533697,121.47985343101352,SEASON
WR,2022,00-0033943,Josh Reynolds,12.0,10.97321451131565,8.658333333333333,6.856236975104189,7.018113358097226,103.9,75.2349590682322,77.0112633431307,147.19166666666666,116.55602857677123,119.30792708765284,PPG
WR,2022,00-0033943,Josh Reynolds,12.0,10.97321451131565,8.658333333333333,6.856236975104189,7.018113358097226,103.9,75.2349590682322,77.0112633431307,147.19166666666666,116.55602857677123,119.30792708765284,SEASON
WR,2022,00-0034052,Brandon Zylstra,1.0,11.408034970242035,0.0,4.754875904363064,4.578329540227398,0.0,54.24379059613505,52.2297435002063,0.0,80.83289037417208,77.83160218386577,PPG
WR,2022,00-0034052,Brandon Zylstra,1.0,11.408034970242035,0.0,4.754875904363064,4.578329540227398,0.0,54.24379059613505,52.2297435002063,0.0,80.83289037417208,77.83160218386577,SEASON
WR,2022,00-0034054,River Cracraft,8.0,7.494650839904569,3.9000000000000004,0.5270042958091905,1.432124815469063,31.200000000000003,3.9497131882196657,10.733275451103388,66.30000000000001,8.959073028756238,24.34612186297407,PPG
WR,2022,00-0034054,River Cracraft,8.0,7.494650839904569,3.9000000000000004,0.5270042958091905,1.432124815469063,31.200000000000003,3.9497131882196657,10.733275451103388,66.30000000000001,8.959073028756238,24.34612186297407,SEASON
WR,2022,00-0034104,Cam Sims,13.0,11.408034970242035,1.3,4.557205039154033,4.538212933580766,16.900000000000002,51.988754453232424,51.772091848694075,22.1,77.47248566561855,77.14961987087302,PPG
WR,2022,00-0034104,Cam Sims,13.0,11.408034970242035,1.3,4.557205039154033,4.538212933580766,16.900000000000002,51.988754453232424,51.772091848694075,22.1,77.47248566561855,77.14961987087302,SEASON
WR,2022,00-0034272,Marquez Valdes-Scantling,17.0,10.97321451131565,7.21764705882353,7.209751660220201,7.203868552135138,122.70000000000002,79.11415154091041,79.04959493389975,122.70000000000002,122.56577822374342,122.46576538629735,PPG
WR,2022,00-0034272,Marquez Valdes-Scantling,17.0,10.97321451131565,7.21764705882353,7.209751660220201,7.203868552135138,122.70000000000002,79.11415154091041,79.04959493389975,122.70000000000002,122.56577822374342,122.46576538629735,SEASON
WR,2022,00-0034279,Equanimeous St. Brown,16.0,11.408034970242035,4.04375,2.8554007014909932,2.7225129421919507,64.7,32.574511056662885,31.058522851462307,68.74375,48.541811925346884,46.28272001726316,PPG
WR,2022,00-0034279,Equanimeous St. Brown,16.0,11.408034970242035,4.04375,2.8554007014909932,2.7225129421919507,64.7,32.574511056662885,31.058522851462307,68.74375,48.541811925346884,46.28272001726316,SEASON
WR,2022,00-0034297,Byron Pringle,10.0,13.147316805947575,3.5500000000000003,7.87720970528162,7.29480669962069,35.5,103.5641715422224,95.90713471806205,60.35,133.91256498978754,124.01171389355173,PPG
WR,2022,00-0034297,Byron Pringle,10.0,13.147316805947575,3.5500000000000003,7.87720970528162,7.29480669962069,35.5,103.5641715422224,95.90713471806205,60.35,133.91256498978754,124.01171389355173,SEASON
WR,2022,00-0034317,Keith Kirkwood,3.0,7.494650839904569,1.2666666666666666,1.4731734689755953,2.7310727617716712,3.8,11.040920776583073,20.46843676785255,21.53333333333333,25.04394897258512,46.42823695011841,PPG
WR,2022,00-0034317,Keith Kirkwood,3.0,7.494650839904569,1.2666666666666666,1.4731734689755953,2.7310727617716712,3.8,11.040920776583073,20.46843676785255,21.53333333333333,25.04394897258512,46.42823695011841,SEASON
WR,2022,00-0034348,Courtland Sutton,15.0,13.58213726487396,10.626666666666667,9.022640212391986,8.260896648562266,159.4,122.54673785627949,112.20063221170996,180.65333333333334,153.38488361066376,140.43524302555852,PPG
WR,2022,00-0034348,Courtland Sutton,15.0,13.58213726487396,10.626666666666667,9.022640212391986,8.260896648562266,159.4,122.54673785627949,112.20063221170996,180.65333333333334,153.38488361066376,140.43524302555852,SEASON
WR,2022,00-0034407,Ray-Ray McCloud,17.0,13.147316805947575,3.4176470588235297,5.672884609710113,4.992381353416519,58.10000000000001,74.58321116744312,65.6364192694723,58.10000000000001,96.43903836507192,84.87048300808083,PPG
WR,2022,00-0034407,Ray-Ray McCloud,17.0,13.147316805947575,3.4176470588235297,5.672884609710113,4.992381353416519,58.10000000000001,74.58321116744312,65.6364192694723,58.10000000000001,96.43903836507192,84.87048300808083,SEASON
WR,2022,00-0034411,Russell Gage,13.0,11.84285542916842,9.430769230769231,11.263250689834681,11.226553093152484,122.60000000000001,133.3890495821936,132.9544452500884,160.32307692307694,191.47526172718958,190.85140258359223,PPG
WR,2022,00-0034411,Russell Gage,13.0,11.84285542916842,9.430769230769231,11.263250689834681,11.226553093152484,122.60000000000001,133.3890495821936,132.9544452500884,160.32307692307694,191.47526172718958,190.85140258359223,SEASON
WR,2022,00-0034418,Cedrick Wilson Jr.,13.0,12.277675888094805,2.0307692307692307,9.67308604535209,9.256043806191709,26.4,118.76301530248568,113.64270585842921,34.52307692307692,164.44246277098551,157.35274470525906,PPG
WR,2022,00-0034418,Cedrick Wilson Jr.,13.0,12.277675888094805,2.0307692307692307,9.67308604535209,9.256043806191709,26.4,118.76301530248568,113.64270585842921,34.52307692307692,164.44246277098551,157.35274470525906,SEASON
WR,2022,00-0034419,Braxton Berrios,17.0,13.147316805947575,3.152941176470588,7.458615152221052,6.830998147852776,53.6,98.06077633989106,89.80929675066157,53.6,126.79645758775789,116.1269685134972,PPG
WR,2022,00-0034419,Braxton Berrios,17.0,13.147316805947575,3.152941176470588,7.458615152221052,6.830998147852776,53.6,98.06077633989106,89.80929675066157,53.6,126.79645758775789,116.1269685134972,SEASON
WR,2022,00-0034487,Trent Sherfield,16.0,11.408034970242035,5.23125,3.402058222958019,2.891945495851221,83.7,38.810799178304556,32.99141534870467,88.93125,57.83498979028632,49.16307342947076,PPG
WR,2022,00-0034487,Trent Sherfield,16.0,11.408034970242035,5.23125,3.402058222958019,2.891945495851221,83.7,38.810799178304556,32.99141534870467,88.93125,57.83498979028632,49.16307342947076,SEASON
WR,2022,00-0034521,Allen Lazard,15.0,12.277675888094805,11.653333333333334,9.22705690313281,8.696413417117776,174.8,113.28681405767243,106.77174532425107,198.10666666666668,156.8599673532578,147.8390280910022,PPG
WR,2022,00-0034521,Allen Lazard,15.0,12.277675888094805,11.653333333333334,9.22705690313281,8.696413417117776,174.8,113.28681405767243,106.77174532425107,198.10666666666668,156.8599673532578,147.8390280910022,SEASON
WR,2022,00-0034646,Brandon Powell,17.0,8.799112216683724,2.8000000000000003,0.9771925366006505,1.4058635252914025,47.6,8.598426786854942,12.370350920381627,47.6,16.612273122211057,23.89967992995384,PPG
WR,2022,00-0034646,Brandon Powell,17.0,8.799112216683724,2.8000000000000003,0.9771925366006505,1.4058635252914025,47.6,8.598426786854942,12.370350920381627,47.6,16.612273122211057,23.89967992995384,SEASON
WR,2022,00-0034676,James Washington,1.0,12.71249634702119,0.0,5.601935985669307,5.088944121990473,0.0,71.21459075406761,64.69318356099885,0.0,95.23291175637823,86.51205007383805,PPG
WR,2022,00-0034676,James Washington,1.0,12.71249634702119,0.0,5.601935985669307,5.088944121990473,0.0,71.21459075406761,64.69318356099885,0.0,95.23291175637823,86.51205007383805,SEASON
WR,2022,00-0034764,Michael Gallup,14.0,10.10357359346288,7.5285714285714285,8.510252722961859,9.040940817773343,105.4,85.983964685413,91.34581090651544,127.98571428571428,144.6742962903516,153.69599390214682,PPG
WR,2022,00-0034764,Michael Gallup,14.0,10.10357359346288,7.5285714285714285,8.510252722961859,9.040940817773343,105.4,85.983964685413,91.34581090651544,127.98571428571428,144.6742962903516,153.69599390214682,SEASON
WR,2022,00-0034765,Tre'Quan Smith,10.0,10.538394052389265,5.28,7.717400882010198,8.078939746825162,52.800000000000004,81.32901155487994,85.13905057755352,89.76,131.19581499417336,137.34197569602776,PPG
WR,2022,00-0034765,Tre'Quan Smith,10.0,10.538394052389265,5.28,7.717400882010198,8.078939746825162,52.800000000000004,81.32901155487994,85.13905057755352,89.76,131.19581499417336,137.34197569602776,SEASON
WR,2022,00-0034775,Christian Kirk,17.0,13.58213726487396,14.170588235294117,11.509672671126273,10.52408562354855,240.89999999999998,156.32595409300558,142.93957552632307,240.89999999999998,195.66443540914665,178.90945560032534,PPG
WR,2022,00-0034775,Christian Kirk,17.0,13.58213726487396,14.170588235294117,11.509672671126273,10.52408562354855,240.89999999999998,156.32595409300558,142.93957552632307,240.89999999999998,195.66443540914665,178.90945560032534,SEASON
WR,2022,00-0034777,DJ Chark,11.0,7.494650839904569,8.927272727272726,8.853683857194723,10.372197268788781,98.19999999999999,66.35526915657395,77.73599697218371,151.76363636363635,150.51262557231027,176.3273535694093,PPG
WR,2022,00-0034777,DJ Chark,11.0,7.494650839904569,8.927272727272726,8.853683857194723,10.372197268788781,98.19999999999999,66.35526915657395,77.73599697218371,151.76363636363635,150.51262557231027,176.3273535694093,SEASON
WR,2022,00-0034827,DJ Moore,17.0,13.58213726487396,11.711764705882354,12.844066906150488,12.414396353533727,199.10000000000002,174.44987975856094,168.61403533424584,199.10000000000002,218.3491374045583,211.04473801007336,PPG
WR,2022,00-0034827,DJ Moore,17.0,13.58213726487396,11.711764705882354,12.844066906150488,12.414396353533727,199.10000000000002,174.44987975856094,168.61403533424584,199.10000000000002,218.3491374045583,211.04473801007336,SEASON
WR,2022,00-0034854,KhaDarel Hodge,13.0,11.408034970242035,3.1692307692307695,3.890992038897911,3.3041882989946982,41.2,44.38857324868072,37.694295663196066,53.876923076923084,66.14686466126449,56.17120108290987,PPG
WR,2022,00-0034854,KhaDarel Hodge,13.0,11.408034970242035,3.1692307692307695,3.890992038897911,3.3041882989946982,41.2,44.38857324868072,37.694295663196066,53.876923076923084,66.14686466126449,56.17120108290987,SEASON
WR,2022,00-0034860,Dante Pettis,17.0,7.494650839904569,3.8352941176470594,6.18801083965347,7.497871254022519,65.20000000000002,46.376980636747454,56.1939270914562,65.20000000000002,105.19618427410899,127.46381131838282,PPG
WR,2022,00-0034860,Dante Pettis,17.0,7.494650839904569,3.8352941176470594,6.18801083965347,7.497871254022519,65.20000000000002,46.376980636747454,56.1939270914562,65.20000000000002,105.19618427410899,127.46381131838282,SEASON
WR,2022,00-0034867,Malik Turner,2.0,9.23393267561011,0.0,5.112425927220426,5.982458607594289,0.0,47.207796820997004,55.24162001714986,0.0,86.91124076274724,101.7017963291029,PPG
WR,2022,00-0034867,Malik Turner,2.0,9.23393267561011,0.0,5.112425927220426,5.982458607594289,0.0,47.207796820997004,55.24162001714986,0.0,86.91124076274724,101.7017963291029,SEASON
WR,2022,00-0034930,Trinity Benson,1.0,9.23393267561011,0.0,3.0424490347370257,3.7290075382023016,0.0,28.093769555736657,34.433404554602646,0.0,51.721633590529436,63.39312814943913,PPG
WR,2022,00-0034930,Trinity Benson,1.0,9.23393267561011,0.0,3.0424490347370257,3.7290075382023016,0.0,28.093769555736657,34.433404554602646,0.0,51.721633590529436,63.39312814943913,SEASON
WR,2022,00-0034960,Jakobi Meyers,14.0,13.147316805947575,13.02857142857143,11.36269573159562,10.687750193585408,182.40000000000003,149.3889605528759,140.5152377378949,221.48571428571432,193.16582743712553,181.69175329095194,PPG
WR,2022,00-0034960,Jakobi Meyers,14.0,13.147316805947575,13.02857142857143,11.36269573159562,10.687750193585408,182.40000000000003,149.3889605528759,140.5152377378949,221.48571428571432,193.16582743712553,181.69175329095194,SEASON
WR,2022,00-0034983,Hunter Renfrow,10.0,13.58213726487396,7.6000000000000005,13.161844774091042,13.607424401085384,76.0,178.76598238066853,184.81790603693702,129.20000000000002,223.7513611595477,231.32621481845152,PPG
WR,2022,00-0034983,Hunter Renfrow,10.0,13.58213726487396,7.6000000000000005,13.161844774091042,13.607424401085384,76.0,178.76598238066853,184.81790603693702,129.20000000000002,223.7513611595477,231.32621481845152,SEASON
WR,2022,00-0035021,Ashton Dulin,10.0,13.147316805947575,4.25,4.48721235253898,3.53196747119673,42.5,58.994802374391284,46.435895292124926,72.25,76.28260999316265,60.04344701034441,PPG
WR,2022,00-0035021,Ashton Dulin,10.0,13.147316805947575,4.25,4.48721235253898,3.53196747119673,42.5,58.994802374391284,46.435895292124926,72.25,76.28260999316265,60.04344701034441,SEASON
WR,2022,00-0035022,Penny Hart,4.0,10.97321451131565,1.25,2.4874997581351295,2.33583524701316,5.0,27.29586844286257,25.631621228567383,21.25,42.2874958882972,39.70919919922372,PPG
WR,2022,00-0035022,Penny Hart,4.0,10.97321451131565,1.25,2.4874997581351295,2.33583524701316,5.0,27.29586844286257,25.631621228567383,21.25,42.2874958882972,39.70919919922372,SEASON
WR,2022,00-0035140,Mecole Hardman,8.0,13.58213726487396,11.725,8.764174687146802,7.554038581411401,93.8,119.03622361416167,102.59998891688342,199.325,148.99096968149564,128.4186558839938,PPG
WR,2022,00-0035140,Mecole Hardman,8.0,13.58213726487396,11.725,8.764174687146802,7.554038581411401,93.8,119.03622361416167,102.59998891688342,199.325,148.99096968149564,128.4186558839938,SEASON
WR,2022,00-0035208,Olamide Zaccheaus,16.0,12.71249634702119,6.812500000000001,6.074005696829818,5.67748939596484,109.00000000000001,77.21577523273497,72.17506320645457,115.81250000000001,103.25809684610691,96.51731973140228,PPG
WR,2022,00-0035208,Olamide Zaccheaus,16.0,12.71249634702119,6.812500000000001,6.074005696829818,5.67748939596484,109.00000000000001,77.21577523273497,72.17506320645457,115.81250000000001,103.25809684610691,96.51731973140228,SEASON
WR,2022,00-0035215,Deonte Harty,4.0,11.84285542916842,0.825,8.661029601817784,8.206372972767817,3.3,102.57132144207614,97.18688871432433,14.024999999999999,147.23750323090232,139.50834053705287,PPG
WR,2022,00-0035215,Deonte Harty,4.0,11.84285542916842,0.825,8.661029601817784,8.206372972767817,3.3,102.57132144207614,97.18688871432433,14.024999999999999,147.23750323090232,139.50834053705287,SEASON
WR,2022,00-0035216,Diontae Johnson,17.0,13.147316805947575,10.570588235294117,15.013869846799972,14.560438856003245,179.7,197.39210335914282,191.43070247350354,179.7,255.23578739559952,247.52746055205517,PPG
WR,2022,00-0035216,Diontae Johnson,17.0,13.147316805947575,10.570588235294117,15.013869846799972,14.560438856003245,179.7,197.39210335914282,191.43070247350354,179.7,255.23578739559952,247.52746055205517,SEASON
WR,2022,00-0035298,Scott Miller,12.0,8.799112216683724,3.5250000000000004,2.5856383151169373,3.6271334459214715,42.300000000000004,22.751321686470966,31.915554215549754,59.925000000000004,43.955851356987935,61.661268580665016,PPG
WR,2022,00-0035298,Scott Miller,12.0,8.799112216683724,3.5250000000000004,2.5856383151169373,3.6271334459214715,42.300000000000004,22.751321686470966,31.915554215549754,59.925000000000004,43.955851356987935,61.661268580665016,SEASON
WR,2022,00-0035341,Trenton Irwin,9.0,8.36429175775734,7.022222222222222,1.7743851336493508,2.238563115491794,63.2,14.84147494847042,18.723995016127603,119.37777777777778,30.164547272038963,38.0555729633605,PPG
WR,2022,00-0035341,Trenton Irwin,9.0,8.36429175775734,7.022222222222222,1.7743851336493508,2.238563115491794,63.2,14.84147494847042,18.723995016127603,119.37777777777778,30.164547272038963,38.0555729633605,SEASON
WR,2022,00-0035359,David Sills,7.0,7.929471298830954,3.0857142857142854,2.062172305775559,2.193335702264456,21.599999999999998,16.351936111891344,17.39199249980724,52.457142857142856,35.056929198184505,37.286706938495755,PPG
WR,2022,00-0035359,David Sills,7.0,7.929471298830954,3.0857142857142854,2.062172305775559,2.193335702264456,21.599999999999998,16.351936111891344,17.39199249980724,52.457142857142856,35.056929198184505,37.286706938495755,SEASON
WR,2022,00-0035399,Stanley Morgan,9.0,10.97321451131565,0.0,1.3789955726466996,1.6380078109999,0.0,15.1320142288068,17.974211081312482,0.0,23.442924734993895,27.846132786998297,PPG
WR,2022,00-0035399,Stanley Morgan,9.0,10.97321451131565,0.0,1.3789955726466996,1.6380078109999,0.0,15.1320142288068,17.974211081312482,0.0,23.442924734993895,27.846132786998297,SEASON
WR,2022,00-0035406,Lil'Jordan Humphrey,4.0,9.668753134536495,1.0,5.819789214332733,6.199273832636927,4.0,56.27010520842129,59.93924830115836,17.0,98.93641664365646,105.38765515482777,PPG
WR,2022,00-0035406,Lil'Jordan Humphrey,4.0,9.668753134536495,1.0,5.819789214332733,6.199273832636927,4.0,56.27010520842129,59.93924830115836,17.0,98.93641664365646,105.38765515482777,SEASON
WR,2022,00-0035414,Jalen Guyton,2.0,13.147316805947575,4.2,6.507551234253785,5.625230872039162,8.4,85.55683770766967,73.95669238129561,71.4,110.62837098231434,95.62892482466576,PPG
WR,2022,00-0035414,Jalen Guyton,2.0,13.147316805947575,4.2,6.507551234253785,5.625230872039162,8.4,85.55683770766967,73.95669238129561,71.4,110.62837098231434,95.62892482466576,SEASON
WR,2022,00-0035457,Tyron Johnson,2.0,9.23393267561011,0.9,1.4974513902348838,1.8301402571002356,1.8,13.82736532242768,16.89939192098735,15.3,25.456673633993024,31.112384370704007,PPG
WR,2022,00-0035457,Tyron Johnson,2.0,9.23393267561011,0.9,1.4974513902348838,1.8301402571002356,1.8,13.82736532242768,16.89939192098735,15.3,25.456673633993024,31.112384370704007,SEASON
WR,2022,00-0035500,Greg Dortch,16.0,8.36429175775734,7.1937500000000005,2.508853590201743,2.468314439724436,115.10000000000001,20.984783405944345,20.645702123740524,122.29375,42.65051103342963,41.96134547531541,PPG
WR,2022,00-0035500,Greg Dortch,16.0,8.36429175775734,7.1937500000000005,2.508853590201743,2.468314439724436,115.10000000000001,20.984783405944345,20.645702123740524,122.29375,42.65051103342963,41.96134547531541,SEASON
WR,2022,00-0035510,Jeff Smith,7.0,10.10357359346288,3.057142857142857,2.581065619854569,3.1354593487762052,21.4,26.077986439757524,31.679344279671586,51.97142857142857,43.87811553752768,53.30280892919549,PPG
WR,2022,00-0035510,Jeff Smith,7.0,10.10357359346288,3.057142857142857,2.581065619854569,3.1354593487762052,21.4,26.077986439757524,31.679344279671586,51.97142857142857,43.87811553752768,53.30280892919549,SEASON
WR,2022,00-0035527,Andy Isabella,4.0,7.494650839904569,1.0499999999999998,1.2611458834418408,2.1325251754422228,4.199999999999999,9.451848054579582,15.982531597245693,17.849999999999998,21.439480018511293,36.25292798251779,PPG
WR,2022,00-0035527,Andy Isabella,4.0,7.494650839904569,1.0499999999999998,1.2611458834418408,2.1325251754422228,4.199999999999999,9.451848054579582,15.982531597245693,17.849999999999998,21.439480018511293,36.25292798251779,SEASON
WR,2022,00-0035535,Darius Slayton,13.0,11.84285542916842,9.723076923076924,4.433384854538472,5.526979638806633,126.4,52.503935894163995,65.45522082234444,165.2923076923077,75.36754252715403,93.95865385971277,PPG
WR,2022,00-0035535,Darius Slayton,13.0,11.84285542916842,9.723076923076924,4.433384854538472,5.526979638806633,126.4,52.503935894163995,65.45522082234444,165.2923076923077,75.36754252715403,93.95865385971277,SEASON
WR,2022,00-0035544,Tom Kennedy,5.0,8.799112216683724,4.42,2.6446047512417072,3.391790310144913,22.1,23.27017397495073,29.844743554425584,75.14,44.958280771109024,57.66043527246352,PPG
WR,2022,00-0035544,Tom Kennedy,5.0,8.799112216683724,4.42,2.6446047512417072,3.391790310144913,22.1,23.27017397495073,29.844743554425584,75.14,44.958280771109024,57.66043527246352,SEASON
WR,2022,00-0035593,Juwann Winfree,3.0,8.36429175775734,0.9000000000000001,2.3611248855277274,3.4248878569187586,2.7,19.749137419055312,28.64676127286877,15.300000000000002,40.13912305397137,58.223093567618896,PPG
WR,2022,00-0035593,Juwann Winfree,3.0,8.36429175775734,0.9000000000000001,2.3611248855277274,3.4248878569187586,2.7,19.749137419055312,28.64676127286877,15.300000000000002,40.13912305397137,58.223093567618896,SEASON
WR,2022,00-0035621,Nsimba Webster,1.0,8.799112216683724,2.4000000000000004,0.983087730520394,1.4058635252914025,2.4000000000000004,8.650299259693876,12.370350920381627,40.800000000000004,16.7124914188467,23.89967992995384,PPG
WR,2022,00-0035621,Nsimba Webster,1.0,8.799112216683724,2.4000000000000004,0.983087730520394,1.4058635252914025,2.4000000000000004,8.650299259693876,12.370350920381627,40.800000000000004,16.7124914188467,23.89967992995384,SEASON
WR,2022,00-0035639,Parris Campbell,17.0,8.799112216683724,8.711764705882354,4.842434331621494,5.543303588516501,148.10000000000002,42.60912308585937,48.776150326502275,148.10000000000002,82.32138363756539,94.23616100478051,PPG
WR,2022,00-0035639,Parris Campbell,17.0,8.799112216683724,8.711764705882354,4.842434331621494,5.543303588516501,148.10000000000002,42.60912308585937,48.776150326502275,148.10000000000002,82.32138363756539,94.23616100478051,SEASON
WR,2022,00-0035640,DK Metcalf,17.0,13.58213726487396,13.223529411764705,13.033588596815394,12.982533237314538,224.79999999999998,177.02398937584266,176.33054847499457,224.79999999999998,221.5710061458617,220.70306503434713,PPG
WR,2022,00-0035640,DK Metcalf,17.0,13.58213726487396,13.223529411764705,13.033588596815394,12.982533237314538,224.79999999999998,177.02398937584266,176.33054847499457,224.79999999999998,221.5710061458617,220.70306503434713,SEASON
WR,2022,00-0035645,Gunner Olszewski,15.0,13.147316805947575,0.9466666666666667,3.407682968420909,1.716254428170948,14.2,44.80188756006154,22.56414068677385,16.093333333333334,57.93061046315545,29.176325278906116,PPG
WR,2022,00-0035645,Gunner Olszewski,15.0,13.147316805947575,0.9466666666666667,3.407682968420909,1.716254428170948,14.2,44.80188756006154,22.56414068677385,16.093333333333334,57.93061046315545,29.176325278906116,SEASON
WR,2022,00-0035659,Terry McLaurin,17.0,13.58213726487396,13.411764705882353,11.991060736270828,10.973568745827965,228.0,162.86423287147102,149.0445169913662,228.0,203.8480325166041,186.55066867907541,PPG
WR,2022,00-0035659,Terry McLaurin,17.0,13.58213726487396,13.411764705882353,11.991060736270828,10.973568745827965,228.0,162.86423287147102,149.0445169913662,228.0,203.8480325166041,186.55066867907541,SEASON
WR,2022,00-0035662,Marquise Brown,12.0,13.147316805947575,12.916666666666666,12.688254097917065,12.339416478162402,155.0,166.81649633967822,162.23021763893098,219.58333333333331,215.7003196645901,209.77008012876084,PPG
WR,2022,00-0035662,Marquise Brown,12.0,13.147316805947575,12.916666666666666,12.688254097917065,12.339416478162402,155.0,166.81649633967822,162.23021763893098,219.58333333333331,215.7003196645901,209.77008012876084,SEASON
WR,2022,00-0035676,A.J. Brown,17.0,11.84285542916842,17.50588235294118,12.316880342695942,12.31009427403924,297.6,145.86703323691444,145.7866668068807,297.6,209.38696582583103,209.2716026586671,PPG
WR,2022,00-0035676,A.J. Brown,17.0,11.84285542916842,17.50588235294118,12.316880342695942,12.31009427403924,297.6,145.86703323691444,145.7866668068807,297.6,209.38696582583103,209.2716026586671,SEASON
WR,2022,00-0035719,Deebo Samuel Sr.,13.0,13.147316805947575,12.723076923076926,17.48191527991552,16.310202790773587,165.40000000000003,229.84027855978502,214.43540325955064,216.29230769230773,297.19255975856385,277.273447443151,PPG
WR,2022,00-0035719,Deebo Samuel Sr.,13.0,13.147316805947575,12.723076923076926,17.48191527991552,16.310202790773587,165.40000000000003,229.84027855978502,214.43540325955064,216.29230769230773,297.19255975856385,277.273447443151,SEASON
WR,2022,00-0035864,Kendall Hinton,11.0,10.97321451131565,5.127272727272728,4.148021882588005,4.040657201290883,56.400000000000006,45.51713391526956,44.3389982364572,87.16363636363637,70.5163720039961,68.69117242194501,PPG
WR,2022,00-0035864,Kendall Hinton,11.0,10.97321451131565,5.127272727272728,4.148021882588005,4.040657201290883,56.400000000000006,45.51713391526956,44.3389982364572,87.16363636363637,70.5163720039961,68.69117242194501,SEASON
WR,2022,00-0035891,Cody White,1.0,8.799112216683724,1.2,1.3572867623922764,2.4615255410920907,1.2,11.942918532508978,21.65923946030243,20.4,23.0738749606687,41.845934198565544,PPG
WR,2022,00-0035891,Cody White,1.0,8.799112216683724,1.2,1.3572867623922764,2.4615255410920907,1.2,11.942918532508978,21.65923946030243,20.4,23.0738749606687,41.845934198565544,SEASON
WR,2022,00-0036133,James Proche,11.0,9.23393267561011,1.290909090909091,4.871179086551704,5.37263485009322,14.200000000000001,44.98013973605838,49.610548496397406,21.945454545454545,82.81004447137897,91.33479245158475,PPG
WR,2022,00-0036133,James Proche,11.0,9.23393267561011,1.290909090909091,4.871179086551704,5.37263485009322,14.200000000000001,44.98013973605838,49.610548496397406,21.945454545454545,82.81004447137897,91.33479245158475,SEASON
WR,2022,00-0036182,Nick Westbrook-Ikhine,16.0,12.71249634702119,5.16875,7.144696561593926,6.911417081372108,82.7,90.82692893983764,87.86136439968278,87.86875,121.45984154709674,117.49409038332584,PPG
WR,2022,00-0036182,Nick Westbrook-Ikhine,16.0,12.71249634702119,5.16875,7.144696561593926,6.911417081372108,82.7,90.82692893983764,87.86136439968278,87.86875,121.45984154709674,117.49409038332584,SEASON
WR,2022,00-0036196,Gabe Davis,15.0,12.71249634702119,11.373333333333335,8.040502008525332,7.772104664514795,170.60000000000002,102.21485241159482,98.80285215631068,193.3466666666667,136.68853414493063,132.12577929675152,PPG
WR,2022,00-0036196,Gabe Davis,15.0,12.71249634702119,11.373333333333335,8.040502008525332,7.772104664514795,170.60000000000002,102.21485241159482,98.80285215631068,193.3466666666667,136.68853414493063,132.12577929675152,SEASON
WR,2022,00-0036219,Marquez Callaway,10.0,13.58213726487396,3.7800000000000002,8.92626826108397,8.435253181153087,37.800000000000004,121.23780078513029,114.56876657038596,64.26,151.7465604384275,143.39930407960247,PPG
WR,2022,00-0036219,Marquez Callaway,10.0,13.58213726487396,3.7800000000000002,8.92626826108397,8.435253181153087,37.800000000000004,121.23780078513029,114.56876657038596,64.26,151.7465604384275,143.39930407960247,SEASON
WR,2022,00-0036228,Dezmon Patmon,1.0,7.929471298830954,4.4,1.4648640291153736,3.196917780160408,4.4,11.615597275560226,25.34986778250432,74.80000000000001,24.902688494961353,54.34760226272693,PPG
WR,2022,00-0036228,Dezmon Patmon,1.0,7.929471298830954,4.4,1.4648640291153736,3.196917780160408,4.4,11.615597275560226,25.34986778250432,74.80000000000001,24.902688494961353,54.34760226272693,SEASON
WR,2022,00-0036233,Donovan Peoples-Jones,17.0,11.84285542916842,9.41764705882353,7.979366985235705,8.043769296816084,160.1,94.49848962242592,95.2611968877766,160.1,135.649238749007,136.74407804587344,PPG
WR,2022,00-0036233,Donovan Peoples-Jones,17.0,11.84285542916842,9.41764705882353,7.979366985235705,8.043769296816084,160.1,94.49848962242592,95.2611968877766,160.1,135.649238749007,136.74407804587344,SEASON
WR,2022,00-0036247,Freddie Swain,3.0,13.58213726487396,3.8,5.775389402612849,5.177967838296737,11.399999999999999,78.44213162438614,70.32786993284897,64.6,98.18161984441844,88.02545325104452,PPG
WR,2022,00-0036247,Freddie Swain,3.0,13.58213726487396,3.8,5.775389402612849,5.177967838296737,11.399999999999999,78.44213162438614,70.32786993284897,64.6,98.18161984441844,88.02545325104452,SEASON
WR,2022,00-0036252,Michael Pittman,16.0,13.58213726487396,13.40625,13.060457093264045,12.343556943767513,214.5,177.38892098270904,167.65188474703848,227.90625,222.02777058548875,209.84046804404773,PPG
WR,2022,00-0036252,Michael Pittman,16.0,13.58213726487396,13.40625,13.060457093264045,12.343556943767513,214.5,177.38892098270904,167.65188474703848,227.90625,222.02777058548875,209.84046804404773,SEASON
WR,2022,00-0036255,Denzel Mims,9.0,10.538394052389265,3.288888888888889,3.1304859955601883,3.1470202953823705,29.6,32.990294996699376,33.16453996360588,55.91111111111112,53.2182619245232,53.4993450215003,PPG
WR,2022,00-0036255,Denzel Mims,9.0,10.538394052389265,3.288888888888889,3.1304859955601883,3.1470202953823705,29.6,32.990294996699376,33.16453996360588,55.91111111111112,53.2182619245232,53.4993450215003,SEASON
WR,2022,00-0036259,Jauan Jennings,16.0,11.84285542916842,5.1,6.209973351330634,6.174826981061145,81.6,73.54381661879721,73.12758323683562,86.69999999999999,105.56954697262077,104.97205867803946,PPG
WR,2022,00-0036259,Jauan Jennings,16.0,11.84285542916842,5.1,6.209973351330634,6.174826981061145,81.6,73.54381661879721,73.12758323683562,86.69999999999999,105.56954697262077,104.97205867803946,SEASON
WR,2022,00-0036261,Brandon Aiyuk,17.0,13.58213726487396,13.341176470588236,9.392248665935364,9.162255804525756,226.8,127.56681060656345,124.44301599295703,226.8,159.6682273209012,155.75834867693786,PPG
WR,2022,00-0036261,Brandon Aiyuk,17.0,13.58213726487396,13.341176470588236,9.392248665935364,9.162255804525756,226.8,127.56681060656345,124.44301599295703,226.8,159.6682273209012,155.75834867693786,SEASON
WR,2022,00-0036268,Laviska Shenault Jr.,13.0,13.147316805947575,5.592307692307693,8.302670180899652,7.739163659884214,72.7,109.15783520358178,101.74923644957448,95.06923076923078,141.14539307529407,131.56578221803164,PPG
WR,2022,00-0036268,Laviska Shenault Jr.,13.0,13.147316805947575,5.592307692307693,8.302670180899652,7.739163659884214,72.7,109.15783520358178,101.74923644957448,95.06923076923078,141.14539307529407,131.56578221803164,SEASON
WR,2022,00-0036271,Quez Watkins,17.0,13.58213726487396,4.911764705882353,7.646694224818385,6.689904303890046,83.5,103.8584505840023,90.86319854430569,83.5,129.99380182191254,113.72837316613078,PPG
WR,2022,00-0036271,Quez Watkins,17.0,13.58213726487396,4.911764705882353,7.646694224818385,6.689904303890046,83.5,103.8584505840023,90.86319854430569,83.5,129.99380182191254,113.72837316613078,SEASON
WR,2022,00-0036277,Quintez Cephus,3.0,8.36429175775734,1.1666666666666665,7.229821139418564,8.488835082976951,3.4999999999999996,60.47233336649847,71.00309331750546,19.833333333333332,122.90695937011559,144.31019641060817,PPG
WR,2022,00-0036277,Quintez Cephus,3.0,8.36429175775734,1.1666666666666665,7.229821139418564,8.488835082976951,3.4999999999999996,60.47233336649847,71.00309331750546,19.833333333333332,122.90695937011559,144.31019641060817,SEASON
WR,2022,00-0036309,Darnell Mooney,11.0,13.58213726487396,9.227272727272727,11.571781911254252,11.242371669404124,101.5,157.1695303178408,152.69543519657702,156.86363636363635,196.72029249132228,191.1203183798701,PPG
WR,2022,00-0036309,Darnell Mooney,11.0,13.58213726487396,9.227272727272727,11.571781911254252,11.242371669404124,101.5,157.1695303178408,152.69543519657702,156.86363636363635,196.72029249132228,191.1203183798701,SEASON
WR,2022,00-0036322,Justin Jefferson,17.0,13.58213726487396,21.605882352941173,16.721140385801334,16.54519415092546,367.29999999999995,227.10882394518126,224.7190980318594,367.29999999999995,284.2593865586227,281.26830056573283,PPG
WR,2022,00-0036322,Justin Jefferson,17.0,13.58213726487396,21.605882352941173,16.721140385801334,16.54519415092546,367.29999999999995,227.10882394518126,224.7190980318594,367.29999999999995,284.2593865586227,281.26830056573283,SEASON
WR,2022,00-0036326,Chase Claypool,15.0,12.71249634702119,6.666666666666667,10.589340623584299,9.650397796968447,100.0,134.61695399467848,122.68064674126272,113.33333333333334,180.01879060093307,164.05676254846358,PPG
WR,2022,00-0036326,Chase Claypool,15.0,12.71249634702119,6.666666666666667,10.589340623584299,9.650397796968447,100.0,134.61695399467848,122.68064674126272,113.33333333333334,180.01879060093307,164.05676254846358,SEASON
WR,2022,00-0036331,Devin Duvernay,14.0,13.147316805947575,7.864285714285714,5.780829620197385,5.014783893765825,110.1,76.00239841794061,65.93095256470265,133.69285714285712,98.27410354335554,85.25132619401903,PPG
WR,2022,00-0036331,Devin Duvernay,14.0,13.147316805947575,7.864285714285714,5.780829620197385,5.014783893765825,110.1,76.00239841794061,65.93095256470265,133.69285714285712,98.27410354335554,85.25132619401903,SEASON
WR,2022,00-0036345,K.J. Osborn,17.0,13.58213726487396,9.094117647058823,9.346077018762848,9.370214151089423,154.6,126.93970095692102,127.26753480136097,154.6,158.88330931896843,159.29364056852017,PPG
WR,2022,00-0036345,K.J. Osborn,17.0,13.58213726487396,9.094117647058823,9.346077018762848,9.370214151089423,154.6,126.93970095692102,127.26753480136097,154.6,158.88330931896843,159.29364056852017,SEASON
WR,2022,00-0036358,CeeDee Lamb,17.0,13.147316805947575,17.741176470588236,12.697961307075447,12.115648597905821,301.6,166.94412009378507,159.2882704262024,301.6,215.8653422202826,205.96602616439895,PPG
WR,2022,00-0036358,CeeDee Lamb,17.0,13.147316805947575,17.741176470588236,12.697961307075447,12.115648597905821,301.6,166.94412009378507,159.2882704262024,301.6,215.8653422202826,205.96602616439895,SEASON
WR,2022,00-0036365,Bryan Edwards,4.0,13.147316805947575,1.125,6.791012356620351,6.592962223626569,4.5,89.28359088559239,86.67976304366309,19.125,115.44721006254598,112.08035780165167,PPG
WR,2022,00-0036365,Bryan Edwards,4.0,13.147316805947575,1.125,6.791012356620351,6.592962223626569,4.5,89.28359088559239,86.67976304366309,19.125,115.44721006254598,112.08035780165167,SEASON
WR,2022,00-0036387,Jalen Reagor,17.0,13.58213726487396,1.5823529411764705,5.599793422451651,4.939886672416155,26.9,76.05716291867665,67.09421885767769,26.9,95.19648818167806,83.97807343107463,PPG
WR,2022,00-0036387,Jalen Reagor,17.0,13.58213726487396,1.5823529411764705,5.599793422451651,4.939886672416155,26.9,76.05716291867665,67.09421885767769,26.9,95.19648818167806,83.97807343107463,SEASON
WR,2022,00-0036407,Jerry Jeudy,15.0,10.538394052389265,13.613333333333335,7.660222234725327,8.153312802625859,204.20000000000002,80.7264404384094,85.9228231464616,231.4266666666667,130.22377799033057,138.6063176446396,PPG
WR,2022,00-0036407,Jerry Jeudy,15.0,10.538394052389265,13.613333333333335,7.660222234725327,8.153312802625859,204.20000000000002,80.7264404384094,85.9228231464616,231.4266666666667,130.22377799033057,138.6063176446396,SEASON
WR,2022,00-0036410,Tee Higgins,14.0,12.277675888094805,15.778571428571428,13.390320756454292,13.621223390862827,220.9,164.40201828537425,167.2369659923495,268.23571428571427,227.63545285972296,231.56079764466807,PPG
WR,2022,00-0036410,Tee Higgins,14.0,12.277675888094805,15.778571428571428,13.390320756454292,13.621223390862827,220.9,164.40201828537425,167.2369659923495,268.23571428571427,227.63545285972296,231.56079764466807,SEASON
WR,2022,00-0036412,KJ Hamler,6.0,7.494650839904569,4.300000000000001,3.6293538189782786,4.782599564229987,25.800000000000004,27.20073964771641,35.843913840983504,73.10000000000001,61.69901492263074,81.30419259190978,PPG
WR,2022,00-0036412,KJ Hamler,6.0,7.494650839904569,4.300000000000001,3.6293538189782786,4.782599564229987,25.800000000000004,27.20073964771641,35.843913840983504,73.10000000000001,61.69901492263074,81.30419259190978,SEASON
WR,2022,00-0036415,Van Jefferson,10.0,13.58213726487396,7.889999999999999,9.711319183788186,8.499666889784846,78.89999999999999,131.90047017721488,115.44364240276211,134.12999999999997,165.09242612439917,144.49433712634237,PPG
WR,2022,00-0036415,Van Jefferson,10.0,13.58213726487396,7.889999999999999,9.711319183788186,8.499666889784846,78.89999999999999,131.90047017721488,115.44364240276211,134.12999999999997,165.09242612439917,144.49433712634237,SEASON
WR,2022,00-0036439,Tyrie Cleveland,5.0,7.929471298830954,0.96,0.8236735116903857,1.4798337964422243,4.8,6.531295470556216,11.734299615928666,16.32,14.002449698736557,25.157174539517815,PPG
WR,2022,00-0036439,Tyrie Cleveland,5.0,7.929471298830954,0.96,0.8236735116903857,1.4798337964422243,4.8,6.531295470556216,11.734299615928666,16.32,14.002449698736557,25.157174539517815,SEASON
WR,2022,00-0036550,Rashod Bateman,6.0,11.408034970242035,8.75,7.9065542793588435,8.166457074021862,52.5,90.19824771304249,93.16322788342184,148.75,134.41142274910032,138.82977025837164,PPG
WR,2022,00-0036550,Rashod Bateman,6.0,11.408034970242035,8.75,7.9065542793588435,8.166457074021862,52.5,90.19824771304249,93.16322788342184,148.75,134.41142274910032,138.82977025837164,SEASON
WR,2022,00-0036554,Nico Collins,10.0,12.277675888094805,9.71,6.723728722795963,6.610461680539285,97.10000000000001,82.55176201796247,81.16110598433185,165.07000000000002,114.30338828753138,112.37784856916785,PPG
WR,2022,00-0036554,Nico Collins,10.0,12.277675888094805,9.71,6.723728722795963,6.610461680539285,97.10000000000001,82.55176201796247,81.16110598433185,165.07000000000002,114.30338828753138,112.37784856916785,SEASON
WR,2022,00-0036572,Shi Smith,17.0,8.36429175775734,3.5647058823529414,3.0601844396338804,3.9639509247613844,60.6,25.596275485646927,33.15564204813623,60.6,52.023135473775966,67.38716572094353,PPG
WR,2022,00-0036572,Shi Smith,17.0,8.36429175775734,3.5647058823529414,3.0601844396338804,3.9639509247613844,60.6,25.596275485646927,33.15564204813623,60.6,52.023135473775966,67.38716572094353,SEASON
WR,2022,00-0036613,Jaylen Waddle,17.0,13.147316805947575,15.188235294117646,12.059625147340734,13.154879795356578,258.2,158.55171237306084,172.95137221371175,258.2,205.01362750479248,223.63295652106183,PPG
WR,2022,00-0036613,Jaylen Waddle,17.0,13.147316805947575,15.188235294117646,12.059625147340734,13.154879795356578,258.2,158.55171237306084,172.95137221371175,258.2,205.01362750479248,223.63295652106183,SEASON
WR,2022,00-0036620,Dee Eskridge,9.0,9.668753134536495,1.5333333333333334,4.031209151720505,4.3256375777267415,13.8,38.97676612166984,41.82352188851428,26.06666666666667,68.53055557924858,73.5358388213546,PPG
WR,2022,00-0036620,Dee Eskridge,9.0,9.668753134536495,1.5333333333333334,4.031209151720505,4.3256375777267415,13.8,38.97676612166984,41.82352188851428,26.06666666666667,68.53055557924858,73.5358388213546,SEASON
WR,2022,00-0036626,Dyami Brown,9.0,10.538394052389265,3.6444444444444444,3.1716669955088492,3.5877671943253144,32.8,33.424276601629785,37.809304462035215,61.955555555555556,53.91833892365044,60.99204230353035,PPG
WR,2022,00-0036626,Dyami Brown,9.0,10.538394052389265,3.6444444444444444,3.1716669955088492,3.5877671943253144,32.8,33.424276601629785,37.809304462035215,61.955555555555556,53.91833892365044,60.99204230353035,SEASON
WR,2022,00-0036627,Dez Fitzpatrick,1.0,7.494650839904569,0.0,3.553268299045777,5.0547411044071735,0.0,26.63050524184971,37.88351966364537,0.0,60.40556108377821,85.93059877492195,PPG
WR,2022,00-0036627,Dez Fitzpatrick,1.0,7.494650839904569,0.0,3.553268299045777,5.0547411044071735,0.0,26.63050524184971,37.88351966364537,0.0,60.40556108377821,85.93059877492195,SEASON
WR,2022,00-0036630,Tylan Wallace,5.0,10.538394052389265,1.46,1.8308365130323823,1.7785440162569763,7.3,19.294076619837558,18.742997682835036,24.82,31.124220721550497,30.235248276368598,PPG
WR,2022,00-0036630,Tylan Wallace,5.0,10.538394052389265,1.46,1.8308365130323823,1.7785440162569763,7.3,19.294076619837558,18.742997682835036,24.82,31.124220721550497,30.235248276368598,SEASON
WR,2022,00-0036635,Ihmir Smith-Marsette,4.0,8.799112216683724,-0.125,3.8005350379646425,4.817313629078993,-0.5,33.44133428248923,42.388083205225975,-2.125,64.60909564539892,81.89433169434288,PPG
WR,2022,00-0036635,Ihmir Smith-Marsette,4.0,8.799112216683724,-0.125,3.8005350379646425,4.817313629078993,-0.5,33.44133428248923,42.388083205225975,-2.125,64.60909564539892,81.89433169434288,SEASON
WR,2022,00-0036652,Racey McMath,4.0,8.799112216683724,1.6,1.0296660366125634,1.5069609789802627,6.4,9.060147001861917,13.259918760210894,27.200000000000003,17.50432262241358,25.618336642664467,PPG
WR,2022,00-0036652,Racey McMath,4.0,8.799112216683724,1.6,1.0296660366125634,1.5069609789802627,6.4,9.060147001861917,13.259918760210894,27.200000000000003,17.50432262241358,25.618336642664467,SEASON
WR,2022,00-0036671,Dax Milne,15.0,10.10357359346288,1.0466666666666669,2.2776938192326024,2.841811385257835,15.700000000000003,23.012847125992135,28.712450469693227,17.793333333333337,38.72079492695424,48.31079354938319,PPG
WR,2022,00-0036671,Dax Milne,15.0,10.10357359346288,1.0466666666666669,2.2776938192326024,2.841811385257835,15.700000000000003,23.012847125992135,28.712450469693227,17.793333333333337,38.72079492695424,48.31079354938319,SEASON
WR,2022,00-0036849,Tutu Atwell,12.0,8.799112216683724,5.266666666666667,0.9634370841212508,1.4058635252914025,63.2,8.477391016897442,12.370350920381627,89.53333333333333,16.378430430061265,23.89967992995384,PPG
WR,2022,00-0036849,Tutu Atwell,12.0,8.799112216683724,5.266666666666667,0.9634370841212508,1.4058635252914025,63.2,8.477391016897442,12.370350920381627,89.53333333333333,16.378430430061265,23.89967992995384,SEASON
WR,2022,00-0036862,Ben Skowronek,14.0,11.408034970242035,6.021428571428571,3.3774899710674955,3.0607139739425215,84.3,38.530523701579746,34.916732048644754,102.36428571428571,57.417329508147425,52.032137557022864,PPG
WR,2022,00-0036862,Ben Skowronek,14.0,11.408034970242035,6.021428571428571,3.3774899710674955,3.0607139739425215,84.3,38.530523701579746,34.916732048644754,102.36428571428571,57.417329508147425,52.032137557022864,SEASON
WR,2022,00-0036877,Jaelon Darden,14.0,10.10357359346288,0.34285714285714286,2.6055842549326953,2.4005401815515284,4.8,26.325712273680633,24.25403438837061,5.828571428571428,44.29493233385582,40.80918308637598,PPG
WR,2022,00-0036877,Jaelon Darden,14.0,10.10357359346288,0.34285714285714286,2.6055842549326953,2.4005401815515284,4.8,26.325712273680633,24.25403438837061,5.828571428571428,44.29493233385582,40.80918308637598,SEASON
WR,2022,00-0036900,Ja'Marr Chase,12.0,13.58213726487396,20.03333333333333,15.158539951951367,14.874835833237512,240.39999999999998,205.8853703624794,202.0320620794977,340.5666666666666,257.69517918317325,252.8722091650377,PPG
WR,2022,00-0036900,Ja'Marr Chase,12.0,13.58213726487396,20.03333333333333,15.158539951951367,14.874835833237512,240.39999999999998,205.8853703624794,202.0320620794977,340.5666666666666,257.69517918317325,252.8722091650377,SEASON
WR,2022,00-0036912,DeVonta Smith,17.0,13.58213726487396,15.094117647058823,10.59790419087455,10.29101842445819,256.6,143.94218944044113,139.7740248363381,256.6,180.16437124486734,174.94731321578925,PPG
WR,2022,00-0036912,DeVonta Smith,17.0,13.58213726487396,15.094117647058823,10.59790419087455,10.29101842445819,256.6,143.94218944044113,139.7740248363381,256.6,180.16437124486734,174.94731321578925,SEASON
WR,2022,00-0036913,Kadarius Toney,9.0,10.10357359346288,6.5888888888888895,8.208962165043449,8.827552338553845,59.300000000000004,82.93985336046886,89.18982470272412,112.01111111111112,139.55235680573864,150.06838975541538,PPG
WR,2022,00-0036913,Kadarius Toney,9.0,10.10357359346288,6.5888888888888895,8.208962165043449,8.827552338553845,59.300000000000004,82.93985336046886,89.18982470272412,112.01111111111112,139.55235680573864,150.06838975541538,SEASON
WR,2022,00-0036936,Rondale Moore,8.0,12.277675888094805,11.05,8.027305134405992,7.623408664173647,88.4,98.55665069507609,93.59774074121782,187.85000000000002,136.46418728490187,129.597947290952,PPG
WR,2022,00-0036936,Rondale Moore,8.0,12.277675888094805,11.05,8.027305134405992,7.623408664173647,88.4,98.55665069507609,93.59774074121782,187.85000000000002,136.46418728490187,129.597947290952,SEASON
WR,2022,00-0036951,Frank Darby,1.0,7.929471298830954,2.5,1.37964112054126,1.9310578283960749,2.5,10.939824668018897,15.312267626649506,42.5,23.453899049201418,32.827983082733276,PPG
WR,2022,00-0036951,Frank Darby,1.0,7.929471298830954,2.5,1.37964112054126,1.9310578283960749,2.5,10.939824668018897,15.312267626649506,42.5,23.453899049201418,32.827983082733276,SEASON
WR,2022,00-0036955,Terrace Marshall Jr.,13.0,11.408034970242035,6.230769230769231,3.57008632331959,3.458965635188236,81.0,40.7276696232127,39.46000092709285,105.92307692307692,60.691467496433035,58.80241579820001,PPG
WR,2022,00-0036955,Terrace Marshall Jr.,13.0,11.408034970242035,6.230769230769231,3.57008632331959,3.458965635188236,81.0,40.7276696232127,39.46000092709285,105.92307692307692,60.691467496433035,58.80241579820001,SEASON
WR,2022,00-0036963,Amon-Ra St. Brown,16.0,13.147316805947575,16.725,12.891692011091175,12.455100576011331,267.6,169.49115903451911,163.7511531227611,284.32500000000005,219.15876418854998,211.7367097921926,PPG
WR,2022,00-0036963,Amon-Ra St. Brown,16.0,13.147316805947575,16.725,12.891692011091175,12.455100576011331,267.6,169.49115903451911,163.7511531227611,284.32500000000005,219.15876418854998,211.7367097921926,SEASON
WR,2022,00-0036980,Elijah Moore,14.0,10.97321451131565,6.292857142857143,10.474003160802125,10.866814121738061,88.1,114.93348347567986,119.24388241242592,106.97857142857143,178.05805373363611,184.73584006954704,PPG
WR,2022,00-0036980,Elijah Moore,14.0,10.97321451131565,6.292857142857143,10.474003160802125,10.866814121738061,88.1,114.93348347567986,119.24388241242592,106.97857142857143,178.05805373363611,184.73584006954704,SEASON
WR,2022,00-0036988,Josh Palmer,16.0,12.71249634702119,10.51875,6.349172049285289,6.12340176643714,168.3,80.71382648314828,77.84372258717525,178.81875000000002,107.93592483784991,104.09783002943138,PPG
WR,2022,00-0036988,Josh Palmer,16.0,12.71249634702119,10.51875,6.349172049285289,6.12340176643714,168.3,80.71382648314828,77.84372258717525,178.81875000000002,107.93592483784991,104.09783002943138,SEASON
WR,2022,00-0036991,Amari Rodgers,15.0,13.147316805947575,2.806666666666667,3.3358039513434803,1.8602788293742616,42.10000000000001,43.856871350844465,24.45767511718071,47.71333333333334,56.708667172839164,31.624740099362448,PPG
WR,2022,00-0036991,Amari Rodgers,15.0,13.147316805947575,2.806666666666667,3.3358039513434803,1.8602788293742616,42.10000000000001,43.856871350844465,24.45767511718071,47.71333333333334,56.708667172839164,31.624740099362448,SEASON
WR,2022,00-0036999,Anthony Schwartz,7.0,11.84285542916842,2.542857142857143,3.902474556050556,3.3737388451310157,17.8,46.21644198331495,39.95470139865625,43.228571428571435,66.34206745285945,57.35356036722727,PPG
WR,2022,00-0036999,Anthony Schwartz,7.0,11.84285542916842,2.542857142857143,3.902474556050556,3.3737388451310157,17.8,46.21644198331495,39.95470139865625,43.228571428571435,66.34206745285945,57.35356036722727,SEASON
WR,2023,00-0026293,Matthew Slater,5.0,9.364472333133902,0.0,1.2272336556072505,1.1443594137007378,0.0,11.492395614224877,10.716322068761892,0.0,20.86297214532326,19.454110032912542,PPG
WR,2023,00-0026293,Matthew Slater,5.0,9.364472333133902,0.0,1.2272336556072505,1.1443594137007378,0.0,11.492395614224877,10.716322068761892,0.0,20.86297214532326,19.454110032912542,SEASON
WR,2023,00-0027944,Julio Jones,8.0,10.274806397294812,4.55,6.421463690312123,6.5943185469703645,36.4,65.97929620521535,67.75534639221092,77.35,109.1648827353061,112.1034152984962,PPG
WR,2023,00-0027944,Julio Jones,8.0,10.274806397294812,4.55,6.421463690312123,6.5943185469703645,36.4,65.97929620521535,67.75534639221092,77.35,109.1648827353061,112.1034152984962,SEASON
WR,2023,00-0028002,Randall Cobb,9.0,11.640307493536177,1.8777777777777778,6.496349543479942,6.0180766880528385,16.9,75.6195062715999,70.05226316861683,31.92222222222222,110.43794223915901,102.30730369689826,PPG
WR,2023,00-0028002,Randall Cobb,9.0,11.640307493536177,1.8777777777777778,6.496349543479942,6.0180766880528385,16.9,75.6195062715999,70.05226316861683,31.92222222222222,110.43794223915901,102.30730369689826,SEASON
WR,2023,00-0029293,Marvin Jones,4.0,13.005808589777542,1.375,7.6018190391856155,7.004958835520232,5.5,98.86780335777475,91.10515379404713,23.375,129.23092366615546,119.08430020384394,PPG
WR,2023,00-0029293,Marvin Jones,4.0,13.005808589777542,1.375,7.6018190391856155,7.004958835520232,5.5,98.86780335777475,91.10515379404713,23.375,129.23092366615546,119.08430020384394,SEASON
WR,2023,00-0030035,Adam Thielen,17.0,13.460975621857997,13.470588235294118,9.389321723943798,9.091560741659869,229.0,126.38943083178917,122.38127750812471,229.0,159.61846930704456,154.55653260821776,PPG
WR,2023,00-0030035,Adam Thielen,17.0,13.460975621857997,13.470588235294118,9.389321723943798,9.091560741659869,229.0,126.38943083178917,122.38127750812471,229.0,159.61846930704456,154.55653260821776,SEASON
WR,2023,00-0030068,Marquise Goodwin,10.0,11.640307493536177,1.4000000000000001,6.239448648526608,6.453062201184458,14.000000000000002,72.62910085897845,75.1156282967025,23.8,106.07062702495233,109.70205742013577,PPG
WR,2023,00-0030068,Marquise Goodwin,10.0,11.640307493536177,1.4000000000000001,6.239448648526608,6.453062201184458,14.000000000000002,72.62910085897845,75.1156282967025,23.8,106.07062702495233,109.70205742013577,SEASON
WR,2023,00-0030279,Keenan Allen,13.0,10.274806397294812,20.83846153846154,13.944210395274448,14.34633954409486,270.90000000000003,143.2740621745907,147.4058613254294,354.2538461538462,237.0515767196656,243.88777224961262,PPG
WR,2023,00-0030279,Keenan Allen,13.0,10.274806397294812,20.83846153846154,13.944210395274448,14.34633954409486,270.90000000000003,143.2740621745907,147.4058613254294,354.2538461538462,237.0515767196656,243.88777224961262,SEASON
WR,2023,00-0030431,Robert Woods,14.0,13.460975621857997,6.378571428571428,7.292590028015546,7.158467115947725,89.3,98.165376587322,96.35995133764446,108.43571428571428,123.97403047626429,121.69394097111133,PPG
WR,2023,00-0030431,Robert Woods,14.0,13.460975621857997,6.378571428571428,7.292590028015546,7.158467115947725,89.3,98.165376587322,96.35995133764446,108.43571428571428,123.97403047626429,121.69394097111133,SEASON
WR,2023,00-0030564,DeAndre Hopkins,17.0,9.819639365214357,13.15294117647059,14.221339105502846,14.735412508201215,223.60000000000002,139.6484213064581,144.69643672820467,223.60000000000002,241.76276479354837,250.50201263942066,PPG
WR,2023,00-0030564,DeAndre Hopkins,17.0,9.819639365214357,13.15294117647059,14.221339105502846,14.735412508201215,223.60000000000002,139.6484213064581,144.69643672820467,223.60000000000002,241.76276479354837,250.50201263942066,SEASON
WR,2023,00-0031236,Brandin Cooks,16.0,11.640307493536177,10.7625,9.849585764168262,9.959378160452077,172.2,114.65220697887507,115.93022423207087,182.96249999999998,167.44295799086046,169.30942872768532,PPG
WR,2023,00-0031236,Brandin Cooks,16.0,11.640307493536177,10.7625,9.849585764168262,9.959378160452077,172.2,114.65220697887507,115.93022423207087,182.96249999999998,167.44295799086046,169.30942872768532,SEASON
WR,2023,00-0031381,Davante Adams,17.0,13.460975621857997,15.611764705882354,16.587993990270018,16.45691373693454,265.40000000000003,223.2905827185517,221.5261146238958,265.40000000000003,281.9958978345903,279.76753352788717,PPG
WR,2023,00-0031381,Davante Adams,17.0,13.460975621857997,15.611764705882354,16.587993990270018,16.45691373693454,265.40000000000003,223.2905827185517,221.5261146238958,265.40000000000003,281.9958978345903,279.76753352788717,SEASON
WR,2023,00-0031408,Mike Evans,17.0,12.550641557697087,16.61764705882353,12.918875191816037,12.520873665813347,282.5,162.14017186110829,157.14499736883207,282.5,219.62087826087262,212.85485231882691,PPG
WR,2023,00-0031408,Mike Evans,17.0,12.550641557697087,16.61764705882353,12.918875191816037,12.520873665813347,282.5,162.14017186110829,157.14499736883207,282.5,219.62087826087262,212.85485231882691,SEASON
WR,2023,00-0031428,Allen Robinson,15.0,10.274806397294812,4.133333333333334,7.305613790073746,7.973964600763678,62.00000000000001,75.06376730641493,81.93094249172901,70.26666666666668,124.19543443125369,135.55739821298252,PPG
WR,2023,00-0031428,Allen Robinson,15.0,10.274806397294812,4.133333333333334,7.305613790073746,7.973964600763678,62.00000000000001,75.06376730641493,81.93094249172901,70.26666666666668,124.19543443125369,135.55739821298252,SEASON
WR,2023,00-0031544,Amari Cooper,15.0,13.460975621857997,15.0,12.96854586420957,12.370658418784771,225.0,174.56927972907238,166.5211314015942,255.0,220.4652796915627,210.30119311934112,PPG
WR,2023,00-0031544,Amari Cooper,15.0,13.460975621857997,15.0,12.96854586420957,12.370658418784771,225.0,174.56927972907238,166.5211314015942,255.0,220.4652796915627,210.30119311934112,SEASON
WR,2023,00-0031547,DeVante Parker,13.0,11.185140461455722,5.569230769230769,7.72202175728316,7.698621667379154,72.39999999999999,86.37189800162929,86.11016470924228,94.67692307692307,131.27436987381373,130.8765683454456,PPG
WR,2023,00-0031547,DeVante Parker,13.0,11.185140461455722,5.569230769230769,7.72202175728316,7.698621667379154,72.39999999999999,86.37189800162929,86.11016470924228,94.67692307692307,131.27436987381373,130.8765683454456,SEASON
WR,2023,00-0031549,Nelson Agholor,16.0,12.095474525616632,6.00625,5.8546788626653425,5.676262173140215,96.1,70.81511903903481,68.65708451593878,102.10624999999999,99.52954066531082,96.49645694338366,PPG
WR,2023,00-0031549,Nelson Agholor,16.0,12.095474525616632,6.00625,5.8546788626653425,5.676262173140215,96.1,70.81511903903481,68.65708451593878,102.10624999999999,99.52954066531082,96.49645694338366,SEASON
WR,2023,00-0031588,Stefon Diggs,17.0,13.005808589777542,15.98823529411765,16.39724472427758,16.04950603342505,271.80000000000007,213.25942628369384,208.736803431206,271.80000000000007,278.7531603127189,272.8416025682259,PPG
WR,2023,00-0031588,Stefon Diggs,17.0,13.005808589777542,15.98823529411765,16.39724472427758,16.04950603342505,271.80000000000007,213.25942628369384,208.736803431206,271.80000000000007,278.7531603127189,272.8416025682259,SEASON
WR,2023,00-0031763,DeAndre Carter,17.0,13.460975621857997,0.5705882352941176,6.7170482342421325,6.0783144067208745,9.7,90.41802253197766,81.82004205085795,9.7,114.18981998211625,103.33134491425487,PPG
WR,2023,00-0031763,DeAndre Carter,17.0,13.460975621857997,0.5705882352941176,6.7170482342421325,6.0783144067208745,9.7,90.41802253197766,81.82004205085795,9.7,114.18981998211625,103.33134491425487,SEASON
WR,2023,00-0031868,Damiere Byrd,1.0,11.185140461455722,0.0,4.539553380863166,4.450347583120994,0.0,50.77554219723071,49.77776281950831,0.0,77.17240747467382,75.65590891305689,PPG
WR,2023,00-0031868,Damiere Byrd,1.0,11.185140461455722,0.0,4.539553380863166,4.450347583120994,0.0,50.77554219723071,49.77776281950831,0.0,77.17240747467382,75.65590891305689,SEASON
WR,2023,00-0031941,Jamison Crowder,16.0,7.543804204812083,2.36875,3.1175850320399685,3.653846722482931,37.9,23.518451073562325,27.56390426880558,40.26875,52.998945544679465,62.11539428220983,PPG
WR,2023,00-0031941,Jamison Crowder,16.0,7.543804204812083,2.36875,3.1175850320399685,3.653846722482931,37.9,23.518451073562325,27.56390426880558,40.26875,52.998945544679465,62.11539428220983,SEASON
WR,2023,00-0032128,Chris Conley,1.0,7.543804204812083,9.9,2.447731444570571,2.9541683885842187,9.9,18.46520676380223,22.285667911524563,168.3,41.61143455769971,50.22086260593172,PPG
WR,2023,00-0032128,Chris Conley,1.0,7.543804204812083,9.9,2.447731444570571,2.9541683885842187,9.9,18.46520676380223,22.285667911524563,168.3,41.61143455769971,50.22086260593172,SEASON
WR,2023,00-0032208,Phillip Dorsett,2.0,12.550641557697087,0.0,4.145438230074228,3.9703765206640926,0.0,52.02790932523586,49.83077255995153,0.0,70.47244991126188,67.49640085128958,PPG
WR,2023,00-0032208,Phillip Dorsett,2.0,12.550641557697087,0.0,4.145438230074228,3.9703765206640926,0.0,52.02790932523586,49.83077255995153,0.0,70.47244991126188,67.49640085128958,SEASON
WR,2023,00-0032211,Tyler Lockett,17.0,13.005808589777542,11.905882352941177,12.852042695670349,12.58141357524854,202.4,167.15120728753715,163.63145674851123,202.4,218.48472582639593,213.88403077922518,PPG
WR,2023,00-0032211,Tyler Lockett,17.0,13.005808589777542,11.905882352941177,12.852042695670349,12.58141357524854,202.4,167.15120728753715,163.63145674851123,202.4,218.48472582639593,213.88403077922518,SEASON
WR,2023,00-0032385,Sterling Shepard,10.0,7.0886371727316275,2.23,9.101897441371339,10.140660424861167,22.3,64.52004854529577,71.88346244371937,37.91,154.73225650331275,172.39122722263983,PPG
WR,2023,00-0032385,Sterling Shepard,10.0,7.0886371727316275,2.23,9.101897441371339,10.140660424861167,22.3,64.52004854529577,71.88346244371937,37.91,154.73225650331275,172.39122722263983,SEASON
WR,2023,00-0032398,Chris Moore,15.0,12.550641557697087,4.486666666666666,7.339011614336401,7.805444930855552,67.3,92.10930415931202,97.96334152551177,76.27333333333333,124.76319744371881,132.69256382454438,PPG
WR,2023,00-0032398,Chris Moore,15.0,12.550641557697087,4.486666666666666,7.339011614336401,7.805444930855552,67.3,92.10930415931202,97.96334152551177,76.27333333333333,124.76319744371881,132.69256382454438,SEASON
WR,2023,00-0032464,Kalif Raymond,17.0,13.460975621857997,5.729411764705883,7.271976334915022,6.3050886297517925,97.40000000000002,97.88789616701938,84.87264433874293,97.40000000000002,123.62359769355538,107.18650670578047,PPG
WR,2023,00-0032464,Kalif Raymond,17.0,13.460975621857997,5.729411764705883,7.271976334915022,6.3050886297517925,97.40000000000002,97.88789616701938,84.87264433874293,97.40000000000002,123.62359769355538,107.18650670578047,SEASON
WR,2023,00-0032688,Robbie Chosen,6.0,11.185140461455722,3.7666666666666666,5.2353454194707725,4.7094398945217275,22.6,58.55807388101942,52.67574671500874,64.03333333333333,89.00087213100313,80.06047820686936,PPG
WR,2023,00-0032688,Robbie Chosen,6.0,11.185140461455722,3.7666666666666666,5.2353454194707725,4.7094398945217275,22.6,58.55807388101942,52.67574671500874,64.03333333333333,89.00087213100313,80.06047820686936,SEASON
WR,2023,00-0032765,Michael Thomas,10.0,7.0886371727316275,8.98,12.543786114305025,13.844442107792768,89.80000000000001,88.91834853665742,98.13822696103082,152.66,213.24436394318542,235.35551583247704,PPG
WR,2023,00-0032765,Michael Thomas,10.0,7.0886371727316275,8.98,12.543786114305025,13.844442107792768,89.80000000000001,88.91834853665742,98.13822696103082,152.66,213.24436394318542,235.35551583247704,SEASON
WR,2023,00-0032775,Demarcus Robinson,8.0,13.005808589777542,10.674999999999999,6.859732510012889,6.6244669196855925,85.39999999999999,89.21636800230189,86.15654876674405,181.475,116.61545267021911,112.61593763465507,PPG
WR,2023,00-0032775,Demarcus Robinson,8.0,13.005808589777542,10.674999999999999,6.859732510012889,6.6244669196855925,85.39999999999999,89.21636800230189,86.15654876674405,181.475,116.61545267021911,112.61593763465507,SEASON
WR,2023,00-0032951,Laquon Treadwell,3.0,7.0886371727316275,0.8666666666666667,2.917614492945641,4.148684472027725,2.6,20.68191055039501,29.408518966350215,14.733333333333334,49.5994463800759,70.52763602447132,PPG
WR,2023,00-0032951,Laquon Treadwell,3.0,7.0886371727316275,0.8666666666666667,2.917614492945641,4.148684472027725,2.6,20.68191055039501,29.408518966350215,14.733333333333334,49.5994463800759,70.52763602447132,SEASON
WR,2023,00-0033009,Tyler Boyd,17.0,13.005808589777542,8.635294117647058,9.541359275555118,8.921255682286644,146.79999999999998,124.09309242416839,116.02814378428533,146.79999999999998,162.20310768443701,151.66134659887294,PPG
WR,2023,00-0033009,Tyler Boyd,17.0,13.005808589777542,8.635294117647058,9.541359275555118,8.921255682286644,146.79999999999998,124.09309242416839,116.02814378428533,146.79999999999998,162.20310768443701,151.66134659887294,SEASON
WR,2023,00-0033040,Tyreek Hill,16.0,13.460975621857997,23.4625,17.264079307465515,16.899934051776825,375.4,232.3913506916164,227.4896002819757,398.86249999999995,293.48934822691376,287.298878880206,PPG
WR,2023,00-0033040,Tyreek Hill,16.0,13.460975621857997,23.4625,17.264079307465515,16.899934051776825,375.4,232.3913506916164,227.4896002819757,398.86249999999995,293.48934822691376,287.298878880206,SEASON
WR,2023,00-0033251,Zach Pascal,10.0,12.550641557697087,0.5900000000000001,3.2853881886428513,3.023864160943595,5.9,41.23372953354813,37.95143520316952,10.030000000000001,55.85159920692847,51.405690736041116,PPG
WR,2023,00-0033251,Zach Pascal,10.0,12.550641557697087,0.5900000000000001,3.2853881886428513,3.023864160943595,5.9,41.23372953354813,37.95143520316952,10.030000000000001,55.85159920692847,51.405690736041116,SEASON
WR,2023,00-0033282,Curtis Samuel,16.0,13.460975621857997,9.825000000000001,8.957600056569403,9.22181182787639,157.20000000000002,120.57803599183455,124.13458420440583,167.025,152.27920096167983,156.77080107389864,PPG
WR,2023,00-0033282,Curtis Samuel,16.0,13.460975621857997,9.825000000000001,8.957600056569403,9.22181182787639,157.20000000000002,120.57803599183455,124.13458420440583,167.025,152.27920096167983,156.77080107389864,SEASON
WR,2023,00-0033292,Trent Taylor,15.0,13.005808589777542,0.0,2.9421885927149662,1.9106527257668808,0.0,38.265541671877806,24.849583632860774,0.0,50.01720607615442,32.48109633803698,PPG
WR,2023,00-0033292,Trent Taylor,15.0,13.005808589777542,0.0,2.9421885927149662,1.9106527257668808,0.0,38.265541671877806,24.849583632860774,0.0,50.01720607615442,32.48109633803698,SEASON
WR,2023,00-0033307,Kendrick Bourne,8.0,13.005808589777542,12.375,6.2076182244936815,5.737608907758846,99.0,80.73509442617954,74.62224321731414,210.375,105.52950981639259,97.53935143190037,PPG
WR,2023,00-0033307,Kendrick Bourne,8.0,13.005808589777542,12.375,6.2076182244936815,5.737608907758846,99.0,80.73509442617954,74.62224321731414,210.375,105.52950981639259,97.53935143190037,SEASON
WR,2023,00-0033466,Isaiah McKenzie,13.0,12.550641557697087,1.5846153846153848,7.5596109826316225,7.350149668649526,20.6,94.87796775863976,92.24909388664622,26.938461538461542,128.51338670473757,124.95254436704194,PPG
WR,2023,00-0033466,Isaiah McKenzie,13.0,12.550641557697087,1.5846153846153848,7.5596109826316225,7.350149668649526,20.6,94.87796775863976,92.24909388664622,26.938461538461542,128.51338670473757,124.95254436704194,SEASON
WR,2023,00-0033536,Mike Williams,3.0,11.640307493536177,16.733333333333334,11.772908812427145,11.650368894599987,50.2,137.0402786700138,135.61387634627303,284.4666666666667,200.13944981126147,198.05627120819977,PPG
WR,2023,00-0033536,Mike Williams,3.0,11.640307493536177,16.733333333333334,11.772908812427145,11.650368894599987,50.2,137.0402786700138,135.61387634627303,284.4666666666667,200.13944981126147,198.05627120819977,SEASON
WR,2023,00-0033555,Mack Hollins,12.0,13.460975621857997,3.591666666666667,8.692385365109468,8.538869842595599,43.1,117.00798749553377,114.94151878939779,61.05833333333334,147.77055120686094,145.16078732412518,PPG
WR,2023,00-0033555,Mack Hollins,12.0,13.460975621857997,3.591666666666667,8.692385365109468,8.538869842595599,43.1,117.00798749553377,114.94151878939779,61.05833333333334,147.77055120686094,145.16078732412518,SEASON
WR,2023,00-0033572,Jamal Agnew,11.0,12.550641557697087,3.590909090909091,4.845385549359245,4.452448116545285,39.5,60.81269723885307,55.88108036500338,61.04545454545455,82.37155433910716,75.69161798126984,PPG
WR,2023,00-0033572,Jamal Agnew,11.0,12.550641557697087,3.590909090909091,4.845385549359245,4.452448116545285,39.5,60.81269723885307,55.88108036500338,61.04545454545455,82.37155433910716,75.69161798126984,SEASON
WR,2023,00-0033591,Noah Brown,10.0,13.005808589777542,10.170000000000002,7.29512280912166,7.084584531120368,101.70000000000002,94.87897089435656,92.14075034985038,172.89000000000004,124.01708775506822,120.43793702904625,PPG
WR,2023,00-0033591,Noah Brown,10.0,13.005808589777542,10.170000000000002,7.29512280912166,7.084584531120368,101.70000000000002,94.87897089435656,92.14075034985038,172.89000000000004,124.01708775506822,120.43793702904625,SEASON
WR,2023,00-0033857,JuJu Smith-Schuster,11.0,13.005808589777542,5.545454545454545,10.501755386092126,10.394944506089969,60.99999999999999,136.58382040817955,135.19465854756578,94.27272727272727,178.52984156356615,176.71405660352946,PPG
WR,2023,00-0033857,JuJu Smith-Schuster,11.0,13.005808589777542,5.545454545454545,10.501755386092126,10.394944506089969,60.99999999999999,136.58382040817955,135.19465854756578,94.27272727272727,178.52984156356615,176.71405660352946,SEASON
WR,2023,00-0033891,Zay Jones,9.0,13.005808589777542,8.677777777777777,10.940179894713985,10.83450700653589,78.1,142.28588564838273,140.91152429160945,147.5222222222222,185.98305821013776,184.18661911111013,PPG
WR,2023,00-0033891,Zay Jones,9.0,13.005808589777542,8.677777777777777,10.940179894713985,10.83450700653589,78.1,142.28588564838273,140.91152429160945,147.5222222222222,185.98305821013776,184.18661911111013,SEASON
WR,2023,00-0033908,Cooper Kupp,12.0,9.819639365214357,13.725000000000001,17.28944629283336,18.4936993746843,164.70000000000002,169.7761274198659,181.6014583880901,233.32500000000002,293.92058697816714,314.3928893696331,PPG
WR,2023,00-0033908,Cooper Kupp,12.0,9.819639365214357,13.725000000000001,17.28944629283336,18.4936993746843,164.70000000000002,169.7761274198659,181.6014583880901,233.32500000000002,293.92058697816714,314.3928893696331,SEASON
WR,2023,00-0033921,Chris Godwin Jr.,17.0,12.550641557697087,12.305882352941177,13.000254897575028,12.750539769978673,209.20000000000002,163.16153937816023,160.0274543201638,209.20000000000002,221.00433325877546,216.75917608963744,PPG
WR,2023,00-0033921,Chris Godwin Jr.,17.0,12.550641557697087,12.305882352941177,13.000254897575028,12.750539769978673,209.20000000000002,163.16153937816023,160.0274543201638,209.20000000000002,221.00433325877546,216.75917608963744,SEASON
WR,2023,00-0033943,Josh Reynolds,16.0,11.185140461455722,7.987500000000001,7.807008098596081,7.6971853459399995,127.80000000000001,87.32248216651953,86.09409925219755,135.78750000000002,132.71913767613339,130.85215088098,PPG
WR,2023,00-0033943,Josh Reynolds,16.0,11.185140461455722,7.987500000000001,7.807008098596081,7.6971853459399995,127.80000000000001,87.32248216651953,86.09409925219755,135.78750000000002,132.71913767613339,130.85215088098,SEASON
WR,2023,00-0034054,River Cracraft,6.0,9.364472333133902,4.5166666666666675,3.5629587562177782,4.041974182507703,27.100000000000005,33.365228696698566,37.85095540333491,76.78333333333335,60.570298855702234,68.71356110263095,PPG
WR,2023,00-0034054,River Cracraft,6.0,9.364472333133902,4.5166666666666675,3.5629587562177782,4.041974182507703,27.100000000000005,33.365228696698566,37.85095540333491,76.78333333333335,60.570298855702234,68.71356110263095,SEASON
WR,2023,00-0034272,Marquez Valdes-Scantling,16.0,13.460975621857997,3.46875,7.312951164510786,6.734529732022808,55.5,98.43945734931775,90.65334054743688,58.96875,124.32016979668337,114.48700544438773,PPG
WR,2023,00-0034272,Marquez Valdes-Scantling,16.0,13.460975621857997,3.46875,7.312951164510786,6.734529732022808,55.5,98.43945734931775,90.65334054743688,58.96875,124.32016979668337,114.48700544438773,SEASON
WR,2023,00-0034279,Equanimeous St. Brown,5.0,13.005808589777542,2.24,5.695240965628669,4.5719662201477185,11.200000000000001,74.07121387162628,59.462117538169956,38.080000000000005,96.81909641568737,77.72342574251121,PPG
WR,2023,00-0034279,Equanimeous St. Brown,5.0,13.005808589777542,2.24,5.695240965628669,4.5719662201477185,11.200000000000001,74.07121387162628,59.462117538169956,38.080000000000005,96.81909641568737,77.72342574251121,SEASON
WR,2023,00-0034286,Richie James,9.0,13.005808589777542,2.3777777777777778,8.277998265974118,8.354404145559027,21.4,107.66206095376978,108.6557811987847,40.422222222222224,140.72597052156,142.02487047450344,PPG
WR,2023,00-0034286,Richie James,9.0,13.005808589777542,2.3777777777777778,8.277998265974118,8.354404145559027,21.4,107.66206095376978,108.6557811987847,40.422222222222224,140.72597052156,142.02487047450344,SEASON
WR,2023,00-0034297,Byron Pringle,13.0,10.274806397294812,2.315384615384615,3.134476787462413,4.02370781268893,30.099999999999998,32.20614214799089,41.34281877466134,39.36153846153846,53.28610538686102,68.40303281571181,PPG
WR,2023,00-0034297,Byron Pringle,13.0,10.274806397294812,2.315384615384615,3.134476787462413,4.02370781268893,30.099999999999998,32.20614214799089,41.34281877466134,39.36153846153846,53.28610538686102,68.40303281571181,SEASON
WR,2023,00-0034317,Keith Kirkwood,7.0,7.0886371727316275,2.1,1.5124728736106072,2.215468485490028,14.700000000000001,10.721371434624375,15.704652261260055,35.7,25.712038851380324,37.66296425333048,PPG
WR,2023,00-0034317,Keith Kirkwood,7.0,7.0886371727316275,2.1,1.5124728736106072,2.215468485490028,14.700000000000001,10.721371434624375,15.704652261260055,35.7,25.712038851380324,37.66296425333048,SEASON
WR,2023,00-0034348,Courtland Sutton,16.0,12.550641557697087,11.7,10.190139155464337,9.759891650837908,187.2,127.892783963287,122.49290175162707,198.89999999999998,173.23236564289374,165.91815806424444,PPG
WR,2023,00-0034348,Courtland Sutton,16.0,12.550641557697087,11.7,10.190139155464337,9.759891650837908,187.2,127.892783963287,122.49290175162707,198.89999999999998,173.23236564289374,165.91815806424444,SEASON
WR,2023,00-0034386,Justin Watson,15.0,13.460975621857997,5.866666666666667,4.37429023710587,3.904825774780745,88.0,58.88221424461356,52.56276456192638,99.73333333333335,74.36293403079979,66.38203817127267,PPG
WR,2023,00-0034386,Justin Watson,15.0,13.460975621857997,5.866666666666667,4.37429023710587,3.904825774780745,88.0,58.88221424461356,52.56276456192638,99.73333333333335,74.36293403079979,66.38203817127267,SEASON
WR,2023,00-0034407,Ray-Ray McCloud,12.0,13.460975621857997,2.375,4.247808801479686,3.908410519077755,28.5,57.17965072303189,52.61101871751902,40.375,72.21274962515467,66.44297882432184,PPG
WR,2023,00-0034407,Ray-Ray McCloud,12.0,13.460975621857997,2.375,4.247808801479686,3.908410519077755,28.5,57.17965072303189,52.61101871751902,40.375,72.21274962515467,66.44297882432184,SEASON
WR,2023,00-0034418,Cedrick Wilson Jr.,11.0,11.640307493536177,6.327272727272728,3.401538220467374,2.806039218389727,69.60000000000001,39.594950837256086,32.66315934097834,107.56363636363638,57.82614974794536,47.70266671262536,PPG
WR,2023,00-0034418,Cedrick Wilson Jr.,11.0,11.640307493536177,6.327272727272728,3.401538220467374,2.806039218389727,69.60000000000001,39.594950837256086,32.66315934097834,107.56363636363638,57.82614974794536,47.70266671262536,SEASON
WR,2023,00-0034419,Braxton Berrios,16.0,13.460975621857997,3.61875,4.104925241494502,3.796179757806084,57.9,55.25629860530705,51.10028317601849,61.51875,69.78372910540654,64.53505588270343,PPG
WR,2023,00-0034419,Braxton Berrios,16.0,13.460975621857997,3.61875,4.104925241494502,3.796179757806084,57.9,55.25629860530705,51.10028317601849,61.51875,69.78372910540654,64.53505588270343,SEASON
WR,2023,00-0034487,Trent Sherfield,11.0,13.005808589777542,2.327272727272727,5.7596364021464685,5.285058484227851,25.599999999999998,74.90872859303197,68.73645903164726,39.56363636363636,97.91381883648997,89.84599423187346,PPG
WR,2023,00-0034487,Trent Sherfield,11.0,13.005808589777542,2.327272727272727,5.7596364021464685,5.285058484227851,25.599999999999998,74.90872859303197,68.73645903164726,39.56363636363636,97.91381883648997,89.84599423187346,SEASON
WR,2023,00-0034521,Allen Lazard,14.0,12.550641557697087,4.292857142857143,10.363415093410087,10.599006919786104,60.099999999999994,130.06750815101788,133.02433671778647,72.97857142857143,176.17805658797147,180.18311763636376,PPG
WR,2023,00-0034521,Allen Lazard,14.0,12.550641557697087,4.292857142857143,10.363415093410087,10.599006919786104,60.099999999999994,130.06750815101788,133.02433671778647,72.97857142857143,176.17805658797147,180.18311763636376,SEASON
WR,2023,00-0034646,Brandon Powell,17.0,13.460975621857997,4.064705882352941,3.782917246858027,3.4248785154285577,69.1,50.92175683946208,46.10220620400902,69.1,64.30959319658646,58.22293476228548,PPG
WR,2023,00-0034646,Brandon Powell,17.0,13.460975621857997,4.064705882352941,3.782917246858027,3.4248785154285577,69.1,50.92175683946208,46.10220620400902,69.1,64.30959319658646,58.22293476228548,SEASON
WR,2023,00-0034764,Michael Gallup,16.0,12.095474525616632,5.487500000000001,6.915225734547331,6.926606975441358,87.80000000000001,83.6429367111058,83.78059822040942,93.28750000000001,117.55883748730463,117.7523185825031,PPG
WR,2023,00-0034764,Michael Gallup,16.0,12.095474525616632,5.487500000000001,6.915225734547331,6.926606975441358,87.80000000000001,83.6429367111058,83.78059822040942,93.28750000000001,117.55883748730463,117.7523185825031,SEASON
WR,2023,00-0034775,Christian Kirk,12.0,13.460975621857997,12.358333333333336,12.391447716919409,12.159986038967583,148.30000000000004,166.8009756369801,163.68527563267622,210.09166666666673,210.65461118762994,206.71976266244891,PPG
WR,2023,00-0034775,Christian Kirk,12.0,13.460975621857997,12.358333333333336,12.391447716919409,12.159986038967583,148.30000000000004,166.8009756369801,163.68527563267622,210.09166666666673,210.65461118762994,206.71976266244891,SEASON
WR,2023,00-0034777,DJ Chark,14.0,10.729973429375267,8.107142857142858,7.718460836452598,8.074660145620927,113.5,82.81887969080998,86.64088881374796,137.82142857142858,131.21383421969418,137.26922247555575,PPG
WR,2023,00-0034777,DJ Chark,14.0,10.729973429375267,8.107142857142858,7.718460836452598,8.074660145620927,113.5,82.81887969080998,86.64088881374796,137.82142857142858,131.21383421969418,137.26922247555575,SEASON
WR,2023,00-0034827,DJ Moore,17.0,13.460975621857997,16.794117647058822,10.75722725447604,10.630713140530842,285.5,144.80277383128842,143.09977042765115,285.5,182.8728633260927,180.72212338902432,PPG
WR,2023,00-0034827,DJ Moore,17.0,13.460975621857997,16.794117647058822,10.75722725447604,10.630713140530842,285.5,144.80277383128842,143.09977042765115,285.5,182.8728633260927,180.72212338902432,SEASON
WR,2023,00-0034854,KhaDarel Hodge,14.0,11.640307493536177,2.585714285714286,4.273364609718611,3.5244758278982737,36.2,49.74327808911985,41.025982390271395,43.95714285714286,72.64719836521638,59.91608907427065,PPG
WR,2023,00-0034854,KhaDarel Hodge,14.0,11.640307493536177,2.585714285714286,4.273364609718611,3.5244758278982737,36.2,49.74327808911985,41.025982390271395,43.95714285714286,72.64719836521638,59.91608907427065,SEASON
WR,2023,00-0034928,Steven Sims,3.0,11.185140461455722,1.866666666666667,3.149782119546475,3.527651633386107,5.6000000000000005,35.23075543010904,39.457279018507315,31.733333333333338,53.54629603229007,59.97007776756382,PPG
WR,2023,00-0034928,Steven Sims,3.0,11.185140461455722,1.866666666666667,3.149782119546475,3.527651633386107,5.6000000000000005,35.23075543010904,39.457279018507315,31.733333333333338,53.54629603229007,59.97007776756382,SEASON
WR,2023,00-0034960,Jakobi Meyers,16.0,12.095474525616632,13.38125,11.037133979039254,11.423934523394376,214.1,133.49937287928702,138.17790901002905,227.48125,187.63127764366732,194.20688689770438,PPG
WR,2023,00-0034960,Jakobi Meyers,16.0,12.095474525616632,13.38125,11.037133979039254,11.423934523394376,214.1,133.49937287928702,138.17790901002905,227.48125,187.63127764366732,194.20688689770438,SEASON
WR,2023,00-0034983,Hunter Renfrow,14.0,10.274806397294812,3.392857142857143,7.323408768238097,7.401390584188151,47.5,75.24660726189772,76.047855323294,57.67857142857143,124.49794906004765,125.82363993119857,PPG
WR,2023,00-0034983,Hunter Renfrow,14.0,10.274806397294812,3.392857142857143,7.323408768238097,7.401390584188151,47.5,75.24660726189772,76.047855323294,57.67857142857143,124.49794906004765,125.82363993119857,SEASON
WR,2023,00-0035140,Mecole Hardman,7.0,9.364472333133902,3.9571428571428573,8.419511759367651,9.499107152399292,27.700000000000003,78.84428492909392,88.95412611811753,67.27142857142857,143.13169990925007,161.48482159078796,PPG
WR,2023,00-0035140,Mecole Hardman,7.0,9.364472333133902,3.9571428571428573,8.419511759367651,9.499107152399292,27.700000000000003,78.84428492909392,88.95412611811753,67.27142857142857,143.13169990925007,161.48482159078796,SEASON
WR,2023,00-0035208,Olamide Zaccheaus,11.0,13.005808589777542,3.490909090909091,7.0104239027943605,7.065545973888871,38.400000000000006,91.1762314129447,91.893138518672,59.34545454545455,119.17720634750413,120.11428155611081,PPG
WR,2023,00-0035208,Olamide Zaccheaus,11.0,13.005808589777542,3.490909090909091,7.0104239027943605,7.065545973888871,38.400000000000006,91.1762314129447,91.893138518672,59.34545454545455,119.17720634750413,120.11428155611081,SEASON
WR,2023,00-0035215,Deonte Harty,16.0,7.543804204812083,2.25,1.2647281871762064,1.9675274498278177,36.0,9.54086181636423,14.842641849094285,38.25,21.50037918199551,33.4479666470729,PPG
WR,2023,00-0035215,Deonte Harty,16.0,7.543804204812083,2.25,1.2647281871762064,1.9675274498278177,36.0,9.54086181636423,14.842641849094285,38.25,21.50037918199551,33.4479666470729,SEASON
WR,2023,00-0035216,Diontae Johnson,13.0,13.460975621857997,11.669230769230769,10.590343521918834,10.211394625581569,151.7,142.5563559756512,137.4553341201253,198.37692307692308,180.0358398726202,173.59370863488667,PPG
WR,2023,00-0035216,Diontae Johnson,13.0,13.460975621857997,11.669230769230769,10.590343521918834,10.211394625581569,151.7,142.5563559756512,137.4553341201253,198.37692307692308,180.0358398726202,173.59370863488667,SEASON
WR,2023,00-0035298,Scott Miller,11.0,11.185140461455722,3.5545454545454547,4.501227446790234,3.9144289464079067,39.1,50.34686124130848,43.78343759196057,60.42727272727273,76.52086659543399,66.54529208893442,PPG
WR,2023,00-0035298,Scott Miller,11.0,11.185140461455722,3.5545454545454547,4.501227446790234,3.9144289464079067,39.1,50.34686124130848,43.78343759196057,60.42727272727273,76.52086659543399,66.54529208893442,SEASON
WR,2023,00-0035341,Trenton Irwin,12.0,9.819639365214357,5.133333333333334,5.621949979935195,6.047492046282569,61.60000000000001,55.20552133223771,59.38419095849704,87.26666666666668,95.57314965889832,102.80736478680367,PPG
WR,2023,00-0035341,Trenton Irwin,12.0,9.819639365214357,5.133333333333334,5.621949979935195,6.047492046282569,61.60000000000001,55.20552133223771,59.38419095849704,87.26666666666668,95.57314965889832,102.80736478680367,SEASON
WR,2023,00-0035399,Stanley Morgan,1.0,9.819639365214357,0.0,1.685697551386299,1.1443594137007378,0.0,16.552942033438352,11.237196746729387,0.0,28.656858373567083,19.454110032912542,PPG
WR,2023,00-0035399,Stanley Morgan,1.0,9.819639365214357,0.0,1.685697551386299,1.1443594137007378,0.0,16.552942033438352,11.237196746729387,0.0,28.656858373567083,19.454110032912542,SEASON
WR,2023,00-0035406,Lil'Jordan Humphrey,11.0,7.543804204812083,4.290909090909091,1.292391163598516,2.062417501428443,47.2,9.749545894216464,15.55847381935392,72.94545454545455,21.97064978117477,35.06109752428353,PPG
WR,2023,00-0035406,Lil'Jordan Humphrey,11.0,7.543804204812083,4.290909090909091,1.292391163598516,2.062417501428443,47.2,9.749545894216464,15.55847381935392,72.94545454545455,21.97064978117477,35.06109752428353,SEASON
WR,2023,00-0035500,Greg Dortch,16.0,13.005808589777542,4.03125,7.730535416831355,6.887194954051712,64.5,100.54186392780476,89.57353929287831,68.53125,131.41910208613302,117.0823142188791,PPG
WR,2023,00-0035500,Greg Dortch,16.0,13.005808589777542,4.03125,7.730535416831355,6.887194954051712,64.5,100.54186392780476,89.57353929287831,68.53125,131.41910208613302,117.0823142188791,SEASON
WR,2023,00-0035527,Andy Isabella,1.0,7.543804204812083,0.0,1.1707105079596831,2.060863509269982,0.0,8.831610852563946,15.546750806774675,0.0,19.902078635314613,35.03467965758969,PPG
WR,2023,00-0035527,Andy Isabella,1.0,7.543804204812083,0.0,1.1707105079596831,2.060863509269982,0.0,8.831610852563946,15.546750806774675,0.0,19.902078635314613,35.03467965758969,SEASON
WR,2023,00-0035535,Darius Slayton,17.0,11.640307493536177,8.882352941176471,8.836067033824564,9.167152747975193,151.0,102.85453730721606,106.70847682664639,151.0,150.2131395750176,155.84159671557828,PPG
WR,2023,00-0035535,Darius Slayton,17.0,11.640307493536177,8.882352941176471,8.836067033824564,9.167152747975193,151.0,102.85453730721606,106.70847682664639,151.0,150.2131395750176,155.84159671557828,SEASON
WR,2023,00-0035593,Juwann Winfree,1.0,7.0886371727316275,0.0,1.6691883598259354,2.031353457717397,0.0,11.832270655753062,14.399527631332464,0.0,28.3762021170409,34.53300878119575,PPG
WR,2023,00-0035593,Juwann Winfree,1.0,7.0886371727316275,0.0,1.6691883598259354,2.031353457717397,0.0,11.832270655753062,14.399527631332464,0.0,28.3762021170409,34.53300878119575,SEASON
WR,2023,00-0035639,Parris Campbell,10.0,13.460975621857997,3.04,8.496936022411747,8.240300349977675,30.4,114.37704865817159,110.9224821278374,51.68,144.4479123809997,140.08510594962047,PPG
WR,2023,00-0035639,Parris Campbell,10.0,13.460975621857997,3.04,8.496936022411747,8.240300349977675,30.4,114.37704865817159,110.9224821278374,51.68,144.4479123809997,140.08510594962047,SEASON
WR,2023,00-0035640,DK Metcalf,16.0,13.460975621857997,14.0875,12.139749720517194,11.750146471802637,225.4,163.4128750433394,158.16843521019607,239.4875,206.3757452487923,199.7524900206448,PPG
WR,2023,00-0035640,DK Metcalf,16.0,13.460975621857997,14.0875,12.139749720517194,11.750146471802637,225.4,163.4128750433394,158.16843521019607,239.4875,206.3757452487923,199.7524900206448,SEASON
WR,2023,00-0035645,Gunner Olszewski,12.0,12.550641557697087,-0.16666666666666666,2.530993165961564,1.984390811128658,-2.0,31.765588010964528,24.905377780863567,-2.833333333333333,43.02688382134659,33.73464378918718,PPG
WR,2023,00-0035645,Gunner Olszewski,12.0,12.550641557697087,-0.16666666666666666,2.530993165961564,1.984390811128658,-2.0,31.765588010964528,24.905377780863567,-2.833333333333333,43.02688382134659,33.73464378918718,SEASON
WR,2023,00-0035659,Terry McLaurin,17.0,13.460975621857997,11.952941176470588,12.10677010720239,11.730571938125394,203.2,162.9689372724905,157.90494288955745,203.2,205.81509182244062,199.4197229481317,PPG
WR,2023,00-0035659,Terry McLaurin,17.0,13.460975621857997,11.952941176470588,12.10677010720239,11.730571938125394,203.2,162.9689372724905,157.90494288955745,203.2,205.81509182244062,199.4197229481317,SEASON
WR,2023,00-0035662,Marquise Brown,13.0,11.185140461455722,10.36153846153846,11.304190261964086,11.527961523041911,134.7,126.43895588308825,128.94186886948083,176.14615384615382,192.17123445338947,195.9753458917125,PPG
WR,2023,00-0035662,Marquise Brown,13.0,11.185140461455722,10.36153846153846,11.304190261964086,11.527961523041911,134.7,126.43895588308825,128.94186886948083,176.14615384615382,192.17123445338947,195.9753458917125,SEASON
WR,2023,00-0035676,A.J. Brown,17.0,13.460975621857997,16.91764705882353,15.298788388284368,14.898864799901455,287.6,205.93661753866007,200.55325586483173,287.6,260.07940260083427,253.28070159832473,PPG
WR,2023,00-0035676,A.J. Brown,17.0,13.460975621857997,16.91764705882353,15.298788388284368,14.898864799901455,287.6,205.93661753866007,200.55325586483173,287.6,260.07940260083427,253.28070159832473,SEASON
WR,2023,00-0035703,Miles Boykin,8.0,10.274806397294812,0.5875,1.6050093859909969,1.417032340955422,4.7,16.491160706898512,14.559732962022412,9.9875,27.285159561846946,24.089549796242174,PPG
WR,2023,00-0035703,Miles Boykin,8.0,10.274806397294812,0.5875,1.6050093859909969,1.417032340955422,4.7,16.491160706898512,14.559732962022412,9.9875,27.285159561846946,24.089549796242174,SEASON
WR,2023,00-0035719,Deebo Samuel Sr.,15.0,11.640307493536177,16.18,10.470515785428411,11.889860400511827,242.7,121.88002335831116,138.40163111717686,275.06,177.99876835228298,202.12762680870105,PPG
WR,2023,00-0035719,Deebo Samuel Sr.,15.0,11.640307493536177,16.18,10.470515785428411,11.889860400511827,242.7,121.88002335831116,138.40163111717686,275.06,177.99876835228298,202.12762680870105,SEASON
WR,2023,00-0035876,Andre Baccellia,1.0,7.998971236892538,0.0,2.536829737233878,3.036065084793365,0.0,20.292028101027444,24.28539728659583,0.0,43.12610553297593,51.613106441487204,PPG
WR,2023,00-0035876,Andre Baccellia,1.0,7.998971236892538,0.0,2.536829737233878,3.036065084793365,0.0,20.292028101027444,24.28539728659583,0.0,43.12610553297593,51.613106441487204,SEASON
WR,2023,00-0036133,James Proche,10.0,10.729973429375267,0.0,2.650564943745756,2.147779316441505,0.0,28.44049141922551,23.045614997579122,0.0,45.05960404367785,36.512248379505586,PPG
WR,2023,00-0036133,James Proche,10.0,10.729973429375267,0.0,2.650564943745756,2.147779316441505,0.0,28.44049141922551,23.045614997579122,0.0,45.05960404367785,36.512248379505586,SEASON
WR,2023,00-0036165,Isaiah Hodgins,14.0,9.819639365214357,4.214285714285714,8.97094707378907,9.86395528942854,59.0,88.0914650290337,96.86048365678687,71.64285714285714,152.50610025441418,167.68723992028518,PPG
WR,2023,00-0036165,Isaiah Hodgins,14.0,9.819639365214357,4.214285714285714,8.97094707378907,9.86395528942854,59.0,88.0914650290337,96.86048365678687,71.64285714285714,152.50610025441418,167.68723992028518,SEASON
WR,2023,00-0036182,Nick Westbrook-Ikhine,13.0,13.005808589777542,6.538461538461538,5.423679777900488,5.349455290445799,85.0,70.53934104362092,69.5739915671109,111.15384615384615,92.2025562243083,90.94073993757858,PPG
WR,2023,00-0036182,Nick Westbrook-Ikhine,13.0,13.005808589777542,6.538461538461538,5.423679777900488,5.349455290445799,85.0,70.53934104362092,69.5739915671109,111.15384615384615,92.2025562243083,90.94073993757858,SEASON
WR,2023,00-0036196,Gabe Davis,16.0,12.550641557697087,10.037500000000001,10.279536680468368,10.108604533875463,160.60000000000002,129.01478025575787,126.86947215318257,170.63750000000002,174.75212356796226,171.84627707588285,PPG
WR,2023,00-0036196,Gabe Davis,16.0,12.550641557697087,10.037500000000001,10.279536680468368,10.108604533875463,160.60000000000002,129.01478025575787,126.86947215318257,170.63750000000002,174.75212356796226,171.84627707588285,SEASON
WR,2023,00-0036233,Donovan Peoples-Jones,14.0,13.460975621857997,2.0357142857142856,8.877337405089282,8.774014337831716,28.5,119.49762239691496,118.10679310738527,34.607142857142854,150.9147358865178,149.15824374313917,PPG
WR,2023,00-0036233,Donovan Peoples-Jones,14.0,13.460975621857997,2.0357142857142856,8.877337405089282,8.774014337831716,28.5,119.49762239691496,118.10679310738527,34.607142857142854,150.9147358865178,149.15824374313917,SEASON
WR,2023,00-0036252,Michael Pittman,16.0,13.005808589777542,15.7,12.393406982321508,12.26663490355083,251.2,161.18627898728604,159.5375055962664,266.9,210.68791869946563,208.5327933603641,PPG
WR,2023,00-0036252,Michael Pittman,16.0,13.005808589777542,15.7,12.393406982321508,12.26663490355083,251.2,161.18627898728604,159.5375055962664,266.9,210.68791869946563,208.5327933603641,SEASON
WR,2023,00-0036259,Jauan Jennings,13.0,13.005808589777542,3.9615384615384612,5.639633260265159,5.436471678582368,51.49999999999999,73.34799069955173,70.70571005538889,67.34615384615384,95.8737654245077,92.42001853590025,PPG
WR,2023,00-0036259,Jauan Jennings,13.0,13.005808589777542,3.9615384615384612,5.639633260265159,5.436471678582368,51.49999999999999,73.34799069955173,70.70571005538889,67.34615384615384,95.8737654245077,92.42001853590025,SEASON
WR,2023,00-0036261,Brandon Aiyuk,16.0,13.460975621857997,15.512500000000001,12.239558728597396,11.690328248906754,248.20000000000002,164.7564016679488,157.3632235700517,263.71250000000003,208.07249838615573,198.73558023141481,PPG
WR,2023,00-0036261,Brandon Aiyuk,16.0,13.460975621857997,15.512500000000001,12.239558728597396,11.690328248906754,248.20000000000002,164.7564016679488,157.3632235700517,263.71250000000003,208.07249838615573,198.73558023141481,SEASON
WR,2023,00-0036268,Laviska Shenault Jr.,8.0,11.640307493536177,2.6875,5.367046695131903,5.647717891324858,21.5,62.47407386350247,65.74117289176708,45.6875,91.23979381724236,96.01120415252258,PPG
WR,2023,00-0036268,Laviska Shenault Jr.,8.0,11.640307493536177,2.6875,5.367046695131903,5.647717891324858,21.5,62.47407386350247,65.74117289176708,45.6875,91.23979381724236,96.01120415252258,SEASON
WR,2023,00-0036271,Quez Watkins,5.0,13.460975621857997,7.04,5.368628531117633,5.18190035090444,35.2,72.26697778018577,69.75343429842208,119.68,91.26668502899976,88.09230596537549,PPG
WR,2023,00-0036271,Quez Watkins,5.0,13.460975621857997,7.04,5.368628531117633,5.18190035090444,35.2,72.26697778018577,69.75343429842208,119.68,91.26668502899976,88.09230596537549,SEASON
WR,2023,00-0036309,Darnell Mooney,14.0,10.729973429375267,5.635714285714285,8.23438781137667,8.874837523250704,78.89999999999999,88.35476242324323,95.22677081450266,95.80714285714285,139.9845927934034,150.87223789526197,PPG
WR,2023,00-0036309,Darnell Mooney,14.0,10.729973429375267,5.635714285714285,8.23438781137667,8.874837523250704,78.89999999999999,88.35476242324323,95.22677081450266,95.80714285714285,139.9845927934034,150.87223789526197,SEASON
WR,2023,00-0036322,Justin Jefferson,10.0,13.460975621857997,20.240000000000002,17.718940817141753,17.89947028643208,202.40000000000003,238.51423038468977,240.9443331698338,344.08000000000004,301.2219938914098,304.29099486934535,PPG
WR,2023,00-0036322,Justin Jefferson,10.0,13.460975621857997,20.240000000000002,17.718940817141753,17.89947028643208,202.40000000000003,238.51423038468977,240.9443331698338,344.08000000000004,301.2219938914098,304.29099486934535,SEASON
WR,2023,00-0036326,Chase Claypool,11.0,12.550641557697087,1.9727272727272727,7.630517162134803,6.925868610492021,21.7,95.7678858018099,86.92409440599094,33.53636363636363,129.71879175629164,117.73976637836435,PPG
WR,2023,00-0036326,Chase Claypool,11.0,12.550641557697087,1.9727272727272727,7.630517162134803,6.925868610492021,21.7,95.7678858018099,86.92409440599094,33.53636363636363,129.71879175629164,117.73976637836435,SEASON
WR,2023,00-0036331,Devin Duvernay,13.0,12.095474525616632,0.5615384615384615,6.595207216289922,7.11268854434552,7.3,79.77216087579774,86.03134309677648,9.546153846153846,112.11852267692868,120.91570525387384,PPG
WR,2023,00-0036331,Devin Duvernay,13.0,12.095474525616632,0.5615384615384615,6.595207216289922,7.11268854434552,7.3,79.77216087579774,86.03134309677648,9.546153846153846,112.11852267692868,120.91570525387384,SEASON
WR,2023,00-0036345,K.J. Osborn,15.0,13.460975621857997,7.933333333333334,8.587416073610598,8.336199832961528,119.0,115.59499842162379,112.21338273043183,134.86666666666667,145.98607325138016,141.715397160346,PPG
WR,2023,00-0036345,K.J. Osborn,15.0,13.460975621857997,7.933333333333334,8.587416073610598,8.336199832961528,119.0,115.59499842162379,112.21338273043183,134.86666666666667,145.98607325138016,141.715397160346,SEASON
WR,2023,00-0036358,CeeDee Lamb,17.0,13.460975621857997,23.541176470588237,15.31093087416163,14.92366310572612,400.20000000000005,206.10006724504265,200.88706525500092,400.20000000000005,260.2858248607477,253.70227279734405,PPG
WR,2023,00-0036358,CeeDee Lamb,17.0,13.460975621857997,23.541176470588237,15.31093087416163,14.92366310572612,400.20000000000005,206.10006724504265,200.88706525500092,400.20000000000005,260.2858248607477,253.70227279734405,SEASON
WR,2023,00-0036387,Jalen Reagor,9.0,13.460975621857997,2.5,3.0381258065289085,2.346455617616809,22.5,40.896137417823304,31.585581866511617,42.5,51.64813871099145,39.889745499485755,PPG
WR,2023,00-0036387,Jalen Reagor,9.0,13.460975621857997,2.5,3.0381258065289085,2.346455617616809,22.5,40.896137417823304,31.585581866511617,42.5,51.64813871099145,39.889745499485755,SEASON
WR,2023,00-0036407,Jerry Jeudy,16.0,12.550641557697087,8.8,12.398930050697292,12.179952744447085,140.8,155.61452676526068,152.8662210852443,149.60000000000002,210.78181086185396,207.05919665560046,PPG
WR,2023,00-0036407,Jerry Jeudy,16.0,12.550641557697087,8.8,12.398930050697292,12.179952744447085,140.8,155.61452676526068,152.8662210852443,149.60000000000002,210.78181086185396,207.05919665560046,SEASON
WR,2023,00-0036410,Tee Higgins,12.0,12.095474525616632,11.466666666666667,13.133322582715369,13.134357422152835,137.6,158.85376873593938,158.86628560999335,194.93333333333334,223.26648390616128,223.2840761765982,PPG
WR,2023,00-0036410,Tee Higgins,12.0,12.095474525616632,11.466666666666667,13.133322582715369,13.134357422152835,137.6,158.85376873593938,158.86628560999335,194.93333333333334,223.26648390616128,223.2840761765982,SEASON
WR,2023,00-0036415,Van Jefferson,14.0,10.274806397294812,2.95,6.89426607456031,7.308233164153666,41.300000000000004,70.83724916754487,75.09068086796819,50.150000000000006,117.20252326752527,124.23996379061232,PPG
WR,2023,00-0036415,Van Jefferson,14.0,10.274806397294812,2.95,6.89426607456031,7.308233164153666,41.300000000000004,70.83724916754487,75.09068086796819,50.150000000000006,117.20252326752527,124.23996379061232,SEASON
WR,2023,00-0036482,Mike Strachan,2.0,7.998971236892538,2.75,2.50390255182477,2.697771368610824,5.5,20.02864449202816,21.579395581230198,46.75,42.56634338102109,45.86211326638401,PPG
WR,2023,00-0036482,Mike Strachan,2.0,7.998971236892538,2.75,2.50390255182477,2.697771368610824,5.5,20.02864449202816,21.579395581230198,46.75,42.56634338102109,45.86211326638401,SEASON
WR,2023,00-0036497,Tim Jones,10.0,8.909305301053447,1.9300000000000002,1.7140698477912135,1.8790597865989467,19.3,15.271171581302134,16.741117317742354,32.81,29.13918741245063,31.944016372182094,PPG
WR,2023,00-0036497,Tim Jones,10.0,8.909305301053447,1.9300000000000002,1.7140698477912135,1.8790597865989467,19.3,15.271171581302134,16.741117317742354,32.81,29.13918741245063,31.944016372182094,SEASON
WR,2023,00-0036527,DJ Turner,7.0,7.998971236892538,0.0,1.691394339461929,1.5853784700145797,0.0,13.529414671598824,12.681396781235321,0.0,28.753703770852795,26.951433990247853,PPG
WR,2023,00-0036527,DJ Turner,7.0,7.998971236892538,0.0,1.691394339461929,1.5853784700145797,0.0,13.529414671598824,12.681396781235321,0.0,28.753703770852795,26.951433990247853,SEASON
WR,2023,00-0036550,Rashod Bateman,15.0,8.454138268972994,5.1000000000000005,7.774284591307509,8.499979548852142,76.50000000000001,65.72487687725989,71.86000238943869,86.7,132.16283805222767,144.4996523304864,PPG
WR,2023,00-0036550,Rashod Bateman,15.0,8.454138268972994,5.1000000000000005,7.774284591307509,8.499979548852142,76.50000000000001,65.72487687725989,71.86000238943869,86.7,132.16283805222767,144.4996523304864,SEASON
WR,2023,00-0036554,Nico Collins,15.0,10.274806397294812,17.293333333333333,8.79263697785344,8.979467417165573,259.4,90.34264266913945,92.26228926219315,293.9866666666667,149.4748286235085,152.65094609181475,PPG
WR,2023,00-0036554,Nico Collins,15.0,10.274806397294812,17.293333333333333,8.79263697785344,8.979467417165573,259.4,90.34264266913945,92.26228926219315,293.9866666666667,149.4748286235085,152.65094609181475,SEASON
WR,2023,00-0036613,Jaylen Waddle,14.0,13.460975621857997,14.185714285714287,13.507512840461413,12.94675552235857,198.60000000000002,181.82430105738496,174.2759604686241,241.15714285714287,229.627718287844,220.09484388009568,PPG
WR,2023,00-0036613,Jaylen Waddle,14.0,13.460975621857997,14.185714285714287,13.507512840461413,12.94675552235857,198.60000000000002,181.82430105738496,174.2759604686241,241.15714285714287,229.627718287844,220.09484388009568,SEASON
WR,2023,00-0036620,Dee Eskridge,4.0,9.819639365214357,0.125,2.3557656126864845,2.4268093830839317,0.5,23.13276874555452,23.830392950002544,2.125,40.048015415670235,41.25575951242684,PPG
WR,2023,00-0036620,Dee Eskridge,4.0,9.819639365214357,0.125,2.3557656126864845,2.4268093830839317,0.5,23.13276874555452,23.830392950002544,2.125,40.048015415670235,41.25575951242684,SEASON
WR,2023,00-0036626,Dyami Brown,16.0,9.819639365214357,2.175,3.9723184729521694,3.8708201827519866,34.8,39.0067348481693,38.01005824221764,36.974999999999994,67.52941404018688,65.80394310678378,PPG
WR,2023,00-0036626,Dyami Brown,16.0,9.819639365214357,2.175,3.9723184729521694,3.8708201827519866,34.8,39.0067348481693,38.01005824221764,36.974999999999994,67.52941404018688,65.80394310678378,SEASON
WR,2023,00-0036630,Tylan Wallace,6.0,7.998971236892538,0.35,2.1114839715388003,2.4199934224168467,2.0999999999999996,16.889699555498485,19.35745777938149,5.949999999999999,35.89522751615961,41.13988818108639,PPG
WR,2023,00-0036630,Tylan Wallace,6.0,7.998971236892538,0.35,2.1114839715388003,2.4199934224168467,2.0999999999999996,16.889699555498485,19.35745777938149,5.949999999999999,35.89522751615961,41.13988818108639,SEASON
WR,2023,00-0036635,Ihmir Smith-Marsette,17.0,7.543804204812083,1.5588235294117647,1.1857744911034838,1.6218522178459265,26.5,8.945250591945369,12.234935580569902,26.5,20.158166348759224,27.57148770338075,PPG
WR,2023,00-0036635,Ihmir Smith-Marsette,17.0,7.543804204812083,1.5588235294117647,1.1857744911034838,1.6218522178459265,26.5,8.945250591945369,12.234935580569902,26.5,20.158166348759224,27.57148770338075,SEASON
WR,2023,00-0036646,Simi Fehoko,2.0,7.0886371727316275,3.95,2.0894090612324416,2.621888194835749,7.9,14.81106274049458,18.585614120658914,67.15,35.51995404095151,44.57209931220773,PPG
WR,2023,00-0036646,Simi Fehoko,2.0,7.0886371727316275,3.95,2.0894090612324416,2.621888194835749,7.9,14.81106274049458,18.585614120658914,67.15,35.51995404095151,44.57209931220773,SEASON
WR,2023,00-0036849,Tutu Atwell,14.0,11.185140461455722,7.885714285714285,4.556225346834914,5.805327062375156,110.39999999999999,50.96202047839333,64.93339861735625,134.05714285714285,77.45583089619353,98.69056006037765,PPG
WR,2023,00-0036849,Tutu Atwell,14.0,11.185140461455722,7.885714285714285,4.556225346834914,5.805327062375156,110.39999999999999,50.96202047839333,64.93339861735625,134.05714285714285,77.45583089619353,98.69056006037765,SEASON
WR,2023,00-0036862,Ben Skowronek,13.0,12.095474525616632,1.653846153846154,4.424961074163737,6.2252114420028635,21.5,53.52200394939269,75.29688641332281,28.115384615384617,75.22433826078353,105.82859451404867,PPG
WR,2023,00-0036862,Ben Skowronek,13.0,12.095474525616632,1.653846153846154,4.424961074163737,6.2252114420028635,21.5,53.52200394939269,75.29688641332281,28.115384615384617,75.22433826078353,105.82859451404867,SEASON
WR,2023,00-0036877,Jaelon Darden,1.0,12.095474525616632,0.0,2.0455743717442854,1.4037104491495884,0.0,24.74219270368725,16.97854397903073,0.0,34.77476431965285,23.863077635543004,PPG
WR,2023,00-0036877,Jaelon Darden,1.0,12.095474525616632,0.0,2.0455743717442854,1.4037104491495884,0.0,24.74219270368725,16.97854397903073,0.0,34.77476431965285,23.863077635543004,SEASON
WR,2023,00-0036900,Ja'Marr Chase,16.0,11.185140461455722,16.4125,16.619143098287964,16.87686936761486,262.6,185.88744990338333,188.7701544264116,279.01250000000005,282.5254326708954,286.9067792494526,PPG
WR,2023,00-0036900,Ja'Marr Chase,16.0,11.185140461455722,16.4125,16.619143098287964,16.87686936761486,262.6,185.88744990338333,188.7701544264116,279.01250000000005,282.5254326708954,286.9067792494526,SEASON
WR,2023,00-0036912,DeVonta Smith,16.0,13.460975621857997,14.162500000000001,13.485726577575093,13.348957887084609,226.60000000000002,181.5310367037808,179.68999669525496,240.76250000000002,229.25735181877658,226.93228408043836,PPG
WR,2023,00-0036912,DeVonta Smith,16.0,13.460975621857997,14.162500000000001,13.485726577575093,13.348957887084609,226.60000000000002,181.5310367037808,179.68999669525496,240.76250000000002,229.25735181877658,226.93228408043836,SEASON
WR,2023,00-0036913,Kadarius Toney,13.0,9.819639365214357,4.000000000000001,5.221186796068358,6.140701179618372,52.000000000000014,51.27017139581027,60.2994710333988,68.00000000000001,88.76017553316208,104.39192005351232,PPG
WR,2023,00-0036913,Kadarius Toney,13.0,9.819639365214357,4.000000000000001,5.221186796068358,6.140701179618372,52.000000000000014,51.27017139581027,60.2994710333988,68.00000000000001,88.76017553316208,104.39192005351232,SEASON
WR,2023,00-0036936,Rondale Moore,17.0,9.364472333133902,6.11764705882353,9.258439826196176,10.037359654894777,104.00000000000001,86.70040360039914,93.99457678597659,104.00000000000001,157.39347704533498,170.6351141332112,PPG
WR,2023,00-0036936,Rondale Moore,17.0,9.364472333133902,6.11764705882353,9.258439826196176,10.037359654894777,104.00000000000001,86.70040360039914,93.99457678597659,104.00000000000001,157.39347704533498,170.6351141332112,SEASON
WR,2023,00-0036955,Terrace Marshall Jr.,8.0,11.640307493536177,3.9875,6.581579061595374,6.266833833547454,31.9,76.61160406998943,72.94787283338847,67.7875,111.88684404712136,106.53617517030672,PPG
WR,2023,00-0036955,Terrace Marshall Jr.,8.0,11.640307493536177,3.9875,6.581579061595374,6.266833833547454,31.9,76.61160406998943,72.94787283338847,67.7875,111.88684404712136,106.53617517030672,SEASON
WR,2023,00-0036959,Michael Bandy,1.0,9.364472333133902,0.0,2.935268201217656,3.143638596990699,0.0,27.487237860630454,29.438516666891275,0.0,49.89955942070015,53.44185614884188,PPG
WR,2023,00-0036959,Michael Bandy,1.0,9.364472333133902,0.0,2.935268201217656,3.143638596990699,0.0,27.487237860630454,29.438516666891275,0.0,49.89955942070015,53.44185614884188,SEASON
WR,2023,00-0036963,Amon-Ra St. Brown,16.0,13.005808589777542,20.61875,14.742782712089907,14.410363344159434,329.9,191.74181003412278,187.4184273632842,350.51874999999995,250.62730610552842,244.97617685071037,PPG
WR,2023,00-0036963,Amon-Ra St. Brown,16.0,13.005808589777542,20.61875,14.742782712089907,14.410363344159434,329.9,191.74181003412278,187.4184273632842,350.51874999999995,250.62730610552842,244.97617685071037,SEASON
WR,2023,00-0036980,Elijah Moore,16.0,12.095474525616632,8.13125,6.289969323169241,6.324778502728232,130.1,76.08016371530364,76.50119725991703,138.23125,106.9294784938771,107.52123454637994,PPG
WR,2023,00-0036980,Elijah Moore,16.0,12.095474525616632,8.13125,6.289969323169241,6.324778502728232,130.1,76.08016371530364,76.50119725991703,138.23125,106.9294784938771,107.52123454637994,SEASON
WR,2023,00-0036988,Josh Palmer,10.0,13.005808589777542,10.57,9.608659004133164,9.189356856328422,105.7,124.96837981219844,119.51501633656734,179.69,163.3472030702638,156.21906655758318,PPG
WR,2023,00-0036988,Josh Palmer,10.0,13.005808589777542,10.57,9.608659004133164,9.189356856328422,105.7,124.96837981219844,119.51501633656734,179.69,163.3472030702638,156.21906655758318,SEASON
WR,2023,00-0036991,Amari Rodgers,1.0,12.550641557697087,0.0,3.752679510781514,3.6528226509657307,0.0,47.098535420732844,45.84526776610774,0.0,63.79555168328574,62.09798506641742,PPG
WR,2023,00-0036991,Amari Rodgers,1.0,12.550641557697087,0.0,3.752679510781514,3.6528226509657307,0.0,47.098535420732844,45.84526776610774,0.0,63.79555168328574,62.09798506641742,SEASON
WR,2023,00-0037093,Dareke Young,1.0,8.454138268972994,0.0,1.345815749253569,1.6953094828981257,0.0,11.37771242875116,14.33238077712186,0.0,22.87886773731067,28.820261209268136,PPG
WR,2023,00-0037093,Dareke Young,1.0,8.454138268972994,0.0,1.345815749253569,1.6953094828981257,0.0,11.37771242875116,14.33238077712186,0.0,22.87886773731067,28.820261209268136,SEASON
WR,2023,00-0037098,Samori Toure,8.0,7.543804204812083,2.225,3.916659845152372,4.834061142209839,17.8,29.546515008679105,36.46721077092128,37.825,66.58321736759032,82.17903941756725,PPG
WR,2023,00-0037098,Samori Toure,8.0,7.543804204812083,2.225,3.916659845152372,4.834061142209839,17.8,29.546515008679105,36.46721077092128,37.825,66.58321736759032,82.17903941756725,SEASON
WR,2023,00-0037132,Britain Covey,15.0,13.460975621857997,0.5466666666666666,2.3032680204250267,1.1443594137007378,8.2,31.004234673546414,15.404194170469342,9.293333333333333,39.155556347225456,19.454110032912542,PPG
WR,2023,00-0037132,Britain Covey,15.0,13.460975621857997,0.5466666666666666,2.3032680204250267,1.1443594137007378,8.2,31.004234673546414,15.404194170469342,9.293333333333333,39.155556347225456,19.454110032912542,SEASON
WR,2023,00-0037238,Drake London,16.0,13.460975621857997,10.84375,10.521702269209452,10.333677008112232,173.5,141.6323777462764,139.10137429035325,184.34375,178.86893857656068,175.67250913790795,PPG
WR,2023,00-0037238,Drake London,16.0,13.460975621857997,10.84375,10.521702269209452,10.333677008112232,173.5,141.6323777462764,139.10137429035325,184.34375,178.86893857656068,175.67250913790795,SEASON
WR,2023,00-0037239,Chris Olave,16.0,12.550641557697087,14.45625,12.449264877133313,11.737016368887108,231.3,156.24626112972808,147.3070854027255,245.75625000000002,211.63750291126632,199.52927827108084,PPG
WR,2023,00-0037239,Chris Olave,16.0,12.550641557697087,14.45625,12.449264877133313,11.737016368887108,231.3,156.24626112972808,147.3070854027255,245.75625000000002,211.63750291126632,199.52927827108084,SEASON
WR,2023,00-0037240,Jameson Williams,12.0,8.454138268972994,6.608333333333333,3.7266634603982407,3.137785323622867,79.3,31.50572817613609,26.52727098426189,112.34166666666667,63.353278826770094,53.34235050158874,PPG
WR,2023,00-0037240,Jameson Williams,12.0,8.454138268972994,6.608333333333333,3.7266634603982407,3.137785323622867,79.3,31.50572817613609,26.52727098426189,112.34166666666667,63.353278826770094,53.34235050158874,SEASON
WR,2023,00-0037247,George Pickens,17.0,13.460975621857997,12.105882352941178,8.869471640751714,8.78245458553748,205.8,119.39174153491967,118.220407075995,205.8,150.78101789277915,149.30172795413716,PPG
WR,2023,00-0037247,George Pickens,17.0,13.460975621857997,12.105882352941178,8.869471640751714,8.78245458553748,205.8,119.39174153491967,118.220407075995,205.8,150.78101789277915,149.30172795413716,SEASON
WR,2023,00-0037257,David Bell,9.0,12.550641557697087,5.411111111111111,3.9244203547425633,3.576128253300707,48.7,49.25399319410436,44.882703871530545,91.9888888888889,66.71514603062357,60.79418030611202,PPG
WR,2023,00-0037257,David Bell,9.0,12.550641557697087,5.411111111111111,3.9244203547425633,3.576128253300707,48.7,49.25399319410436,44.882703871530545,91.9888888888889,66.71514603062357,60.79418030611202,SEASON
WR,2023,00-0037261,Khalil Shakir,16.0,10.274806397294812,7.06875,3.7498897578971015,3.683629268525031,113.1,38.529391273591436,37.8485775735034,120.16874999999999,63.748125884250726,62.621697564925526,PPG
WR,2023,00-0037261,Khalil Shakir,16.0,10.274806397294812,7.06875,3.7498897578971015,3.683629268525031,113.1,38.529391273591436,37.8485775735034,120.16874999999999,63.748125884250726,62.621697564925526,SEASON
WR,2023,00-0037272,Montrell Washington,4.0,12.550641557697087,0.0,2.117462213724666,1.6410340082615122,0.0,26.575509256426066,20.59602962168116,0.0,35.99685763331932,27.89757814044571,PPG
WR,2023,00-0037272,Montrell Washington,4.0,12.550641557697087,0.0,2.117462213724666,1.6410340082615122,0.0,26.575509256426066,20.59602962168116,0.0,35.99685763331932,27.89757814044571,SEASON
WR,2023,00-0037273,Kyle Philips,8.0,7.543804204812083,4.1375,4.0439518180898055,4.560019609846143,33.1,30.506780729363342,34.399895106782886,70.3375,68.7471809075267,77.52033336738442,PPG
WR,2023,00-0037273,Kyle Philips,8.0,7.543804204812083,4.1375,4.0439518180898055,4.560019609846143,33.1,30.506780729363342,34.399895106782886,70.3375,68.7471809075267,77.52033336738442,SEASON
WR,2023,00-0037291,Jalen Nailor,3.0,9.364472333133902,1.9666666666666668,4.179219206061683,4.2299438657469794,5.9,39.136182629266465,39.611192301497056,33.43333333333334,71.04672650304862,71.90904571769865,PPG
WR,2023,00-0037291,Jalen Nailor,3.0,9.364472333133902,1.9666666666666668,4.179219206061683,4.2299438657469794,5.9,39.136182629266465,39.611192301497056,33.43333333333334,71.04672650304862,71.90904571769865,SEASON
WR,2023,00-0037382,Brandon Johnson,10.0,7.998971236892538,7.34,2.774730875824392,3.649012616871239,73.4,22.19499246583695,29.18834696541101,124.78,47.17042488901466,62.03321448681106,PPG
WR,2023,00-0037382,Brandon Johnson,10.0,7.998971236892538,7.34,2.774730875824392,3.649012616871239,73.4,22.19499246583695,29.18834696541101,124.78,47.17042488901466,62.03321448681106,SEASON
WR,2023,00-0037487,Deven Thompkins,17.0,7.998971236892538,1.9941176470588238,2.7133516278815737,2.823835700979541,33.900000000000006,21.70402162700025,22.587780549845625,33.900000000000006,46.12697767398675,48.0052069166522,PPG
WR,2023,00-0037487,Deven Thompkins,17.0,7.998971236892538,1.9941176470588238,2.7133516278815737,2.823835700979541,33.900000000000006,21.70402162700025,22.587780549845625,33.900000000000006,46.12697767398675,48.0052069166522,SEASON
WR,2023,00-0037545,Rashid Shaheed,15.0,11.185140461455722,10.106666666666666,7.209280941043759,8.165732796718828,151.6,80.63681995167013,91.33486830201576,171.8133333333333,122.5577759977439,138.81745754422008,PPG
WR,2023,00-0037545,Rashid Shaheed,15.0,11.185140461455722,10.106666666666666,7.209280941043759,8.165732796718828,151.6,80.63681995167013,91.33486830201576,171.8133333333333,122.5577759977439,138.81745754422008,SEASON
WR,2023,00-0037664,Alec Pierce,17.0,13.005808589777542,5.6117647058823525,7.167992360254706,6.965991377677396,95.39999999999999,93.22553661046045,90.59835049611297,95.39999999999999,121.85587012433,118.42185342051573,PPG
WR,2023,00-0037664,Alec Pierce,17.0,13.005808589777542,5.6117647058823525,7.167992360254706,6.965991377677396,95.39999999999999,93.22553661046045,90.59835049611297,95.39999999999999,121.85587012433,118.42185342051573,SEASON
WR,2023,00-0037666,Jalen Tolbert,14.0,7.0886371727316275,4.3428571428571425,1.349517976698452,2.057775825180014,60.8,9.566243294894221,14.586826207519547,73.82857142857142,22.941805603873682,34.98218902806024,PPG
WR,2023,00-0037666,Jalen Tolbert,14.0,7.0886371727316275,4.3428571428571425,1.349517976698452,2.057775825180014,60.8,9.566243294894221,14.586826207519547,73.82857142857142,22.941805603873682,34.98218902806024,SEASON
WR,2023,00-0037740,Garrett Wilson,17.0,13.460975621857997,12.423529411764706,11.8749991316452,11.486903245765896,211.20000000000002,159.84907382066092,154.62492456189625,211.20000000000002,201.87498523796842,195.27735517802023,PPG
WR,2023,00-0037740,Garrett Wilson,17.0,13.460975621857997,12.423529411764706,11.8749991316452,11.486903245765896,211.20000000000002,159.84907382066092,154.62492456189625,211.20000000000002,201.87498523796842,195.27735517802023,SEASON
WR,2023,00-0037741,Jahan Dotson,17.0,11.185140461455722,7.341176470588235,8.950668066808744,9.618343631413566,124.8,100.11447955112214,107.58252452390884,124.8,152.16135713574863,163.5118417340306,PPG
WR,2023,00-0037741,Jahan Dotson,17.0,11.185140461455722,7.341176470588235,8.950668066808744,9.618343631413566,124.8,100.11447955112214,107.58252452390884,124.8,152.16135713574863,163.5118417340306,SEASON
WR,2023,00-0037742,Treylon Burks,9.0,10.729973429375267,4.433333333333334,7.582576809159512,7.605755971208993,39.900000000000006,81.36084768847866,81.60955948138476,75.36666666666667,128.90380575571172,129.29785151055287,PPG
WR,2023,00-0037742,Treylon Burks,9.0,10.729973429375267,4.433333333333334,7.582576809159512,7.605755971208993,39.900000000000006,81.36084768847866,81.60955948138476,75.36666666666667,128.90380575571172,129.29785151055287,SEASON
WR,2023,00-0037745,Velus Jones Jr.,13.0,10.729973429375267,0.8538461538461539,3.3958643743995154,3.9854404287688676,11.100000000000001,36.43753450706886,42.76366990504792,14.515384615384617,57.72969436479176,67.75248728907074,PPG
WR,2023,00-0037745,Velus Jones Jr.,13.0,10.729973429375267,0.8538461538461539,3.3958643743995154,3.9854404287688676,11.100000000000001,36.43753450706886,42.76366990504792,14.515384615384617,57.72969436479176,67.75248728907074,SEASON
WR,2023,00-0037801,KaVontae Turpin,16.0,13.460975621857997,3.66875,2.1638325983088906,1.3126459606136336,58.7,29.127297855617627,17.669495275950496,62.368750000000006,36.78515417125114,22.31498133043177,PPG
WR,2023,00-0037801,KaVontae Turpin,16.0,13.460975621857997,3.66875,2.1638325983088906,1.3126459606136336,58.7,29.127297855617627,17.669495275950496,62.368750000000006,36.78515417125114,22.31498133043177,SEASON
WR,2023,00-0037816,Romeo Doubs,17.0,11.640307493536177,10.2,7.735188035460385,7.11670641973998,173.39999999999998,90.0399672530809,82.84065106699632,173.39999999999998,131.49819660282654,120.98400913557967,PPG
WR,2023,00-0037816,Romeo Doubs,17.0,11.640307493536177,10.2,7.735188035460385,7.11670641973998,173.39999999999998,90.0399672530809,82.84065106699632,173.39999999999998,131.49819660282654,120.98400913557967,SEASON
WR,2023,00-0038090,Skyy Moore,13.0,13.005808589777542,4.130769230769231,4.215875714562361,3.5557358792589073,53.7,54.830872581889686,46.2452202414457,70.22307692307693,71.66988714756013,60.44750994740142,PPG
WR,2023,00-0038090,Skyy Moore,13.0,13.005808589777542,4.130769230769231,4.215875714562361,3.5557358792589073,53.7,54.830872581889686,46.2452202414457,70.22307692307693,71.66988714756013,60.44750994740142,SEASON
WR,2023,00-0038104,Tyquan Thornton,9.0,11.185140461455722,3.0222222222222226,4.806928883606797,5.846298133833927,27.200000000000003,53.76617475137056,65.39166580647894,51.37777777777779,81.71779102131555,99.38706827517676,PPG
WR,2023,00-0038104,Tyquan Thornton,9.0,11.185140461455722,3.0222222222222226,4.806928883606797,5.846298133833927,27.200000000000003,53.76617475137056,65.39166580647894,51.37777777777779,81.71779102131555,99.38706827517676,SEASON
WR,2023,00-0038117,Wan'Dale Robinson,15.0,8.454138268972994,8.88,7.393806435056671,8.317175103250149,133.20000000000002,62.508261935991385,70.31454833013649,150.96,125.69470939596341,141.39197675525253,PPG
WR,2023,00-0038117,Wan'Dale Robinson,15.0,8.454138268972994,8.88,7.393806435056671,8.317175103250149,133.20000000000002,62.508261935991385,70.31454833013649,150.96,125.69470939596341,141.39197675525253,SEASON
WR,2023,00-0038124,Christian Watson,9.0,12.095474525616632,11.255555555555555,9.41920166208839,10.164570604237218,101.3,113.92971375543597,122.94530480738293,191.34444444444443,160.12642825550265,172.7977002720327,PPG
WR,2023,00-0038124,Christian Watson,9.0,12.095474525616632,11.255555555555555,9.41920166208839,10.164570604237218,101.3,113.92971375543597,122.94530480738293,191.34444444444443,160.12642825550265,172.7977002720327,SEASON
WR,2024,00-0030035,Adam Thielen,10.0,13.55116824453052,13.95,12.283784081884903,11.934841150212518,139.5,166.4596247731082,161.731040398276,237.14999999999998,208.82432939204335,202.89229955361282,PPG
WR,2024,00-0030035,Adam Thielen,10.0,13.55116824453052,13.95,12.283784081884903,11.934841150212518,139.5,166.4596247731082,161.731040398276,237.14999999999998,208.82432939204335,202.89229955361282,SEASON
WR,2024,00-0030279,Keenan Allen,15.0,11.749530331303522,12.360000000000001,17.994755326906184,18.19062226707317,185.4,211.4299235178698,213.73126807226143,210.12000000000003,305.9108405574051,309.2405785402439,PPG
WR,2024,00-0030279,Keenan Allen,15.0,11.749530331303522,12.360000000000001,17.994755326906184,18.19062226707317,185.4,211.4299235178698,213.73126807226143,210.12000000000003,305.9108405574051,309.2405785402439,SEASON
WR,2024,00-0030431,Robert Woods,14.0,12.199939809610271,2.5214285714285714,6.116037172020041,6.084139693885115,35.3,74.61528537198352,74.22613805865906,42.864285714285714,103.9726319243407,103.43037479604696,PPG
WR,2024,00-0030431,Robert Woods,14.0,12.199939809610271,2.5214285714285714,6.116037172020041,6.084139693885115,35.3,74.61528537198352,74.22613805865906,42.864285714285714,103.9726319243407,103.43037479604696,SEASON
WR,2024,00-0030564,DeAndre Hopkins,16.0,13.55116824453052,9.1875,12.484027137061807,11.690125991628582,147.0,169.17315210360923,158.4148641123181,156.1875,212.22846133005072,198.7321418576859,PPG
WR,2024,00-0030564,DeAndre Hopkins,16.0,13.55116824453052,9.1875,12.484027137061807,11.690125991628582,147.0,169.17315210360923,158.4148641123181,156.1875,212.22846133005072,198.7321418576859,SEASON
WR,2024,00-0031235,Odell Beckham Jr.,8.0,12.199939809610271,1.8125,7.565201795108639,7.219510396110188,14.5,92.29500654788097,88.0775922873999,30.8125,128.60843051684688,122.7316767338732,PPG
WR,2024,00-0031235,Odell Beckham Jr.,8.0,12.199939809610271,1.8125,7.565201795108639,7.219510396110188,14.5,92.29500654788097,88.0775922873999,30.8125,128.60843051684688,122.7316767338732,SEASON
WR,2024,00-0031236,Brandin Cooks,10.0,13.100758766223771,6.99,9.281706041588171,9.128616171560056,69.9,121.59739178984837,119.59179833305748,118.83,157.7890027069989,155.18647491652095,PPG
WR,2024,00-0031236,Brandin Cooks,10.0,13.100758766223771,6.99,9.281706041588171,9.128616171560056,69.9,121.59739178984837,119.59179833305748,118.83,157.7890027069989,155.18647491652095,SEASON
WR,2024,00-0031381,Davante Adams,14.0,13.55116824453052,17.235714285714288,14.376082557977677,13.737589193516166,241.3,194.8127134404162,186.16038243558194,293.00714285714287,244.3934034856205,233.53901628977482,PPG
WR,2024,00-0031381,Davante Adams,14.0,13.55116824453052,17.235714285714288,14.376082557977677,13.737589193516166,241.3,194.8127134404162,186.16038243558194,293.00714285714287,244.3934034856205,233.53901628977482,SEASON
WR,2024,00-0031408,Mike Evans,14.0,13.55116824453052,17.17142857142857,14.481272118572779,13.753986731253644,240.39999999999998,196.23815487360866,186.38258822825853,291.9142857142857,246.18162601573724,233.81777443131193,PPG
WR,2024,00-0031408,Mike Evans,14.0,13.55116824453052,17.17142857142857,14.481272118572779,13.753986731253644,240.39999999999998,196.23815487360866,186.38258822825853,291.9142857142857,246.18162601573724,233.81777443131193,SEASON
WR,2024,00-0031428,Allen Robinson,6.0,12.65034928791702,1.0,4.599213787849513,4.45842312114806,6.0,58.18166086610023,56.400609755848144,17.0,78.18663439344172,75.79319305951702,PPG
WR,2024,00-0031428,Allen Robinson,6.0,12.65034928791702,1.0,4.599213787849513,4.45842312114806,6.0,58.18166086610023,56.400609755848144,17.0,78.18663439344172,75.79319305951702,SEASON
WR,2024,00-0031544,Amari Cooper,13.0,12.65034928791702,9.438461538461539,13.948265677069308,13.126830879155428,122.7,176.45043277559114,166.05899566473101,160.45384615384614,237.12051651017825,223.15612494564226,PPG
WR,2024,00-0031544,Amari Cooper,13.0,12.65034928791702,9.438461538461539,13.948265677069308,13.126830879155428,122.7,176.45043277559114,166.05899566473101,160.45384615384614,237.12051651017825,223.15612494564226,SEASON
WR,2024,00-0031549,Nelson Agholor,13.0,13.100758766223771,3.776923076923077,5.525901964229436,5.5524004725018585,49.1,72.39350859917194,72.74065916371373,64.20769230769231,93.94033339190041,94.3908080325316,PPG
WR,2024,00-0031549,Nelson Agholor,13.0,13.100758766223771,3.776923076923077,5.525901964229436,5.5524004725018585,49.1,72.39350859917194,72.74065916371373,64.20769230769231,93.94033339190041,94.3908080325316,SEASON
WR,2024,00-0031588,Stefon Diggs,8.0,13.55116824453052,15.174999999999999,14.86000159614892,13.939295441213494,121.39999999999999,201.37038174340609,188.89373773410136,257.97499999999997,252.62002713453163,236.9680225006294,PPG
WR,2024,00-0031588,Stefon Diggs,8.0,13.55116824453052,15.174999999999999,14.86000159614892,13.939295441213494,121.39999999999999,201.37038174340609,188.89373773410136,257.97499999999997,252.62002713453163,236.9680225006294,SEASON
WR,2024,00-0031763,DeAndre Carter,13.0,13.55116824453052,1.2461538461538462,2.7723203660740694,1.2608305377862565,16.2,37.56817970840816,17.085726745383457,21.184615384615384,47.12944622325918,21.43411914236636,PPG
WR,2024,00-0031763,DeAndre Carter,13.0,13.55116824453052,1.2461538461538462,2.7723203660740694,1.2608305377862565,16.2,37.56817970840816,17.085726745383457,21.184615384615384,47.12944622325918,21.43411914236636,SEASON
WR,2024,00-0031941,Jamison Crowder,5.0,13.100758766223771,5.640000000000001,3.3250572345870757,2.605609446029773,28.200000000000003,43.560772714212405,34.13546079143001,95.88000000000001,56.52597298798029,44.29536058250614,PPG
WR,2024,00-0031941,Jamison Crowder,5.0,13.100758766223771,5.640000000000001,3.3250572345870757,2.605609446029773,28.200000000000003,43.560772714212405,34.13546079143001,95.88000000000001,56.52597298798029,44.29536058250614,SEASON
WR,2024,00-0032211,Tyler Lockett,17.0,13.55116824453052,7.117647058823529,11.032277924579422,10.54006884389403,121.0,149.50025427639574,142.8302462125423,121.0,187.54872471785018,179.1811703461985,PPG
WR,2024,00-0032211,Tyler Lockett,17.0,13.55116824453052,7.117647058823529,11.032277924579422,10.54006884389403,121.0,149.50025427639574,142.8302462125423,121.0,187.54872471785018,179.1811703461985,SEASON
WR,2024,00-0032385,Sterling Shepard,13.0,10.398301896383272,6.176923076923077,3.110827247187167,2.8235302685890136,80.3,32.34732086374707,29.359920146364708,105.00769230769231,52.88406320218184,48.00001456601323,PPG
WR,2024,00-0032385,Sterling Shepard,13.0,10.398301896383272,6.176923076923077,3.110827247187167,2.8235302685890136,80.3,32.34732086374707,29.359920146364708,105.00769230769231,52.88406320218184,48.00001456601323,SEASON
WR,2024,00-0032464,Kalif Raymond,12.0,13.55116824453052,4.208333333333334,6.511650503710179,5.5208252627902485,50.50000000000001,88.24047152535854,74.81363198472508,71.54166666666667,110.69805856307303,93.85402946743423,PPG
WR,2024,00-0032464,Kalif Raymond,12.0,13.55116824453052,4.208333333333334,6.511650503710179,5.5208252627902485,50.50000000000001,88.24047152535854,74.81363198472508,71.54166666666667,110.69805856307303,93.85402946743423,SEASON
WR,2024,00-0032543,Alex Erickson,3.0,9.497482939769771,0.0,5.051972810244999,5.62642848572352,0.0,47.981025577482626,53.4369085549938,0.0,85.88353777416499,95.64928425729984,PPG
WR,2024,00-0032543,Alex Erickson,3.0,9.497482939769771,0.0,5.051972810244999,5.62642848572352,0.0,47.981025577482626,53.4369085549938,0.0,85.88353777416499,95.64928425729984,SEASON
WR,2024,00-0032688,Robbie Chosen,1.0,8.596663983156272,1.5,3.1179387237779816,3.7230867379373476,1.5,26.80387152839041,32.00612566619277,25.5,53.00495830422569,63.29247454493491,PPG
WR,2024,00-0032688,Robbie Chosen,1.0,8.596663983156272,1.5,3.1179387237779816,3.7230867379373476,1.5,26.80387152839041,32.00612566619277,25.5,53.00495830422569,63.29247454493491,SEASON
WR,2024,00-0032775,Demarcus Robinson,17.0,9.497482939769771,7.264705882352941,9.48298348824627,9.426044744520782,123.5,90.06447389773737,89.52369915059263,123.5,161.21071930018658,160.2427606568533,PPG
WR,2024,00-0032775,Demarcus Robinson,17.0,9.497482939769771,7.264705882352941,9.48298348824627,9.426044744520782,123.5,90.06447389773737,89.52369915059263,123.5,161.21071930018658,160.2427606568533,SEASON
WR,2024,00-0033009,Tyler Boyd,15.0,13.55116824453052,5.22,8.106528825845533,7.822400173220124,78.3,109.85293599816927,106.00266082335058,88.74,137.81099003937408,132.9808029447421,PPG
WR,2024,00-0033009,Tyler Boyd,15.0,13.55116824453052,5.22,8.106528825845533,7.822400173220124,78.3,109.85293599816927,106.00266082335058,88.74,137.81099003937408,132.9808029447421,SEASON
WR,2024,00-0033040,Tyreek Hill,17.0,13.100758766223771,12.83529411764706,20.727455537689938,19.458728303758928,218.20000000000002,271.5453948369049,254.92410540503639,218.20000000000002,352.36674414072894,330.79838116390175,PPG
WR,2024,00-0033040,Tyreek Hill,17.0,13.100758766223771,12.83529411764706,20.727455537689938,19.458728303758928,218.20000000000002,271.5453948369049,254.92410540503639,218.20000000000002,352.36674414072894,330.79838116390175,SEASON
WR,2024,00-0033251,Zach Pascal,3.0,10.398301896383272,0.0,1.8554593834977229,1.377495024738008,0.0,19.29362682608651,14.32360912799175,0.0,31.54280951946129,23.417415420546135,PPG
WR,2024,00-0033251,Zach Pascal,3.0,10.398301896383272,0.0,1.8554593834977229,1.377495024738008,0.0,19.29362682608651,14.32360912799175,0.0,31.54280951946129,23.417415420546135,SEASON
WR,2024,00-0033282,Curtis Samuel,14.0,13.100758766223771,4.55,8.680862581969826,8.867153408971857,63.699999999999996,113.72588656912512,116.16643775403905,77.35,147.57466389348704,150.74160795252158,PPG
WR,2024,00-0033282,Curtis Samuel,14.0,13.100758766223771,4.55,8.680862581969826,8.867153408971857,63.699999999999996,113.72588656912512,116.16643775403905,77.35,147.57466389348704,150.74160795252158,SEASON
WR,2024,00-0033292,Trent Taylor,2.0,12.65034928791702,1.05,1.6674935947085638,0.819351432306437,2.1,21.094376408427674,10.365081808231526,17.85,28.347391110045585,13.92897434920943,PPG
WR,2024,00-0033292,Trent Taylor,2.0,12.65034928791702,1.05,1.6674935947085638,0.819351432306437,2.1,21.094376408427674,10.365081808231526,17.85,28.347391110045585,13.92897434920943,SEASON
WR,2024,00-0033307,Kendrick Bourne,12.0,9.497482939769771,5.425,10.080929320369167,10.81834225319942,65.1,95.74345423723103,102.74702098635196,92.225,171.37579844627584,183.91181830439015,PPG
WR,2024,00-0033307,Kendrick Bourne,12.0,9.497482939769771,5.425,10.080929320369167,10.81834225319942,65.1,95.74345423723103,102.74702098635196,92.225,171.37579844627584,183.91181830439015,SEASON
WR,2024,00-0033536,Mike Williams,14.0,7.2454355482360215,4.057142857142857,13.215011212754284,14.447127400449183,56.8,95.7485120112275,104.67573043710918,68.97142857142856,224.65519061682284,245.6011658076361,PPG
WR,2024,00-0033536,Mike Williams,14.0,7.2454355482360215,4.057142857142857,13.215011212754284,14.447127400449183,56.8,95.7485120112275,104.67573043710918,68.97142857142856,224.65519061682284,245.6011658076361,SEASON
WR,2024,00-0033555,Mack Hollins,17.0,11.299120852996772,5.811764705882353,4.315212728852964,3.8601653209840436,98.8,48.758110129699624,43.616474474345786,98.8,73.35861639050039,65.62281045672874,PPG
WR,2024,00-0033555,Mack Hollins,17.0,11.299120852996772,5.811764705882353,4.315212728852964,3.8601653209840436,98.8,48.758110129699624,43.616474474345786,98.8,73.35861639050039,65.62281045672874,SEASON
WR,2024,00-0033589,David Moore,15.0,8.596663983156272,5.673333333333334,2.478360361969711,3.43573487383676,85.10000000000001,21.305631261027155,29.535858245586432,96.44666666666667,42.13212615348509,58.407492855224916,PPG
WR,2024,00-0033589,David Moore,15.0,8.596663983156272,5.673333333333334,2.478360361969711,3.43573487383676,85.10000000000001,21.305631261027155,29.535858245586432,96.44666666666667,42.13212615348509,58.407492855224916,SEASON
WR,2024,00-0033591,Noah Brown,11.0,10.398301896383272,7.845454545454546,8.957386181904988,9.336883403521414,86.3,93.14160572193995,97.08773240114621,133.37272727272727,152.2755650923848,158.72701785986405,PPG
WR,2024,00-0033591,Noah Brown,11.0,10.398301896383272,7.845454545454546,8.957386181904988,9.336883403521414,86.3,93.14160572193995,97.08773240114621,133.37272727272727,152.2755650923848,158.72701785986405,SEASON
WR,2024,00-0033857,JuJu Smith-Schuster,11.0,10.848711374690021,4.827272727272728,5.019105298039505,5.4169447263064265,53.10000000000001,54.45082473760812,58.766869868347655,82.06363636363638,85.32479006667158,92.08806034720925,PPG
WR,2024,00-0033857,JuJu Smith-Schuster,11.0,10.848711374690021,4.827272727272728,5.019105298039505,5.4169447263064265,53.10000000000001,54.45082473760812,58.766869868347655,82.06363636363638,85.32479006667158,92.08806034720925,SEASON
WR,2024,00-0033891,Zay Jones,6.0,9.947892418076522,2.7333333333333334,7.658395174055573,7.982683231796572,16.4,76.18489128662127,79.41087399749571,46.46666666666667,130.19271795894474,135.70561494054172,PPG
WR,2024,00-0033891,Zay Jones,6.0,9.947892418076522,2.7333333333333334,7.658395174055573,7.982683231796572,16.4,76.18489128662127,79.41087399749571,46.46666666666667,130.19271795894474,135.70561494054172,SEASON
WR,2024,00-0033908,Cooper Kupp,12.0,11.299120852996772,14.5,11.251614717464603,11.988159826677418,174.0,127.13335448398968,135.455666686669,246.5,191.27745019689826,203.7987170535161,PPG
WR,2024,00-0033908,Cooper Kupp,12.0,11.299120852996772,14.5,11.251614717464603,11.988159826677418,174.0,127.13335448398968,135.455666686669,246.5,191.27745019689826,203.7987170535161,SEASON
WR,2024,00-0033921,Chris Godwin Jr.,7.0,13.55116824453052,19.542857142857144,11.087100137718227,11.465485046330594,136.8,150.24315931017722,155.3707168679747,332.22857142857146,188.48070234120988,194.9132457876201,PPG
WR,2024,00-0033921,Chris Godwin Jr.,7.0,13.55116824453052,19.542857142857144,11.087100137718227,11.465485046330594,136.8,150.24315931017722,155.3707168679747,332.22857142857146,188.48070234120988,194.9132457876201,SEASON
WR,2024,00-0033943,Josh Reynolds,8.0,13.100758766223771,4.800000000000001,7.300909546326852,7.118919267403506,38.400000000000006,95.64745474044832,93.26324399847579,81.60000000000001,124.11546228755648,121.02162754585959,PPG
WR,2024,00-0033943,Josh Reynolds,8.0,13.100758766223771,4.800000000000001,7.300909546326852,7.118919267403506,38.400000000000006,95.64745474044832,93.26324399847579,81.60000000000001,124.11546228755648,121.02162754585959,SEASON
WR,2024,00-0034054,River Cracraft,5.0,8.596663983156272,2.7199999999999998,3.7646904807872317,4.355638561776393,13.599999999999998,32.36377906391486,37.443961147669704,46.239999999999995,63.99973817338294,74.04585555019868,PPG
WR,2024,00-0034054,River Cracraft,5.0,8.596663983156272,2.7199999999999998,3.7646904807872317,4.355638561776393,13.599999999999998,32.36377906391486,37.443961147669704,46.239999999999995,63.99973817338294,74.04585555019868,SEASON
WR,2024,00-0034272,Marquez Valdes-Scantling,13.0,13.100758766223771,6.5,4.112562376384772,3.855496148290574,84.5,53.87768760406487,50.50992496285972,110.5,69.91356039854112,65.54343452093975,PPG
WR,2024,00-0034272,Marquez Valdes-Scantling,13.0,13.100758766223771,6.5,4.112562376384772,3.855496148290574,84.5,53.87768760406487,50.50992496285972,110.5,69.91356039854112,65.54343452093975,SEASON
WR,2024,00-0034348,Courtland Sutton,16.0,13.100758766223771,14.631250000000001,10.165017178571107,9.950579182161928,234.10000000000002,133.16943791098066,130.36013744971163,248.73125000000002,172.80529203570882,169.15984609675277,PPG
WR,2024,00-0034348,Courtland Sutton,16.0,13.100758766223771,14.631250000000001,10.165017178571107,9.950579182161928,234.10000000000002,133.16943791098066,130.36013744971163,248.73125000000002,172.80529203570882,169.15984609675277,SEASON
WR,2024,00-0034386,Justin Watson,15.0,12.65034928791702,4.193333333333333,6.010429224500035,5.628354730688549,62.9,76.03402906022967,71.20065325951028,71.28666666666666,102.17729681650059,95.68203042170532,PPG
WR,2024,00-0034386,Justin Watson,15.0,12.65034928791702,4.193333333333333,6.010429224500035,5.628354730688549,62.9,76.03402906022967,71.20065325951028,71.28666666666666,102.17729681650059,95.68203042170532,SEASON
WR,2024,00-0034407,Ray-Ray McCloud,17.0,11.299120852996772,8.205882352941178,3.4276882924109597,2.789930864164986,139.50000000000003,38.72986426235357,31.523766005705895,139.50000000000003,58.27070097098632,47.42882469080476,PPG
WR,2024,00-0034407,Ray-Ray McCloud,17.0,11.299120852996772,8.205882352941178,3.4276882924109597,2.789930864164986,139.50000000000003,38.72986426235357,31.523766005705895,139.50000000000003,58.27070097098632,47.42882469080476,SEASON
WR,2024,00-0034418,Cedrick Wilson Jr.,13.0,10.848711374690021,3.623076923076923,5.088761712536704,5.845769107043699,47.1,55.20650707388401,63.4190618053965,61.59230769230769,86.50894911312398,99.37807481974288,PPG
WR,2024,00-0034418,Cedrick Wilson Jr.,13.0,10.848711374690021,3.623076923076923,5.088761712536704,5.845769107043699,47.1,55.20650707388401,63.4190618053965,61.59230769230769,86.50894911312398,99.37807481974288,SEASON
WR,2024,00-0034419,Braxton Berrios,6.0,13.100758766223771,0.0,4.2279685310704656,3.6940265500945655,0.0,55.38959579673964,48.394550708814734,0.0,71.87546502819791,62.79845135160761,PPG
WR,2024,00-0034419,Braxton Berrios,6.0,13.100758766223771,0.0,4.2279685310704656,3.6940265500945655,0.0,55.38959579673964,48.394550708814734,0.0,71.87546502819791,62.79845135160761,SEASON
WR,2024,00-0034487,Trent Sherfield,13.0,10.848711374690021,1.7153846153846155,2.833648423050465,2.723149905924433,22.3,30.741433879020022,29.542667359388457,29.161538461538463,48.1720231918579,46.29354840071536,PPG
WR,2024,00-0034487,Trent Sherfield,13.0,10.848711374690021,1.7153846153846155,2.833648423050465,2.723149905924433,22.3,30.741433879020022,29.542667359388457,29.161538461538463,48.1720231918579,46.29354840071536,SEASON
WR,2024,00-0034521,Allen Lazard,12.0,12.199939809610271,10.5,4.455934347569702,4.329327912018585,126.0,54.36213083592538,52.81753994269245,178.5,75.75088390868493,73.59857450431595,PPG
WR,2024,00-0034521,Allen Lazard,12.0,12.199939809610271,10.5,4.455934347569702,4.329327912018585,126.0,54.36213083592538,52.81753994269245,178.5,75.75088390868493,73.59857450431595,SEASON
WR,2024,00-0034646,Brandon Powell,16.0,13.55116824453052,0.8812500000000001,5.022822426911479,4.127301209152277,14.100000000000001,68.06511176947856,55.929753081076754,14.981250000000001,85.38798125749514,70.16412055558871,PPG
WR,2024,00-0034646,Brandon Powell,16.0,13.55116824453052,0.8812500000000001,5.022822426911479,4.127301209152277,14.100000000000001,68.06511176947856,55.929753081076754,14.981250000000001,85.38798125749514,70.16412055558871,SEASON
WR,2024,00-0034775,Christian Kirk,8.0,11.299120852996772,8.8625,11.282301642054037,11.39210900881475,70.9,127.4800897535325,128.72081646111113,150.66250000000002,191.79912791491864,193.66585314985073,PPG
WR,2024,00-0034775,Christian Kirk,8.0,11.299120852996772,8.8625,11.282301642054037,11.39210900881475,70.9,127.4800897535325,128.72081646111113,150.66250000000002,191.79912791491864,193.66585314985073,SEASON
WR,2024,00-0034777,DJ Chark,4.0,12.199939809610271,3.275,7.801142407737725,7.457893683769275,13.1,95.17346782059839,90.98585404845778,55.675,132.61942093154133,126.78419262407768,PPG
WR,2024,00-0034777,DJ Chark,4.0,12.199939809610271,3.275,7.801142407737725,7.457893683769275,13.1,95.17346782059839,90.98585404845778,55.675,132.61942093154133,126.78419262407768,SEASON
WR,2024,00-0034827,DJ Moore,17.0,13.55116824453052,13.947058823529414,14.547354751797315,14.610566308389993,237.10000000000002,197.13365175447595,197.99024219286198,237.10000000000002,247.30503078055435,248.37962724262988,PPG
WR,2024,00-0034827,DJ Moore,17.0,13.55116824453052,13.947058823529414,14.547354751797315,14.610566308389993,237.10000000000002,197.13365175447595,197.99024219286198,237.10000000000002,247.30503078055435,248.37962724262988,SEASON
WR,2024,00-0034837,Calvin Ridley,17.0,13.55116824453052,11.658823529411766,12.068152377086822,11.830292369100784,198.20000000000002,163.53756326253446,160.31428227567028,198.20000000000002,205.15859041047597,201.11497027471333,PPG
WR,2024,00-0034837,Calvin Ridley,17.0,13.55116824453052,11.658823529411766,12.068152377086822,11.830292369100784,198.20000000000002,163.53756326253446,160.31428227567028,198.20000000000002,205.15859041047597,201.11497027471333,SEASON
WR,2024,00-0034854,KhaDarel Hodge,11.0,12.199939809610271,2.3727272727272726,4.697481660005111,3.1255134863136838,26.099999999999998,57.30899350881049,38.131076407152094,40.336363636363636,79.85718822008688,53.133729267332626,PPG
WR,2024,00-0034854,KhaDarel Hodge,11.0,12.199939809610271,2.3727272727272726,4.697481660005111,3.1255134863136838,26.099999999999998,57.30899350881049,38.131076407152094,40.336363636363636,79.85718822008688,53.133729267332626,SEASON
WR,2024,00-0034928,Steven Sims,9.0,7.2454355482360215,0.0,1.5840018596642798,2.4523955014766203,0.0,11.47678338248354,17.76867354473281,0.0,26.928031614292756,41.69072352510255,PPG
WR,2024,00-0034928,Steven Sims,9.0,7.2454355482360215,0.0,1.5840018596642798,2.4523955014766203,0.0,11.47678338248354,17.76867354473281,0.0,26.928031614292756,41.69072352510255,SEASON
WR,2024,00-0034960,Jakobi Meyers,15.0,13.100758766223771,14.533333333333335,9.43982077323992,11.327222015277767,218.00000000000003,123.66881474660413,148.3952031136131,247.0666666666667,160.47695314507862,192.56277425972203,PPG
WR,2024,00-0034960,Jakobi Meyers,15.0,13.100758766223771,14.533333333333335,9.43982077323992,11.327222015277767,218.00000000000003,123.66881474660413,148.3952031136131,247.0666666666667,160.47695314507862,192.56277425972203,SEASON
WR,2024,00-0035140,Mecole Hardman,12.0,9.047073461463022,2.7666666666666666,4.124097755953861,4.152749524665224,33.2,37.31101536036938,37.57023001670193,47.03333333333333,70.10966185121563,70.59674191930881,PPG
WR,2024,00-0035140,Mecole Hardman,12.0,9.047073461463022,2.7666666666666666,4.124097755953861,4.152749524665224,33.2,37.31101536036938,37.57023001670193,47.03333333333333,70.10966185121563,70.59674191930881,SEASON
WR,2024,00-0035208,Olamide Zaccheaus,16.0,10.848711374690021,7.1499999999999995,3.297087369828005,3.4504098627607576,114.39999999999999,35.769149252399885,37.432500725475265,121.55,56.050485287076086,58.65696766693288,PPG
WR,2024,00-0035208,Olamide Zaccheaus,16.0,10.848711374690021,7.1499999999999995,3.297087369828005,3.4504098627607576,114.39999999999999,35.769149252399885,37.432500725475265,121.55,56.050485287076086,58.65696766693288,SEASON
WR,2024,00-0035215,Deonte Harty,5.0,13.100758766223771,0.0,2.9775349042376793,2.5079280308363523,0.0,39.007966498429035,32.85576013503766,0.0,50.61809337204055,42.63477652421799,PPG
WR,2024,00-0035215,Deonte Harty,5.0,13.100758766223771,0.0,2.9775349042376793,2.5079280308363523,0.0,39.007966498429035,32.85576013503766,0.0,50.61809337204055,42.63477652421799,SEASON
WR,2024,00-0035216,Diontae Johnson,11.0,11.749530331303522,8.100000000000001,10.907128823350655,10.39401090968594,89.10000000000002,128.15364093739342,122.12474644725467,137.70000000000002,185.42118999696115,176.69818546466098,PPG
WR,2024,00-0035216,Diontae Johnson,11.0,11.749530331303522,8.100000000000001,10.907128823350655,10.39401090968594,89.10000000000002,128.15364093739342,122.12474644725467,137.70000000000002,185.42118999696115,176.69818546466098,SEASON
WR,2024,00-0035298,Scott Miller,6.0,10.848711374690021,1.9833333333333334,3.5231934600917567,3.5474302144644145,11.9,38.22210896573093,38.48504651857915,33.71666666666667,59.89428882155986,60.306313645895045,PPG
WR,2024,00-0035298,Scott Miller,6.0,10.848711374690021,1.9833333333333334,3.5231934600917567,3.5474302144644145,11.9,38.22210896573093,38.48504651857915,33.71666666666667,59.89428882155986,60.306313645895045,SEASON
WR,2024,00-0035341,Trenton Irwin,6.0,11.299120852996772,0.75,5.145876391923021,5.019687907209835,4.5,58.143879246921195,56.71806030789037,12.75,87.47989866269135,85.33469442256718,PPG
WR,2024,00-0035341,Trenton Irwin,6.0,11.299120852996772,0.75,5.145876391923021,5.019687907209835,4.5,58.143879246921195,56.71806030789037,12.75,87.47989866269135,85.33469442256718,SEASON
WR,2024,00-0035406,Lil'Jordan Humphrey,14.0,10.848711374690021,4.45,3.070964726508751,4.083215739584225,62.300000000000004,33.31600995974732,44.297629039340706,75.65,52.206400350648764,69.41466757293182,PPG
WR,2024,00-0035406,Lil'Jordan Humphrey,14.0,10.848711374690021,4.45,3.070964726508751,4.083215739584225,62.300000000000004,33.31600995974732,44.297629039340706,75.65,52.206400350648764,69.41466757293182,SEASON
WR,2024,00-0035500,Greg Dortch,17.0,13.100758766223771,5.194117647058824,4.407634284876663,4.3293439380532,88.3,57.74335349590639,56.7176905484482,88.3,74.92978284290328,73.5988469469044,PPG
WR,2024,00-0035500,Greg Dortch,17.0,13.100758766223771,5.194117647058824,4.407634284876663,4.3293439380532,88.3,57.74335349590639,56.7176905484482,88.3,74.92978284290328,73.5988469469044,SEASON
WR,2024,00-0035535,Darius Slayton,16.0,13.55116824453052,6.875000000000001,8.249372163868518,8.067779632181264,110.00000000000001,111.78863010432909,109.32783915548487,116.87500000000001,140.2393267857648,137.1522537470815,PPG
WR,2024,00-0035535,Darius Slayton,16.0,13.55116824453052,6.875000000000001,8.249372163868518,8.067779632181264,110.00000000000001,111.78863010432909,109.32783915548487,116.87500000000001,140.2393267857648,137.1522537470815,SEASON
WR,2024,00-0035639,Parris Campbell,4.0,10.398301896383272,3.75,3.853746197849639,3.234499879182632,15.0,40.072416397279724,33.633306227556226,63.75,65.51368536344387,54.98649794610475,PPG
WR,2024,00-0035639,Parris Campbell,4.0,10.398301896383272,3.75,3.853746197849639,3.234499879182632,15.0,40.072416397279724,33.633306227556226,63.75,65.51368536344387,54.98649794610475,SEASON
WR,2024,00-0035640,DK Metcalf,15.0,13.100758766223771,12.613333333333335,12.355721125317988,12.072701219820814,189.20000000000002,161.86932184552586,158.16154633756796,214.4266666666667,210.0472591304058,205.23592073695386,PPG
WR,2024,00-0035640,DK Metcalf,15.0,13.100758766223771,12.613333333333335,12.355721125317988,12.072701219820814,189.20000000000002,161.86932184552586,158.16154633756796,214.4266666666667,210.0472591304058,205.23592073695386,SEASON
WR,2024,00-0035659,Terry McLaurin,17.0,13.55116824453052,15.694117647058823,11.37665847706133,10.783092770600451,266.8,154.16701308322246,146.12350433078745,266.8,193.40319411004262,183.31257710020768,PPG
WR,2024,00-0035659,Terry McLaurin,17.0,13.55116824453052,15.694117647058823,11.37665847706133,10.783092770600451,266.8,154.16701308322246,146.12350433078745,266.8,193.40319411004262,183.31257710020768,SEASON
WR,2024,00-0035662,Marquise Brown,2.0,11.749530331303522,9.05,9.546949127689473,9.427962701306765,18.1,112.17216834719916,110.77413372140211,153.85000000000002,162.29813517072103,160.275365922215,PPG
WR,2024,00-0035662,Marquise Brown,2.0,11.749530331303522,9.05,9.546949127689473,9.427962701306765,18.1,112.17216834719916,110.77413372140211,153.85000000000002,162.29813517072103,160.275365922215,SEASON
WR,2024,00-0035676,A.J. Brown,13.0,13.55116824453052,16.684615384615384,15.42949621177362,15.041204556100537,216.89999999999998,209.08769909409065,203.8258935401174,283.6384615384615,262.30143560015154,255.7004774537091,PPG
WR,2024,00-0035676,A.J. Brown,13.0,13.55116824453052,16.684615384615384,15.42949621177362,15.041204556100537,216.89999999999998,209.08769909409065,203.8258935401174,283.6384615384615,262.30143560015154,255.7004774537091,SEASON
WR,2024,00-0035719,Deebo Samuel Sr.,15.0,12.65034928791702,10.373333333333333,12.72158844066939,13.828569986950436,155.6,160.9325372715954,174.93624048732912,176.34666666666666,216.26700349137963,235.08568977815742,PPG
WR,2024,00-0035719,Deebo Samuel Sr.,15.0,12.65034928791702,10.373333333333333,12.72158844066939,13.828569986950436,155.6,160.9325372715954,174.93624048732912,176.34666666666666,216.26700349137963,235.08568977815742,SEASON
WR,2024,00-0036133,James Proche,9.0,10.398301896383272,0.5666666666666667,1.6746775344212428,0.8058789594793243,5.1,17.41380258200287,8.379772712609237,9.633333333333333,28.469518085161127,13.699942311148513,PPG
WR,2024,00-0036133,James Proche,9.0,10.398301896383272,0.5666666666666667,1.6746775344212428,0.8058789594793243,5.1,17.41380258200287,8.379772712609237,9.633333333333333,28.469518085161127,13.699942311148513,SEASON
WR,2024,00-0036165,Isaiah Hodgins,2.0,12.199939809610271,1.6,4.40790657263749,4.20357765283582,3.2,53.77619487256288,51.283394349619826,27.200000000000003,74.93441173483733,71.46082009820894,PPG
WR,2024,00-0036165,Isaiah Hodgins,2.0,12.199939809610271,1.6,4.40790657263749,4.20357765283582,3.2,53.77619487256288,51.283394349619826,27.200000000000003,74.93441173483733,71.46082009820894,SEASON
WR,2024,00-0036176,Mason Kinsey,6.0,8.596663983156272,0.6166666666666667,0.6545154512669294,1.0454050213293087,3.7,5.626649406325686,8.986995694672382,10.483333333333334,11.1267626715378,17.771885362598248,PPG
WR,2024,00-0036176,Mason Kinsey,6.0,8.596663983156272,0.6166666666666667,0.6545154512669294,1.0454050213293087,3.7,5.626649406325686,8.986995694672382,10.483333333333334,11.1267626715378,17.771885362598248,SEASON
WR,2024,00-0036182,Nick Westbrook-Ikhine,14.0,11.749530331303522,9.692857142857143,5.687459198323747,5.992933537377944,135.7,66.82497435875608,70.41415437090825,164.77857142857144,96.6868063715037,101.87987013542505,PPG
WR,2024,00-0036182,Nick Westbrook-Ikhine,14.0,11.749530331303522,9.692857142857143,5.687459198323747,5.992933537377944,135.7,66.82497435875608,70.41415437090825,164.77857142857144,96.6868063715037,101.87987013542505,SEASON
WR,2024,00-0036196,Gabe Davis,10.0,13.100758766223771,5.290000000000001,8.667353050341436,8.67461619740642,52.900000000000006,113.54890145421692,113.64405419179889,89.93000000000002,147.3450018558044,147.46847535590913,PPG
WR,2024,00-0036196,Gabe Davis,10.0,13.100758766223771,5.290000000000001,8.667353050341436,8.67461619740642,52.900000000000006,113.54890145421692,113.64405419179889,89.93000000000002,147.3450018558044,147.46847535590913,SEASON
WR,2024,00-0036252,Michael Pittman,16.0,13.100758766223771,10.3,14.488334622504842,13.911809914194679,164.8,189.80817681376368,182.25526568742472,175.10000000000002,246.30168858258233,236.50076854130955,PPG
WR,2024,00-0036252,Michael Pittman,16.0,13.100758766223771,10.3,14.488334622504842,13.911809914194679,164.8,189.80817681376368,182.25526568742472,175.10000000000002,246.30168858258233,236.50076854130955,SEASON
WR,2024,00-0036259,Jauan Jennings,15.0,11.749530331303522,13.966666666666669,4.4746200562375735,4.115763565107066,209.50000000000003,52.57468407182244,48.358288844699395,237.43333333333337,76.06854095603875,69.96798060682013,PPG
WR,2024,00-0036259,Jauan Jennings,15.0,11.749530331303522,13.966666666666669,4.4746200562375735,4.115763565107066,209.50000000000003,52.57468407182244,48.358288844699395,237.43333333333337,76.06854095603875,69.96798060682013,SEASON
WR,2024,00-0036261,Brandon Aiyuk,7.0,13.100758766223771,8.914285714285715,13.784901456581764,13.56798619651192,62.400000000000006,180.59266859884437,177.75091410395666,151.54285714285714,234.34332476189,230.65576534070266,PPG
WR,2024,00-0036261,Brandon Aiyuk,7.0,13.100758766223771,8.914285714285715,13.784901456581764,13.56798619651192,62.400000000000006,180.59266859884437,177.75091410395666,151.54285714285714,234.34332476189,230.65576534070266,SEASON
WR,2024,00-0036268,Laviska Shenault Jr.,10.0,9.497482939769771,0.8700000000000001,2.8810640723961622,3.084293411863289,8.700000000000001,27.362856875966173,29.29302406041589,14.790000000000003,48.97808923073476,52.43298800167591,PPG
WR,2024,00-0036268,Laviska Shenault Jr.,10.0,9.497482939769771,0.8700000000000001,2.8810640723961622,3.084293411863289,8.700000000000001,27.362856875966173,29.29302406041589,14.790000000000003,48.97808923073476,52.43298800167591,SEASON
WR,2024,00-0036309,Darnell Mooney,16.0,12.199939809610271,12.075,5.503526380505528,5.6994620889143235,193.2,67.14269058276972,69.53309443191037,205.27499999999998,93.55994846859399,96.89085551154349,PPG
WR,2024,00-0036309,Darnell Mooney,16.0,12.199939809610271,12.075,5.503526380505528,5.6994620889143235,193.2,67.14269058276972,69.53309443191037,205.27499999999998,93.55994846859399,96.89085551154349,SEASON
WR,2024,00-0036322,Justin Jefferson,17.0,10.398301896383272,18.564705882352943,16.38008909048309,17.241730891542744,315.6,170.32511145249725,179.28472302645895,315.6,278.4615145382125,293.1094251562266,PPG
WR,2024,00-0036322,Justin Jefferson,17.0,10.398301896383272,18.564705882352943,16.38008909048309,17.241730891542744,315.6,170.32511145249725,179.28472302645895,315.6,278.4615145382125,293.1094251562266,SEASON
WR,2024,00-0036331,Devin Duvernay,13.0,11.749530331303522,1.476923076923077,2.098743534622229,1.2629905858564432,19.200000000000003,24.65925081767104,14.839546196671083,25.10769230769231,35.67864008857789,21.470839959559534,PPG
WR,2024,00-0036331,Devin Duvernay,13.0,11.749530331303522,1.476923076923077,2.098743534622229,1.2629905858564432,19.200000000000003,24.65925081767104,14.839546196671083,25.10769230769231,35.67864008857789,21.470839959559534,SEASON
WR,2024,00-0036345,K.J. Osborn,7.0,12.65034928791702,2.6714285714285717,7.430962007721903,7.3644548424072624,18.700000000000003,94.00426494292321,93.16292607154377,45.41428571428572,126.32635413127235,125.19573232092347,PPG
WR,2024,00-0036345,K.J. Osborn,7.0,12.65034928791702,2.6714285714285717,7.430962007721903,7.3644548424072624,18.700000000000003,94.00426494292321,93.16292607154377,45.41428571428572,126.32635413127235,125.19573232092347,SEASON
WR,2024,00-0036358,CeeDee Lamb,15.0,13.55116824453052,17.493333333333332,20.153212246225696,19.7633646692963,262.4,273.09956981633724,267.8166797116445,297.38666666666666,342.6046081858368,335.97719937803714,PPG
WR,2024,00-0036358,CeeDee Lamb,15.0,13.55116824453052,17.493333333333332,20.153212246225696,19.7633646692963,262.4,273.09956981633724,267.8166797116445,297.38666666666666,342.6046081858368,335.97719937803714,SEASON
WR,2024,00-0036387,Jalen Reagor,7.0,9.947892418076522,2.0000000000000004,3.3468808151288014,3.094479359303226,14.000000000000004,33.29441028502558,30.783547756306856,34.00000000000001,56.89697385718962,52.606149108154845,PPG
WR,2024,00-0036387,Jalen Reagor,7.0,9.947892418076522,2.0000000000000004,3.3468808151288014,3.094479359303226,14.000000000000004,33.29441028502558,30.783547756306856,34.00000000000001,56.89697385718962,52.606149108154845,SEASON
WR,2024,00-0036407,Jerry Jeudy,17.0,13.100758766223771,14.170588235294119,8.919730704267444,8.354887048063569,240.90000000000003,116.85524021628704,109.45535973572825,240.90000000000003,151.63542197254654,142.03307981708068,PPG
WR,2024,00-0036407,Jerry Jeudy,17.0,13.100758766223771,14.170588235294119,8.919730704267444,8.354887048063569,240.90000000000003,116.85524021628704,109.45535973572825,240.90000000000003,151.63542197254654,142.03307981708068,SEASON
WR,2024,00-0036410,Tee Higgins,12.0,11.299120852996772,18.425,9.820630798435428,9.898651688472743,221.10000000000002,110.96449424418408,111.84606170977408,313.225,166.95072357340226,168.27707870403663,PPG
WR,2024,00-0036410,Tee Higgins,12.0,11.299120852996772,18.425,9.820630798435428,9.898651688472743,221.10000000000002,110.96449424418408,111.84606170977408,313.225,166.95072357340226,168.27707870403663,SEASON
WR,2024,00-0036415,Van Jefferson,15.0,12.199939809610271,4.24,3.937065022339202,3.494482948804485,63.6,48.031956299060184,42.63248164112412,72.08,66.93010537976643,59.40621012967624,PPG
WR,2024,00-0036415,Van Jefferson,15.0,12.199939809610271,4.24,3.937065022339202,3.494482948804485,63.6,48.031956299060184,42.63248164112412,72.08,66.93010537976643,59.40621012967624,SEASON
WR,2024,00-0036497,Tim Jones,8.0,10.398301896383272,0.8875000000000001,2.330730187539521,2.5323319739651566,7.1000000000000005,24.23563612904994,26.33195236715388,15.0875,39.62241318817186,43.04964355740766,PPG
WR,2024,00-0036497,Tim Jones,8.0,10.398301896383272,0.8875000000000001,2.330730187539521,2.5323319739651566,7.1000000000000005,24.23563612904994,26.33195236715388,15.0875,39.62241318817186,43.04964355740766,SEASON
WR,2024,00-0036527,DJ Turner,12.0,9.047073461463022,3.925,0.8181368275827361,0.8058789594793243,47.099999999999994,7.40174398066932,7.290846147456829,66.725,13.908326068906513,13.699942311148513,PPG
WR,2024,00-0036527,DJ Turner,12.0,9.047073461463022,3.925,0.8181368275827361,0.8058789594793243,47.099999999999994,7.40174398066932,7.290846147456829,66.725,13.908326068906513,13.699942311148513,SEASON
WR,2024,00-0036550,Rashod Bateman,16.0,12.65034928791702,10.912500000000001,6.616220712006654,5.316779426203666,174.60000000000002,83.69750297283521,67.2591168282874,185.51250000000002,112.47575210411311,90.38525024546232,PPG
WR,2024,00-0036550,Rashod Bateman,16.0,12.65034928791702,10.912500000000001,6.616220712006654,5.316779426203666,174.60000000000002,83.69750297283521,67.2591168282874,185.51250000000002,112.47575210411311,90.38525024546232,SEASON
WR,2024,00-0036554,Nico Collins,12.0,12.65034928791702,17.55,15.502407263960581,14.65257415211825,210.60000000000002,196.11086669264338,185.36018099140045,298.35,263.5409234873299,249.09376058601026,PPG
WR,2024,00-0036554,Nico Collins,12.0,12.65034928791702,17.55,15.502407263960581,14.65257415211825,210.60000000000002,196.11086669264338,185.36018099140045,298.35,263.5409234873299,249.09376058601026,SEASON
WR,2024,00-0036613,Jaylen Waddle,15.0,12.199939809610271,9.973333333333334,13.229583120784826,12.791444990367847,149.60000000000002,161.40011777981087,156.05485896042856,169.54666666666668,224.90291305334205,217.45456483625338,PPG
WR,2024,00-0036613,Jaylen Waddle,15.0,12.199939809610271,9.973333333333334,13.229583120784826,12.791444990367847,149.60000000000002,161.40011777981087,156.05485896042856,169.54666666666668,224.90291305334205,217.45456483625338,SEASON
WR,2024,00-0036620,Dee Eskridge,5.0,7.695845026542772,1.48,0.9689240786011115,0.9329045053038667,7.4,7.456689551399902,7.179488497382107,25.16,16.471709336218897,15.859376590165734,PPG
WR,2024,00-0036620,Dee Eskridge,5.0,7.695845026542772,1.48,0.9689240786011115,0.9329045053038667,7.4,7.456689551399902,7.179488497382107,25.16,16.471709336218897,15.859376590165734,SEASON
WR,2024,00-0036626,Dyami Brown,15.0,13.100758766223771,4.426666666666668,2.923938719376382,2.5380792633597746,66.40000000000002,38.30581580977125,33.25076415883134,75.25333333333334,49.706958229398495,43.14734747711617,PPG
WR,2024,00-0036626,Dyami Brown,15.0,13.100758766223771,4.426666666666668,2.923938719376382,2.5380792633597746,66.40000000000002,38.30581580977125,33.25076415883134,75.25333333333334,49.706958229398495,43.14734747711617,SEASON
WR,2024,00-0036630,Tylan Wallace,12.0,8.596663983156272,3.025,1.129520579574212,1.0835100654155636,36.3,9.710108884659427,9.314571954745272,51.425,19.201849852761605,18.41967111206458,PPG
WR,2024,00-0036630,Tylan Wallace,12.0,8.596663983156272,3.025,1.129520579574212,1.0835100654155636,36.3,9.710108884659427,9.314571954745272,51.425,19.201849852761605,18.41967111206458,SEASON
WR,2024,00-0036635,Ihmir Smith-Marsette,15.0,13.55116824453052,0.0,2.4187096962773023,2.1241357587356036,0.0,32.77634202893104,28.784521040849654,0.0,41.11806483671414,36.11030789850526,PPG
WR,2024,00-0036635,Ihmir Smith-Marsette,15.0,13.55116824453052,0.0,2.4187096962773023,2.1241357587356036,0.0,32.77634202893104,28.784521040849654,0.0,41.11806483671414,36.11030789850526,SEASON
WR,2024,00-0036841,Austin Trammell,1.0,12.65034928791702,6.0,2.231604419535845,1.16392369639878,6.0,28.230575379587755,14.724041303928052,102.0,37.93727513210936,19.78670283877926,PPG
WR,2024,00-0036841,Austin Trammell,1.0,12.65034928791702,6.0,2.231604419535845,1.16392369639878,6.0,28.230575379587755,14.724041303928052,102.0,37.93727513210936,19.78670283877926,SEASON
WR,2024,00-0036849,Tutu Atwell,15.0,12.199939809610271,6.593333333333334,7.5837403048045395,7.000830965956891,98.9,92.52117525033083,85.4097164019298,112.08666666666667,128.92358518167717,119.01412642126715,PPG
WR,2024,00-0036849,Tutu Atwell,15.0,12.199939809610271,6.593333333333334,7.5837403048045395,7.000830965956891,98.9,92.52117525033083,85.4097164019298,112.08666666666667,128.92358518167717,119.01412642126715,SEASON
WR,2024,00-0036862,Ben Skowronek,9.0,11.749530331303522,1.3222222222222224,2.0914890951727005,2.0620324567601855,11.900000000000002,24.5740145613222,24.227912894836116,22.47777777777778,35.555314617935906,35.054551764923154,PPG
WR,2024,00-0036862,Ben Skowronek,9.0,11.749530331303522,1.3222222222222224,2.0914890951727005,2.0620324567601855,11.900000000000002,24.5740145613222,24.227912894836116,22.47777777777778,35.555314617935906,35.054551764923154,SEASON
WR,2024,00-0036900,Ja'Marr Chase,17.0,13.100758766223771,23.705882352941174,13.805790034486932,13.901490112845371,402.99999999999994,180.86632481894947,182.12006845943208,402.99999999999994,234.69843058627785,236.32533191837132,PPG
WR,2024,00-0036900,Ja'Marr Chase,17.0,13.100758766223771,23.705882352941174,13.805790034486932,13.901490112845371,402.99999999999994,180.86632481894947,182.12006845943208,402.99999999999994,234.69843058627785,236.32533191837132,SEASON
WR,2024,00-0036912,DeVonta Smith,13.0,13.100758766223771,15.338461538461539,12.354918717937073,12.322000109188298,199.4,161.85880969999627,161.42755094785886,260.75384615384615,210.03361820493024,209.47400185620108,PPG
WR,2024,00-0036912,DeVonta Smith,13.0,13.100758766223771,15.338461538461539,12.354918717937073,12.322000109188298,199.4,161.85880969999627,161.42755094785886,260.75384615384615,210.03361820493024,209.47400185620108,SEASON
WR,2024,00-0036913,Kadarius Toney,3.0,11.749530331303522,0.0,3.8621759093939985,3.9676207082272277,0.0,45.37875299225455,46.61767985442377,0.0,65.65699045969798,67.44955203986287,PPG
WR,2024,00-0036913,Kadarius Toney,3.0,11.749530331303522,0.0,3.8621759093939985,3.9676207082272277,0.0,45.37875299225455,46.61767985442377,0.0,65.65699045969798,67.44955203986287,SEASON
WR,2024,00-0036955,Terrace Marshall Jr.,5.0,9.497482939769771,1.42,3.720647017920563,4.210178517067321,7.1,35.33678157760582,39.986098639232075,24.14,63.25099930464957,71.57303479014446,PPG
WR,2024,00-0036955,Terrace Marshall Jr.,5.0,9.497482939769771,1.42,3.720647017920563,4.210178517067321,7.1,35.33678157760582,39.986098639232075,24.14,63.25099930464957,71.57303479014446,SEASON
WR,2024,00-0036963,Amon-Ra St. Brown,17.0,13.100758766223771,18.288235294117648,17.87707045671288,17.350814606170864,310.90000000000003,234.20318750018126,227.3088365529164,310.90000000000003,303.91019776411895,294.9638483049047,PPG
WR,2024,00-0036963,Amon-Ra St. Brown,17.0,13.100758766223771,18.288235294117648,17.87707045671288,17.350814606170864,310.90000000000003,234.20318750018126,227.3088365529164,310.90000000000003,303.91019776411895,294.9638483049047,SEASON
WR,2024,00-0036980,Elijah Moore,17.0,13.100758766223771,7.111764705882353,7.731973478416833,7.756119774511434,120.9,101.29471932757903,101.61105412781221,120.9,131.44354913308615,131.85403616669439,PPG
WR,2024,00-0036980,Elijah Moore,17.0,13.100758766223771,7.111764705882353,7.731973478416833,7.756119774511434,120.9,101.29471932757903,101.61105412781221,120.9,131.44354913308615,131.85403616669439,SEASON
WR,2024,00-0036988,Josh Palmer,15.0,10.398301896383272,7.16,9.489230465031811,9.753538706324262,107.4,98.6718831397582,101.42024002641922,121.72,161.3169179055408,165.81015800751246,PPG
WR,2024,00-0036988,Josh Palmer,15.0,10.398301896383272,7.16,9.489230465031811,9.753538706324262,107.4,98.6718831397582,101.42024002641922,121.72,161.3169179055408,165.81015800751246,SEASON
WR,2024,00-0037091,Bo Melton,13.0,7.695845026542772,1.730769230769231,9.611944949815939,10.251587805054966,22.500000000000004,73.97203873744391,78.89463102369879,29.423076923076927,163.40306414687097,174.2769926859344,PPG
WR,2024,00-0037091,Bo Melton,13.0,7.695845026542772,1.730769230769231,9.611944949815939,10.251587805054966,22.500000000000004,73.97203873744391,78.89463102369879,29.423076923076927,163.40306414687097,174.2769926859344,SEASON
WR,2024,00-0037132,Britain Covey,5.0,12.65034928791702,2.08,2.3368177511998907,1.2625471118986271,10.4,29.56156077488339,15.971661957968488,35.36,39.72590177039814,21.46330090227666,PPG
WR,2024,00-0037132,Britain Covey,5.0,12.65034928791702,2.08,2.3368177511998907,1.2625471118986271,10.4,29.56156077488339,15.971661957968488,35.36,39.72590177039814,21.46330090227666,SEASON
WR,2024,00-0037156,Irvin Charles,8.0,8.596663983156272,0.0,1.4173605190774672,0.8058789594793243,0.0,12.18457212550094,6.92787062573936,0.0,24.09512882431694,13.699942311148513,PPG
WR,2024,00-0037156,Irvin Charles,8.0,8.596663983156272,0.0,1.4173605190774672,0.8058789594793243,0.0,12.18457212550094,6.92787062573936,0.0,24.09512882431694,13.699942311148513,SEASON
WR,2024,00-0037216,Justyn Ross,1.0,8.596663983156272,0.0,2.283713163860254,2.417913940853368,0.0,19.632314703617304,20.785993689705595,0.0,38.82312378562432,41.10453699450726,PPG
WR,2024,00-0037216,Justyn Ross,1.0,8.596663983156272,0.0,2.283713163860254,2.417913940853368,0.0,19.632314703617304,20.785993689705595,0.0,38.82312378562432,41.10453699450726,SEASON
WR,2024,00-0037238,Drake London,17.0,13.100758766223771,16.53529411764706,10.33431703487872,10.07547671144664,281.1,135.38739448762306,131.99638985136804,281.1,175.68338959293825,171.2831040945929,PPG
WR,2024,00-0037238,Drake London,17.0,13.100758766223771,16.53529411764706,10.33431703487872,10.07547671144664,281.1,135.38739448762306,131.99638985136804,281.1,175.68338959293825,171.2831040945929,SEASON
WR,2024,00-0037239,Chris Olave,8.0,13.100758766223771,9.4625,13.202957679080102,12.678857129385326,75.7,172.9687635542901,166.10264868349358,160.8625,224.45028054436173,215.54057119955056,PPG
WR,2024,00-0037239,Chris Olave,8.0,13.100758766223771,9.4625,13.202957679080102,12.678857129385326,75.7,172.9687635542901,166.10264868349358,160.8625,224.45028054436173,215.54057119955056,SEASON
WR,2024,00-0037240,Jameson Williams,15.0,11.299120852996772,14.146666666666667,5.179995683230487,6.218869009558712,212.2,58.52939724282286,70.26775250796022,240.49333333333334,88.05992661491828,105.7207731624981,PPG
WR,2024,00-0037240,Jameson Williams,15.0,11.299120852996772,14.146666666666667,5.179995683230487,6.218869009558712,212.2,58.52939724282286,70.26775250796022,240.49333333333334,88.05992661491828,105.7207731624981,SEASON
WR,2024,00-0037247,George Pickens,14.0,13.55116824453052,11.714285714285715,11.502813619785375,11.211365117725448,164.0,155.87656264718873,151.92709496115828,199.14285714285717,195.54783153635137,190.59320700133262,PPG
WR,2024,00-0037247,George Pickens,14.0,13.55116824453052,11.714285714285715,11.502813619785375,11.211365117725448,164.0,155.87656264718873,151.92709496115828,199.14285714285717,195.54783153635137,190.59320700133262,SEASON
WR,2024,00-0037257,David Bell,1.0,9.947892418076522,5.7,4.195029028526255,4.822338174536419,5.7,41.731697466487255,47.97210136387182,96.9,71.31549348494633,81.97974896711912,PPG
WR,2024,00-0037257,David Bell,1.0,9.947892418076522,5.7,4.195029028526255,4.822338174536419,5.7,41.731697466487255,47.97210136387182,96.9,71.31549348494633,81.97974896711912,SEASON
WR,2024,00-0037261,Khalil Shakir,15.0,13.100758766223771,12.100000000000001,6.962045396544196,6.631170369407273,181.50000000000003,91.20807725962423,86.87336334733565,205.70000000000002,118.35477174125134,112.72989627992364,PPG
WR,2024,00-0037261,Khalil Shakir,15.0,13.100758766223771,12.100000000000001,6.962045396544196,6.631170369407273,181.50000000000003,91.20807725962423,86.87336334733565,205.70000000000002,118.35477174125134,112.72989627992364,SEASON
WR,2024,00-0037272,Montrell Washington,1.0,7.695845026542772,0.0,0.5905268693878735,0.8058789594793243,0.0,4.544603270818539,6.201919582304422,0.0,10.03895677959385,13.699942311148513,PPG
WR,2024,00-0037272,Montrell Washington,1.0,7.695845026542772,0.0,0.5905268693878735,0.8058789594793243,0.0,4.544603270818539,6.201919582304422,0.0,10.03895677959385,13.699942311148513,SEASON
WR,2024,00-0037291,Jalen Nailor,15.0,7.2454355482360215,7.026666666666667,1.9392452399776425,2.5994193046114202,105.4,14.050676398481505,18.833925034402544,119.45333333333335,32.96716907961992,44.19012817839415,PPG
WR,2024,00-0037291,Jalen Nailor,15.0,7.2454355482360215,7.026666666666667,1.9392452399776425,2.5994193046114202,105.4,14.050676398481505,18.833925034402544,119.45333333333335,32.96716907961992,44.19012817839415,SEASON
WR,2024,00-0037382,Brandon Johnson,1.0,10.398301896383272,1.9,5.920546119540214,6.347279711872565,1.9,61.56362594243963,66.00093066483956,32.3,100.64928403218364,107.9037551018336,PPG
WR,2024,00-0037382,Brandon Johnson,1.0,10.398301896383272,1.9,5.920546119540214,6.347279711872565,1.9,61.56362594243963,66.00093066483956,32.3,100.64928403218364,107.9037551018336,SEASON
WR,2024,00-0037487,Deven Thompkins,5.0,13.55116824453052,1.34,3.6669813841664665,2.410248429981686,6.7,49.691881686401196,32.661681985797365,22.78,62.33868353082993,40.97422330968866,PPG
WR,2024,00-0037487,Deven Thompkins,5.0,13.55116824453052,1.34,3.6669813841664665,2.410248429981686,6.7,49.691881686401196,32.661681985797365,22.78,62.33868353082993,40.97422330968866,SEASON
WR,2024,00-0037545,Rashid Shaheed,6.0,12.65034928791702,12.633333333333333,8.953920920062648,8.937369807900577,75.8,113.27022713517984,113.06084978522614,214.76666666666665,152.21665564106502,151.9352867343098,PPG
WR,2024,00-0037545,Rashid Shaheed,6.0,12.65034928791702,12.633333333333333,8.953920920062648,8.937369807900577,75.8,113.27022713517984,113.06084978522614,214.76666666666665,152.21665564106502,151.9352867343098,SEASON
WR,2024,00-0037614,John Metchie III,10.0,12.199939809610271,5.44,3.7397673559451667,2.939627098233425,54.400000000000006,45.624936644476385,35.86327366114708,92.48,63.57604505106784,49.973660669968226,PPG
WR,2024,00-0037614,John Metchie III,10.0,12.199939809610271,5.44,3.7397673559451667,2.939627098233425,54.400000000000006,45.624936644476385,35.86327366114708,92.48,63.57604505106784,49.973660669968226,SEASON
WR,2024,00-0037664,Alec Pierce,16.0,13.55116824453052,10.0875,5.4552195904877,5.582046349909512,161.4,73.92459848155771,75.64324923639128,171.4875,92.7387330382909,94.89478794846171,PPG
WR,2024,00-0037664,Alec Pierce,16.0,13.55116824453052,10.0875,5.4552195904877,5.582046349909512,161.4,73.92459848155771,75.64324923639128,171.4875,92.7387330382909,94.89478794846171,SEASON
WR,2024,00-0037666,Jalen Tolbert,17.0,12.199939809610271,8.941176470588236,4.384948552469238,4.165773297911897,152.0,53.49610840836239,50.82218349500681,152.0,74.54412539197705,70.81814606450224,PPG
WR,2024,00-0037666,Jalen Tolbert,17.0,12.199939809610271,8.941176470588236,4.384948552469238,4.165773297911897,152.0,53.49610840836239,50.82218349500681,152.0,74.54412539197705,70.81814606450224,SEASON
WR,2024,00-0037740,Garrett Wilson,17.0,13.55116824453052,14.7,11.253611305168869,11.505309303016116,249.89999999999998,152.49958015489403,155.91038207053356,249.89999999999998,191.31139218787078,195.59025815127396,PPG
WR,2024,00-0037740,Garrett Wilson,17.0,13.55116824453052,14.7,11.253611305168869,11.505309303016116,249.89999999999998,152.49958015489403,155.91038207053356,249.89999999999998,191.31139218787078,195.59025815127396,SEASON
WR,2024,00-0037741,Jahan Dotson,14.0,13.55116824453052,2.9928571428571433,6.432926838436,6.606162056255115,41.900000000000006,87.17367389240204,89.52121347494676,50.87857142857143,109.359756253412,112.30475495633695,PPG
WR,2024,00-0037741,Jahan Dotson,14.0,13.55116824453052,2.9928571428571433,6.432926838436,6.606162056255115,41.900000000000006,87.17367389240204,89.52121347494676,50.87857142857143,109.359756253412,112.30475495633695,SEASON
WR,2024,00-0037742,Treylon Burks,5.0,9.947892418076522,1.5,4.114973858002222,4.7129354668128265,7.5,40.9353172426034,46.88377499719125,25.5,69.95455558603777,80.11990293581805,PPG
WR,2024,00-0037742,Treylon Burks,5.0,9.947892418076522,1.5,4.114973858002222,4.7129354668128265,7.5,40.9353172426034,46.88377499719125,25.5,69.95455558603777,80.11990293581805,SEASON
WR,2024,00-0037745,Velus Jones Jr.,2.0,11.749530331303522,1.4500000000000002,1.830551265965814,1.5478870571944279,2.9000000000000004,21.508117622471392,18.18694592793808,24.650000000000002,31.119371521418838,26.314079972305272,PPG
WR,2024,00-0037745,Velus Jones Jr.,2.0,11.749530331303522,1.4500000000000002,1.830551265965814,1.5478870571944279,2.9000000000000004,21.508117622471392,18.18694592793808,24.650000000000002,31.119371521418838,26.314079972305272,SEASON
WR,2024,00-0037801,KaVontae Turpin,17.0,13.100758766223771,5.305882352941177,3.3260591071259182,3.49112221872063,90.20000000000002,43.57389800465828,45.73635001086287,90.20000000000002,56.54300482114061,59.34907771825071,PPG
WR,2024,00-0037801,KaVontae Turpin,17.0,13.100758766223771,5.305882352941177,3.3260591071259182,3.49112221872063,90.20000000000002,43.57389800465828,45.73635001086287,90.20000000000002,56.54300482114061,59.34907771825071,SEASON
WR,2024,00-0037816,Romeo Doubs,13.0,13.55116824453052,10.161538461538463,8.929146776680206,8.795879970506709,132.10000000000002,121.00037025090086,119.19444933903257,172.74615384615387,151.7954952035635,149.52995949861406,PPG
WR,2024,00-0037816,Romeo Doubs,13.0,13.55116824453052,10.161538461538463,8.929146776680206,8.795879970506709,132.10000000000002,121.00037025090086,119.19444933903257,172.74615384615387,151.7954952035635,149.52995949861406,SEASON
WR,2024,00-0037837,Calvin Austin III,17.0,13.100758766223771,6.752941176470588,3.6062589169403814,3.375184817937487,114.8,47.244728119379346,44.217482091219914,114.8,61.306401587986485,57.37814190493728,PPG
WR,2024,00-0037837,Calvin Austin III,17.0,13.100758766223771,6.752941176470588,3.6062589169403814,3.375184817937487,114.8,47.244728119379346,44.217482091219914,114.8,61.306401587986485,57.37814190493728,SEASON
WR,2024,00-0038090,Skyy Moore,3.0,11.749530331303522,0.0,4.2425820382063915,4.244663132598173,0.0,49.84834634094951,49.87279822262806,0.0,72.12389464950866,72.15927325416895,PPG
WR,2024,00-0038090,Skyy Moore,3.0,11.749530331303522,0.0,4.2425820382063915,4.244663132598173,0.0,49.84834634094951,49.87279822262806,0.0,72.12389464950866,72.15927325416895,SEASON
WR,2024,00-0038104,Tyquan Thornton,4.0,9.947892418076522,2.175,4.465648960576445,3.4426858227426678,8.7,44.42379543670972,34.24746819388132,36.974999999999994,75.91603232979956,58.52565898662535,PPG
WR,2024,00-0038104,Tyquan Thornton,4.0,9.947892418076522,2.175,4.465648960576445,3.4426858227426678,8.7,44.42379543670972,34.24746819388132,36.974999999999994,75.91603232979956,58.52565898662535,SEASON
WR,2024,00-0038117,Wan'Dale Robinson,17.0,12.65034928791702,10.74705882352941,8.028730950588121,8.443135266530222,182.7,101.56625086364978,106.80861020673767,182.7,136.48842615999806,143.53329953101377,PPG
WR,2024,00-0038117,Wan'Dale Robinson,17.0,12.65034928791702,10.74705882352941,8.028730950588121,8.443135266530222,182.7,101.56625086364978,106.80861020673767,182.7,136.48842615999806,143.53329953101377,SEASON
WR,2024,00-0038124,Christian Watson,14.0,9.947892418076522,7.450000000000001,8.886567120066994,9.509273170388088,104.30000000000001,88.40261367644257,94.59722647312215,126.65000000000002,151.0716410411389,161.6576438965975,PPG
WR,2024,00-0038124,Christian Watson,14.0,9.947892418076522,7.450000000000001,8.886567120066994,9.509273170388088,104.30000000000001,88.40261367644257,94.59722647312215,126.65000000000002,151.0716410411389,161.6576438965975,SEASON
WR,2024,00-0038393,Dontayvion Wicks,17.0,12.65034928791702,6.5,7.014601699016481,7.242991901114151,110.5,88.73716160817466,91.62637743864815,110.5,119.24822888328018,123.13086231894057,PPG
WR,2024,00-0038393,Dontayvion Wicks,17.0,12.65034928791702,6.5,7.014601699016481,7.242991901114151,110.5,88.73716160817466,91.62637743864815,110.5,119.24822888328018,123.13086231894057,SEASON
WR,2024,00-0038465,Malik Heath,5.0,11.299120852996772,6.34,2.8359381710601492,3.0497814507409444,31.7,32.04360812643526,34.45984918714975,107.78,48.21094890802254,51.846284662596055,PPG
WR,2024,00-0038465,Malik Heath,5.0,11.299120852996772,6.34,2.8359381710601492,3.0497814507409444,31.7,32.04360812643526,34.45984918714975,107.78,48.21094890802254,51.846284662596055,SEASON
WR,2024,00-0038496,Xavier Gipson,17.0,13.55116824453052,0.9647058823529411,4.42162777989797,3.7597953549894614,16.4,59.91822196008736,50.94961942046655,16.4,75.1676722582655,63.916521034820846,PPG
WR,2024,00-0038496,Xavier Gipson,17.0,13.55116824453052,0.9647058823529411,4.42162777989797,3.7597953549894614,16.4,59.91822196008736,50.94961942046655,16.4,75.1676722582655,63.916521034820846,SEASON
WR,2024,00-0038543,Jaxon Smith-Njigba,17.0,13.55116824453052,14.741176470588236,8.231801888039616,7.938237201736313,250.60000000000002,111.55053234046883,107.57238788571995,250.60000000000002,139.94063209667348,134.9500324295173,PPG
WR,2024,00-0038543,Jaxon Smith-Njigba,17.0,13.55116824453052,14.741176470588236,8.231801888039616,7.938237201736313,250.60000000000002,111.55053234046883,107.57238788571995,250.60000000000002,139.94063209667348,134.9500324295173,SEASON
WR,2024,00-0038544,Quentin Johnston,15.0,13.55116824453052,11.646666666666667,5.153367821691321,5.500048143358159,174.7,69.83415437768885,74.53207774366413,197.99333333333334,87.60725296875245,93.5008184370887,PPG
WR,2024,00-0038544,Quentin Johnston,15.0,13.55116824453052,11.646666666666667,5.153367821691321,5.500048143358159,174.7,69.83415437768885,74.53207774366413,197.99333333333334,87.60725296875245,93.5008184370887,SEASON
WR,2024,00-0038559,Michael Wilson,16.0,11.749530331303522,7.718750000000001,7.508056833363352,7.957743846446278,123.50000000000001,88.21614149275338,93.4997526925645,131.21875000000003,127.636966167177,135.28164538958674,PPG
WR,2024,00-0038559,Michael Wilson,16.0,11.749530331303522,7.718750000000001,7.508056833363352,7.957743846446278,123.50000000000001,88.21614149275338,93.4997526925645,131.21875000000003,127.636966167177,135.28164538958674,SEASON
WR,2024,00-0038563,Tre Tucker,17.0,11.749530331303522,7.605882352941176,5.157703946324011,5.269440908992246,129.29999999999998,60.600598957217834,61.913455789215995,129.29999999999998,87.68096708750818,89.58049545286819,PPG
WR,2024,00-0038563,Tre Tucker,17.0,11.749530331303522,7.605882352941176,5.157703946324011,5.269440908992246,129.29999999999998,60.600598957217834,61.913455789215995,129.29999999999998,87.68096708750818,89.58049545286819,SEASON
WR,2024,00-0038573,Derius Davis,15.0,13.55116824453052,2.673333333333334,3.198109254483522,2.353986383393773,40.10000000000001,43.33811657189628,31.899265526702944,45.44666666666667,54.36785732621987,40.017768517694144,PPG
WR,2024,00-0038573,Derius Davis,15.0,13.55116824453052,2.673333333333334,3.198109254483522,2.353986383393773,40.10000000000001,43.33811657189628,31.899265526702944,45.44666666666667,54.36785732621987,40.017768517694144,SEASON
WR,2024,00-0038576,Charlie Jones,7.0,10.848711374690021,0.2142857142857143,2.420742146226291,1.94934198274088,1.5,26.261932856956694,21.147848541321782,3.6428571428571432,41.15261648584694,33.13881370659496,PPG
WR,2024,00-0038576,Charlie Jones,7.0,10.848711374690021,0.2142857142857143,2.420742146226291,1.94934198274088,1.5,26.261932856956694,21.147848541321782,3.6428571428571432,41.15261648584694,33.13881370659496,SEASON
WR,2024,00-0038606,Parker Washington,14.0,9.497482939769771,6.428571428571429,3.6452874724817685,4.622159490376329,90.0,34.621055580452065,43.898880904744125,109.28571428571429,61.969887032190066,78.5767113363976,PPG
WR,2024,00-0038606,Parker Washington,14.0,9.497482939769771,6.428571428571429,3.6452874724817685,4.622159490376329,90.0,34.621055580452065,43.898880904744125,109.28571428571429,61.969887032190066,78.5767113363976,SEASON
WR,2024,00-0038608,Kayshon Boutte,15.0,7.2454355482360215,8.126666666666667,1.5223685512446994,2.03245871901399,121.9,11.030223218704917,14.72604865306621,138.15333333333334,25.88026537115989,34.551798223237824,PPG
WR,2024,00-0038608,Kayshon Boutte,15.0,7.2454355482360215,8.126666666666667,1.5223685512446994,2.03245871901399,121.9,11.030223218704917,14.72604865306621,138.15333333333334,25.88026537115989,34.551798223237824,SEASON
WR,2024,00-0038618,Xavier Hutchinson,14.0,11.299120852996772,1.692857142857143,2.8399252274215208,2.5329686128130744,23.700000000000003,32.08865835811011,28.620318473022515,28.778571428571432,48.27872886616585,43.06046641782226,PPG
WR,2024,00-0038618,Xavier Hutchinson,14.0,11.299120852996772,1.692857142857143,2.8399252274215208,2.5329686128130744,23.700000000000003,32.08865835811011,28.620318473022515,28.778571428571432,48.27872886616585,43.06046641782226,SEASON
WR,2024,00-0038619,Andrei Iosivas,17.0,10.848711374690021,7.052941176470588,3.736126936207103,4.139924923176342,119.89999999999999,40.53216279011578,44.9128506044259,119.89999999999999,63.51415791552075,70.37872369399781,PPG
WR,2024,00-0038619,Andrei Iosivas,17.0,10.848711374690021,7.052941176470588,3.736126936207103,4.139924923176342,119.89999999999999,40.53216279011578,44.9128506044259,119.89999999999999,63.51415791552075,70.37872369399781,SEASON
WR,2024,00-0038621,DeMario Douglas,16.0,12.199939809610271,9.16875,7.297442854412204,7.7292244796695675,146.7,89.02836358789946,94.296073426935,155.86874999999998,124.05652852500748,131.39681615438263,PPG
WR,2024,00-0038621,DeMario Douglas,16.0,12.199939809610271,9.16875,7.297442854412204,7.7292244796695675,146.7,89.02836358789946,94.296073426935,155.86874999999998,124.05652852500748,131.39681615438263,SEASON
WR,2024,00-0038640,Jalen Brooks,12.0,7.2454355482360215,2.975,3.682230639626208,4.302461721665115,35.7,26.67936477315159,31.17320910307718,50.575,62.597920873645535,73.14184926830696,PPG
WR,2024,00-0038640,Jalen Brooks,12.0,7.2454355482360215,2.975,3.682230639626208,4.302461721665115,35.7,26.67936477315159,31.17320910307718,50.575,62.597920873645535,73.14184926830696,SEASON
WR,2024,00-0038647,Ronnie Bell,4.0,11.749530331303522,1.05,2.2931788124191517,2.408763339486798,4.2,26.94377401162141,28.301837918232096,17.85,38.98403981112558,40.94897677127557,PPG
WR,2024,00-0038647,Ronnie Bell,4.0,11.749530331303522,1.05,2.2931788124191517,2.408763339486798,4.2,26.94377401162141,28.301837918232096,17.85,38.98403981112558,40.94897677127557,SEASON
WR,2024,00-0038752,Jake Bobo,12.0,12.199939809610271,2.4749999999999996,1.6696858029011543,3.8868998858381922,29.699999999999996,20.37006629635488,47.419944653206976,42.074999999999996,28.384658649319622,66.07729805924927,PPG
WR,2024,00-0038752,Jake Bobo,12.0,12.199939809610271,2.4749999999999996,1.6696858029011543,3.8868998858381922,29.699999999999996,20.37006629635488,47.419944653206976,42.074999999999996,28.384658649319622,66.07729805924927,SEASON
WR,2024,00-0038821,Rakim Jarrett,8.0,9.047073461463022,2.675,1.9954340264717347,2.0906323615803353,21.4,18.052838224992733,18.914104556129214,45.474999999999994,33.922378450019494,35.5407501468657,PPG
WR,2024,00-0038821,Rakim Jarrett,8.0,9.047073461463022,2.675,1.9954340264717347,2.0906323615803353,21.4,18.052838224992733,18.914104556129214,45.474999999999994,33.922378450019494,35.5407501468657,SEASON
WR,2024,00-0038938,Jalin Hyatt,10.0,11.749530331303522,1.4200000000000002,5.061953021033183,5.057502193152219,14.200000000000001,59.47557055626288,59.42327541907608,24.140000000000004,86.05320135756412,85.97753728358772,PPG
WR,2024,00-0038938,Jalin Hyatt,10.0,11.749530331303522,1.4200000000000002,5.061953021033183,5.057502193152219,14.200000000000001,59.47557055626288,59.42327541907608,24.140000000000004,86.05320135756412,85.97753728358772,SEASON
WR,2024,00-0038941,Tyler Scott,4.0,11.749530331303522,0.375,3.6781098249711346,3.3787475443730353,1.5,43.216062950363835,39.69869675442827,6.375,62.52786702450929,57.4387082543416,PPG
WR,2024,00-0038941,Tyler Scott,4.0,11.749530331303522,0.375,3.6781098249711346,3.3787475443730353,1.5,43.216062950363835,39.69869675442827,6.375,62.52786702450929,57.4387082543416,SEASON
WR,2024,00-0038976,Marvin Mims Jr.,17.0,13.100758766223771,7.558823529411765,4.713390298925496,4.487136900314016,128.5,61.74898927728228,58.784898082035006,128.5,80.12763508173344,76.28132730533827,PPG
WR,2024,00-0038976,Marvin Mims Jr.,17.0,13.100758766223771,7.558823529411765,4.713390298925496,4.487136900314016,128.5,61.74898927728228,58.784898082035006,128.5,80.12763508173344,76.28132730533827,SEASON
WR,2024,00-0038977,Tank Dell,14.0,10.398301896383272,10.0,13.474476797267219,13.9501802279986,140.0,140.11167763379612,145.05818551968625,170.0,229.0661055535427,237.1530638759762,PPG
WR,2024,00-0038977,Tank Dell,14.0,10.398301896383272,10.0,13.474476797267219,13.9501802279986,140.0,140.11167763379612,145.05818551968625,170.0,229.0661055535427,237.1530638759762,SEASON
WR,2024,00-0038979,Cedric Tillman,9.0,10.848711374690021,8.877777777777778,4.555913236698669,4.406988847173866,79.9,49.42578775307368,47.810150034467185,150.92222222222222,77.45052502387738,74.91881040195572,PPG
WR,2024,00-0038979,Cedric Tillman,9.0,10.848711374690021,8.877777777777778,4.555913236698669,4.406988847173866,79.9,49.42578775307368,47.810150034467185,150.92222222222222,77.45052502387738,74.91881040195572,SEASON
WR,2024,00-0038994,Jordan Addison,15.0,13.55116824453052,14.166666666666666,10.848807210424951,10.728722429352674,212.5,147.01401176094433,145.3867226890263,240.83333333333331,184.42972257722417,182.38828129899545,PPG
WR,2024,00-0038994,Jordan Addison,15.0,13.55116824453052,14.166666666666666,10.848807210424951,10.728722429352674,212.5,147.01401176094433,145.3867226890263,240.83333333333331,184.42972257722417,182.38828129899545,SEASON
WR,2024,00-0038997,Josh Downs,14.0,13.55116824453052,13.107142857142858,8.922134570694292,8.429144462761075,183.5,120.90534666782044,114.22475477232815,222.82142857142858,151.67628770180295,143.29545586693828,PPG
WR,2024,00-0038997,Josh Downs,14.0,13.55116824453052,13.107142857142858,8.922134570694292,8.429144462761075,183.5,120.90534666782044,114.22475477232815,222.82142857142858,151.67628770180295,143.29545586693828,SEASON
WR,2024,00-0039052,Trey Palmer,15.0,13.55116824453052,2.3466666666666667,6.208608898723382,5.413496990687767,35.2,84.1339037510899,73.3592085120696,39.89333333333333,105.5463512782975,92.02944884169203,PPG
WR,2024,00-0039052,Trey Palmer,15.0,13.55116824453052,2.3466666666666667,6.208608898723382,5.413496990687767,35.2,84.1339037510899,73.3592085120696,39.89333333333333,105.5463512782975,92.02944884169203,SEASON
WR,2024,00-0039062,Jonathan Mingo,14.0,12.65034928791702,2.228571428571428,5.65325907815435,6.001098105170092,31.199999999999996,71.5157019537403,75.91598714145866,37.88571428571428,96.10540432862395,102.01866778789156,PPG
WR,2024,00-0039062,Jonathan Mingo,14.0,12.65034928791702,2.228571428571428,5.65325907815435,6.001098105170092,31.199999999999996,71.5157019537403,75.91598714145866,37.88571428571428,96.10540432862395,102.01866778789156,SEASON
WR,2024,00-0039064,Zay Flowers,17.0,13.100758766223771,12.323529411764707,11.095659482938135,11.340908423675538,209.5,145.3615582381357,148.57450544840833,209.5,188.6262112099483,192.79544320248414,PPG
WR,2024,00-0039064,Zay Flowers,17.0,13.100758766223771,12.323529411764707,11.095659482938135,11.340908423675538,209.5,145.3615582381357,148.57450544840833,209.5,188.6262112099483,192.79544320248414,SEASON
WR,2024,00-0039067,Rashee Rice,4.0,13.100758766223771,16.224999999999998,11.308099971134524,11.662107098842604,64.89999999999999,148.1446898261754,152.78245180780272,275.825,192.23769950928693,198.25582068032426,PPG
WR,2024,00-0039067,Rashee Rice,4.0,13.100758766223771,16.224999999999998,11.308099971134524,11.662107098842604,64.89999999999999,148.1446898261754,152.78245180780272,275.825,192.23769950928693,198.25582068032426,SEASON
WR,2024,00-0039075,Puka Nacua,11.0,13.55116824453052,18.781818181818185,15.62698491382786,15.241920299431898,206.60000000000002,211.76390172202161,206.54582634732668,319.29090909090917,265.6587435350736,259.11264509034226,PPG
WR,2024,00-0039075,Puka Nacua,11.0,13.55116824453052,18.781818181818185,15.62698491382786,15.241920299431898,206.60000000000002,211.76390172202161,206.54582634732668,319.29090909090917,265.6587435350736,259.11264509034226,SEASON
WR,2024,00-0039146,Jayden Reed,17.0,13.100758766223771,11.529411764705884,11.86101956467507,11.425131661957304,196.00000000000003,155.3883560382686,149.6778937756479,196.00000000000003,201.6373325994762,194.22723825327415,PPG
WR,2024,00-0039146,Jayden Reed,17.0,13.100758766223771,11.529411764705884,11.86101956467507,11.425131661957304,196.00000000000003,155.3883560382686,149.6778937756479,196.00000000000003,201.6373325994762,194.22723825327415,SEASON
WR,2025,00-0030035,Adam Thielen,14.0,10.347804637005893,2.8285714285714287,11.372302755654989,12.169308745390095,39.6,117.6783671884016,125.925629464704,48.08571428571429,193.32914684613482,206.8782486716316,PPG
WR,2025,00-0030035,Adam Thielen,14.0,10.347804637005893,2.8285714285714287,11.372302755654989,12.169308745390095,39.6,117.6783671884016,125.925629464704,48.08571428571429,193.32914684613482,206.8782486716316,SEASON
WR,2025,00-0030279,Keenan Allen,17.0,12.552687552848322,10.629411764705882,11.09330542498466,11.069044040577289,180.7,139.2507969281497,138.94625135008442,180.7,188.58619222473922,188.17374868981392,PPG
WR,2025,00-0030279,Keenan Allen,17.0,12.552687552848322,10.629411764705882,11.09330542498466,11.069044040577289,180.7,139.2507969281497,138.94625135008442,180.7,188.58619222473922,188.17374868981392,SEASON
WR,2025,00-0030564,DeAndre Hopkins,17.0,12.993664136016807,3.9411764705882355,8.676839978823084,8.199389603218567,67.0,112.74394444679034,106.54011462457017,67.0,147.50627963999244,139.38962325471564,PPG
WR,2025,00-0030564,DeAndre Hopkins,17.0,12.993664136016807,3.9411764705882355,8.676839978823084,8.199389603218567,67.0,112.74394444679034,106.54011462457017,67.0,147.50627963999244,139.38962325471564,SEASON
WR,2025,00-0031236,Brandin Cooks,13.0,10.347804637005893,3.9923076923076923,6.038684641093636,6.4617725103888635,51.9,62.487128930524996,66.86515954627909,67.86923076923077,102.65763889859181,109.85013267661068,PPG
WR,2025,00-0031236,Brandin Cooks,13.0,10.347804637005893,3.9923076923076923,6.038684641093636,6.4617725103888635,51.9,62.487128930524996,66.86515954627909,67.86923076923077,102.65763889859181,109.85013267661068,SEASON
WR,2025,00-0031381,Davante Adams,14.0,12.111710969679836,15.92142857142857,14.942477032844234,14.753844383603154,222.89999999999998,180.9789629928885,178.69429886583555,270.6642857142857,254.02210955835199,250.81535452125362,PPG
WR,2025,00-0031381,Davante Adams,14.0,12.111710969679836,15.92142857142857,14.942477032844234,14.753844383603154,222.89999999999998,180.9789629928885,178.69429886583555,270.6642857142857,254.02210955835199,250.81535452125362,SEASON
WR,2025,00-0031408,Mike Evans,8.0,12.111710969679836,10.600000000000001,14.665591566238211,14.125977623239194,84.80000000000001,177.62540624965143,171.08975813683804,180.20000000000002,249.3150566260496,240.1416195950663,PPG
WR,2025,00-0031408,Mike Evans,8.0,12.111710969679836,10.600000000000001,14.665591566238211,14.125977623239194,84.80000000000001,177.62540624965143,171.08975813683804,180.20000000000002,249.3150566260496,240.1416195950663,SEASON
WR,2025,00-0031588,Stefon Diggs,17.0,9.465851470668921,12.370588235294118,11.657318288409062,12.939160386442653,210.3,110.34644346439264,122.48017037322924,210.3,198.17441090295407,219.96572656952512,PPG
WR,2025,00-0031588,Stefon Diggs,17.0,9.465851470668921,12.370588235294118,11.657318288409062,12.939160386442653,210.3,110.34644346439264,122.48017037322924,210.3,198.17441090295407,219.96572656952512,SEASON
WR,2025,00-0031763,DeAndre Carter,4.0,11.67073438651135,0.0,2.620593605026274,1.8937959693218795,0.0,30.58425189925188,22.101989740201454,0.0,44.550091285446655,32.19453147847195,PPG
WR,2025,00-0031763,DeAndre Carter,4.0,11.67073438651135,0.0,2.620593605026274,1.8937959693218795,0.0,30.58425189925188,22.101989740201454,0.0,44.550091285446655,32.19453147847195,SEASON
WR,2025,00-0032211,Tyler Lockett,17.0,13.434640719185293,3.947058823529412,7.2433058917979904,6.780852746694143,67.10000000000001,97.31121227546402,91.09832042153657,67.10000000000001,123.13620016056583,115.27449669380043,PPG
WR,2025,00-0032211,Tyler Lockett,17.0,13.434640719185293,3.947058823529412,7.2433058917979904,6.780852746694143,67.10000000000001,97.31121227546402,91.09832042153657,67.10000000000001,123.13620016056583,115.27449669380043,SEASON
WR,2025,00-0032385,Sterling Shepard,13.0,11.67073438651135,6.230769230769233,6.109421329749387,6.057120797129572,81.00000000000003,71.30143359479207,70.69104797031314,105.92307692307695,103.86016260573957,102.97105355120273,PPG
WR,2025,00-0032385,Sterling Shepard,13.0,11.67073438651135,6.230769230769233,6.109421329749387,6.057120797129572,81.00000000000003,71.30143359479207,70.69104797031314,105.92307692307695,103.86016260573957,102.97105355120273,SEASON
WR,2025,00-0032464,Kalif Raymond,15.0,11.229757803342865,4.053333333333334,3.810466364411398,4.06404362695727,60.800000000000004,42.79061439012441,45.63822563294924,68.90666666666667,64.77792819499376,69.08874165827359,PPG
WR,2025,00-0032464,Kalif Raymond,15.0,11.229757803342865,4.053333333333334,3.810466364411398,4.06404362695727,60.800000000000004,42.79061439012441,45.63822563294924,68.90666666666667,64.77792819499376,69.08874165827359,SEASON
WR,2025,00-0032775,Demarcus Robinson,14.0,13.434640719185293,4.157142857142857,6.5831383373219134,6.156224093223049,58.19999999999999,88.44209836661474,82.70665887924393,70.67142857142856,111.91335173447253,104.65580958479183,PPG
WR,2025,00-0032775,Demarcus Robinson,14.0,13.434640719185293,4.157142857142857,6.5831383373219134,6.156224093223049,58.19999999999999,88.44209836661474,82.70665887924393,70.67142857142856,111.91335173447253,104.65580958479183,SEASON
WR,2025,00-0033040,Tyreek Hill,4.0,13.434640719185293,13.375,11.707025506931364,11.467154522088416,53.5,157.27968157596095,154.0571010756388,227.375,199.0194336178332,194.94162687550306,PPG
WR,2025,00-0033040,Tyreek Hill,4.0,13.434640719185293,13.375,11.707025506931364,11.467154522088416,53.5,157.27968157596095,154.0571010756388,227.375,199.0194336178332,194.94162687550306,SEASON
WR,2025,00-0033282,Curtis Samuel,6.0,12.111710969679836,3.516666666666667,4.643036790376573,4.5578559276677195,21.1,56.23511962663099,55.203433637353385,59.78333333333334,78.93162543640173,77.48355077035123,PPG
WR,2025,00-0033282,Curtis Samuel,6.0,12.111710969679836,3.516666666666667,4.643036790376573,4.5578559276677195,21.1,56.23511962663099,55.203433637353385,59.78333333333334,78.93162543640173,77.48355077035123,SEASON
WR,2025,00-0033307,Kendrick Bourne,14.0,11.229757803342865,6.578571428571428,5.224066768419331,5.443374586033759,92.1,58.66500455784113,61.12777823403084,111.83571428571427,88.80913506312864,92.5373679625739,PPG
WR,2025,00-0033307,Kendrick Bourne,14.0,11.229757803342865,6.578571428571428,5.224066768419331,5.443374586033759,92.1,58.66500455784113,61.12777823403084,111.83571428571427,88.80913506312864,92.5373679625739,SEASON
WR,2025,00-0033375,Tim Patrick,13.0,12.552687552848322,3.976923076923077,5.54912646095107,5.622842571313065,51.7,69.65645065556177,70.58178595654717,67.6076923076923,94.3351498361682,95.58832371232211,PPG
WR,2025,00-0033375,Tim Patrick,13.0,12.552687552848322,3.976923076923077,5.54912646095107,5.622842571313065,51.7,69.65645065556177,70.58178595654717,67.6076923076923,94.3351498361682,95.58832371232211,SEASON
WR,2025,00-0033555,Mack Hollins,14.0,13.434640719185293,8.028571428571428,5.620097471036934,5.405457167559144,112.4,75.50399033018309,72.62037496910207,136.4857142857143,95.54165700762788,91.89277184850545,PPG
WR,2025,00-0033555,Mack Hollins,14.0,13.434640719185293,8.028571428571428,5.620097471036934,5.405457167559144,112.4,75.50399033018309,72.62037496910207,136.4857142857143,95.54165700762788,91.89277184850545,SEASON
WR,2025,00-0033589,David Moore,3.0,12.552687552848322,0.9,5.445072259049115,5.4861971616208605,2.7,68.35029077052552,68.86651882314997,15.3,92.56622840383496,93.26535174755463,PPG
WR,2025,00-0033589,David Moore,3.0,12.552687552848322,0.9,5.445072259049115,5.4861971616208605,2.7,68.35029077052552,68.86651882314997,15.3,92.56622840383496,93.26535174755463,SEASON
WR,2025,00-0033591,Noah Brown,4.0,10.788781220174378,3.325,7.402785173419005,7.701264428072152,13.3,79.8670296559683,83.08725703318181,56.525000000000006,125.84734794812309,130.9214952772266,PPG
WR,2025,00-0033591,Noah Brown,4.0,10.788781220174378,3.325,7.402785173419005,7.701264428072152,13.3,79.8670296559683,83.08725703318181,56.525000000000006,125.84734794812309,130.9214952772266,SEASON
WR,2025,00-0033857,JuJu Smith-Schuster,17.0,10.788781220174378,4.323529411764706,4.228144023803378,4.597817324845452,73.5,45.61652084020242,49.60484520808501,73.5,71.87844840465743,78.16289452237268,PPG
WR,2025,00-0033857,JuJu Smith-Schuster,17.0,10.788781220174378,4.323529411764706,4.228144023803378,4.597817324845452,73.5,45.61652084020242,49.60484520808501,73.5,71.87844840465743,78.16289452237268,SEASON
WR,2025,00-0033891,Zay Jones,6.0,8.583898304331951,5.050000000000001,2.6046621359296784,3.155590159250601,30.300000000000004,22.358154891964404,27.087265017157826,85.85000000000001,44.279256310804534,53.645032707260214,PPG
WR,2025,00-0033891,Zay Jones,6.0,8.583898304331951,5.050000000000001,2.6046621359296784,3.155590159250601,30.300000000000004,22.358154891964404,27.087265017157826,85.85000000000001,44.279256310804534,53.645032707260214,SEASON
WR,2025,00-0033908,Cooper Kupp,16.0,11.229757803342865,7.331250000000001,11.8982577940331,12.229814590890602,117.30000000000001,133.61455330872826,137.33785583549016,124.63125000000001,202.2703824985627,207.90684804514024,PPG
WR,2025,00-0033908,Cooper Kupp,16.0,11.229757803342865,7.331250000000001,11.8982577940331,12.229814590890602,117.30000000000001,133.61455330872826,137.33785583549016,124.63125000000001,202.2703824985627,207.90684804514024,SEASON
WR,2025,00-0033921,Chris Godwin Jr.,9.0,9.024874887500436,9.222222222222221,14.921267327363992,16.154174862536305,83.0,134.66257079240805,145.7894070451947,156.77777777777777,253.66154456518785,274.6209726631172,PPG
WR,2025,00-0033921,Chris Godwin Jr.,9.0,9.024874887500436,9.222222222222221,14.921267327363992,16.154174862536305,83.0,134.66257079240805,145.7894070451947,156.77777777777777,253.66154456518785,274.6209726631172,SEASON
WR,2025,00-0033943,Josh Reynolds,5.0,9.465851470668921,4.62,4.371350110148237,4.680256955820801,23.1,41.378550868955436,44.30261718836478,78.54,74.31295187252003,79.56436824895361,PPG
WR,2025,00-0033943,Josh Reynolds,5.0,9.465851470668921,4.62,4.371350110148237,4.680256955820801,23.1,41.378550868955436,44.30261718836478,78.54,74.31295187252003,79.56436824895361,SEASON
WR,2025,00-0034054,River Cracraft,2.0,8.142921721163464,0.0,2.4751546044569315,3.1549947352210865,0.0,20.15499019187011,25.69087515958816,0.0,42.077628275767836,53.63491049875847,PPG
WR,2025,00-0034054,River Cracraft,2.0,8.142921721163464,0.0,2.4751546044569315,3.1549947352210865,0.0,20.15499019187011,25.69087515958816,0.0,42.077628275767836,53.63491049875847,SEASON
WR,2025,00-0034272,Marquez Valdes-Scantling,9.0,11.67073438651135,3.4444444444444446,6.045124809675932,6.161870190888809,31.0,70.55104598703778,71.91355032202529,58.55555555555556,102.76712176449084,104.75179324510975,PPG
WR,2025,00-0034272,Marquez Valdes-Scantling,9.0,11.67073438651135,3.4444444444444446,6.045124809675932,6.161870190888809,31.0,70.55104598703778,71.91355032202529,58.55555555555556,102.76712176449084,104.75179324510975,SEASON
WR,2025,00-0034348,Courtland Sutton,17.0,12.993664136016807,12.923529411764704,13.184606744736978,12.98542144414069,219.7,171.31635180657418,168.72820490979444,219.7,224.13831466052864,220.7521645503917,PPG
WR,2025,00-0034348,Courtland Sutton,17.0,12.993664136016807,12.923529411764704,13.184606744736978,12.98542144414069,219.7,171.31635180657418,168.72820490979444,219.7,224.13831466052864,220.7521645503917,SEASON
WR,2025,00-0034386,Justin Watson,3.0,12.552687552848322,2.0,4.345242070127066,4.033719590003936,6.0,54.544466047796895,50.63402168912285,34.0,73.86911519216012,68.57323303006692,PPG
WR,2025,00-0034386,Justin Watson,3.0,12.552687552848322,2.0,4.345242070127066,4.033719590003936,6.0,54.544466047796895,50.63402168912285,34.0,73.86911519216012,68.57323303006692,SEASON
WR,2025,00-0034407,Ray-Ray McCloud,6.0,13.434640719185293,2.316666666666667,8.195407190673995,7.977488848470152,13.900000000000002,110.1023511541328,107.1746965205037,39.38333333333334,139.3219222414579,135.6173104239926,PPG
WR,2025,00-0034407,Ray-Ray McCloud,6.0,13.434640719185293,2.316666666666667,8.195407190673995,7.977488848470152,13.900000000000002,110.1023511541328,107.1746965205037,39.38333333333334,139.3219222414579,135.6173104239926,SEASON
WR,2025,00-0034418,Cedrick Wilson Jr.,6.0,11.67073438651135,1.5666666666666669,4.20230797479783,3.9494261794623706,9.400000000000002,49.044020184183914,46.09270391963964,26.633333333333336,71.43923557156312,67.1402450508603,PPG
WR,2025,00-0034418,Cedrick Wilson Jr.,6.0,11.67073438651135,1.5666666666666669,4.20230797479783,3.9494261794623706,9.400000000000002,49.044020184183914,46.09270391963964,26.633333333333336,71.43923557156312,67.1402450508603,SEASON
WR,2025,00-0034419,Braxton Berrios,4.0,8.583898304331951,2.425,1.2798557611052899,0.9650169274718965,9.7,10.986151697541176,8.283607167377642,41.224999999999994,21.757547938789926,16.40528776702224,PPG
WR,2025,00-0034419,Braxton Berrios,4.0,8.583898304331951,2.425,1.2798557611052899,0.9650169274718965,9.7,10.986151697541176,8.283607167377642,41.224999999999994,21.757547938789926,16.40528776702224,SEASON
WR,2025,00-0034487,Trent Sherfield,4.0,11.67073438651135,1.275,2.0270584254067106,2.1420201022185115,5.1,23.65726046886165,24.99894766356014,21.674999999999997,34.459993231914076,36.41434173771469,PPG
WR,2025,00-0034487,Trent Sherfield,4.0,11.67073438651135,1.275,2.0270584254067106,2.1420201022185115,5.1,23.65726046886165,24.99894766356014,21.674999999999997,34.459993231914076,36.41434173771469,SEASON
WR,2025,00-0034521,Allen Lazard,9.0,11.229757803342865,2.5555555555555554,8.377846349264427,8.720846756105251,23.0,94.08118541585974,97.93299691113026,43.44444444444444,142.42338793749525,148.25439485378928,PPG
WR,2025,00-0034521,Allen Lazard,9.0,11.229757803342865,2.5555555555555554,8.377846349264427,8.720846756105251,23.0,94.08118541585974,97.93299691113026,43.44444444444444,142.42338793749525,148.25439485378928,SEASON
WR,2025,00-0034775,Christian Kirk,11.0,9.465851470668921,5.263636363636364,7.831605453094267,8.442481439775637,57.9,74.1328139958711,79.91527535279529,89.48181818181818,133.13729270260254,143.52218447618583,PPG
WR,2025,00-0034775,Christian Kirk,11.0,9.465851470668921,5.263636363636364,7.831605453094267,8.442481439775637,57.9,74.1328139958711,79.91527535279529,89.48181818181818,133.13729270260254,143.52218447618583,SEASON
WR,2025,00-0034827,DJ Moore,17.0,13.434640719185293,9.888235294117647,11.961904818446996,12.344061948540961,168.1,160.70389355292676,165.83803729401416,168.1,203.35238191359895,209.84905312519635,PPG
WR,2025,00-0034827,DJ Moore,17.0,13.434640719185293,9.888235294117647,11.961904818446996,12.344061948540961,168.1,160.70389355292676,165.83803729401416,168.1,203.35238191359895,209.84905312519635,SEASON
WR,2025,00-0034837,Calvin Ridley,7.0,13.434640719185293,6.757142857142856,10.605479656883773,10.632318110084837,47.3,142.480808844862,142.84137382107696,114.87142857142855,180.29315416702414,180.74940787144223,PPG
WR,2025,00-0034837,Calvin Ridley,7.0,13.434640719185293,6.757142857142856,10.605479656883773,10.632318110084837,47.3,142.480808844862,142.84137382107696,114.87142857142855,180.29315416702414,180.74940787144223,SEASON
WR,2025,00-0034854,KhaDarel Hodge,8.0,10.788781220174378,0.7625,2.667690204846641,2.903396842571567,6.1,28.78112598329258,31.32411332984971,12.962499999999999,45.3507334823929,49.35774632371664,PPG
WR,2025,00-0034854,KhaDarel Hodge,8.0,10.788781220174378,0.7625,2.667690204846641,2.903396842571567,6.1,28.78112598329258,31.32411332984971,12.962499999999999,45.3507334823929,49.35774632371664,SEASON
WR,2025,00-0034860,Dante Pettis,8.0,9.465851470668921,2.3375000000000004,4.207574523777484,4.271413340400608,18.700000000000003,39.82827549384818,40.432564250065944,39.737500000000004,71.52876690421722,72.61402678681034,PPG
WR,2025,00-0034860,Dante Pettis,8.0,9.465851470668921,2.3375000000000004,4.207574523777484,4.271413340400608,18.700000000000003,39.82827549384818,40.432564250065944,39.737500000000004,71.52876690421722,72.61402678681034,SEASON
WR,2025,00-0034928,Steven Sims,3.0,9.906828053837408,0.0,0.7726832338372017,0.907424048467485,0.0,7.6548399377082,8.989694020084396,0.0,13.135614975232428,15.426208823947245,PPG
WR,2025,00-0034928,Steven Sims,3.0,9.906828053837408,0.0,0.7726832338372017,0.907424048467485,0.0,7.6548399377082,8.989694020084396,0.0,13.135614975232428,15.426208823947245,SEASON
WR,2025,00-0034960,Jakobi Meyers,16.0,12.552687552848322,10.925,13.07280510660673,12.791641766546173,174.8,164.09883794251428,160.56948238341886,185.72500000000002,222.2376868123144,217.45791003128494,PPG
WR,2025,00-0034960,Jakobi Meyers,16.0,12.552687552848322,10.925,13.07280510660673,12.791641766546173,174.8,164.09883794251428,160.56948238341886,185.72500000000002,222.2376868123144,217.45791003128494,SEASON
WR,2025,00-0035021,Ashton Dulin,12.0,11.67073438651135,1.6666666666666667,2.7596693456077,2.011493408712103,20.0,32.20736792718506,23.47560529329727,28.333333333333336,46.9143788753309,34.195387948105754,PPG
WR,2025,00-0035021,Ashton Dulin,12.0,11.67073438651135,1.6666666666666667,2.7596693456077,2.011493408712103,20.0,32.20736792718506,23.47560529329727,28.333333333333336,46.9143788753309,34.195387948105754,SEASON
WR,2025,00-0035140,Mecole Hardman,2.0,11.229757803342865,0.0,2.9245271965428654,3.055338068145744,0.0,32.84173210646568,34.31070651261018,0.0,49.716962341228715,51.94074715847765,PPG
WR,2025,00-0035140,Mecole Hardman,2.0,11.229757803342865,0.0,2.9245271965428654,3.055338068145744,0.0,32.84173210646568,34.31070651261018,0.0,49.716962341228715,51.94074715847765,SEASON
WR,2025,00-0035208,Olamide Zaccheaus,14.0,12.993664136016807,6.057142857142857,7.257324650996205,6.818172856271865,84.8,94.29923904108009,88.59304811570301,102.97142857142856,123.37451906693549,115.9089385566217,PPG
WR,2025,00-0035208,Olamide Zaccheaus,14.0,12.993664136016807,6.057142857142857,7.257324650996205,6.818172856271865,84.8,94.29923904108009,88.59304811570301,102.97142857142856,123.37451906693549,115.9089385566217,SEASON
WR,2025,00-0035298,Scott Miller,5.0,8.583898304331951,3.04,2.452853058660602,2.796454756119313,15.2,21.05504121101218,24.004483239193593,51.68,41.69850199723023,47.53973085402832,PPG
WR,2025,00-0035298,Scott Miller,5.0,8.583898304331951,3.04,2.452853058660602,2.796454756119313,15.2,21.05504121101218,24.004483239193593,51.68,41.69850199723023,47.53973085402832,SEASON
WR,2025,00-0035406,Lil'Jordan Humphrey,7.0,12.111710969679836,4.942857142857143,5.0598862301657315,4.713427408980074,34.6,61.283879559230236,57.087670454133566,84.02857142857144,86.01806591281743,80.12826595266125,PPG
WR,2025,00-0035406,Lil'Jordan Humphrey,7.0,12.111710969679836,4.942857142857143,5.0598862301657315,4.713427408980074,34.6,61.283879559230236,57.087670454133566,84.02857142857144,86.01806591281743,80.12826595266125,SEASON
WR,2025,00-0035500,Greg Dortch,12.0,13.434640719185293,6.258333333333333,5.524974397707244,4.8995589646050455,75.1,74.22604601589398,65.82381437193227,106.39166666666665,93.92456476102315,83.29250239828578,PPG
WR,2025,00-0035500,Greg Dortch,12.0,13.434640719185293,6.258333333333333,5.524974397707244,4.8995589646050455,75.1,74.22604601589398,65.82381437193227,106.39166666666665,93.92456476102315,83.29250239828578,SEASON
WR,2025,00-0035535,Darius Slayton,14.0,12.993664136016807,6.985714285714286,6.62645980859482,6.325895317423025,97.8,86.10199316369531,82.19655911419622,118.75714285714285,112.64981674611194,107.54022039619142,PPG
WR,2025,00-0035535,Darius Slayton,14.0,12.993664136016807,6.985714285714286,6.62645980859482,6.325895317423025,97.8,86.10199316369531,82.19655911419622,118.75714285714285,112.64981674611194,107.54022039619142,SEASON
WR,2025,00-0035544,Tom Kennedy,6.0,7.260968554826494,1.2666666666666666,1.1045170780604852,1.0423095840029668,7.6,8.019863772066023,7.568177113839826,21.53333333333333,18.776790327028248,17.719262928050437,PPG
WR,2025,00-0035544,Tom Kennedy,6.0,7.260968554826494,1.2666666666666666,1.1045170780604852,1.0423095840029668,7.6,8.019863772066023,7.568177113839826,21.53333333333333,18.776790327028248,17.719262928050437,SEASON
WR,2025,00-0035602,Alex Bachman,11.0,8.142921721163464,0.2909090909090909,0.9627462586517807,1.926248232156613,3.1999999999999997,7.8395674215444435,15.685288569980807,4.945454545454545,16.366686397080272,32.74621994666242,PPG
WR,2025,00-0035602,Alex Bachman,11.0,8.142921721163464,0.2909090909090909,0.9627462586517807,1.926248232156613,3.1999999999999997,7.8395674215444435,15.685288569980807,4.945454545454545,16.366686397080272,32.74621994666242,SEASON
WR,2025,00-0035639,Parris Campbell,1.0,7.701945137994979,0.0,2.1047599956900953,3.6703235190965704,0.0,16.21074601545166,28.268630382774454,0.0,35.78091992673162,62.395499824641696,PPG
WR,2025,00-0035639,Parris Campbell,1.0,7.701945137994979,0.0,2.1047599956900953,3.6703235190965704,0.0,16.21074601545166,28.268630382774454,0.0,35.78091992673162,62.395499824641696,SEASON
WR,2025,00-0035640,DK Metcalf,15.0,12.552687552848322,12.48,11.19162249231232,11.07391776236804,187.20000000000002,140.48494035542618,139.00742965694326,212.16,190.25758236930943,188.2566019602567,PPG
WR,2025,00-0035640,DK Metcalf,15.0,12.552687552848322,12.48,11.19162249231232,11.07391776236804,187.20000000000002,140.48494035542618,139.00742965694326,212.16,190.25758236930943,188.2566019602567,SEASON
WR,2025,00-0035659,Terry McLaurin,10.0,13.434640719185293,11.42,13.235514945796929,13.049197403021722,114.2,177.81438803018895,175.3112787833226,194.14,225.0037540785478,221.83635585136926,PPG
WR,2025,00-0035659,Terry McLaurin,10.0,13.434640719185293,11.42,13.235514945796929,13.049197403021722,114.2,177.81438803018895,175.3112787833226,194.14,225.0037540785478,221.83635585136926,SEASON
WR,2025,00-0035676,A.J. Brown,15.0,11.67073438651135,14.686666666666667,14.37040608921991,14.617237856672999,220.3,167.7131924935909,170.59390048968905,249.67333333333335,244.29690351673847,248.49304356344098,PPG
WR,2025,00-0035676,A.J. Brown,15.0,11.67073438651135,14.686666666666667,14.37040608921991,14.617237856672999,220.3,167.7131924935909,170.59390048968905,249.67333333333335,244.29690351673847,248.49304356344098,SEASON
WR,2025,00-0035719,Deebo Samuel Sr.,16.0,12.552687552848322,11.6375,7.59510029797254,9.449283475621234,186.2,95.33892097299449,118.613903067766,197.83749999999998,129.11670506553318,160.63781908556098,PPG
WR,2025,00-0035719,Deebo Samuel Sr.,16.0,12.552687552848322,11.6375,7.59510029797254,9.449283475621234,186.2,95.33892097299449,118.613903067766,197.83749999999998,129.11670506553318,160.63781908556098,SEASON
WR,2025,00-0036133,James Proche,6.0,9.906828053837408,2.0833333333333335,1.127552218435941,1.3875186010497291,12.5,11.170465949767786,13.745908202100692,35.41666666666667,19.168387713410997,23.587816217845393,PPG
WR,2025,00-0036133,James Proche,6.0,9.906828053837408,2.0833333333333335,1.127552218435941,1.3875186010497291,12.5,11.170465949767786,13.745908202100692,35.41666666666667,19.168387713410997,23.587816217845393,SEASON
WR,2025,00-0036176,Mason Kinsey,6.0,8.583898304331951,1.1333333333333333,0.5659851973488872,1.4364551760706494,6.8,4.858359375800098,12.330385150121701,19.266666666666666,9.621748354931082,24.41973799320104,PPG
WR,2025,00-0036176,Mason Kinsey,6.0,8.583898304331951,1.1333333333333333,0.5659851973488872,1.4364551760706494,6.8,4.858359375800098,12.330385150121701,19.266666666666666,9.621748354931082,24.41973799320104,SEASON
WR,2025,00-0036182,Nick Westbrook-Ikhine,13.0,12.111710969679836,1.5307692307692307,7.839472937977144,7.915373851228689,19.9,94.94943037940598,95.86872030304345,26.02307692307692,133.27103994561145,134.56135547088772,PPG
WR,2025,00-0036182,Nick Westbrook-Ikhine,13.0,12.111710969679836,1.5307692307692307,7.839472937977144,7.915373851228689,19.9,94.94943037940598,95.86872030304345,26.02307692307692,133.27103994561145,134.56135547088772,SEASON
WR,2025,00-0036196,Gabe Davis,6.0,10.347804637005893,5.15,5.148570509887761,5.519504468573895,30.900000000000002,53.276401796168365,57.1147539338837,87.55000000000001,87.52569866809193,93.83157596575622,PPG
WR,2025,00-0036196,Gabe Davis,6.0,10.347804637005893,5.15,5.148570509887761,5.519504468573895,30.900000000000002,53.276401796168365,57.1147539338837,87.55000000000001,87.52569866809193,93.83157596575622,SEASON
WR,2025,00-0036252,Michael Pittman,17.0,12.993664136016807,11.905882352941177,9.93320541552196,9.816389082996395,202.4,129.0687349633556,127.55086277291717,202.4,168.8644920638733,166.87861441093872,PPG
WR,2025,00-0036252,Michael Pittman,17.0,12.993664136016807,11.905882352941177,9.93320541552196,9.816389082996395,202.4,129.0687349633556,127.55086277291717,202.4,168.8644920638733,166.87861441093872,SEASON
WR,2025,00-0036259,Jauan Jennings,15.0,12.552687552848322,11.486666666666666,12.413361907557778,12.245322389138526,172.29999999999998,155.82105350600204,153.71170593475406,195.27333333333334,211.02715242848222,208.17048061535493,PPG
WR,2025,00-0036259,Jauan Jennings,15.0,12.552687552848322,11.486666666666666,12.413361907557778,12.245322389138526,172.29999999999998,155.82105350600204,153.71170593475406,195.27333333333334,211.02715242848222,208.17048061535493,SEASON
WR,2025,00-0036309,Darnell Mooney,15.0,12.993664136016807,5.353333333333333,10.711733832693795,10.532508110198663,80.29999999999998,139.18467173643123,136.85587289379453,91.00666666666666,182.09947515579452,179.05263787337725,PPG
WR,2025,00-0036309,Darnell Mooney,15.0,12.993664136016807,5.353333333333333,10.711733832693795,10.532508110198663,80.29999999999998,139.18467173643123,136.85587289379453,91.00666666666666,182.09947515579452,179.05263787337725,SEASON
WR,2025,00-0036322,Justin Jefferson,17.0,13.434640719185293,11.852941176470589,16.161463108551164,15.870895317659494,201.5,217.12345035975238,213.21977648455544,201.5,274.7448728453698,269.8052204002114,PPG
WR,2025,00-0036322,Justin Jefferson,17.0,13.434640719185293,11.852941176470589,16.161463108551164,15.870895317659494,201.5,217.12345035975238,213.21977648455544,201.5,274.7448728453698,269.8052204002114,SEASON
WR,2025,00-0036331,Devin Duvernay,17.0,11.67073438651135,0.2705882352941177,2.3553479528398715,2.290795282262327,4.6000000000000005,27.488640345407404,26.735263273156914,4.6000000000000005,40.040915198277816,38.94351979845956,PPG
WR,2025,00-0036331,Devin Duvernay,17.0,11.67073438651135,0.2705882352941177,2.3553479528398715,2.290795282262327,4.6000000000000005,27.488640345407404,26.735263273156914,4.6000000000000005,40.040915198277816,38.94351979845956,SEASON
WR,2025,00-0036358,CeeDee Lamb,13.0,12.552687552848322,15.453846153846152,15.333080560654922,15.211771346894851,200.89999999999998,192.4713695005536,190.94861284294177,262.7153846153846,260.66236953113366,258.60011289721245,PPG
WR,2025,00-0036358,CeeDee Lamb,13.0,12.552687552848322,15.453846153846152,15.333080560654922,15.211771346894851,200.89999999999998,192.4713695005536,190.94861284294177,262.7153846153846,260.66236953113366,258.60011289721245,SEASON
WR,2025,00-0036407,Jerry Jeudy,17.0,13.434640719185293,7.041176470588235,13.224358353182241,12.585978491061717,119.7,177.6645032167603,169.088099126808,119.7,224.81409200409811,213.9616343480492,PPG
WR,2025,00-0036407,Jerry Jeudy,17.0,13.434640719185293,7.041176470588235,13.224358353182241,12.585978491061717,119.7,177.6645032167603,169.088099126808,119.7,224.81409200409811,213.9616343480492,SEASON
WR,2025,00-0036410,Tee Higgins,15.0,11.229757803342865,14.106666666666666,15.095111446469945,15.068845005769843,211.6,169.51444555832606,169.21947979090805,239.8133333333333,256.61689458998904,256.1703650980873,PPG
WR,2025,00-0036410,Tee Higgins,15.0,11.229757803342865,14.106666666666666,15.095111446469945,15.068845005769843,211.6,169.51444555832606,169.21947979090805,239.8133333333333,256.61689458998904,256.1703650980873,SEASON
WR,2025,00-0036415,Van Jefferson,14.0,12.552687552848322,5.0,4.479583743385342,4.191827964283164,70.0,56.23081509753487,52.6187067109388,85.0,76.15292363755081,71.2610753928138,PPG
WR,2025,00-0036415,Van Jefferson,14.0,12.552687552848322,5.0,4.479583743385342,4.191827964283164,70.0,56.23081509753487,52.6187067109388,85.0,76.15292363755081,71.2610753928138,SEASON
WR,2025,00-0036427,Tyler Johnson,9.0,10.788781220174378,4.188888888888889,5.59670270041248,5.293349714693251,37.7,60.381600989109394,57.108791993697956,71.21111111111111,95.14394590701215,89.98694514978527,PPG
WR,2025,00-0036427,Tyler Johnson,9.0,10.788781220174378,4.188888888888889,5.59670270041248,5.293349714693251,37.7,60.381600989109394,57.108791993697956,71.21111111111111,95.14394590701215,89.98694514978527,SEASON
WR,2025,00-0036497,Tim Jones,2.0,9.465851470668921,1.25,1.6609688831663263,1.7128217329791706,2.5,15.722484745455287,16.213316120114573,21.25,28.236471013827547,29.117969460645902,PPG
WR,2025,00-0036497,Tim Jones,2.0,9.465851470668921,1.25,1.6609688831663263,1.7128217329791706,2.5,15.722484745455287,16.213316120114573,21.25,28.236471013827547,29.117969460645902,SEASON
WR,2025,00-0036527,DJ Turner,1.0,11.229757803342865,0.0,3.7768095502049785,3.914022938406225,0.0,42.412656518154215,43.95352963503027,0.0,64.20576235348463,66.53838995290582,PPG
WR,2025,00-0036527,DJ Turner,1.0,11.229757803342865,0.0,3.7768095502049785,3.914022938406225,0.0,42.412656518154215,43.95352963503027,0.0,64.20576235348463,66.53838995290582,SEASON
WR,2025,00-0036550,Rashod Bateman,13.0,12.993664136016807,4.2615384615384615,9.533585363230955,9.202159054519791,55.4,123.87620622186883,119.56976408063615,72.44615384615385,162.07095117492622,156.43670392683646,PPG
WR,2025,00-0036550,Rashod Bateman,13.0,12.993664136016807,4.2615384615384615,9.533585363230955,9.202159054519791,55.4,123.87620622186883,119.56976408063615,72.44615384615385,162.07095117492622,156.43670392683646,SEASON
WR,2025,00-0036554,Nico Collins,15.0,11.229757803342865,15.013333333333335,14.740129121886051,14.796550570018239,225.20000000000005,165.5280800287813,166.16167922621963,255.2266666666667,250.58219507206286,251.54135969031006,PPG
WR,2025,00-0036554,Nico Collins,15.0,11.229757803342865,15.013333333333335,14.740129121886051,14.796550570018239,225.20000000000005,165.5280800287813,166.16167922621963,255.2266666666667,250.58219507206286,251.54135969031006,SEASON
WR,2025,00-0036613,Jaylen Waddle,16.0,12.552687552848322,12.05,8.951286710725853,8.964378410153138,192.8,112.36270527570501,112.52704128815152,204.85000000000002,152.1718740823395,152.39443297260334,PPG
WR,2025,00-0036613,Jaylen Waddle,16.0,12.552687552848322,12.05,8.951286710725853,8.964378410153138,192.8,112.36270527570501,112.52704128815152,204.85000000000002,152.1718740823395,152.39443297260334,SEASON
WR,2025,00-0036620,Dee Eskridge,11.0,8.142921721163464,0.9272727272727274,1.537949980957768,2.1265438110637866,10.200000000000001,12.523406306003945,17.316279790117044,15.763636363636365,26.145149676282056,36.15124478808437,PPG
WR,2025,00-0036620,Dee Eskridge,11.0,8.142921721163464,0.9272727272727274,1.537949980957768,2.1265438110637866,10.200000000000001,12.523406306003945,17.316279790117044,15.763636363636365,26.145149676282056,36.15124478808437,SEASON
WR,2025,00-0036626,Dyami Brown,11.0,12.552687552848322,4.427272727272728,4.978018171108369,4.817616705321156,48.7,62.48750673432479,60.47403725127902,75.26363636363637,84.62630890884228,81.89948399045966,PPG
WR,2025,00-0036626,Dyami Brown,11.0,12.552687552848322,4.427272727272728,4.978018171108369,4.817616705321156,48.7,62.48750673432479,60.47403725127902,75.26363636363637,84.62630890884228,81.89948399045966,SEASON
WR,2025,00-0036630,Tylan Wallace,11.0,11.229757803342865,1.3181818181818181,2.9048142164820328,3.364318647822923,14.5,32.6203601148004,37.78048358832138,22.409090909090907,49.381841680194555,57.193417012989684,PPG
WR,2025,00-0036630,Tylan Wallace,11.0,11.229757803342865,1.3181818181818181,2.9048142164820328,3.364318647822923,14.5,32.6203601148004,37.78048358832138,22.409090909090907,49.381841680194555,57.193417012989684,SEASON
WR,2025,00-0036646,Simi Fehoko,7.0,8.583898304331951,0.0,3.0643563341818774,3.431622298005197,0.0,26.304123140852692,29.456696824954523,0.0,52.09405768109192,58.337579066088345,PPG
WR,2025,00-0036646,Simi Fehoko,7.0,8.583898304331951,0.0,3.0643563341818774,3.431622298005197,0.0,26.304123140852692,29.456696824954523,0.0,52.09405768109192,58.337579066088345,SEASON
WR,2025,00-0036849,Tutu Atwell,8.0,12.552687552848322,3.9000000000000004,7.1696664292426435,6.428876982661748,31.200000000000003,89.99858254442861,80.69968407905121,66.30000000000001,121.88432929712494,109.29090870524972,PPG
WR,2025,00-0036849,Tutu Atwell,8.0,12.552687552848322,3.9000000000000004,7.1696664292426435,6.428876982661748,31.200000000000003,89.99858254442861,80.69968407905121,66.30000000000001,121.88432929712494,109.29090870524972,SEASON
WR,2025,00-0036862,Ben Skowronek,16.0,9.906828053837408,1.05625,1.7491179165723973,2.0758938475720825,16.9,17.328210445369066,20.565523405915584,17.956249999999997,29.735004581730756,35.2901954087254,PPG
WR,2025,00-0036862,Ben Skowronek,16.0,9.906828053837408,1.05625,1.7491179165723973,2.0758938475720825,16.9,17.328210445369066,20.565523405915584,17.956249999999997,29.735004581730756,35.2901954087254,SEASON
WR,2025,00-0036900,Ja'Marr Chase,16.0,13.434640719185293,19.5375,19.67231448019084,19.1831369777663,312.6,264.29047715619026,257.71855316320824,332.13750000000005,334.42934616324425,326.1133286220271,PPG
WR,2025,00-0036900,Ja'Marr Chase,16.0,13.434640719185293,19.5375,19.67231448019084,19.1831369777663,312.6,264.29047715619026,257.71855316320824,332.13750000000005,334.42934616324425,326.1133286220271,SEASON
WR,2025,00-0036912,DeVonta Smith,17.0,11.67073438651135,11.870588235294118,12.768271258090083,13.107799959413475,201.8,149.01510242809647,152.97765171783894,201.8,217.06061138753142,222.83259931002908,PPG
WR,2025,00-0036912,DeVonta Smith,17.0,11.67073438651135,11.870588235294118,12.768271258090083,13.107799959413475,201.8,149.01510242809647,152.97765171783894,201.8,217.06061138753142,222.83259931002908,SEASON
WR,2025,00-0036963,Amon-Ra St. Brown,17.0,13.434640719185293,19.000000000000004,15.554303367517404,15.272736587158215,323.00000000000006,208.96647737981024,205.18372884722677,323.00000000000006,264.42315724779587,259.63652198168967,PPG
WR,2025,00-0036963,Amon-Ra St. Brown,17.0,13.434640719185293,19.000000000000004,15.554303367517404,15.272736587158215,323.00000000000006,208.96647737981024,205.18372884722677,323.00000000000006,264.42315724779587,259.63652198168967,SEASON
WR,2025,00-0036980,Elijah Moore,9.0,13.434640719185293,3.1777777777777776,7.095110408385402,6.813574588343879,28.599999999999998,95.32025919960991,91.53792660777086,54.02222222222222,120.61687694255184,115.83076800184595,PPG
WR,2025,00-0036980,Elijah Moore,9.0,13.434640719185293,3.1777777777777776,7.095110408385402,6.813574588343879,28.599999999999998,95.32025919960991,91.53792660777086,54.02222222222222,120.61687694255184,115.83076800184595,SEASON
WR,2025,00-0036988,Josh Palmer,12.0,12.552687552848322,4.358333333333333,7.476507353179021,6.935999409994025,52.3,93.85026079102926,87.06543346039531,74.09166666666667,127.10062500404335,117.91198996989843,PPG
WR,2025,00-0036988,Josh Palmer,12.0,12.552687552848322,4.358333333333333,7.476507353179021,6.935999409994025,52.3,93.85026079102926,87.06543346039531,74.09166666666667,127.10062500404335,117.91198996989843,SEASON
WR,2025,00-0037091,Bo Melton,13.0,11.67073438651135,1.8615384615384616,2.8638809815342827,2.5377747324063713,24.2,33.42359425006803,29.61769483471468,31.646153846153847,48.6859766860828,43.14217045090831,PPG
WR,2025,00-0037091,Bo Melton,13.0,11.67073438651135,1.8615384615384616,2.8638809815342827,2.5377747324063713,24.2,33.42359425006803,29.61769483471468,31.646153846153847,48.6859766860828,43.14217045090831,SEASON
WR,2025,00-0037093,Dareke Young,8.0,9.024874887500436,0.8500000000000001,1.639441226893982,0.907424048467485,6.800000000000001,14.795751958128402,8.189388507328184,14.450000000000001,27.870500857197694,15.426208823947245,PPG
WR,2025,00-0037093,Dareke Young,8.0,9.024874887500436,0.8500000000000001,1.639441226893982,0.907424048467485,6.800000000000001,14.795751958128402,8.189388507328184,14.450000000000001,27.870500857197694,15.426208823947245,SEASON
WR,2025,00-0037132,Britain Covey,6.0,8.142921721163464,0.6666666666666667,2.0272286245469737,2.694100558834388,4.0,16.507564000587887,21.937849959531164,11.333333333333334,34.46288661729855,45.79970950018459,PPG
WR,2025,00-0037132,Britain Covey,6.0,8.142921721163464,0.6666666666666667,2.0272286245469737,2.694100558834388,4.0,16.507564000587887,21.937849959531164,11.333333333333334,34.46288661729855,45.79970950018459,SEASON
WR,2025,00-0037231,Kevin Austin Jr.,5.0,9.465851470668921,6.6000000000000005,3.479597958022757,4.002149250667604,33.0,32.93735744828629,37.883750370268466,112.2,59.15316528638687,68.03653726134927,PPG
WR,2025,00-0037231,Kevin Austin Jr.,5.0,9.465851470668921,6.6000000000000005,3.479597958022757,4.002149250667604,33.0,32.93735744828629,37.883750370268466,112.2,59.15316528638687,68.03653726134927,SEASON
WR,2025,00-0037238,Drake London,12.0,13.434640719185293,16.74166666666667,14.431107935142904,14.109711217198694,200.90000000000003,193.87675028842884,189.55890085452305,284.6083333333334,245.32883489742937,239.8650906923778,PPG
WR,2025,00-0037238,Drake London,12.0,13.434640719185293,16.74166666666667,14.431107935142904,14.109711217198694,200.90000000000003,193.87675028842884,189.55890085452305,284.6083333333334,245.32883489742937,239.8650906923778,SEASON
WR,2025,00-0037239,Chris Olave,16.0,9.465851470668921,16.89375,8.502380591118587,9.158697358874756,270.3,80.48227182262677,86.69486886391617,287.19375,144.540470049016,155.69785510087084,PPG
WR,2025,00-0037239,Chris Olave,16.0,9.465851470668921,16.89375,8.502380591118587,9.158697358874756,270.3,80.48227182262677,86.69486886391617,287.19375,144.540470049016,155.69785510087084,SEASON
WR,2025,00-0037240,Jameson Williams,17.0,12.552687552848322,12.935294117647059,11.83052589560416,11.93239080989926,219.9,148.50489515340007,149.78357359514416,219.9,201.1189402252707,202.85064376828743,PPG
WR,2025,00-0037240,Jameson Williams,17.0,12.552687552848322,12.935294117647059,11.83052589560416,11.93239080989926,219.9,148.50489515340007,149.78357359514416,219.9,201.1189402252707,202.85064376828743,SEASON
WR,2025,00-0037247,George Pickens,17.0,12.111710969679836,16.93529411764706,10.322140482602169,10.793171020602491,287.90000000000003,125.01878211370901,130.7237678478617,287.90000000000003,175.47638820423688,183.48390735024236,PPG
WR,2025,00-0037247,George Pickens,17.0,12.111710969679836,16.93529411764706,10.322140482602169,10.793171020602491,287.90000000000003,125.01878211370901,130.7237678478617,287.90000000000003,175.47638820423688,183.48390735024236,SEASON
WR,2025,00-0037261,Khalil Shakir,16.0,12.552687552848322,10.3375,10.882795681861863,10.995681536500967,165.4,136.60833389589888,138.02535475831982,175.7375,185.00752659165167,186.92658612051645,PPG
WR,2025,00-0037261,Khalil Shakir,16.0,12.552687552848322,10.3375,10.882795681861863,10.995681536500967,165.4,136.60833389589888,138.02535475831982,175.7375,185.00752659165167,186.92658612051645,SEASON
WR,2025,00-0037291,Jalen Nailor,17.0,12.552687552848322,5.923529411764706,5.835312544702941,6.029605673743953,100.7,73.24885514687227,75.68775608938934,100.7,99.20031325995,102.50329645364721,PPG
WR,2025,00-0037291,Jalen Nailor,17.0,12.552687552848322,5.923529411764706,5.835312544702941,6.029605673743953,100.7,73.24885514687227,75.68775608938934,100.7,99.20031325995,102.50329645364721,SEASON
WR,2025,00-0037487,Deven Thompkins,7.0,8.142921721163464,0.8857142857142857,0.9572559954458985,2.0398322569706377,6.199999999999999,7.794860638030361,16.6101943928161,15.057142857142857,16.273351922580275,34.677148368500845,PPG
WR,2025,00-0037487,Deven Thompkins,7.0,8.142921721163464,0.8857142857142857,0.9572559954458985,2.0398322569706377,6.199999999999999,7.794860638030361,16.6101943928161,15.057142857142857,16.273351922580275,34.677148368500845,SEASON
WR,2025,00-0037545,Rashid Shaheed,18.0,8.583898304331951,7.977777777777778,9.913026307588202,11.188850224580642,143.6,85.09240971250439,96.04395247020194,135.62222222222223,168.52144722899945,190.21045381787093,PPG
WR,2025,00-0037545,Rashid Shaheed,18.0,8.583898304331951,7.977777777777778,9.913026307588202,11.188850224580642,143.6,85.09240971250439,96.04395247020194,135.62222222222223,168.52144722899945,190.21045381787093,SEASON
WR,2025,00-0037614,John Metchie III,13.0,10.347804637005893,5.569230769230769,5.386138256511426,5.608682750543639,72.39999999999999,55.73470642628377,58.03755337357043,94.67692307692307,91.56435036069425,95.34760675924186,PPG
WR,2025,00-0037614,John Metchie III,13.0,10.347804637005893,5.569230769230769,5.386138256511426,5.608682750543639,72.39999999999999,55.73470642628377,58.03755337357043,94.67692307692307,91.56435036069425,95.34760675924186,SEASON
WR,2025,00-0037664,Alec Pierce,15.0,12.993664136016807,12.219999999999999,9.21008200480071,8.91586403971591,183.29999999999998,119.67271223555278,115.84974281445855,207.73999999999998,156.57139408161208,151.56968867517045,PPG
WR,2025,00-0037664,Alec Pierce,15.0,12.993664136016807,12.219999999999999,9.21008200480071,8.91586403971591,183.29999999999998,119.67271223555278,115.84974281445855,207.73999999999998,156.57139408161208,151.56968867517045,SEASON
WR,2025,00-0037666,Jalen Tolbert,12.0,13.434640719185293,3.858333333333334,8.33674848463141,7.674722209904613,46.300000000000004,112.00122065723544,103.10713550962025,65.59166666666667,141.72472423873398,130.4702775683784,PPG
WR,2025,00-0037666,Jalen Tolbert,12.0,13.434640719185293,3.858333333333334,8.33674848463141,7.674722209904613,46.300000000000004,112.00122065723544,103.10713550962025,65.59166666666667,141.72472423873398,130.4702775683784,SEASON
WR,2025,00-0037740,Garrett Wilson,7.0,13.434640719185293,14.071428571428573,12.689108207571804,12.677391704418651,98.50000000000001,170.47360981559245,170.31620280524464,239.21428571428575,215.71483952872066,215.51565897511708,PPG
WR,2025,00-0037740,Garrett Wilson,7.0,13.434640719185293,14.071428571428573,12.689108207571804,12.677391704418651,98.50000000000001,170.47360981559245,170.31620280524464,239.21428571428575,215.71483952872066,215.51565897511708,SEASON
WR,2025,00-0037741,Jahan Dotson,15.0,12.111710969679836,3.3466666666666667,4.292906677347683,3.462354563443658,50.2,51.99444489584375,41.93503774698159,56.89333333333333,72.97941351491062,58.86002757854219,PPG
WR,2025,00-0037741,Jahan Dotson,15.0,12.111710969679836,3.3466666666666667,4.292906677347683,3.462354563443658,50.2,51.99444489584375,41.93503774698159,56.89333333333333,72.97941351491062,58.86002757854219,SEASON
WR,2025,00-0037742,Treylon Burks,8.0,8.142921721163464,3.625,1.4423692777221393,2.2952652819780073,29.0,11.745100121502466,18.6901655204511,61.625,24.52027772127637,39.01950979362612,PPG
WR,2025,00-0037742,Treylon Burks,8.0,8.142921721163464,3.625,1.4423692777221393,2.2952652819780073,29.0,11.745100121502466,18.6901655204511,61.625,24.52027772127637,39.01950979362612,SEASON
WR,2025,00-0037801,KaVontae Turpin,15.0,13.434640719185293,5.566666666666668,5.5034349641817935,5.355092610402088,83.50000000000003,73.93667146518477,71.94374523871615,94.63333333333335,93.55839439109049,91.03657437683549,PPG
WR,2025,00-0037801,KaVontae Turpin,15.0,13.434640719185293,5.566666666666668,5.5034349641817935,5.355092610402088,83.50000000000003,73.93667146518477,71.94374523871615,94.63333333333335,93.55839439109049,91.03657437683549,SEASON
WR,2025,00-0037816,Romeo Doubs,16.0,11.67073438651135,10.275,9.256698482171599,8.96344917370132,164.4,108.0324692814475,104.61003449326276,174.675,157.36387419691718,152.37863595292245,PPG
WR,2025,00-0037816,Romeo Doubs,16.0,11.67073438651135,10.275,9.256698482171599,8.96344917370132,164.4,108.0324692814475,104.61003449326276,174.675,157.36387419691718,152.37863595292245,SEASON
WR,2025,00-0037837,Calvin Austin III,14.0,13.434640719185293,6.1571428571428575,6.699540672695305,6.4364894494211375,86.2,90.00592192123037,86.47192324579974,104.67142857142858,113.89219143582018,109.42032064015933,PPG
WR,2025,00-0037837,Calvin Austin III,14.0,13.434640719185293,6.1571428571428575,6.699540672695305,6.4364894494211375,86.2,90.00592192123037,86.47192324579974,104.67142857142858,113.89219143582018,109.42032064015933,SEASON
WR,2025,00-0038090,Skyy Moore,17.0,7.260968554826494,0.8705882352941177,0.9649779516096849,1.0621368416607115,14.8,7.006674562738804,7.712142208221153,14.8,16.404625177364643,18.056326308232094,PPG
WR,2025,00-0038090,Skyy Moore,17.0,7.260968554826494,0.8705882352941177,0.9649779516096849,1.0621368416607115,14.8,7.006674562738804,7.712142208221153,14.8,16.404625177364643,18.056326308232094,SEASON
WR,2025,00-0038104,Tyquan Thornton,12.0,7.701945137994979,6.733333333333333,2.3163537990024574,2.9115687445215053,80.8,17.840429880103176,22.42474273580555,114.46666666666667,39.378014583041775,49.49666865686559,PPG
WR,2025,00-0038104,Tyquan Thornton,12.0,7.701945137994979,6.733333333333333,2.3163537990024574,2.9115687445215053,80.8,17.840429880103176,22.42474273580555,114.46666666666667,39.378014583041775,49.49666865686559,SEASON
WR,2025,00-0038117,Wan'Dale Robinson,16.0,13.434640719185293,13.55625,10.62352660243124,9.92929630176705,216.9,142.72326307437092,133.39652840857553,230.45625,180.59995224133107,168.79803713003983,PPG
WR,2025,00-0038117,Wan'Dale Robinson,16.0,13.434640719185293,13.55625,10.62352660243124,9.92929630176705,216.9,142.72326307437092,133.39652840857553,230.45625,180.59995224133107,168.79803713003983,SEASON
WR,2025,00-0038124,Christian Watson,10.0,12.111710969679836,13.24,7.580396932125839,7.346206289249354,132.4,91.8115766773559,88.9751272990324,225.08,128.86674784613928,124.88550691723901,PPG
WR,2025,00-0038124,Christian Watson,10.0,12.111710969679836,13.24,7.580396932125839,7.346206289249354,132.4,91.8115766773559,88.9751272990324,225.08,128.86674784613928,124.88550691723901,SEASON
WR,2025,00-0038359,Xavier Smith,16.0,12.111710969679836,3.01875,1.5154395378122654,1.257643368248329,48.3,18.354565674007354,15.232212979158383,51.318749999999994,25.762472142808512,21.379937260221592,PPG
WR,2025,00-0038359,Xavier Smith,16.0,12.111710969679836,3.01875,1.5154395378122654,1.257643368248329,48.3,18.354565674007354,15.232212979158383,51.318749999999994,25.762472142808512,21.379937260221592,SEASON
WR,2025,00-0038393,Dontayvion Wicks,13.0,13.434640719185293,5.830769230769231,6.846755370085505,6.273246361971264,75.80000000000001,91.9836984892513,84.27881101602014,99.12307692307694,116.39484129145359,106.64518815351148,PPG
WR,2025,00-0038393,Dontayvion Wicks,13.0,13.434640719185293,5.830769230769231,6.846755370085505,6.273246361971264,75.80000000000001,91.9836984892513,84.27881101602014,99.12307692307694,116.39484129145359,106.64518815351148,SEASON
WR,2025,00-0038465,Malik Heath,7.0,8.142921721163464,2.085714285714286,4.26354145921232,5.44463628815919,14.600000000000001,34.71768435730097,44.33524709468629,35.45714285714286,72.48020480660944,92.55881689870623,PPG
WR,2025,00-0038465,Malik Heath,7.0,8.142921721163464,2.085714285714286,4.26354145921232,5.44463628815919,14.600000000000001,34.71768435730097,44.33524709468629,35.45714285714286,72.48020480660944,92.55881689870623,SEASON
WR,2025,00-0038496,Xavier Gipson,6.0,13.434640719185293,0.43333333333333335,2.2437992913699185,1.5566610823188414,2.6,30.14463732551741,20.913182362491757,7.366666666666667,38.144587953288614,26.4632383994203,PPG
WR,2025,00-0038496,Xavier Gipson,6.0,13.434640719185293,0.43333333333333335,2.2437992913699185,1.5566610823188414,2.6,30.14463732551741,20.913182362491757,7.366666666666667,38.144587953288614,26.4632383994203,SEASON
WR,2025,00-0038519,Nikko Remigio,14.0,8.142921721163464,0.30000000000000004,2.2456900529374106,1.994269231452183,4.200000000000001,18.286478311064773,16.239178242639948,5.1000000000000005,38.17673089993598,33.90257693468711,PPG
WR,2025,00-0038519,Nikko Remigio,14.0,8.142921721163464,0.30000000000000004,2.2456900529374106,1.994269231452183,4.200000000000001,18.286478311064773,16.239178242639948,5.1000000000000005,38.17673089993598,33.90257693468711,SEASON
WR,2025,00-0038543,Jaxon Smith-Njigba,17.0,13.434640719185293,20.994117647058825,13.035600095603357,13.102285193232436,356.90000000000003,175.12860384340854,176.02449417137902,356.90000000000003,221.60520162525705,222.73884828495142,PPG
WR,2025,00-0038543,Jaxon Smith-Njigba,17.0,13.434640719185293,20.994117647058825,13.035600095603357,13.102285193232436,356.90000000000003,175.12860384340854,176.02449417137902,356.90000000000003,221.60520162525705,222.73884828495142,SEASON
WR,2025,00-0038544,Quentin Johnston,13.0,12.552687552848322,13.092307692307694,10.415144496808725,10.159448213603003,170.20000000000002,130.7380546862076,127.52837913470154,222.56923076923078,177.05745644574833,172.71061963125106,PPG
WR,2025,00-0038544,Quentin Johnston,13.0,12.552687552848322,13.092307692307694,10.415144496808725,10.159448213603003,170.20000000000002,130.7380546862076,127.52837913470154,222.56923076923078,177.05745644574833,172.71061963125106,SEASON
WR,2025,00-0038559,Michael Wilson,17.0,12.993664136016807,12.976470588235294,7.123447906693608,7.073030692986258,220.6,92.55968958998874,91.90458524840165,220.6,121.09861441379134,120.24152178076639,PPG
WR,2025,00-0038559,Michael Wilson,17.0,12.993664136016807,12.976470588235294,7.123447906693608,7.073030692986258,220.6,92.55968958998874,91.90458524840165,220.6,121.09861441379134,120.24152178076639,SEASON
WR,2025,00-0038563,Tre Tucker,17.0,13.434640719185293,9.511764705882353,6.996322266516271,7.04721416710783,161.7,93.99307600628224,94.67679040624633,161.7,118.93747853077662,119.8026408408331,PPG
WR,2025,00-0038563,Tre Tucker,17.0,13.434640719185293,9.511764705882353,6.996322266516271,7.04721416710783,161.7,93.99307600628224,94.67679040624633,161.7,118.93747853077662,119.8026408408331,SEASON
WR,2025,00-0038573,Derius Davis,11.0,12.552687552848322,0.3181818181818182,2.8027722934620516,3.0273244564928277,3.5,35.18232488160924,38.00105802345083,5.409090909090909,47.647128988854874,51.46451576037807,PPG
WR,2025,00-0038573,Derius Davis,11.0,12.552687552848322,0.3181818181818182,2.8027722934620516,3.0273244564928277,3.5,35.18232488160924,38.00105802345083,5.409090909090909,47.647128988854874,51.46451576037807,SEASON
WR,2025,00-0038576,Charlie Jones,14.0,9.024874887500436,0.0,0.507565223792552,1.0680699902282473,0.0,4.580712641973942,9.639198032903746,0.0,8.628608804473384,18.157189833880203,PPG
WR,2025,00-0038576,Charlie Jones,14.0,9.024874887500436,0.0,0.507565223792552,1.0680699902282473,0.0,4.580712641973942,9.639198032903746,0.0,8.628608804473384,18.157189833880203,SEASON
WR,2025,00-0038606,Parker Washington,16.0,12.111710969679836,10.79375,5.918856013520913,6.056673786554489,172.7,71.6874733069167,73.35668234038431,183.49374999999998,100.62055222985552,102.96345437142631,PPG
WR,2025,00-0038606,Parker Washington,16.0,12.111710969679836,10.79375,5.918856013520913,6.056673786554489,172.7,71.6874733069167,73.35668234038431,183.49374999999998,100.62055222985552,102.96345437142631,SEASON
WR,2025,00-0038608,Kayshon Boutte,14.0,12.552687552848322,8.864285714285714,7.845698305056471,7.720986290868429,124.1,98.48459945728554,96.91912850909667,150.69285714285712,133.37687118596,131.25676694476329,PPG
WR,2025,00-0038608,Kayshon Boutte,14.0,12.552687552848322,8.864285714285714,7.845698305056471,7.720986290868429,124.1,98.48459945728554,96.91912850909667,150.69285714285712,133.37687118596,131.25676694476329,SEASON
WR,2025,00-0038618,Xavier Hutchinson,16.0,12.111710969679836,6.125000000000001,2.8916839093910918,2.434628747175329,98.00000000000001,35.023239726218755,29.48751970426131,104.12500000000001,49.15862645964856,41.3886887019806,PPG
WR,2025,00-0038618,Xavier Hutchinson,16.0,12.111710969679836,6.125000000000001,2.8916839093910918,2.434628747175329,98.00000000000001,35.023239726218755,29.48751970426131,104.12500000000001,49.15862645964856,41.3886887019806,SEASON
WR,2025,00-0038619,Andrei Iosivas,15.0,13.434640719185293,5.993333333333334,6.41028888796862,6.1787703197451656,89.9,86.11992811604424,83.00955933214193,101.88666666666668,108.97491109546654,105.03909543566782,PPG
WR,2025,00-0038619,Andrei Iosivas,15.0,13.434640719185293,5.993333333333334,6.41028888796862,6.1787703197451656,89.9,86.11992811604424,83.00955933214193,101.88666666666668,108.97491109546654,105.03909543566782,SEASON
WR,2025,00-0038621,DeMario Douglas,16.0,12.993664136016807,5.9875,8.50150652880999,8.358425499991764,95.8,110.46572048551111,108.60657365281133,101.7875,144.52561098976983,142.09323349986,PPG
WR,2025,00-0038621,DeMario Douglas,16.0,12.993664136016807,5.9875,8.50150652880999,8.358425499991764,95.8,110.46572048551111,108.60657365281133,101.7875,144.52561098976983,142.09323349986,SEASON
WR,2025,00-0038640,Jalen Brooks,5.0,11.229757803342865,1.62,3.8612447112148063,3.4065926280647623,8.100000000000001,43.36084292638084,38.25521014782054,27.540000000000003,65.64116009065171,57.91207467710096,PPG
WR,2025,00-0038640,Jalen Brooks,5.0,11.229757803342865,1.62,3.8612447112148063,3.4065926280647623,8.100000000000001,43.36084292638084,38.25521014782054,27.540000000000003,65.64116009065171,57.91207467710096,SEASON
WR,2025,00-0038647,Ronnie Bell,2.0,7.701945137994979,5.15,1.542030921524448,2.155921582105403,10.3,11.87663755867314,16.604789747195152,87.55000000000001,26.214525665915616,36.65066689579186,PPG
WR,2025,00-0038647,Ronnie Bell,2.0,7.701945137994979,5.15,1.542030921524448,2.155921582105403,10.3,11.87663755867314,16.604789747195152,87.55000000000001,26.214525665915616,36.65066689579186,SEASON
WR,2025,00-0038752,Jake Bobo,5.0,11.229757803342865,0.8,2.7332691551849804,2.765926819681616,4.0,30.693950624074894,31.06068828679494,13.600000000000001,46.465575638144664,47.02075593458747,PPG
WR,2025,00-0038752,Jake Bobo,5.0,11.229757803342865,0.8,2.7332691551849804,2.765926819681616,4.0,30.693950624074894,31.06068828679494,13.600000000000001,46.465575638144664,47.02075593458747,SEASON
WR,2025,00-0038824,Ryan Miller,9.0,9.906828053837408,1.2666666666666666,3.564785807996448,3.851775492120753,11.399999999999999,35.315720048580665,38.15887750242526,21.53333333333333,60.60135873593962,65.4801833660528,PPG
WR,2025,00-0038824,Ryan Miller,9.0,9.906828053837408,1.2666666666666666,3.564785807996448,3.851775492120753,11.399999999999999,35.315720048580665,38.15887750242526,21.53333333333333,60.60135873593962,65.4801833660528,SEASON
WR,2025,00-0038938,Jalin Hyatt,6.0,10.347804637005893,1.4166666666666667,2.5117477549425837,2.257365504212022,8.5,25.99107506558401,23.35877723190231,24.083333333333336,42.69971183402392,38.37521357160438,PPG
WR,2025,00-0038938,Jalin Hyatt,6.0,10.347804637005893,1.4166666666666667,2.5117477549425837,2.257365504212022,8.5,25.99107506558401,23.35877723190231,24.083333333333336,42.69971183402392,38.37521357160438,SEASON
WR,2025,00-0038976,Marvin Mims Jr.,15.0,13.434640719185293,5.866666666666667,7.098583397602176,6.937953829630769,88.0,95.36691756195887,93.20891702738507,99.73333333333335,120.67591775923698,117.94521510372307,PPG
WR,2025,00-0038976,Marvin Mims Jr.,15.0,13.434640719185293,5.866666666666667,7.098583397602176,6.937953829630769,88.0,95.36691756195887,93.20891702738507,99.73333333333335,120.67591775923698,117.94521510372307,SEASON
WR,2025,00-0038979,Cedric Tillman,12.0,9.906828053837408,5.0,6.979702095067891,8.194450726648284,60.0,69.14670852284631,81.18101434454756,85.0,118.65493561615415,139.30566235302084,PPG
WR,2025,00-0038979,Cedric Tillman,12.0,9.906828053837408,5.0,6.979702095067891,8.194450726648284,60.0,69.14670852284631,81.18101434454756,85.0,118.65493561615415,139.30566235302084,SEASON
WR,2025,00-0038994,Jordan Addison,14.0,12.552687552848322,9.65,11.390906703232348,12.101548564109777,135.1,142.9864927893212,151.90695803089028,164.05,193.64541395494993,205.7263255898662,PPG
WR,2025,00-0038994,Jordan Addison,14.0,12.552687552848322,9.65,11.390906703232348,12.101548564109777,135.1,142.9864927893212,151.90695803089028,164.05,193.64541395494993,205.7263255898662,SEASON
WR,2025,00-0038997,Josh Downs,16.0,12.111710969679836,8.6625,12.092034472477538,11.434398817376186,138.6,146.45522656605291,138.4901335881093,147.2625,205.56458603211814,194.38477989539516,PPG
WR,2025,00-0038997,Josh Downs,16.0,12.111710969679836,8.6625,12.092034472477538,11.434398817376186,138.6,146.45522656605291,138.4901335881093,147.2625,205.56458603211814,194.38477989539516,SEASON
WR,2025,00-0039062,Jonathan Mingo,5.0,12.111710969679836,0.7,3.856523162231553,3.046656370953279,3.5,46.70909388882426,36.90022138891978,11.899999999999999,65.5608937579364,51.79315830620574,PPG
WR,2025,00-0039062,Jonathan Mingo,5.0,12.111710969679836,0.7,3.856523162231553,3.046656370953279,3.5,46.70909388882426,36.90022138891978,11.899999999999999,65.5608937579364,51.79315830620574,SEASON
WR,2025,00-0039064,Zay Flowers,17.0,13.434640719185293,14.13529411764706,11.84560248387364,11.336741400967215,240.3,159.14141347313125,152.30504764830786,240.3,201.37524222585188,192.72460381644265,PPG
WR,2025,00-0039064,Zay Flowers,17.0,13.434640719185293,14.13529411764706,11.84560248387364,11.336741400967215,240.3,159.14141347313125,152.30504764830786,240.3,201.37524222585188,192.72460381644265,SEASON
WR,2025,00-0039067,Rashee Rice,8.0,7.701945137994979,18.5125,12.364598164500313,13.896486705050792,148.1,95.23145671633483,107.02997821317781,314.7125,210.1981687965053,236.24027398586347,PPG
WR,2025,00-0039067,Rashee Rice,8.0,7.701945137994979,18.5125,12.364598164500313,13.896486705050792,148.1,95.23145671633483,107.02997821317781,314.7125,210.1981687965053,236.24027398586347,SEASON
WR,2025,00-0039075,Puka Nacua,16.0,10.788781220174378,23.375,15.946756153802658,16.796028223727557,374.0,172.04606331484632,181.2086738736707,397.375,271.0948546146452,285.53247980336846,PPG
WR,2025,00-0039075,Puka Nacua,16.0,10.788781220174378,23.375,15.946756153802658,16.796028223727557,374.0,172.04606331484632,181.2086738736707,397.375,271.0948546146452,285.53247980336846,SEASON
WR,2025,00-0039146,Jayden Reed,5.0,13.434640719185293,9.700000000000001,9.902623382256367,10.038431573663605,48.50000000000001,133.03818731801778,134.86272157629637,164.9,168.34459749835824,170.6533367522813,PPG
WR,2025,00-0039146,Jayden Reed,5.0,13.434640719185293,9.700000000000001,9.902623382256367,10.038431573663605,48.50000000000001,133.03818731801778,134.86272157629637,164.9,168.34459749835824,170.6533367522813,SEASON
WR,2025,00-0039337,Malik Nabers,4.0,12.552687552848322,14.275,15.892069852347667,15.674454521190544,57.1,199.48818742456064,196.75653016583564,242.675,270.16518748991035,266.4657268602393,PPG
WR,2025,00-0039337,Malik Nabers,4.0,12.552687552848322,14.275,15.892069852347667,15.674454521190544,57.1,199.48818742456064,196.75653016583564,242.675,270.16518748991035,266.4657268602393,SEASON
WR,2025,00-0039342,Xavier Legette,15.0,12.552687552848322,5.886666666666667,7.983773468111489,7.801649934978439,88.3,100.21781383792377,97.93167403048378,100.07333333333334,135.72414895789532,132.62804889463345,PPG
WR,2025,00-0039342,Xavier Legette,15.0,12.552687552848322,5.886666666666667,7.983773468111489,7.801649934978439,88.3,100.21781383792377,97.93167403048378,100.07333333333334,135.72414895789532,132.62804889463345,SEASON
WR,2025,00-0039355,Luke McCaffrey,9.0,11.67073438651135,5.700000000000001,3.6353782576471176,3.171961967551228,51.30000000000001,42.427534039497935,37.019125607406316,96.90000000000002,61.801430380001,53.923353448370875,PPG
WR,2025,00-0039355,Luke McCaffrey,9.0,11.67073438651135,5.700000000000001,3.6353782576471176,3.171961967551228,51.30000000000001,42.427534039497935,37.019125607406316,96.90000000000002,61.801430380001,53.923353448370875,SEASON
WR,2025,00-0039379,Jamari Thrash,8.0,8.583898304331951,2.5875000000000004,1.3613861866393315,1.683456857649674,20.700000000000003,11.6860005790343,14.450622465795032,43.987500000000004,23.143565172868637,28.618766580044458,PPG
WR,2025,00-0039379,Jamari Thrash,8.0,8.583898304331951,2.5875000000000004,1.3613861866393315,1.683456857649674,20.700000000000003,11.6860005790343,14.450622465795032,43.987500000000004,23.143565172868637,28.618766580044458,SEASON
WR,2025,00-0039410,Ryan Flournoy,15.0,9.906828053837408,7.6000000000000005,2.8048205987352266,2.7913833149499307,114.00000000000001,27.78687539353118,27.653754533559635,129.20000000000002,47.68195017849885,47.453516354148825,PPG
WR,2025,00-0039410,Ryan Flournoy,15.0,9.906828053837408,7.6000000000000005,2.8048205987352266,2.7913833149499307,114.00000000000001,27.78687539353118,27.653754533559635,129.20000000000002,47.68195017849885,47.453516354148825,SEASON
WR,2025,00-0039424,Devaughn Vele,9.0,11.67073438651135,7.366666666666667,7.238113049334385,7.308206041216614,66.30000000000001,84.47409485832333,85.29213154893672,125.23333333333335,123.04792183868454,124.23950270068244,PPG
WR,2025,00-0039424,Devaughn Vele,9.0,11.67073438651135,7.366666666666667,7.238113049334385,7.308206041216614,66.30000000000001,84.47409485832333,85.29213154893672,125.23333333333335,123.04792183868454,124.23950270068244,SEASON
WR,2025,00-0039451,Isaiah Williams,15.0,9.465851470668921,3.246666666666667,1.1237916999674005,1.1466506424903629,48.7,10.637645315861946,10.854024670560865,55.19333333333334,19.10445889944581,19.49306092233617,PPG
WR,2025,00-0039451,Isaiah Williams,15.0,9.465851470668921,3.246666666666667,1.1237916999674005,1.1466506424903629,48.7,10.637645315861946,10.854024670560865,55.19333333333334,19.10445889944581,19.49306092233617,SEASON
WR,2025,00-0039491,Jalen Coker,11.0,10.788781220174378,8.127272727272727,7.312386130218556,8.019474452033233,89.39999999999999,78.89173415636556,86.52035536376435,138.16363636363636,124.31056421371545,136.33106568456495,PPG
WR,2025,00-0039491,Jalen Coker,11.0,10.788781220174378,8.127272727272727,7.312386130218556,8.019474452033233,89.39999999999999,78.89173415636556,86.52035536376435,138.16363636363636,124.31056421371545,136.33106568456495,SEASON
WR,2025,00-0039589,Kameron Johnson,17.0,7.701945137994979,1.0411764705882351,1.1102642625262622,1.1644804239573532,17.699999999999996,8.551194438653727,8.968764339588668,17.699999999999996,18.874492462946456,19.796167207275005,PPG
WR,2025,00-0039589,Kameron Johnson,17.0,7.701945137994979,1.0411764705882351,1.1102642625262622,1.1644804239573532,17.699999999999996,8.551194438653727,8.968764339588668,17.699999999999996,18.874492462946456,19.796167207275005,SEASON
WR,2025,00-0039623,Mason Tipton,8.0,9.906828053837408,2.4250000000000003,2.837231733817114,3.354072711092326,19.400000000000002,28.10796693581713,33.22822162885995,41.225,48.232939474890934,57.01923608856954,PPG
WR,2025,00-0039623,Mason Tipton,8.0,9.906828053837408,2.4250000000000003,2.837231733817114,3.354072711092326,19.400000000000002,28.10796693581713,33.22822162885995,41.225,48.232939474890934,57.01923608856954,SEASON
WR,2025,00-0039650,Bryce Oliver,2.0,9.465851470668921,0.9,2.6553660427325303,2.516731266930772,1.8,25.135300560764037,23.823004364355107,15.3,45.141222726453016,42.784431537823124,PPG
WR,2025,00-0039650,Bryce Oliver,2.0,9.465851470668921,0.9,2.6553660427325303,2.516731266930772,1.8,25.135300560764037,23.823004364355107,15.3,45.141222726453016,42.784431537823124,SEASON
WR,2025,00-0039751,Jordan Whittington,15.0,12.111710969679836,2.42,4.299002655224353,3.87312091376078,36.3,52.06827761796353,46.91012105809283,41.14,73.083045138814,65.84305553393327,PPG
WR,2025,00-0039751,Jordan Whittington,15.0,12.111710969679836,2.42,4.299002655224353,3.87312091376078,36.3,52.06827761796353,46.91012105809283,41.14,73.083045138814,65.84305553393327,SEASON
WR,2025,00-0039792,Devontez Walker,8.0,7.260968554826494,4.7,1.447641259352917,2.8502207828884427,37.6,10.511277662830956,20.695363478865936,79.9,24.60990140899959,48.453753309103526,PPG
WR,2025,00-0039792,Devontez Walker,8.0,7.260968554826494,4.7,1.447641259352917,2.8502207828884427,37.6,10.511277662830956,20.695363478865936,79.9,24.60990140899959,48.453753309103526,SEASON
WR,2025,00-0039816,Anthony Gould,11.0,9.465851470668921,0.23636363636363636,1.2400728914719865,1.2631968079496696,2.6,11.738345803476765,11.957233362274668,4.0181818181818185,21.08123915502377,21.474345735144382,PPG
WR,2025,00-0039816,Anthony Gould,11.0,9.465851470668921,0.23636363636363636,1.2400728914719865,1.2631968079496696,2.6,11.738345803476765,11.957233362274668,4.0181818181818185,21.08123915502377,21.474345735144382,SEASON
WR,2025,00-0039849,Marvin Harrison Jr.,12.0,13.434640719185293,10.649999999999999,10.65195570948592,10.079453031117195,127.79999999999998,143.10519791361781,135.4138301189627,181.04999999999998,181.08324706126064,171.35070152899232,PPG
WR,2025,00-0039849,Marvin Harrison Jr.,12.0,13.434640719185293,10.649999999999999,10.65195570948592,10.079453031117195,127.79999999999998,143.10519791361781,135.4138301189627,181.04999999999998,181.08324706126064,171.35070152899232,SEASON
WR,2025,00-0039855,Jalen McMillan,4.0,11.67073438651135,7.4750000000000005,8.552778060162082,8.885866218169115,29.900000000000002,99.81720100693344,103.70458442632585,127.075,145.39722702275537,151.05972570887496,PPG
WR,2025,00-0039855,Jalen McMillan,4.0,11.67073438651135,7.4750000000000005,8.552778060162082,8.885866218169115,29.900000000000002,99.81720100693344,103.70458442632585,127.075,145.39722702275537,151.05972570887496,SEASON
WR,2025,00-0039868,Troy Franklin,17.0,12.993664136016807,10.358823529411765,5.0024980919748945,4.39029737628538,176.10000000000002,65.0007800481867,57.04604956468803,176.10000000000002,85.04246756357321,74.63505539685146,PPG
WR,2025,00-0039868,Troy Franklin,17.0,12.993664136016807,10.358823529411765,5.0024980919748945,4.39029737628538,176.10000000000002,65.0007800481867,57.04604956468803,176.10000000000002,85.04246756357321,74.63505539685146,SEASON
WR,2025,00-0039880,Malik Washington,17.0,12.111710969679836,6.452941176470589,4.0224077246258805,4.4478447194322746,109.70000000000002,48.71823976287618,53.87100967978041,109.70000000000002,68.38093131863997,75.61336023034866,PPG
WR,2025,00-0039880,Malik Washington,17.0,12.111710969679836,6.452941176470589,4.0224077246258805,4.4478447194322746,109.70000000000002,48.71823976287618,53.87100967978041,109.70000000000002,68.38093131863997,75.61336023034866,SEASON
WR,2025,00-0039890,Adonai Mitchell,16.0,13.434640719185293,5.456250000000001,4.567889613791094,3.7545329071162685,87.30000000000001,61.367955806181406,50.440800675465354,92.75625000000001,77.65412343444859,63.82705942097657,PPG
WR,2025,00-0039890,Adonai Mitchell,16.0,13.434640719185293,5.456250000000001,4.567889613791094,3.7545329071162685,87.30000000000001,61.367955806181406,50.440800675465354,92.75625000000001,77.65412343444859,63.82705942097657,SEASON
WR,2025,00-0039893,Brian Thomas Jr.,14.0,13.434640719185293,9.914285714285715,14.956807121594565,14.641284366979246,138.8,200.9393299847749,196.70039513779042,168.54285714285714,254.26572106710762,248.90183423864718,PPG
WR,2025,00-0039893,Brian Thomas Jr.,14.0,13.434640719185293,9.914285714285715,14.956807121594565,14.641284366979246,138.8,200.9393299847749,196.70039513779042,168.54285714285714,254.26572106710762,248.90183423864718,SEASON
WR,2025,00-0039894,Xavier Worthy,14.0,12.993664136016807,7.85,9.397986284489027,10.209351160820662,109.89999999999999,122.11427733554292,132.656880030357,133.45,159.76576683631347,173.55896973395124,PPG
WR,2025,00-0039894,Xavier Worthy,14.0,12.993664136016807,7.85,9.397986284489027,10.209351160820662,109.89999999999999,122.11427733554292,132.656880030357,133.45,159.76576683631347,173.55896973395124,SEASON
WR,2025,00-0039901,Keon Coleman,12.0,11.67073438651135,8.45,7.8979602905440185,7.623677069533197,101.39999999999999,92.17499674615325,88.97391012705917,143.64999999999998,134.2653249392483,129.60251018206435,PPG
WR,2025,00-0039901,Keon Coleman,12.0,11.67073438651135,8.45,7.8979602905440185,7.623677069533197,101.39999999999999,92.17499674615325,88.97391012705917,143.64999999999998,134.2653249392483,129.60251018206435,SEASON
WR,2025,00-0039915,Ladd McConkey,16.0,12.993664136016807,11.30625,13.157311360605068,13.071021705628755,180.9,170.96168475270056,169.8404659575256,192.20625,223.67429313028615,222.20736899568885,PPG
WR,2025,00-0039915,Ladd McConkey,16.0,12.993664136016807,11.30625,13.157311360605068,13.071021705628755,180.9,170.96168475270056,169.8404659575256,192.20625,223.67429313028615,222.20736899568885,SEASON
WR,2025,00-0039916,Ricky Pearsall,9.0,10.788781220174378,9.866666666666667,7.466378920625302,7.647291239690797,88.80000000000001,80.5531286815481,82.50495211198012,167.73333333333335,126.92844165063013,130.00395107474355,PPG
WR,2025,00-0039916,Ricky Pearsall,9.0,10.788781220174378,9.866666666666667,7.466378920625302,7.647291239690797,88.80000000000001,80.5531286815481,82.50495211198012,167.73333333333335,126.92844165063013,130.00395107474355,SEASON
WR,2025,00-0039919,Rome Odunze,12.0,13.434640719185293,12.175,8.382109561865912,8.164083648457021,146.10000000000002,112.61063043251617,109.68153061839553,206.97500000000002,142.4958625517205,138.78942202376936,PPG
WR,2025,00-0039919,Rome Odunze,12.0,13.434640719185293,12.175,8.382109561865912,8.164083648457021,146.10000000000002,112.61063043251617,109.68153061839553,206.97500000000002,142.4958625517205,138.78942202376936,SEASON
WR,2025,00-0039920,Malachi Corley,12.0,8.142921721163464,2.6333333333333333,1.5202656396115137,1.8627727234781242,31.6,12.379404098731062,15.16841247160084,44.766666666666666,25.844515873395732,31.66713629912811,PPG
WR,2025,00-0039920,Malachi Corley,12.0,8.142921721163464,2.6333333333333333,1.5202656396115137,1.8627727234781242,31.6,12.379404098731062,15.16841247160084,44.766666666666666,25.844515873395732,31.66713629912811,SEASON
TE,2022,00-0024243,Marcedes Lewis,6.0,11.52530750828976,4.933333333333334,5.438594036977817,5.277021302307398,29.6,62.681468688920354,60.81929323688846,83.86666666666667,92.4560986286229,89.70936213922577,PPG
TE,2022,00-0024243,Marcedes Lewis,6.0,11.52530750828976,4.933333333333334,5.438594036977817,5.277021302307398,29.6,62.681468688920354,60.81929323688846,83.86666666666667,92.4560986286229,89.70936213922577,SEASON
TE,2022,00-0027981,Kyle Rudolph,5.0,12.197988700299526,2.66,5.957537698144304,4.661375126588196,13.3,72.66997752357265,56.85940112198009,45.22,101.27814086845316,79.24337715199934,PPG
TE,2022,00-0027981,Kyle Rudolph,5.0,12.197988700299526,2.66,5.957537698144304,4.661375126588196,13.3,72.66997752357265,56.85940112198009,45.22,101.27814086845316,79.24337715199934,SEASON
TE,2022,00-0030061,Zach Ertz,10.0,12.87066989230929,13.910000000000002,12.651164745521735,11.64594053657287,139.10000000000002,162.82896519283133,149.89105623169274,236.47000000000003,215.06980067386948,197.9809891217388,PPG
TE,2022,00-0030061,Zach Ertz,10.0,12.87066989230929,13.910000000000002,12.651164745521735,11.64594053657287,139.10000000000002,162.82896519283133,149.89105623169274,236.47000000000003,215.06980067386948,197.9809891217388,SEASON
TE,2022,00-0030108,Ryan Griffin,10.0,11.861648104294643,0.8600000000000001,6.270494479524092,5.86592299454848,8.600000000000001,74.37839895603696,69.57951436822434,14.620000000000001,106.59840615190956,99.72069090732417,PPG
TE,2022,00-0030108,Ryan Griffin,10.0,11.861648104294643,0.8600000000000001,6.270494479524092,5.86592299454848,8.600000000000001,74.37839895603696,69.57951436822434,14.620000000000001,106.59840615190956,99.72069090732417,SEASON
TE,2022,00-0030506,Travis Kelce,17.0,12.534329296304408,21.782352941176473,14.768214675412342,14.870336891629071,370.30000000000007,185.10966586013362,186.3896993466625,370.30000000000007,251.0596494820098,252.79572715769422,PPG
TE,2022,00-0030506,Travis Kelce,17.0,12.534329296304408,21.782352941176473,14.768214675412342,14.870336891629071,370.30000000000007,185.10966586013362,186.3896993466625,370.30000000000007,251.0596494820098,252.79572715769422,SEASON
TE,2022,00-0031260,Logan Thomas,13.0,8.834582740250703,7.446153846153846,8.402324733598304,10.043537398126563,96.8,74.23103306942916,88.73046214855138,126.58461538461539,142.83952047117117,170.7401357681516,PPG
TE,2022,00-0031260,Logan Thomas,13.0,8.834582740250703,7.446153846153846,8.402324733598304,10.043537398126563,96.8,74.23103306942916,88.73046214855138,126.58461538461539,142.83952047117117,170.7401357681516,SEASON
TE,2022,00-0031273,Cameron Brate,9.0,12.534329296304408,5.266666666666667,6.661678389245463,5.629343966234053,47.4,83.49967059687737,70.56005099494195,89.53333333333333,113.24853261717287,95.6988474259789,PPG
TE,2022,00-0031273,Cameron Brate,9.0,12.534329296304408,5.266666666666667,6.661678389245463,5.629343966234053,47.4,83.49967059687737,70.56005099494195,89.53333333333333,113.24853261717287,95.6988474259789,SEASON
TE,2022,00-0031484,Chris Manhertz,7.0,10.516285720275114,1.8857142857142857,3.09094727757374,3.0226643895022187,13.2,32.50528471727196,31.787202356506278,32.05714285714286,52.54610371875358,51.38529462153772,PPG
TE,2022,00-0031484,Chris Manhertz,7.0,10.516285720275114,1.8857142857142857,3.09094727757374,3.0226643895022187,13.2,32.50528471727196,31.787202356506278,32.05714285714286,52.54610371875358,51.38529462153772,SEASON
TE,2022,00-0031558,Maxx Williams,3.0,8.834582740250703,2.1,6.998658707150643,8.300356875189276,6.300000000000001,61.830229419098366,73.33018958746844,35.7,118.97719802156092,141.1060668782177,PPG
TE,2022,00-0031558,Maxx Williams,3.0,8.834582740250703,2.1,6.998658707150643,8.300356875189276,6.300000000000001,61.830229419098366,73.33018958746844,35.7,118.97719802156092,141.1060668782177,SEASON
TE,2022,00-0031585,MyCole Pruitt,10.0,10.516285720275114,6.300000000000001,4.471759986955609,5.028699739479804,63.00000000000001,47.026305695318904,52.88324326184265,107.10000000000001,76.01991977824535,85.48789557115667,PPG
TE,2022,00-0031585,MyCole Pruitt,10.0,10.516285720275114,6.300000000000001,4.471759986955609,5.028699739479804,63.00000000000001,47.026305695318904,52.88324326184265,107.10000000000001,76.01991977824535,85.48789557115667,SEASON
TE,2022,00-0031610,Darren Waller,8.0,10.852626316279997,12.350000000000001,12.606244033954374,12.58542160521338,98.80000000000001,136.81085575234093,136.58487771421755,209.95000000000002,214.30614857722435,213.95216728862746,PPG
TE,2022,00-0031610,Darren Waller,8.0,10.852626316279997,12.350000000000001,12.606244033954374,12.58542160521338,98.80000000000001,136.81085575234093,136.58487771421755,209.95000000000002,214.30614857722435,213.95216728862746,SEASON
TE,2022,00-0031690,Eric Tomlinson,9.0,9.507263932260466,3.711111111111111,0.5655790857983178,1.7287351339714574,33.4,5.3771096432511944,16.4355411876383,63.08888888888888,9.614844458571403,29.388497277514777,PPG
TE,2022,00-0031690,Eric Tomlinson,9.0,9.507263932260466,3.711111111111111,0.5655790857983178,1.7287351339714574,33.4,5.3771096432511944,16.4355411876383,63.08888888888888,9.614844458571403,29.388497277514777,SEASON
TE,2022,00-0032062,Blake Bell,2.0,10.852626316279997,5.5,4.437005130837913,3.0393643457951867,11.0,48.153158648400904,32.985085483939976,93.5,75.42908722424453,51.66919387851817,PPG
TE,2022,00-0032062,Blake Bell,2.0,10.852626316279997,5.5,4.437005130837913,3.0393643457951867,11.0,48.153158648400904,32.985085483939976,93.5,75.42908722424453,51.66919387851817,SEASON
TE,2022,00-0032134,C.J. Uzomah,14.0,12.534329296304408,4.764285714285714,8.987642594165811,9.169616183230483,66.7,112.65407187276587,114.93498876133285,80.99285714285715,152.78992410081878,155.8834751149182,PPG
TE,2022,00-0032134,C.J. Uzomah,14.0,12.534329296304408,4.764285714285714,8.987642594165811,9.169616183230483,66.7,112.65407187276587,114.93498876133285,80.99285714285715,152.78992410081878,155.8834751149182,SEASON
TE,2022,00-0032141,Geoff Swaim,12.0,12.534329296304408,2.4833333333333334,5.505697286804104,5.999321362389454,29.8,69.01022279857237,75.197469510543,42.21666666666667,93.59685387566977,101.98846316062071,PPG
TE,2022,00-0032141,Geoff Swaim,12.0,12.534329296304408,2.4833333333333334,5.505697286804104,5.999321362389454,29.8,69.01022279857237,75.197469510543,42.21666666666667,93.59685387566977,101.98846316062071,SEASON
TE,2022,00-0032214,Tyler Kroft,6.0,10.179945124270231,1.9500000000000002,6.461360997397996,5.796274974775047,11.700000000000001,65.77630038161158,59.0057611683908,33.150000000000006,109.84313695576594,98.5366745711758,PPG
TE,2022,00-0032214,Tyler Kroft,6.0,10.179945124270231,1.9500000000000002,6.461360997397996,5.796274974775047,11.700000000000001,65.77630038161158,59.0057611683908,33.150000000000006,109.84313695576594,98.5366745711758,SEASON
TE,2022,00-0032392,Austin Hooper,17.0,12.197988700299526,6.935294117647059,7.778405288471986,8.053178504827216,117.9,94.88089981513136,98.2325804033774,117.9,132.23288990402375,136.90403458206265,PPG
TE,2022,00-0032392,Austin Hooper,17.0,12.197988700299526,6.935294117647059,7.778405288471986,8.053178504827216,117.9,94.88089981513136,98.2325804033774,117.9,132.23288990402375,136.90403458206265,SEASON
TE,2022,00-0032394,Nick Vannett,5.0,9.507263932260466,2.9,5.457487122037213,6.0240592020779,14.5,51.88577047612036,57.27232077771698,49.3,92.77728107463261,102.40900643532429,PPG
TE,2022,00-0032394,Nick Vannett,5.0,9.507263932260466,2.9,5.457487122037213,6.0240592020779,14.5,51.88577047612036,57.27232077771698,49.3,92.77728107463261,102.40900643532429,SEASON
TE,2022,00-0032725,Stephen Anderson,9.0,11.861648104294643,0.6,4.094011683437525,3.5957985635931973,5.3999999999999995,48.56172592380684,42.65209721527065,10.2,69.59819861843793,61.128575581084355,PPG
TE,2022,00-0032725,Stephen Anderson,9.0,11.861648104294643,0.6,4.094011683437525,3.5957985635931973,5.3999999999999995,48.56172592380684,42.65209721527065,10.2,69.59819861843793,61.128575581084355,SEASON
TE,2022,00-0032986,J.P. Holtz,1.0,8.834582740250703,0.0,1.176466324694286,1.5901927779328677,0.0,10.393589086630318,14.048689669597032,0.0,19.99992751980286,27.03327722485875,PPG
TE,2022,00-0032986,J.P. Holtz,1.0,8.834582740250703,0.0,1.176466324694286,1.5901927779328677,0.0,10.393589086630318,14.048689669597032,0.0,19.99992751980286,27.03327722485875,SEASON
TE,2022,00-0033090,Hunter Henry,16.0,12.534329296304408,7.775,10.151832995833185,9.94653235845736,124.4,127.24641773086164,124.67311193725186,132.175,172.58116092916416,169.0910500937751,PPG
TE,2022,00-0033090,Hunter Henry,16.0,12.534329296304408,7.775,10.151832995833185,9.94653235845736,124.4,127.24641773086164,124.67311193725186,132.175,172.58116092916416,169.0910500937751,SEASON
TE,2022,00-0033110,Tyler Higbee,16.0,12.197988700299526,11.75,10.730337778583761,9.955174235246709,188.0,130.88853897356182,121.43310283105232,199.75,182.41574223592394,169.23796199919406,PPG
TE,2022,00-0033110,Tyler Higbee,16.0,12.197988700299526,11.75,10.730337778583761,9.955174235246709,188.0,130.88853897356182,121.43310283105232,199.75,182.41574223592394,169.23796199919406,SEASON
TE,2022,00-0033217,Mo Alie-Cox,14.0,12.87066989230929,4.457142857142857,7.593737800178195,6.047601089528877,62.400000000000006,97.73649247484448,77.83667726369617,75.77142857142857,129.0935426030293,102.80921852199091,PPG
TE,2022,00-0033217,Mo Alie-Cox,14.0,12.87066989230929,4.457142857142857,7.593737800178195,6.047601089528877,62.400000000000006,97.73649247484448,77.83667726369617,75.77142857142857,129.0935426030293,102.80921852199091,SEASON
TE,2022,00-0033246,Johnny Mundt,13.0,8.161901548240937,3.730769230769231,0.7036500746716835,1.952335583200609,48.5,5.743122633882665,15.934770819210925,63.42307692307693,11.96205126941862,33.189704914410356,PPG
TE,2022,00-0033246,Johnny Mundt,13.0,8.161901548240937,3.730769230769231,0.7036500746716835,1.952335583200609,48.5,5.743122633882665,15.934770819210925,63.42307692307693,11.96205126941862,33.189704914410356,SEASON
TE,2022,00-0033288,George Kittle,15.0,11.861648104294643,15.3,11.481017668841657,13.02692850934409,229.5,136.18379146698894,154.52084185764318,260.1,195.17730037030816,221.45778465884953,PPG
TE,2022,00-0033288,George Kittle,15.0,11.861648104294643,15.3,11.481017668841657,13.02692850934409,229.5,136.18379146698894,154.52084185764318,260.1,195.17730037030816,221.45778465884953,SEASON
TE,2022,00-0033357,Taysom Hill,16.0,11.18896691228488,8.23125,7.022629975015128,8.594581071152659,131.7,78.57597442766426,96.16448323007704,139.93124999999998,119.38470957525718,146.10787820959519,PPG
TE,2022,00-0033357,Taysom Hill,16.0,11.18896691228488,8.23125,7.022629975015128,8.594581071152659,131.7,78.57597442766426,96.16448323007704,139.93124999999998,119.38470957525718,146.10787820959519,SEASON
TE,2022,00-0033439,Pharaoh Brown,8.0,11.52530750828976,3.7125000000000004,5.501566311851015,5.4224625203783665,29.700000000000003,63.40724352133051,62.495547999536605,63.112500000000004,93.52662730146724,92.18186284643222,PPG
TE,2022,00-0033439,Pharaoh Brown,8.0,11.52530750828976,3.7125000000000004,5.501566311851015,5.4224625203783665,29.700000000000003,63.40724352133051,62.495547999536605,63.112500000000004,93.52662730146724,92.18186284643222,SEASON
TE,2022,00-0033455,Anthony Firkser,8.0,12.197988700299526,2.9375,6.474548419256154,6.527508174265109,23.5,78.97646845762871,79.62247095079859,49.9375,110.06732312735461,110.96763896250685,PPG
TE,2022,00-0033455,Anthony Firkser,8.0,12.197988700299526,2.9375,6.474548419256154,6.527508174265109,23.5,78.97646845762871,79.62247095079859,49.9375,110.06732312735461,110.96763896250685,SEASON
TE,2022,00-0033576,Eric Saubert,14.0,10.516285720275114,3.0928571428571425,2.537768306704233,2.9763345084548574,43.3,26.687896605160482,31.299984090025866,52.57857142857142,43.14206121397196,50.59768664373257,PPG
TE,2022,00-0033576,Eric Saubert,14.0,10.516285720275114,3.0928571428571425,2.537768306704233,2.9763345084548574,43.3,26.687896605160482,31.299984090025866,52.57857142857142,43.14206121397196,50.59768664373257,SEASON
TE,2022,00-0033757,Robert Tonyan,17.0,9.843604528265349,8.147058823529413,6.561989164058526,7.169842068625416,138.50000000000003,64.59362624975466,70.57708985366854,138.50000000000003,111.55381578899495,121.88731516663206,PPG
TE,2022,00-0033757,Robert Tonyan,17.0,9.843604528265349,8.147058823529413,6.561989164058526,7.169842068625416,138.50000000000003,64.59362624975466,70.57708985366854,138.50000000000003,111.55381578899495,121.88731516663206,SEASON
TE,2022,00-0033858,Jonnu Smith,12.0,12.534329296304408,5.375000000000001,5.775558465703134,6.231106689441637,64.50000000000001,72.39275167918173,78.10274312586668,91.37500000000001,98.18449391695327,105.92881372050782,PPG
TE,2022,00-0033858,Jonnu Smith,12.0,12.534329296304408,5.375000000000001,5.775558465703134,6.231106689441637,64.50000000000001,72.39275167918173,78.10274312586668,91.37500000000001,98.18449391695327,105.92881372050782,SEASON
TE,2022,00-0033879,O.J. Howard,11.0,10.516285720275114,3.7727272727272725,3.8842914517916873,4.162216854235655,41.5,40.848318727863614,43.77106166888682,64.13636363636363,66.03295468045869,70.75768652200613,PPG
TE,2022,00-0033879,O.J. Howard,11.0,10.516285720275114,3.7727272727272725,3.8842914517916873,4.162216854235655,41.5,40.848318727863614,43.77106166888682,64.13636363636363,66.03295468045869,70.75768652200613,SEASON
TE,2022,00-0033881,Evan Engram,17.0,12.197988700299526,12.552941176470588,8.912333814200549,7.924132901811808,213.4,108.71254715891567,96.65848359597211,213.4,151.50967484140932,134.71025933080074,PPG
TE,2022,00-0033881,Evan Engram,17.0,12.197988700299526,12.552941176470588,8.912333814200549,7.924132901811808,213.4,108.71254715891567,96.65848359597211,213.4,151.50967484140932,134.71025933080074,SEASON
TE,2022,00-0033885,David Njoku,14.0,12.197988700299526,12.200000000000001,7.541990734298047,7.951206219925105,170.8,91.99711775473129,96.98872362439774,207.4,128.2138424830668,135.17050573872677,PPG
TE,2022,00-0033885,David Njoku,14.0,12.197988700299526,12.200000000000001,7.541990734298047,7.951206219925105,170.8,91.99711775473129,96.98872362439774,207.4,128.2138424830668,135.17050573872677,SEASON
TE,2022,00-0033895,Gerald Everett,15.0,12.197988700299526,11.233333333333334,8.49522601470265,8.58669235280366,168.5,103.6246709338335,104.74037629244738,190.9666666666667,144.41884224994504,145.9737699976622,PPG
TE,2022,00-0033895,Gerald Everett,15.0,12.197988700299526,11.233333333333334,8.49522601470265,8.58669235280366,168.5,103.6246709338335,104.74037629244738,190.9666666666667,144.41884224994504,145.9737699976622,SEASON
TE,2022,00-0034011,Dan Arnold,11.0,10.852626316279997,2.454545454545455,8.22598963179329,9.390121350491215,27.000000000000007,89.27359155544626,101.90747808140362,41.727272727272734,139.84182374048592,159.63206295835067,PPG
TE,2022,00-0034011,Dan Arnold,11.0,10.852626316279997,2.454545454545455,8.22598963179329,9.390121350491215,27.000000000000007,89.27359155544626,101.90747808140362,41.727272727272734,139.84182374048592,159.63206295835067,SEASON
TE,2022,00-0034073,Ross Dwelley,5.0,8.49824214424582,4.2,2.820776138283985,4.330312456479565,21.0,23.971638657847937,36.800043815407285,71.4,47.953194350827744,73.61531176015261,PPG
TE,2022,00-0034073,Ross Dwelley,5.0,8.49824214424582,4.2,2.820776138283985,4.330312456479565,21.0,23.971638657847937,36.800043815407285,71.4,47.953194350827744,73.61531176015261,SEASON
TE,2022,00-0034159,Will Dissly,15.0,11.52530750828976,6.926666666666666,4.946234809232497,4.954271777041272,103.89999999999999,57.00687718461146,57.09950571004182,117.75333333333332,84.08599175695244,84.22262020970162,PPG
TE,2022,00-0034159,Will Dissly,15.0,11.52530750828976,6.926666666666666,4.946234809232497,4.954271777041272,103.89999999999999,57.00687718461146,57.09950571004182,117.75333333333332,84.08599175695244,84.22262020970162,SEASON
TE,2022,00-0034193,Kevin Rader,6.0,8.161901548240937,0.0,1.581206442445483,2.8236791318403225,0.0,12.905651310684332,23.046591077903155,0.0,26.880509521573213,48.00254524128548,PPG
TE,2022,00-0034193,Kevin Rader,6.0,8.161901548240937,0.0,1.581206442445483,2.8236791318403225,0.0,12.905651310684332,23.046591077903155,0.0,26.880509521573213,48.00254524128548,SEASON
TE,2022,00-0034270,Tyler Conklin,17.0,12.87066989230929,9.323529411764705,9.748749873023034,8.615095748461417,158.49999999999997,125.47294147837158,110.88205346908414,158.49999999999997,165.72874784139157,146.4566277238441,PPG
TE,2022,00-0034270,Tyler Conklin,17.0,12.87066989230929,9.323529411764705,9.748749873023034,8.615095748461417,158.49999999999997,125.47294147837158,110.88205346908414,158.49999999999997,165.72874784139157,146.4566277238441,SEASON
TE,2022,00-0034351,Dallas Goedert,12.0,12.197988700299526,13.975,12.935088889385115,11.479035222913097,167.7,157.78206811008957,140.02114193943422,237.575,219.89651111954697,195.14359878952266,PPG
TE,2022,00-0034351,Dallas Goedert,12.0,12.197988700299526,13.975,12.935088889385115,11.479035222913097,167.7,157.78206811008957,140.02114193943422,237.575,219.89651111954697,195.14359878952266,SEASON
TE,2022,00-0034364,Jordan Akins,15.0,11.18896691228488,8.933333333333334,5.02557723980918,5.3949823478310455,134.0,56.231017451356884,60.36427898224256,151.86666666666667,85.43481307675606,91.71469991312777,PPG
TE,2022,00-0034364,Jordan Akins,15.0,11.18896691228488,8.933333333333334,5.02557723980918,5.3949823478310455,134.0,56.231017451356884,60.36427898224256,151.86666666666667,85.43481307675606,91.71469991312777,SEASON
TE,2022,00-0034365,Ian Thomas,13.0,11.861648104294643,3.9384615384615387,4.855975864025101,4.1388388997332015,51.2,57.59987690201388,49.09345058900126,66.95384615384616,82.55158968842672,70.36026129546443,PPG
TE,2022,00-0034365,Ian Thomas,13.0,11.861648104294643,3.9384615384615387,4.855975864025101,4.1388388997332015,51.2,57.59987690201388,49.09345058900126,66.95384615384616,82.55158968842672,70.36026129546443,SEASON
TE,2022,00-0034383,Dalton Schultz,15.0,12.87066989230929,11.346666666666668,11.86160734920711,11.356034853966646,170.20000000000002,152.66683258383458,146.15977589096346,192.89333333333335,201.64732493652087,193.05259251743297,PPG
TE,2022,00-0034383,Dalton Schultz,15.0,12.87066989230929,11.346666666666668,11.86160734920711,11.356034853966646,170.20000000000002,152.66683258383458,146.15977589096346,192.89333333333335,201.64732493652087,193.05259251743297,SEASON
TE,2022,00-0034753,Mark Andrews,15.0,12.87066989230929,15.066666666666668,17.740022284374422,15.73380761511198,226.00000000000003,228.32597070439377,202.5046439632084,256.1333333333334,301.5803788343652,267.4747294569037,PPG
TE,2022,00-0034753,Mark Andrews,15.0,12.87066989230929,15.066666666666668,17.740022284374422,15.73380761511198,226.00000000000003,228.32597070439377,202.5046439632084,256.1333333333334,301.5803788343652,267.4747294569037,SEASON
TE,2022,00-0034798,Durham Smythe,13.0,12.534329296304408,3.6538461538461537,6.392343361049044,5.416352519777957,47.5,80.12373666243403,67.89034606776505,62.11538461538461,108.66983713783375,92.07799283622528,PPG
TE,2022,00-0034798,Durham Smythe,13.0,12.534329296304408,3.6538461538461537,6.392343361049044,5.416352519777957,47.5,80.12373666243403,67.89034606776505,62.11538461538461,108.66983713783375,92.07799283622528,SEASON
TE,2022,00-0034829,Mike Gesicki,17.0,12.87066989230929,6.717647058823529,11.521672200797266,11.451515798317246,114.19999999999999,148.2916395038583,147.38867960670598,114.19999999999999,195.86842741355352,194.67576857139318,PPG
TE,2022,00-0034829,Mike Gesicki,17.0,12.87066989230929,6.717647058823529,11.521672200797266,11.451515798317246,114.19999999999999,148.2916395038583,147.38867960670598,114.19999999999999,195.86842741355352,194.67576857139318,SEASON
TE,2022,00-0034830,Hayden Hurst,13.0,11.18896691228488,10.107692307692307,4.785769282616758,5.697386522822909,131.4,53.54781415302825,63.74786929036333,171.83076923076922,81.35807780448488,96.85557088798946,PPG
TE,2022,00-0034830,Hayden Hurst,13.0,11.18896691228488,10.107692307692307,4.785769282616758,5.697386522822909,131.4,53.54781415302825,63.74786929036333,171.83076923076922,81.35807780448488,96.85557088798946,SEASON
TE,2022,00-0034981,Foster Moreau,14.0,12.197988700299526,7.407142857142857,7.293105767148052,7.302802125429532,103.69999999999999,88.96122173776125,89.07949780651279,125.92142857142856,123.98279804151689,124.14763613230205,PPG
TE,2022,00-0034981,Foster Moreau,14.0,12.197988700299526,7.407142857142857,7.293105767148052,7.302802125429532,103.69999999999999,88.96122173776125,89.07949780651279,125.92142857142856,123.98279804151689,124.14763613230205,SEASON
TE,2022,00-0035222,Zach Gentry,14.0,10.516285720275114,2.9785714285714286,4.772268200258971,4.7908367601702375,41.7,50.18653592770643,50.38180820914736,50.635714285714286,81.1285594044025,81.44422492289404,PPG
TE,2022,00-0035222,Zach Gentry,14.0,10.516285720275114,2.9785714285714286,4.772268200258971,4.7908367601702375,41.7,50.18653592770643,50.38180820914736,50.635714285714286,81.1285594044025,81.44422492289404,SEASON
TE,2022,00-0035229,T.J. Hockenson,17.0,11.18896691228488,15.31764705882353,10.424971153588366,12.842526508259219,260.40000000000003,116.64465729902456,143.69460417105387,260.40000000000003,177.22450961100222,218.32295064040673,PPG
TE,2022,00-0035229,T.J. Hockenson,17.0,11.18896691228488,15.31764705882353,10.424971153588366,12.842526508259219,260.40000000000003,116.64465729902456,143.69460417105387,260.40000000000003,177.22450961100222,218.32295064040673,SEASON
TE,2022,00-0035249,Josh Oliver,12.0,10.852626316279997,3.9916666666666667,3.077314390539157,3.2548204020685705,47.9,33.396943138232395,35.323349550254406,67.85833333333333,52.31434463916567,55.331946835165695,PPG
TE,2022,00-0035249,Josh Oliver,12.0,10.852626316279997,3.9916666666666667,3.077314390539157,3.2548204020685705,47.9,33.396943138232395,35.323349550254406,67.85833333333333,52.31434463916567,55.331946835165695,SEASON
TE,2022,00-0035259,Trevon Wesco,6.0,9.843604528265349,1.2666666666666666,2.456679466260175,2.467343062221926,7.6,24.18258111857516,24.28754934007184,21.53333333333333,41.76355092642298,41.94483205777274,PPG
TE,2022,00-0035259,Trevon Wesco,6.0,9.843604528265349,1.2666666666666666,2.456679466260175,2.467343062221926,7.6,24.18258111857516,24.28754934007184,21.53333333333333,41.76355092642298,41.94483205777274,SEASON
TE,2022,00-0035308,Tommy Sweeney,2.0,9.507263932260466,1.1,2.6847431203215955,3.7834629048638457,2.2,25.524561435217926,35.97038041445745,18.700000000000003,45.640633045467126,64.31886938268538,PPG
TE,2022,00-0035308,Tommy Sweeney,2.0,9.507263932260466,1.1,2.6847431203215955,3.7834629048638457,2.2,25.524561435217926,35.97038041445745,18.700000000000003,45.640633045467126,64.31886938268538,SEASON
TE,2022,00-0035329,Donald Parham,6.0,11.52530750828976,5.666666666666667,5.0339796593369925,5.259438734536012,34.0,58.01816356433457,60.61664873653789,96.33333333333334,85.57765420872887,89.41045848711221,PPG
TE,2022,00-0035329,Donald Parham,6.0,11.52530750828976,5.666666666666667,5.0339796593369925,5.259438734536012,34.0,58.01816356433457,60.61664873653789,96.33333333333334,85.57765420872887,89.41045848711221,SEASON
TE,2022,00-0035345,Chris Myarick,10.0,8.49824214424582,2.3,2.444579944163746,3.3719080358484783,23.0,20.77463230647044,28.655290976768683,39.099999999999994,41.557859050783684,57.32243660942413,PPG
TE,2022,00-0035345,Chris Myarick,10.0,8.49824214424582,2.3,2.444579944163746,3.3719080358484783,23.0,20.77463230647044,28.655290976768683,39.099999999999994,41.557859050783684,57.32243660942413,SEASON
TE,2022,00-0035356,Tyree Jackson,2.0,8.161901548240937,0.0,3.7006680032074097,3.755292483716717,0.0,30.204487904904255,30.650327536945028,0.0,62.91135605452597,63.83997222318419,PPG
TE,2022,00-0035356,Tyree Jackson,2.0,8.161901548240937,0.0,3.7006680032074097,3.755292483716717,0.0,30.204487904904255,30.650327536945028,0.0,62.91135605452597,63.83997222318419,SEASON
TE,2022,00-0035547,Joseph Fortson,10.0,8.49824214424582,3.6300000000000003,2.1948005137616726,4.207496906878026,36.300000000000004,18.651946224261824,35.75632753581477,61.71000000000001,37.31160873394843,71.52744741692644,PPG
TE,2022,00-0035547,Joseph Fortson,10.0,8.49824214424582,3.6300000000000003,2.1948005137616726,4.207496906878026,36.300000000000004,18.651946224261824,35.75632753581477,61.71000000000001,37.31160873394843,71.52744741692644,SEASON
TE,2022,00-0035562,Jesper Horsted,5.0,8.49824214424582,1.2799999999999998,1.496334885997495,3.926471186613048,6.399999999999999,12.716216190089176,33.368102916241895,21.759999999999998,25.437693061957415,66.75001017242181,PPG
TE,2022,00-0035562,Jesper Horsted,5.0,8.49824214424582,1.2799999999999998,1.496334885997495,3.926471186613048,6.399999999999999,12.716216190089176,33.368102916241895,21.759999999999998,25.437693061957415,66.75001017242181,SEASON
TE,2022,00-0035572,Parker Hesse,12.0,8.49824214424582,1.8666666666666667,2.932268845429589,3.5136496480705945,22.4,24.919130680488767,29.85984551934802,31.733333333333334,49.848570372303016,59.73204401720011,PPG
TE,2022,00-0035572,Parker Hesse,12.0,8.49824214424582,1.8666666666666667,2.932268845429589,3.5136496480705945,22.4,24.919130680488767,29.85984551934802,31.733333333333334,49.848570372303016,59.73204401720011,SEASON
TE,2022,00-0035603,Kendall Blanton,2.0,8.49824214424582,3.25,3.2975057415488265,3.745330690875392,6.5,28.023002263722802,31.82872712133457,55.25,56.05759760633005,63.670621744881664,PPG
TE,2022,00-0035603,Kendall Blanton,2.0,8.49824214424582,3.25,3.2975057415488265,3.745330690875392,6.5,28.023002263722802,31.82872712133457,55.25,56.05759760633005,63.670621744881664,SEASON
TE,2022,00-0035624,N'Keal Harry,6.0,10.516285720275114,4.683333333333334,5.735849234706491,5.28034512519902,28.1,60.319829400594806,55.52961803825476,79.61666666666667,97.50943699001034,89.76586712838333,PPG
TE,2022,00-0035624,N'Keal Harry,6.0,10.516285720275114,4.683333333333334,5.735849234706491,5.28034512519902,28.1,60.319829400594806,55.52961803825476,79.61666666666667,97.50943699001034,89.76586712838333,SEASON
TE,2022,00-0035631,Drew Sample,2.0,10.516285720275114,1.5,3.075811852735884,3.289647157287215,3.0,32.34611626517932,34.59486942492316,25.5,52.288801496510025,55.92400167388265,PPG
TE,2022,00-0035631,Drew Sample,2.0,10.516285720275114,1.5,3.075811852735884,3.289647157287215,3.0,32.34611626517932,34.59486942492316,25.5,52.288801496510025,55.92400167388265,SEASON
TE,2022,00-0035644,Noah Fant,17.0,12.534329296304408,8.682352941176472,10.235244697554624,10.680281115312079,147.60000000000002,128.29192746740327,133.8701604764229,147.60000000000002,173.9991598584286,181.56477896030535,PPG
TE,2022,00-0035644,Noah Fant,17.0,12.534329296304408,8.682352941176472,10.235244697554624,10.680281115312079,147.60000000000002,128.29192746740327,133.8701604764229,147.60000000000002,173.9991598584286,181.56477896030535,SEASON
TE,2022,00-0035689,Dawson Knox,15.0,12.197988700299526,10.646666666666668,8.407174378175691,8.788201670621358,159.70000000000002,102.55061806643477,107.19838467419274,180.99333333333337,142.92196442898674,149.3994284005631,PPG
TE,2022,00-0035689,Dawson Knox,15.0,12.197988700299526,10.646666666666668,8.407174378175691,8.788201670621358,159.70000000000002,102.55061806643477,107.19838467419274,180.99333333333337,142.92196442898674,149.3994284005631,SEASON
TE,2022,00-0035771,Mitchell Wilcox,9.0,8.49824214424582,5.044444444444444,2.3796736083985572,2.2446451949272794,45.4,20.223042548442145,19.07553839440988,85.75555555555556,40.45445134277547,38.15896831376375,PPG
TE,2022,00-0035771,Mitchell Wilcox,9.0,8.49824214424582,5.044444444444444,2.3796736083985572,2.2446451949272794,45.4,20.223042548442145,19.07553839440988,85.75555555555556,40.45445134277547,38.15896831376375,SEASON
TE,2022,00-0035823,Ben Ellefson,2.0,8.161901548240937,3.55,2.3452700091009677,2.309036648536247,7.1,19.141862918324225,18.846129796633058,60.349999999999994,39.86959015471645,39.2536230251162,PPG
TE,2022,00-0035823,Ben Ellefson,2.0,8.161901548240937,3.55,2.3452700091009677,2.309036648536247,7.1,19.141862918324225,18.846129796633058,60.349999999999994,39.86959015471645,39.2536230251162,SEASON
TE,2022,00-0035956,Giovanni Ricci,11.0,9.843604528265349,2.0,3.266627785776047,1.8381322607689017,22.0,32.155392064222504,18.093847045655384,34.0,55.5326723581928,31.24824843307133,PPG
TE,2022,00-0035956,Giovanni Ricci,11.0,9.843604528265349,2.0,3.266627785776047,1.8381322607689017,22.0,32.155392064222504,18.093847045655384,34.0,55.5326723581928,31.24824843307133,SEASON
TE,2022,00-0036032,Sean McKeon,3.0,8.834582740250703,1.3666666666666667,2.0555394445086055,3.3766907077396002,4.1,18.159833298360244,29.8316534457612,23.233333333333334,34.94417055664629,57.4037420315732,PPG
TE,2022,00-0036032,Sean McKeon,3.0,8.834582740250703,1.3666666666666667,2.0555394445086055,3.3766907077396002,4.1,18.159833298360244,29.8316534457612,23.233333333333334,34.94417055664629,57.4037420315732,SEASON
TE,2022,00-0036040,Juwan Johnson,16.0,11.52530750828976,9.7375,4.659676095551334,3.9653815399073795,155.8,53.704199890256106,45.70224163512813,165.53750000000002,79.21449362437268,67.41148617842545,PPG
TE,2022,00-0036040,Juwan Johnson,16.0,11.52530750828976,9.7375,4.659676095551334,3.9653815399073795,155.8,53.704199890256106,45.70224163512813,165.53750000000002,79.21449362437268,67.41148617842545,SEASON
TE,2022,00-0036232,Harrison Bryant,14.0,12.197988700299526,5.514285714285714,5.2731360534194485,4.568466139311616,77.2,64.32165399475247,55.72609834502409,93.74285714285715,89.64331290813062,77.66392436829747,PPG
TE,2022,00-0036232,Harrison Bryant,14.0,12.197988700299526,5.514285714285714,5.2731360534194485,4.568466139311616,77.2,64.32165399475247,55.72609834502409,93.74285714285715,89.64331290813062,77.66392436829747,SEASON
TE,2022,00-0036244,Colby Parkinson,14.0,8.834582740250703,5.835714285714286,2.9926758618630176,3.4151886821822046,81.7,26.43904251637991,30.171766986306448,99.20714285714287,50.8754896516713,58.05820759709748,PPG
TE,2022,00-0036244,Colby Parkinson,14.0,8.834582740250703,5.835714285714286,2.9926758618630176,3.4151886821822046,81.7,26.43904251637991,30.171766986306448,99.20714285714287,50.8754896516713,58.05820759709748,SEASON
TE,2022,00-0036250,Tyler Davis,11.0,9.843604528265349,0.7818181818181817,2.3913802329308864,2.6757084623316683,8.6,23.539801289682718,26.338615936125922,13.29090909090909,40.65346395982507,45.48704385963836,PPG
TE,2022,00-0036250,Tyler Davis,11.0,9.843604528265349,0.7818181818181817,2.3913802329308864,2.6757084623316683,8.6,23.539801289682718,26.338615936125922,13.29090909090909,40.65346395982507,45.48704385963836,SEASON
TE,2022,00-0036290,Cole Kmet,17.0,12.87066989230929,10.076470588235294,9.473794592528991,9.35425144347419,171.29999999999998,121.93408282798545,120.39548241861398,171.29999999999998,161.05450807299286,159.02227453906124,PPG
TE,2022,00-0036290,Cole Kmet,17.0,12.87066989230929,10.076470588235294,9.473794592528991,9.35425144347419,171.29999999999998,121.93408282798545,120.39548241861398,171.29999999999998,161.05450807299286,159.02227453906124,SEASON
TE,2022,00-0036332,Josiah Deguara,9.0,11.861648104294643,3.433333333333333,6.373522255807735,5.742898859889049,30.9,75.60047818328154,68.1202453745588,58.36666666666666,108.3498783487315,97.62928061811384,PPG
TE,2022,00-0036332,Josiah Deguara,9.0,11.861648104294643,3.433333333333333,6.373522255807735,5.742898859889049,30.9,75.60047818328154,68.1202453745588,58.36666666666666,108.3498783487315,97.62928061811384,SEASON
TE,2022,00-0036422,Adam Trautman,12.0,10.852626316279997,4.475,6.989767152195464,7.637002862275219,53.699999999999996,75.85733094058598,82.8815382406337,76.07499999999999,118.82604158732289,129.82904865867872,PPG
TE,2022,00-0036422,Adam Trautman,12.0,10.852626316279997,4.475,6.989767152195464,7.637002862275219,53.699999999999996,75.85733094058598,82.8815382406337,76.07499999999999,118.82604158732289,129.82904865867872,SEASON
TE,2022,00-0036423,Albert Okwuegbunam,6.0,11.861648104294643,5.083333333333334,6.039725421510728,6.951346166603877,30.500000000000004,71.6410975965229,82.45442207939271,86.41666666666667,102.67533216568238,118.17288483226592,PPG
TE,2022,00-0036423,Albert Okwuegbunam,6.0,11.861648104294643,5.083333333333334,6.039725421510728,6.951346166603877,30.500000000000004,71.6410975965229,82.45442207939271,86.41666666666667,102.67533216568238,118.17288483226592,SEASON
TE,2022,00-0036429,Charlie Woerner,5.0,9.843604528265349,0.0,2.032427649195151,2.5171911666256284,0.0,20.006414010989086,24.778234366305572,0.0,34.55127003631757,42.79224983263568,PPG
TE,2022,00-0036429,Charlie Woerner,5.0,9.843604528265349,0.0,2.032427649195151,2.5171911666256284,0.0,20.006414010989086,24.778234366305572,0.0,34.55127003631757,42.79224983263568,SEASON
TE,2022,00-0036510,Kenny Yeboah,3.0,8.161901548240937,0.0,3.16019547542275,2.9347604164729675,0.0,25.793204343596948,23.95322558692693,0.0,53.72332308218675,49.89092708004045,PPG
TE,2022,00-0036510,Kenny Yeboah,3.0,8.161901548240937,0.0,3.16019547542275,2.9347604164729675,0.0,25.793204343596948,23.95322558692693,0.0,53.72332308218675,49.89092708004045,SEASON
TE,2022,00-0036534,Shane Zylstra,8.0,8.161901548240937,5.8125,3.7492690468764502,4.815122794074565,46.5,30.601164838472723,39.30055818792742,98.8125,63.73757379689965,81.8570874992676,PPG
TE,2022,00-0036534,Shane Zylstra,8.0,8.161901548240937,5.8125,3.7492690468764502,4.815122794074565,46.5,30.601164838472723,39.30055818792742,98.8125,63.73757379689965,81.8570874992676,SEASON
TE,2022,00-0036556,Brevin Jordan,9.0,9.843604528265349,3.7555555555555555,6.465658985063234,7.563820964796068,33.8,63.64539006358799,74.45526230005495,63.84444444444444,109.91620274607497,128.58495640153316,PPG
TE,2022,00-0036556,Brevin Jordan,9.0,9.843604528265349,3.7555555555555555,6.465658985063234,7.563820964796068,33.8,63.64539006358799,74.45526230005495,63.84444444444444,109.91620274607497,128.58495640153316,SEASON
TE,2022,00-0036628,John Bates,9.0,11.18896691228488,4.0888888888888895,5.513354297458514,5.37966434460465,36.800000000000004,61.688738809966964,60.192886350980146,69.51111111111112,93.72702305679475,91.45429385827904,PPG
TE,2022,00-0036628,John Bates,9.0,11.18896691228488,4.0888888888888895,5.513354297458514,5.37966434460465,36.800000000000004,61.688738809966964,60.192886350980146,69.51111111111112,93.72702305679475,91.45429385827904,SEASON
TE,2022,00-0036637,Noah Gray,17.0,9.507263932260466,4.9411764705882355,2.617069562802318,3.4388574529704066,84.0,24.881171062647145,32.69412543081064,84.0,44.49018256763941,58.460576700496915,PPG
TE,2022,00-0036637,Noah Gray,17.0,9.507263932260466,4.9411764705882355,2.617069562802318,3.4388574529704066,84.0,24.881171062647145,32.69412543081064,84.0,44.49018256763941,58.460576700496915,SEASON
TE,2022,00-0036741,Jack Stoll,9.0,9.170923336255585,3.2,1.9205689429678507,3.4011284098135475,28.8,17.613390537951584,31.191487903160912,54.400000000000006,32.64967203045346,57.819182966830304,PPG
TE,2022,00-0036741,Jack Stoll,9.0,9.170923336255585,3.2,1.9205689429678507,3.4011284098135475,28.8,17.613390537951584,31.191487903160912,54.400000000000006,32.64967203045346,57.819182966830304,SEASON
TE,2022,00-0036754,Brock Wright,14.0,9.843604528265349,5.185714285714286,4.2943510371637945,5.257577872250441,72.60000000000001,42.27189331538653,51.75351735099214,88.15714285714286,73.0039676317845,89.3788238282575,PPG
TE,2022,00-0036754,Brock Wright,14.0,9.843604528265349,5.185714285714286,4.2943510371637945,5.257577872250441,72.60000000000001,42.27189331538653,51.75351735099214,88.15714285714286,73.0039676317845,89.3788238282575,SEASON
TE,2022,00-0036825,Feleipe Franks,5.0,8.49824214424582,0.0,1.2229608131575087,1.6938868508965403,0.0,10.393017123136278,14.395060623872814,0.0,20.79033382367765,28.796076465241185,PPG
TE,2022,00-0036825,Feleipe Franks,5.0,8.49824214424582,0.0,1.2229608131575087,1.6938868508965403,0.0,10.393017123136278,14.395060623872814,0.0,20.79033382367765,28.796076465241185,SEASON
TE,2022,00-0036876,Kylen Granson,13.0,10.516285720275114,5.823076923076924,4.260662244472608,4.326586141345812,75.7,44.80634152046261,45.49961605577517,98.9923076923077,72.43125815603435,73.55196440287881,PPG
TE,2022,00-0036876,Kylen Granson,13.0,10.516285720275114,5.823076923076924,4.260662244472608,4.326586141345812,75.7,44.80634152046261,45.49961605577517,98.9923076923077,72.43125815603435,73.55196440287881,SEASON
TE,2022,00-0036887,Luke Farrell,4.0,9.843604528265349,2.5,3.107722279094386,3.145788754559665,10.0,30.59118909908461,30.96590042934973,42.5,52.83127874460457,53.47840882751431,PPG
TE,2022,00-0036887,Luke Farrell,4.0,9.843604528265349,2.5,3.107722279094386,3.145788754559665,10.0,30.59118909908461,30.96590042934973,42.5,52.83127874460457,53.47840882751431,SEASON
TE,2022,00-0036894,Pat Freiermuth,15.0,12.534329296304408,11.98,8.99400495936019,8.543718404803473,179.70000000000002,112.73381985321556,107.08977990070333,203.66,152.89808430912322,145.24321288165905,PPG
TE,2022,00-0036894,Pat Freiermuth,15.0,12.534329296304408,11.98,8.99400495936019,8.543718404803473,179.70000000000002,112.73381985321556,107.08977990070333,203.66,152.89808430912322,145.24321288165905,SEASON
TE,2022,00-0036970,Kyle Pitts,10.0,12.87066989230929,8.96,12.545831172454653,12.031415670426334,89.60000000000001,161.47325154530748,154.85237943121442,152.32000000000002,213.2791299317291,204.53406639724767,PPG
TE,2022,00-0036970,Kyle Pitts,10.0,12.87066989230929,8.96,12.545831172454653,12.031415670426334,89.60000000000001,161.47325154530748,154.85237943121442,152.32000000000002,213.2791299317291,204.53406639724767,SEASON
TE,2022,00-0037004,Hunter Long,1.0,8.161901548240937,0.0,2.386443800969766,2.3973814583094155,0.0,19.47791935392512,19.567191436299733,0.0,40.56954461648602,40.755484791260066,PPG
TE,2022,00-0037004,Hunter Long,1.0,8.161901548240937,0.0,2.386443800969766,2.3973814583094155,0.0,19.47791935392512,19.567191436299733,0.0,40.56954461648602,40.755484791260066,SEASON
TE,2022,00-0037005,Tommy Tremble,15.0,12.197988700299526,4.26,7.405922446092402,5.145457271147204,63.9,90.33735831272973,62.764229651327625,72.42,125.90068158357083,87.47277360950247,PPG
TE,2022,00-0037005,Tommy Tremble,15.0,12.197988700299526,4.26,7.405922446092402,5.145457271147204,63.9,90.33735831272973,62.764229651327625,72.42,125.90068158357083,87.47277360950247,SEASON
TE,2022,00-0037011,Tre' McKitty,13.0,9.170923336255585,1.630769230769231,2.7483950678123614,3.4838478386995653,21.200000000000003,25.205320464650136,31.950101443893427,27.723076923076928,46.72271615281014,59.22541325789261,PPG
TE,2022,00-0037011,Tre' McKitty,13.0,9.170923336255585,1.630769230769231,2.7483950678123614,3.4838478386995653,21.200000000000003,25.205320464650136,31.950101443893427,27.723076923076928,46.72271615281014,59.22541325789261,SEASON
TE,2023,00-0024243,Marcedes Lewis,6.0,8.521796046430989,2.4833333333333334,2.8556033731983224,3.847972835413902,14.9,24.33486953589646,32.79163969560403,42.21666666666667,48.54525734437148,65.41553820203633,PPG
TE,2023,00-0024243,Marcedes Lewis,6.0,8.521796046430989,2.4833333333333334,2.8556033731983224,3.847972835413902,14.9,24.33486953589646,32.79163969560403,42.21666666666667,48.54525734437148,65.41553820203633,SEASON
TE,2023,00-0030061,Zach Ertz,7.0,10.265650287957106,9.314285714285713,9.477505475280644,11.17143497444422,65.19999999999999,97.2927568114298,114.68204466229739,158.34285714285713,161.11759307977096,189.91439456555173,PPG
TE,2023,00-0030061,Zach Ertz,7.0,10.265650287957106,9.314285714285713,9.477505475280644,11.17143497444422,65.19999999999999,97.2927568114298,114.68204466229739,158.34285714285713,161.11759307977096,189.91439456555173,SEASON
TE,2023,00-0030506,Travis Kelce,15.0,13.317395210627812,17.66,16.243358468529273,16.159231983963465,264.9,216.31922427330244,215.1988786306588,300.22,276.13709396499763,274.7069437273789,PPG
TE,2023,00-0030506,Travis Kelce,15.0,13.317395210627812,17.66,16.243358468529273,16.159231983963465,264.9,216.31922427330244,215.1988786306588,300.22,276.13709396499763,274.7069437273789,SEASON
TE,2023,00-0031260,Logan Thomas,16.0,11.573540969101694,9.518749999999999,8.387597221921535,8.575180372450442,152.29999999999998,97.07420008023244,99.24520135799192,161.81875,142.5891527726661,145.7780663316575,PPG
TE,2023,00-0031260,Logan Thomas,16.0,11.573540969101694,9.518749999999999,8.387597221921535,8.575180372450442,152.29999999999998,97.07420008023244,99.24520135799192,161.81875,142.5891527726661,145.7780663316575,SEASON
TE,2023,00-0031484,Chris Manhertz,7.0,8.957759606812518,0.6571428571428571,2.4022738300364868,2.815381351278823,4.6,21.518991479203642,25.219509346258683,11.17142857142857,40.83865511062027,47.86148297173999,PPG
TE,2023,00-0031484,Chris Manhertz,7.0,8.957759606812518,0.6571428571428571,2.4022738300364868,2.815381351278823,4.6,21.518991479203642,25.219509346258683,11.17142857142857,40.83865511062027,47.86148297173999,SEASON
TE,2023,00-0031585,MyCole Pruitt,10.0,10.265650287957106,2.95,5.438959179488371,5.498714609934733,29.5,55.834452867101746,56.447881218870435,50.150000000000006,92.4623060513023,93.47814836889046,PPG
TE,2023,00-0031585,MyCole Pruitt,10.0,10.265650287957106,2.95,5.438959179488371,5.498714609934733,29.5,55.834452867101746,56.447881218870435,50.150000000000006,92.4623060513023,93.47814836889046,SEASON
TE,2023,00-0031610,Darren Waller,12.0,9.393723167194047,11.600000000000001,9.367652242411726,9.686834231162788,139.20000000000002,87.99713189176029,90.99543913404221,197.20000000000002,159.25008812099935,164.67618192976738,PPG
TE,2023,00-0031610,Darren Waller,12.0,9.393723167194047,11.600000000000001,9.367652242411726,9.686834231162788,139.20000000000002,87.99713189176029,90.99543913404221,197.20000000000002,159.25008812099935,164.67618192976738,SEASON
TE,2023,00-0032134,C.J. Uzomah,8.0,12.009504529483223,2.975,5.141433887567426,4.265512997676485,23.8,61.746073560779536,51.22669766616531,50.575,87.40437608864625,72.51372096050024,PPG
TE,2023,00-0032134,C.J. Uzomah,8.0,12.009504529483223,2.975,5.141433887567426,4.265512997676485,23.8,61.746073560779536,51.22669766616531,50.575,87.40437608864625,72.51372096050024,SEASON
TE,2023,00-0032141,Geoff Swaim,8.0,11.137577408720164,3.05,2.723523356912617,2.891676459169864,24.4,30.333452212071666,32.20627040497819,51.849999999999994,46.299897067514486,49.158499805887686,PPG
TE,2023,00-0032141,Geoff Swaim,8.0,11.137577408720164,3.05,2.723523356912617,2.891676459169864,24.4,30.333452212071666,32.20627040497819,51.849999999999994,46.299897067514486,49.158499805887686,SEASON
TE,2023,00-0032214,Tyler Kroft,1.0,8.521796046430989,0.0,2.4903918167946473,2.802992652314522,0.0,21.222611138424714,23.886531702669007,0.0,42.336660885509005,47.650875089346876,PPG
TE,2023,00-0032214,Tyler Kroft,1.0,8.521796046430989,0.0,2.4903918167946473,2.802992652314522,0.0,21.222611138424714,23.886531702669007,0.0,42.336660885509005,47.650875089346876,SEASON
TE,2023,00-0032392,Austin Hooper,16.0,13.317395210627812,3.8062500000000004,8.014421125041773,7.236608826878216,60.900000000000006,106.73121350658566,96.3727797322549,64.70625000000001,136.24515912571013,123.02235005692967,PPG
TE,2023,00-0032392,Austin Hooper,16.0,13.317395210627812,3.8062500000000004,8.014421125041773,7.236608826878216,60.900000000000006,106.73121350658566,96.3727797322549,64.70625000000001,136.24515912571013,123.02235005692967,SEASON
TE,2023,00-0032394,Nick Vannett,1.0,8.08583248604946,1.8,3.228227424506474,3.4875237259900964,1.8,26.102906181430228,28.199532639478978,30.6,54.879866216610054,59.28790334183164,PPG
TE,2023,00-0032394,Nick Vannett,1.0,8.08583248604946,1.8,3.228227424506474,3.4875237259900964,1.8,26.102906181430228,28.199532639478978,30.6,54.879866216610054,59.28790334183164,SEASON
TE,2023,00-0032725,Stephen Anderson,1.0,9.829686727575577,0.0,2.5647021551726796,2.000261793393977,0.0,25.210218734885366,19.661946802201296,0.0,43.599936637935556,34.0044504876976,PPG
TE,2023,00-0032725,Stephen Anderson,1.0,9.829686727575577,0.0,2.5647021551726796,2.000261793393977,0.0,25.210218734885366,19.661946802201296,0.0,43.599936637935556,34.0044504876976,SEASON
TE,2023,00-0033090,Hunter Henry,13.0,12.881431650246281,10.761538461538462,8.183922980295666,7.575611085196255,139.9,105.42064450155846,97.58471640280361,182.94615384615386,139.12669066502633,128.78538844833633,PPG
TE,2023,00-0033090,Hunter Henry,13.0,12.881431650246281,10.761538461538462,8.183922980295666,7.575611085196255,139.9,105.42064450155846,97.58471640280361,182.94615384615386,139.12669066502633,128.78538844833633,SEASON
TE,2023,00-0033110,Tyler Higbee,15.0,12.881431650246281,8.8,12.12220252589772,11.816936587593359,132.0,156.1513232877943,152.2190609683784,149.60000000000002,206.07744294026122,200.8879219890871,PPG
TE,2023,00-0033110,Tyler Higbee,15.0,12.881431650246281,8.8,12.12220252589772,11.816936587593359,132.0,156.1513232877943,152.2190609683784,149.60000000000002,206.07744294026122,200.8879219890871,SEASON
TE,2023,00-0033217,Mo Alie-Cox,14.0,12.009504529483223,3.9714285714285715,4.445254184674612,4.109419209388383,55.6,53.385300265554,49.352088608695155,67.51428571428572,75.5693211394684,69.8601265596025,PPG
TE,2023,00-0033217,Mo Alie-Cox,14.0,12.009504529483223,3.9714285714285715,4.445254184674612,4.109419209388383,55.6,53.385300265554,49.352088608695155,67.51428571428572,75.5693211394684,69.8601265596025,SEASON
TE,2023,00-0033246,Johnny Mundt,10.0,11.573540969101694,4.87,3.421768092599395,3.705396258214953,48.7,39.60197320646406,42.884555401206875,82.79,58.17005757418971,62.9917363896542,PPG
TE,2023,00-0033246,Johnny Mundt,10.0,11.573540969101694,4.87,3.421768092599395,3.705396258214953,48.7,39.60197320646406,42.884555401206875,82.79,58.17005757418971,62.9917363896542,SEASON
TE,2023,00-0033288,George Kittle,16.0,12.445468089864752,14.73125,12.97973864435462,12.89079285299161,235.7,161.5389231130998,160.43195110496367,250.43124999999998,220.65555695402855,219.14347850085736,PPG
TE,2023,00-0033288,George Kittle,16.0,12.445468089864752,14.73125,12.97973864435462,12.89079285299161,235.7,161.5389231130998,160.43195110496367,250.43124999999998,220.65555695402855,219.14347850085736,SEASON
TE,2023,00-0033357,Taysom Hill,16.0,12.881431650246281,9.48125,9.398344070241816,10.093744765626747,151.7,121.06412676631739,130.0218832934521,161.18124999999998,159.77184919411087,171.5936610156547,PPG
TE,2023,00-0033357,Taysom Hill,16.0,12.881431650246281,9.48125,9.398344070241816,10.093744765626747,151.7,121.06412676631739,130.0218832934521,161.18124999999998,159.77184919411087,171.5936610156547,SEASON
TE,2023,00-0033439,Pharaoh Brown,11.0,9.393723167194047,3.9363636363636365,4.140043909340847,4.238022222451001,43.300000000000004,38.89042638437573,39.81080753412117,66.91818181818182,70.3807464587944,72.04637778166702,PPG
TE,2023,00-0033439,Pharaoh Brown,11.0,9.393723167194047,3.9363636363636365,4.140043909340847,4.238022222451001,43.300000000000004,38.89042638437573,39.81080753412117,66.91818181818182,70.3807464587944,72.04637778166702,SEASON
TE,2023,00-0033576,Eric Saubert,3.0,12.009504529483223,1.9,4.409265495744776,3.3580901434272548,5.699999999999999,52.95309394284098,40.328998787902584,32.3,74.9575134276612,57.08753243826333,PPG
TE,2023,00-0033576,Eric Saubert,3.0,12.009504529483223,1.9,4.409265495744776,3.3580901434272548,5.699999999999999,52.95309394284098,40.328998787902584,32.3,74.9575134276612,57.08753243826333,SEASON
TE,2023,00-0033757,Robert Tonyan,12.0,13.317395210627812,2.3083333333333336,7.298271977210718,6.690025022675195,27.700000000000003,97.1939722751652,89.09370719595486,39.241666666666674,124.07062361258221,113.73042538547833,PPG
TE,2023,00-0033757,Robert Tonyan,12.0,13.317395210627812,2.3083333333333336,7.298271977210718,6.690025022675195,27.700000000000003,97.1939722751652,89.09370719595486,39.241666666666674,124.07062361258221,113.73042538547833,SEASON
TE,2023,00-0033858,Jonnu Smith,17.0,11.137577408720164,8.71764705882353,5.849459531756866,5.632241016888247,148.20000000000002,65.14880833411809,62.72952031016162,148.20000000000002,99.44081203986671,95.7480972871002,PPG
TE,2023,00-0033858,Jonnu Smith,17.0,11.137577408720164,8.71764705882353,5.849459531756866,5.632241016888247,148.20000000000002,65.14880833411809,62.72952031016162,148.20000000000002,99.44081203986671,95.7480972871002,SEASON
TE,2023,00-0033881,Evan Engram,17.0,13.317395210627812,16.72352941176471,10.57350661059674,11.525401772121965,284.30000000000007,140.81156629550253,153.48833036061833,284.30000000000007,179.74961238014458,195.9318301260734,PPG
TE,2023,00-0033881,Evan Engram,17.0,13.317395210627812,16.72352941176471,10.57350661059674,11.525401772121965,284.30000000000007,140.81156629550253,153.48833036061833,284.30000000000007,179.74961238014458,195.9318301260734,SEASON
TE,2023,00-0033885,David Njoku,16.0,12.009504529483223,14.98125,10.631506478283908,10.705508033518205,239.7,127.67912520618083,128.5678472189559,254.68124999999998,180.73561013082644,181.9936365698095,PPG
TE,2023,00-0033885,David Njoku,16.0,12.009504529483223,14.98125,10.631506478283908,10.705508033518205,239.7,127.67912520618083,128.5678472189559,254.68124999999998,180.73561013082644,181.9936365698095,SEASON
TE,2023,00-0033895,Gerald Everett,15.0,12.445468089864752,8.906666666666666,9.242872431591577,8.99364294799974,133.6,115.0318739060636,111.93009632096793,151.41333333333333,157.1288313370568,152.8919301159956,PPG
TE,2023,00-0033895,Gerald Everett,15.0,12.445468089864752,8.906666666666666,9.242872431591577,8.99364294799974,133.6,115.0318739060636,111.93009632096793,151.41333333333333,157.1288313370568,152.8919301159956,SEASON
TE,2023,00-0034073,Ross Dwelley,2.0,8.08583248604946,1.35,4.486112663026694,3.991895255626352,2.7,36.2739555067791,32.27779633885027,22.950000000000003,76.2639152714538,67.86221934564799,PPG
TE,2023,00-0034073,Ross Dwelley,2.0,8.08583248604946,1.35,4.486112663026694,3.991895255626352,2.7,36.2739555067791,32.27779633885027,22.950000000000003,76.2639152714538,67.86221934564799,SEASON
TE,2023,00-0034159,Will Dissly,13.0,12.445468089864752,3.746153846153846,5.545165568663966,5.7113280480184025,48.7,69.01218113782411,71.08015097236257,63.684615384615384,94.26781466728741,97.09257681631284,PPG
TE,2023,00-0034159,Will Dissly,13.0,12.445468089864752,3.746153846153846,5.545165568663966,5.7113280480184025,48.7,69.01218113782411,71.08015097236257,63.684615384615384,94.26781466728741,97.09257681631284,SEASON
TE,2023,00-0034193,Kevin Rader,7.0,8.521796046430989,0.3,1.1384949463399192,1.294093197670026,2.1,9.702021732601185,11.027998295617664,5.1,19.354414087778625,21.999584360390443,PPG
TE,2023,00-0034193,Kevin Rader,7.0,8.521796046430989,0.3,1.1384949463399192,1.294093197670026,2.1,9.702021732601185,11.027998295617664,5.1,19.354414087778625,21.999584360390443,SEASON
TE,2023,00-0034270,Tyler Conklin,17.0,13.317395210627812,9.035294117647059,8.379928865459606,8.102554009232318,153.6,111.5988245382735,107.90491395640363,153.6,142.4587907128133,137.7434181569494,PPG
TE,2023,00-0034270,Tyler Conklin,17.0,13.317395210627812,9.035294117647059,8.379928865459606,8.102554009232318,153.6,111.5988245382735,107.90491395640363,153.6,142.4587907128133,137.7434181569494,SEASON
TE,2023,00-0034351,Dallas Goedert,14.0,11.137577408720164,11.842857142857143,10.612547457881405,11.944770215798428,165.8,118.19806881587054,133.03580290783006,201.32857142857145,180.4133067839839,203.06109366857328,PPG
TE,2023,00-0034351,Dallas Goedert,14.0,11.137577408720164,11.842857142857143,10.612547457881405,11.944770215798428,165.8,118.19806881587054,133.03580290783006,201.32857142857145,180.4133067839839,203.06109366857328,SEASON
TE,2023,00-0034364,Jordan Akins,13.0,12.445468089864752,2.746153846153846,8.516964976911977,7.510336476615086,35.7,105.99761584265369,93.46965296386033,46.684615384615384,144.7884046075036,127.67572010245645,PPG
TE,2023,00-0034364,Jordan Akins,13.0,12.445468089864752,2.746153846153846,8.516964976911977,7.510336476615086,35.7,105.99761584265369,93.46965296386033,46.684615384615384,144.7884046075036,127.67572010245645,SEASON
TE,2023,00-0034365,Ian Thomas,8.0,11.573540969101694,1.6375000000000002,5.066288193654376,5.146234308428773,13.100000000000001,58.634893970535146,59.56015360519713,27.837500000000002,86.12689929212439,87.48598324328914,PPG
TE,2023,00-0034365,Ian Thomas,8.0,11.573540969101694,1.6375000000000002,5.066288193654376,5.146234308428773,13.100000000000001,58.634893970535146,59.56015360519713,27.837500000000002,86.12689929212439,87.48598324328914,SEASON
TE,2023,00-0034383,Dalton Schultz,15.0,12.445468089864752,11.933333333333334,10.127361618984546,10.22206533678946,179.0,126.0397558635932,127.2183879615258,202.86666666666667,172.16514752273727,173.7751107254208,PPG
TE,2023,00-0034383,Dalton Schultz,15.0,12.445468089864752,11.933333333333334,10.127361618984546,10.22206533678946,179.0,126.0397558635932,127.2183879615258,202.86666666666667,172.16514752273727,173.7751107254208,SEASON
TE,2023,00-0034613,Tanner Hudson,12.0,8.521796046430989,8.308333333333334,5.305427407370995,5.968325896546952,99.7,45.211770304760755,50.860856029005504,141.24166666666667,90.19226592530691,101.4615402412982,PPG
TE,2023,00-0034613,Tanner Hudson,12.0,8.521796046430989,8.308333333333334,5.305427407370995,5.968325896546952,99.7,45.211770304760755,50.860856029005504,141.24166666666667,90.19226592530691,101.4615402412982,SEASON
TE,2023,00-0034753,Mark Andrews,10.0,12.445468089864752,15.69,14.291847811128509,13.552502138399898,156.9,177.86873587860327,168.66723290127976,266.73,242.96141278918466,230.39253635279826,PPG
TE,2023,00-0034753,Mark Andrews,10.0,12.445468089864752,15.69,14.291847811128509,13.552502138399898,156.9,177.86873587860327,168.66723290127976,266.73,242.96141278918466,230.39253635279826,SEASON
TE,2023,00-0034798,Durham Smythe,13.0,11.573540969101694,6.853846153846154,6.219262494098231,4.015233619142185,89.10000000000001,71.97888927304346,46.470470791656545,116.51538461538462,105.72746239966993,68.25897152541714,PPG
TE,2023,00-0034798,Durham Smythe,13.0,11.573540969101694,6.853846153846154,6.219262494098231,4.015233619142185,89.10000000000001,71.97888927304346,46.470470791656545,116.51538461538462,105.72746239966993,68.25897152541714,SEASON
TE,2023,00-0034829,Mike Gesicki,15.0,13.317395210627812,5.326666666666667,7.054852222578486,5.628702315704884,79.9,93.9522552006537,74.9596532612179,90.55333333333334,119.93248778383426,95.68793936698303,PPG
TE,2023,00-0034829,Mike Gesicki,15.0,13.317395210627812,5.326666666666667,7.054852222578486,5.628702315704884,79.9,93.9522552006537,74.9596532612179,90.55333333333334,119.93248778383426,95.68793936698303,SEASON
TE,2023,00-0034830,Hayden Hurst,9.0,11.573540969101694,5.71111111111111,8.417514683482889,8.835873890672477,51.39999999999999,97.4204510473043,102.2623484715139,97.08888888888887,143.0977496192091,150.2098561414321,PPG
TE,2023,00-0034830,Hayden Hurst,9.0,11.573540969101694,5.71111111111111,8.417514683482889,8.835873890672477,51.39999999999999,97.4204510473043,102.2623484715139,97.08888888888887,143.0977496192091,150.2098561414321,SEASON
TE,2023,00-0034970,Irv Smith,10.0,9.393723167194047,4.15,6.485471066145066,7.1524667646142035,41.5,60.92271980421358,67.1882927493419,70.55000000000001,110.25300812446612,121.59193499844146,PPG
TE,2023,00-0034970,Irv Smith,10.0,9.393723167194047,4.15,6.485471066145066,7.1524667646142035,41.5,60.92271980421358,67.1882927493419,70.55000000000001,110.25300812446612,121.59193499844146,SEASON
TE,2023,00-0034981,Foster Moreau,13.0,12.009504529483223,4.36923076923077,6.823030289908878,6.359693601428969,56.800000000000004,81.94121317146191,76.37676911248667,74.27692307692308,115.99151492845093,108.11479122429247,PPG
TE,2023,00-0034981,Foster Moreau,13.0,12.009504529483223,4.36923076923077,6.823030289908878,6.359693601428969,56.800000000000004,81.94121317146191,76.37676911248667,74.27692307692308,115.99151492845093,108.11479122429247,SEASON
TE,2023,00-0035229,T.J. Hockenson,15.0,13.317395210627812,17.7,12.711960862592193,13.233842328483409,265.5,169.29020670917345,176.24030844354854,300.9,216.1033346640673,224.97531958421794,PPG
TE,2023,00-0035229,T.J. Hockenson,15.0,13.317395210627812,17.7,12.711960862592193,13.233842328483409,265.5,169.29020670917345,176.24030844354854,300.9,216.1033346640673,224.97531958421794,SEASON
TE,2023,00-0035249,Josh Oliver,13.0,11.137577408720164,4.86923076923077,4.849661172687092,5.209421913174093,63.300000000000004,54.013476716867096,58.02033981265955,82.77692307692308,82.44423993568057,88.56017252395958,PPG
TE,2023,00-0035249,Josh Oliver,13.0,11.137577408720164,4.86923076923077,4.849661172687092,5.209421913174093,63.300000000000004,54.013476716867096,58.02033981265955,82.77692307692308,82.44423993568057,88.56017252395958,SEASON
TE,2023,00-0035259,Trevon Wesco,6.0,8.521796046430989,0.6000000000000001,2.5341901402251388,2.2616027741475344,3.6000000000000005,21.59585151787498,19.272917579327817,10.200000000000001,43.081232383827356,38.447247160508084,PPG
TE,2023,00-0035259,Trevon Wesco,6.0,8.521796046430989,0.6000000000000001,2.5341901402251388,2.2616027741475344,3.6000000000000005,21.59585151787498,19.272917579327817,10.200000000000001,43.081232383827356,38.447247160508084,SEASON
TE,2023,00-0035329,Donald Parham,14.0,8.521796046430989,6.642857142857142,4.322087603710128,5.049658729093426,93.0,36.83194905362536,43.03216179341409,112.92857142857142,73.47548926307218,85.84419839458823,PPG
TE,2023,00-0035329,Donald Parham,14.0,8.521796046430989,6.642857142857142,4.322087603710128,5.049658729093426,93.0,36.83194905362536,43.03216179341409,112.92857142857142,73.47548926307218,85.84419839458823,SEASON
TE,2023,00-0035562,Jesper Horsted,5.0,8.08583248604946,0.38000000000000006,1.8777902791293661,2.4849441220047264,1.9000000000000004,15.183497640972112,20.092841907723468,6.460000000000001,31.922434745199226,42.24405007408035,PPG
TE,2023,00-0035562,Jesper Horsted,5.0,8.08583248604946,0.38000000000000006,1.8777902791293661,2.4849441220047264,1.9000000000000004,15.183497640972112,20.092841907723468,6.460000000000001,31.922434745199226,42.24405007408035,SEASON
TE,2023,00-0035572,Parker Hesse,1.0,11.137577408720164,0.0,2.8273477619221112,2.9346816255691475,0.0,31.489804559779223,32.6852437747251,0.0,48.06491195267589,49.88958763467551,PPG
TE,2023,00-0035572,Parker Hesse,1.0,11.137577408720164,0.0,2.8273477619221112,2.9346816255691475,0.0,31.489804559779223,32.6852437747251,0.0,48.06491195267589,49.88958763467551,SEASON
TE,2023,00-0035644,Noah Fant,15.0,13.317395210627812,5.960000000000001,7.733833974879536,7.045342568879932,89.4,102.99452353685139,93.82561138403385,101.32000000000002,131.4751775729521,119.77082367095885,PPG
TE,2023,00-0035644,Noah Fant,15.0,13.317395210627812,5.960000000000001,7.733833974879536,7.045342568879932,89.4,102.99452353685139,93.82561138403385,101.32000000000002,131.4751775729521,119.77082367095885,SEASON
TE,2023,00-0035689,Dawson Knox,10.0,12.445468089864752,6.560000000000001,9.332927201589015,9.138644117065137,65.60000000000001,116.15264767240683,113.73470374356441,111.52000000000002,158.65976242701328,155.35694999010732,PPG
TE,2023,00-0035689,Dawson Knox,10.0,12.445468089864752,6.560000000000001,9.332927201589015,9.138644117065137,65.60000000000001,116.15264767240683,113.73470374356441,111.52000000000002,158.65976242701328,155.35694999010732,SEASON
TE,2023,00-0035771,Mitchell Wilcox,12.0,9.829686727575577,1.5916666666666668,4.011351383035894,4.635709112516806,19.1,39.430327449469864,45.56756833620761,27.058333333333337,68.1929735116102,78.8070549127857,PPG
TE,2023,00-0035771,Mitchell Wilcox,12.0,9.829686727575577,1.5916666666666668,4.011351383035894,4.635709112516806,19.1,39.430327449469864,45.56756833620761,27.058333333333337,68.1929735116102,78.8070549127857,SEASON
TE,2023,00-0035956,Giovanni Ricci,2.0,10.701613848338635,0.85,3.1629300335538773,2.907646413048922,1.7,33.84845584840635,31.1165091199565,14.45,53.76981057041591,49.42998902183167,PPG
TE,2023,00-0035956,Giovanni Ricci,2.0,10.701613848338635,0.85,3.1629300335538773,2.907646413048922,1.7,33.84845584840635,31.1165091199565,14.45,53.76981057041591,49.42998902183167,SEASON
TE,2023,00-0036032,Sean McKeon,8.0,7.213905365286401,0.0,1.6697633050201333,2.3833576817702373,0.0,12.045514464843093,17.193316767918873,0.0,28.385976185342265,40.51708059009403,PPG
TE,2023,00-0036032,Sean McKeon,8.0,7.213905365286401,0.0,1.6697633050201333,2.3833576817702373,0.0,12.045514464843093,17.193316767918873,0.0,28.385976185342265,40.51708059009403,SEASON
TE,2023,00-0036040,Juwan Johnson,13.0,12.881431650246281,8.946153846153846,9.695559971340924,9.822951391984763,116.3,124.8926930816919,126.53367695954329,152.08461538461538,164.8245195127957,166.99017366374096,PPG
TE,2023,00-0036040,Juwan Johnson,13.0,12.881431650246281,8.946153846153846,9.695559971340924,9.822951391984763,116.3,124.8926930816919,126.53367695954329,152.08461538461538,164.8245195127957,166.99017366374096,SEASON
TE,2023,00-0036145,Lawrence Cager,5.0,8.521796046430989,3.1200000000000006,6.014157761685845,6.330899906635912,15.600000000000003,51.25142583614668,53.95063779472023,53.040000000000006,102.24068194865937,107.6252984128105,PPG
TE,2023,00-0036145,Lawrence Cager,5.0,8.521796046430989,3.1200000000000006,6.014157761685845,6.330899906635912,15.600000000000003,51.25142583614668,53.95063779472023,53.040000000000006,102.24068194865937,107.6252984128105,SEASON
TE,2023,00-0036232,Harrison Bryant,14.0,12.009504529483223,3.0999999999999996,5.423389561120294,5.430814317619503,43.39999999999999,65.1322214994262,65.22138914623376,52.699999999999996,92.19762253904499,92.32384339953155,PPG
TE,2023,00-0036232,Harrison Bryant,14.0,12.009504529483223,3.0999999999999996,5.423389561120294,5.430814317619503,43.39999999999999,65.1322214994262,65.22138914623376,52.699999999999996,92.19762253904499,92.32384339953155,SEASON
TE,2023,00-0036244,Colby Parkinson,15.0,12.009504529483223,4.946666666666666,6.52874478964882,6.021568172646367,74.19999999999999,78.4069901231275,72.31605024398856,84.09333333333333,110.98866142402994,102.36665893498824,PPG
TE,2023,00-0036244,Colby Parkinson,15.0,12.009504529483223,4.946666666666666,6.52874478964882,6.021568172646367,74.19999999999999,78.4069901231275,72.31605024398856,84.09333333333333,110.98866142402994,102.36665893498824,SEASON
TE,2023,00-0036290,Cole Kmet,16.0,13.317395210627812,13.5375,9.570318146605722,9.701354327154727,216.6,127.45170904979148,129.19676965305376,230.1375,162.69540849229728,164.92302356163034,PPG
TE,2023,00-0036290,Cole Kmet,16.0,13.317395210627812,13.5375,9.570318146605722,9.701354327154727,216.6,127.45170904979148,129.19676965305376,230.1375,162.69540849229728,164.92302356163034,SEASON
TE,2023,00-0036332,Josiah Deguara,9.0,9.829686727575577,2.0555555555555554,3.6995699934463055,4.007196604984897,18.5,36.36561406231601,39.38948728280596,34.94444444444444,62.89268988858719,68.12234228474325,PPG
TE,2023,00-0036332,Josiah Deguara,9.0,9.829686727575577,2.0555555555555554,3.6995699934463055,4.007196604984897,18.5,36.36561406231601,39.38948728280596,34.94444444444444,62.89268988858719,68.12234228474325,SEASON
TE,2023,00-0036422,Adam Trautman,16.0,11.137577408720164,4.4625,4.592071152253914,4.560168293279364,71.4,51.14454792457877,50.789227363190236,75.86250000000001,78.06520958831653,77.52286098574919,PPG
TE,2023,00-0036422,Adam Trautman,16.0,11.137577408720164,4.4625,4.592071152253914,4.560168293279364,71.4,51.14454792457877,50.789227363190236,75.86250000000001,78.06520958831653,77.52286098574919,SEASON
TE,2023,00-0036423,Albert Okwuegbunam,1.0,8.521796046430989,0.0,4.644757417083119,5.02580977664121,0.0,39.58167539352994,42.82892588469527,0.0,78.96087609041302,85.43876620290057,PPG
TE,2023,00-0036423,Albert Okwuegbunam,1.0,8.521796046430989,0.0,4.644757417083119,5.02580977664121,0.0,39.58167539352994,42.82892588469527,0.0,78.96087609041302,85.43876620290057,SEASON
TE,2023,00-0036424,Brycen Hopkins,5.0,8.957759606812518,3.06,4.110752469580792,4.133411773636027,15.3,36.82313242561562,37.02610902420009,52.02,69.88279198287346,70.26800015181246,PPG
TE,2023,00-0036424,Brycen Hopkins,5.0,8.957759606812518,3.06,4.110752469580792,4.133411773636027,15.3,36.82313242561562,37.02610902420009,52.02,69.88279198287346,70.26800015181246,SEASON
TE,2023,00-0036429,Charlie Woerner,10.0,8.08583248604946,0.77,2.297147109058735,1.5421288865327858,7.7,18.574346719661722,12.469395848402081,13.09,39.0515008539985,26.21619107105736,PPG
TE,2023,00-0036429,Charlie Woerner,10.0,8.08583248604946,0.77,2.297147109058735,1.5421288865327858,7.7,18.574346719661722,12.469395848402081,13.09,39.0515008539985,26.21619107105736,SEASON
TE,2023,00-0036438,Stephen Sullivan,10.0,9.393723167194047,3.05,3.243225986889095,2.240511312020117,30.5,30.46596708948587,21.046743018083703,51.849999999999994,55.134841777114616,38.08869230434199,PPG
TE,2023,00-0036438,Stephen Sullivan,10.0,9.393723167194047,3.05,3.243225986889095,2.240511312020117,30.5,30.46596708948587,21.046743018083703,51.849999999999994,55.134841777114616,38.08869230434199,SEASON
TE,2023,00-0036510,Kenny Yeboah,3.0,7.213905365286401,1.9333333333333336,0.8396048010716113,1.6470925283552653,5.800000000000001,6.056829579170718,11.88196962742519,32.866666666666674,14.273281618217393,28.00057298203951,PPG
TE,2023,00-0036510,Kenny Yeboah,3.0,7.213905365286401,1.9333333333333336,0.8396048010716113,1.6470925283552653,5.800000000000001,6.056829579170718,11.88196962742519,32.866666666666674,14.273281618217393,28.00057298203951,SEASON
TE,2023,00-0036556,Brevin Jordan,10.0,9.829686727575577,5.9399999999999995,4.776321574877696,4.630995630543788,59.39999999999999,46.94974479120817,45.52123628501677,100.97999999999999,81.19746677292083,78.7269257192444,PPG
TE,2023,00-0036556,Brevin Jordan,10.0,9.829686727575577,5.9399999999999995,4.776321574877696,4.630995630543788,59.39999999999999,46.94974479120817,45.52123628501677,100.97999999999999,81.19746677292083,78.7269257192444,SEASON
TE,2023,00-0036590,Quintin Morris,2.0,9.829686727575577,5.8,2.7055854549383227,2.8705803694323384,11.6,26.595057436728762,28.216905757848053,98.6,45.994952733951486,48.799866280349754,PPG
TE,2023,00-0036590,Quintin Morris,2.0,9.829686727575577,5.8,2.7055854549383227,2.8705803694323384,11.6,26.595057436728762,28.216905757848053,98.6,45.994952733951486,48.799866280349754,SEASON
TE,2023,00-0036628,John Bates,15.0,9.829686727575577,2.9066666666666663,4.567883733508485,4.25512848996804,43.599999999999994,44.90086610837673,41.82658004196755,49.41333333333333,77.65402346964424,72.33718432945669,PPG
TE,2023,00-0036628,John Bates,15.0,9.829686727575577,2.9066666666666663,4.567883733508485,4.25512848996804,43.599999999999994,44.90086610837673,41.82658004196755,49.41333333333333,77.65402346964424,72.33718432945669,SEASON
TE,2023,00-0036637,Noah Gray,16.0,13.317395210627812,5.2875,8.996260559706872,4.919649186384129,84.6,119.80675729140017,65.516912512721,89.88749999999999,152.93642951501684,83.6340361685302,PPG
TE,2023,00-0036637,Noah Gray,16.0,13.317395210627812,5.2875,8.996260559706872,4.919649186384129,84.6,119.80675729140017,65.516912512721,89.88749999999999,152.93642951501684,83.6340361685302,SEASON
TE,2023,00-0036741,Jack Stoll,6.0,9.829686727575577,1.8833333333333333,3.54774295055368,3.942761457372251,11.3,34.87320179390733,38.75610996752856,32.016666666666666,60.311630159412566,67.02694477532827,PPG
TE,2023,00-0036741,Jack Stoll,6.0,9.829686727575577,1.8833333333333333,3.54774295055368,3.942761457372251,11.3,34.87320179390733,38.75610996752856,32.016666666666666,60.311630159412566,67.02694477532827,SEASON
TE,2023,00-0036754,Brock Wright,9.0,12.009504529483223,3.844444444444444,5.030657661069063,4.6199874093798545,34.599999999999994,60.41570596688839,55.48375971910283,65.35555555555555,85.52118023817407,78.53978595945753,PPG
TE,2023,00-0036754,Brock Wright,9.0,12.009504529483223,3.844444444444444,5.030657661069063,4.6199874093798545,34.599999999999994,60.41570596688839,55.48375971910283,65.35555555555555,85.52118023817407,78.53978595945753,SEASON
TE,2023,00-0036876,Kylen Granson,15.0,11.573540969101694,5.866666666666667,6.304367545535119,6.035462095024633,88.0,72.9638560725258,69.85166782422793,99.73333333333335,107.17424827409702,102.60285561541876,PPG
TE,2023,00-0036876,Kylen Granson,15.0,11.573540969101694,5.866666666666667,6.304367545535119,6.035462095024633,88.0,72.9638560725258,69.85166782422793,99.73333333333335,107.17424827409702,102.60285561541876,SEASON
TE,2023,00-0036887,Luke Farrell,10.0,7.64986892566793,3.5,2.253006385171278,3.4021015716688763,35.0,17.23520353525319,26.025631095075763,59.5,38.301108547911724,57.8357267183709,PPG
TE,2023,00-0036887,Luke Farrell,10.0,7.64986892566793,3.5,2.253006385171278,3.4021015716688763,35.0,17.23520353525319,26.025631095075763,59.5,38.301108547911724,57.8357267183709,SEASON
TE,2023,00-0036894,Pat Freiermuth,11.0,12.445468089864752,8.436363636363636,10.727512192545841,11.152646901390401,92.8,133.50891067596433,138.79991112878324,143.4181818181818,182.3677072732793,189.59499732363682,PPG
TE,2023,00-0036894,Pat Freiermuth,11.0,12.445468089864752,8.436363636363636,10.727512192545841,11.152646901390401,92.8,133.50891067596433,138.79991112878324,143.4181818181818,182.3677072732793,189.59499732363682,SEASON
TE,2023,00-0036970,Kyle Pitts,17.0,10.265650287957106,9.658823529411766,10.901161421315916,12.27376071690972,164.20000000000002,111.90751088379862,125.9981352378609,164.20000000000002,185.31974416237057,208.65393218746524,PPG
TE,2023,00-0036970,Kyle Pitts,17.0,10.265650287957106,9.658823529411766,10.901161421315916,12.27376071690972,164.20000000000002,111.90751088379862,125.9981352378609,164.20000000000002,185.31974416237057,208.65393218746524,SEASON
TE,2023,00-0037005,Tommy Tremble,15.0,12.445468089864752,4.793333333333334,5.3494722783172195,4.887464082761521,71.9,66.57668653741305,60.82677828236861,81.48666666666668,90.94102873139273,83.08688940694586,PPG
TE,2023,00-0037005,Tommy Tremble,15.0,12.445468089864752,4.793333333333334,5.3494722783172195,4.887464082761521,71.9,66.57668653741305,60.82677828236861,81.48666666666668,90.94102873139273,83.08688940694586,SEASON
TE,2023,00-0037011,Tre' McKitty,1.0,11.573540969101694,0.0,3.177022381370525,2.6374163477364037,0.0,36.7693986905448,30.52424615310583,0.0,54.009380483298926,44.83607791151886,PPG
TE,2023,00-0037011,Tre' McKitty,1.0,11.573540969101694,0.0,3.177022381370525,2.6374163477364037,0.0,36.7693986905448,30.52424615310583,0.0,54.009380483298926,44.83607791151886,SEASON
TE,2023,00-0037078,Cole Turner,8.0,8.957759606812518,3.5625,2.674207792765233,2.288368908715468,28.5,23.954910546255665,20.49865857597706,60.5625,45.46153247700896,38.902271448162956,PPG
TE,2023,00-0037078,Cole Turner,8.0,8.957759606812518,3.5625,2.674207792765233,2.288368908715468,28.5,23.954910546255665,20.49865857597706,60.5625,45.46153247700896,38.902271448162956,SEASON
TE,2023,00-0037086,Grant Calcaterra,3.0,8.521796046430989,3.3,3.946947633253817,3.539699976071172,9.899999999999999,33.635082736532524,30.16460126163518,56.099999999999994,67.09810976531489,60.17489959320992,PPG
TE,2023,00-0037086,Grant Calcaterra,3.0,8.521796046430989,3.3,3.946947633253817,3.539699976071172,9.899999999999999,33.635082736532524,30.16460126163518,56.099999999999994,67.09810976531489,60.17489959320992,SEASON
TE,2023,00-0037252,Greg Dulcich,2.0,10.265650287957106,3.5,10.046473872475964,9.52609357271848,7.0,103.13358740193642,97.7915452278838,59.5,170.79005583209138,161.94359073621416,PPG
TE,2023,00-0037252,Greg Dulcich,2.0,10.265650287957106,3.5,10.046473872475964,9.52609357271848,7.0,103.13358740193642,97.7915452278838,59.5,170.79005583209138,161.94359073621416,SEASON
TE,2023,00-0037277,Teagan Quitoriano,3.0,8.957759606812518,2.1,4.523869591507796,4.350230239338075,6.300000000000001,40.52373629329598,38.96831671827697,35.7,76.90578305563253,73.95391406874728,PPG
TE,2023,00-0037277,Teagan Quitoriano,3.0,8.957759606812518,2.1,4.523869591507796,4.350230239338075,6.300000000000001,40.52373629329598,38.96831671827697,35.7,76.90578305563253,73.95391406874728,SEASON
TE,2023,00-0037282,James Mitchell,2.0,9.393723167194047,2.9000000000000004,3.273389593283371,4.047938067619096,5.800000000000001,30.7493156576779,38.02520960516021,49.300000000000004,55.64762308581731,68.81494714952464,PPG
TE,2023,00-0037282,James Mitchell,2.0,9.393723167194047,2.9000000000000004,3.273389593283371,4.047938067619096,5.800000000000001,30.7493156576779,38.02520960516021,49.300000000000004,55.64762308581731,68.81494714952464,SEASON
TE,2023,00-0037311,Ko Kieft,10.0,11.573540969101694,0.7700000000000001,2.875306862985898,2.419771745158718,7.700000000000001,33.277481777506566,28.00532742846913,13.090000000000002,48.88021667076026,41.13611966769821,PPG
TE,2023,00-0037311,Ko Kieft,10.0,11.573540969101694,0.7700000000000001,2.875306862985898,2.419771745158718,7.700000000000001,33.277481777506566,28.00532742846913,13.090000000000002,48.88021667076026,41.13611966769821,SEASON
TE,2023,00-0037475,Stone Smartt,12.0,7.213905365286401,3.166666666666667,2.0820918776733204,3.4180485555190576,38.0,15.020013767366802,24.657478813468362,53.833333333333336,35.39556192044645,58.10682544382398,PPG
TE,2023,00-0037475,Stone Smartt,12.0,7.213905365286401,3.166666666666667,2.0820918776733204,3.4180485555190576,38.0,15.020013767366802,24.657478813468362,53.833333333333336,35.39556192044645,58.10682544382398,SEASON
TE,2023,00-0037569,Peyton Hendershot,8.0,11.137577408720164,1.225,7.182889150453599,3.355967474973255,9.8,79.99998393143318,37.377347533661776,20.825000000000003,122.10911555771119,57.05144707454534,PPG
TE,2023,00-0037569,Peyton Hendershot,8.0,11.137577408720164,1.225,7.182889150453599,3.355967474973255,9.8,79.99998393143318,37.377347533661776,20.825000000000003,122.10911555771119,57.05144707454534,SEASON
TE,2023,00-0037744,Trey McBride,17.0,11.137577408720164,13.0,6.68669025721505,7.161117100507186,221.0,74.47353034786755,79.75749603980847,221.0,113.67373437265584,121.73899070862215,PPG
TE,2023,00-0037744,Trey McBride,17.0,11.137577408720164,13.0,6.68669025721505,7.161117100507186,221.0,74.47353034786755,79.75749603980847,221.0,113.67373437265584,121.73899070862215,SEASON
TE,2023,00-0037809,Chig Okonkwo,17.0,12.881431650246281,8.258823529411764,7.887533160476552,7.0655423015719725,140.39999999999998,101.60271929572974,91.01430022962316,140.39999999999998,134.0880637281014,120.11421912672353,PPG
TE,2023,00-0037809,Chig Okonkwo,17.0,12.881431650246281,8.258823529411764,7.887533160476552,7.0655423015719725,140.39999999999998,101.60271929572974,91.01430022962316,140.39999999999998,134.0880637281014,120.11421912672353,SEASON
TE,2023,00-0037838,Isaiah Likely,14.0,12.009504529483223,8.292857142857144,8.728236749962017,7.782537404295164,116.10000000000002,104.82179878307076,93.46441820775539,140.97857142857146,148.38002474935428,132.3031358730178,PPG
TE,2023,00-0037838,Isaiah Likely,14.0,12.009504529483223,8.292857142857144,8.728236749962017,7.782537404295164,116.10000000000002,104.82179878307076,93.46441820775539,140.97857142857146,148.38002474935428,132.3031358730178,SEASON
TE,2023,00-0038041,Jake Ferguson,17.0,10.701613848338635,12.505882352941178,4.139596179528279,4.732062474573116,212.60000000000002,44.30035980136954,50.640705309095246,212.60000000000002,70.37313505198075,80.44506206774297,PPG
TE,2023,00-0038041,Jake Ferguson,17.0,10.701613848338635,12.505882352941178,4.139596179528279,4.732062474573116,212.60000000000002,44.30035980136954,50.640705309095246,212.60000000000002,70.37313505198075,80.44506206774297,SEASON
TE,2023,00-0038115,Daniel Bellinger,14.0,10.701613848338635,4.5,10.107242594531323,7.447050665454725,63.0,108.16380731815453,79.69546053070974,76.5,171.8231241070325,126.59986131273033,PPG
TE,2023,00-0038115,Daniel Bellinger,14.0,10.701613848338635,4.5,10.107242594531323,7.447050665454725,63.0,108.16380731815453,79.69546053070974,76.5,171.8231241070325,126.59986131273033,SEASON
TE,2023,00-0038129,Cade Otton,17.0,12.881431650246281,8.352941176470587,6.804273134099023,6.720321285874079,141.99999999999997,87.64877930650361,86.56735931168215,141.99999999999997,115.67264327968338,114.24546185985935,PPG
TE,2023,00-0038129,Cade Otton,17.0,12.881431650246281,8.352941176470587,6.804273134099023,6.720321285874079,141.99999999999997,87.64877930650361,86.56735931168215,141.99999999999997,115.67264327968338,114.24546185985935,SEASON
TE,2024,00-0024243,Marcedes Lewis,5.0,8.042560500153657,0.3400000000000001,1.7010803771821237,2.5380668407164944,1.7000000000000004,13.681041849111432,20.412556119896262,5.780000000000001,28.918366412096102,43.147136292180406,PPG
TE,2024,00-0024243,Marcedes Lewis,5.0,8.042560500153657,0.3400000000000001,1.7010803771821237,2.5380668407164944,1.7000000000000004,13.681041849111432,20.412556119896262,5.780000000000001,28.918366412096102,43.147136292180406,SEASON
TE,2024,00-0030061,Zach Ertz,17.0,8.549219721977895,12.31764705882353,7.845888236746725,8.456400438494121,209.4,67.07622245002948,72.29562540571646,209.4,133.38010002469431,143.75880745440006,PPG
TE,2024,00-0030061,Zach Ertz,17.0,8.549219721977895,12.31764705882353,7.845888236746725,8.456400438494121,209.4,67.07622245002948,72.29562540571646,209.4,133.38010002469431,143.75880745440006,SEASON
TE,2024,00-0030506,Travis Kelce,16.0,12.602493496571796,15.11875,13.463185021228416,13.535936004108235,241.9,169.66970167317393,170.58654546178605,257.01875,228.87414536088306,230.11091206984,PPG
TE,2024,00-0030506,Travis Kelce,16.0,12.602493496571796,15.11875,13.463185021228416,13.535936004108235,241.9,169.66970167317393,170.58654546178605,257.01875,228.87414536088306,230.11091206984,SEASON
TE,2024,00-0031484,Chris Manhertz,8.0,8.549219721977895,1.6875,1.8427171527238122,1.8496325393158417,13.5,15.753793824093368,15.812914983531048,28.6875,31.326191596304806,31.44375316836931,PPG
TE,2024,00-0031484,Chris Manhertz,8.0,8.549219721977895,1.6875,1.8427171527238122,1.8496325393158417,13.5,15.753793824093368,15.812914983531048,28.6875,31.326191596304806,31.44375316836931,SEASON
TE,2024,00-0031585,MyCole Pruitt,7.0,10.069197387450608,2.7142857142857144,3.142206697248176,3.0264206148649517,19.0,31.639499466761134,30.473626548524834,46.142857142857146,53.41751385321899,51.44915045270418,PPG
TE,2024,00-0031585,MyCole Pruitt,7.0,10.069197387450608,2.7142857142857144,3.142206697248176,3.0264206148649517,19.0,31.639499466761134,30.473626548524834,46.142857142857146,53.41751385321899,51.44915045270418,SEASON
TE,2024,00-0032134,C.J. Uzomah,2.0,9.055878943802133,0.0,2.8242125903744455,3.1805125836304473,0.0,25.57572732999282,28.80233693659669,0.0,48.01161403636557,54.0687139217176,PPG
TE,2024,00-0032134,C.J. Uzomah,2.0,9.055878943802133,0.0,2.8242125903744455,3.1805125836304473,0.0,25.57572732999282,28.80233693659669,0.0,48.01161403636557,54.0687139217176,SEASON
TE,2024,00-0032141,Geoff Swaim,3.0,9.055878943802133,0.7333333333333334,2.9052442624902883,3.6136570362235227,2.2,26.30954034328776,32.72484066445902,12.466666666666669,49.3891524623349,61.432169615799886,PPG
TE,2024,00-0032141,Geoff Swaim,3.0,9.055878943802133,0.7333333333333334,2.9052442624902883,3.6136570362235227,2.2,26.30954034328776,32.72484066445902,12.466666666666669,49.3891524623349,61.432169615799886,SEASON
TE,2024,00-0032392,Austin Hooper,17.0,13.109152718396032,7.594117647058823,5.161619171753532,4.254347695718112,129.1,67.6644539967179,55.77089366032498,129.1,87.74752591981004,72.3239108272079,PPG
TE,2024,00-0032392,Austin Hooper,17.0,13.109152718396032,7.594117647058823,5.161619171753532,4.254347695718112,129.1,67.6644539967179,55.77089366032498,129.1,87.74752591981004,72.3239108272079,SEASON
TE,2024,00-0033090,Hunter Henry,16.0,11.58917505292332,11.15,9.221264408745611,9.016934230120283,178.4,106.86684744224435,104.49882923356033,189.55,156.7614949486754,153.2878819120448,PPG
TE,2024,00-0033090,Hunter Henry,16.0,11.58917505292332,11.15,9.221264408745611,9.016934230120283,178.4,106.86684744224435,104.49882923356033,189.55,156.7614949486754,153.2878819120448,SEASON
TE,2024,00-0033110,Tyler Higbee,3.0,12.602493496571796,10.2,8.414408453608317,7.881049329107117,30.599999999999998,106.04252781409755,99.32087291623395,173.39999999999998,143.04494371134138,133.97783859482098,PPG
TE,2024,00-0033110,Tyler Higbee,3.0,12.602493496571796,10.2,8.414408453608317,7.881049329107117,30.599999999999998,106.04252781409755,99.32087291623395,173.39999999999998,143.04494371134138,133.97783859482098,SEASON
TE,2024,00-0033217,Mo Alie-Cox,12.0,12.095834274747558,3.225,5.01865567521293,4.126226247414097,38.7,60.704827329396906,49.91014886883443,54.825,85.3171464786198,70.14584620603965,PPG
TE,2024,00-0033217,Mo Alie-Cox,12.0,12.095834274747558,3.225,5.01865567521293,4.126226247414097,38.7,60.704827329396906,49.91014886883443,54.825,85.3171464786198,70.14584620603965,SEASON
TE,2024,00-0033246,Johnny Mundt,14.0,10.069197387450608,3.907142857142857,5.317976349364716,5.113522830413235,54.699999999999996,53.54775356354732,51.48907072466598,66.42142857142856,90.40559793920016,86.92988811702499,PPG
TE,2024,00-0033246,Johnny Mundt,14.0,10.069197387450608,3.907142857142857,5.317976349364716,5.113522830413235,54.699999999999996,53.54775356354732,51.48907072466598,66.42142857142856,90.40559793920016,86.92988811702499,SEASON
TE,2024,00-0033288,George Kittle,15.0,13.109152718396032,18.373333333333335,12.196955083636942,12.195678300215521,275.6,159.89174689081352,159.8750093419538,312.3466666666667,207.348236421828,207.32653110366385,PPG
TE,2024,00-0033288,George Kittle,15.0,13.109152718396032,18.373333333333335,12.196955083636942,12.195678300215521,275.6,159.89174689081352,159.8750093419538,312.3466666666667,207.348236421828,207.32653110366385,SEASON
TE,2024,00-0033357,Taysom Hill,8.0,13.109152718396032,14.25,8.595719322943,8.856453386386198,114.0,112.68259732892753,116.10059998549237,242.25,146.127228490031,150.55970756856536,PPG
TE,2024,00-0033357,Taysom Hill,8.0,13.109152718396032,14.25,8.595719322943,8.856453386386198,114.0,112.68259732892753,116.10059998549237,242.25,146.127228490031,150.55970756856536,SEASON
TE,2024,00-0033439,Pharaoh Brown,10.0,10.575856609274846,1.5499999999999998,4.233895091307422,3.9187055959752697,15.499999999999998,44.77706738437992,41.44366847699738,26.349999999999998,71.97621655222616,66.61799513157959,PPG
TE,2024,00-0033439,Pharaoh Brown,10.0,10.575856609274846,1.5499999999999998,4.233895091307422,3.9187055959752697,15.499999999999998,44.77706738437992,41.44366847699738,26.349999999999998,71.97621655222616,66.61799513157959,SEASON
TE,2024,00-0033576,Eric Saubert,12.0,6.522582834680945,2.6,1.209780867934311,2.609505648012379,31.200000000000003,7.890895922913751,17.020716746728517,44.2,20.566274754883285,44.36159601621044,PPG
TE,2024,00-0033576,Eric Saubert,12.0,6.522582834680945,2.6,1.209780867934311,2.609505648012379,31.200000000000003,7.890895922913751,17.020716746728517,44.2,20.566274754883285,44.36159601621044,SEASON
TE,2024,00-0033858,Jonnu Smith,17.0,13.61581194022027,15.55294117647059,8.512370002080415,8.248202770172782,264.40000000000003,115.90282911389936,112.30597776347648,264.40000000000003,144.71029003536705,140.2194470929373,PPG
TE,2024,00-0033858,Jonnu Smith,17.0,13.61581194022027,15.55294117647059,8.512370002080415,8.248202770172782,264.40000000000003,115.90282911389936,112.30597776347648,264.40000000000003,144.71029003536705,140.2194470929373,SEASON
TE,2024,00-0033881,Evan Engram,9.0,13.61581194022027,12.444444444444446,14.363860681352955,14.278399743915479,112.00000000000001,195.57562577282604,194.41200572044244,211.5555555555556,244.18563158300023,242.73279564656315,PPG
TE,2024,00-0033881,Evan Engram,9.0,13.61581194022027,12.444444444444446,14.363860681352955,14.278399743915479,112.00000000000001,195.57562577282604,194.41200572044244,211.5555555555556,244.18563158300023,242.73279564656315,SEASON
TE,2024,00-0033885,David Njoku,11.0,13.109152718396032,16.409090909090907,13.226140991825863,12.630684370909378,180.49999999999997,173.3835021368832,165.57757035610896,278.9545454545454,224.84439686103968,214.72163430545942,PPG
TE,2024,00-0033885,David Njoku,11.0,13.109152718396032,16.409090909090907,13.226140991825863,12.630684370909378,180.49999999999997,173.3835021368832,165.57757035610896,278.9545454545454,224.84439686103968,214.72163430545942,SEASON
TE,2024,00-0033895,Gerald Everett,10.0,12.602493496571796,1.5600000000000003,8.967324662674917,9.936620476182975,15.600000000000003,113.01065074300853,125.22619492899808,26.520000000000003,152.4445192654736,168.92254809511059,PPG
TE,2024,00-0033895,Gerald Everett,10.0,12.602493496571796,1.5600000000000003,8.967324662674917,9.936620476182975,15.600000000000003,113.01065074300853,125.22619492899808,26.520000000000003,152.4445192654736,168.92254809511059,SEASON
TE,2024,00-0034159,Will Dissly,15.0,11.58917505292332,9.006666666666668,4.1265257185111395,3.6649450422440766,135.10000000000002,47.823028912215776,42.47368965391006,153.11333333333334,70.15093721468938,62.3040657181493,PPG
TE,2024,00-0034159,Will Dissly,15.0,11.58917505292332,9.006666666666668,4.1265257185111395,3.6649450422440766,135.10000000000002,47.823028912215776,42.47368965391006,153.11333333333334,70.15093721468938,62.3040657181493,SEASON
TE,2024,00-0034270,Tyler Conklin,16.0,13.61581194022027,9.2125,9.19122588365101,8.722994009702923,147.4,125.14600313187702,118.77064599178296,156.6125,156.25084002206717,148.29089816494968,PPG
TE,2024,00-0034270,Tyler Conklin,16.0,13.61581194022027,9.2125,9.19122588365101,8.722994009702923,147.4,125.14600313187702,118.77064599178296,156.6125,156.25084002206717,148.29089816494968,SEASON
TE,2024,00-0034351,Dallas Goedert,10.0,12.095834274747558,12.260000000000002,11.122643449234626,11.413740181647494,122.60000000000002,134.5376518590486,138.05870969223517,208.42000000000002,189.08493863698865,194.0335830880074,PPG
TE,2024,00-0034351,Dallas Goedert,10.0,12.095834274747558,12.260000000000002,11.122643449234626,11.413740181647494,122.60000000000002,134.5376518590486,138.05870969223517,208.42000000000002,189.08493863698865,194.0335830880074,SEASON
TE,2024,00-0034364,Jordan Akins,16.0,11.58917505292332,6.875,4.26226991580003,3.0129955735887406,110.0,49.396192177015294,34.91813313600302,116.875,72.45858856860052,51.22092475100859,PPG
TE,2024,00-0034364,Jordan Akins,16.0,11.58917505292332,6.875,4.26226991580003,3.0129955735887406,110.0,49.396192177015294,34.91813313600302,116.875,72.45858856860052,51.22092475100859,SEASON
TE,2024,00-0034365,Ian Thomas,3.0,9.055878943802133,1.7333333333333334,2.9422060975170288,2.5274240200288265,5.2,26.644262246830706,22.888045965038792,29.46666666666667,50.01750365778949,42.96620834049005,PPG
TE,2024,00-0034365,Ian Thomas,3.0,9.055878943802133,1.7333333333333334,2.9422060975170288,2.5274240200288265,5.2,26.644262246830706,22.888045965038792,29.46666666666667,50.01750365778949,42.96620834049005,SEASON
TE,2024,00-0034383,Dalton Schultz,17.0,12.602493496571796,8.511764705882353,10.582255998396839,9.58486077793213,144.7,133.36281239885403,120.79314561943576,144.7,179.89835197274627,162.94263322484622,PPG
TE,2024,00-0034383,Dalton Schultz,17.0,12.602493496571796,8.511764705882353,10.582255998396839,9.58486077793213,144.7,133.36281239885403,120.79314561943576,144.7,179.89835197274627,162.94263322484622,SEASON
TE,2024,00-0034613,Tanner Hudson,9.0,11.082515831099082,5.222222222222223,7.277552822384824,7.621020240080241,47.00000000000001,80.65359436573962,84.46007745981579,88.7777777777778,123.71839798054201,129.55734408136408,PPG
TE,2024,00-0034613,Tanner Hudson,9.0,11.082515831099082,5.222222222222223,7.277552822384824,7.621020240080241,47.00000000000001,80.65359436573962,84.46007745981579,88.7777777777778,123.71839798054201,129.55734408136408,SEASON
TE,2024,00-0034753,Mark Andrews,17.0,10.069197387450608,12.723529411764707,11.622278206750574,12.921544021617523,216.3,117.02701335563701,130.10957730429917,216.3,197.57872951475974,219.6662483674979,PPG
TE,2024,00-0034753,Mark Andrews,17.0,10.069197387450608,12.723529411764707,11.622278206750574,12.921544021617523,216.3,117.02701335563701,130.10957730429917,216.3,197.57872951475974,219.6662483674979,SEASON
TE,2024,00-0034798,Durham Smythe,14.0,11.58917505292332,1.342857142857143,6.895009144427084,6.835698913938628,18.8,79.90746796627252,79.22011132271258,22.82857142857143,117.21515545526042,116.20688153695667,PPG
TE,2024,00-0034798,Durham Smythe,14.0,11.58917505292332,1.342857142857143,6.895009144427084,6.835698913938628,18.8,79.90746796627252,79.22011132271258,22.82857142857143,117.21515545526042,116.20688153695667,SEASON
TE,2024,00-0034829,Mike Gesicki,16.0,12.602493496571796,10.8125,6.022467634818399,5.5522876383277495,173.0,75.898109201113,69.97266885312143,183.8125,102.38194979191279,94.38888985157175,PPG
TE,2024,00-0034829,Mike Gesicki,16.0,12.602493496571796,10.8125,6.022467634818399,5.5522876383277495,173.0,75.898109201113,69.97266885312143,183.8125,102.38194979191279,94.38888985157175,SEASON
TE,2024,00-0034830,Hayden Hurst,7.0,9.56253816562637,2.757142857142857,5.448931741220805,5.37378418403506,19.3,52.10561773731689,51.38701635367462,46.871428571428574,92.63183960075368,91.35433112859602,PPG
TE,2024,00-0034830,Hayden Hurst,7.0,9.56253816562637,2.757142857142857,5.448931741220805,5.37378418403506,19.3,52.10561773731689,51.38701635367462,46.871428571428574,92.63183960075368,91.35433112859602,SEASON
TE,2024,00-0034981,Foster Moreau,16.0,11.58917505292332,7.456250000000001,4.526029862927055,4.738119907794078,119.30000000000001,52.452952376220175,54.910901033166475,126.75625000000001,76.94250766975993,80.54803843249933,PPG
TE,2024,00-0034981,Foster Moreau,16.0,11.58917505292332,7.456250000000001,4.526029862927055,4.738119907794078,119.30000000000001,52.452952376220175,54.910901033166475,126.75625000000001,76.94250766975993,80.54803843249933,SEASON
TE,2024,00-0035229,T.J. Hockenson,10.0,12.602493496571796,10.7,13.540020012913567,14.051409573429005,107.0,170.6380141561952,177.08279776680573,181.89999999999998,230.18034021953065,238.87396274829308,PPG
TE,2024,00-0035229,T.J. Hockenson,10.0,12.602493496571796,10.7,13.540020012913567,14.051409573429005,107.0,170.6380141561952,177.08279776680573,181.89999999999998,230.18034021953065,238.87396274829308,SEASON
TE,2024,00-0035249,Josh Oliver,12.0,11.58917505292332,6.4,4.722529801437121,4.4137106730100015,76.80000000000001,54.730224561502,51.151265622468905,108.80000000000001,80.28300662443105,75.03308144117003,PPG
TE,2024,00-0035249,Josh Oliver,12.0,11.58917505292332,6.4,4.722529801437121,4.4137106730100015,76.80000000000001,54.730224561502,51.151265622468905,108.80000000000001,80.28300662443105,75.03308144117003,SEASON
TE,2024,00-0035631,Drew Sample,11.0,12.095834274747558,4.172727272727273,4.428278811973557,4.462335986899708,45.9,53.563726632008155,53.97567657578096,70.93636363636364,75.28073980355047,75.85971177729503,PPG
TE,2024,00-0035631,Drew Sample,11.0,12.095834274747558,4.172727272727273,4.428278811973557,4.462335986899708,45.9,53.563726632008155,53.97567657578096,70.93636363636364,75.28073980355047,75.85971177729503,SEASON
TE,2024,00-0035644,Noah Fant,14.0,12.602493496571796,9.142857142857142,6.820375576472522,6.019111098947121,128.0,85.95373884667207,75.85580847962422,155.42857142857142,115.94638480003286,102.32488868210106,PPG
TE,2024,00-0035644,Noah Fant,14.0,12.602493496571796,9.142857142857142,6.820375576472522,6.019111098947121,128.0,85.95373884667207,75.85580847962422,155.42857142857142,115.94638480003286,102.32488868210106,SEASON
TE,2024,00-0035689,Dawson Knox,14.0,10.069197387450608,5.007142857142857,5.5030366922778295,6.1667184073044625,70.1,55.411162684928755,62.093904875973664,85.12142857142857,93.5516237687231,104.83421292417586,PPG
TE,2024,00-0035689,Dawson Knox,14.0,10.069197387450608,5.007142857142857,5.5030366922778295,6.1667184073044625,70.1,55.411162684928755,62.093904875973664,85.12142857142857,93.5516237687231,104.83421292417586,SEASON
TE,2024,00-0036040,Juwan Johnson,15.0,11.58917505292332,9.72,8.508861674254062,8.71553591924642,145.8,98.61068744404052,101.00587144818773,165.24,144.65064846231905,148.16411062718913,PPG
TE,2024,00-0036040,Juwan Johnson,15.0,11.58917505292332,9.72,8.508861674254062,8.71553591924642,145.8,98.61068744404052,101.00587144818773,165.24,144.65064846231905,148.16411062718913,SEASON
TE,2024,00-0036232,Harrison Bryant,6.0,12.095834274747558,3.6833333333333336,3.7693483630175657,3.245286583834446,22.1,45.59341312285147,39.254448692123106,62.616666666666674,64.07892217129861,55.169871925185575,PPG
TE,2024,00-0036232,Harrison Bryant,6.0,12.095834274747558,3.6833333333333336,3.7693483630175657,3.245286583834446,22.1,45.59341312285147,39.254448692123106,62.616666666666674,64.07892217129861,55.169871925185575,SEASON
TE,2024,00-0036244,Colby Parkinson,16.0,12.602493496571796,5.025,5.408645630552216,4.82377145158636,80.4,68.16242138429575,60.791548347565794,85.42500000000001,91.94697571938767,82.00411467696813,PPG
TE,2024,00-0036244,Colby Parkinson,16.0,12.602493496571796,5.025,5.408645630552216,4.82377145158636,80.4,68.16242138429575,60.791548347565794,85.42500000000001,91.94697571938767,82.00411467696813,SEASON
TE,2024,00-0036290,Cole Kmet,16.0,13.109152718396032,8.99375,11.55510715165498,11.205754695429107,143.9,151.4776643284753,146.89794962726359,152.89375,196.43682157813464,190.49782982229482,PPG
TE,2024,00-0036290,Cole Kmet,16.0,13.109152718396032,8.99375,11.55510715165498,11.205754695429107,143.9,151.4776643284753,146.89794962726359,152.89375,196.43682157813464,190.49782982229482,SEASON
TE,2024,00-0036332,Josiah Deguara,7.0,9.56253816562637,0.8428571428571427,1.7907297261573742,2.389376660065089,5.8999999999999995,17.123921350701547,22.848505503929278,14.328571428571427,30.44240534467536,40.619403221106516,PPG
TE,2024,00-0036332,Josiah Deguara,7.0,9.56253816562637,0.8428571428571427,1.7907297261573742,2.389376660065089,5.8999999999999995,17.123921350701547,22.848505503929278,14.328571428571427,30.44240534467536,40.619403221106516,SEASON
TE,2024,00-0036422,Adam Trautman,13.0,13.109152718396032,3.8692307692307697,4.718564828246533,4.366616188715263,50.300000000000004,61.85638694513595,57.24263848048881,65.77692307692308,80.21560208019106,74.23247520815946,PPG
TE,2024,00-0036422,Adam Trautman,13.0,13.109152718396032,3.8692307692307697,4.718564828246533,4.366616188715263,50.300000000000004,61.85638694513595,57.24263848048881,65.77692307692308,80.21560208019106,74.23247520815946,SEASON
TE,2024,00-0036429,Charlie Woerner,12.0,10.069197387450608,1.2583333333333333,1.4945452925068734,1.6980422589720037,15.1,15.048871554736813,17.09792267782163,21.391666666666666,25.40726997261685,28.86671840252406,PPG
TE,2024,00-0036429,Charlie Woerner,12.0,10.069197387450608,1.2583333333333333,1.4945452925068734,1.6980422589720037,15.1,15.048871554736813,17.09792267782163,21.391666666666666,25.40726997261685,28.86671840252406,SEASON
TE,2024,00-0036438,Stephen Sullivan,1.0,10.069197387450608,0.0,4.505699955563905,4.293938686615303,0.0,45.36878222120039,43.2365162051399,0.0,76.59689924458638,72.99695767246016,PPG
TE,2024,00-0036438,Stephen Sullivan,1.0,10.069197387450608,0.0,4.505699955563905,4.293938686615303,0.0,45.36878222120039,43.2365162051399,0.0,76.59689924458638,72.99695767246016,SEASON
TE,2024,00-0036510,Kenny Yeboah,7.0,6.522582834680945,2.5999999999999996,2.400473333425874,2.1248052834774045,18.199999999999996,15.657286159712953,13.859218469049097,44.199999999999996,40.808046668239854,36.12168981911588,PPG
TE,2024,00-0036510,Kenny Yeboah,7.0,6.522582834680945,2.5999999999999996,2.400473333425874,2.1248052834774045,18.199999999999996,15.657286159712953,13.859218469049097,44.199999999999996,40.808046668239854,36.12168981911588,SEASON
TE,2024,00-0036556,Brevin Jordan,2.0,10.069197387450608,1.85,4.956622489124246,5.675917745679765,3.7,49.909210218068786,57.15193613618323,31.450000000000003,84.26258231511218,96.49060167655601,PPG
TE,2024,00-0036556,Brevin Jordan,2.0,10.069197387450608,1.85,4.956622489124246,5.675917745679765,3.7,49.909210218068786,57.15193613618323,31.450000000000003,84.26258231511218,96.49060167655601,SEASON
TE,2024,00-0036628,John Bates,13.0,12.602493496571796,1.3384615384615386,4.101841985459031,3.679307461903821,17.400000000000002,51.693436945712584,46.368448360530984,22.753846153846155,69.73131375280353,62.548226852364955,PPG
TE,2024,00-0036628,John Bates,13.0,12.602493496571796,1.3384615384615386,4.101841985459031,3.679307461903821,17.400000000000002,51.693436945712584,46.368448360530984,22.753846153846155,69.73131375280353,62.548226852364955,SEASON
TE,2024,00-0036637,Noah Gray,16.0,13.109152718396032,8.35625,6.297899632187206,4.9631844775168545,133.7,82.56012808347228,65.06314328534107,142.05624999999998,107.0642937471825,84.37413611778652,PPG
TE,2024,00-0036637,Noah Gray,16.0,13.109152718396032,8.35625,6.297899632187206,4.9631844775168545,133.7,82.56012808347228,65.06314328534107,142.05624999999998,107.0642937471825,84.37413611778652,SEASON
TE,2024,00-0036741,Jack Stoll,5.0,8.042560500153657,0.8,2.6222578447144063,3.056025719279968,4.0,21.089667363118146,24.578271737334738,13.600000000000001,44.578383360144905,51.952437227759454,PPG
TE,2024,00-0036741,Jack Stoll,5.0,8.042560500153657,0.8,2.6222578447144063,3.056025719279968,4.0,21.089667363118146,24.578271737334738,13.600000000000001,44.578383360144905,51.952437227759454,SEASON
TE,2024,00-0036754,Brock Wright,11.0,9.56253816562637,3.772727272727273,2.840027851508002,3.5489841791237415,41.5,27.15787472148713,33.93729666207495,64.13636363636364,48.280473475636036,60.33273104510361,PPG
TE,2024,00-0036754,Brock Wright,11.0,9.56253816562637,3.772727272727273,2.840027851508002,3.5489841791237415,41.5,27.15787472148713,33.93729666207495,64.13636363636364,48.280473475636036,60.33273104510361,SEASON
TE,2024,00-0036876,Kylen Granson,16.0,12.602493496571796,2.45,6.563855598078407,6.232783774469346,39.2,82.72094748721949,78.54861698328814,41.650000000000006,111.58554516733291,105.95732416597887,PPG
TE,2024,00-0036876,Kylen Granson,16.0,12.602493496571796,2.45,6.563855598078407,6.232783774469346,39.2,82.72094748721949,78.54861698328814,41.650000000000006,111.58554516733291,105.95732416597887,SEASON
TE,2024,00-0036887,Luke Farrell,12.0,10.069197387450608,2.0583333333333336,3.2974240232030847,3.722412193091144,24.700000000000003,33.20241335975337,37.48170312968763,34.991666666666674,56.05620839445244,63.281007282549446,PPG
TE,2024,00-0036887,Luke Farrell,12.0,10.069197387450608,2.0583333333333336,3.2974240232030847,3.722412193091144,24.700000000000003,33.20241335975337,37.48170312968763,34.991666666666674,56.05620839445244,63.281007282549446,SEASON
TE,2024,00-0036894,Pat Freiermuth,17.0,10.575856609274846,11.811764705882355,7.701295035577045,8.525158074544864,200.80000000000004,81.44779200198305,90.16084936778812,200.80000000000004,130.92201560480976,144.92768726726268,PPG
TE,2024,00-0036894,Pat Freiermuth,17.0,10.575856609274846,11.811764705882355,7.701295035577045,8.525158074544864,200.80000000000004,81.44779200198305,90.16084936778812,200.80000000000004,130.92201560480976,144.92768726726268,SEASON
TE,2024,00-0036970,Kyle Pitts,17.0,13.61581194022027,9.1,9.565698780670056,8.919558039559305,154.7,130.24475567439782,121.44702485651929,154.7,162.61687927139096,151.6324866725082,PPG
TE,2024,00-0036970,Kyle Pitts,17.0,13.61581194022027,9.1,9.565698780670056,8.919558039559305,154.7,130.24475567439782,121.44702485651929,154.7,162.61687927139096,151.6324866725082,SEASON
TE,2024,00-0037005,Tommy Tremble,10.0,12.602493496571796,6.69,5.456935088471135,5.243586571569575,66.9,68.77098896367191,66.08226566691677,113.73,92.7678965040093,89.14097171668278,PPG
TE,2024,00-0037005,Tommy Tremble,10.0,12.602493496571796,6.69,5.456935088471135,5.243586571569575,66.9,68.77098896367191,66.08226566691677,113.73,92.7678965040093,89.14097171668278,SEASON
TE,2024,00-0037086,Grant Calcaterra,15.0,6.522582834680945,4.786666666666667,2.334920886409869,3.858456558732961,71.80000000000001,15.229714894035027,25.16710251835372,81.37333333333333,39.69365506896777,65.59376149846034,PPG
TE,2024,00-0037086,Grant Calcaterra,15.0,6.522582834680945,4.786666666666667,2.334920886409869,3.858456558732961,71.80000000000001,15.229714894035027,25.16710251835372,81.37333333333333,39.69365506896777,65.59376149846034,SEASON
TE,2024,00-0037292,Andrew Ogletree,12.0,10.575856609274846,2.533333333333333,4.3379712349247965,3.947621107597897,30.4,45.877761755723576,41.749474781702105,43.06666666666666,73.74551099372154,67.10955882916426,PPG
TE,2024,00-0037292,Andrew Ogletree,12.0,10.575856609274846,2.533333333333333,4.3379712349247965,3.947621107597897,30.4,45.877761755723576,41.749474781702105,43.06666666666666,73.74551099372154,67.10955882916426,SEASON
TE,2024,00-0037306,John FitzPatrick,1.0,6.522582834680945,1.7,0.7703020855322207,1.4502850797626992,1.7,5.024359160611396,9.459604566654066,28.9,13.095135454047751,24.654846355965887,PPG
TE,2024,00-0037306,John FitzPatrick,1.0,6.522582834680945,1.7,0.7703020855322207,1.4502850797626992,1.7,5.024359160611396,9.459604566654066,28.9,13.095135454047751,24.654846355965887,SEASON
TE,2024,00-0037311,Ko Kieft,3.0,10.069197387450608,0.0,2.0925865712216587,1.5410305020312942,0.0,21.070667235959352,15.516940305035206,0.0,35.5739717107682,26.197518534532,PPG
TE,2024,00-0037311,Ko Kieft,3.0,10.069197387450608,0.0,2.0925865712216587,1.5410305020312942,0.0,21.070667235959352,15.516940305035206,0.0,35.5739717107682,26.197518534532,SEASON
TE,2024,00-0037451,Rod Williams,1.0,8.042560500153657,0.0,1.881327067299261,0.95576769124527,0.0,15.130686759330958,7.6868194809322645,0.0,31.982560144087437,16.24805075116959,PPG
TE,2024,00-0037451,Rod Williams,1.0,8.042560500153657,0.0,1.881327067299261,0.95576769124527,0.0,15.130686759330958,7.6868194809322645,0.0,31.982560144087437,16.24805075116959,SEASON
TE,2024,00-0037475,Stone Smartt,9.0,11.082515831099082,4.644444444444445,4.259301020605102,3.5360951379715995,41.800000000000004,47.203770990272524,39.18883034684274,78.95555555555556,72.40811735028674,60.11361734551719,PPG
TE,2024,00-0037475,Stone Smartt,9.0,11.082515831099082,4.644444444444445,4.259301020605102,3.5360951379715995,41.800000000000004,47.203770990272524,39.18883034684274,78.95555555555556,72.40811735028674,60.11361734551719,SEASON
TE,2024,00-0037539,Lucas Krull,10.0,8.549219721977895,4.369999999999999,4.171289633019369,4.401197043789185,43.69999999999999,35.66127159669113,37.62680056707331,74.28999999999999,70.91192376132928,74.82034974441615,PPG
TE,2024,00-0037539,Lucas Krull,10.0,8.549219721977895,4.369999999999999,4.171289633019369,4.401197043789185,43.69999999999999,35.66127159669113,37.62680056707331,74.28999999999999,70.91192376132928,74.82034974441615,SEASON
TE,2024,00-0037569,Peyton Hendershot,5.0,9.055878943802133,2.52,2.551105323688128,2.1703828440099375,12.6,23.102500984208845,19.654724297058983,42.84,43.368790502698175,36.896508348168936,PPG
TE,2024,00-0037569,Peyton Hendershot,5.0,9.055878943802133,2.52,2.551105323688128,2.1703828440099375,12.6,23.102500984208845,19.654724297058983,42.84,43.368790502698175,36.896508348168936,SEASON
TE,2024,00-0037744,Trey McBride,16.0,13.61581194022027,18.70625,12.016979023172288,13.094853413115972,299.3,163.62092646908576,178.2970614577386,318.00625,204.2886433939289,222.61250802297153,PPG
TE,2024,00-0037744,Trey McBride,16.0,13.61581194022027,18.70625,12.016979023172288,13.094853413115972,299.3,163.62092646908576,178.2970614577386,318.00625,204.2886433939289,222.61250802297153,SEASON
TE,2024,00-0037805,Jeremy Ruckert,14.0,10.069197387450608,2.678571428571429,4.4762543062135896,4.9647363913181355,37.5,45.07228816569041,49.990910700841525,45.53571428571429,76.09632320563102,84.40051865240831,PPG
TE,2024,00-0037805,Jeremy Ruckert,14.0,10.069197387450608,2.678571428571429,4.4762543062135896,4.9647363913181355,37.5,45.07228816569041,49.990910700841525,45.53571428571429,76.09632320563102,84.40051865240831,SEASON
TE,2024,00-0037809,Chig Okonkwo,16.0,13.61581194022027,8.6625,8.558872283126764,8.618277714537154,138.6,116.53599542741772,117.34484860972924,147.2625,145.50082881315498,146.51072114713162,PPG
TE,2024,00-0037809,Chig Okonkwo,16.0,13.61581194022027,8.6625,8.558872283126764,8.618277714537154,138.6,116.53599542741772,117.34484860972924,147.2625,145.50082881315498,146.51072114713162,SEASON
TE,2024,00-0037838,Isaiah Likely,15.0,12.095834274747558,9.58,7.682945477441574,8.090123282625093,143.7,92.93163523705454,97.85679048890982,162.86,130.61007311650675,137.53209580462658,PPG
TE,2024,00-0037838,Isaiah Likely,15.0,12.095834274747558,9.58,7.682945477441574,8.090123282625093,143.7,92.93163523705454,97.85679048890982,162.86,130.61007311650675,137.53209580462658,SEASON
TE,2024,00-0038041,Jake Ferguson,14.0,13.61581194022027,9.278571428571428,11.186755540972621,11.474223495326834,129.9,152.31675966710029,156.23086927242707,157.7357142857143,190.17484419653456,195.06179942055618,PPG
TE,2024,00-0038041,Jake Ferguson,14.0,13.61581194022027,9.278571428571428,11.186755540972621,11.474223495326834,129.9,152.31675966710029,156.23086927242707,157.7357142857143,190.17484419653456,195.06179942055618,SEASON
TE,2024,00-0038046,Charlie Kolar,10.0,9.56253816562637,3.2800000000000002,3.2275624780578407,2.842548025198595,32.800000000000004,30.863689378371724,27.181973978587433,55.760000000000005,54.86856212698329,48.32331642837612,PPG
TE,2024,00-0038046,Charlie Kolar,10.0,9.56253816562637,3.2800000000000002,3.2275624780578407,2.842548025198595,32.800000000000004,30.863689378371724,27.181973978587433,55.760000000000005,54.86856212698329,48.32331642837612,SEASON
TE,2024,00-0038115,Daniel Bellinger,12.0,12.095834274747558,2.791666666666667,5.265171107655211,5.014474206225756,33.5,63.68663714638646,60.65424897350306,47.458333333333336,89.50790883013858,85.24606150583786,PPG
TE,2024,00-0038115,Daniel Bellinger,12.0,12.095834274747558,2.791666666666667,5.265171107655211,5.014474206225756,33.5,63.68663714638646,60.65424897350306,47.458333333333336,89.50790883013858,85.24606150583786,SEASON
TE,2024,00-0038129,Cade Otton,14.0,13.61581194022027,12.035714285714286,7.370829155745677,7.238124611126052,168.5,100.35982362812568,98.5529435049723,204.60714285714286,125.30409564767652,123.04811838914289,PPG
TE,2024,00-0038129,Cade Otton,14.0,13.61581194022027,12.035714285714286,7.370829155745677,7.238124611126052,168.5,100.35982362812568,98.5529435049723,204.60714285714286,125.30409564767652,123.04811838914289,SEASON
TE,2024,00-0038394,Will Mallory,7.0,10.575856609274846,1.2714285714285714,4.984940718345447,5.096880195145579,8.899999999999999,52.720018242956996,53.90387409851244,21.614285714285714,84.7439922118726,86.64696331747484,PPG
TE,2024,00-0038394,Will Mallory,7.0,10.575856609274846,1.2714285714285714,4.984940718345447,5.096880195145579,8.899999999999999,52.720018242956996,53.90387409851244,21.614285714285714,84.7439922118726,86.64696331747484,SEASON
TE,2024,00-0038547,Luke Schoonmaker,12.0,11.082515831099082,5.883333333333333,3.0075334297088503,2.7036223051297448,70.6,33.33103684730805,29.96293699791299,100.01666666666665,51.128068305050455,45.96157918720566,PPG
TE,2024,00-0038547,Luke Schoonmaker,12.0,11.082515831099082,5.883333333333333,3.0075334297088503,2.7036223051297448,70.6,33.33103684730805,29.96293699791299,100.01666666666665,51.128068305050455,45.96157918720566,SEASON
TE,2024,00-0038558,Darnell Washington,13.0,9.055878943802133,4.1923076923076925,2.611503056366033,2.842201392956766,54.5,23.649455539820075,25.73863174852227,71.26923076923077,44.39555195822256,48.31742368026502,PPG
TE,2024,00-0038558,Darnell Washington,13.0,9.055878943802133,4.1923076923076925,2.611503056366033,2.842201392956766,54.5,23.649455539820075,25.73863174852227,71.26923076923077,44.39555195822256,48.31742368026502,SEASON
TE,2024,00-0038589,Josh Whyle,15.0,9.56253816562637,4.986666666666666,3.979573366881389,4.000886236304873,74.8,38.05482220371351,38.25862733099459,84.77333333333333,67.65274723698361,68.01506601718285,PPG
TE,2024,00-0038589,Josh Whyle,15.0,9.56253816562637,4.986666666666666,3.979573366881389,4.000886236304873,74.8,38.05482220371351,38.25862733099459,84.77333333333333,67.65274723698361,68.01506601718285,SEASON
TE,2024,00-0038720,Julian Hill,14.0,10.069197387450608,1.9285714285714286,2.5779195284473664,2.1503307472006985,27.0,25.957580580900125,21.652104741867987,32.785714285714285,43.82463198360523,36.555622702411874,PPG
TE,2024,00-0038720,Julian Hill,14.0,10.069197387450608,1.9285714285714286,2.5779195284473664,2.1503307472006985,27.0,25.957580580900125,21.652104741867987,32.785714285714285,43.82463198360523,36.555622702411874,SEASON
TE,2024,00-0038783,Nate Adkins,15.0,7.53590127832942,3.3666666666666667,1.721575565002702,2.5815159090051996,50.5,12.973623501044555,19.454049038700017,57.233333333333334,29.266784605045935,43.88577045308839,PPG
TE,2024,00-0038783,Nate Adkins,15.0,7.53590127832942,3.3666666666666667,1.721575565002702,2.5815159090051996,50.5,12.973623501044555,19.454049038700017,57.233333333333334,29.266784605045935,43.88577045308839,SEASON
TE,2024,00-0038809,Ben Sims,4.0,8.042560500153657,2.55,1.8517115151317818,2.4885280182556944,10.2,14.892501889278549,20.014137143148908,43.349999999999994,31.47909575724029,42.3049763103468,PPG
TE,2024,00-0038809,Ben Sims,4.0,8.042560500153657,2.55,1.8517115151317818,2.4885280182556944,10.2,14.892501889278549,20.014137143148908,43.349999999999994,31.47909575724029,42.3049763103468,SEASON
TE,2024,00-0038933,Dalton Kincaid,13.0,13.109152718396032,9.36923076923077,10.257337584350033,10.240552722752913,121.80000000000001,134.46500487738803,134.24496956335423,159.27692307692308,174.37473893395057,174.0893962867995,PPG
TE,2024,00-0038933,Dalton Kincaid,13.0,13.109152718396032,9.36923076923077,10.257337584350033,10.240552722752913,121.80000000000001,134.46500487738803,134.24496956335423,159.27692307692308,174.37473893395057,174.0893962867995,SEASON
TE,2024,00-0038935,Brenton Strange,14.0,8.549219721977895,7.864285714285715,2.656676413607954,3.234989193462386,110.10000000000001,22.712510390130625,27.656633413133992,133.69285714285715,45.16349903133522,54.994816288860555,PPG
TE,2024,00-0038935,Brenton Strange,14.0,8.549219721977895,7.864285714285715,2.656676413607954,3.234989193462386,110.10000000000001,22.712510390130625,27.656633413133992,133.69285714285715,45.16349903133522,54.994816288860555,SEASON
TE,2024,00-0038996,Tucker Kraft,17.0,12.095834274747558,11.017647058823531,7.271307738612723,7.535098603527201,187.30000000000004,87.95253336694894,91.14330395214678,187.30000000000004,123.61223155641629,128.0966762599624,PPG
TE,2024,00-0038996,Tucker Kraft,17.0,12.095834274747558,11.017647058823531,7.271307738612723,7.535098603527201,187.30000000000004,87.95253336694894,91.14330395214678,187.30000000000004,123.61223155641629,128.0966762599624,SEASON
TE,2024,00-0039041,Elijah Higgins,15.0,10.575856609274846,3.9466666666666663,4.414146572163897,4.537839905571945,59.199999999999996,46.68338119952746,47.9915441571742,67.09333333333333,75.04049172678626,77.14327839472307,PPG
TE,2024,00-0039041,Elijah Higgins,15.0,10.575856609274846,3.9466666666666663,4.414146572163897,4.537839905571945,59.199999999999996,46.68338119952746,47.9915441571742,67.09333333333333,75.04049172678626,77.14327839472307,SEASON
TE,2024,00-0039050,Payne Durham,8.0,8.042560500153657,4.875,2.559526733999227,2.7517560889340684,39.0,20.58514860994948,22.131164826918454,82.875,43.51195447798686,46.77985351187916,PPG
TE,2024,00-0039050,Payne Durham,8.0,8.042560500153657,4.875,2.559526733999227,2.7517560889340684,39.0,20.58514860994948,22.131164826918454,82.875,43.51195447798686,46.77985351187916,SEASON
TE,2024,00-0039065,Sam LaPorta,16.0,13.61581194022027,12.787500000000001,12.854930806107618,12.613469095126272,204.60000000000002,175.03032036050547,171.74262311301965,217.38750000000002,218.5338237038295,214.42897461714662,PPG
TE,2024,00-0039065,Sam LaPorta,16.0,13.61581194022027,12.787500000000001,12.854930806107618,12.613469095126272,204.60000000000002,175.03032036050547,171.74262311301965,217.38750000000002,218.5338237038295,214.42897461714662,SEASON
TE,2024,00-0039066,Michael Mayer,11.0,11.58917505292332,4.281818181818182,6.357629725594815,6.519291748926695,47.1,73.67968381158715,75.5532132993901,72.7909090909091,108.07970533511185,110.82795973175381,PPG
TE,2024,00-0039066,Michael Mayer,11.0,11.58917505292332,4.281818181818182,6.357629725594815,6.519291748926695,47.1,73.67968381158715,75.5532132993901,72.7909090909091,108.07970533511185,110.82795973175381,SEASON
TE,2024,00-0039074,Davis Allen,7.0,8.549219721977895,1.8428571428571427,3.3275554923108195,3.8079379230147774,12.899999999999999,28.448003040839524,32.55489799150548,31.328571428571426,56.56844336928393,64.73494469125121,PPG
TE,2024,00-0039074,Davis Allen,7.0,8.549219721977895,1.8428571428571427,3.3275554923108195,3.8079379230147774,12.899999999999999,28.448003040839524,32.55489799150548,31.328571428571426,56.56844336928393,64.73494469125121,SEASON
TE,2024,00-0039144,Luke Musgrave,7.0,10.575856609274846,2.142857142857143,7.275901313895658,7.647425314102347,15.0,76.94888899899493,80.87807355208507,36.42857142857143,123.69032233622619,130.0062303397399,PPG
TE,2024,00-0039144,Luke Musgrave,7.0,10.575856609274846,2.142857142857143,7.275901313895658,7.647425314102347,15.0,76.94888899899493,80.87807355208507,36.42857142857143,123.69032233622619,130.0062303397399,SEASON
TE,2025,00-0024243,Marcedes Lewis,1.0,7.549913030275148,0.0,0.30337453065861814,1.2555199774803245,0.0,2.290451322073108,9.479066637749462,0.0,5.157367021196508,21.343839617165518,PPG
TE,2025,00-0024243,Marcedes Lewis,1.0,7.549913030275148,0.0,0.30337453065861814,1.2555199774803245,0.0,2.290451322073108,9.479066637749462,0.0,5.157367021196508,21.343839617165518,SEASON
TE,2025,00-0030061,Zach Ertz,13.0,13.794595800563584,11.56923076923077,9.700874284919626,9.554505965033039,150.40000000000003,133.81963967254754,131.80054786170447,196.67692307692312,164.91486284363364,162.42660140556166,PPG
TE,2025,00-0030061,Zach Ertz,13.0,13.794595800563584,11.56923076923077,9.700874284919626,9.554505965033039,150.40000000000003,133.81963967254754,131.80054786170447,196.67692307692312,164.91486284363364,162.42660140556166,SEASON
TE,2025,00-0030506,Travis Kelce,17.0,13.274205569706215,13.541176470588235,12.83356304092977,12.807350450587819,230.2,170.35535399708579,170.00740268437224,230.2,218.17057169580607,217.72495765999292,PPG
TE,2025,00-0030506,Travis Kelce,17.0,13.274205569706215,13.541176470588235,12.83356304092977,12.807350450587819,230.2,170.35535399708579,170.00740268437224,230.2,218.17057169580607,217.72495765999292,SEASON
TE,2025,00-0031484,Chris Manhertz,4.0,9.111083722847257,0.55,1.6195788597247114,2.1880414806953894,2.2,14.756118586705337,19.93542911967837,9.350000000000001,27.532840615320094,37.19670517182162,PPG
TE,2025,00-0031484,Chris Manhertz,4.0,9.111083722847257,0.55,1.6195788597247114,2.1880414806953894,2.2,14.756118586705337,19.93542911967837,9.350000000000001,27.532840615320094,37.19670517182162,SEASON
TE,2025,00-0032392,Austin Hooper,13.0,13.794595800563584,5.36923076923077,8.019966887308277,7.340586443250234,69.80000000000001,110.63220154432176,101.26042292373366,91.27692307692308,136.3394370842407,124.78996953525397,PPG
TE,2025,00-0032392,Austin Hooper,13.0,13.794595800563584,5.36923076923077,8.019966887308277,7.340586443250234,69.80000000000001,110.63220154432176,101.26042292373366,91.27692307692308,136.3394370842407,124.78996953525397,SEASON
TE,2025,00-0033090,Hunter Henry,17.0,13.274205569706215,12.282352941176471,10.629262556176139,11.10790560769074,208.8,141.095016225063,147.4486224853793,208.8,180.69746345499436,188.83439533074255,PPG
TE,2025,00-0033090,Hunter Henry,17.0,13.274205569706215,12.282352941176471,10.629262556176139,11.10790560769074,208.8,141.095016225063,147.4486224853793,208.8,180.69746345499436,188.83439533074255,SEASON
TE,2025,00-0033110,Tyler Higbee,10.0,6.509132568560409,8.36,6.592580560389161,7.998207212064692,83.6,42.91198083648732,52.061391054145034,142.12,112.07386952661574,135.96952260509977,PPG
TE,2025,00-0033110,Tyler Higbee,10.0,6.509132568560409,8.36,6.592580560389161,7.998207212064692,83.6,42.91198083648732,52.061391054145034,142.12,112.07386952661574,135.96952260509977,SEASON
TE,2025,00-0033217,Mo Alie-Cox,11.0,11.192644646276737,3.381818181818182,4.413580140288724,4.424733331082434,37.2,49.39963412811592,49.524467829342036,57.49090909090909,75.03086238490832,75.22046662840138,PPG
TE,2025,00-0033217,Mo Alie-Cox,11.0,11.192644646276737,3.381818181818182,4.413580140288724,4.424733331082434,37.2,49.39963412811592,49.524467829342036,57.49090909090909,75.03086238490832,75.22046662840138,SEASON
TE,2025,00-0033246,Johnny Mundt,12.0,12.233425107991476,2.05,3.695556782210711,3.32705176059013,24.599999999999998,45.2093171275047,40.70123854359054,34.849999999999994,62.82446529758209,56.55987993003221,PPG
TE,2025,00-0033246,Johnny Mundt,12.0,12.233425107991476,2.05,3.695556782210711,3.32705176059013,24.599999999999998,45.2093171275047,40.70123854359054,34.849999999999994,62.82446529758209,56.55987993003221,SEASON
TE,2025,00-0033288,George Kittle,11.0,12.753815338848845,17.3,13.852780706065756,14.574834310752797,190.3,176.67580705473077,185.88474539365947,294.1,235.49727200311784,247.77218328279756,PPG
TE,2025,00-0033288,George Kittle,11.0,12.753815338848845,17.3,13.852780706065756,14.574834310752797,190.3,176.67580705473077,185.88474539365947,294.1,235.49727200311784,247.77218328279756,SEASON
TE,2025,00-0033357,Taysom Hill,13.0,9.111083722847257,3.0000000000000004,15.793947909086013,16.79113321589968,39.00000000000001,143.89998171397104,152.9854205315435,51.00000000000001,268.49711445446223,285.44926467029455,PPG
TE,2025,00-0033357,Taysom Hill,13.0,9.111083722847257,3.0000000000000004,15.793947909086013,16.79113321589968,39.00000000000001,143.89998171397104,152.9854205315435,51.00000000000001,268.49711445446223,285.44926467029455,SEASON
TE,2025,00-0033439,Pharaoh Brown,5.0,10.151864184561997,0.6200000000000001,2.717693695346668,2.7443237407786842,3.1000000000000005,27.58965729039978,27.860001894854328,10.540000000000003,46.200792820893355,46.65350359323763,PPG
TE,2025,00-0033439,Pharaoh Brown,5.0,10.151864184561997,0.6200000000000001,2.717693695346668,2.7443237407786842,3.1000000000000005,27.58965729039978,27.860001894854328,10.540000000000003,46.200792820893355,46.65350359323763,SEASON
TE,2025,00-0033576,Eric Saubert,9.0,11.192644646276737,1.2333333333333334,2.9776758814340094,2.5855829640577705,11.100000000000001,33.32806801267973,28.93951132016554,20.96666666666667,50.62048998437816,43.9549103889821,PPG
TE,2025,00-0033576,Eric Saubert,9.0,11.192644646276737,1.2333333333333334,2.9776758814340094,2.5855829640577705,11.100000000000001,33.32806801267973,28.93951132016554,20.96666666666667,50.62048998437816,43.9549103889821,SEASON
TE,2025,00-0033858,Jonnu Smith,17.0,13.794595800563584,6.070588235294117,13.089533280371805,12.259873452863511,103.19999999999999,180.5648208207542,169.11999884831195,103.19999999999999,222.52206576632068,208.41784869867968,PPG
TE,2025,00-0033858,Jonnu Smith,17.0,13.794595800563584,6.070588235294117,13.089533280371805,12.259873452863511,103.19999999999999,180.5648208207542,169.11999884831195,103.19999999999999,222.52206576632068,208.41784869867968,SEASON
TE,2025,00-0033881,Evan Engram,16.0,9.631473953704628,7.9875,11.206811992864685,12.951370351975989,127.8,107.93811781334087,124.74078620983907,135.7875,190.51580387869964,220.1732959835918,PPG
TE,2025,00-0033881,Evan Engram,16.0,9.631473953704628,7.9875,11.206811992864685,12.951370351975989,127.8,107.93811781334087,124.74078620983907,135.7875,190.51580387869964,220.1732959835918,SEASON
TE,2025,00-0033885,David Njoku,11.0,10.672254415419367,9.345454545454546,13.39658638563696,13.925949886501,102.8,142.97177820566102,148.62128016511912,158.87272727272727,227.74196855582832,236.741148070517,PPG
TE,2025,00-0033885,David Njoku,11.0,10.672254415419367,9.345454545454546,13.39658638563696,13.925949886501,102.8,142.97177820566102,148.62128016511912,158.87272727272727,227.74196855582832,236.741148070517,SEASON
TE,2025,00-0034073,Ross Dwelley,4.0,7.029522799417778,0.925,0.37612202901543146,1.4864548872744712,3.7,2.6439583783272504,10.449068520401879,15.725000000000001,6.394074493262335,25.26973308366601,PPG
TE,2025,00-0034073,Ross Dwelley,4.0,7.029522799417778,0.925,0.37612202901543146,1.4864548872744712,3.7,2.6439583783272504,10.449068520401879,15.725000000000001,6.394074493262335,25.26973308366601,SEASON
TE,2025,00-0034159,Will Dissly,8.0,12.753815338848845,3.2750000000000004,7.567895992035899,7.080889140429988,26.200000000000003,96.51954798604015,90.30835253190419,55.675000000000004,128.65423186461027,120.37511538730979,PPG
TE,2025,00-0034159,Will Dissly,8.0,12.753815338848845,3.2750000000000004,7.567895992035899,7.080889140429988,26.200000000000003,96.51954798604015,90.30835253190419,55.675000000000004,128.65423186461027,120.37511538730979,SEASON
TE,2025,00-0034270,Tyler Conklin,6.0,13.274205569706215,3.3000000000000003,8.748820176639766,8.64067712293681,19.8,116.13363751710969,114.69812439132086,56.1,148.729943002876,146.89151108992576,PPG
TE,2025,00-0034270,Tyler Conklin,6.0,13.274205569706215,3.3000000000000003,8.748820176639766,8.64067712293681,19.8,116.13363751710969,114.69812439132086,56.1,148.729943002876,146.89151108992576,SEASON
TE,2025,00-0034351,Dallas Goedert,15.0,10.151864184561997,14.339999999999998,10.456395851912985,11.215838348434298,215.09999999999997,106.15191054863807,113.86166762930714,243.77999999999997,177.75872948252075,190.66925192338306,PPG
TE,2025,00-0034351,Dallas Goedert,15.0,10.151864184561997,14.339999999999998,10.456395851912985,11.215838348434298,215.09999999999997,106.15191054863807,113.86166762930714,243.77999999999997,177.75872948252075,190.66925192338306,SEASON
TE,2025,00-0034365,Ian Thomas,9.0,6.509132568560409,3.433333333333333,2.513885477226992,3.355563892755871,30.9,16.363213833449237,21.841810220222587,58.36666666666666,42.73605311285886,57.044586176849805,PPG
TE,2025,00-0034365,Ian Thomas,9.0,6.509132568560409,3.433333333333333,2.513885477226992,3.355563892755871,30.9,16.363213833449237,21.841810220222587,58.36666666666666,42.73605311285886,57.044586176849805,SEASON
TE,2025,00-0034383,Dalton Schultz,17.0,13.794595800563584,12.805882352941175,8.934259331754546,8.975888769725067,217.7,123.24449625896729,123.81875752917524,217.7,151.8824086398273,152.59010908532613,PPG
TE,2025,00-0034383,Dalton Schultz,17.0,13.794595800563584,12.805882352941175,8.934259331754546,8.975888769725067,217.7,123.24449625896729,123.81875752917524,217.7,151.8824086398273,152.59010908532613,SEASON
TE,2025,00-0034613,Tanner Hudson,10.0,9.631473953704628,5.73,4.175127968316067,4.674713760793255,57.300000000000004,40.21263628021992,45.02438382810484,97.41000000000001,70.97717546137314,79.47013393348533,PPG
TE,2025,00-0034613,Tanner Hudson,10.0,9.631473953704628,5.73,4.175127968316067,4.674713760793255,57.300000000000004,40.21263628021992,45.02438382810484,97.41000000000001,70.97717546137314,79.47013393348533,SEASON
TE,2025,00-0034753,Mark Andrews,17.0,13.794595800563584,9.058823529411766,10.983988776385312,10.276668793541681,154.00000000000003,151.51968544816236,141.76249218317292,154.00000000000003,186.7278091985503,174.7033694902086,PPG
TE,2025,00-0034753,Mark Andrews,17.0,13.794595800563584,9.058823529411766,10.983988776385312,10.276668793541681,154.00000000000003,151.51968544816236,141.76249218317292,154.00000000000003,186.7278091985503,174.7033694902086,SEASON
TE,2025,00-0034798,Durham Smythe,7.0,12.233425107991476,1.2142857142857144,2.8898425700093973,2.219042745700483,8.5,35.35267265409558,27.146493240958634,20.642857142857146,49.127323690159756,37.723726676908214,PPG
TE,2025,00-0034798,Durham Smythe,7.0,12.233425107991476,1.2142857142857144,2.8898425700093973,2.219042745700483,8.5,35.35267265409558,27.146493240958634,20.642857142857146,49.127323690159756,37.723726676908214,SEASON
TE,2025,00-0034829,Mike Gesicki,12.0,13.274205569706215,7.058333333333334,9.78577493523286,8.947633534777056,84.7,129.8983881491595,118.7727269030277,119.99166666666667,166.35817389895863,152.10977009120995,PPG
TE,2025,00-0034829,Mike Gesicki,12.0,13.274205569706215,7.058333333333334,9.78577493523286,8.947633534777056,84.7,129.8983881491595,118.7727269030277,119.99166666666667,166.35817389895863,152.10977009120995,SEASON
TE,2025,00-0034981,Foster Moreau,7.0,13.274205569706215,2.342857142857143,7.146686767056508,6.651045298959614,16.400000000000002,94.8665892882072,88.28734255181804,39.82857142857143,121.49367503996064,113.06777008231344,PPG
TE,2025,00-0034981,Foster Moreau,7.0,13.274205569706215,2.342857142857143,7.146686767056508,6.651045298959614,16.400000000000002,94.8665892882072,88.28734255181804,39.82857142857143,121.49367503996064,113.06777008231344,SEASON
TE,2025,00-0035229,T.J. Hockenson,15.0,10.151864184561997,9.219999999999999,9.536393640450536,9.718496551926803,138.29999999999998,96.81217304837459,98.66085707329498,156.73999999999998,162.1186918876591,165.21444138275564,PPG
TE,2025,00-0035229,T.J. Hockenson,15.0,10.151864184561997,9.219999999999999,9.536393640450536,9.718496551926803,138.29999999999998,96.81217304837459,98.66085707329498,156.73999999999998,162.1186918876591,165.21444138275564,SEASON
TE,2025,00-0035249,Josh Oliver,12.0,11.192644646276737,5.208333333333334,5.037503005145716,5.064533003856904,62.50000000000001,56.38298104114717,56.68551821151082,88.54166666666667,85.63755108747716,86.09706106556737,PPG
TE,2025,00-0035249,Josh Oliver,12.0,11.192644646276737,5.208333333333334,5.037503005145716,5.064533003856904,62.50000000000001,56.38298104114717,56.68551821151082,88.54166666666667,85.63755108747716,86.09706106556737,SEASON
TE,2025,00-0035631,Drew Sample,12.0,10.672254415419367,3.283333333333333,4.197099034997136,3.6536739358194406,39.4,44.79250870820055,38.992937794051684,55.81666666666666,71.35068359495132,62.11245690893049,PPG
TE,2025,00-0035631,Drew Sample,12.0,10.672254415419367,3.283333333333333,4.197099034997136,3.6536739358194406,39.4,44.79250870820055,38.992937794051684,55.81666666666666,71.35068359495132,62.11245690893049,SEASON
TE,2025,00-0035644,Noah Fant,13.0,12.233425107991476,6.830769230769231,9.315707699621703,9.13806790161958,88.80000000000001,113.96301247126165,111.78986930620395,116.12307692307694,158.36703089356894,155.34715432753288,PPG
TE,2025,00-0035644,Noah Fant,13.0,12.233425107991476,6.830769230769231,9.315707699621703,9.13806790161958,88.80000000000001,113.96301247126165,111.78986930620395,116.12307692307694,158.36703089356894,155.34715432753288,SEASON
TE,2025,00-0035689,Dawson Knox,16.0,12.233425107991476,7.60625,5.564415723066732,5.0058415865739425,121.7,68.0718630178671,61.23858815182155,129.30625,94.59506729213444,85.09930697175702,PPG
TE,2025,00-0035689,Dawson Knox,16.0,12.233425107991476,7.60625,5.564415723066732,5.0058415865739425,121.7,68.0718630178671,61.23858815182155,129.30625,94.59506729213444,85.09930697175702,SEASON
TE,2025,00-0036040,Juwan Johnson,17.0,12.753815338848845,12.729411764705883,9.067480637901493,9.20897866102254,216.4,115.64497364438297,117.44961330208098,216.4,154.1471708443254,156.55263723738318,PPG
TE,2025,00-0036040,Juwan Johnson,17.0,12.753815338848845,12.729411764705883,9.067480637901493,9.20897866102254,216.4,115.64497364438297,117.44961330208098,216.4,154.1471708443254,156.55263723738318,SEASON
TE,2025,00-0036232,Harrison Bryant,5.0,8.070303261132517,0.7400000000000001,3.51936172072749,4.110776172577077,3.7000000000000006,28.40231637189201,33.17521035133463,12.580000000000002,59.82914925236733,69.8831949338103,PPG
TE,2025,00-0036232,Harrison Bryant,5.0,8.070303261132517,0.7400000000000001,3.51936172072749,4.110776172577077,3.7000000000000006,28.40231637189201,33.17521035133463,12.580000000000002,59.82914925236733,69.8831949338103,SEASON
TE,2025,00-0036244,Colby Parkinson,14.0,13.274205569706215,10.735714285714286,5.615889254738333,5.017523873053278,150.3,74.54646842410087,66.60364334181773,182.50714285714287,95.47011733055166,85.29790584190573,PPG
TE,2025,00-0036244,Colby Parkinson,14.0,13.274205569706215,10.735714285714286,5.615889254738333,5.017523873053278,150.3,74.54646842410087,66.60364334181773,182.50714285714287,95.47011733055166,85.29790584190573,SEASON
TE,2025,00-0036290,Cole Kmet,16.0,13.274205569706215,5.85625,6.805371088448436,5.873232798999574,93.7,90.33589480619987,77.96249953266137,99.55625,115.69130850362342,99.84495758299275,PPG
TE,2025,00-0036290,Cole Kmet,16.0,13.274205569706215,5.85625,6.805371088448436,5.873232798999574,93.7,90.33589480619987,77.96249953266137,99.55625,115.69130850362342,99.84495758299275,SEASON
TE,2025,00-0036332,Josiah Deguara,7.0,8.590693491989887,1.8,0.7595912814505676,1.4896099688919906,12.6,6.52541587812965,12.796782665363681,30.6,12.91305178465965,25.32336947116384,PPG
TE,2025,00-0036332,Josiah Deguara,7.0,8.590693491989887,1.8,0.7595912814505676,1.4896099688919906,12.6,6.52541587812965,12.796782665363681,30.6,12.91305178465965,25.32336947116384,SEASON
TE,2025,00-0036422,Adam Trautman,13.0,11.713034877134106,4.26923076923077,4.355112361382941,3.619254904032433,55.500000000000014,51.01158298271627,42.39245892017054,72.5769230769231,74.03691014351,61.52733336855136,PPG
TE,2025,00-0036422,Adam Trautman,13.0,11.713034877134106,4.26923076923077,4.355112361382941,3.619254904032433,55.500000000000014,51.01158298271627,42.39245892017054,72.5769230769231,74.03691014351,61.52733336855136,SEASON
TE,2025,00-0036429,Charlie Woerner,7.0,11.192644646276737,2.4,3.2505981697031374,3.023975820523236,16.8,36.38279020132478,33.8462867780497,40.8,55.26016888495334,51.40758894889501,PPG
TE,2025,00-0036429,Charlie Woerner,7.0,11.192644646276737,2.4,3.2505981697031374,3.023975820523236,16.8,36.38279020132478,33.8462867780497,40.8,55.26016888495334,51.40758894889501,SEASON
TE,2025,00-0036590,Quintin Morris,11.0,10.151864184561997,1.8636363636363635,2.3227877669176484,2.144038931215039,20.5,23.580625939310018,21.76599203610854,31.68181818181818,39.487392037600024,36.44866183065566,PPG
TE,2025,00-0036590,Quintin Morris,11.0,10.151864184561997,1.8636363636363635,2.3227877669176484,2.144038931215039,20.5,23.580625939310018,21.76599203610854,31.68181818181818,39.487392037600024,36.44866183065566,SEASON
TE,2025,00-0036628,John Bates,10.0,11.713034877134106,3.2800000000000002,2.905998795907879,2.2699568579348055,32.800000000000004,34.038065249378704,26.588083846580126,55.760000000000005,49.40197953043394,38.589266584891696,PPG
TE,2025,00-0036628,John Bates,10.0,11.713034877134106,3.2800000000000002,2.905998795907879,2.2699568579348055,32.800000000000004,34.038065249378704,26.588083846580126,55.760000000000005,49.40197953043394,38.589266584891696,SEASON
TE,2025,00-0036637,Noah Gray,14.0,13.274205569706215,3.5214285714285714,7.0837230153001345,6.496253416824983,49.3,94.03079550395314,86.23260328784121,59.864285714285714,120.42329126010229,110.43630808602471,PPG
TE,2025,00-0036637,Noah Gray,14.0,13.274205569706215,3.5214285714285714,7.0837230153001345,6.496253416824983,49.3,94.03079550395314,86.23260328784121,59.864285714285714,120.42329126010229,110.43630808602471,SEASON
TE,2025,00-0036741,Jack Stoll,9.0,7.549913030275148,2.1777777777777776,1.4945380151407257,1.8793282753975697,19.599999999999998,11.283632034752522,14.188765034588632,37.02222222222222,25.407146257392338,31.948580681758685,PPG
TE,2025,00-0036741,Jack Stoll,9.0,7.549913030275148,2.1777777777777776,1.4945380151407257,1.8793282753975697,19.599999999999998,11.283632034752522,14.188765034588632,37.02222222222222,25.407146257392338,31.948580681758685,SEASON
TE,2025,00-0036754,Brock Wright,8.0,10.672254415419367,5.475,3.095581261219926,3.3932850517321316,43.8,33.03683078334381,36.21400137612478,93.07499999999999,52.62488144073874,57.685845879446234,PPG
TE,2025,00-0036754,Brock Wright,8.0,10.672254415419367,5.475,3.095581261219926,3.3932850517321316,43.8,33.03683078334381,36.21400137612478,93.07499999999999,52.62488144073874,57.685845879446234,SEASON
TE,2025,00-0036825,Feleipe Franks,10.0,9.631473953704628,0.04000000000000001,1.8586772940009304,1.19274300328841,0.4000000000000001,17.90180194551216,11.487873169635755,0.6800000000000002,31.597513998015817,20.27663105590297,PPG
TE,2025,00-0036825,Feleipe Franks,10.0,9.631473953704628,0.04000000000000001,1.8586772940009304,1.19274300328841,0.4000000000000001,17.90180194551216,11.487873169635755,0.6800000000000002,31.597513998015817,20.27663105590297,SEASON
TE,2025,00-0036876,Kylen Granson,12.0,13.274205569706215,1.2083333333333335,5.145823183067834,4.1830214750627395,14.500000000000002,68.3067147574024,55.52628696247852,20.541666666666668,87.47899411215317,71.11136507606658,PPG
TE,2025,00-0036876,Kylen Granson,12.0,13.274205569706215,1.2083333333333335,5.145823183067834,4.1830214750627395,14.500000000000002,68.3067147574024,55.52628696247852,20.541666666666668,87.47899411215317,71.11136507606658,SEASON
TE,2025,00-0036887,Luke Farrell,13.0,11.192644646276737,2.615384615384615,3.07655000718215,3.2212668495497776,33.99999999999999,34.43473096688995,36.05449515784205,44.46153846153845,52.30135012209655,54.76153644234622,PPG
TE,2025,00-0036887,Luke Farrell,13.0,11.192644646276737,2.615384615384615,3.07655000718215,3.2212668495497776,33.99999999999999,34.43473096688995,36.05449515784205,44.46153846153845,52.30135012209655,54.76153644234622,SEASON
TE,2025,00-0036894,Pat Freiermuth,15.0,13.794595800563584,8.94,11.08513565093341,10.249846796290454,134.1,152.91496569904368,141.3924935725284,151.98,188.44730606586796,174.24739553693772,PPG
TE,2025,00-0036894,Pat Freiermuth,15.0,13.794595800563584,8.94,11.08513565093341,10.249846796290454,134.1,152.91496569904368,141.3924935725284,151.98,188.44730606586796,174.24739553693772,SEASON
TE,2025,00-0036970,Kyle Pitts,17.0,13.794595800563584,14.988235294117649,8.664773303755796,8.598262622408434,254.80000000000004,119.52704542882516,118.60955746321822,254.80000000000004,147.30114616384853,146.1704645809434,PPG
TE,2025,00-0036970,Kyle Pitts,17.0,13.794595800563584,14.988235294117649,8.664773303755796,8.598262622408434,254.80000000000004,119.52704542882516,118.60955746321822,254.80000000000004,147.30114616384853,146.1704645809434,SEASON
TE,2025,00-0037004,Hunter Long,7.0,10.672254415419367,5.357142857142857,2.3325532855685522,2.4231197246484135,37.5,24.893602101109934,25.860150180468793,91.07142857142857,39.65340585466539,41.19303531902303,PPG
TE,2025,00-0037004,Hunter Long,7.0,10.672254415419367,5.357142857142857,2.3325532855685522,2.4231197246484135,37.5,24.893602101109934,25.860150180468793,91.07142857142857,39.65340585466539,41.19303531902303,SEASON
TE,2025,00-0037005,Tommy Tremble,15.0,10.151864184561997,5.16,5.863236608032213,6.405446958764011,77.4,59.522781726694994,65.02722756678793,87.72,99.67502233654761,108.89259829898819,PPG
TE,2025,00-0037005,Tommy Tremble,15.0,10.151864184561997,5.16,5.863236608032213,6.405446958764011,77.4,59.522781726694994,65.02722756678793,87.72,99.67502233654761,108.89259829898819,SEASON
TE,2025,00-0037086,Grant Calcaterra,9.0,12.753815338848845,3.011111111111111,5.6605740605696955,4.999734027503385,27.1,72.19391628038368,63.76568453013718,51.18888888888889,96.22975902968483,84.99547846755753,PPG
TE,2025,00-0037086,Grant Calcaterra,9.0,12.753815338848845,3.011111111111111,5.6605740605696955,4.999734027503385,27.1,72.19391628038368,63.76568453013718,51.18888888888889,96.22975902968483,84.99547846755753,SEASON
TE,2025,00-0037252,Greg Dulcich,9.0,7.029522799417778,8.38888888888889,3.4550269506166043,4.297263496544312,75.5,24.2871907219623,30.207711724064005,142.61111111111111,58.735458160482274,73.05347944125332,PPG
TE,2025,00-0037252,Greg Dulcich,9.0,7.029522799417778,8.38888888888889,3.4550269506166043,4.297263496544312,75.5,24.2871907219623,30.207711724064005,142.61111111111111,58.735458160482274,73.05347944125332,SEASON
TE,2025,00-0037292,Andrew Ogletree,11.0,11.192644646276737,1.3363636363636364,3.5867871228235586,3.3428240362800943,14.700000000000001,40.14563368760544,37.415041553115586,22.71818181818182,60.975381088000496,56.8280086167616,PPG
TE,2025,00-0037292,Andrew Ogletree,11.0,11.192644646276737,1.3363636363636364,3.5867871228235586,3.3428240362800943,14.700000000000001,40.14563368760544,37.415041553115586,22.71818181818182,60.975381088000496,56.8280086167616,SEASON
TE,2025,00-0037311,Ko Kieft,2.0,6.509132568560409,0.0,0.27235318815961934,1.086459068394505,0.0,1.7727830072010393,7.071906106494473,0.0,4.630004198713529,18.469804162706584,PPG
TE,2025,00-0037311,Ko Kieft,2.0,6.509132568560409,0.0,0.27235318815961934,1.086459068394505,0.0,1.7727830072010393,7.071906106494473,0.0,4.630004198713529,18.469804162706584,SEASON
TE,2025,00-0037348,Tanner Conner,8.0,7.029522799417778,2.825,1.5672670734626666,2.634343174464045,22.6,11.017139625682592,18.51817540638561,48.025000000000006,26.64354024886533,44.78383396588876,PPG
TE,2025,00-0037348,Tanner Conner,8.0,7.029522799417778,2.825,1.5672670734626666,2.634343174464045,22.6,11.017139625682592,18.51817540638561,48.025000000000006,26.64354024886533,44.78383396588876,SEASON
TE,2025,00-0037475,Stone Smartt,6.0,9.631473953704628,2.6166666666666667,5.252914785520209,5.77400286137326,15.7,50.59331193776783,55.61215816793255,44.483333333333334,89.29955135384355,98.15804864334542,PPG
TE,2025,00-0037475,Stone Smartt,6.0,9.631473953704628,2.6166666666666667,5.252914785520209,5.77400286137326,15.7,50.59331193776783,55.61215816793255,44.483333333333334,89.29955135384355,98.15804864334542,SEASON
TE,2025,00-0037539,Lucas Krull,2.0,10.151864184561997,2.25,4.203486290936254,4.618799258926985,4.5,42.6732219272531,46.88942277238235,38.25,71.45926694591631,78.51958740175874,PPG
TE,2025,00-0037539,Lucas Krull,2.0,10.151864184561997,2.25,4.203486290936254,4.618799258926985,4.5,42.6732219272531,46.88942277238235,38.25,71.45926694591631,78.51958740175874,SEASON
TE,2025,00-0037654,Tucker Fisk,4.0,8.590693491989887,1.225,2.007203896274489,2.6438889389710463,4.9,17.243273448821995,22.712839501562616,20.825000000000003,34.12246623666631,44.946111962507786,PPG
TE,2025,00-0037654,Tucker Fisk,4.0,8.590693491989887,1.225,2.007203896274489,2.6438889389710463,4.9,17.243273448821995,22.712839501562616,20.825000000000003,34.12246623666631,44.946111962507786,SEASON
TE,2025,00-0037744,Trey McBride,17.0,13.274205569706215,22.288235294117648,16.95817089454507,16.660729975261418,378.90000000000003,225.10624654039998,221.15795463298642,378.90000000000003,288.28890520726617,283.2324095794441,PPG
TE,2025,00-0037744,Trey McBride,17.0,13.274205569706215,22.288235294117648,16.95817089454507,16.660729975261418,378.90000000000003,225.10624654039998,221.15795463298642,378.90000000000003,288.28890520726617,283.2324095794441,SEASON
TE,2025,00-0037805,Jeremy Ruckert,14.0,12.233425107991476,4.171428571428572,3.7431776775585037,3.146384358113395,58.400000000000006,45.79188378431742,38.49105740593605,70.91428571428573,63.634020518494566,53.48853408792771,PPG
TE,2025,00-0037805,Jeremy Ruckert,14.0,12.233425107991476,4.171428571428572,3.7431776775585037,3.146384358113395,58.400000000000006,45.79188378431742,38.49105740593605,70.91428571428573,63.634020518494566,53.48853408792771,SEASON
TE,2025,00-0037809,Chig Okonkwo,17.0,13.274205569706215,8.941176470588236,8.979791321791147,9.626651608449743,152.0,119.19959597851958,127.78615239850487,152.0,152.6564524704495,163.65307734364563,PPG
TE,2025,00-0037809,Chig Okonkwo,17.0,13.274205569706215,8.941176470588236,8.979791321791147,9.626651608449743,152.0,119.19959597851958,127.78615239850487,152.0,152.6564524704495,163.65307734364563,SEASON
TE,2025,00-0037838,Isaiah Likely,12.0,12.753815338848845,6.1000000000000005,8.038395488772188,8.081519124197854,73.2,102.52021168443609,103.07020256739487,103.7,136.6527233091272,137.38582511136352,PPG
TE,2025,00-0037838,Isaiah Likely,12.0,12.753815338848845,6.1000000000000005,8.038395488772188,8.081519124197854,73.2,102.52021168443609,103.07020256739487,103.7,136.6527233091272,137.38582511136352,SEASON
TE,2025,00-0038041,Jake Ferguson,17.0,12.233425107991476,13.3,9.294447795052886,9.73625423043762,226.10000000000002,113.70293102091598,119.10773696042381,226.10000000000002,158.00561251589906,165.51632191743954,PPG
TE,2025,00-0038041,Jake Ferguson,17.0,12.233425107991476,13.3,9.294447795052886,9.73625423043762,226.10000000000002,113.70293102091598,119.10773696042381,226.10000000000002,158.00561251589906,165.51632191743954,SEASON
TE,2025,00-0038046,Charlie Kolar,13.0,10.151864184561997,3.1692307692307695,3.17517479075052,3.2476250552940966,41.2,32.23394323794434,32.96944848372632,53.876923076923084,53.977971442758836,55.20962593999964,PPG
TE,2025,00-0038046,Charlie Kolar,13.0,10.151864184561997,3.1692307692307695,3.17517479075052,3.2476250552940966,41.2,32.23394323794434,32.96944848372632,53.876923076923084,53.977971442758836,55.20962593999964,SEASON
TE,2025,00-0038115,Daniel Bellinger,13.0,11.192644646276737,5.315384615384615,3.5691411239361504,3.7164670488161775,69.1,39.94812829263009,41.59709501699629,90.36153846153846,60.675399106914554,63.17993982987502,PPG
TE,2025,00-0038115,Daniel Bellinger,13.0,11.192644646276737,5.315384615384615,3.5691411239361504,3.7164670488161775,69.1,39.94812829263009,41.59709501699629,90.36153846153846,60.675399106914554,63.17993982987502,SEASON
TE,2025,00-0038129,Cade Otton,15.0,12.233425107991476,10.113333333333333,10.41245793910459,10.652911289202041,151.7,127.38002438814726,130.3215924385301,171.92666666666668,177.01178496477803,181.09949191643472,PPG
TE,2025,00-0038129,Cade Otton,15.0,12.233425107991476,10.113333333333333,10.41245793910459,10.652911289202041,151.7,127.38002438814726,130.3215924385301,171.92666666666668,177.01178496477803,181.09949191643472,SEASON
TE,2025,00-0038394,Will Mallory,1.0,8.590693491989887,3.1,2.2609250330282675,2.4119687468176294,3.1,19.422913967112958,20.72048421616921,52.7,38.435725561480545,41.0034686958997,PPG
TE,2025,00-0038394,Will Mallory,1.0,8.590693491989887,3.1,2.2609250330282675,2.4119687468176294,3.1,19.422913967112958,20.72048421616921,52.7,38.435725561480545,41.0034686958997,SEASON
TE,2025,00-0038547,Luke Schoonmaker,14.0,11.192644646276737,2.442857142857143,4.881046221025158,5.239232767027726,34.2,54.63181585398653,58.64087058047053,41.52857142857143,82.97778575742768,89.06695703947135,PPG
TE,2025,00-0038547,Luke Schoonmaker,14.0,11.192644646276737,2.442857142857143,4.881046221025158,5.239232767027726,34.2,54.63181585398653,58.64087058047053,41.52857142857143,82.97778575742768,89.06695703947135,SEASON
TE,2025,00-0038558,Darnell Washington,13.0,11.713034877134106,6.684615384615385,4.32190046250047,4.422282571682413,86.9,50.62257085277003,51.79834999865841,113.63846153846154,73.47230786250799,75.17880371860102,PPG
TE,2025,00-0038558,Darnell Washington,13.0,11.713034877134106,6.684615384615385,4.32190046250047,4.422282571682413,86.9,50.62257085277003,51.79834999865841,113.63846153846154,73.47230786250799,75.17880371860102,SEASON
TE,2025,00-0038589,Josh Whyle,6.0,12.753815338848845,2.85,5.851779848919583,4.924234543180482,17.1,74.63251959671716,62.80277804890457,48.45,99.48025743163291,83.7119872340682,PPG
TE,2025,00-0038589,Josh Whyle,6.0,12.753815338848845,2.85,5.851779848919583,4.924234543180482,17.1,74.63251959671716,62.80277804890457,48.45,99.48025743163291,83.7119872340682,SEASON
TE,2025,00-0038643,Brayden Willis,6.0,7.549913030275148,0.0,1.6572459014761947,0.9271725909811519,0.0,12.512062425925206,7.000072425962569,0.0,28.17318032509531,15.761934046679583,PPG
TE,2025,00-0038643,Brayden Willis,6.0,7.549913030275148,0.0,1.6572459014761947,0.9271725909811519,0.0,12.512062425925206,7.000072425962569,0.0,28.17318032509531,15.761934046679583,SEASON
TE,2025,00-0038710,Blake Whiteheart,9.0,8.590693491989887,0.26666666666666666,2.451900993586299,2.741435811895297,2.4,21.063529908605357,23.550834787956937,4.533333333333333,41.68231689096709,46.60440880222005,PPG
TE,2025,00-0038710,Blake Whiteheart,9.0,8.590693491989887,0.26666666666666666,2.451900993586299,2.741435811895297,2.4,21.063529908605357,23.550834787956937,4.533333333333333,41.68231689096709,46.60440880222005,SEASON
TE,2025,00-0038720,Julian Hill,11.0,12.233425107991476,3.5,2.98585412857683,2.217922631010235,38.5,36.5272228653318,27.132790401783122,59.5,50.75952018580611,37.70468472717399,PPG
TE,2025,00-0038720,Julian Hill,11.0,12.233425107991476,3.5,2.98585412857683,2.217922631010235,38.5,36.5272228653318,27.132790401783122,59.5,50.75952018580611,37.70468472717399,SEASON
TE,2025,00-0038783,Nate Adkins,6.0,12.753815338848845,3.3,3.3683995248074443,3.159625964231666,19.799999999999997,42.959945526860345,40.297286087642895,56.099999999999994,57.26279192172655,53.713641391938324,PPG
TE,2025,00-0038783,Nate Adkins,6.0,12.753815338848845,3.3,3.3683995248074443,3.159625964231666,19.799999999999997,42.959945526860345,40.297286087642895,56.099999999999994,57.26279192172655,53.713641391938324,SEASON
TE,2025,00-0038809,Ben Sims,3.0,7.029522799417778,2.5,2.4635450783946014,3.0187808914265855,7.5,17.31754629596831,21.220589102729907,42.5,41.880266332708224,51.319275154251955,PPG
TE,2025,00-0038809,Ben Sims,3.0,7.029522799417778,2.5,2.4635450783946014,3.0187808914265855,7.5,17.31754629596831,21.220589102729907,42.5,41.880266332708224,51.319275154251955,SEASON
TE,2025,00-0038933,Dalton Kincaid,12.0,11.713034877134106,12.049999999999999,8.87944857461599,9.812682378817144,144.6,104.00529084419583,114.93629094132447,204.85,150.95062576847184,166.81560043989145,PPG
TE,2025,00-0038933,Dalton Kincaid,12.0,11.713034877134106,12.049999999999999,8.87944857461599,9.812682378817144,144.6,104.00529084419583,114.93629094132447,204.85,150.95062576847184,166.81560043989145,SEASON
TE,2025,00-0038935,Brenton Strange,12.0,12.233425107991476,11.75,7.691763941510719,7.19865125482661,141.0,94.0966181268207,88.0641610044702,199.75,130.75998700568223,122.37707133205238,PPG
TE,2025,00-0038935,Brenton Strange,12.0,12.233425107991476,11.75,7.691763941510719,7.19865125482661,141.0,94.0966181268207,88.0641610044702,199.75,130.75998700568223,122.37707133205238,SEASON
TE,2025,00-0038996,Tucker Kraft,8.0,13.794595800563584,16.650000000000002,9.848143211367406,9.192012114133135,133.20000000000002,135.8511549868776,126.80009170835054,283.05,167.4184345932459,156.2642059402633,PPG
TE,2025,00-0038996,Tucker Kraft,8.0,13.794595800563584,16.650000000000002,9.848143211367406,9.192012114133135,133.20000000000002,135.8511549868776,126.80009170835054,283.05,167.4184345932459,156.2642059402633,SEASON
TE,2025,00-0039041,Elijah Higgins,17.0,12.753815338848845,4.241176470588235,3.9166563714190685,3.656458797933099,72.1,49.95231210680458,46.63380030294797,72.1,66.58315831412416,62.15979956486268,PPG
TE,2025,00-0039041,Elijah Higgins,17.0,12.753815338848845,4.241176470588235,3.9166563714190685,3.656458797933099,72.1,49.95231210680458,46.63380030294797,72.1,66.58315831412416,62.15979956486268,SEASON
TE,2025,00-0039050,Payne Durham,8.0,9.111083722847257,0.325,4.316349182490248,4.694264838608484,2.6,39.32661877871196,42.769839961779965,5.525,73.3779361023342,79.80250225634424,PPG
TE,2025,00-0039050,Payne Durham,8.0,9.111083722847257,0.325,4.316349182490248,4.694264838608484,2.6,39.32661877871196,42.769839961779965,5.525,73.3779361023342,79.80250225634424,SEASON
TE,2025,00-0039065,Sam LaPorta,9.0,13.274205569706215,14.100000000000001,11.415492427910786,11.152320974655158,126.9,151.53159316751248,148.03820119691895,239.70000000000002,194.06337127448336,189.5894565691377,PPG
TE,2025,00-0039065,Sam LaPorta,9.0,13.274205569706215,14.100000000000001,11.415492427910786,11.152320974655158,126.9,151.53159316751248,148.03820119691895,239.70000000000002,194.06337127448336,189.5894565691377,SEASON
TE,2025,00-0039066,Michael Mayer,13.0,10.672254415419367,6.946153846153846,4.573627924815787,4.978440079700867,90.3,48.810920815100594,53.13117912248833,118.08461538461539,77.75167472186837,84.63348135491475,PPG
TE,2025,00-0039066,Michael Mayer,13.0,10.672254415419367,6.946153846153846,4.573627924815787,4.978440079700867,90.3,48.810920815100594,53.13117912248833,118.08461538461539,77.75167472186837,84.63348135491475,SEASON
TE,2025,00-0039074,Davis Allen,15.0,8.590693491989887,4.986666666666667,2.8173903044039736,2.973928412756013,74.80000000000001,24.20333655243862,25.548107461106895,84.77333333333334,47.89563517486755,50.556783016852215,PPG
TE,2025,00-0039074,Davis Allen,15.0,8.590693491989887,4.986666666666667,2.8173903044039736,2.973928412756013,74.80000000000001,24.20333655243862,25.548107461106895,84.77333333333334,47.89563517486755,50.556783016852215,SEASON
TE,2025,00-0039144,Luke Musgrave,13.0,8.590693491989887,4.630769230769231,2.4241451677726427,2.8725646370792814,60.2,20.825088116423174,24.677322333077274,78.72307692307693,41.210467852134926,48.83359883034778,PPG
TE,2025,00-0039144,Luke Musgrave,13.0,8.590693491989887,4.630769230769231,2.4241451677726427,2.8725646370792814,60.2,20.825088116423174,24.677322333077274,78.72307692307693,41.210467852134926,48.83359883034778,SEASON
TE,2025,00-0039338,Brock Bowers,12.0,13.794595800563584,17.349999999999998,15.317852382261973,14.81323704808467,208.2,211.30358214600392,204.3426175762617,294.95,260.40349049845355,251.82502981743937,PPG
TE,2025,00-0039338,Brock Bowers,12.0,13.794595800563584,17.349999999999998,15.317852382261973,14.81323704808467,208.2,211.30358214600392,204.3426175762617,294.95,260.40349049845355,251.82502981743937,SEASON
TE,2025,00-0039356,Ja'Tavion Sanders,12.0,12.753815338848845,5.708333333333334,5.7137542936166605,5.014044433940082,68.5,72.87216715234162,63.9481968112547,97.04166666666667,97.13382299148323,85.2387553769814,PPG
TE,2025,00-0039356,Ja'Tavion Sanders,12.0,12.753815338848845,5.708333333333334,5.7137542936166605,5.014044433940082,68.5,72.87216715234162,63.9481968112547,97.04166666666667,97.13382299148323,85.2387553769814,SEASON
TE,2025,00-0039359,Cade Stover,6.0,12.233425107991476,4.316666666666666,3.8752762949292285,3.5091307449422042,25.9,47.4079023267914,42.92868816240079,73.38333333333333,65.87969701379689,59.65522266401747,PPG
TE,2025,00-0039359,Cade Stover,6.0,12.233425107991476,4.316666666666666,3.8752762949292285,3.5091307449422042,25.9,47.4079023267914,42.92868816240079,73.38333333333333,65.87969701379689,59.65522266401747,SEASON
TE,2025,00-0039530,Brevyn Spann-Ford,16.0,10.672254415419367,1.78125,2.569784966942344,2.4865460801081936,28.5,27.425398960128742,26.537052382578388,30.28125,43.686344438019844,42.27128336183929,PPG
TE,2025,00-0039530,Brevyn Spann-Ford,16.0,10.672254415419367,1.78125,2.569784966942344,2.4865460801081936,28.5,27.425398960128742,26.537052382578388,30.28125,43.686344438019844,42.27128336183929,SEASON
TE,2025,00-0039631,Cam Grandy,2.0,7.029522799417778,1.35,1.648831642663485,2.8617983596189642,2.7,11.590499624504435,20.11707681627791,22.950000000000003,28.030137925279245,48.650572113522394,PPG
TE,2025,00-0039631,Cam Grandy,2.0,7.029522799417778,1.35,1.648831642663485,2.8617983596189642,2.7,11.590499624504435,20.11707681627791,22.950000000000003,28.030137925279245,48.650572113522394,SEASON
TE,2025,00-0039648,David Martin-Robinson,11.0,7.029522799417778,1.3636363636363635,1.1719061891377995,1.5718399856520562,14.999999999999998,8.237941275322965,11.049285016177642,23.18181818181818,19.922405215342593,26.721279756084954,PPG
TE,2025,00-0039648,David Martin-Robinson,11.0,7.029522799417778,1.3636363636363635,1.1719061891377995,1.5718399856520562,14.999999999999998,8.237941275322965,11.049285016177642,23.18181818181818,19.922405215342593,26.721279756084954,SEASON
TE,2025,00-0039686,Colson Yankoff,10.0,7.029522799417778,0.4800000000000001,0.3594388662797667,0.9271725909811519,4.800000000000001,2.526683705510498,6.517580867297261,8.160000000000002,6.110460726756034,15.761934046679583,PPG
TE,2025,00-0039686,Colson Yankoff,10.0,7.029522799417778,0.4800000000000001,0.3594388662797667,0.9271725909811519,4.800000000000001,2.526683705510498,6.517580867297261,8.160000000000002,6.110460726756034,15.761934046679583,SEASON
TE,2025,00-0039737,Tip Reiman,3.0,9.111083722847257,2.1,2.004334657402981,2.0003169311814197,6.300000000000001,18.26166087220293,18.22505503222281,35.7,34.073689175850674,34.00538783008413,PPG
TE,2025,00-0039737,Tip Reiman,3.0,9.111083722847257,2.1,2.004334657402981,2.0003169311814197,6.300000000000001,18.26166087220293,18.22505503222281,35.7,34.073689175850674,34.00538783008413,SEASON
TE,2025,00-0039793,AJ Barner,17.0,12.753815338848845,10.076470588235294,5.678444533187158,5.116683061536001,171.29999999999998,72.42183298816475,65.25723091424592,171.29999999999998,96.5335570641817,86.98361204611203,PPG
TE,2025,00-0039793,AJ Barner,17.0,12.753815338848845,10.076470588235294,5.678444533187158,5.116683061536001,171.29999999999998,72.42183298816475,65.25723091424592,171.29999999999998,96.5335570641817,86.98361204611203,SEASON
TE,2025,00-0039847,Theo Johnson,15.0,10.672254415419367,10.02,8.143976341707027,8.144032101297489,150.29999999999998,86.9145874718537,86.9151825523892,170.34,138.44759780901947,138.4485457220573,PPG
TE,2025,00-0039847,Theo Johnson,15.0,10.672254415419367,10.02,8.143976341707027,8.144032101297489,150.29999999999998,86.9145874718537,86.9151825523892,170.34,138.44759780901947,138.4485457220573,SEASON
TE,2025,00-0039912,Ben Sinnott,9.0,8.590693491989887,3.7666666666666666,1.4002107805977047,2.7214064352644796,33.9,12.028781640294781,23.378768552485962,64.03333333333333,23.803583270160978,46.26390939949615,PPG
TE,2025,00-0039912,Ben Sinnott,9.0,8.590693491989887,3.7666666666666666,1.4002107805977047,2.7214064352644796,33.9,12.028781640294781,23.378768552485962,64.03333333333333,23.803583270160978,46.26390939949615,SEASON
