market_player_key,canonical_player_id,sleeper_id,full_name,position_model,market_adp,opening_adp,adp_change_from_open,adp_change_7d,adp_change_21d,market_snapshot_count,latest_market_as_of
00-0020578,00-0020578,127,Matt Bryant,K,691.0,602.0,-89.0,-89.0,-89.0,2,2026-09-01
00-0021206,00-0021206,208,Josh McCown,QB,684.0,684.0,0.0,0.0,0.0,2,2026-09-01
00-0022787,00-0022787,178,Matt Schaub,QB,656.5,656.5,0.0,0.0,0.0,2,2026-09-01
00-0022943,00-0022943,663,Benjamin Watson,TE,614.7,535.7,-79.0,-79.0,-79.0,2,2026-09-01
00-0023252,00-0023252,49,Robbie Gould,K,653.7,653.7,0.0,0.0,0.0,2,2026-09-01
00-0023436,00-0023436,268,Alex Smith,QB,654.3,654.3,0.0,0.0,0.0,2,2026-09-01
00-0023459,00-0023459,96,Aaron Rodgers,QB,228.8,228.8,0.0,0.0,0.0,2,2026-09-01
00-0023682,00-0023682,333,Ryan Fitzpatrick,QB,682.4,682.4,0.0,0.0,0.0,2,2026-09-01
00-0023853,00-0023853,17,Matt Prater,K,687.8,687.8,0.0,0.0,0.0,2,2026-09-01
00-0024243,00-0024243,111,Marcedes Lewis,TE,631.1,631.1,0.0,0.0,0.0,2,2026-09-01
00-0024333,00-0024333,110,Stephen Gostkowski,K,625.5,625.5,0.0,0.0,0.0,2,2026-09-01
00-0025396,00-0025396,695,Ted Ginn,WR,695.7,695.7,0.0,0.0,0.0,2,2026-09-01
00-0025565,00-0025565,650,Nick Folk,K,285.5,285.5,0.0,0.0,0.0,2,2026-09-01
00-0025580,00-0025580,59,Mason Crosby,K,674.0,674.0,0.0,0.0,0.0,2,2026-09-01
00-0025944,00-0025944,775,Steven Hauschka,K,698.7,698.7,0.0,0.0,0.0,2,2026-09-01
00-0026189,00-0026189,147,DeSean Jackson,WR,697.2,697.2,0.0,0.0,0.0,2,2026-09-01
00-0026197,00-0026197,89,Chad Henne,QB,690.8,690.8,0.0,0.0,0.0,2,2026-09-01
00-0026293,00-0026293,312,Matthew Slater,WR,552.6,541.7,-10.899999999999977,-10.899999999999977,-10.899999999999977,2,2026-09-01
00-0026300,00-0026300,260,Josh Johnson,QB,544.0,544.0,0.0,0.0,0.0,2,2026-09-01
00-0026498,00-0026498,421,Matthew Stafford,QB,95.9,95.3,-0.6000000000000085,-0.6000000000000085,-0.6000000000000085,2,2026-09-01
00-0026544,00-0026544,490,Chase Daniel,QB,690.5,690.5,0.0,0.0,0.0,2,2026-09-01
00-0026625,00-0026625,345,Brian Hoyer,QB,682.6,682.6,0.0,0.0,0.0,2,2026-09-01
00-0026858,00-0026858,503,Graham Gano,K,691.0,691.0,0.0,0.0,0.0,2,2026-09-01
00-0026968,00-0026968,391,Ryan Succop,K,568.3,533.2,-35.09999999999991,-35.09999999999991,-35.09999999999991,2,2026-09-01
00-0027061,00-0027061,367,Jared Cook,TE,654.2,654.2,0.0,0.0,0.0,2,2026-09-01
00-0027685,00-0027685,538,Emmanuel Sanders,WR,697.4,697.4,0.0,0.0,0.0,2,2026-09-01
00-0027688,00-0027688,533,Colt McCoy,QB,658.7,658.7,0.0,0.0,0.0,2,2026-09-01
00-0027696,00-0027696,616,Jimmy Graham,TE,604.8,604.8,0.0,0.0,0.0,2,2026-09-01
00-0027796,00-0027796,606,Joe Webb,QB,671.3,671.3,0.0,0.0,0.0,2,2026-09-01
00-0027891,00-0027891,642,Golden Tate,WR,694.5,694.5,0.0,0.0,0.0,2,2026-09-01
00-0027942,00-0027942,830,A.J. Green,WR,688.3,688.3,0.0,0.0,0.0,2,2026-09-01
00-0028064,00-0028064,818,Bilal Powell,RB,503.7,445.7,-58.0,-58.0,-58.0,2,2026-09-01
00-0028087,00-0028087,788,Dion Lewis,RB,591.8,591.8,0.0,0.0,0.0,2,2026-09-01
00-0028097,00-0028097,812,Lee Smith,TE,671.3,671.3,0.0,0.0,0.0,2,2026-09-01
00-0028112,00-0028112,801,Charles Clay,TE,678.5,678.5,0.0,0.0,0.0,2,2026-09-01
00-0028118,00-0028118,827,Tyrod Taylor,QB,658.2,658.2,0.0,0.0,0.0,2,2026-09-01
00-0028237,00-0028237,1329,Chris Hogan,WR,632.8,632.8,0.0,0.0,0.0,2,2026-09-01
00-0028787,00-0028787,1287,Kai Forbath,K,580.0,502.0,-78.0,-78.0,-78.0,2,2026-09-01
00-0028903,00-0028903,1223,Garrett Celek,TE,653.5,653.5,0.0,0.0,0.0,2,2026-09-01
00-0028986,00-0028986,1737,Case Keenum,QB,662.0,662.0,0.0,0.0,0.0,2,2026-09-01
00-0029119,00-0029119,1718,Derek Carrier,TE,692.5,692.5,0.0,0.0,0.0,2,2026-09-01
00-0029141,00-0029141,1170,Alfred Morris,RB,382.4,348.4,-34.0,-34.0,-34.0,2,2026-09-01
00-0029159,00-0029159,1290,Jermaine Kearse,WR,661.3,661.3,0.0,0.0,0.0,2,2026-09-01
00-0029239,00-0029239,1034,Brandon Bolden,RB,634.3,634.3,0.0,0.0,0.0,2,2026-09-01
00-0029263,00-0029263,1234,Russell Wilson,QB,694.8,694.8,0.0,0.0,0.0,2,2026-09-01
00-0029269,00-0029269,1077,Travis Benjamin,WR,673.0,673.0,0.0,0.0,0.0,2,2026-09-01
00-0029273,00-0029273,1232,Robert Turbin,RB,581.0,581.0,0.0,0.0,0.0,2,2026-09-01
00-0029293,00-0029293,1067,Marvin Jones,WR,650.5,650.5,0.0,0.0,0.0,2,2026-09-01
00-0029421,00-0029421,1099,Randy Bullock,K,663.6,663.6,0.0,0.0,0.0,2,2026-09-01
00-0029572,00-0029572,1215,Jarius Wright,WR,535.0,535.0,0.0,0.0,0.0,2,2026-09-01
00-0029587,00-0029587,1211,Rhett Ellison,TE,674.5,674.5,0.0,0.0,0.0,2,2026-09-01
00-0029615,00-0029615,1048,Lamar Miller,RB,699.5,699.5,0.0,0.0,0.0,2,2026-09-01
00-0029621,00-0029621,1266,Greg Zuerlein,K,669.8,669.8,0.0,0.0,0.0,2,2026-09-01
00-0029623,00-0029623,1262,Alex Tanney,QB,367.0,339.0,-28.0,-28.0,-28.0,2,2026-09-01
00-0029632,00-0029632,1071,Mohamed Sanu,WR,697.7,697.7,0.0,0.0,0.0,2,2026-09-01
00-0029664,00-0029664,1244,Josh Gordon,WR,684.0,684.0,0.0,0.0,0.0,2,2026-09-01
00-0029665,00-0029665,1169,Robert Griffin III,QB,668.5,668.5,0.0,0.0,0.0,2,2026-09-01
00-0029701,00-0029701,1049,Ryan Tannehill,QB,623.1,623.1,0.0,0.0,0.0,2,2026-09-01
00-0029822,00-0029822,1433,Brandon McManus,K,680.6,680.6,0.0,0.0,0.0,2,2026-09-01
00-0029854,00-0029854,1451,C.J. Anderson,RB,696.8,696.8,0.0,0.0,0.0,2,2026-09-01
00-0029857,00-0029857,1550,Ryan Griffin,QB,616.0,616.0,0.0,0.0,0.0,2,2026-09-01
00-0030035,00-0030035,1689,Adam Thielen,WR,668.8,668.8,0.0,0.0,0.0,2,2026-09-01
00-0030068,00-0030068,1346,Marquise Goodwin,WR,645.0,645.0,0.0,0.0,0.0,2,2026-09-01
00-0030085,00-0030085,1555,Kenny Stills,WR,588.0,588.0,0.0,0.0,0.0,2,2026-09-01
00-0030089,00-0030089,1603,Luke Willson,TE,626.3,548.3,-78.0,-78.0,-78.0,2,2026-09-01
00-0030098,00-0030098,1348,Dustin Hopkins,K,681.2,681.2,0.0,0.0,0.0,2,2026-09-01
00-0030107,00-0030107,1517,Theo Riddick,RB,408.2,364.2,-44.0,-44.0,-44.0,2,2026-09-01
00-0030108,00-0030108,1425,Ryan Griffin,TE,489.0,489.0,0.0,0.0,0.0,2,2026-09-01
00-0030279,00-0030279,1479,Keenan Allen,WR,199.8,197.8,-2.0,-2.0,-2.0,2,2026-09-01
00-0030332,00-0030332,4958,Brett Maher,K,475.8,491.9,16.099999999999966,16.099999999999966,16.099999999999966,2,2026-09-01
00-0030404,00-0030404,1502,Chris Thompson,RB,449.2,449.2,0.0,0.0,0.0,2,2026-09-01
00-0030414,00-0030414,1601,Spencer Ware,RB,488.1,431.9,-56.200000000000045,-56.200000000000045,-56.200000000000045,2,2026-09-01
00-0030456,00-0030456,1386,Giovani Bernard,RB,676.6,676.6,0.0,0.0,0.0,2,2026-09-01
00-0030465,00-0030465,1546,Kenjon Barner,RB,249.0,249.0,0.0,0.0,0.0,2,2026-09-01
00-0030470,00-0030470,1587,Vance McDonald,TE,635.7,635.7,0.0,0.0,0.0,2,2026-09-01
00-0030472,00-0030472,1500,Jordan Reed,TE,498.8,498.8,0.0,0.0,0.0,2,2026-09-01
00-0030506,00-0030506,1466,Travis Kelce,TE,89.3,89.1,-0.20000000000000284,-0.20000000000000284,-0.20000000000000284,2,2026-09-01
00-0030513,00-0030513,1476,Latavius Murray,RB,692.1,692.1,0.0,0.0,0.0,2,2026-09-01
00-0030520,00-0030520,1559,Mike Glennon,QB,685.0,685.0,0.0,0.0,0.0,2,2026-09-01
00-0030533,00-0030533,1338,Matt Barkley,QB,412.8,420.0,7.199999999999989,7.199999999999989,7.199999999999989,2,2026-09-01
00-0030549,00-0030549,1388,Tyler Eifert,TE,639.1,559.1,-80.0,-80.0,-80.0,2,2026-09-01
00-0030578,00-0030578,1535,Cordarrelle Patterson,RB,651.9,651.9,0.0,0.0,0.0,2,2026-09-01
00-0030663,00-0030663,1911,Willie Snead,WR,664.2,438.5,-225.70000000000005,-225.70000000000005,-225.70000000000005,2,2026-09-01
00-0030670,00-0030670,2003,Bennie Fowler,WR,635.0,635.0,0.0,0.0,0.0,2,2026-09-01
00-0030741,00-0030741,2174,Roosevelt Nix,FB,695.8,695.8,0.0,0.0,0.0,2,2026-09-01
00-0030821,00-0030821,1984,Allen Hurns,WR,510.7,452.3,-58.39999999999998,-58.39999999999998,-58.39999999999998,2,2026-09-01
00-0031023,00-0031023,1854,Quincy Enunwa,WR,353.5,320.0,-33.5,-33.5,-33.5,2,2026-09-01
00-0031051,00-0031051,2238,John Brown,WR,673.5,673.5,0.0,0.0,0.0,2,2026-09-01
00-0031060,00-0031060,2023,De'Anthony Thomas,WR,670.0,670.0,0.0,0.0,0.0,2,2026-09-01
00-0031076,00-0031076,2106,David Fales,QB,458.5,458.5,0.0,0.0,0.0,2,2026-09-01
00-0031136,00-0031136,1945,Chris Boswell,K,146.6,148.6,2.0,2.0,2.0,2,2026-09-01
00-0031203,00-0031203,2020,Cairo Santos,K,230.5,230.1,-0.4000000000000057,-0.4000000000000057,-0.4000000000000057,2,2026-09-01
00-0031209,00-0031209,2114,Senorise Perry,RB,370.5,381.5,11.0,11.0,11.0,2,2026-09-01
00-0031285,00-0031285,2168,Devonta Freeman,RB,687.3,687.3,0.0,0.0,0.0,2,2026-09-01
00-0031288,00-0031288,1895,AJ McCarron,QB,700.0,700.0,0.0,0.0,0.0,2,2026-09-01
00-0031299,00-0031299,1800,Jordan Matthews,TE,638.5,638.5,0.0,0.0,0.0,2,2026-09-01
00-0031319,00-0031319,5828,Diontae Spencer,WR,515.7,515.7,0.0,0.0,0.0,2,2026-09-01
00-0031325,00-0031325,1817,Sammy Watkins,WR,679.9,679.9,0.0,0.0,0.0,2,2026-09-01
00-0031339,00-0031339,1971,Donte Moncrief,WR,641.5,641.5,0.0,0.0,0.0,2,2026-09-01
00-0031344,00-0031344,2004,Cody Latimer,WR,656.5,656.5,0.0,0.0,0.0,2,2026-09-01
00-0031345,00-0031345,1837,Jimmy Garoppolo,QB,685.4,685.4,0.0,0.0,0.0,2,2026-09-01
00-0031363,00-0031363,2818,Michael Palardy,P,653.0,653.0,0.0,0.0,0.0,2,2026-09-01
00-0031373,00-0031373,1916,Martavis Bryant,WR,608.7,530.7,-78.0,-78.0,-78.0,2,2026-09-01
00-0031381,00-0031381,2133,Davante Adams,WR,50.3,50.1,-0.19999999999999574,-0.19999999999999574,-0.19999999999999574,2,2026-09-01
00-0031382,00-0031382,1825,Jarvis Landry,WR,694.3,694.3,0.0,0.0,0.0,2,2026-09-01
00-0031384,00-0031384,2146,Richard Rodgers,TE,636.7,636.7,0.0,0.0,0.0,2,2026-09-01
00-0031387,00-0031387,2118,Eric Ebron,TE,646.1,646.1,0.0,0.0,0.0,2,2026-09-01
00-0031395,00-0031395,2229,Garrett Gilbert,QB,498.4,444.5,-53.89999999999998,-53.89999999999998,-53.89999999999998,2,2026-09-01
00-0031407,00-0031407,1979,Blake Bortles,QB,624.7,624.7,0.0,0.0,0.0,2,2026-09-01
00-0031408,00-0031408,2216,Mike Evans,WR,62.1,62.4,0.29999999999999716,0.29999999999999716,0.29999999999999716,2,2026-09-01
00-0031428,00-0031428,1992,Allen Robinson,WR,627.9,627.9,0.0,0.0,0.0,2,2026-09-01
00-0031462,00-0031462,2304,Jerome Cunningham,TE,616.0,537.0,-79.0,-79.0,-79.0,2,2026-09-01
00-0031484,00-0031484,3048,Chris Manhertz,TE,625.3,625.3,0.0,0.0,0.0,2,2026-09-01
00-0031492,00-0031492,2747,Jason Myers,K,125.8,125.9,0.10000000000000853,0.10000000000000853,0.10000000000000853,2,2026-09-01
00-0031504,00-0031504,2587,Dres Anderson,WR,652.5,652.5,0.0,0.0,0.0,2,2026-09-01
00-0031511,00-0031511,2801,DeAndrew White,WR,563.8,245.0,-318.79999999999995,-318.79999999999995,-318.79999999999995,2,2026-09-01
00-0031543,00-0031543,2650,Ty Long,P,643.4,643.4,0.0,0.0,0.0,2,2026-09-01
00-0031545,00-0031545,2312,Kevin White,WR,384.7,373.0,-11.699999999999989,-11.699999999999989,-11.699999999999989,2,2026-09-01
00-0031547,00-0031547,2319,DeVante Parker,WR,466.5,466.5,0.0,0.0,0.0,2,2026-09-01
00-0031558,00-0031558,2360,Maxx Williams,TE,413.0,413.0,0.0,0.0,0.0,2,2026-09-01
00-0031570,00-0031570,2412,Justin Hardy,WR,498.0,498.0,0.0,0.0,0.0,2,2026-09-01
00-0031585,00-0031585,2446,MyCole Pruitt,TE,263.0,263.0,0.0,0.0,0.0,2,2026-09-01
00-0031588,00-0031588,2449,Stefon Diggs,WR,108.4,107.9,-0.5,-0.5,-0.5,2,2026-09-01
00-0031589,00-0031589,2450,Brett Hundley,QB,656.8,573.8,-83.0,-83.0,-83.0,2,2026-09-01
00-0031590,00-0031590,2452,Jay Ajayi,RB,667.1,667.1,0.0,0.0,0.0,2,2026-09-01
00-0031595,00-0031595,2471,Michael Burton,FB,567.0,496.0,-71.0,-71.0,-71.0,2,2026-09-01
00-0031665,00-0031665,2560,Zach Zenner,RB,698.2,698.2,0.0,0.0,0.0,2,2026-09-01
00-0031690,00-0031690,2755,Eric Tomlinson,TE,514.0,514.0,0.0,0.0,0.0,2,2026-09-01
00-0031747,00-0031747,2593,Antwan Goodley,WR,519.5,519.5,0.0,0.0,0.0,2,2026-09-01
00-0031800,00-0031800,2711,Taylor Heinicke,QB,661.0,661.0,0.0,0.0,0.0,2,2026-09-01
00-0031806,00-0031806,2588,Malcolm Brown,RB,245.0,245.0,0.0,0.0,0.0,2,2026-09-01
00-0031876,00-0031876,3008,Matt Wile,P,420.0,420.0,0.0,0.0,0.0,2,2026-09-01
00-0031885,00-0031885,2785,Gus Johnson,RB,302.0,289.0,-13.0,-13.0,-13.0,2,2026-09-01
00-0031934,00-0031934,2342,Devin Smith,WR,521.6,521.6,0.0,0.0,0.0,2,2026-09-01
00-0031941,00-0031941,2410,Jamison Crowder,WR,690.0,690.0,0.0,0.0,0.0,2,2026-09-01
00-0031951,00-0031951,2476,James O'Shaughnessy,TE,656.8,656.8,0.0,0.0,0.0,2,2026-09-01
00-0031960,00-0031960,2532,Da'Ron Brown,WR,657.5,657.5,0.0,0.0,0.0,2,2026-09-01
00-0031972,00-0031972,2602,Darius Jennings,WR,693.0,693.0,0.0,0.0,0.0,2,2026-09-01
00-0032009,00-0032009,2822,Adam Humphries,WR,242.0,242.0,0.0,0.0,0.0,2,2026-09-01
00-0032055,00-0032055,2346,Devin Funchess,WR,688.7,688.7,0.0,0.0,0.0,2,2026-09-01
00-0032058,00-0032058,2378,Tevin Coleman,RB,482.6,467.2,-15.400000000000034,-15.400000000000034,-15.400000000000034,2,2026-09-01
00-0032063,00-0032063,2431,Mike Davis,RB,638.0,638.0,0.0,0.0,0.0,2,2026-09-01
00-0032068,00-0032068,2496,Malcolm Johnson,RB,265.0,265.0,0.0,0.0,0.0,1,2026-09-01
00-0032082,00-0032082,2581,Jahwan Edwards,RB,700.8,700.8,0.0,0.0,0.0,2,2026-09-01
00-0032087,00-0032087,2671,Josh Lambo,K,684.2,648.5,-35.700000000000045,-35.700000000000045,-35.700000000000045,2,2026-09-01
00-0032098,00-0032098,2751,Daniel Brown,TE,620.1,620.1,0.0,0.0,0.0,2,2026-09-01
00-0032104,00-0032104,2359,Ameer Abdullah,RB,612.4,612.4,0.0,0.0,0.0,2,2026-09-01
00-0032112,00-0032112,2462,J.J. Nelson,WR,611.0,611.0,0.0,0.0,0.0,2,2026-09-01
00-0032113,00-0032113,2465,Kenny Bell,WR,678.8,678.8,0.0,0.0,0.0,2,2026-09-01
00-0032134,00-0032134,2460,C.J. Uzomah,TE,242.0,242.0,0.0,0.0,0.0,2,2026-09-01
00-0032135,00-0032135,2463,Jesse James,TE,636.8,636.8,0.0,0.0,0.0,2,2026-09-01
00-0032139,00-0032139,2528,Ben Koyack,TE,522.5,461.5,-61.0,-61.0,-61.0,2,2026-09-01
00-0032144,00-0032144,2320,Melvin Gordon,RB,489.6,465.3,-24.30000000000001,-24.30000000000001,-24.30000000000001,2,2026-09-01
00-0032156,00-0032156,2549,Trevor Siemian,QB,646.9,596.3,-50.60000000000002,-50.60000000000002,-50.60000000000002,2,2026-09-01
00-0032160,00-0032160,2583,Tyrell Williams,WR,692.0,692.0,0.0,0.0,0.0,2,2026-09-01
00-0032200,00-0032200,2399,Ty Montgomery,WR,447.3,593.3,145.99999999999994,145.99999999999994,145.99999999999994,2,2026-09-01
00-0032214,00-0032214,2390,Tyler Kroft,TE,649.3,566.3,-83.0,-83.0,-83.0,2,2026-09-01
00-0032227,00-0032227,2397,Jeff Heuerman,TE,418.0,371.0,-47.0,-47.0,-47.0,2,2026-09-01
00-0032241,00-0032241,2315,Todd Gurley,RB,678.1,678.1,0.0,0.0,0.0,2,2026-09-01
00-0032245,00-0032245,2394,Sean Mannion,QB,694.7,694.7,0.0,0.0,0.0,2,2026-09-01
00-0032256,00-0032256,2373,Clive Walford,TE,626.3,626.3,0.0,0.0,0.0,2,2026-09-01
00-0032257,00-0032257,2382,Duke Johnson,RB,673.5,673.5,0.0,0.0,0.0,2,2026-09-01
00-0032319,00-0032319,3041,Ross Travis,TE,642.5,642.5,0.0,0.0,0.0,2,2026-09-01
00-0032341,00-0032341,3336,Moritz Boehringer,TE,473.0,473.0,0.0,0.0,0.0,2,2026-09-01
00-0032351,00-0032351,3418,Mekale McKay,WR,291.5,284.5,-7.0,-7.0,-7.0,2,2026-09-01
00-0032355,00-0032355,3582,Chester Rogers,WR,233.0,233.0,0.0,0.0,0.0,1,2026-09-01
00-0032377,00-0032377,3453,Josh Ferguson,RB,652.6,652.6,0.0,0.0,0.0,2,2026-09-01
00-0032385,00-0032385,3200,Sterling Shepard,WR,507.0,507.0,0.0,0.0,0.0,2,2026-09-01
00-0032392,00-0032392,3202,Austin Hooper,TE,430.0,430.0,0.0,0.0,0.0,2,2026-09-01
00-0032393,00-0032393,3204,C.J. Prosise,RB,684.0,684.0,0.0,0.0,0.0,2,2026-09-01
00-0032394,00-0032394,3258,Nick Vannett,TE,666.0,666.0,0.0,0.0,0.0,2,2026-09-01
00-0032404,00-0032404,3280,Tyler Ervin,RB,493.0,435.0,-58.0,-58.0,-58.0,2,2026-09-01
00-0032411,00-0032411,3208,Kenneth Dixon,RB,285.3,336.5,51.19999999999999,51.19999999999999,51.19999999999999,2,2026-09-01
00-0032429,00-0032429,3340,Jerell Adams,TE,657.5,657.5,0.0,0.0,0.0,2,2026-09-01
00-0032431,00-0032431,3347,Jake Rudock,QB,496.8,475.9,-20.900000000000034,-20.900000000000034,-20.900000000000034,2,2026-09-01
00-0032436,00-0032436,3362,Jeff Driskel,QB,459.0,459.0,0.0,0.0,0.0,2,2026-09-01
00-0032447,00-0032447,3380,Devin Lucien,WR,502.5,502.5,0.0,0.0,0.0,2,2026-09-01
00-0032450,00-0032450,3391,Dwayne Washington,RB,629.5,629.5,0.0,0.0,0.0,2,2026-09-01
00-0032453,00-0032453,3398,Kenny Lawler,WR,660.2,660.2,0.0,0.0,0.0,2,2026-09-01
00-0032524,00-0032524,3548,Jamal Robinson,WR,633.0,633.0,0.0,0.0,0.0,2,2026-09-01
00-0032540,00-0032540,3688,Tra Carson,RB,351.5,307.0,-44.5,-44.5,-44.5,2,2026-09-01
00-0032543,00-0032543,3433,Alex Erickson,WR,629.3,629.3,0.0,0.0,0.0,2,2026-09-01
00-0032559,00-0032559,3520,Jay Lee,WR,626.5,626.5,0.0,0.0,0.0,2,2026-09-01
00-0032569,00-0032569,3678,Wil Lutz,K,253.3,253.3,0.0,0.0,0.0,2,2026-09-01
00-0032577,00-0032577,3488,D.J. Foster,RB,247.0,247.0,0.0,0.0,0.0,2,2026-09-01
00-0032582,00-0032582,3504,Steven Scheu,TE,431.5,431.5,0.0,0.0,0.0,2,2026-09-01
00-0032583,00-0032583,3561,Bryce Williams,TE,545.4,555.2,9.800000000000068,9.800000000000068,9.800000000000068,2,2026-09-01
00-0032614,00-0032614,3456,Joel Stave,QB,674.5,674.5,0.0,0.0,0.0,2,2026-09-01
00-0032626,00-0032626,3503,Geronimo Allison,WR,695.0,695.0,0.0,0.0,0.0,2,2026-09-01
00-0032653,00-0032653,3515,K.J. Maye,WR,666.0,666.0,0.0,0.0,0.0,2,2026-09-01
00-0032661,00-0032661,3465,Ben Braunecker,TE,289.8,275.0,-14.800000000000011,-14.800000000000011,-14.800000000000011,2,2026-09-01
00-0032669,00-0032669,3467,Taylor Bertolet,K,529.0,529.0,0.0,0.0,0.0,2,2026-09-01
00-0032689,00-0032689,3774,Jason Vander Laan,TE,565.0,565.0,0.0,0.0,0.0,2,2026-09-01
00-0032702,00-0032702,3486,Chris Brown,WR,686.7,686.7,0.0,0.0,0.0,2,2026-09-01
00-0032725,00-0032725,3496,Stephen Anderson,TE,404.9,361.9,-43.0,-43.0,-43.0,2,2026-09-01
00-0032726,00-0032726,3451,Ka'imi Fairbairn,K,129.9,129.7,-0.20000000000001705,-0.20000000000001705,-0.20000000000001705,2,2026-09-01
00-0032728,00-0032728,3730,Tevin Jones,WR,309.0,300.0,-9.0,-9.0,-9.0,2,2026-09-01
00-0032764,00-0032764,3198,Derrick Henry,RB,20.9,20.0,-0.8999999999999986,-0.8999999999999986,-0.8999999999999986,2,2026-09-01
00-0032765,00-0032765,3199,Michael Thomas,WR,688.3,688.3,0.0,0.0,0.0,2,2026-09-01
00-0032792,00-0032792,3343,Nate Sudfeld,QB,698.5,698.5,0.0,0.0,0.0,2,2026-09-01
00-0032794,00-0032794,3353,Danny Vitale,RB,621.5,695.0,73.5,73.5,73.5,2,2026-09-01
00-0032817,00-0032817,3516,Mitch Mathews,WR,409.5,409.5,0.0,0.0,0.0,2,2026-09-01
00-0032835,00-0032835,3805,Jon Brown,K,683.0,683.0,0.0,0.0,0.0,2,2026-09-01
00-0032864,00-0032864,3824,Alex Ellis,TE,614.7,614.7,0.0,0.0,0.0,2,2026-09-01
00-0032870,00-0032870,3827,Aldrick Rosas,K,671.6,584.4,-87.20000000000005,-87.20000000000005,-87.20000000000005,2,2026-09-01
00-0032876,00-0032876,3621,Jordan Williams-Lambert,WR,245.0,257.0,12.0,12.0,12.0,2,2026-09-01
00-0032881,00-0032881,3614,Tommylee Lewis,WR,250.0,258.0,8.0,8.0,8.0,2,2026-09-01
00-0032889,00-0032889,3218,A'Shawn Robinson,DT,400.0,360.0,-40.0,-40.0,-40.0,2,2026-09-01
00-0032897,00-0032897,3354,Derek Watt,FB,671.3,671.3,0.0,0.0,0.0,2,2026-09-01
00-0032901,00-0032901,3495,Mike Bercovici,QB,615.8,615.8,0.0,0.0,0.0,2,2026-09-01
00-0032940,00-0032940,3300,DeAndre Washington,RB,666.0,666.0,0.0,0.0,0.0,2,2026-09-01
00-0032951,00-0032951,3155,Laquon Treadwell,WR,643.3,643.3,0.0,0.0,0.0,2,2026-09-01
00-0032956,00-0032956,3332,Andy Janovich,FB,573.0,573.0,0.0,0.0,0.0,2,2026-09-01
00-0032966,00-0032966,3177,Corey Coleman,WR,653.4,653.4,0.0,0.0,0.0,2,2026-09-01
00-0032972,00-0032972,3209,Devontae Booker,RB,268.5,249.0,-19.5,-19.5,-19.5,2,2026-09-01
00-0032975,00-0032975,3312,Jonathan Williams,RB,629.2,629.2,0.0,0.0,0.0,2,2026-09-01
00-0032977,00-0032977,3328,Rashard Higgins,WR,585.5,585.5,0.0,0.0,0.0,2,2026-09-01
00-0032996,00-0032996,3412,Devon Johnson,RB,691.4,691.4,0.0,0.0,0.0,2,2026-09-01
00-0032997,00-0032997,3514,Jake McGee,TE,667.3,434.0,-233.29999999999995,-233.29999999999995,-233.29999999999995,2,2026-09-01
00-0033003,00-0033003,3540,Jamaal Jones,WR,347.0,326.0,-21.0,-21.0,-21.0,2,2026-09-01
00-0033009,00-0033009,3225,Tyler Boyd,WR,605.0,605.0,0.0,0.0,0.0,2,2026-09-01
00-0033025,00-0033025,3868,Jalen Richard,RB,641.3,641.3,0.0,0.0,0.0,2,2026-09-01
00-0033040,00-0033040,3321,Tyreek Hill,WR,227.1,227.2,0.09999999999999432,0.09999999999999432,0.09999999999999432,2,2026-09-01
00-0033045,00-0033045,3164,Ezekiel Elliott,RB,692.4,692.4,0.0,0.0,0.0,2,2026-09-01
00-0033077,00-0033077,3294,Dak Prescott,QB,76.5,77.5,1.0,1.0,1.0,2,2026-09-01
00-0033090,00-0033090,3214,Hunter Henry,TE,142.7,141.6,-1.0999999999999943,-1.0999999999999943,-1.0999999999999943,2,2026-09-01
00-0033104,00-0033104,3205,Cody Kessler,QB,398.4,359.6,-38.799999999999955,-38.799999999999955,-38.799999999999955,2,2026-09-01
00-0033106,00-0033106,3163,Jared Goff,QB,132.9,131.7,-1.200000000000017,-1.200000000000017,-1.200000000000017,2,2026-09-01
00-0033108,00-0033108,3170,Paxton Lynch,QB,543.6,527.3,-16.300000000000068,-16.300000000000068,-16.300000000000068,2,2026-09-01
00-0033112,00-0033112,3333,Temarrick Hemingway,TE,426.4,375.6,-50.799999999999955,-50.799999999999955,-50.799999999999955,2,2026-09-01
00-0033114,00-0033114,3652,Mike Thomas,WR,512.5,453.5,-59.0,-59.0,-59.0,2,2026-09-01
00-0033118,00-0033118,3242,Kenyan Drake,RB,452.7,402.7,-50.0,-50.0,-50.0,2,2026-09-01
00-0033119,00-0033119,3257,Jacoby Brissett,QB,243.0,243.0,0.0,0.0,0.0,2,2026-09-01
00-0033127,00-0033127,3157,Will Fuller,WR,667.0,667.0,0.0,0.0,0.0,2,2026-09-01
00-0033138,00-0033138,3909,Sam Ficken,K,636.3,636.3,0.0,0.0,0.0,2,2026-09-01
00-0033193,00-0033193,3957,Blake Sims,RB,608.0,608.0,0.0,0.0,0.0,2,2026-09-01
00-0033215,00-0033215,4050,Cyril Grayson,WR,243.5,256.0,12.5,12.5,12.5,2,2026-09-01
00-0033217,00-0033217,4054,Mo Alie-Cox,TE,527.6,527.6,0.0,0.0,0.0,2,2026-09-01
00-0033240,00-0033240,4309,Scott Orndoff,TE,280.0,282.0,2.0,2.0,2.0,2,2026-09-01
00-0033246,00-0033246,4314,Johnny Mundt,TE,559.0,492.0,-67.0,-67.0,-67.0,2,2026-09-01
00-0033251,00-0033251,4319,Zach Pascal,WR,596.0,596.0,0.0,0.0,0.0,2,2026-09-01
00-0033258,00-0033258,4323,Darrell Daniels,TE,662.0,662.0,0.0,0.0,0.0,2,2026-09-01
00-0033261,00-0033261,4326,Bug Howard,WR,648.0,648.0,0.0,0.0,0.0,2,2026-09-01
00-0033280,00-0033280,4034,Christian McCaffrey,RB,5.4,5.4,0.0,0.0,0.0,2,2026-09-01
00-0033282,00-0033282,4082,Curtis Samuel,WR,688.8,688.8,0.0,0.0,0.0,2,2026-09-01
00-0033288,00-0033288,4217,George Kittle,TE,83.6,83.2,-0.3999999999999915,-0.3999999999999915,-0.3999999999999915,2,2026-09-01
00-0033292,00-0033292,4218,Trent Taylor,WR,522.0,522.0,0.0,0.0,0.0,2,2026-09-01
00-0033293,00-0033293,4199,Aaron Jones,RB,126.0,125.1,-0.9000000000000057,-0.9000000000000057,-0.9000000000000057,2,2026-09-01
00-0033295,00-0033295,4263,Elijah McGuire,RB,573.3,573.3,0.0,0.0,0.0,2,2026-09-01
00-0033296,00-0033296,4226,Alex Armah,RB,538.5,471.5,-67.0,-67.0,-67.0,2,2026-09-01
00-0033303,00-0033303,4227,Harrison Butker,K,162.1,161.4,-0.6999999999999886,-0.6999999999999886,-0.6999999999999886,2,2026-09-01
00-0033308,00-0033308,4455,Matt Breida,RB,649.3,649.3,0.0,0.0,0.0,2,2026-09-01
00-0033319,00-0033319,4464,Nick Mullens,QB,660.0,660.0,0.0,0.0,0.0,2,2026-09-01
00-0033373,00-0033373,4349,Taquan Mizzell,RB,609.0,609.0,0.0,0.0,0.0,2,2026-09-01
00-0033374,00-0033374,4350,Ricky Ortiz,RB,307.0,296.0,-11.0,-11.0,-11.0,2,2026-09-01
00-0033375,00-0033375,4351,Tim Patrick,WR,573.0,573.0,0.0,0.0,0.0,2,2026-09-01
00-0033387,00-0033387,4421,Jacob Hollister,TE,653.6,653.6,0.0,0.0,0.0,2,2026-09-01
00-0033417,00-0033417,4401,Damore'ea Stringfellow,WR,694.0,694.0,0.0,0.0,0.0,2,2026-09-01
00-0033421,00-0033421,4468,Antony Auclair,TE,655.0,655.0,0.0,0.0,0.0,2,2026-09-01
00-0033434,00-0033434,4480,Bobo Wilson,WR,678.0,678.0,0.0,0.0,0.0,2,2026-09-01
00-0033455,00-0033455,4435,Anthony Firkser,TE,628.5,628.5,0.0,0.0,0.0,2,2026-09-01
00-0033528,00-0033528,4221,Jeremy Sprinkle,TE,466.5,456.0,-10.5,-10.5,-10.5,2,2026-09-01
00-0033530,00-0033530,4285,Robert Davis,WR,314.5,279.0,-35.5,-35.5,-35.5,2,2026-09-01
00-0033536,00-0033536,4068,Mike Williams,WR,563.6,563.6,0.0,0.0,0.0,2,2026-09-01
00-0033550,00-0033550,4061,Davis Webb,QB,590.3,590.3,0.0,0.0,0.0,2,2026-09-01
00-0033553,00-0033553,4137,James Conner,RB,230.4,231.6,1.1999999999999886,1.1999999999999886,1.1999999999999886,2,2026-09-01
00-0033562,00-0033562,4162,Ryan Switzer,WR,592.0,592.0,0.0,0.0,0.0,2,2026-09-01
00-0033573,00-0033573,4214,Shelton Gibson,WR,627.6,627.6,0.0,0.0,0.0,2,2026-09-01
00-0033576,00-0033576,4189,Eric Saubert,TE,575.5,575.5,0.0,0.0,0.0,2,2026-09-01
00-0033589,00-0033589,4274,David Moore,WR,575.5,575.5,0.0,0.0,0.0,2,2026-09-01
00-0033591,00-0033591,4234,Noah Brown,WR,633.8,633.8,0.0,0.0,0.0,2,2026-09-01
00-0033594,00-0033594,4273,Chris Carson,RB,685.1,685.1,0.0,0.0,0.0,2,2026-09-01
00-0033597,00-0033597,4051,Chad Kelly,QB,670.8,670.8,0.0,0.0,0.0,2,2026-09-01
00-0033604,00-0033604,4526,Krishawn Hogan,WR,649.0,649.0,0.0,0.0,0.0,2,2026-09-01
00-0033607,00-0033607,4528,Trevor Knight,QB,559.4,493.6,-65.79999999999995,-65.79999999999995,-65.79999999999995,2,2026-09-01
00-0033633,00-0033633,4551,Tanner Gentry,WR,246.0,246.0,0.0,0.0,0.0,2,2026-09-01
00-0033658,00-0033658,4571,Blake Jarwin,TE,696.0,696.0,0.0,0.0,0.0,2,2026-09-01
00-0033662,00-0033662,4574,Cooper Rush,QB,681.8,681.8,0.0,0.0,0.0,2,2026-09-01
00-0033672,00-0033672,4588,Kyle Sloter,QB,477.0,477.0,0.0,0.0,0.0,2,2026-09-01
00-0033681,00-0033681,4622,Keelan Cole,WR,318.0,285.0,-33.0,-33.0,-33.0,2,2026-09-01
00-0033702,00-0033702,4666,Younghoe Koo,K,339.0,339.0,0.0,0.0,0.0,2,2026-09-01
00-0033706,00-0033706,4670,Artavis Scott,WR,453.8,403.8,-50.0,-50.0,-50.0,2,2026-09-01
00-0033720,00-0033720,4647,Colin Thompson,TE,641.0,641.0,0.0,0.0,0.0,2,2026-09-01
00-0033725,00-0033725,4651,Corey Clement,RB,699.5,699.5,0.0,0.0,0.0,2,2026-09-01
00-0033733,00-0033733,6744,Greg Ward,WR,437.0,437.0,0.0,0.0,0.0,2,2026-09-01
00-0033735,00-0033735,4650,Billy Brown,TE,478.3,424.3,-54.0,-54.0,-54.0,2,2026-09-01
00-0033742,00-0033742,4678,Tyrone Swoopes,TE,346.0,357.5,11.5,11.5,11.5,2,2026-09-01
00-0033757,00-0033757,4602,Robert Tonyan,TE,687.9,687.9,0.0,0.0,0.0,2,2026-09-01
00-0033787,00-0033787,4195,Jake Elliott,K,218.2,218.6,0.4000000000000057,0.4000000000000057,0.4000000000000057,2,2026-09-01
00-0033840,00-0033840,4175,Chad Hansen,WR,337.5,365.8,28.30000000000001,28.30000000000001,28.30000000000001,2,2026-09-01
00-0033856,00-0033856,3969,Leonard Fournette,RB,660.2,660.2,0.0,0.0,0.0,2,2026-09-01
00-0033871,00-0033871,4036,Corey Davis,WR,655.5,515.0,-140.5,-140.5,-140.5,2,2026-09-01
00-0033873,00-0033873,4046,Patrick Mahomes,QB,110.2,110.0,-0.20000000000000284,-0.20000000000000284,-0.20000000000000284,2,2026-09-01
00-0033885,00-0033885,4033,David Njoku,TE,223.9,223.8,-0.09999999999999432,-0.09999999999999432,-0.09999999999999432,2,2026-09-01
00-0033891,00-0033891,4080,Zay Jones,WR,643.0,643.0,0.0,0.0,0.0,2,2026-09-01
00-0033893,00-0033893,4029,Dalvin Cook,RB,633.6,633.6,0.0,0.0,0.0,2,2026-09-01
00-0033895,00-0033895,4089,Gerald Everett,TE,540.0,540.0,0.0,0.0,0.0,2,2026-09-01
00-0033896,00-0033896,4085,Adam Shaheen,TE,677.3,551.0,-126.29999999999995,-126.29999999999995,-126.29999999999995,2,2026-09-01
00-0033897,00-0033897,4018,Joe Mixon,RB,227.3,227.3,0.0,0.0,0.0,2,2026-09-01
00-0033899,00-0033899,4026,DeShone Kizer,QB,680.3,680.3,0.0,0.0,0.0,2,2026-09-01
00-0033906,00-0033906,4035,Alvin Kamara,RB,166.7,166.3,-0.39999999999997726,-0.39999999999997726,-0.39999999999997726,2,2026-09-01
00-0033908,00-0033908,4039,Cooper Kupp,WR,198.0,199.0,1.0,1.0,1.0,2,2026-09-01
00-0033911,00-0033911,4125,Taywan Taylor,WR,645.8,563.8,-82.0,-82.0,-82.0,2,2026-09-01
00-0033919,00-0033919,4108,Carlos Henderson,WR,344.5,321.5,-23.0,-23.0,-23.0,2,2026-09-01
00-0033921,00-0033921,4037,Chris Godwin Jr.,WR,93.6,93.1,-0.5,-0.5,-0.5,2,2026-09-01
00-0033925,00-0033925,4111,D'Onta Foreman,RB,631.5,631.5,0.0,0.0,0.0,2,2026-09-01
00-0033933,00-0033933,4128,Chad Williams,WR,698.3,698.3,0.0,0.0,0.0,2,2026-09-01
00-0033937,00-0033937,4139,Amara Darboh,WR,360.5,395.8,35.30000000000001,35.30000000000001,35.30000000000001,2,2026-09-01
00-0033943,00-0033943,4171,Josh Reynolds,WR,320.0,320.0,0.0,0.0,0.0,1,2026-09-01
00-0033949,00-0033949,4179,Joshua Dobbs,QB,692.3,692.3,0.0,0.0,0.0,2,2026-09-01
00-0033950,00-0033950,4150,Wayne Gallman,RB,626.0,626.0,0.0,0.0,0.0,2,2026-09-01
00-0033951,00-0033951,4152,Marlon Mack,RB,693.0,693.0,0.0,0.0,0.0,2,2026-09-01
00-0033953,00-0033953,4153,Jordan Leggett,TE,259.0,259.0,0.0,0.0,0.0,2,2026-09-01
00-0033957,00-0033957,4208,Rodney Adams,WR,286.5,283.5,-3.0,-3.0,-3.0,2,2026-09-01
00-0033958,00-0033958,4183,Nathan Peterman,QB,693.2,693.2,0.0,0.0,0.0,2,2026-09-01
00-0033966,00-0033966,4184,Temuchin Hodges,TE,697.0,697.0,0.0,0.0,0.0,2,2026-09-01
00-0034011,00-0034011,4741,Dan Arnold,TE,575.9,685.0,109.10000000000002,109.10000000000002,109.10000000000002,2,2026-09-01
00-0034035,00-0034035,4829,Daniel Williams,WR,663.8,663.8,0.0,0.0,0.0,2,2026-09-01
00-0034073,00-0034073,5285,Ross Dwelley,TE,579.8,579.8,0.0,0.0,0.0,2,2026-09-01
00-0034084,00-0034084,5230,Mike Badgley,K,698.0,698.0,0.0,0.0,0.0,2,2026-09-01
00-0034099,00-0034099,5138,Martez Carter,RB,630.0,551.0,-79.0,-79.0,-79.0,2,2026-09-01
00-0034115,00-0034115,5284,Jeff Wilson,RB,650.3,650.3,0.0,0.0,0.0,2,2026-09-01
00-0034126,00-0034126,5228,J.T. Barrett,QB,696.6,696.6,0.0,0.0,0.0,2,2026-09-01
00-0034132,00-0034132,5241,Christian Blake,WR,644.4,644.4,0.0,0.0,0.0,2,2026-09-01
00-0034141,00-0034141,5244,Devin Gray,WR,268.0,268.0,0.0,0.0,0.0,2,2026-09-01
00-0034159,00-0034159,5010,Will Dissly,TE,647.0,647.0,0.0,0.0,0.0,2,2026-09-01
00-0034164,00-0034164,5123,Trenton Cannon,RB,264.0,264.0,0.0,0.0,0.0,2,2026-09-01
00-0034171,00-0034171,5565,Jason Cabinda,FB,666.0,666.0,0.0,0.0,0.0,2,2026-09-01
00-0034173,00-0034173,5189,Eddy Pineiro,K,193.9,193.9,0.0,0.0,0.0,2,2026-09-01
00-0034177,00-0034177,5257,Tim Boyle,QB,503.9,503.9,0.0,0.0,0.0,2,2026-09-01
00-0034184,00-0034184,5248,Gus Edwards,RB,656.4,656.4,0.0,0.0,0.0,2,2026-09-01
00-0034200,00-0034200,5463,Mark Thompson,RB,680.0,680.0,0.0,0.0,0.0,2,2026-09-01
00-0034208,00-0034208,5209,Mike Boone,RB,435.3,435.3,0.0,0.0,0.0,2,2026-09-01
00-0034256,00-0034256,5166,Da'Mari Scott,WR,649.0,649.0,0.0,0.0,0.0,2,2026-09-01
00-0034258,00-0034258,5539,Derrick Willies,WR,647.7,647.7,0.0,0.0,0.0,2,2026-09-01
00-0034270,00-0034270,5133,Tyler Conklin,TE,676.4,676.4,0.0,0.0,0.0,2,2026-09-01
00-0034272,00-0034272,5086,Marquez Valdes-Scantling,WR,629.8,629.8,0.0,0.0,0.0,2,2026-09-01
00-0034286,00-0034286,5137,Richie James,WR,369.0,369.0,0.0,0.0,0.0,1,2026-09-01
00-0034297,00-0034297,5199,Byron Pringle,WR,667.1,667.1,0.0,0.0,0.0,2,2026-09-01
00-0034301,00-0034301,5549,Darrel Williams,RB,247.0,247.0,0.0,0.0,0.0,1,2026-09-01
00-0034309,00-0034309,5570,Chad Beebe,WR,671.1,671.1,0.0,0.0,0.0,2,2026-09-01
00-0034311,00-0034311,5569,Johnny Stanton,RB,647.3,647.3,0.0,0.0,0.0,2,2026-09-01
00-0034317,00-0034317,5134,Keith Kirkwood,WR,655.7,655.7,0.0,0.0,0.0,2,2026-09-01
00-0034331,00-0034331,5107,Jaylen Samuels,RB,654.0,654.0,0.0,0.0,0.0,2,2026-09-01
00-0034339,00-0034339,5139,Trey Quinn,WR,644.0,644.0,0.0,0.0,0.0,2,2026-09-01
00-0034343,00-0034343,4863,Josh Rosen,QB,658.3,658.3,0.0,0.0,0.0,2,2026-09-01
00-0034348,00-0034348,5045,Courtland Sutton,WR,80.1,80.6,0.5,0.5,0.5,2,2026-09-01
00-0034351,00-0034351,5022,Dallas Goedert,TE,120.4,120.3,-0.10000000000000853,-0.10000000000000853,-0.10000000000000853,2,2026-09-01
00-0034353,00-0034353,5013,Anthony Miller,WR,237.0,237.0,0.0,0.0,0.0,2,2026-09-01
00-0034358,00-0034358,4949,Derrius Guice,RB,662.5,662.5,0.0,0.0,0.0,2,2026-09-01
00-0034364,00-0034364,5032,Jordan Akins,TE,439.5,389.5,-50.0,-50.0,-50.0,2,2026-09-01
00-0034365,00-0034365,4995,Ian Thomas,TE,267.2,252.0,-15.199999999999989,-15.199999999999989,-15.199999999999989,2,2026-09-01
00-0034369,00-0034369,4996,Kyle Lauletta,QB,467.6,418.6,-49.0,-49.0,-49.0,2,2026-09-01
00-0034378,00-0034378,5004,Ito Smith,RB,681.3,681.3,0.0,0.0,0.0,2,2026-09-01
00-0034383,00-0034383,5001,Dalton Schultz,TE,186.3,188.8,2.5,2.5,2.5,2,2026-09-01
00-0034386,00-0034386,5374,Justin Watson,WR,695.2,695.2,0.0,0.0,0.0,2,2026-09-01
00-0034393,00-0034393,5092,Troy Fumagalli,TE,566.0,566.0,0.0,0.0,0.0,2,2026-09-01
00-0034395,00-0034395,5102,Daurice Fountain,WR,593.0,593.0,0.0,0.0,0.0,2,2026-09-01
00-0034401,00-0034401,5089,Mike White,QB,658.3,658.3,0.0,0.0,0.0,2,2026-09-01
00-0034406,00-0034406,5101,Deon Cain,WR,687.5,687.5,0.0,0.0,0.0,2,2026-09-01
00-0034409,00-0034409,5103,Dylan Cantrell,WR,523.0,523.0,0.0,0.0,0.0,2,2026-09-01
00-0034412,00-0034412,5108,Luke Falk,QB,690.7,690.7,0.0,0.0,0.0,2,2026-09-01
00-0034414,00-0034414,5122,Boston Scott,RB,682.6,682.6,0.0,0.0,0.0,2,2026-09-01
00-0034418,00-0034418,5113,Cedrick Wilson Jr.,WR,622.9,622.9,0.0,0.0,0.0,2,2026-09-01
00-0034419,00-0034419,5121,Braxton Berrios,WR,691.1,691.1,0.0,0.0,0.0,2,2026-09-01
00-0034420,00-0034420,5117,Jordan Thomas,LB,663.0,663.0,0.0,0.0,0.0,2,2026-09-01
00-0034423,00-0034423,5120,Danny Etling,QB,414.2,504.0,89.80000000000001,89.80000000000001,89.80000000000001,2,2026-09-01
00-0034426,00-0034426,5111,Javon Wims,WR,683.8,683.8,0.0,0.0,0.0,2,2026-09-01
00-0034432,00-0034432,5112,Bo Scarbrough,RB,682.7,682.7,0.0,0.0,0.0,2,2026-09-01
00-0034433,00-0034433,5116,Nick Bawden,RB,659.4,659.4,0.0,0.0,0.0,2,2026-09-01
00-0034438,00-0034438,5128,Logan Woodside,QB,463.6,416.6,-47.0,-47.0,-47.0,2,2026-09-01
00-0034439,00-0034439,5094,Ryan Izzo,TE,407.5,407.5,0.0,0.0,0.0,2,2026-09-01
00-0034440,00-0034440,5131,Justin Jackson,RB,639.3,639.3,0.0,0.0,0.0,2,2026-09-01
00-0034442,00-0034442,5126,Austin Proehl,WR,579.7,579.7,0.0,0.0,0.0,2,2026-09-01
00-0034449,00-0034449,5271,Buddy Howell,RB,519.0,458.0,-61.0,-61.0,-61.0,2,2026-09-01
00-0034450,00-0034450,5272,Greg Joseph,K,698.4,698.4,0.0,0.0,0.0,2,2026-09-01
00-0034457,00-0034457,5136,Josh Adams,RB,253.0,253.0,0.0,0.0,0.0,2,2026-09-01
00-0034487,00-0034487,5154,Trent Sherfield,WR,699.3,699.3,0.0,0.0,0.0,2,2026-09-01
00-0034521,00-0034521,5185,Allen Lazard,WR,694.8,694.8,0.0,0.0,0.0,2,2026-09-01
00-0034532,00-0034532,5253,Jordan Franks,TE,327.8,309.8,-18.0,-18.0,-18.0,2,2026-09-01
00-0034577,00-0034577,5127,Kyle Allen,QB,665.6,665.6,0.0,0.0,0.0,2,2026-09-01
00-0034578,00-0034578,5162,Reggie Bonnafon,RB,492.0,492.0,0.0,0.0,0.0,2,2026-09-01
00-0034597,00-0034597,5163,Ryan Nall,RB,695.0,695.0,0.0,0.0,0.0,2,2026-09-01
00-0034614,00-0034614,5220,Godwin Igwebuike,RB,532.3,532.3,0.0,0.0,0.0,2,2026-09-01
00-0034631,00-0034631,5260,Vyncint Smith,WR,687.7,687.7,0.0,0.0,0.0,2,2026-09-01
00-0034633,00-0034633,5261,Jester Weah,WR,238.0,238.0,0.0,0.0,0.0,1,2026-09-01
00-0034648,00-0034648,5692,Ryan Santoso,K,634.3,634.3,0.0,0.0,0.0,2,2026-09-01
00-0034653,00-0034653,5290,Deontay Burnett,WR,402.1,388.0,-14.100000000000023,-14.100000000000023,-14.100000000000023,2,2026-09-01
00-0034654,00-0034654,5619,Dalyn Dawkins,RB,610.2,610.2,0.0,0.0,0.0,2,2026-09-01
00-0034676,00-0034676,5024,James Washington,WR,681.9,589.9,-92.0,-92.0,-92.0,2,2026-09-01
00-0034679,00-0034679,4997,Mark Walton,RB,557.0,557.0,0.0,0.0,0.0,2,2026-09-01
00-0034681,00-0034681,5000,Chase Edmonds,RB,578.1,578.1,0.0,0.0,0.0,2,2026-09-01
00-0034686,00-0034686,5130,Auden Tate,WR,688.8,688.8,0.0,0.0,0.0,2,2026-09-01
00-0034698,00-0034698,5125,Damoun Patterson,WR,697.5,697.5,0.0,0.0,0.0,2,2026-09-01
00-0034715,00-0034715,5703,Deontez Alexander,WR,692.0,692.0,0.0,0.0,0.0,2,2026-09-01
00-0034732,00-0034732,5124,Alex McGough,QB,663.8,663.8,0.0,0.0,0.0,2,2026-09-01
00-0034737,00-0034737,5709,Luis Perez,QB,691.8,691.8,0.0,0.0,0.0,2,2026-09-01
00-0034750,00-0034750,4985,Rashaad Penny,RB,642.6,642.6,0.0,0.0,0.0,2,2026-09-01
00-0034753,00-0034753,5012,Mark Andrews,TE,128.4,128.1,-0.30000000000001137,-0.30000000000001137,-0.30000000000001137,2,2026-09-01
00-0034766,00-0034766,5009,Chris Herndon,TE,682.0,590.0,-92.0,-92.0,-92.0,2,2026-09-01
00-0034775,00-0034775,4950,Christian Kirk,WR,241.7,241.7,0.0,0.0,0.0,2,2026-09-01
00-0034795,00-0034795,5756,Garrett Dickerson,TE,641.5,641.5,0.0,0.0,0.0,2,2026-09-01
00-0034796,00-0034796,4881,Lamar Jackson,QB,31.0,31.2,0.1999999999999993,0.1999999999999993,0.1999999999999993,2,2026-09-01
00-0034798,00-0034798,5008,Durham Smythe,TE,566.9,624.2,57.30000000000007,57.30000000000007,57.30000000000007,2,2026-09-01
00-0034799,00-0034799,4994,Kalen Ballage,RB,665.0,665.0,0.0,0.0,0.0,2,2026-09-01
00-0034815,00-0034815,5041,Fred Warner,MLB,392.0,392.0,0.0,0.0,0.0,2,2026-09-01
00-0034816,00-0034816,5052,Ronald Jones,RB,490.0,490.0,0.0,0.0,0.0,2,2026-09-01
00-0034827,00-0034827,4983,DJ Moore,WR,55.9,55.6,-0.29999999999999716,-0.29999999999999716,-0.29999999999999716,2,2026-09-01
00-0034830,00-0034830,4973,Hayden Hurst,TE,697.0,697.0,0.0,0.0,0.0,2,2026-09-01
00-0034837,00-0034837,4981,Calvin Ridley,WR,253.2,253.2,0.0,0.0,0.0,2,2026-09-01
00-0034838,00-0034838,5046,Royce Freeman,RB,489.7,489.7,0.0,0.0,0.0,2,2026-09-01
00-0034844,00-0034844,4866,Saquon Barkley,RB,12.5,12.6,0.09999999999999964,0.09999999999999964,0.09999999999999964,2,2026-09-01
00-0034845,00-0034845,4962,Sony Michel,RB,672.0,672.0,0.0,0.0,0.0,2,2026-09-01
00-0034855,00-0034855,4892,Baker Mayfield,QB,143.4,143.3,-0.09999999999999432,-0.09999999999999432,-0.09999999999999432,2,2026-09-01
00-0034857,00-0034857,4984,Josh Allen,QB,20.4,21.0,0.6000000000000014,0.6000000000000014,0.6000000000000014,2,2026-09-01
00-0034860,00-0034860,4992,Dante Pettis,WR,636.7,636.7,0.0,0.0,0.0,2,2026-09-01
00-0034867,00-0034867,5781,Malik Turner,WR,685.0,685.0,0.0,0.0,0.0,2,2026-09-01
00-0034869,00-0034869,4943,Sam Darnold,QB,163.1,163.0,-0.09999999999999432,-0.09999999999999432,-0.09999999999999432,2,2026-09-01
00-0034899,00-0034899,5806,John Wolford,QB,608.3,608.3,0.0,0.0,0.0,2,2026-09-01
00-0034909,00-0034909,5823,Tristan Vizcaino,K,668.4,668.4,0.0,0.0,0.0,2,2026-09-01
00-0034913,00-0034913,6192,Chris Blewitt,K,668.8,668.8,0.0,0.0,0.0,2,2026-09-01
00-0034921,00-0034921,6208,Elliott Fry,K,663.8,663.8,0.0,0.0,0.0,2,2026-09-01
00-0034930,00-0034930,6395,Trinity Benson,WR,323.0,323.0,0.0,0.0,0.0,1,2026-09-01
00-0034932,00-0034932,6396,Austin Fort,TE,354.5,329.5,-25.0,-25.0,-25.0,2,2026-09-01
00-0034943,00-0034943,6107,Emmanuel Butler,WR,451.6,237.0,-214.60000000000002,-214.60000000000002,-214.60000000000002,2,2026-09-01
00-0034949,00-0034949,6438,Kelvin McKnight,WR,601.3,528.3,-73.0,-73.0,-73.0,2,2026-09-01
00-0034955,00-0034955,6037,Brett Rypien,QB,664.3,664.3,0.0,0.0,0.0,2,2026-09-01
00-0034959,00-0034959,6323,Andrew Beck,FB,614.0,614.0,0.0,0.0,0.0,2,2026-09-01
00-0034960,00-0034960,5947,Jakobi Meyers,WR,123.0,122.8,-0.20000000000000284,-0.20000000000000284,-0.20000000000000284,2,2026-09-01
00-0034970,00-0034970,6126,Irv Smith,TE,644.0,644.0,0.0,0.0,0.0,2,2026-09-01
00-0034971,00-0034971,5911,Jalen Hurd,WR,262.0,262.0,0.0,0.0,0.0,2,2026-09-01
00-0034972,00-0034972,5987,Alexander Mattison,RB,481.8,520.6,38.80000000000001,38.80000000000001,38.80000000000001,2,2026-09-01
00-0034981,00-0034981,5985,Foster Moreau,TE,638.3,638.3,0.0,0.0,0.0,2,2026-09-01
00-0034983,00-0034983,5955,Hunter Renfrow,WR,694.1,694.1,0.0,0.0,0.0,2,2026-09-01
00-0034995,00-0034995,6153,Dexter Williams,RB,621.9,621.9,0.0,0.0,0.0,2,2026-09-01
00-0035002,00-0035002,6047,Dillon Mitchell,WR,473.0,421.0,-52.0,-52.0,-52.0,2,2026-09-01
00-0035006,00-0035006,6088,Bisi Johnson,WR,677.1,677.1,0.0,0.0,0.0,2,2026-09-01
00-0035009,00-0035009,6501,C.J. Conrad,TE,481.0,481.0,0.0,0.0,0.0,2,2026-09-01
00-0035013,00-0035013,6446,Jon Hilliman,RB,393.0,393.0,0.0,0.0,0.0,2,2026-09-01
00-0035018,00-0035018,6163,Alex Wesley,WR,642.5,642.5,0.0,0.0,0.0,2,2026-09-01
00-0035019,00-0035019,6261,Reggie White Jr.,WR,262.0,262.0,0.0,0.0,0.0,2,2026-09-01
00-0035022,00-0035022,5902,Penny Hart,WR,444.9,413.8,-31.099999999999966,-31.099999999999966,-31.099999999999966,2,2026-09-01
00-0035025,00-0035025,6439,Hale Hentges,TE,445.8,445.8,0.0,0.0,0.0,2,2026-09-01
00-0035040,00-0035040,6450,David Blough,QB,647.6,647.6,0.0,0.0,0.0,2,2026-09-01
00-0035043,00-0035043,6448,Darrin Hall,RB,590.9,590.9,0.0,0.0,0.0,2,2026-09-01
00-0035045,00-0035045,6453,D.J. Montgomery,WR,641.7,641.7,0.0,0.0,0.0,2,2026-09-01
00-0035070,00-0035070,5924,Emanuel Hall,WR,648.2,648.2,0.0,0.0,0.0,2,2026-09-01
00-0035099,00-0035099,6379,Khari Blasingame,FB,571.9,532.4,-39.5,-39.5,-39.5,2,2026-09-01
00-0035102,00-0035102,6279,Brandon Dillon,TE,678.5,678.5,0.0,0.0,0.0,2,2026-09-01
00-0035104,00-0035104,6381,Alexander Hollins,WR,699.2,609.2,-90.0,-90.0,-90.0,2,2026-09-01
00-0035120,00-0035120,6032,Keelan Doss,WR,639.0,639.0,0.0,0.0,0.0,2,2026-09-01
00-0035121,00-0035121,6155,Jaylen Smith,WR,664.8,664.8,0.0,0.0,0.0,2,2026-09-01
00-0035125,00-0035125,6109,Alec Ingold,FB,662.7,662.7,0.0,0.0,0.0,2,2026-09-01
00-0035126,00-0035126,6165,Antoine Wesley,WR,689.7,689.7,0.0,0.0,0.0,2,2026-09-01
00-0035140,00-0035140,5917,Mecole Hardman,WR,649.3,649.3,0.0,0.0,0.0,2,2026-09-01
00-0035145,00-0035145,6219,Austin Seibert,K,325.7,293.0,-32.69999999999999,-32.69999999999999,-32.69999999999999,2,2026-09-01
00-0035148,00-0035148,6178,Darwin Thompson,RB,657.5,657.5,0.0,0.0,0.0,2,2026-09-01
00-0035161,00-0035161,6231,John Lovett,FB,501.3,442.3,-59.0,-59.0,-59.0,2,2026-09-01
00-0035163,00-0035163,6269,Kyle Shurmur,QB,679.0,679.0,0.0,0.0,0.0,2,2026-09-01
00-0035164,00-0035164,6171,Cody Thompson,WR,539.0,539.0,0.0,0.0,0.0,2,2026-09-01
00-0035181,00-0035181,6519,Darrius Shepherd,WR,623.1,623.1,0.0,0.0,0.0,2,2026-09-01
00-0035184,00-0035184,6068,Devine Ozigbo,RB,682.8,682.8,0.0,0.0,0.0,2,2026-09-01
00-0035187,00-0035187,6553,Austin Walter,RB,379.0,379.0,0.0,0.0,0.0,2,2026-09-01
00-0035192,00-0035192,6528,Joey Slye,K,351.0,351.0,0.0,0.0,0.0,2,2026-09-01
00-0035216,00-0035216,5937,Diontae Johnson,WR,634.6,633.1,-1.5,-1.5,-1.5,2,2026-09-01
00-0035217,00-0035217,6156,Benny Snell,RB,644.8,644.8,0.0,0.0,0.0,2,2026-09-01
00-0035228,00-0035228,5849,Kyler Murray,QB,152.2,161.6,9.400000000000006,9.400000000000006,9.400000000000006,2,2026-09-01
00-0035229,00-0035229,5844,T.J. Hockenson,TE,164.6,164.9,0.30000000000001137,0.30000000000001137,0.30000000000001137,2,2026-09-01
00-0035243,00-0035243,6151,Miles Sanders,RB,634.9,634.9,0.0,0.0,0.0,2,2026-09-01
00-0035246,00-0035246,5863,J.J. Arcega-Whiteside,WR,600.0,600.0,0.0,0.0,0.0,2,2026-09-01
00-0035256,00-0035256,5889,Bryce Love,RB,425.7,411.6,-14.099999999999966,-14.099999999999966,-14.099999999999966,2,2026-09-01
00-0035259,00-0035259,6181,Trevon Wesco,TE,693.0,693.0,0.0,0.0,0.0,2,2026-09-01
00-0035261,00-0035261,5967,Tony Pollard,RB,83.6,84.6,1.0,1.0,1.0,2,2026-09-01
00-0035268,00-0035268,6007,Ryquell Armstead,RB,606.5,530.5,-76.0,-76.0,-76.0,2,2026-09-01
00-0035269,00-0035269,6083,Matt Gay,K,263.3,263.3,0.0,0.0,0.0,2,2026-09-01
00-0035273,00-0035273,6002,Qadree Ollison,RB,446.8,394.8,-52.0,-52.0,-52.0,2,2026-09-01
00-0035275,00-0035275,6167,Jordan Scarlett,RB,619.0,619.0,0.0,0.0,0.0,2,2026-09-01
00-0035282,00-0035282,6185,Easton Stick,QB,602.2,602.2,0.0,0.0,0.0,2,2026-09-01
00-0035283,00-0035283,6147,Clayton Thorson,QB,672.5,672.5,0.0,0.0,0.0,2,2026-09-01
00-0035287,00-0035287,5962,KeeSean Johnson,WR,625.3,547.3,-78.0,-78.0,-78.0,2,2026-09-01
00-0035289,00-0035289,6011,Gardner Minshew,QB,677.8,677.8,0.0,0.0,0.0,2,2026-09-01
00-0035291,00-0035291,6144,Trayveon Williams,RB,683.1,683.1,0.0,0.0,0.0,2,2026-09-01
00-0035298,00-0035298,6290,Scott Miller,WR,697.5,697.5,0.0,0.0,0.0,2,2026-09-01
00-0035299,00-0035299,5918,Rodney Anderson,RB,250.0,250.0,0.0,0.0,0.0,2,2026-09-01
00-0035303,00-0035303,6159,Mike Weber,RB,689.0,689.0,0.0,0.0,0.0,2,2026-09-01
00-0035304,00-0035304,6293,Cullen Gillaspia,RB,669.0,669.0,0.0,0.0,0.0,2,2026-09-01
00-0035308,00-0035308,6137,Tommy Sweeney,TE,288.0,298.0,10.0,10.0,10.0,2,2026-09-01
00-0035309,00-0035309,5975,Alize Mack,TE,614.6,614.6,0.0,0.0,0.0,2,2026-09-01
00-0035310,00-0035310,6298,Chandler Cox,FB,642.4,560.4,-82.0,-82.0,-82.0,2,2026-09-01
00-0035311,00-0035311,5980,Myles Gaskin,RB,691.3,691.3,0.0,0.0,0.0,2,2026-09-01
00-0035313,00-0035313,5977,Terry Godwin,WR,645.2,645.2,0.0,0.0,0.0,2,2026-09-01
00-0035341,00-0035341,6598,Trenton Irwin,WR,482.0,482.0,0.0,0.0,0.0,2,2026-09-01
00-0035342,00-0035342,6311,Patrick Laird,RB,636.9,636.9,0.0,0.0,0.0,2,2026-09-01
00-0035345,00-0035345,6529,Chris Myarick,TE,680.0,680.0,0.0,0.0,0.0,2,2026-09-01
00-0035350,00-0035350,6148,Preston Williams,WR,514.8,514.8,0.0,0.0,0.0,2,2026-09-01
00-0035353,00-0035353,6227,Nick Easley,WR,649.3,649.3,0.0,0.0,0.0,2,2026-09-01
00-0035356,00-0035356,6040,Tyree Jackson,TE,620.5,539.5,-81.0,-81.0,-81.0,2,2026-09-01
00-0035358,00-0035358,6650,Chase McLaughlin,K,222.2,222.6,0.4000000000000057,0.4000000000000057,0.4000000000000057,2,2026-09-01
00-0035359,00-0035359,6154,David Sills,WR,405.0,405.0,0.0,0.0,0.0,2,2026-09-01
00-0035394,00-0035394,6317,Jake Dolegala,QB,656.2,656.2,0.0,0.0,0.0,2,2026-09-01
00-0035396,00-0035396,6318,Jordan Ellis,RB,489.3,433.3,-56.0,-56.0,-56.0,2,2026-09-01
00-0035401,00-0035401,6549,Damion Willis,WR,637.0,637.0,0.0,0.0,0.0,2,2026-09-01
00-0035414,00-0035414,6421,Jalen Guyton,WR,564.0,564.0,0.0,0.0,0.0,2,2026-09-01
00-0035428,00-0035428,6089,Daniel Helm,TE,445.7,245.0,-200.7,-200.7,-200.7,2,2026-09-01
00-0035432,00-0035432,6247,Jason Moore,WR,502.3,443.3,-59.0,-59.0,-59.0,2,2026-09-01
00-0035442,00-0035442,5919,Elijah Holyfield,RB,424.5,406.4,-18.100000000000023,-18.100000000000023,-18.100000000000023,2,2026-09-01
00-0035448,00-0035448,6334,Damarea Crockett,RB,671.6,671.6,0.0,0.0,0.0,2,2026-09-01
00-0035475,00-0035475,6017,DaMarkus Lodge,WR,657.2,657.2,0.0,0.0,0.0,2,2026-09-01
00-0035483,00-0035483,6371,Drew Anderson,QB,674.7,661.0,-13.700000000000045,-13.700000000000045,-13.700000000000045,2,2026-09-01
00-0035489,00-0035489,6115,Wes Hills,RB,507.2,235.0,-272.2,-272.2,-272.2,2,2026-09-01
00-0035494,00-0035494,6372,Xavier Turner,RB,637.5,637.5,0.0,0.0,0.0,2,2026-09-01
00-0035505,00-0035505,5961,Jalin Moore,RB,372.8,341.8,-31.0,-31.0,-31.0,2,2026-09-01
00-0035510,00-0035510,6557,Jeff Smith,WR,547.9,481.9,-66.0,-66.0,-66.0,2,2026-09-01
00-0035520,00-0035520,5984,Anthony Ratliff-Williams,WR,508.4,449.4,-59.0,-59.0,-59.0,2,2026-09-01
00-0035527,00-0035527,5915,Andy Isabella,WR,607.0,607.0,0.0,0.0,0.0,2,2026-09-01
00-0035544,00-0035544,6588,Tom Kennedy,WR,652.8,652.8,0.0,0.0,0.0,2,2026-09-01
00-0035548,00-0035548,6628,Ventell Bryant,WR,692.2,602.2,-90.0,-90.0,-90.0,2,2026-09-01
00-0035551,00-0035551,6585,Tony Brooks-James,RB,314.7,304.5,-10.199999999999989,-10.199999999999989,-10.199999999999989,2,2026-09-01
00-0035567,00-0035567,6659,Craig Reynolds,RB,646.0,646.0,0.0,0.0,0.0,2,2026-09-01
00-0035577,00-0035577,6595,Devlin Hodges,QB,622.9,542.9,-80.0,-80.0,-80.0,2,2026-09-01
00-0035589,00-0035589,6045,Gary Jennings,WR,605.3,638.9,33.60000000000002,33.60000000000002,33.60000000000002,2,2026-09-01
00-0035590,00-0035590,5873,Riley Ridley,WR,622.5,622.5,0.0,0.0,0.0,2,2026-09-01
00-0035592,00-0035592,6059,Travis Fulgham,WR,415.3,415.3,0.0,0.0,0.0,2,2026-09-01
00-0035594,00-0035594,6012,Travis Homer,RB,695.2,695.2,0.0,0.0,0.0,2,2026-09-01
00-0035596,00-0035596,6175,Kerrith Whyte,RB,686.0,686.0,0.0,0.0,0.0,2,2026-09-01
00-0035597,00-0035597,6168,John Ursua,WR,626.5,626.5,0.0,0.0,0.0,2,2026-09-01
00-0035602,00-0035602,6386,Alex Bachman,WR,670.3,670.3,0.0,0.0,0.0,2,2026-09-01
00-0035603,00-0035603,6081,Kendall Blanton,TE,670.0,670.0,0.0,0.0,0.0,2,2026-09-01
00-0035621,00-0035621,6387,Nsimba Webster,WR,633.0,552.0,-81.0,-81.0,-81.0,2,2026-09-01
00-0035624,00-0035624,5878,N'Keal Harry,TE,599.5,599.5,0.0,0.0,0.0,2,2026-09-01
00-0035628,00-0035628,6694,D'Ernest Johnson,RB,455.0,455.0,0.0,0.0,0.0,2,2026-09-01
00-0035639,00-0035639,5880,Parris Campbell,WR,631.3,595.9,-35.39999999999998,-35.39999999999998,-35.39999999999998,2,2026-09-01
00-0035640,00-0035640,5846,DK Metcalf,WR,75.4,75.9,0.5,0.5,0.5,2,2026-09-01
00-0035652,00-0035652,5885,Ryan Finley,QB,667.6,667.6,0.0,0.0,0.0,2,2026-09-01
00-0035657,00-0035657,5890,Damien Harris,RB,654.0,654.0,0.0,0.0,0.0,2,2026-09-01
00-0035659,00-0035659,5927,Terry McLaurin,WR,55.3,56.2,0.9000000000000057,0.9000000000000057,0.9000000000000057,2,2026-09-01
00-0035660,00-0035660,6164,Kahale Warring,TE,650.0,650.0,0.0,0.0,0.0,2,2026-09-01
00-0035664,00-0035664,5916,Darrell Henderson,RB,640.3,640.3,0.0,0.0,0.0,2,2026-09-01
00-0035671,00-0035671,6139,Jace Sternberger,TE,235.0,235.0,0.0,0.0,0.0,1,2026-09-01
00-0035676,00-0035676,5859,A.J. Brown,WR,17.1,17.1,0.0,0.0,0.0,2,2026-09-01
00-0035685,00-0035685,5892,David Montgomery,RB,48.9,48.4,-0.5,-0.5,-0.5,2,2026-09-01
00-0035700,00-0035700,5850,Josh Jacobs,RB,36.7,35.9,-0.8000000000000043,-0.8000000000000043,-0.8000000000000043,2,2026-09-01
00-0035701,00-0035701,6712,Marcus Simms,WR,612.0,612.0,0.0,0.0,0.0,2,2026-09-01
00-0035704,00-0035704,5854,Drew Lock,QB,692.7,692.7,0.0,0.0,0.0,2,2026-09-01
00-0035710,00-0035710,5870,Daniel Jones,QB,202.5,204.2,1.6999999999999886,1.6999999999999886,1.6999999999999886,2,2026-09-01
00-0035715,00-0035715,6753,Derrick Gore,RB,692.5,485.8,-206.7,-206.7,-206.7,2,2026-09-01
00-0035719,00-0035719,5872,Deebo Samuel Sr.,WR,130.7,130.1,-0.5999999999999943,-0.5999999999999943,-0.5999999999999943,2,2026-09-01
00-0035728,00-0035728,6196,Christian Wade,RB,688.5,688.5,0.0,0.0,0.0,2,2026-09-01
00-0035735,00-0035735,6730,Jordan Ta'amu,QB,688.5,688.5,0.0,0.0,0.0,2,2026-09-01
00-0035750,00-0035750,6763,Reggie Begelton,WR,629.0,629.0,0.0,0.0,0.0,2,2026-09-01
00-0035752,00-0035752,6778,Chris Streveler,QB,679.0,679.0,0.0,0.0,0.0,2,2026-09-01
00-0035759,00-0035759,7095,Austin MacGinnis,K,680.0,680.0,0.0,0.0,0.0,2,2026-09-01
00-0035760,00-0035760,6108,Jacques Patrick,RB,255.0,266.0,11.0,11.0,11.0,2,2026-09-01
00-0035761,00-0035761,7105,Ramiz Ahmed,K,634.0,634.0,0.0,0.0,0.0,2,2026-09-01
00-0035787,00-0035787,6834,Jared Pinkney,TE,270.0,253.0,-17.0,-17.0,-17.0,2,2026-09-01
00-0035806,00-0035806,6996,JaMycal Hasty,RB,625.0,625.0,0.0,0.0,0.0,2,2026-09-01
00-0035823,00-0035823,7288,Ben Ellefson,TE,659.8,659.8,0.0,0.0,0.0,2,2026-09-01
00-0035825,00-0035825,7103,Tavien Feaster,RB,240.0,240.0,0.0,0.0,0.0,1,2026-09-01
00-0035831,00-0035831,6955,James Robinson,RB,645.0,645.0,0.0,0.0,0.0,2,2026-09-01
00-0035833,00-0035833,7296,Brandon Wright,P,495.1,438.1,-57.0,-57.0,-57.0,2,2026-09-01
00-0035844,00-0035844,7351,Kirk Merritt,WR,700.0,700.0,0.0,0.0,0.0,2,2026-09-01
00-0035849,00-0035849,7062,Rodrigo Blankenship,K,635.8,635.8,0.0,0.0,0.0,2,2026-09-01
00-0035868,00-0035868,6966,Javon Leake,RB,629.2,629.2,0.0,0.0,0.0,2,2026-09-01
00-0035876,00-0035876,7233,Andre Baccellia,WR,678.5,678.5,0.0,0.0,0.0,2,2026-09-01
00-0035883,00-0035883,7234,Maurice Ffrench,WR,673.2,673.2,0.0,0.0,0.0,2,2026-09-01
00-0035887,00-0035887,6832,Kalija Lipscomb,WR,247.0,247.0,0.0,0.0,0.0,2,2026-09-01
00-0035891,00-0035891,7039,Cody White,WR,664.0,664.0,0.0,0.0,0.0,2,2026-09-01
00-0035898,00-0035898,7316,Darius Bradwell,RB,577.0,577.0,0.0,0.0,0.0,2,2026-09-01
00-0035908,00-0035908,7318,Gabe Nabers,FB,383.0,374.9,-8.100000000000023,-8.100000000000023,-8.100000000000023,2,2026-09-01
00-0035912,00-0035912,6959,Levante Bellamy,RB,607.0,607.0,0.0,0.0,0.0,2,2026-09-01
00-0035934,00-0035934,7009,Trishton Jackson,WR,244.0,244.0,0.0,0.0,0.0,1,2026-09-01
00-0035935,00-0035935,7339,J.J. Koski,WR,696.0,606.0,-90.0,-90.0,-90.0,2,2026-09-01
00-0035939,00-0035939,7335,Bryce Perkins,QB,677.3,677.3,0.0,0.0,0.0,2,2026-09-01
00-0035956,00-0035956,7216,Giovanni Ricci,TE,571.5,571.5,0.0,0.0,0.0,2,2026-09-01
00-0035957,00-0035957,7101,Rodney Smith,RB,643.8,643.8,0.0,0.0,0.0,2,2026-09-01
00-0035973,00-0035973,6963,Patrick Taylor,RB,671.6,671.6,0.0,0.0,0.0,2,2026-09-01
00-0035976,00-0035976,7357,Dan Chisena,WR,611.5,611.5,0.0,0.0,0.0,2,2026-09-01
00-0035987,00-0035987,6967,Aaron Fuller,WR,648.0,648.0,0.0,0.0,0.0,2,2026-09-01
00-0035988,00-0035988,6898,Anthony Gordon,QB,239.0,255.0,16.0,16.0,16.0,2,2026-09-01
00-0036000,00-0036000,7093,Adrian Killins Jr.,RB,688.0,688.0,0.0,0.0,0.0,2,2026-09-01
00-0036006,00-0036006,6992,Mike Warren,RB,428.6,384.2,-44.400000000000034,-44.400000000000034,-44.400000000000034,2,2026-09-01
00-0036008,00-0036008,6846,Hunter Bryant,TE,249.0,249.0,0.0,0.0,0.0,1,2026-09-01
00-0036020,00-0036020,6918,Salvon Ahmed,RB,640.0,640.0,0.0,0.0,0.0,2,2026-09-01
00-0036022,00-0036022,7013,Steven Montez,QB,597.9,521.9,-76.0,-76.0,-76.0,2,2026-09-01
00-0036023,00-0036023,6919,Thaddeus Moss,TE,623.1,623.1,0.0,0.0,0.0,2,2026-09-01
00-0036032,00-0036032,6964,Sean McKeon,TE,284.0,284.0,0.0,0.0,0.0,1,2026-09-01
00-0036034,00-0036034,7091,Aaron Parker,WR,656.1,656.1,0.0,0.0,0.0,2,2026-09-01
00-0036040,00-0036040,7002,Juwan Johnson,TE,181.3,182.0,0.6999999999999886,0.6999999999999886,0.6999999999999886,2,2026-09-01
00-0036059,00-0036059,7427,Tyler Mabry,TE,639.5,639.5,0.0,0.0,0.0,2,2026-09-01
00-0036069,00-0036069,7005,Scottie Phillips,RB,339.0,317.0,-22.0,-22.0,-22.0,2,2026-09-01
00-0036078,00-0036078,7088,Xavier Jones,RB,451.8,451.8,0.0,0.0,0.0,2,2026-09-01
00-0036083,00-0036083,7308,Nick Bowers,TE,485.1,455.5,-29.600000000000023,-29.600000000000023,-29.600000000000023,2,2026-09-01
00-0036092,00-0036092,7008,Brian Lewerke,QB,614.9,614.9,0.0,0.0,0.0,2,2026-09-01
00-0036096,00-0036096,6973,J.J. Taylor,RB,256.0,256.0,0.0,0.0,0.0,2,2026-09-01
00-0036139,00-0036139,7021,Rico Dowdle,RB,86.1,86.5,0.4000000000000057,0.4000000000000057,0.4000000000000057,2,2026-09-01
00-0036154,00-0036154,7015,Jacob Breeland,TE,474.4,586.8,112.39999999999998,112.39999999999998,112.39999999999998,2,2026-09-01
00-0036158,00-0036158,6806,J.K. Dobbins,RB,92.8,92.0,-0.7999999999999972,-0.7999999999999972,-0.7999999999999972,2,2026-09-01
00-0036161,00-0036161,7121,Justin Rohrwasser,K,689.0,689.0,0.0,0.0,0.0,2,2026-09-01
00-0036162,00-0036162,7042,Tyler Bass,K,299.0,299.0,0.0,0.0,0.0,2,2026-09-01
00-0036168,00-0036168,7314,Dominik Eberle,K,586.8,586.8,0.0,0.0,0.0,2,2026-09-01
00-0036173,00-0036173,7439,Tommy Hudson,TE,673.8,673.8,0.0,0.0,0.0,2,2026-09-01
00-0036176,00-0036176,7436,Mason Kinsey,WR,430.0,376.0,-54.0,-54.0,-54.0,2,2026-09-01
00-0036183,00-0036183,7438,Kristian Wilkerson,WR,572.6,604.0,31.399999999999977,31.399999999999977,31.399999999999977,2,2026-09-01
00-0036194,00-0036194,6956,Devin Asiasi,TE,546.0,546.0,0.0,0.0,0.0,2,2026-09-01
00-0036196,00-0036196,6943,Gabe Davis,WR,479.8,479.8,0.0,0.0,0.0,2,2026-09-01
00-0036197,00-0036197,6822,Jake Fromm,QB,664.4,664.4,0.0,0.0,0.0,2,2026-09-01
00-0036208,00-0036208,7227,Artavis Pierce,RB,586.0,586.0,0.0,0.0,0.0,2,2026-09-01
00-0036212,00-0036212,6768,Tua Tagovailoa,QB,236.5,236.5,0.0,0.0,0.0,2,2026-09-01
00-0036219,00-0036219,6989,Marquez Callaway,WR,468.7,468.7,0.0,0.0,0.0,1,2026-09-01
00-0036223,00-0036223,6813,Jonathan Taylor,RB,7.0,7.2,0.20000000000000018,0.20000000000000018,0.20000000000000018,2,2026-09-01
00-0036225,00-0036225,7082,Dalton Keene,TE,687.2,687.2,0.0,0.0,0.0,2,2026-09-01
00-0036226,00-0036226,6823,Jacob Eason,QB,678.5,678.5,0.0,0.0,0.0,2,2026-09-01
00-0036228,00-0036228,6985,Dezmon Patmon,WR,277.0,277.0,0.0,0.0,0.0,1,2026-09-01
00-0036232,00-0036232,6850,Harrison Bryant,TE,631.5,631.5,0.0,0.0,0.0,2,2026-09-01
00-0036233,00-0036233,6824,Donovan Peoples-Jones,WR,582.6,582.6,0.0,0.0,0.0,1,2026-09-01
00-0036244,00-0036244,6865,Colby Parkinson,TE,251.4,251.4,0.0,0.0,0.0,2,2026-09-01
00-0036245,00-0036245,7109,Malcolm Perry,RB,377.0,344.0,-33.0,-33.0,-33.0,2,2026-09-01
00-0036252,00-0036252,6819,Michael Pittman,WR,104.5,105.9,1.4000000000000057,1.4000000000000057,1.4000000000000057,2,2026-09-01
00-0036255,00-0036255,6849,Denzel Mims,WR,633.5,633.5,0.0,0.0,0.0,2,2026-09-01
00-0036259,00-0036259,7049,Jauan Jennings,WR,213.3,213.8,0.5,0.5,0.5,2,2026-09-01
00-0036261,00-0036261,6803,Brandon Aiyuk,WR,251.4,251.4,0.0,0.0,0.0,2,2026-09-01
00-0036264,00-0036264,6804,Jordan Love,QB,151.6,150.7,-0.9000000000000057,-0.9000000000000057,-0.9000000000000057,2,2026-09-01
00-0036269,00-0036269,6908,La'Mical Perine,RB,630.0,630.0,0.0,0.0,0.0,2,2026-09-01
00-0036275,00-0036275,6790,D'Andre Swift,RB,51.2,52.6,1.3999999999999986,1.3999999999999986,1.3999999999999986,2,2026-09-01
00-0036277,00-0036277,6895,Quintez Cephus,WR,581.0,581.0,0.0,0.0,0.0,2,2026-09-01
00-0036297,00-0036297,7064,Darrynton Evans,RB,683.0,591.0,-92.0,-92.0,-92.0,2,2026-09-01
00-0036308,00-0036308,7085,Isaiah Coulter,WR,631.0,631.0,0.0,0.0,0.0,2,2026-09-01
00-0036309,00-0036309,7090,Darnell Mooney,WR,249.2,249.2,0.0,0.0,0.0,2,2026-09-01
00-0036322,00-0036322,6794,Justin Jefferson,WR,11.4,11.3,-0.09999999999999964,-0.09999999999999964,-0.09999999999999964,2,2026-09-01
00-0036326,00-0036326,6886,Chase Claypool,WR,672.9,672.9,0.0,0.0,0.0,2,2026-09-01
00-0036355,00-0036355,6797,Justin Herbert,QB,82.3,82.1,-0.20000000000000284,-0.20000000000000284,-0.20000000000000284,2,2026-09-01
00-0036358,00-0036358,6786,CeeDee Lamb,WR,10.9,10.4,-0.5,-0.5,-0.5,2,2026-09-01
00-0036364,00-0036364,6909,Lynn Bowden,WR,653.5,653.5,0.0,0.0,0.0,2,2026-09-01
00-0036365,00-0036365,6870,Bryan Edwards,WR,623.0,623.0,0.0,0.0,0.0,2,2026-09-01
00-0036370,00-0036370,7045,Joshua Kelley,RB,698.0,698.0,0.0,0.0,0.0,2,2026-09-01
00-0036382,00-0036382,6866,K.J. Hill,WR,663.3,579.3,-84.0,-84.0,-84.0,2,2026-09-01
00-0036383,00-0036383,6951,Eno Benjamin,RB,299.3,296.9,-2.400000000000034,-2.400000000000034,-2.400000000000034,2,2026-09-01
00-0036387,00-0036387,6798,Jalen Reagor,WR,442.0,442.0,0.0,0.0,0.0,2,2026-09-01
00-0036389,00-0036389,6904,Jalen Hurts,QB,59.9,60.0,0.10000000000000142,0.10000000000000142,0.10000000000000142,2,2026-09-01
00-0036407,00-0036407,6783,Jerry Jeudy,WR,188.3,190.1,1.799999999999983,1.799999999999983,1.799999999999983,2,2026-09-01
00-0036410,00-0036410,6801,Tee Higgins,WR,34.2,35.2,1.0,1.0,1.0,2,2026-09-01
00-0036414,00-0036414,6938,Cam Akers,RB,652.9,652.9,0.0,0.0,0.0,2,2026-09-01
00-0036415,00-0036415,6853,Van Jefferson,WR,550.3,484.3,-65.99999999999994,-65.99999999999994,-65.99999999999994,2,2026-09-01
00-0036422,00-0036422,6869,Adam Trautman,TE,682.8,682.8,0.0,0.0,0.0,2,2026-09-01
00-0036424,00-0036424,6926,Brycen Hopkins,TE,657.8,657.8,0.0,0.0,0.0,2,2026-09-01
00-0036425,00-0036425,6931,DeeJay Dallas,RB,677.3,677.3,0.0,0.0,0.0,2,2026-09-01
00-0036427,00-0036427,6960,Tyler Johnson,WR,537.5,537.5,0.0,0.0,0.0,2,2026-09-01
00-0036429,00-0036429,7075,Charlie Woerner,TE,641.5,641.5,0.0,0.0,0.0,2,2026-09-01
00-0036433,00-0036433,7149,Tommy Stevens,QB,679.5,679.5,0.0,0.0,0.0,2,2026-09-01
00-0036436,00-0036436,7152,Sam Sloman,K,641.3,641.3,0.0,0.0,0.0,2,2026-09-01
00-0036438,00-0036438,6970,Stephen Sullivan,TE,637.0,558.0,-79.0,-79.0,-79.0,2,2026-09-01
00-0036442,00-0036442,6770,Joe Burrow,QB,52.5,51.4,-1.1000000000000014,-1.1000000000000014,-1.1000000000000014,2,2026-09-01
00-0036449,00-0036449,7412,Sandro Platzgummer,RB,681.9,681.9,0.0,0.0,0.0,2,2026-09-01
00-0036450,00-0036450,6885,Ke'Shawn Vaughn,RB,600.0,600.0,0.0,0.0,0.0,2,2026-09-01
00-0036456,00-0036456,7502,Dominique Dafney,TE,442.3,238.5,-203.8,-203.8,-203.8,2,2026-09-01
00-0036459,00-0036459,7518,Taylor Russolino,K,674.6,674.6,0.0,0.0,0.0,2,2026-09-01
00-0036463,00-0036463,7521,Chris Blair,WR,634.5,634.5,0.0,0.0,0.0,2,2026-09-01
00-0036469,00-0036469,7617,Matt Ammendola,K,625.1,625.1,0.0,0.0,0.0,2,2026-09-01
00-0036471,00-0036471,7619,Mathew Sexton,WR,662.9,662.9,0.0,0.0,0.0,2,2026-09-01
00-0036474,00-0036474,7622,Sammis Reyes,TE,637.0,637.0,0.0,0.0,0.0,2,2026-09-01
00-0036482,00-0036482,7944,Mike Strachan,WR,677.8,677.8,0.0,0.0,0.0,2,2026-09-01
00-0036488,00-0036488,8040,Quinn Nordin,K,676.0,676.0,0.0,0.0,0.0,2,2026-09-01
00-0036497,00-0036497,8013,Tim Jones,WR,642.0,642.0,0.0,0.0,0.0,2,2026-09-01
00-0036510,00-0036510,7597,Kenny Yeboah,TE,645.0,645.0,0.0,0.0,0.0,2,2026-09-01
00-0036519,00-0036519,7992,Matt Bushman,TE,653.7,653.7,0.0,0.0,0.0,2,2026-09-01
00-0036526,00-0036526,7996,Dillon Stoner,WR,664.5,664.5,0.0,0.0,0.0,2,2026-09-01
00-0036536,00-0036536,7546,Tre Nixon,WR,294.0,248.0,-46.0,-46.0,-46.0,2,2026-09-01
00-0036543,00-0036543,7867,Spencer Brown,RB,604.9,604.9,0.0,0.0,0.0,2,2026-09-01
00-0036550,00-0036550,7571,Rashod Bateman,WR,232.7,232.7,0.0,0.0,0.0,2,2026-09-01
00-0036554,00-0036554,7569,Nico Collins,WR,25.4,25.1,-0.29999999999999716,-0.29999999999999716,-0.29999999999999716,2,2026-09-01
00-0036555,00-0036555,7594,Chuba Hubbard,RB,78.9,78.1,-0.8000000000000114,-0.8000000000000114,-0.8000000000000114,2,2026-09-01
00-0036556,00-0036556,7568,Brevin Jordan,TE,651.3,651.3,0.0,0.0,0.0,2,2026-09-01
00-0036565,00-0036565,7808,Ben Mason,TE,321.0,321.0,0.0,0.0,0.0,1,2026-09-01
00-0036567,00-0036567,7561,Elijah Mitchell,RB,692.5,692.5,0.0,0.0,0.0,2,2026-09-01
00-0036569,00-0036569,7529,Gary Brightwell,RB,558.5,558.5,0.0,0.0,0.0,2,2026-09-01
00-0036571,00-0036571,7556,Marquez Stevenson,WR,253.0,253.0,0.0,0.0,0.0,2,2026-09-01
00-0036578,00-0036578,7539,Gerrid Doaks,RB,640.5,640.5,0.0,0.0,0.0,2,2026-09-01
00-0036582,00-0036582,8058,Nate McCrary,RB,699.9,699.9,0.0,0.0,0.0,2,2026-09-01
00-0036590,00-0036590,7536,Quintin Morris,TE,251.0,251.0,0.0,0.0,0.0,1,2026-09-01
00-0036598,00-0036598,7915,Landen Akers,WR,683.0,683.0,0.0,0.0,0.0,2,2026-09-01
00-0036613,00-0036613,7526,Jaylen Waddle,WR,45.2,44.7,-0.5,-0.5,-0.5,2,2026-09-01
00-0036627,00-0036627,7729,Dez Fitzpatrick,WR,685.8,685.8,0.0,0.0,0.0,2,2026-09-01
00-0036630,00-0036630,7595,Tylan Wallace,WR,669.8,669.8,0.0,0.0,0.0,2,2026-09-01
00-0036635,00-0036635,7559,Ihmir Smith-Marsette,WR,484.7,428.7,-56.0,-56.0,-56.0,2,2026-09-01
00-0036640,00-0036640,7943,Zach Davidson,TE,635.3,635.3,0.0,0.0,0.0,2,2026-09-01
00-0036647,00-0036647,7541,Cornell Powell,WR,573.2,498.8,-74.40000000000003,-74.40000000000003,-74.40000000000003,2,2026-09-01
00-0036650,00-0036650,7574,Larry Rountree III,RB,640.0,640.0,0.0,0.0,0.0,2,2026-09-01
00-0036652,00-0036652,7793,Racey McMath,WR,497.0,497.0,0.0,0.0,0.0,2,2026-09-01
00-0036657,00-0036657,7534,Seth Williams,WR,654.5,654.5,0.0,0.0,0.0,2,2026-09-01
00-0036670,00-0036670,7599,Jermar Jefferson,RB,653.9,653.9,0.0,0.0,0.0,2,2026-09-01
00-0036676,00-0036676,7579,Austin Watkins Jr.,WR,590.5,512.5,-78.0,-78.0,-78.0,2,2026-09-01
00-0036679,00-0036679,8002,Shane Buechele,QB,635.8,556.8,-79.0,-79.0,-79.0,2,2026-09-01
00-0036691,00-0036691,7852,Tory Carter,FB,659.0,659.0,0.0,0.0,0.0,2,2026-09-01
00-0036692,00-0036692,7854,Miller Forristall,TE,551.3,485.3,-65.99999999999994,-65.99999999999994,-65.99999999999994,2,2026-09-01
00-0036696,00-0036696,7903,Briley Moore,TE,583.2,506.2,-77.00000000000006,-77.00000000000006,-77.00000000000006,2,2026-09-01
00-0036714,00-0036714,7933,Alex Kessman,K,696.0,696.0,0.0,0.0,0.0,2,2026-09-01
00-0036721,00-0036721,7550,Warren Jackson,WR,640.7,640.7,0.0,0.0,0.0,2,2026-09-01
00-0036734,00-0036734,7560,Pooka Williams Jr.,RB,656.0,656.0,0.0,0.0,0.0,2,2026-09-01
00-0036741,00-0036741,7946,Jack Stoll,TE,621.3,621.3,0.0,0.0,0.0,2,2026-09-01
00-0036750,00-0036750,7890,Javon McKinley,WR,626.3,626.3,0.0,0.0,0.0,2,2026-09-01
00-0036753,00-0036753,7576,Sage Surratt,WR,256.0,256.0,0.0,0.0,0.0,2,2026-09-01
00-0036754,00-0036754,7891,Brock Wright,TE,690.8,690.8,0.0,0.0,0.0,2,2026-09-01
00-0036755,00-0036755,7537,Jaret Patterson,RB,677.0,677.0,0.0,0.0,0.0,2,2026-09-01
00-0036766,00-0036766,7859,Nick Eubanks,TE,676.5,676.5,0.0,0.0,0.0,2,2026-09-01
00-0036768,00-0036768,7863,JaQuan Hardy,RB,650.8,568.2,-82.59999999999991,-82.59999999999991,-82.59999999999991,2,2026-09-01
00-0036773,00-0036773,7860,Osirus Mitchell,WR,419.1,395.8,-23.30000000000001,-23.30000000000001,-23.30000000000001,2,2026-09-01
00-0036774,00-0036774,7941,Nick Ralston,FB,646.5,646.5,0.0,0.0,0.0,2,2026-09-01
00-0036775,00-0036775,7865,Brandon Smith,WR,645.0,645.0,0.0,0.0,0.0,2,2026-09-01
00-0036776,00-0036776,7862,T.J. Vasher,WR,587.5,510.5,-77.0,-77.0,-77.0,2,2026-09-01
00-0036782,00-0036782,7573,Damon Hazelton,WR,605.8,605.8,0.0,0.0,0.0,2,2026-09-01
00-0036810,00-0036810,7956,Cade Johnson,WR,656.5,656.5,0.0,0.0,0.0,2,2026-09-01
00-0036816,00-0036816,7922,Riley Patterson,K,267.0,267.0,0.0,0.0,0.0,2,2026-09-01
00-0036818,00-0036818,7552,Blake Proehl,WR,639.0,639.0,0.0,0.0,0.0,2,2026-09-01
00-0036841,00-0036841,7746,Austin Trammell,WR,658.0,658.0,0.0,0.0,0.0,2,2026-09-01
00-0036854,00-0036854,7839,Evan McPherson,K,180.5,179.2,-1.3000000000000114,-1.3000000000000114,-1.3000000000000114,2,2026-09-01
00-0036857,00-0036857,7794,Chris Evans,RB,449.8,241.0,-208.8,-208.8,-208.8,2,2026-09-01
00-0036858,00-0036858,7789,Jalen Camp,WR,654.0,654.0,0.0,0.0,0.0,2,2026-09-01
00-0036860,00-0036860,7771,Jake Funk,RB,459.0,459.0,0.0,0.0,0.0,2,2026-09-01
00-0036862,00-0036862,7757,Ben Skowronek,WR,667.7,667.7,0.0,0.0,0.0,2,2026-09-01
00-0036873,00-0036873,8056,Jake Verity,K,568.3,568.3,0.0,0.0,0.0,2,2026-09-01
00-0036875,00-0036875,7611,Rhamondre Stevenson,RB,81.4,80.7,-0.7000000000000028,-0.7000000000000028,-0.7000000000000028,2,2026-09-01
00-0036876,00-0036876,7602,Kylen Granson,TE,505.0,505.0,0.0,0.0,0.0,2,2026-09-01
00-0036877,00-0036877,7713,Jaelon Darden,WR,577.0,577.0,0.0,0.0,0.0,2,2026-09-01
00-0036879,00-0036879,7583,Sam Ehlinger,QB,666.3,666.3,0.0,0.0,0.0,2,2026-09-01
00-0036887,00-0036887,7842,Luke Farrell,TE,491.0,491.0,0.0,0.0,0.0,2,2026-09-01
00-0036893,00-0036893,7528,Najee Harris,RB,220.5,220.1,-0.4000000000000057,-0.4000000000000057,-0.4000000000000057,2,2026-09-01
00-0036894,00-0036894,7600,Pat Freiermuth,TE,239.9,239.9,0.0,0.0,0.0,2,2026-09-01
00-0036900,00-0036900,7564,Ja'Marr Chase,WR,3.6,3.2,-0.3999999999999999,-0.3999999999999999,-0.3999999999999999,2,2026-09-01
00-0036912,00-0036912,7525,DeVonta Smith,WR,32.4,32.1,-0.29999999999999716,-0.29999999999999716,-0.29999999999999716,2,2026-09-01
00-0036913,00-0036913,7606,Kadarius Toney,WR,685.1,685.1,0.0,0.0,0.0,2,2026-09-01
00-0036919,00-0036919,7567,Kenny Gainwell,RB,113.8,113.4,-0.3999999999999915,-0.3999999999999915,-0.3999999999999915,2,2026-09-01
00-0036924,00-0036924,7607,Michael Carter,RB,686.5,686.5,0.0,0.0,0.0,2,2026-09-01
00-0036928,00-0036928,7605,Kyle Trask,QB,673.2,673.2,0.0,0.0,0.0,2,2026-09-01
00-0036929,00-0036929,7589,Ian Book,QB,676.9,676.9,0.0,0.0,0.0,2,2026-09-01
00-0036932,00-0036932,7640,Micah Parsons,LB,415.0,415.0,0.0,0.0,0.0,2,2026-09-01
00-0036939,00-0036939,7752,Kawaan Baker,WR,696.0,696.0,0.0,0.0,0.0,2,2026-09-01
00-0036946,00-0036946,7581,Kellen Mond,QB,692.0,692.0,0.0,0.0,0.0,2,2026-09-01
00-0036950,00-0036950,7809,Avery Williams,RB,234.0,234.0,0.0,0.0,0.0,1,2026-09-01
00-0036955,00-0036955,7565,Terrace Marshall Jr.,WR,653.8,653.8,0.0,0.0,0.0,2,2026-09-01
00-0036963,00-0036963,7547,Amon-Ra St. Brown,WR,8.6,8.8,0.20000000000000107,0.20000000000000107,0.20000000000000107,2,2026-09-01
00-0036970,00-0036970,7553,Kyle Pitts,TE,68.1,68.6,0.5,0.5,0.5,2,2026-09-01
00-0036971,00-0036971,7523,Trevor Lawrence,QB,100.4,100.7,0.29999999999999716,0.29999999999999716,0.29999999999999716,2,2026-09-01
00-0036973,00-0036973,7543,Travis Etienne,RB,44.5,44.3,-0.20000000000000284,-0.20000000000000284,-0.20000000000000284,2,2026-09-01
00-0036980,00-0036980,7596,Elijah Moore,WR,700.0,700.0,0.0,0.0,0.0,2,2026-09-01
00-0036984,00-0036984,7593,Trey Sermon,RB,649.0,649.0,0.0,0.0,0.0,2,2026-09-01
00-0036991,00-0036991,7540,Amari Rodgers,WR,631.5,631.5,0.0,0.0,0.0,2,2026-09-01
00-0036997,00-0036997,7588,Javonte Williams,RB,33.7,33.5,-0.20000000000000284,-0.20000000000000284,-0.20000000000000284,2,2026-09-01
00-0037011,00-0037011,7554,Tre' McKitty,TE,695.2,695.2,0.0,0.0,0.0,2,2026-09-01
00-0037015,00-0037015,8089,Sal Cannella,TE,667.9,667.9,0.0,0.0,0.0,2,2026-09-01
00-0037031,00-0037031,8107,Nikola Kalinic,TE,447.3,436.8,-10.5,-10.5,-10.5,2,2026-09-01
00-0037039,00-0037039,8411,Devon Allen,WR,622.1,543.9,-78.20000000000005,-78.20000000000005,-78.20000000000005,2,2026-09-01
00-0037042,00-0037042,8213,Dai'Jean Dixon,WR,638.6,638.6,0.0,0.0,0.0,2,2026-09-01
00-0037078,00-0037078,8214,Cole Turner,TE,444.0,444.0,0.0,0.0,0.0,2,2026-09-01
00-0037086,00-0037086,8177,Grant Calcaterra,TE,685.8,685.8,0.0,0.0,0.0,2,2026-09-01
00-0037087,00-0037087,8189,Trestan Ebner,RB,368.0,340.0,-28.0,-28.0,-28.0,2,2026-09-01
00-0037091,00-0037091,8204,Bo Melton,WR,695.0,695.0,0.0,0.0,0.0,2,2026-09-01
00-0037093,00-0037093,8527,Dareke Young,WR,676.0,676.0,0.0,0.0,0.0,2,2026-09-01
00-0037098,00-0037098,8235,Samori Toure,WR,311.2,301.2,-10.0,-10.0,-10.0,2,2026-09-01
00-0037112,00-0037112,8698,Jake Tonges,TE,241.4,241.4,0.0,0.0,0.0,2,2026-09-01
00-0037115,00-0037115,8240,B.J. Baylor,RB,629.0,629.0,0.0,0.0,0.0,2,2026-09-01
00-0037120,00-0037120,8207,Tyler Goodson,RB,683.8,683.8,0.0,0.0,0.0,2,2026-09-01
00-0037131,00-0037131,8152,Kennedy Brooks,RB,689.8,689.8,0.0,0.0,0.0,2,2026-09-01
00-0037164,00-0037164,8192,Curtis Hodges,TE,292.8,271.5,-21.30000000000001,-21.30000000000001,-21.30000000000001,2,2026-09-01
00-0037173,00-0037173,8191,Slade Bolden,WR,340.0,340.0,0.0,0.0,0.0,1,2026-09-01
00-0037183,00-0037183,8209,Makai Polk,WR,423.1,392.6,-30.5,-30.5,-30.5,2,2026-09-01
00-0037197,00-0037197,8205,Isiah Pacheco,RB,190.9,188.8,-2.0999999999999943,-2.0999999999999943,-2.0999999999999943,2,2026-09-01
00-0037201,00-0037201,8199,D'Eriq King,QB,655.9,655.9,0.0,0.0,0.0,2,2026-09-01
00-0037216,00-0037216,8140,Justyn Ross,WR,477.3,422.7,-54.60000000000002,-54.60000000000002,-54.60000000000002,2,2026-09-01
00-0037224,00-0037224,8259,Cameron Dicker,K,118.1,118.9,0.8000000000000114,0.8000000000000114,0.8000000000000114,2,2026-09-01
00-0037228,00-0037228,8228,Jaylen Warren,RB,72.1,71.8,-0.29999999999999716,-0.29999999999999716,-0.29999999999999716,2,2026-09-01
00-0037238,00-0037238,8112,Drake London,WR,18.5,17.7,-0.8000000000000007,-0.8000000000000007,-0.8000000000000007,2,2026-09-01
00-0037239,00-0037239,8144,Chris Olave,WR,30.4,30.1,-0.29999999999999716,-0.29999999999999716,-0.29999999999999716,2,2026-09-01
00-0037240,00-0037240,8148,Jameson Williams,WR,60.1,59.0,-1.1000000000000014,-1.1000000000000014,-1.1000000000000014,2,2026-09-01
00-0037247,00-0037247,8137,George Pickens,WR,22.5,22.1,-0.3999999999999986,-0.3999999999999986,-0.3999999999999986,2,2026-09-01
00-0037248,00-0037248,8138,James Cook,RB,9.7,8.6,-1.0999999999999996,-1.0999999999999996,-1.0999999999999996,2,2026-09-01
00-0037252,00-0037252,8172,Greg Dulcich,TE,229.7,229.7,0.0,0.0,0.0,2,2026-09-01
00-0037256,00-0037256,8136,Rachaad White,RB,132.9,133.0,0.09999999999999432,0.09999999999999432,0.09999999999999432,2,2026-09-01
00-0037257,00-0037257,8118,David Bell,WR,632.0,632.0,0.0,0.0,0.0,2,2026-09-01
00-0037261,00-0037261,8134,Khalil Shakir,WR,144.9,143.4,-1.5,-1.5,-1.5,2,2026-09-01
00-0037263,00-0037263,8132,Tyler Allgeier,RB,145.0,145.3,0.30000000000001137,0.30000000000001137,0.30000000000001137,2,2026-09-01
00-0037265,00-0037265,8179,Snoop Conner,RB,379.5,379.5,0.0,0.0,0.0,1,2026-09-01
00-0037272,00-0037272,8475,Montrell Washington,WR,678.8,678.8,0.0,0.0,0.0,2,2026-09-01
00-0037273,00-0037273,8171,Kyle Philips,WR,673.5,673.5,0.0,0.0,0.0,2,2026-09-01
00-0037286,00-0037286,8174,Kevin Harris,RB,464.1,236.0,-228.10000000000002,-228.10000000000002,-228.10000000000002,2,2026-09-01
00-0037291,00-0037291,8180,Jalen Nailor,WR,184.1,184.7,0.5999999999999943,0.5999999999999943,0.5999999999999943,2,2026-09-01
00-0037300,00-0037300,8202,Mike Woods,WR,524.3,524.3,0.0,0.0,0.0,2,2026-09-01
00-0037304,00-0037304,8181,Connor Heyward,FB,682.0,682.0,0.0,0.0,0.0,2,2026-09-01
00-0037306,00-0037306,8500,John FitzPatrick,TE,531.5,467.5,-64.0,-64.0,-64.0,2,2026-09-01
00-0037366,00-0037366,8198,Charleston Rambo,WR,523.5,613.0,89.5,89.5,89.5,2,2026-09-01
00-0037369,00-0037369,8215,Austin Allen,TE,599.0,599.0,0.0,0.0,0.0,2,2026-09-01
00-0037382,00-0037382,8756,Brandon Johnson,WR,632.8,632.8,0.0,0.0,0.0,2,2026-09-01
00-0037387,00-0037387,8416,Jalen Virgil,WR,476.0,422.0,-54.0,-54.0,-54.0,2,2026-09-01
00-0037400,00-0037400,8184,D'vonte Price,RB,529.5,529.5,0.0,0.0,0.0,2,2026-09-01
00-0037436,00-0037436,8115,Jalen Wydermyer,TE,316.8,247.0,-69.80000000000001,-69.80000000000001,-69.80000000000001,2,2026-09-01
00-0037471,00-0037471,8577,James McCourt,K,650.1,650.1,0.0,0.0,0.0,2,2026-09-01
00-0037486,00-0037486,8236,Jerreth Sterns,WR,691.0,691.0,0.0,0.0,0.0,2,2026-09-01
00-0037487,00-0037487,8253,Deven Thompkins,WR,698.8,698.8,0.0,0.0,0.0,2,2026-09-01
00-0037495,00-0037495,8246,Bryant Koback,RB,667.0,667.0,0.0,0.0,0.0,2,2026-09-01
00-0037524,00-0037524,8250,Tay Martin,WR,534.0,534.0,0.0,0.0,0.0,2,2026-09-01
00-0037525,00-0037525,8408,Jordan Mason,RB,111.0,111.4,0.4000000000000057,0.4000000000000057,0.4000000000000057,2,2026-09-01
00-0037545,00-0037545,8676,Rashid Shaheed,WR,148.0,147.2,-0.8000000000000114,-0.8000000000000114,-0.8000000000000114,2,2026-09-01
00-0037581,00-0037581,8419,Stanley Berryhill,WR,313.0,313.0,0.0,0.0,0.0,1,2026-09-01
00-0037606,00-0037606,8536,Caleb Shudak,K,390.8,390.8,0.0,0.0,0.0,2,2026-09-01
00-0037664,00-0037664,8142,Alec Pierce,WR,97.6,98.7,1.1000000000000085,1.1000000000000085,1.1000000000000085,2,2026-09-01
00-0037692,00-0037692,11533,Brandon Aubrey,K,90.3,91.6,1.2999999999999972,1.2999999999999972,1.2999999999999972,2,2026-09-01
00-0037740,00-0037740,8146,Garrett Wilson,WR,46.5,46.4,-0.10000000000000142,-0.10000000000000142,-0.10000000000000142,2,2026-09-01
00-0037744,00-0037744,8130,Trey McBride,TE,24.0,24.3,0.3000000000000007,0.3000000000000007,0.3000000000000007,2,2026-09-01
00-0037745,00-0037745,8223,Velus Jones Jr.,WR,693.3,693.3,0.0,0.0,0.0,2,2026-09-01
00-0037746,00-0037746,8154,Brian Robinson,RB,171.4,169.1,-2.3000000000000114,-2.3000000000000114,-2.3000000000000114,2,2026-09-01
00-0037755,00-0037755,8219,Jelani Woods,TE,243.0,243.0,0.0,0.0,0.0,2,2026-09-01
00-0037809,00-0037809,8210,Chig Okonkwo,TE,192.6,192.2,-0.4000000000000057,-0.4000000000000057,-0.4000000000000057,2,2026-09-01
00-0037816,00-0037816,8121,Romeo Doubs,WR,131.8,132.9,1.0999999999999943,1.0999999999999943,1.0999999999999943,2,2026-09-01
00-0037827,00-0037827,8211,Tyrion Davis-Price,RB,695.8,695.8,0.0,0.0,0.0,2,2026-09-01
00-0037828,00-0037828,8176,Danny Gray,WR,621.7,621.7,0.0,0.0,0.0,2,2026-09-01
00-0037834,00-0037834,8183,Brock Purdy,QB,122.0,123.3,1.2999999999999972,1.2999999999999972,1.2999999999999972,2,2026-09-01
00-0037838,00-0037838,8131,Isaiah Likely,TE,107.4,107.6,0.19999999999998863,0.19999999999998863,0.19999999999998863,2,2026-09-01
00-0037840,00-0037840,8150,Kyren Williams,RB,27.9,28.5,0.6000000000000014,0.6000000000000014,0.6000000000000014,2,2026-09-01
00-0038040,00-0038040,8139,Zamir White,RB,631.7,631.7,0.0,0.0,0.0,2,2026-09-01
00-0038041,00-0038041,8110,Jake Ferguson,TE,98.0,97.9,-0.09999999999999432,-0.09999999999999432,-0.09999999999999432,2,2026-09-01
00-0038090,00-0038090,8168,Skyy Moore,WR,685.4,685.4,0.0,0.0,0.0,2,2026-09-01
00-0038092,00-0038092,8114,Erik Ezukanma,WR,394.8,377.4,-17.400000000000034,-17.400000000000034,-17.400000000000034,2,2026-09-01
00-0038097,00-0038097,8258,Cade York,K,350.0,350.0,0.0,0.0,0.0,2,2026-09-01
00-0038098,00-0038098,8116,Pierre Strong,RB,682.0,682.0,0.0,0.0,0.0,2,2026-09-01
00-0038117,00-0038117,8126,Wan'Dale Robinson,WR,118.7,119.0,0.29999999999999716,0.29999999999999716,0.29999999999999716,2,2026-09-01
00-0038120,00-0038120,8155,Breece Hall,RB,34.7,34.1,-0.6000000000000014,-0.6000000000000014,-0.6000000000000014,2,2026-09-01
00-0038124,00-0038124,8167,Christian Watson,WR,69.0,69.6,0.5999999999999943,0.5999999999999943,0.5999999999999943,2,2026-09-01
00-0038128,00-0038128,8161,Malik Willis,QB,208.4,208.4,0.0,0.0,0.0,2,2026-09-01
00-0038129,00-0038129,8111,Cade Otton,TE,233.1,233.1,0.0,0.0,0.0,2,2026-09-01
00-0038134,00-0038134,8151,Kenneth Walker III,RB,19.8,19.9,0.09999999999999787,0.09999999999999787,0.09999999999999787,2,2026-09-01
00-0038181,00-0038181,11520,Lucky Jackson,WR,666.6,666.6,0.0,0.0,0.0,2,2026-09-01
00-0038359,00-0038359,11168,Xavier Smith,WR,551.0,551.0,0.0,0.0,0.0,2,2026-09-01
00-0038385,00-0038385,11169,Dresser Winn,QB,655.8,655.8,0.0,0.0,0.0,2,2026-09-01
00-0038394,00-0038394,10220,Will Mallory,TE,698.5,698.5,0.0,0.0,0.0,2,2026-09-01
00-0038402,00-0038402,11008,Anders Carlson,K,674.7,674.7,0.0,0.0,0.0,2,2026-09-01
00-0038428,00-0038428,11261,Andre Szmyt,K,342.0,342.0,0.0,0.0,0.0,2,2026-09-01
00-0038440,00-0038440,11299,Zavier Scott,RB,693.0,693.0,0.0,0.0,0.0,2,2026-09-01
00-0038447,00-0038447,11382,Dontay Demus Jr.,WR,628.0,628.0,0.0,0.0,0.0,2,2026-09-01
00-0038454,00-0038454,9511,Keaton Mitchell,RB,185.5,186.9,1.4000000000000057,1.4000000000000057,1.4000000000000057,2,2026-09-01
00-0038458,00-0038458,11384,Owen Wright,RB,700.4,700.4,0.0,0.0,0.0,2,2026-09-01
00-0038465,00-0038465,11210,Malik Heath,WR,637.0,637.0,0.0,0.0,0.0,2,2026-09-01
00-0038468,00-0038468,11209,Henry Pearson,TE,635.7,635.7,0.0,0.0,0.0,2,2026-09-01
00-0038484,00-0038484,11276,Joseph Ngata,WR,421.0,421.0,0.0,0.0,0.0,2,2026-09-01
00-0038488,00-0038488,11280,Brady Russell,RB,636.0,636.0,0.0,0.0,0.0,2,2026-09-01
00-0038496,00-0038496,11306,Xavier Gipson,WR,531.0,531.0,0.0,0.0,0.0,2,2026-09-01
00-0038498,00-0038498,11304,E.J. Jenkins,TE,296.3,362.0,65.69999999999999,65.69999999999999,65.69999999999999,2,2026-09-01
00-0038518,00-0038518,10870,Deneric Prince,RB,692.4,692.4,0.0,0.0,0.0,2,2026-09-01
00-0038542,00-0038542,9509,Bijan Robinson,RB,2.8,2.2,-0.5999999999999996,-0.5999999999999996,-0.5999999999999996,2,2026-09-01
00-0038543,00-0038543,9488,Jaxon Smith-Njigba,WR,6.1,6.2,0.10000000000000053,0.10000000000000053,0.10000000000000053,2,2026-09-01
00-0038544,00-0038544,9754,Quentin Johnston,WR,114.9,114.8,-0.10000000000000853,-0.10000000000000853,-0.10000000000000853,2,2026-09-01
00-0038551,00-0038551,9757,Kendre Miller,RB,224.8,224.8,0.0,0.0,0.0,2,2026-09-01
00-0038555,00-0038555,9225,Tank Bigsby,RB,179.5,178.1,-1.4000000000000057,-1.4000000000000057,-1.4000000000000057,2,2026-09-01
00-0038559,00-0038559,10232,Michael Wilson,WR,85.8,85.9,0.10000000000000853,0.10000000000000853,0.10000000000000853,2,2026-09-01
00-0038562,00-0038562,10937,Jake Moody,K,333.0,333.0,0.0,0.0,0.0,2,2026-09-01
00-0038563,00-0038563,10213,Tre Tucker,WR,202.3,202.8,0.5,0.5,0.5,2,2026-09-01
00-0038564,00-0038564,10210,Cameron Latu,TE,673.1,673.1,0.0,0.0,0.0,2,2026-09-01
00-0038567,00-0038567,10955,Chad Ryland,K,350.0,350.0,0.0,0.0,0.0,2,2026-09-01
00-0038579,00-0038579,10866,Aidan O'Connell,QB,662.3,662.3,0.0,0.0,0.0,2,2026-09-01
00-0038583,00-0038583,10862,Dorian Thompson-Robinson,QB,664.4,664.4,0.0,0.0,0.0,2,2026-09-01
00-0038589,00-0038589,10212,Josh Whyle,TE,695.5,695.5,0.0,0.0,0.0,2,2026-09-01
00-0038590,00-0038590,9489,Justin Shorter,TE,698.5,698.5,0.0,0.0,0.0,2,2026-09-01
00-0038597,00-0038597,9224,Chase Brown,RB,16.0,16.7,0.6999999999999993,0.6999999999999993,0.6999999999999993,2,2026-09-01
00-0038606,00-0038606,9487,Parker Washington,WR,73.9,73.8,-0.10000000000000853,-0.10000000000000853,-0.10000000000000853,2,2026-09-01
00-0038608,00-0038608,9504,Kayshon Boutte,WR,201.2,201.7,0.5,0.5,0.5,2,2026-09-01
00-0038611,00-0038611,10219,Chris Rodriguez Jr.,RB,139.1,140.4,1.3000000000000114,1.3000000000000114,1.3000000000000114,2,2026-09-01
00-0038612,00-0038612,10863,A.T. Perry,WR,647.9,651.5,3.6000000000000227,3.6000000000000227,3.6000000000000227,2,2026-09-01
00-0038627,00-0038627,11053,Antoine Green,WR,671.8,671.8,0.0,0.0,0.0,2,2026-09-01
00-0038632,00-0038632,11046,Colton Dowell,WR,274.0,274.0,0.0,0.0,0.0,2,2026-09-01
00-0038636,00-0038636,10216,Kenny McIntosh,RB,684.4,684.4,0.0,0.0,0.0,2,2026-09-01
00-0038640,00-0038640,11034,Jalen Brooks,WR,691.3,691.3,0.0,0.0,0.0,2,2026-09-01
00-0038643,00-0038643,10224,Brayden Willis,TE,682.8,682.8,0.0,0.0,0.0,2,2026-09-01
00-0038647,00-0038647,10221,Ronnie Bell,WR,686.6,686.6,0.0,0.0,0.0,2,2026-09-01
00-0038651,00-0038651,11347,Chase Cota,WR,548.0,629.7,81.70000000000005,81.70000000000005,81.70000000000005,2,2026-09-01
00-0038656,00-0038656,10651,Mohamed Ibrahim,RB,696.7,696.7,0.0,0.0,0.0,2,2026-09-01
00-0038658,00-0038658,11065,Adrian Martinez,QB,635.0,635.0,0.0,0.0,0.0,2,2026-09-01
00-0038671,00-0038671,11133,Jaray Jenkins,WR,659.4,575.4,-84.0,-84.0,-84.0,2,2026-09-01
00-0038678,00-0038678,11378,Jordan Mims,RB,463.7,463.7,0.0,0.0,0.0,2,2026-09-01
00-0038679,00-0038679,11377,Tyrell Shavers,WR,651.4,651.4,0.0,0.0,0.0,2,2026-09-01
00-0038680,00-0038680,11495,Bryan Thompson,WR,448.3,448.3,0.0,0.0,0.0,2,2026-09-01
00-0038702,00-0038702,11184,Daniel Arias,WR,676.0,676.0,0.0,0.0,0.0,2,2026-09-01
00-0038720,00-0038720,11371,Julian Hill,TE,668.8,668.8,0.0,0.0,0.0,2,2026-09-01
00-0038727,00-0038727,10861,Xazavian Valladay,RB,562.0,562.0,0.0,0.0,0.0,2,2026-09-01
00-0038728,00-0038728,11056,Jared Wayne,WR,682.0,682.0,0.0,0.0,0.0,2,2026-09-01
00-0038735,00-0038735,11508,Princeton Fant,TE,266.0,266.0,0.0,0.0,0.0,1,2026-09-01
00-0038738,00-0038738,11510,Hunter Luepke,RB,666.0,666.0,0.0,0.0,0.0,2,2026-09-01
00-0038744,00-0038744,11214,Tanner Morgan,QB,693.0,693.0,0.0,0.0,0.0,2,2026-09-01
00-0038749,00-0038749,11216,Holton Ahlers,QB,636.8,636.8,0.0,0.0,0.0,2,2026-09-01
00-0038758,00-0038758,11225,Noah Gindorff,TE,699.8,699.8,0.0,0.0,0.0,2,2026-09-01
00-0038762,00-0038762,10869,Matt Landers,WR,593.0,593.0,0.0,0.0,0.0,2,2026-09-01
00-0038783,00-0038783,11433,Nate Adkins,TE,627.5,627.5,0.0,0.0,0.0,2,2026-09-01
00-0038797,00-0038797,11435,Emanuel Wilson,RB,250.3,250.3,0.0,0.0,0.0,2,2026-09-01
00-0038809,00-0038809,11082,Ben Sims,TE,468.0,468.0,0.0,0.0,0.0,2,2026-09-01
00-0038824,00-0038824,11421,Ryan Miller,WR,639.7,639.7,0.0,0.0,0.0,2,2026-09-01
00-0038830,00-0038830,11070,Kazmeir Allen,WR,671.6,671.6,0.0,0.0,0.0,2,2026-09-01
00-0038840,00-0038840,11157,Brycen Tremayne,WR,675.5,675.5,0.0,0.0,0.0,2,2026-09-01
00-0038862,00-0038862,11114,Elijah Dotson,RB,658.3,658.3,0.0,0.0,0.0,2,2026-09-01
00-0038891,00-0038891,11257,Shedrick Jackson,WR,587.0,587.0,0.0,0.0,0.0,2,2026-09-01
00-0038902,00-0038902,11105,Shaquan Davis,WR,559.5,559.5,0.0,0.0,0.0,2,2026-09-01
00-0038904,00-0038904,11192,Malik Flowers,WR,514.0,516.6,2.6000000000000227,2.6000000000000227,2.6000000000000227,2,2026-09-01
00-0038910,00-0038910,11104,SaRodorick Thompson Jr.,RB,673.0,673.0,0.0,0.0,0.0,2,2026-09-01
00-0038911,00-0038911,10860,Malik Cunningham,WR,669.0,669.0,0.0,0.0,0.0,2,2026-09-01
00-0038920,00-0038920,11467,John Shenker,TE,657.9,657.9,0.0,0.0,0.0,2,2026-09-01
00-0038930,00-0038930,11186,Carlos Washington,RB,270.0,270.0,0.0,0.0,0.0,2,2026-09-01
00-0038933,00-0038933,10236,Dalton Kincaid,TE,87.4,87.7,0.29999999999999716,0.29999999999999716,0.29999999999999716,2,2026-09-01
00-0038935,00-0038935,9480,Brenton Strange,TE,156.3,152.2,-4.100000000000023,-4.100000000000023,-4.100000000000023,2,2026-09-01
00-0038951,00-0038951,9506,Sean Tucker,RB,243.9,243.9,0.0,0.0,0.0,2,2026-09-01
00-0038953,00-0038953,11474,Dylan Drummond,WR,251.0,251.0,0.0,0.0,0.0,2,2026-09-01
00-0038965,00-0038965,11483,Ellis Merriweather,RB,295.6,322.5,26.899999999999977,26.899999999999977,26.899999999999977,2,2026-09-01
00-0038969,00-0038969,11099,Kearis Jackson,WR,549.1,482.1,-67.0,-67.0,-67.0,2,2026-09-01
00-0038976,00-0038976,9494,Marvin Mims Jr.,WR,219.5,219.5,0.0,0.0,0.0,2,2026-09-01
00-0038977,00-0038977,9502,Tank Dell,WR,187.5,185.5,-2.0,-2.0,-2.0,2,2026-09-01
00-0038979,00-0038979,10444,Cedric Tillman,WR,667.4,667.4,0.0,0.0,0.0,2,2026-09-01
00-0038994,00-0038994,9756,Jordan Addison,WR,104.2,103.0,-1.2000000000000028,-1.2000000000000028,-1.2000000000000028,2,2026-09-01
00-0038996,00-0038996,9484,Tucker Kraft,TE,62.5,62.8,0.29999999999999716,0.29999999999999716,0.29999999999999716,2,2026-09-01
00-0038997,00-0038997,9500,Josh Downs,WR,111.8,112.4,0.6000000000000085,0.6000000000000085,0.6000000000000085,2,2026-09-01
00-0038998,00-0038998,10215,Jake Haener,QB,654.7,654.7,0.0,0.0,0.0,2,2026-09-01
00-0039018,00-0039018,10880,Jack Campbell,LB,317.0,317.0,0.0,0.0,0.0,1,2026-09-01
00-0039032,00-0039032,9508,Tyjae Spears,RB,165.4,165.7,0.29999999999998295,0.29999999999998295,0.29999999999998295,2,2026-09-01
00-0039040,00-0039040,9226,De'Von Achane,RB,13.2,13.1,-0.09999999999999964,-0.09999999999999964,-0.09999999999999964,2,2026-09-01
00-0039050,00-0039050,10227,Payne Durham,TE,564.0,564.0,0.0,0.0,0.0,2,2026-09-01
00-0039062,00-0039062,10225,Jonathan Mingo,WR,699.9,699.9,0.0,0.0,0.0,2,2026-09-01
00-0039064,00-0039064,9997,Zay Flowers,WR,41.4,41.8,0.3999999999999986,0.3999999999999986,0.3999999999999986,2,2026-09-01
00-0039065,00-0039065,10859,Sam LaPorta,TE,58.8,58.8,0.0,0.0,0.0,2,2026-09-01
00-0039067,00-0039067,10229,Rashee Rice,WR,29.7,29.0,-0.6999999999999993,-0.6999999999999993,-0.6999999999999993,2,2026-09-01
00-0039074,00-0039074,10214,Davis Allen,TE,660.7,660.7,0.0,0.0,0.0,2,2026-09-01
00-0039075,00-0039075,9493,Puka Nacua,WR,4.6,4.4,-0.1999999999999993,-0.1999999999999993,-0.1999999999999993,2,2026-09-01
00-0039139,00-0039139,9221,Jahmyr Gibbs,RB,1.7,1.9,0.19999999999999996,0.19999999999999996,0.19999999999999996,2,2026-09-01
00-0039146,00-0039146,10222,Jayden Reed,WR,109.6,109.6,0.0,0.0,0.0,2,2026-09-01
00-0039150,00-0039150,9228,Bryce Young,QB,226.0,226.4,0.4000000000000057,0.4000000000000057,0.4000000000000057,2,2026-09-01
00-0039163,00-0039163,9758,C.J. Stroud,QB,206.8,205.7,-1.1000000000000227,-1.1000000000000227,-1.1000000000000227,2,2026-09-01
00-0039165,00-0039165,9753,Zach Charbonnet,RB,149.0,149.2,0.19999999999998863,0.19999999999998863,0.19999999999998863,2,2026-09-01
00-0039172,00-0039172,11539,Jake Bates,K,141.9,142.5,0.5999999999999943,0.5999999999999943,0.5999999999999943,2,2026-09-01
00-0039228,00-0039228,11652,Louis Rees-Zammit,RB,697.7,697.7,0.0,0.0,0.0,2,2026-09-01
00-0039230,00-0039230,11654,Dante Miller,RB,487.7,487.7,0.0,0.0,0.0,2,2026-09-01
00-0039238,00-0039238,11561,Michael Pratt,QB,695.2,695.2,0.0,0.0,0.0,2,2026-09-01
00-0039244,00-0039244,11963,Chris Collier,RB,654.3,571.3,-83.0,-83.0,-83.0,2,2026-09-01
00-0039259,00-0039259,11964,Dayton Wade,WR,426.1,242.5,-183.60000000000002,-183.60000000000002,-183.60000000000002,2,2026-09-01
00-0039266,00-0039266,11649,Kendall Milton,RB,687.3,598.3,-89.0,-89.0,-89.0,2,2026-09-01
00-0039305,00-0039305,12045,Jack Westover,TE,625.5,625.5,0.0,0.0,0.0,2,2026-09-01
00-0039316,00-0039316,12256,Baylor Cupp,TE,646.7,646.7,0.0,0.0,0.0,2,2026-09-01
00-0039325,00-0039325,11582,Carson Steele,RB,629.5,629.5,0.0,0.0,0.0,2,2026-09-01
00-0039337,00-0039337,11632,Malik Nabers,WR,26.7,26.9,0.1999999999999993,0.1999999999999993,0.1999999999999993,2,2026-09-01
00-0039338,00-0039338,11604,Brock Bowers,TE,23.6,23.2,-0.40000000000000213,-0.40000000000000213,-0.40000000000000213,2,2026-09-01
00-0039344,00-0039344,11583,Jonathon Brooks,RB,103.6,104.1,0.5,0.5,0.5,2,2026-09-01
00-0039361,00-0039361,11584,Bucky Irving,RB,43.6,43.9,0.29999999999999716,0.29999999999999716,0.29999999999999716,2,2026-09-01
00-0039373,00-0039373,11579,Audric Estimé,RB,237.4,237.4,0.0,0.0,0.0,2,2026-09-01
00-0039384,00-0039384,11655,Tyrone Tracy Jr.,RB,174.1,173.0,-1.0999999999999943,-1.0999999999999943,-1.0999999999999943,2,2026-09-01
00-0039386,00-0039386,11748,Bub Means,WR,688.0,688.0,0.0,0.0,0.0,2,2026-09-01
00-0039391,00-0039391,11647,Kimani Vidal,RB,237.8,237.8,0.0,0.0,0.0,2,2026-09-01
00-0039392,00-0039392,11808,Jha'Quan Jackson,WR,688.4,599.4,-89.0,-89.0,-89.0,2,2026-09-01
00-0039399,00-0039399,11598,Tanner McLachlan,TE,697.7,697.7,0.0,0.0,0.0,2,2026-09-01
00-0039404,00-0039404,11792,Will Reichard,K,170.0,168.6,-1.4000000000000057,-1.4000000000000057,-1.4000000000000057,2,2026-09-01
00-0039409,00-0039409,11786,Cam Little,K,134.9,134.1,-0.8000000000000114,-0.8000000000000114,-0.8000000000000114,2,2026-09-01
00-0039410,00-0039410,11783,Ryan Flournoy,WR,230.7,230.7,0.0,0.0,0.0,2,2026-09-01
00-0039415,00-0039415,11621,Brenden Rice,WR,610.0,566.9,-43.10000000000002,-43.10000000000002,-43.10000000000002,2,2026-09-01
00-0039424,00-0039424,11834,Devaughn Vele,WR,239.8,239.8,0.0,0.0,0.0,2,2026-09-01
00-0039437,00-0039437,11815,Cornelius Johnson,WR,591.8,514.8,-77.0,-77.0,-77.0,2,2026-09-01
00-0039464,00-0039464,11931,Austin Reed,QB,674.0,674.0,0.0,0.0,0.0,2,2026-09-01
00-0039466,00-0039466,12036,Ian Wheeler,RB,687.3,687.3,0.0,0.0,0.0,2,2026-09-01
00-0039473,00-0039473,11969,Xavier Johnson,WR,469.4,469.4,0.0,0.0,0.0,2,2026-09-01
00-0039489,00-0039489,12389,Hayden Rucci,TE,384.0,349.0,-35.0,-35.0,-35.0,2,2026-09-01
00-0039491,00-0039491,11646,Jalen Coker,WR,146.6,146.1,-0.5,-0.5,-0.5,2,2026-09-01
00-0039498,00-0039498,12015,Harrison Mevis,K,155.1,152.3,-2.799999999999983,-2.799999999999983,-2.799999999999983,2,2026-09-01
00-0039501,00-0039501,12009,Jack Plummer,QB,661.2,661.2,0.0,0.0,0.0,2,2026-09-01
00-0039516,00-0039516,12080,Aidan Robbins,RB,690.3,690.3,0.0,0.0,0.0,2,2026-09-01
00-0039521,00-0039521,11921,Xavier Weaver,WR,647.0,647.0,0.0,0.0,0.0,2,2026-09-01
00-0039534,00-0039534,11851,Carter Bradley,QB,363.9,345.3,-18.599999999999966,-18.599999999999966,-18.599999999999966,2,2026-09-01
00-0039543,00-0039543,11885,Ramel Keyton,WR,247.0,247.0,0.0,0.0,0.0,2,2026-09-01
00-0039573,00-0039573,11568,Blake Watson,RB,438.8,447.9,9.099999999999966,9.099999999999966,9.099999999999966,2,2026-09-01
00-0039575,00-0039575,12190,Jason Bean,QB,662.0,662.0,0.0,0.0,0.0,2,2026-09-01
00-0039576,00-0039576,12185,Spencer Shrader,K,378.0,378.0,0.0,0.0,0.0,2,2026-09-01
00-0039577,00-0039577,11648,Kedon Slovis,QB,664.0,664.0,0.0,0.0,0.0,2,2026-09-01
00-0039595,00-0039595,11989,D.J. Williams,RB,593.6,597.3,3.699999999999932,3.699999999999932,3.699999999999932,2,2026-09-01
00-0039603,00-0039603,12171,British Brooks,RB,356.3,268.0,-88.30000000000001,-88.30000000000001,-88.30000000000001,2,2026-09-01
00-0039617,00-0039617,11900,Jacob Kibodi,RB,411.0,368.0,-43.0,-43.0,-43.0,2,2026-09-01
00-0039623,00-0039623,11895,Mason Tipton,WR,490.0,490.0,0.0,0.0,0.0,2,2026-09-01
00-0039626,00-0039626,12210,Cole Burgess,WR,443.0,443.0,0.0,0.0,0.0,2,2026-09-01
00-0039631,00-0039631,12062,Cam Grandy,TE,599.7,599.7,0.0,0.0,0.0,2,2026-09-01
00-0039647,00-0039647,11580,Dillon Johnson,RB,649.3,649.3,0.0,0.0,0.0,2,2026-09-01
00-0039649,00-0039649,11949,Brayden Narveson,K,695.5,695.5,0.0,0.0,0.0,2,2026-09-01
00-0039650,00-0039650,11959,Bryce Oliver,WR,656.0,656.0,0.0,0.0,0.0,2,2026-09-01
00-0039652,00-0039652,12356,Jabari Small,RB,491.0,491.0,0.0,0.0,0.0,2,2026-09-01
00-0039683,00-0039683,11946,Marcus Rosemy-Jacksaint,WR,488.0,488.0,0.0,0.0,0.0,2,2026-09-01
00-0039684,00-0039684,11943,Michael Wiley,RB,465.0,465.0,0.0,0.0,0.0,2,2026-09-01
00-0039699,00-0039699,11924,Tanner Mordecai,QB,623.9,623.9,0.0,0.0,0.0,2,2026-09-01
00-0039702,00-0039702,12068,Mason Pline,TE,607.0,553.1,-53.89999999999998,-53.89999999999998,-53.89999999999998,2,2026-09-01
00-0039732,00-0039732,11563,Bo Nix,QB,117.6,116.5,-1.0999999999999943,-1.0999999999999943,-1.0999999999999943,2,2026-09-01
00-0039738,00-0039738,11586,Blake Corum,RB,102.6,102.2,-0.3999999999999915,-0.3999999999999915,-0.3999999999999915,2,2026-09-01
00-0039750,00-0039750,11789,Joshua Karty,K,669.5,669.5,0.0,0.0,0.0,2,2026-09-01
00-0039754,00-0039754,11820,Devin Culp,TE,668.9,668.9,0.0,0.0,0.0,2,2026-09-01
00-0039773,00-0039773,12133,Drake Stoops,WR,424.0,424.0,0.0,0.0,0.0,2,2026-09-01
00-0039793,00-0039793,11603,AJ Barner,TE,181.1,181.4,0.30000000000001137,0.30000000000001137,0.30000000000001137,2,2026-09-01
00-0039794,00-0039794,11576,Braelon Allen,RB,205.3,206.8,1.5,1.5,1.5,2,2026-09-01
00-0039801,00-0039801,11556,Devin Leary,QB,677.3,677.3,0.0,0.0,0.0,2,2026-09-01
00-0039810,00-0039810,11640,Jermaine Burton,WR,594.0,594.0,0.0,0.0,0.0,2,2026-09-01
00-0039811,00-0039811,11581,MarShawn Lloyd,RB,159.8,157.8,-2.0,-2.0,-2.0,2,2026-09-01
00-0039824,00-0039824,11595,Jared Wiley,TE,677.5,677.5,0.0,0.0,0.0,2,2026-09-01
00-0039847,00-0039847,11597,Theo Johnson,TE,232.2,232.2,0.0,0.0,0.0,2,2026-09-01
00-0039849,00-0039849,11628,Marvin Harrison Jr.,WR,76.9,76.6,-0.30000000000001137,-0.30000000000001137,-0.30000000000001137,2,2026-09-01
00-0039851,00-0039851,11564,Drake Maye,QB,47.8,47.1,-0.6999999999999957,-0.6999999999999957,-0.6999999999999957,2,2026-09-01
00-0039853,00-0039853,11645,Javon Baker,WR,665.9,665.9,0.0,0.0,0.0,2,2026-09-01
00-0039855,00-0039855,11618,Jalen McMillan,WR,211.2,211.6,0.4000000000000057,0.4000000000000057,0.4000000000000057,2,2026-09-01
00-0039868,00-0039868,11627,Troy Franklin,WR,241.8,241.8,0.0,0.0,0.0,2,2026-09-01
00-0039874,00-0039874,11643,Jaylen Wright,RB,247.9,247.9,0.0,0.0,0.0,2,2026-09-01
00-0039875,00-0039875,11575,Ray Davis,RB,223.7,224.3,0.6000000000000227,0.6000000000000227,0.6000000000000227,2,2026-09-01
00-0039880,00-0039880,11610,Malik Washington,WR,176.0,175.5,-0.5,-0.5,-0.5,2,2026-09-01
00-0039890,00-0039890,11625,Adonai Mitchell,WR,231.0,231.0,0.0,0.0,0.0,2,2026-09-01
00-0039893,00-0039893,11631,Brian Thomas Jr.,WR,74.5,74.6,0.09999999999999432,0.09999999999999432,0.09999999999999432,2,2026-09-01
00-0039894,00-0039894,11624,Xavier Worthy,WR,138.1,139.3,1.200000000000017,1.200000000000017,1.200000000000017,2,2026-09-01
00-0039901,00-0039901,11637,Keon Coleman,WR,234.8,234.8,0.0,0.0,0.0,2,2026-09-01
00-0039907,00-0039907,11619,Ja'Lynn Polk,WR,689.5,664.9,-24.600000000000023,-24.600000000000023,-24.600000000000023,2,2026-09-01
00-0039910,00-0039910,11566,Jayden Daniels,QB,66.8,66.6,-0.20000000000000284,-0.20000000000000284,-0.20000000000000284,2,2026-09-01
00-0039914,00-0039914,12370,Praise Olatoke,WR,600.0,525.0,-75.0,-75.0,-75.0,2,2026-09-01
00-0039915,00-0039915,11635,Ladd McConkey,WR,37.8,37.7,-0.09999999999999432,-0.09999999999999432,-0.09999999999999432,2,2026-09-01
00-0039916,00-0039916,11638,Ricky Pearsall,WR,244.4,244.4,0.0,0.0,0.0,2,2026-09-01
00-0039917,00-0039917,11559,Michael Penix Jr.,QB,227.9,227.9,0.0,0.0,0.0,2,2026-09-01
00-0039918,00-0039918,11560,Caleb Williams,QB,71.3,71.0,-0.29999999999999716,-0.29999999999999716,-0.29999999999999716,2,2026-09-01
00-0039919,00-0039919,11620,Rome Odunze,WR,64.2,64.1,-0.10000000000000853,-0.10000000000000853,-0.10000000000000853,2,2026-09-01
00-0039920,00-0039920,11617,Malachi Corley,WR,242.0,242.0,0.0,0.0,0.0,2,2026-09-01
00-0039921,00-0039921,11589,Trey Benson,RB,255.2,255.2,0.0,0.0,0.0,2,2026-09-01
00-0039923,00-0039923,11565,J.J. McCarthy,QB,224.2,224.2,0.0,0.0,0.0,2,2026-09-01
00-0039934,00-0039934,12385,Jude McAtamney,K,629.5,629.5,0.0,0.0,0.0,2,2026-09-01
00-0039945,00-0039945,12438,Alex Hale,K,665.7,665.7,0.0,0.0,0.0,2,2026-09-01
00-0040003,00-0040003,12548,Lenny Krieg,K,677.5,677.5,0.0,0.0,0.0,2,2026-09-01
00-0040039,00-0040039,12928,Amar Johnson,RB,699.5,699.5,0.0,0.0,0.0,2,2026-09-01
00-0040048,00-0040048,12849,Traeshon Holden,WR,236.0,236.0,0.0,0.0,0.0,1,2026-09-01
00-0040067,00-0040067,13047,Jacardia Wright,RB,677.2,677.2,0.0,0.0,0.0,2,2026-09-01
00-0040074,00-0040074,12711,Tyler Loop,K,178.5,177.2,-1.3000000000000114,-1.3000000000000114,-1.3000000000000114,2,2026-09-01
00-0040078,00-0040078,12455,Brashard Smith,RB,226.3,226.3,0.0,0.0,0.0,2,2026-09-01
00-0040081,00-0040081,12817,Jake Briningstool,TE,461.4,458.4,-3.0,-3.0,-3.0,2,2026-09-01
00-0040122,00-0040122,12527,Ashton Jeanty,RB,13.2,14.2,1.0,1.0,1.0,2,2026-09-01
00-0040124,00-0040124,12526,Tetairoa McMillan,WR,38.6,38.3,-0.30000000000000426,-0.30000000000000426,-0.30000000000000426,2,2026-09-01
00-0040126,00-0040126,12517,Colston Loveland,TE,40.3,40.5,0.20000000000000284,0.20000000000000284,0.20000000000000284,2,2026-09-01
00-0040128,00-0040128,12518,Tyler Warren,TE,48.5,49.7,1.2000000000000028,1.2000000000000028,1.2000000000000028,2,2026-09-01
00-0040129,00-0040129,12514,Emeka Egbuka,WR,39.9,39.0,-0.8999999999999986,-0.8999999999999986,-0.8999999999999986,2,2026-09-01
00-0040130,00-0040130,12484,Jayden Higgins,WR,214.5,214.2,-0.30000000000001137,-0.30000000000001137,-0.30000000000001137,2,2026-09-01
00-0040131,00-0040131,12547,Kyle Williams,WR,222.1,222.1,0.0,0.0,0.0,2,2026-09-01
00-0040134,00-0040134,12492,Pat Bryant,WR,227.2,227.2,0.0,0.0,0.0,2,2026-09-01
00-0040138,00-0040138,12536,Jaylin Noel,WR,213.7,213.7,0.0,0.0,0.0,2,2026-09-01
00-0040142,00-0040142,12504,Kaleb Johnson,RB,215.3,215.4,0.09999999999999432,0.09999999999999432,0.09999999999999432,2,2026-09-01
00-0040154,00-0040154,12496,Tai Felton,WR,692.7,692.7,0.0,0.0,0.0,2,2026-09-01
00-0040162,00-0040162,12469,Dylan Sampson,RB,191.8,191.4,-0.4000000000000057,-0.4000000000000057,-0.4000000000000057,2,2026-09-01
00-0040170,00-0040170,12499,Elic Ayomanor,WR,241.5,241.5,0.0,0.0,0.0,2,2026-09-01
00-0040189,00-0040189,12493,Oronde Gadsden II,TE,139.8,138.1,-1.700000000000017,-1.700000000000017,-1.700000000000017,2,2026-09-01
00-0040194,00-0040194,12658,Jackson Hawes,TE,613.5,613.5,0.0,0.0,0.0,2,2026-09-01
00-0040200,00-0040200,12713,Andy Borregales,K,174.9,174.3,-0.5999999999999943,-0.5999999999999943,-0.5999999999999943,2,2026-09-01
00-0040202,00-0040202,12476,Devin Neal,RB,211.9,211.9,0.0,0.0,0.0,2,2026-09-01
00-0040205,00-0040205,12516,Kalel Mullings,RB,690.0,690.0,0.0,0.0,0.0,2,2026-09-01
00-0040211,00-0040211,12705,Graham Mertz,QB,521.5,521.5,0.0,0.0,0.0,2,2026-09-01
00-0040215,00-0040215,12700,Gavin Bartholomew,TE,667.2,667.2,0.0,0.0,0.0,2,2026-09-01
00-0040220,00-0040220,12690,Tommy Mellott,WR,694.1,694.1,0.0,0.0,0.0,2,2026-09-01
00-0040222,00-0040222,12688,Cam Miller,QB,666.4,666.4,0.0,0.0,0.0,2,2026-09-01
00-0040225,00-0040225,12715,Thomas Fidone II,TE,365.0,365.0,0.0,0.0,0.0,2,2026-09-01
00-0040236,00-0040236,12534,Kyle Monangai,RB,101.9,101.1,-0.8000000000000114,-0.8000000000000114,-0.8000000000000114,2,2026-09-01
00-0040241,00-0040241,12732,Dominic Lovett,WR,589.0,589.0,0.0,0.0,0.0,2,2026-09-01
00-0040242,00-0040242,12533,Jacory Croskey-Merritt,RB,115.1,115.8,0.7000000000000028,0.7000000000000028,0.7000000000000028,2,2026-09-01
00-0040247,00-0040247,12743,Junior Bergen,WR,673.4,673.4,0.0,0.0,0.0,2,2026-09-01
00-0040250,00-0040250,12725,Luke Lachey,TE,690.8,601.8,-89.0,-89.0,-89.0,2,2026-09-01
00-0040259,00-0040259,13101,Gage Larvadain,WR,648.0,565.0,-83.0,-83.0,-83.0,2,2026-09-01
00-0040265,00-0040265,13179,Ja'Seem Reed,WR,676.8,676.8,0.0,0.0,0.0,2,2026-09-01
00-0040275,00-0040275,12746,JP Richardson,WR,662.5,662.5,0.0,0.0,0.0,2,2026-09-01
00-0040279,00-0040279,12961,Ryan Fitzgerald,K,347.0,347.0,0.0,0.0,0.0,2,2026-09-01
00-0040301,00-0040301,12866,Jalin Conyers,TE,529.2,466.2,-63.00000000000006,-63.00000000000006,-63.00000000000006,2,2026-09-01
00-0040315,00-0040315,12532,Ja'Corey Brooks,WR,677.1,677.1,0.0,0.0,0.0,2,2026-09-01
00-0040317,00-0040317,13120,Jacoby Jones,WR,604.6,604.6,0.0,0.0,0.0,2,2026-09-01
00-0040352,00-0040352,12829,Coleman Owen,WR,244.0,244.0,0.0,0.0,0.0,2,2026-09-01
00-0040363,00-0040363,12765,Keleki Latu,TE,581.0,578.3,-2.7000000000000455,-2.7000000000000455,-2.7000000000000455,2,2026-09-01
00-0040375,00-0040375,12761,Jordan Moore,WR,634.3,634.3,0.0,0.0,0.0,2,2026-09-01
00-0040388,00-0040388,12935,Jakobie Keeney-James,WR,700.4,700.4,0.0,0.0,0.0,2,2026-09-01
00-0040390,00-0040390,12938,Jackson Meeks,WR,677.8,677.8,0.0,0.0,0.0,2,2026-09-01
00-0040393,00-0040393,12954,Kye Robichaux,RB,455.0,455.0,0.0,0.0,0.0,2,2026-09-01
00-0040400,00-0040400,12515,Donovan Edwards,RB,604.2,631.4,27.199999999999932,27.199999999999932,27.199999999999932,2,2026-09-01
00-0040405,00-0040405,12925,Jamaal Pritchett,WR,569.4,505.2,-64.19999999999999,-64.19999999999999,-64.19999999999999,2,2026-09-01
00-0040429,00-0040429,12787,Josh Williams,RB,655.4,655.4,0.0,0.0,0.0,2,2026-09-01
00-0040432,00-0040432,12889,Beaux Collins,WR,679.9,679.9,0.0,0.0,0.0,2,2026-09-01
00-0040443,00-0040443,12777,Joaquin Davis,WR,660.0,660.0,0.0,0.0,0.0,2,2026-09-01
00-0040445,00-0040445,12772,Courtney Jackson,WR,637.0,637.0,0.0,0.0,0.0,2,2026-09-01
00-0040476,00-0040476,12826,Ulysses Bentley IV,RB,644.1,644.1,0.0,0.0,0.0,2,2026-09-01
00-0040522,00-0040522,12520,Xavier Restrepo,WR,675.0,675.0,0.0,0.0,0.0,2,2026-09-01
00-0040526,00-0040526,12940,Tre Stewart,RB,392.0,392.0,0.0,0.0,0.0,2,2026-09-01
00-0040534,00-0040534,12971,Ke'Shawn Williams,WR,636.0,636.0,0.0,0.0,0.0,2,2026-09-01
00-0040547,00-0040547,12897,Nate Carter,RB,699.0,699.0,0.0,0.0,0.0,2,2026-09-01
00-0040552,00-0040552,12883,Joshua Simon,TE,441.5,441.5,0.0,0.0,0.0,2,2026-09-01
00-0040553,00-0040553,12884,Quincy Skinner Jr.,WR,615.9,615.9,0.0,0.0,0.0,2,2026-09-01
00-0040556,00-0040556,12491,Corey Kiner,RB,487.0,487.0,0.0,0.0,0.0,2,2026-09-01
00-0040558,00-0040558,13074,Isaiah Neyor,WR,674.8,674.8,0.0,0.0,0.0,2,2026-09-01
00-0040566,00-0040566,12984,CJ Dippre,TE,617.1,617.1,0.0,0.0,0.0,2,2026-09-01
00-0040579,00-0040579,12578,Carson Schwesinger,LB,457.0,457.0,0.0,0.0,0.0,2,2026-09-01
00-0040582,00-0040582,12539,Arian Smith,WR,373.7,372.4,-1.3000000000000114,-1.3000000000000114,-1.3000000000000114,2,2026-09-01
00-0040583,00-0040583,12474,Woody Marks,RB,150.3,160.3,10.0,10.0,10.0,2,2026-09-01
00-0040584,00-0040584,12502,Gunnar Helm,TE,233.1,233.1,0.0,0.0,0.0,2,2026-09-01
00-0040586,00-0040586,12457,Jaydon Blue,RB,228.6,228.6,0.0,0.0,0.0,2,2026-09-01
00-0040589,00-0040589,12477,Kurtis Rourke,QB,634.6,634.6,0.0,0.0,0.0,2,2026-09-01
00-0040597,00-0040597,13011,Brennan Presley,WR,646.5,646.5,0.0,0.0,0.0,2,2026-09-01
00-0040603,00-0040603,13001,Mario Williams,WR,286.0,286.0,0.0,0.0,0.0,1,2026-09-01
00-0040621,00-0040621,13199,Montorie Foster Jr,WR,647.0,647.0,0.0,0.0,0.0,2,2026-09-01
00-0040648,00-0040648,12497,Tory Horton,WR,228.7,228.7,0.0,0.0,0.0,2,2026-09-01
00-0040649,00-0040649,12656,Robbie Ouzts,RB,610.8,610.8,0.0,0.0,0.0,2,2026-09-01
00-0040653,00-0040653,12475,Ricky White III,WR,676.5,676.5,0.0,0.0,0.0,2,2026-09-01
00-0040656,00-0040656,13217,Hunter Dekkers,QB,678.6,587.6,-91.0,-91.0,-91.0,2,2026-09-01
00-0040663,00-0040663,12506,Harold Fannin Jr.,TE,69.8,70.6,0.7999999999999972,0.7999999999999972,0.7999999999999972,2,2026-09-01
00-0040666,00-0040666,12507,Omarion Hampton,RB,15.7,15.3,-0.3999999999999986,-0.3999999999999986,-0.3999999999999986,2,2026-09-01
00-0040667,00-0040667,12501,Matthew Golden,WR,127.5,127.0,-0.5,-0.5,-0.5,2,2026-09-01
00-0040668,00-0040668,12524,Shedeur Sanders,QB,236.1,236.1,0.0,0.0,0.0,2,2026-09-01
00-0040669,00-0040669,12535,Isaac TeSlaa,WR,228.2,228.9,0.700000000000017,0.700000000000017,0.700000000000017,2,2026-09-01
00-0040676,00-0040676,12522,Cam Ward,QB,229.4,229.5,0.09999999999999432,0.09999999999999432,0.09999999999999432,2,2026-09-01
00-0040691,00-0040691,12508,Jaxson Dart,QB,94.8,94.5,-0.29999999999999716,-0.29999999999999716,-0.29999999999999716,2,2026-09-01
00-0040692,00-0040692,11569,Jarquez Hunter,RB,240.6,240.6,0.0,0.0,0.0,2,2026-09-01
00-0040705,00-0040705,12540,Chimere Dike,WR,229.4,229.4,0.0,0.0,0.0,2,2026-09-01
00-0040715,00-0040715,12481,Cam Skattebo,RB,41.5,42.0,0.5,0.5,0.5,2,2026-09-01
00-0040718,00-0040718,12530,Travis Hunter,CB,167.2,167.5,0.30000000000001137,0.30000000000001137,0.30000000000001137,2,2026-09-01
00-0040719,00-0040719,12490,Bhayshul Tuten,RB,61.0,61.6,0.6000000000000014,0.6000000000000014,0.6000000000000014,2,2026-09-01
00-0040727,00-0040727,12509,Tre Harris,WR,230.5,230.5,0.0,0.0,0.0,2,2026-09-01
00-0040729,00-0040729,12483,Jack Bech,WR,238.2,238.2,0.0,0.0,0.0,2,2026-09-01
00-0040730,00-0040730,12489,RJ Harvey,RB,79.8,79.3,-0.5,-0.5,-0.5,2,2026-09-01
00-0040734,00-0040734,12529,TreVeyon Henderson,RB,57.0,57.2,0.20000000000000284,0.20000000000000284,0.20000000000000284,2,2026-09-01
00-0040735,00-0040735,12519,Luther Burden III,WR,54.9,53.7,-1.1999999999999957,-1.1999999999999957,-1.1999999999999957,2,2026-09-01
00-0040736,00-0040736,12498,Mason Taylor,TE,224.3,224.3,0.0,0.0,0.0,2,2026-09-01
00-0040737,00-0040737,12487,Terrance Ferguson,TE,207.9,206.5,-1.4000000000000057,-1.4000000000000057,-1.4000000000000057,2,2026-09-01
00-0040743,00-0040743,12545,Tyler Shough,QB,188.7,187.3,-1.3999999999999773,-1.3999999999999773,-1.3999999999999773,2,2026-09-01
00-0040784,00-0040784,12512,Quinshon Judkins,RB,53.7,53.9,0.19999999999999574,0.19999999999999574,0.19999999999999574,2,2026-09-01
00-0040785,00-0040785,13264,Dohnte Meyers,WR,627.5,627.5,0.0,0.0,0.0,2,2026-09-01
00-0040867,00-0040867,13294,Makai Lemon,WR,90.0,89.5,-0.5,-0.5,-0.5,2,2026-09-01
00-0040870,00-0040870,13293,Ja'Kobi Lane,WR,160.7,159.0,-1.6999999999999886,-1.6999999999999886,-1.6999999999999886,2,2026-09-01
00-0040876,00-0040876,13268,Elijah Sarratt,WR,229.2,229.2,0.0,0.0,0.0,2,2026-09-01
00-0040886,00-0040886,13288,Nicholas Singleton,RB,212.1,212.1,0.0,0.0,0.0,2,2026-09-01
00-0040887,00-0040887,13273,Josh Cuevas,TE,697.1,697.1,0.0,0.0,0.0,2,2026-09-01
00-0040890,00-0040890,13413,Cyrus Allen,WR,177.1,176.3,-0.799999999999983,-0.799999999999983,-0.799999999999983,2,2026-09-01
00-0040901,00-0040901,13422,Jaren Kanak,TE,530.2,530.2,0.0,0.0,0.0,2,2026-09-01
00-0040906,00-0040906,13404,Garrett Nussmeier,QB,668.0,668.0,0.0,0.0,0.0,2,2026-09-01
00-0040912,00-0040912,13776,Hank Beatty,WR,661.6,661.6,0.0,0.0,0.0,2,2026-09-01
00-0040919,00-0040919,13600,Tyren Montgomery,WR,667.4,667.4,0.0,0.0,0.0,2,2026-09-01
00-0040927,00-0040927,13331,Dae'Quan Wright,TE,470.4,425.3,-45.099999999999966,-45.099999999999966,-45.099999999999966,2,2026-09-01
00-0040930,00-0040930,13726,Camden Brown,WR,637.3,637.3,0.0,0.0,0.0,2,2026-09-01
00-0040934,00-0040934,13325,Jordan Hudson,WR,695.8,695.8,0.0,0.0,0.0,2,2026-09-01
00-0040937,00-0040937,13725,Dominic Richardson,RB,380.3,254.0,-126.30000000000001,-126.30000000000001,-126.30000000000001,2,2026-09-01
00-0040939,00-0040939,13401,Michael Trigg,TE,249.7,249.7,0.0,0.0,0.0,2,2026-09-01
00-0040948,00-0040948,13770,J. Michael Sturdivant,WR,683.9,683.9,0.0,0.0,0.0,2,2026-09-01
00-0040953,00-0040953,13392,Jeff Caldwell,WR,679.4,679.4,0.0,0.0,0.0,2,2026-09-01
00-0040955,00-0040955,13342,John Michael Gyllenborg,TE,611.2,611.2,0.0,0.0,0.0,2,2026-09-01
00-0040959,00-0040959,13419,Jaydn Ott,RB,635.8,635.8,0.0,0.0,0.0,2,2026-09-01
00-0040998,00-0040998,13416,Roman Hemby,RB,691.0,691.0,0.0,0.0,0.0,2,2026-09-01
00-0041004,00-0041004,13410,Chase Roberts,WR,350.0,350.0,0.0,0.0,0.0,2,2026-09-01
00-0041013,00-0041013,13337,Emmett Johnson,RB,209.9,209.1,-0.8000000000000114,-0.8000000000000114,-0.8000000000000114,2,2026-09-01
00-0041027,00-0041027,13287,Jeremiyah Love,RB,27.9,26.0,-1.8999999999999986,-1.8999999999999986,-1.8999999999999986,2,2026-09-01
00-0041029,00-0041029,13281,Jordyn Tyson,WR,99.5,98.0,-1.5,-1.5,-1.5,2,2026-09-01
00-0041032,00-0041032,13330,Kenyon Sadiq,TE,173.3,170.8,-2.5,-2.5,-2.5,2,2026-09-01
00-0041035,00-0041035,13417,De'Zhaun Stribling,WR,137.1,137.3,0.20000000000001705,0.20000000000001705,0.20000000000001705,2,2026-09-01
00-0041037,00-0041037,13346,Denzel Boston,WR,172.9,172.4,-0.5,-0.5,-0.5,2,2026-09-01
00-0041040,00-0041040,13301,Antonio Williams,WR,235.8,235.8,0.0,0.0,0.0,2,2026-09-01
00-0041042,00-0041042,13285,Malachi Fields,WR,219.0,219.6,0.5999999999999943,0.5999999999999943,0.5999999999999943,2,2026-09-01
00-0041044,00-0041044,13320,Zachariah Branch,WR,209.1,210.3,1.200000000000017,1.200000000000017,1.200000000000017,2,2026-09-01
00-0041047,00-0041047,13353,Chris Brazzell II,WR,400.0,400.0,0.0,0.0,0.0,2,2026-09-01
00-0041048,00-0041048,13317,Ted Hurst III,WR,239.6,239.6,0.0,0.0,0.0,2,2026-09-01
00-0041052,00-0041052,13414,Kaelon Black,RB,195.8,196.9,1.0999999999999943,1.0999999999999943,1.0999999999999943,2,2026-09-01
00-0041081,00-0041081,13516,Max Bredeson,RB,667.3,667.3,0.0,0.0,0.0,2,2026-09-01
00-0041087,00-0041087,13435,Joe Royer,TE,683.0,683.0,0.0,0.0,0.0,2,2026-09-01
00-0041094,00-0041094,13308,Bauer Sharp,TE,588.2,588.2,0.0,0.0,0.0,2,2026-09-01
00-0041096,00-0041096,13405,Kaytron Allen,RB,239.1,239.1,0.0,0.0,0.0,2,2026-09-01
00-0041104,00-0041104,13347,Demond Claiborne,RB,242.0,242.0,0.0,0.0,0.0,2,2026-09-01
00-0041117,00-0041117,13557,Athan Kaliakmanis,QB,670.2,670.2,0.0,0.0,0.0,2,2026-09-01
00-0041131,00-0041131,13580,Carsen Ryan,TE,486.5,430.5,-56.0,-56.0,-56.0,2,2026-09-01
00-0041133,00-0041133,13577,Dallen Bentley,TE,282.0,355.0,73.0,73.0,73.0,2,2026-09-01
00-0041152,00-0041152,13708,Kobe Prentice,WR,540.0,540.0,0.0,0.0,0.0,2,2026-09-01
00-0041158,00-0041158,13409,Donaven McCulley,WR,579.3,501.3,-77.99999999999994,-77.99999999999994,-77.99999999999994,2,2026-09-01
00-0041165,00-0041165,13844,Coleman Bennett,RB,485.0,485.0,0.0,0.0,0.0,1,2026-08-31
00-0041178,00-0041178,13418,Robert Henry Jr.,RB,534.0,534.0,0.0,0.0,0.0,2,2026-09-01
00-0041179,00-0041179,13674,Chris Hilton Jr.,WR,599.0,599.0,0.0,0.0,0.0,2,2026-09-01
00-0041191,00-0041191,13595,Cash Jones,RB,646.0,646.0,0.0,0.0,0.0,2,2026-09-01
00-0041199,00-0041199,13826,Caullin Lacy,WR,439.5,439.5,0.0,0.0,0.0,2,2026-09-01
00-0041216,00-0041216,13356,Trebor Pena,WR,662.5,662.5,0.0,0.0,0.0,2,2026-09-01
00-0041248,00-0041248,13318,Noah Thomas,WR,646.8,646.8,0.0,0.0,0.0,2,2026-09-01
00-0041251,00-0041251,13425,Jalon Daniels,QB,659.3,659.3,0.0,0.0,0.0,2,2026-09-01
00-0041257,00-0041257,13316,Eric Rivers Jr.,WR,695.3,695.3,0.0,0.0,0.0,2,2026-09-01
00-0041272,00-0041272,13696,Ja'Mori Maclin,WR,671.4,671.4,0.0,0.0,0.0,2,2026-09-01
00-0041312,00-0041312,13437,Noah Whittington,RB,655.9,655.9,0.0,0.0,0.0,2,2026-09-01
00-0041323,00-0041323,13964,Myles Montgomery,RB,668.9,668.9,0.0,0.0,0.0,2,2026-09-01
00-0041326,00-0041326,13277,CJ Donaldson,RB,465.5,465.5,0.0,0.0,0.0,2,2026-09-01
00-0041357,00-0041357,13432,Khalil Dinkins,TE,612.7,612.7,0.0,0.0,0.0,2,2026-09-01
00-0041368,00-0041368,13670,Harrison Wallace III,WR,688.3,688.3,0.0,0.0,0.0,2,2026-09-01
00-0041398,00-0041398,13433,Riley Nowakowski,FB,643.4,643.4,0.0,0.0,0.0,2,2026-09-01
00-0041403,00-0041403,13810,Rohan Jones,TE,527.7,527.7,0.0,0.0,0.0,2,2026-09-01
00-0041415,00-0041415,13315,Dean Connors,RB,666.2,666.2,0.0,0.0,0.0,2,2026-09-01
00-0041422,00-0041422,13321,Dan Villari,TE,677.3,677.3,0.0,0.0,0.0,2,2026-09-01
00-0041438,00-0041438,13279,Carnell Tate,WR,67.0,67.0,0.0,0.0,0.0,2,2026-09-01
00-0041467,00-0041467,13541,Lewis Bond,WR,678.4,678.4,0.0,0.0,0.0,2,2026-09-01
00-0041479,00-0041479,13365,Anthony Hill Jr.,LB,361.0,335.0,-26.0,-26.0,-26.0,2,2026-09-01
00-0041483,00-0041483,13349,Eli Stowers,TE,238.9,238.9,0.0,0.0,0.0,2,2026-09-01
00-0041489,00-0041489,13274,Germie Bernard,WR,229.8,229.8,0.0,0.0,0.0,2,2026-09-01
00-0041496,00-0041496,13345,Jonah Coleman,RB,169.4,170.1,0.6999999999999886,0.6999999999999886,0.6999999999999886,2,2026-09-01
00-0041510,00-0041510,13278,Max Klare,TE,248.8,248.8,0.0,0.0,0.0,2,2026-09-01
00-0041511,00-0041511,13276,Omar Cooper Jr.,WR,194.2,194.2,0.0,0.0,0.0,2,2026-09-01
00-0041512,00-0041512,13286,Jadarian Price,RB,65.6,65.8,0.20000000000000284,0.20000000000000284,0.20000000000000284,2,2026-09-01
00-0041523,00-0041523,13296,Caleb Douglas,WR,197.4,197.6,0.19999999999998863,0.19999999999998863,0.19999999999998863,2,2026-09-01
00-0041525,00-0041525,13311,Chris Bell,WR,240.9,240.9,0.0,0.0,0.0,2,2026-09-01
00-0041547,00-0041547,13298,KC Concepcion,WR,121.6,121.8,0.20000000000000284,0.20000000000000284,0.20000000000000284,2,2026-09-01
00-0041562,00-0041562,13269,Fernando Mendoza,QB,183.3,183.6,0.29999999999998295,0.29999999999998295,0.29999999999998295,2,2026-09-01
00-0041565,00-0041565,13289,Drew Allar,QB,699.6,699.6,0.0,0.0,0.0,2,2026-09-01
00-0041568,00-0041568,13275,Ty Simpson,QB,241.8,241.8,0.0,0.0,0.0,2,2026-09-01
00-0041579,00-0041579,13429,Seydou Traore,TE,668.6,668.6,0.0,0.0,0.0,2,2026-09-01
WAS569019,WAS569019,13305,Mike Washington,DB,160.3,158.9,-1.4000000000000057,-1.4000000000000057,-1.4000000000000057,2,2026-09-01
sleeper:10210,,10210,Cameron Latu,TE,673.1,673.1,0.0,0.0,0.0,2,2026-08-30
sleeper:10212,,10212,Josh Whyle,TE,695.5,695.5,0.0,0.0,0.0,2,2026-08-30
sleeper:10213,,10213,Tre Tucker,WR,202.7,202.5,-0.19999999999998863,-0.19999999999998863,-0.19999999999998863,2,2026-08-30
sleeper:10214,,10214,Davis Allen,TE,660.7,660.7,0.0,0.0,0.0,2,2026-08-30
sleeper:10215,,10215,Jake Haener,QB,654.7,654.7,0.0,0.0,0.0,2,2026-08-30
sleeper:10216,,10216,Kenny McIntosh,RB,684.4,684.4,0.0,0.0,0.0,2,2026-08-30
sleeper:10219,,10219,Chris Rodriguez,RB,141.7,142.3,0.6000000000000227,0.6000000000000227,0.6000000000000227,2,2026-08-30
sleeper:10220,,10220,Will Mallory,TE,698.5,698.5,0.0,0.0,0.0,2,2026-08-30
sleeper:10221,,10221,Ronnie Bell,WR,686.6,686.6,0.0,0.0,0.0,2,2026-08-30
sleeper:10222,,10222,Jayden Reed,WR,111.0,112.9,1.9000000000000057,1.9000000000000057,1.9000000000000057,2,2026-08-30
sleeper:10225,,10225,Jonathan Mingo,WR,699.9,699.9,0.0,0.0,0.0,2,2026-08-30
sleeper:10227,,10227,Payne Durham,TE,564.0,564.0,0.0,0.0,0.0,2,2026-08-30
sleeper:10229,,10229,Rashee Rice,WR,28.0,28.7,0.6999999999999993,0.6999999999999993,0.6999999999999993,2,2026-08-30
sleeper:10230,,10230,Jalen Wayne,WR,687.5,687.5,0.0,0.0,0.0,4,2026-09-01
sleeper:10232,,10232,Michael Wilson,WR,83.9,83.0,-0.9000000000000057,-0.9000000000000057,-0.9000000000000057,2,2026-08-30
sleeper:10236,,10236,Dalton Kincaid,TE,87.0,87.4,0.4000000000000057,0.4000000000000057,0.4000000000000057,2,2026-08-30
sleeper:1034,,1034,Brandon Bolden,RB,634.3,634.3,0.0,0.0,0.0,2,2026-08-30
sleeper:10444,,10444,Cedric Tillman,WR,667.4,667.4,0.0,0.0,0.0,2,2026-08-30
sleeper:1048,,1048,Lamar Miller,RB,699.5,699.5,0.0,0.0,0.0,2,2026-08-30
sleeper:1049,,1049,Ryan Tannehill,QB,623.1,623.1,0.0,0.0,0.0,2,2026-08-30
sleeper:10651,,10651,Mohamed Ibrahim,RB,696.7,696.7,0.0,0.0,0.0,2,2026-08-30
sleeper:1067,,1067,Marvin Jones,WR,650.5,650.5,0.0,0.0,0.0,2,2026-08-30
sleeper:1071,,1071,Mohamed Sanu,WR,697.7,697.7,0.0,0.0,0.0,2,2026-08-30
sleeper:1077,,1077,Travis Benjamin,WR,597.0,597.0,0.0,0.0,0.0,2,2026-08-30
sleeper:10859,,10859,Sam LaPorta,TE,59.6,59.6,0.0,0.0,0.0,2,2026-08-30
sleeper:10860,,10860,Malik Cunningham,WR,669.0,669.0,0.0,0.0,0.0,2,2026-08-30
sleeper:10861,,10861,Xazavian Valladay,RB,562.0,562.0,0.0,0.0,0.0,2,2026-08-30
sleeper:10862,,10862,Dorian Thompson-Robinson,QB,664.4,664.4,0.0,0.0,0.0,2,2026-08-30
sleeper:10863,,10863,A.T. Perry,WR,538.0,538.0,0.0,0.0,0.0,2,2026-08-30
sleeper:10865,,10865,Travis Dye,RB,694.1,694.1,0.0,0.0,0.0,4,2026-09-01
sleeper:10866,,10866,Aidan O'Connell,QB,662.3,662.3,0.0,0.0,0.0,2,2026-08-30
sleeper:10869,,10869,Matt Landers,WR,593.0,593.0,0.0,0.0,0.0,2,2026-08-30
sleeper:10870,,10870,Deneric Prince,RB,692.4,692.4,0.0,0.0,0.0,2,2026-08-30
sleeper:10937,,10937,Jake Moody,K,333.0,333.0,0.0,0.0,0.0,2,2026-08-30
sleeper:10955,,10955,Chad Ryland,K,350.0,350.0,0.0,0.0,0.0,2,2026-08-30
sleeper:1099,,1099,Randy Bullock,K,663.6,663.6,0.0,0.0,0.0,2,2026-08-30
sleeper:110,,110,Stephen Gostkowski,K,625.5,625.5,0.0,0.0,0.0,2,2026-08-30
sleeper:11008,,11008,Anders Carlson,K,674.7,674.7,0.0,0.0,0.0,2,2026-08-30
sleeper:11034,,11034,Jalen Brooks,WR,691.3,691.3,0.0,0.0,0.0,2,2026-08-30
sleeper:11046,,11046,Colton Dowell,WR,274.0,274.0,0.0,0.0,0.0,2,2026-08-30
sleeper:11053,,11053,Antoine Green,WR,671.8,595.8,-76.0,-76.0,-76.0,2,2026-08-30
sleeper:11056,,11056,Jared Wayne,WR,682.0,682.0,0.0,0.0,0.0,2,2026-08-30
sleeper:11060,,11060,Robert Burns,RB,396.8,422.0,25.19999999999999,25.19999999999999,25.19999999999999,4,2026-09-01
sleeper:11065,,11065,Adrian Martinez,QB,635.0,635.0,0.0,0.0,0.0,2,2026-08-30
sleeper:11070,,11070,Kazmeir Allen,WR,671.6,671.6,0.0,0.0,0.0,2,2026-08-30
sleeper:11073,,11073,Thayer Thomas,WR,264.0,264.0,0.0,0.0,0.0,4,2026-09-01
sleeper:11077,,11077,Jack Podlesny,K,602.5,491.6,-110.89999999999998,-110.89999999999998,-110.89999999999998,4,2026-09-01
sleeper:11080,,11080,Malik Knowles,WR,445.3,250.0,-195.3,-195.3,-195.3,4,2026-09-01
sleeper:11081,,11081,Cephus Johnson,WR,566.1,244.0,-322.1,-322.1,-322.1,4,2026-09-01
sleeper:11082,,11082,Ben Sims,TE,468.0,468.0,0.0,0.0,0.0,2,2026-08-30
sleeper:11088,,11088,Monte Pottebaum,FB,625.8,625.8,0.0,0.0,0.0,4,2026-09-01
sleeper:11089,,11089,Jordan Byrd,WR,575.7,252.0,-323.70000000000005,-323.70000000000005,-323.70000000000005,4,2026-09-01
sleeper:11092,,11092,B.T. Potter,K,681.3,681.3,0.0,0.0,0.0,4,2026-09-01
sleeper:11099,,11099,Kearis Jackson,WR,269.4,279.0,9.600000000000023,9.600000000000023,9.600000000000023,2,2026-08-30
sleeper:111,,111,Marcedes Lewis,TE,631.1,525.1,-106.0,-106.0,-106.0,2,2026-08-30
sleeper:11102,,11102,Charles McClelland,RB,494.8,427.6,-67.19999999999999,-67.19999999999999,-67.19999999999999,4,2026-09-01
sleeper:11104,,11104,SaRodorick Thompson,RB,673.0,673.0,0.0,0.0,0.0,2,2026-08-30
sleeper:11105,,11105,Shaquan Davis,WR,559.5,248.0,-311.5,-311.5,-311.5,2,2026-08-30
sleeper:11111,,11111,Sy Barnett,WR,564.8,428.8,-135.99999999999994,-135.99999999999994,-135.99999999999994,4,2026-09-01
sleeper:11113,,11113,Joel Wilson,TE,393.6,451.8,58.19999999999999,58.19999999999999,58.19999999999999,4,2026-09-01
sleeper:11114,,11114,Elijah Dotson,RB,337.9,269.0,-68.89999999999998,-68.89999999999998,-68.89999999999998,2,2026-08-30
sleeper:11115,,11115,Terrell Bynum,WR,412.1,280.0,-132.10000000000002,-132.10000000000002,-132.10000000000002,4,2026-09-01
sleeper:11123,,11123,Tyler Hoosman,RB,659.5,659.5,0.0,0.0,0.0,4,2026-09-01
sleeper:11126,,11126,Michael Ezeike,TE,542.3,522.0,-20.299999999999955,-20.299999999999955,-20.299999999999955,4,2026-09-01
sleeper:11130,,11130,Pokey Wilson,WR,697.1,350.3,-346.8,-346.8,-346.8,4,2026-09-01
sleeper:11133,,11133,Jaray Jenkins,WR,546.0,414.0,-132.0,-132.0,-132.0,2,2026-08-30
sleeper:11136,,11136,Oliver Martin,WR,650.0,650.0,0.0,0.0,0.0,4,2026-09-01
sleeper:11140,,11140,Leonard Taylor,TE,668.0,668.0,0.0,0.0,0.0,4,2026-09-01
sleeper:11146,,11146,Christopher Dunn,K,679.9,679.9,0.0,0.0,0.0,4,2026-09-01
sleeper:11155,,11155,Christian Sims,TE,547.1,396.0,-151.10000000000002,-151.10000000000002,-151.10000000000002,4,2026-09-01
sleeper:11157,,11157,Brycen Tremayne,WR,675.5,597.5,-78.0,-78.0,-78.0,2,2026-08-30
sleeper:11159,,11159,Zion Bowens,WR,681.5,681.5,0.0,0.0,0.0,4,2026-09-01
sleeper:11163,,11163,Tim DeMorat,QB,671.5,671.5,0.0,0.0,0.0,4,2026-09-01
sleeper:11168,,11168,Xavier Smith,WR,551.0,551.0,0.0,0.0,0.0,2,2026-08-30
sleeper:11169,,11169,Dresser Winn,QB,655.8,655.8,0.0,0.0,0.0,2,2026-08-30
sleeper:11172,,11172,Shae Wyatt,WR,454.0,454.0,0.0,0.0,0.0,4,2026-09-01
sleeper:11174,,11174,Jack Colletto,FB,691.5,691.5,0.0,0.0,0.0,4,2026-09-01
sleeper:11176,,11176,Khalan Laborn,RB,629.0,493.0,-136.0,-136.0,-136.0,4,2026-09-01
sleeper:11182,,11182,Ronald Awatt,RB,656.5,581.5,-75.0,-75.0,-75.0,4,2026-09-01
sleeper:11184,,11184,Daniel Arias,WR,676.0,513.0,-163.0,-163.0,-163.0,2,2026-08-30
sleeper:11186,,11186,Carlos Washington,RB,270.0,270.0,0.0,0.0,0.0,2,2026-08-30
sleeper:11189,,11189,Zay Malone,WR,332.5,318.3,-14.199999999999989,-14.199999999999989,-14.199999999999989,2,2026-09-01
sleeper:11190,,11190,Keilahn Harris,WR,631.3,631.3,0.0,0.0,0.0,4,2026-09-01
sleeper:11192,,11192,Malik Flowers,WR,426.8,521.6,94.80000000000001,94.80000000000001,94.80000000000001,2,2026-08-30
sleeper:11197,,11197,Joel Honigford,TE,505.9,548.5,42.60000000000002,42.60000000000002,42.60000000000002,2,2026-09-01
sleeper:11204,,11204,Duece Watts,WR,695.0,695.0,0.0,0.0,0.0,4,2026-09-01
sleeper:11209,,11209,Henry Pearson,FB,635.7,241.0,-394.70000000000005,-394.70000000000005,-394.70000000000005,2,2026-08-30
sleeper:11210,,11210,Malik Heath,WR,637.0,637.0,0.0,0.0,0.0,2,2026-08-30
sleeper:11213,,11213,Camren McDonald,TE,582.1,239.0,-343.1,-343.1,-343.1,4,2026-09-01
sleeper:11214,,11214,Tanner Morgan,QB,693.0,693.0,0.0,0.0,0.0,2,2026-08-30
sleeper:11216,,11216,Holton Ahlers,QB,636.8,636.8,0.0,0.0,0.0,2,2026-08-30
sleeper:11222,,11222,Marcus Cooper,RB,623.7,249.0,-374.70000000000005,-374.70000000000005,-374.70000000000005,4,2026-09-01
sleeper:11224,,11224,Griffin Hebert,TE,609.2,469.3,-139.90000000000003,-139.90000000000003,-139.90000000000003,4,2026-09-01
sleeper:11225,,11225,Noah Gindorff,TE,699.8,699.8,0.0,0.0,0.0,2,2026-08-30
sleeper:11229,,11229,Calvin Tyler,RB,657.6,251.0,-406.6,-406.6,-406.6,4,2026-09-01
sleeper:11231,,11231,Christian Trahan,TE,248.7,248.7,0.0,0.0,0.0,1,2026-09-01
sleeper:11245,,11245,Patrick Murtagh,TE,540.0,540.0,0.0,0.0,0.0,4,2026-09-01
sleeper:11249,,11249,Chris Smith,RB,472.9,267.0,-205.89999999999998,-205.89999999999998,-205.89999999999998,4,2026-09-01
sleeper:11257,,11257,Shedrick Jackson,WR,587.0,587.0,0.0,0.0,0.0,2,2026-08-30
sleeper:11260,,11260,Robert Burns,FB,589.5,291.0,-298.5,-298.5,-298.5,4,2026-09-01
sleeper:11261,,11261,Andre Szmyt,K,342.0,342.0,0.0,0.0,0.0,2,2026-08-30
sleeper:11262,,11262,Damien Caffrey,TE,620.5,620.5,0.0,0.0,0.0,4,2026-09-01
sleeper:11266,,11266,Thyrick Pitts,WR,631.0,631.0,0.0,0.0,0.0,4,2026-09-01
sleeper:11276,,11276,Joseph Ngata,WR,421.0,421.0,0.0,0.0,0.0,2,2026-08-30
sleeper:11280,,11280,Brady Russell,TE,636.0,636.0,0.0,0.0,0.0,2,2026-08-30
sleeper:11282,,11282,Johnny King,WR,564.0,662.5,98.5,98.5,98.5,4,2026-09-01
sleeper:11283,,11283,Darius Hagans,RB,254.0,254.0,0.0,0.0,0.0,1,2026-09-01
sleeper:11284,,11284,Cody Chrest,WR,401.0,401.0,0.0,0.0,0.0,1,2026-09-01
sleeper:11298,,11298,Ryan Jones,TE,397.7,513.0,115.30000000000001,115.30000000000001,115.30000000000001,3,2026-09-01
sleeper:11299,,11299,Zavier Scott,RB,693.0,693.0,0.0,0.0,0.0,2,2026-08-30
sleeper:11301,,11301,Braxton Westfield,WR,272.0,272.0,0.0,0.0,0.0,1,2026-09-01
sleeper:11306,,11306,Xavier Gipson,WR,531.0,531.0,0.0,0.0,0.0,2,2026-08-30
sleeper:11312,,11312,T.J. Luther,WR,643.1,631.6,-11.5,-11.5,-11.5,4,2026-09-01
sleeper:11344,,11344,Keytaon Thompson,WR,278.0,278.0,0.0,0.0,0.0,1,2026-09-01
sleeper:11347,,11347,Chase Cota,WR,531.0,531.0,0.0,0.0,0.0,2,2026-08-30
sleeper:11351,,11351,Thomas Greaney,TE,388.8,388.8,0.0,0.0,0.0,1,2026-09-01
sleeper:11357,,11357,Tyler Adams,WR,349.0,349.0,0.0,0.0,0.0,1,2026-09-01
sleeper:11359,,11359,Kody Case,WR,649.0,649.0,0.0,0.0,0.0,4,2026-09-01
sleeper:11366,,11366,Chris Coleman,WR,642.8,569.2,-73.59999999999991,-73.59999999999991,-73.59999999999991,4,2026-09-01
sleeper:11367,,11367,Daewood Davis,WR,377.5,448.0,70.5,70.5,70.5,3,2026-09-01
sleeper:11371,,11371,Julian Hill,TE,668.8,668.8,0.0,0.0,0.0,2,2026-08-30
sleeper:11377,,11377,Tyrell Shavers,WR,651.4,651.4,0.0,0.0,0.0,2,2026-08-30
sleeper:11378,,11378,Jordan Mims,RB,463.7,452.0,-11.699999999999989,-11.699999999999989,-11.699999999999989,2,2026-08-30
sleeper:11380,,11380,Johnny Lumpkin,TE,602.0,602.0,0.0,0.0,0.0,4,2026-09-01
sleeper:11382,,11382,Dontay Demus,WR,628.0,474.0,-154.0,-154.0,-154.0,2,2026-08-30
sleeper:11384,,11384,Owen Wright,RB,700.4,700.4,0.0,0.0,0.0,2,2026-08-30
sleeper:11388,,11388,Nolan Henderson,QB,670.7,670.7,0.0,0.0,0.0,4,2026-09-01
sleeper:11410,,11410,Braxton Burmeister,WR,643.9,643.9,0.0,0.0,0.0,4,2026-09-01
sleeper:11413,,11413,Ronnie Brown,RB,643.0,643.0,0.0,0.0,0.0,4,2026-09-01
sleeper:11415,,11415,Tanner Taula,TE,433.7,499.0,65.30000000000001,65.30000000000001,65.30000000000001,3,2026-09-01
sleeper:11421,,11421,Ryan Miller,WR,639.7,639.7,0.0,0.0,0.0,2,2026-08-30
sleeper:11431,,11431,Isaiah Bowser,RB,415.2,583.8,168.59999999999997,168.59999999999997,168.59999999999997,2,2026-09-01
sleeper:11433,,11433,Nate Adkins,TE,627.5,627.5,0.0,0.0,0.0,2,2026-08-30
sleeper:11435,,11435,Emanuel Wilson,RB,250.3,250.3,0.0,0.0,0.0,2,2026-08-30
sleeper:11445,,11445,Taylor Grimes,WR,639.3,483.3,-155.99999999999994,-155.99999999999994,-155.99999999999994,4,2026-09-01
sleeper:11447,,11447,Kris Leach,TE,281.5,272.0,-9.5,-9.5,-9.5,2,2026-09-01
sleeper:11456,,11456,Tre'Shaun Harrison,WR,526.1,604.5,78.39999999999998,78.39999999999998,78.39999999999998,4,2026-09-01
sleeper:11457,,11457,Trey Wolff,K,692.5,692.5,0.0,0.0,0.0,4,2026-09-01
sleeper:11467,,11467,John Samuel Shenker,TE,657.9,574.9,-83.0,-83.0,-83.0,2,2026-08-30
sleeper:11474,,11474,Dylan Drummond,WR,251.0,251.0,0.0,0.0,0.0,2,2026-08-30
sleeper:11486,,11486,Zach Ojile,FB,586.5,508.5,-78.0,-78.0,-78.0,2,2026-09-01
sleeper:11491,,11491,Austin Aune,QB,663.2,663.2,0.0,0.0,0.0,4,2026-09-01
sleeper:11495,,11495,Bryan Thompson,WR,448.3,448.3,0.0,0.0,0.0,2,2026-08-30
sleeper:11496,,11496,Braydon Johnson,WR,645.3,572.3,-73.0,-73.0,-73.0,4,2026-09-01
sleeper:11502,,11502,Brian Cobbs,WR,678.2,599.2,-79.0,-79.0,-79.0,4,2026-09-01
sleeper:11504,,11504,Jose Barbon,WR,692.0,692.0,0.0,0.0,0.0,4,2026-09-01
sleeper:11510,,11510,Hunter Luepke,FB,666.0,666.0,0.0,0.0,0.0,2,2026-08-30
sleeper:11520,,11520,Lucky Jackson,WR,666.6,666.6,0.0,0.0,0.0,2,2026-08-30
sleeper:11521,,11521,Jadakis Bonds,WR,495.0,495.0,0.0,0.0,0.0,3,2026-09-01
sleeper:11522,,11522,Jerome Kapp,WR,635.0,635.0,0.0,0.0,0.0,3,2026-09-01
sleeper:11528,,11528,Garett Maag,WR,241.0,241.0,0.0,0.0,0.0,3,2026-09-01
sleeper:11529,,11529,Ed Lee,WR,648.0,648.0,0.0,0.0,0.0,4,2026-09-01
sleeper:11532,,11532,Matthew Trickett,K,659.0,659.0,0.0,0.0,0.0,4,2026-09-01
sleeper:11533,,11533,Brandon Aubrey,K,92.2,93.1,0.8999999999999915,0.8999999999999915,0.8999999999999915,2,2026-08-30
sleeper:11536,,11536,Milton Wright,WR,464.0,464.0,0.0,0.0,0.0,4,2026-09-01
sleeper:11537,,11537,Wayne Taulapapa,RB,652.2,549.3,-102.90000000000009,-102.90000000000009,-102.90000000000009,4,2026-09-01
sleeper:11539,,11539,Jake Bates,K,139.3,141.5,2.1999999999999886,2.1999999999999886,2.1999999999999886,2,2026-08-30
sleeper:11543,,11543,Lachlan Pitts,TE,694.8,694.8,0.0,0.0,0.0,4,2026-09-01
sleeper:11548,,11548,Aaron Dykes,RB,664.7,670.7,6.0,6.0,6.0,4,2026-09-01
sleeper:11554,,11554,Chase Cota,WR,603.5,460.5,-143.0,-143.0,-143.0,4,2026-09-01
sleeper:11556,,11556,Devin Leary,QB,677.3,677.3,0.0,0.0,0.0,2,2026-08-30
sleeper:11558,,11558,Sam Hartman,QB,660.9,660.9,0.0,0.0,0.0,4,2026-09-01
sleeper:11559,,11559,Michael Penix,QB,227.9,227.9,0.0,0.0,0.0,2,2026-08-30
sleeper:11560,,11560,Caleb Williams,QB,71.1,71.2,0.10000000000000853,0.10000000000000853,0.10000000000000853,2,2026-08-30
sleeper:11561,,11561,Michael Pratt,QB,695.2,695.2,0.0,0.0,0.0,2,2026-08-30
sleeper:11563,,11563,Bo Nix,QB,119.5,119.4,-0.09999999999999432,-0.09999999999999432,-0.09999999999999432,2,2026-08-30
sleeper:11564,,11564,Drake Maye,QB,47.9,47.6,-0.29999999999999716,-0.29999999999999716,-0.29999999999999716,2,2026-08-30
sleeper:11565,,11565,J.J. McCarthy,QB,224.2,224.2,0.0,0.0,0.0,2,2026-08-30
sleeper:11566,,11566,Jayden Daniels,QB,65.2,64.3,-0.9000000000000057,-0.9000000000000057,-0.9000000000000057,2,2026-08-30
sleeper:11568,,11568,Blake Watson,RB,318.5,374.0,55.5,55.5,55.5,2,2026-08-30
sleeper:11569,,11569,Jarquez Hunter,RB,240.6,240.6,0.0,0.0,0.0,2,2026-08-30
sleeper:11575,,11575,Ray Davis,RB,223.7,225.7,2.0,2.0,2.0,2,2026-08-30
sleeper:11576,,11576,Braelon Allen,RB,204.8,205.8,1.0,1.0,1.0,2,2026-08-30
sleeper:11579,,11579,Audric Estime,RB,237.4,237.4,0.0,0.0,0.0,2,2026-08-30
sleeper:11580,,11580,Dillon Johnson,RB,649.3,649.3,0.0,0.0,0.0,2,2026-08-30
sleeper:11581,,11581,MarShawn Lloyd,RB,173.9,197.4,23.5,23.5,23.5,2,2026-08-30
sleeper:11582,,11582,Carson Steele,RB,629.5,629.5,0.0,0.0,0.0,2,2026-08-30
sleeper:11583,,11583,Jonathon Brooks,RB,106.1,106.1,0.0,0.0,0.0,2,2026-08-30
sleeper:11584,,11584,Bucky Irving,RB,42.3,41.7,-0.5999999999999943,-0.5999999999999943,-0.5999999999999943,2,2026-08-30
sleeper:11586,,11586,Blake Corum,RB,102.5,103.8,1.2999999999999972,1.2999999999999972,1.2999999999999972,2,2026-08-30
sleeper:11589,,11589,Trey Benson,RB,255.2,255.2,0.0,0.0,0.0,2,2026-08-30
sleeper:11595,,11595,Jared Wiley,TE,677.5,677.5,0.0,0.0,0.0,2,2026-08-30
sleeper:11597,,11597,Theo Johnson,TE,232.2,232.2,0.0,0.0,0.0,2,2026-08-30
sleeper:11598,,11598,Tanner McLachlan,TE,697.7,697.7,0.0,0.0,0.0,2,2026-08-30
sleeper:11603,,11603,AJ Barner,TE,183.5,183.1,-0.4000000000000057,-0.4000000000000057,-0.4000000000000057,2,2026-08-30
sleeper:11604,,11604,Brock Bowers,TE,23.4,23.3,-0.09999999999999787,-0.09999999999999787,-0.09999999999999787,2,2026-08-30
sleeper:11610,,11610,Malik Washington,WR,175.1,173.2,-1.9000000000000057,-1.9000000000000057,-1.9000000000000057,2,2026-08-30
sleeper:11617,,11617,Malachi Corley,WR,242.0,242.0,0.0,0.0,0.0,2,2026-08-30
sleeper:11618,,11618,Jalen McMillan,WR,211.8,209.2,-2.6000000000000227,-2.6000000000000227,-2.6000000000000227,2,2026-08-30
sleeper:11619,,11619,Ja'Lynn Polk,WR,687.9,580.0,-107.89999999999998,-107.89999999999998,-107.89999999999998,2,2026-08-30
sleeper:11620,,11620,Rome Odunze,WR,63.6,65.0,1.3999999999999986,1.3999999999999986,1.3999999999999986,2,2026-08-30
sleeper:11621,,11621,Brenden Rice,WR,257.0,394.0,137.0,137.0,137.0,2,2026-08-30
sleeper:11624,,11624,Xavier Worthy,WR,140.5,140.4,-0.09999999999999432,-0.09999999999999432,-0.09999999999999432,2,2026-08-30
sleeper:11625,,11625,Adonai Mitchell,WR,231.0,232.5,1.5,1.5,1.5,2,2026-08-30
sleeper:11627,,11627,Troy Franklin,WR,241.8,241.8,0.0,0.0,0.0,2,2026-08-30
sleeper:11628,,11628,Marvin Harrison,WR,76.7,75.8,-0.9000000000000057,-0.9000000000000057,-0.9000000000000057,2,2026-08-30
sleeper:11631,,11631,Brian Thomas,WR,73.5,73.1,-0.4000000000000057,-0.4000000000000057,-0.4000000000000057,2,2026-08-30
sleeper:11632,,11632,Malik Nabers,WR,27.0,27.6,0.6000000000000014,0.6000000000000014,0.6000000000000014,2,2026-08-30
sleeper:11635,,11635,Ladd McConkey,WR,38.1,38.4,0.29999999999999716,0.29999999999999716,0.29999999999999716,2,2026-08-30
sleeper:11637,,11637,Keon Coleman,WR,234.8,234.8,0.0,0.0,0.0,2,2026-08-30
sleeper:11638,,11638,Ricky Pearsall,WR,244.4,244.4,0.0,0.0,0.0,2,2026-08-30
sleeper:11640,,11640,Jermaine Burton,WR,594.0,594.0,0.0,0.0,0.0,2,2026-08-30
sleeper:11643,,11643,Jaylen Wright,RB,247.9,247.9,0.0,0.0,0.0,2,2026-08-30
sleeper:11645,,11645,Javon Baker,WR,665.9,665.9,0.0,0.0,0.0,2,2026-08-30
sleeper:11646,,11646,Jalen Coker,WR,146.8,145.8,-1.0,-1.0,-1.0,2,2026-08-30
sleeper:11647,,11647,Kimani Vidal,RB,237.8,237.8,0.0,0.0,0.0,2,2026-08-30
sleeper:11648,,11648,Kedon Slovis,QB,664.0,664.0,0.0,0.0,0.0,2,2026-08-30
sleeper:11649,,11649,Kendall Milton,RB,325.5,325.5,0.0,0.0,0.0,1,2026-08-30
sleeper:11652,,11652,Louis Rees-Zammit,RB,697.7,620.7,-77.0,-77.0,-77.0,2,2026-08-30
sleeper:11653,,11653,Charlie Smyth,K,269.0,269.0,0.0,0.0,0.0,4,2026-09-01
sleeper:11654,,11654,Dante Miller,RB,487.7,383.5,-104.19999999999999,-104.19999999999999,-104.19999999999999,2,2026-08-30
sleeper:11655,,11655,Tyrone Tracy,RB,167.9,163.8,-4.099999999999994,-4.099999999999994,-4.099999999999994,2,2026-08-30
sleeper:1169,,1169,Robert Griffin,QB,668.5,668.5,0.0,0.0,0.0,2,2026-08-30
sleeper:1170,,1170,Alfred Morris,RB,278.0,278.0,0.0,0.0,0.0,1,2026-08-30
sleeper:11748,,11748,Bub Means,WR,688.0,688.0,0.0,0.0,0.0,2,2026-08-30
sleeper:11783,,11783,Ryan Flournoy,WR,230.7,230.7,0.0,0.0,0.0,2,2026-08-30
sleeper:11786,,11786,Cam Little,K,135.0,134.0,-1.0,-1.0,-1.0,2,2026-08-30
sleeper:11789,,11789,Joshua Karty,K,669.5,669.5,0.0,0.0,0.0,2,2026-08-30
sleeper:11792,,11792,Will Reichard,K,171.0,170.1,-0.9000000000000057,-0.9000000000000057,-0.9000000000000057,2,2026-08-30
sleeper:11808,,11808,Jha'Quan Jackson,WR,301.7,416.0,114.30000000000001,114.30000000000001,114.30000000000001,2,2026-08-30
sleeper:11815,,11815,Cornelius Johnson,WR,270.0,270.0,0.0,0.0,0.0,1,2026-08-30
sleeper:11820,,11820,Devin Culp,TE,466.2,342.0,-124.19999999999999,-124.19999999999999,-124.19999999999999,2,2026-08-30
sleeper:11834,,11834,Devaughn Vele,WR,239.8,239.8,0.0,0.0,0.0,2,2026-08-30
sleeper:11848,,11848,Casey Bauman,QB,435.5,356.0,-79.5,-79.5,-79.5,4,2026-09-01
sleeper:11851,,11851,Carter Bradley,QB,249.0,249.0,0.0,0.0,0.0,1,2026-08-30
sleeper:11857,,11857,Daijun Edwards,RB,659.0,659.0,0.0,0.0,0.0,4,2026-09-01
sleeper:11859,,11859,John Rhys Plumlee,QB,643.5,643.5,0.0,0.0,0.0,4,2026-09-01
sleeper:11863,,11863,Leon Johnson,WR,524.5,268.0,-256.5,-256.5,-256.5,4,2026-09-01
sleeper:11864,,11864,Zach Heins,TE,549.0,549.0,0.0,0.0,0.0,4,2026-09-01
sleeper:11867,,11867,Jaelen Gill,WR,618.4,538.5,-79.89999999999998,-79.89999999999998,-79.89999999999998,4,2026-09-01
sleeper:11874,,11874,Jaylen Johnson,WR,283.5,259.0,-24.5,-24.5,-24.5,2,2026-09-01
sleeper:11885,,11885,Ramel Keyton,WR,247.0,247.0,0.0,0.0,0.0,2,2026-08-30
sleeper:11895,,11895,Mason Tipton,WR,490.0,490.0,0.0,0.0,0.0,2,2026-08-30
sleeper:11901,,11901,Kyle Sheets,WR,685.3,685.3,0.0,0.0,0.0,4,2026-09-01
sleeper:11911,,11911,Jeshaun Jones,WR,403.8,271.0,-132.8,-132.8,-132.8,4,2026-09-01
sleeper:11913,,11913,Devron Harper,WR,424.0,424.0,0.0,0.0,0.0,4,2026-09-01
sleeper:11918,,11918,Ahmarean Brown,WR,666.1,666.1,0.0,0.0,0.0,4,2026-09-01
sleeper:11921,,11921,Xavier Weaver,WR,647.0,647.0,0.0,0.0,0.0,2,2026-08-30
sleeper:11924,,11924,Tanner Mordecai,QB,623.9,623.9,0.0,0.0,0.0,2,2026-08-30
sleeper:11931,,11931,Austin Reed,QB,674.0,674.0,0.0,0.0,0.0,2,2026-08-30
sleeper:11932,,11932,Mike DiLiello,QB,534.5,473.0,-61.5,-61.5,-61.5,4,2026-09-01
sleeper:11940,,11940,JaQuae Jackson,WR,513.5,454.5,-59.0,-59.0,-59.0,2,2026-09-01
sleeper:11943,,11943,Michael Wiley,RB,465.0,498.0,33.0,33.0,33.0,2,2026-08-30
sleeper:11946,,11946,Marcus Rosemy-Jacksaint,WR,488.0,488.0,0.0,0.0,0.0,2,2026-08-30
sleeper:11949,,11949,Brayden Narveson,K,695.5,695.5,0.0,0.0,0.0,2,2026-08-30
sleeper:11957,,11957,Sam Schnee,WR,428.0,428.0,0.0,0.0,0.0,4,2026-09-01
sleeper:11959,,11959,Bryce Oliver,WR,656.0,656.0,0.0,0.0,0.0,2,2026-08-30
sleeper:11960,,11960,Steven Stilianos,TE,688.5,688.5,0.0,0.0,0.0,4,2026-09-01
sleeper:11961,,11961,Emory Jones,QB,655.5,655.5,0.0,0.0,0.0,4,2026-09-01
sleeper:11962,,11962,Tayvion Robinson,WR,683.0,683.0,0.0,0.0,0.0,4,2026-09-01
sleeper:11969,,11969,Xavier Johnson,WR,469.4,341.0,-128.39999999999998,-128.39999999999998,-128.39999999999998,2,2026-08-30
sleeper:11989,,11989,D.J. Williams,RB,595.0,595.0,0.0,0.0,0.0,2,2026-08-30
sleeper:11995,,11995,Zack Annexstad,QB,500.7,500.7,0.0,0.0,0.0,4,2026-09-01
sleeper:12003,,12003,Gunnar Watson,QB,421.5,399.7,-21.80000000000001,-21.80000000000001,-21.80000000000001,2,2026-09-01
sleeper:12007,,12007,Nathaniel Peat,RB,304.0,292.0,-12.0,-12.0,-12.0,2,2026-09-01
sleeper:12009,,12009,Jack Plummer,QB,661.2,661.2,0.0,0.0,0.0,2,2026-08-30
sleeper:12015,,12015,Harrison Mevis,K,151.9,149.7,-2.200000000000017,-2.200000000000017,-2.200000000000017,2,2026-08-30
sleeper:12019,,12019,Devin Carter,WR,669.1,361.9,-307.20000000000005,-307.20000000000005,-307.20000000000005,4,2026-09-01
sleeper:12028,,12028,TaMerik Williams,RB,252.0,263.0,11.0,11.0,11.0,2,2026-09-01
sleeper:12036,,12036,Ian Wheeler,RB,687.3,687.3,0.0,0.0,0.0,2,2026-08-30
sleeper:12039,,12039,TD Ayo-Durojaiye,RB,610.5,610.5,0.0,0.0,0.0,4,2026-09-01
sleeper:12045,,12045,Jack Westover,TE,625.5,472.7,-152.8,-152.8,-152.8,2,2026-08-30
sleeper:12061,,12061,Noah Cain,RB,324.0,306.0,-18.0,-18.0,-18.0,2,2026-09-01
sleeper:12062,,12062,Cam Grandy,TE,599.7,599.7,0.0,0.0,0.0,1,2026-08-30
sleeper:12066,,12066,Elijah Collins,RB,342.8,244.0,-98.80000000000001,-98.80000000000001,-98.80000000000001,2,2026-09-01
sleeper:12068,,12068,Mason Pline,TE,247.0,247.0,0.0,0.0,0.0,1,2026-08-30
sleeper:12074,,12074,Talik Keaton,WR,515.8,251.0,-264.79999999999995,-264.79999999999995,-264.79999999999995,3,2026-09-01
sleeper:12077,,12077,Lincoln Victor,WR,668.0,668.0,0.0,0.0,0.0,4,2026-09-01
sleeper:12079,,12079,Treyton Welch,TE,516.5,312.0,-204.5,-204.5,-204.5,4,2026-09-01
sleeper:12080,,12080,Aidan Robbins,RB,690.3,690.3,0.0,0.0,0.0,2,2026-08-30
sleeper:12085,,12085,Alec Holler,TE,670.0,670.0,0.0,0.0,0.0,4,2026-09-01
sleeper:12086,,12086,Cam Johnson,WR,601.3,601.3,0.0,0.0,0.0,4,2026-09-01
sleeper:12095,,12095,Jjay Mcafee,TE,670.0,632.0,-38.0,-38.0,-38.0,4,2026-09-01
sleeper:12100,,12100,Chris Autman-Bell,WR,246.0,246.0,0.0,0.0,0.0,1,2026-09-01
sleeper:12107,,12107,Dylan Leonard,TE,659.8,659.8,0.0,0.0,0.0,4,2026-09-01
sleeper:1211,,1211,Rhett Ellison,TE,674.5,674.5,0.0,0.0,0.0,2,2026-08-30
sleeper:12112,,12112,Camden Lewis,K,671.5,671.5,0.0,0.0,0.0,4,2026-09-01
sleeper:12113,,12113,Thomas Yassmin,TE,628.9,628.9,0.0,0.0,0.0,4,2026-09-01
sleeper:12118,,12118,Jacob Warren,TE,530.4,467.9,-62.5,-62.5,-62.5,4,2026-09-01
sleeper:12126,,12126,Isaac Rex,TE,507.5,507.5,0.0,0.0,0.0,4,2026-09-01
sleeper:12129,,12129,Jalon Calhoun,WR,606.0,606.0,0.0,0.0,0.0,4,2026-09-01
sleeper:12133,,12133,Drake Stoops,WR,424.0,424.0,0.0,0.0,0.0,1,2026-08-30
sleeper:12134,,12134,Sam Wiglusz,WR,537.4,547.0,9.600000000000023,9.600000000000023,9.600000000000023,4,2026-09-01
sleeper:12135,,12135,Neal Johnson,TE,633.8,633.8,0.0,0.0,0.0,4,2026-09-01
sleeper:12144,,12144,Je'Quan Burton,WR,487.0,487.0,0.0,0.0,0.0,4,2026-09-01
sleeper:12149,,12149,Gavin Hardison,QB,655.0,497.0,-158.0,-158.0,-158.0,4,2026-09-01
sleeper:1215,,1215,Jarius Wright,WR,535.0,434.0,-101.0,-101.0,-101.0,2,2026-08-30
sleeper:12150,,12150,Jarveon Howard,RB,248.0,248.0,0.0,0.0,0.0,4,2026-09-01
sleeper:12151,,12151,Julian Hicks,WR,573.0,573.0,0.0,0.0,0.0,4,2026-09-01
sleeper:12154,,12154,Messiah Swinson,TE,335.2,297.8,-37.39999999999998,-37.39999999999998,-37.39999999999998,4,2026-09-01
sleeper:12156,,12156,James Turner,K,690.2,613.2,-77.0,-77.0,-77.0,4,2026-09-01
sleeper:12166,,12166,Trey Potts,RB,615.0,407.5,-207.5,-207.5,-207.5,4,2026-09-01
sleeper:12168,,12168,Zach Mathis,WR,614.3,362.0,-252.29999999999995,-252.29999999999995,-252.29999999999995,4,2026-09-01
sleeper:12169,,12169,Reggie Brown,WR,594.9,399.3,-195.59999999999997,-195.59999999999997,-195.59999999999997,3,2026-09-01
sleeper:12170,,12170,Jaaron Hayek,WR,664.8,664.8,0.0,0.0,0.0,4,2026-09-01
sleeper:12173,,12173,Jaxon Janke,WR,666.5,666.5,0.0,0.0,0.0,4,2026-09-01
sleeper:12180,,12180,Alex McNulty,K,625.2,555.2,-70.0,-70.0,-70.0,4,2026-09-01
sleeper:12185,,12185,Spencer Shrader,K,378.0,378.0,0.0,0.0,0.0,2,2026-08-30
sleeper:12187,,12187,Malcolm Epps,TE,643.5,633.8,-9.700000000000045,-9.700000000000045,-9.700000000000045,4,2026-09-01
sleeper:12188,,12188,Justin Strong,RB,328.0,302.0,-26.0,-26.0,-26.0,2,2026-09-01
sleeper:12189,,12189,Xavier White,WR,241.0,250.0,9.0,9.0,9.0,2,2026-09-01
sleeper:12190,,12190,Jason Bean,QB,662.0,662.0,0.0,0.0,0.0,2,2026-08-30
sleeper:12191,,12191,Trent Pennix,TE,696.0,696.0,0.0,0.0,0.0,4,2026-09-01
sleeper:12197,,12197,John Paddock,QB,521.0,283.5,-237.5,-237.5,-237.5,4,2026-09-01
sleeper:12210,,12210,Cole Burgess,WR,443.0,443.0,0.0,0.0,0.0,1,2026-08-30
sleeper:12212,,12212,Austin Stogner,TE,673.3,673.3,0.0,0.0,0.0,4,2026-09-01
sleeper:12215,,12215,Kevin Foelsch,TE,643.4,643.4,0.0,0.0,0.0,4,2026-09-01
sleeper:12217,,12217,Shawn Bowman,TE,638.2,638.2,0.0,0.0,0.0,3,2026-09-01
sleeper:12218,,12218,Jalen Jackson,RB,244.0,244.0,0.0,0.0,0.0,3,2026-09-01
sleeper:12222,,12222,Joseph Scates,WR,528.1,240.0,-288.1,-288.1,-288.1,2,2026-09-01
sleeper:12226,,12226,Lorenzo Lingard,RB,618.0,506.5,-111.5,-111.5,-111.5,4,2026-09-01
sleeper:1223,,1223,Garrett Celek,TE,653.5,653.5,0.0,0.0,0.0,2,2026-08-30
sleeper:12231,,12231,JJ Laap,WR,374.9,254.0,-120.89999999999998,-120.89999999999998,-120.89999999999998,4,2026-09-01
sleeper:12235,,12235,Marcus Riley,WR,623.6,623.6,0.0,0.0,0.0,4,2026-09-01
sleeper:12237,,12237,Lincoln Sefcik,TE,249.0,249.0,0.0,0.0,0.0,4,2026-09-01
sleeper:12239,,12239,Peewee Jarrett,QB,591.5,591.5,0.0,0.0,0.0,4,2026-09-01
sleeper:12244,,12244,DeAngelo Hardy,WR,615.1,237.0,-378.1,-378.1,-378.1,4,2026-09-01
sleeper:12245,,12245,Jelani Baker,WR,669.9,238.0,-431.9,-431.9,-431.9,4,2026-09-01
sleeper:12246,,12246,Mike Rigerman,TE,653.3,681.3,28.0,28.0,28.0,4,2026-09-01
sleeper:12250,,12250,Riley Sharp,TE,653.3,653.3,0.0,0.0,0.0,4,2026-09-01
sleeper:12254,,12254,Phillip Brooks,WR,669.0,669.0,0.0,0.0,0.0,4,2026-09-01
sleeper:12256,,12256,Baylor Cupp,TE,646.7,646.7,0.0,0.0,0.0,2,2026-08-30
sleeper:12259,,12259,Taulia Tagovailoa,QB,690.4,690.4,0.0,0.0,0.0,4,2026-09-01
sleeper:12260,,12260,Mason Fairchild,TE,621.0,240.0,-381.0,-381.0,-381.0,4,2026-09-01
sleeper:12264,,12264,Cole Beck,WR,662.5,662.5,0.0,0.0,0.0,4,2026-09-01
sleeper:12267,,12267,Qadir Ismail,WR,548.5,548.5,0.0,0.0,0.0,4,2026-09-01
sleeper:12268,,12268,Colby Suits,QB,636.5,542.0,-94.5,-94.5,-94.5,4,2026-09-01
sleeper:12270,,12270,Andrew Peasley,QB,552.4,293.1,-259.29999999999995,-259.29999999999995,-259.29999999999995,4,2026-09-01
sleeper:12276,,12276,RJ Mobley,WR,682.7,245.0,-437.70000000000005,-437.70000000000005,-437.70000000000005,4,2026-09-01
sleeper:12277,,12277,John Matocha,QB,678.0,678.0,0.0,0.0,0.0,4,2026-09-01
sleeper:12278,,12278,Jacob Sirmon,QB,650.0,650.0,0.0,0.0,0.0,4,2026-09-01
sleeper:12281,,12281,Dimitri Stanley,WR,246.0,246.0,0.0,0.0,0.0,4,2026-09-01
sleeper:12283,,12283,Dylan McDuffie,RB,611.4,315.9,-295.5,-295.5,-295.5,4,2026-09-01
sleeper:12284,,12284,Michael Herzog,RB,524.3,259.0,-265.29999999999995,-265.29999999999995,-265.29999999999995,4,2026-09-01
sleeper:12285,,12285,Cade Peterson,QB,545.1,263.0,-282.1,-282.1,-282.1,4,2026-09-01
sleeper:12288,,12288,Mathieu Severance,RB,485.7,485.7,0.0,0.0,0.0,4,2026-09-01
sleeper:12291,,12291,Dakota Caton,WR,554.5,286.0,-268.5,-268.5,-268.5,4,2026-09-01
sleeper:12296,,12296,Kaylon Horton,WR,601.2,289.0,-312.20000000000005,-312.20000000000005,-312.20000000000005,4,2026-09-01
sleeper:12300,,12300,Joshua Lingenfelter,TE,694.5,694.5,0.0,0.0,0.0,4,2026-09-01
sleeper:12306,,12306,La'Damian Webb,RB,628.5,331.0,-297.5,-297.5,-297.5,4,2026-09-01
sleeper:12308,,12308,Samson Evans,RB,366.8,338.0,-28.80000000000001,-28.80000000000001,-28.80000000000001,4,2026-09-01
sleeper:12311,,12311,Daniel George,WR,417.8,352.5,-65.30000000000001,-65.30000000000001,-65.30000000000001,4,2026-09-01
sleeper:12312,,12312,Noah Rauschenberg,K,671.3,671.3,0.0,0.0,0.0,4,2026-09-01
sleeper:12314,,12314,Beau Corrales,WR,552.0,419.0,-133.0,-133.0,-133.0,4,2026-09-01
sleeper:1232,,1232,Robert Turbin,RB,581.0,463.0,-118.0,-118.0,-118.0,2,2026-08-30
sleeper:12320,,12320,Treyton Pickering,TE,362.7,343.0,-19.69999999999999,-19.69999999999999,-19.69999999999999,4,2026-09-01
sleeper:12324,,12324,William Thompson,QB,578.3,424.0,-154.29999999999995,-154.29999999999995,-154.29999999999995,4,2026-09-01
sleeper:12333,,12333,Dakereon Joyner,WR,599.8,514.0,-85.79999999999995,-85.79999999999995,-85.79999999999995,4,2026-09-01
sleeper:1234,,1234,Russell Wilson,QB,694.8,694.8,0.0,0.0,0.0,2,2026-08-30
sleeper:12340,,12340,Alex Larson,TE,664.0,588.0,-76.0,-76.0,-76.0,4,2026-09-01
sleeper:12355,,12355,Treveyon Pratt,WR,395.8,290.0,-105.80000000000001,-105.80000000000001,-105.80000000000001,3,2026-09-01
sleeper:12356,,12356,Jabari Small,RB,491.0,491.0,0.0,0.0,0.0,2,2026-08-30
sleeper:12361,,12361,Aeneas Dennis,QB,669.0,669.0,0.0,0.0,0.0,4,2026-09-01
sleeper:12370,,12370,Praise Olatoke,WR,464.0,358.0,-106.0,-106.0,-106.0,2,2026-08-30
sleeper:12372,,12372,Vincent Blanchard,K,679.9,679.9,0.0,0.0,0.0,4,2026-09-01
sleeper:12385,,12385,Jude McAtamney,K,629.5,629.5,0.0,0.0,0.0,2,2026-08-30
sleeper:12398,,12398,Jadon Janke,WR,566.0,566.0,0.0,0.0,0.0,3,2026-09-01
sleeper:12402,,12402,Ramon Jefferson,RB,540.0,246.0,-294.0,-294.0,-294.0,3,2026-09-01
sleeper:12403,,12403,Valentino Ambrosio,K,699.2,657.5,-41.700000000000045,-41.700000000000045,-41.700000000000045,4,2026-09-01
sleeper:12404,,12404,Colton Theaker,K,640.1,683.5,43.39999999999998,43.39999999999998,43.39999999999998,4,2026-09-01
sleeper:12408,,12408,Michael Hiers,QB,682.0,605.0,-77.0,-77.0,-77.0,4,2026-09-01
sleeper:12433,,12433,Ben Bryant,QB,678.3,300.0,-378.29999999999995,-378.29999999999995,-378.29999999999995,4,2026-09-01
sleeper:12434,,12434,Kairee Robinson,RB,638.7,478.2,-160.50000000000006,-160.50000000000006,-160.50000000000006,4,2026-09-01
sleeper:12435,,12435,Geor'Quarius Spivey,TE,389.9,690.0,300.1,300.1,300.1,3,2026-09-01
sleeper:12438,,12438,Alex Hale,K,665.7,665.7,0.0,0.0,0.0,2,2026-08-30
sleeper:1244,,1244,Josh Gordon,WR,684.0,684.0,0.0,0.0,0.0,2,2026-08-30
sleeper:12443,,12443,Devon Garrison,TE,269.3,265.0,-4.300000000000011,-4.300000000000011,-4.300000000000011,2,2026-09-01
sleeper:12455,,12455,Brashard Smith,RB,226.3,226.3,0.0,0.0,0.0,2,2026-08-30
sleeper:12457,,12457,Jaydon Blue,RB,228.6,229.7,1.0999999999999943,1.0999999999999943,1.0999999999999943,2,2026-08-30
sleeper:12469,,12469,Dylan Sampson,RB,190.8,188.2,-2.6000000000000227,-2.6000000000000227,-2.6000000000000227,2,2026-08-30
sleeper:12474,,12474,Woody Marks,RB,159.2,160.8,1.6000000000000227,1.6000000000000227,1.6000000000000227,2,2026-08-30
sleeper:12475,,12475,Ricky White,WR,676.5,676.5,0.0,0.0,0.0,2,2026-08-30
sleeper:12476,,12476,Devin Neal,RB,211.9,211.9,0.0,0.0,0.0,2,2026-08-30
sleeper:12477,,12477,Kurtis Rourke,QB,634.6,479.4,-155.20000000000005,-155.20000000000005,-155.20000000000005,2,2026-08-30
sleeper:12481,,12481,Cam Skattebo,RB,43.2,43.6,0.3999999999999986,0.3999999999999986,0.3999999999999986,2,2026-08-30
sleeper:12483,,12483,Jack Bech,WR,238.2,238.2,0.0,0.0,0.0,2,2026-08-30
sleeper:12484,,12484,Jayden Higgins,WR,196.3,195.9,-0.4000000000000057,-0.4000000000000057,-0.4000000000000057,2,2026-08-30
sleeper:12487,,12487,Terrance Ferguson,TE,206.4,206.8,0.4000000000000057,0.4000000000000057,0.4000000000000057,2,2026-08-30
sleeper:12489,,12489,RJ Harvey,RB,79.3,79.5,0.20000000000000284,0.20000000000000284,0.20000000000000284,2,2026-08-30
sleeper:12490,,12490,Bhayshul Tuten,RB,62.8,62.5,-0.29999999999999716,-0.29999999999999716,-0.29999999999999716,2,2026-08-30
sleeper:12491,,12491,Corey Kiner,RB,487.0,487.0,0.0,0.0,0.0,2,2026-08-30
sleeper:12492,,12492,Pat Bryant,WR,227.2,227.2,0.0,0.0,0.0,2,2026-08-30
sleeper:12493,,12493,Oronde Gadsden,TE,131.5,128.7,-2.8000000000000114,-2.8000000000000114,-2.8000000000000114,2,2026-08-30
sleeper:12496,,12496,Tai Felton,WR,692.7,692.7,0.0,0.0,0.0,2,2026-08-30
sleeper:12497,,12497,Tory Horton,WR,228.7,228.7,0.0,0.0,0.0,2,2026-08-30
sleeper:12498,,12498,Mason Taylor,TE,224.3,224.3,0.0,0.0,0.0,2,2026-08-30
sleeper:12499,,12499,Elic Ayomanor,WR,241.5,241.5,0.0,0.0,0.0,2,2026-08-30
sleeper:12501,,12501,Matthew Golden,WR,127.7,127.9,0.20000000000000284,0.20000000000000284,0.20000000000000284,2,2026-08-30
sleeper:12502,,12502,Gunnar Helm,TE,233.1,233.1,0.0,0.0,0.0,2,2026-08-30
sleeper:12504,,12504,Kaleb Johnson,RB,217.5,217.5,0.0,0.0,0.0,2,2026-08-30
sleeper:12506,,12506,Harold Fannin,TE,69.4,68.5,-0.9000000000000057,-0.9000000000000057,-0.9000000000000057,2,2026-08-30
sleeper:12507,,12507,Omarion Hampton,RB,15.7,15.2,-0.5,-0.5,-0.5,2,2026-08-30
sleeper:12508,,12508,Jaxson Dart,QB,91.8,91.5,-0.29999999999999716,-0.29999999999999716,-0.29999999999999716,2,2026-08-30
sleeper:12509,,12509,Tre' Harris,WR,230.5,231.4,0.9000000000000057,0.9000000000000057,0.9000000000000057,2,2026-08-30
sleeper:12512,,12512,Quinshon Judkins,RB,53.1,53.0,-0.10000000000000142,-0.10000000000000142,-0.10000000000000142,2,2026-08-30
sleeper:12514,,12514,Emeka Egbuka,WR,39.2,39.8,0.5999999999999943,0.5999999999999943,0.5999999999999943,2,2026-08-30
sleeper:12515,,12515,Donovan Edwards,RB,615.1,641.8,26.699999999999932,26.699999999999932,26.699999999999932,2,2026-08-30
sleeper:12516,,12516,Kalel Mullings,RB,690.0,690.0,0.0,0.0,0.0,2,2026-08-30
sleeper:12517,,12517,Colston Loveland,TE,39.1,40.8,1.6999999999999957,1.6999999999999957,1.6999999999999957,2,2026-08-30
sleeper:12518,,12518,Tyler Warren,TE,47.6,47.5,-0.10000000000000142,-0.10000000000000142,-0.10000000000000142,2,2026-08-30
sleeper:12519,,12519,Luther Burden,WR,54.7,52.4,-2.3000000000000043,-2.3000000000000043,-2.3000000000000043,2,2026-08-30
sleeper:12520,,12520,Xavier Restrepo,WR,675.0,675.0,0.0,0.0,0.0,2,2026-08-30
sleeper:12522,,12522,Cam Ward,QB,229.2,227.6,-1.5999999999999943,-1.5999999999999943,-1.5999999999999943,2,2026-08-30
sleeper:12524,,12524,Shedeur Sanders,QB,236.1,236.1,0.0,0.0,0.0,2,2026-08-30
sleeper:12526,,12526,Tetairoa McMillan,WR,37.9,37.0,-0.8999999999999986,-0.8999999999999986,-0.8999999999999986,2,2026-08-30
sleeper:12527,,12527,Ashton Jeanty,RB,14.7,14.5,-0.1999999999999993,-0.1999999999999993,-0.1999999999999993,2,2026-08-30
sleeper:12529,,12529,TreVeyon Henderson,RB,55.5,53.5,-2.0,-2.0,-2.0,2,2026-08-30
sleeper:12530,,12530,Travis Hunter,WR,166.3,167.0,0.6999999999999886,0.6999999999999886,0.6999999999999886,2,2026-08-30
sleeper:12532,,12532,Ja'Corey Brooks,WR,677.1,677.1,0.0,0.0,0.0,2,2026-08-30
sleeper:12533,,12533,Jacory Croskey-Merritt,RB,115.7,113.8,-1.9000000000000057,-1.9000000000000057,-1.9000000000000057,2,2026-08-30
sleeper:12534,,12534,Kyle Monangai,RB,100.6,99.8,-0.7999999999999972,-0.7999999999999972,-0.7999999999999972,2,2026-08-30
sleeper:12535,,12535,Isaac TeSlaa,WR,226.6,224.5,-2.0999999999999943,-2.0999999999999943,-2.0999999999999943,2,2026-08-30
sleeper:12536,,12536,Jaylin Noel,WR,213.7,213.7,0.0,0.0,0.0,2,2026-08-30
sleeper:12539,,12539,Arian Smith,WR,284.0,284.0,0.0,0.0,0.0,1,2026-08-30
sleeper:12540,,12540,Chimere Dike,WR,229.4,229.4,0.0,0.0,0.0,2,2026-08-30
sleeper:12545,,12545,Tyler Shough,QB,188.7,185.8,-2.8999999999999773,-2.8999999999999773,-2.8999999999999773,2,2026-08-30
sleeper:12546,,12546,Marcus Yarns,RB,260.3,260.0,-0.30000000000001137,-0.30000000000001137,-0.30000000000001137,2,2026-09-01
sleeper:12547,,12547,Kyle Williams,WR,222.1,222.1,0.0,0.0,0.0,2,2026-08-30
sleeper:12548,,12548,Lenny Krieg,K,677.5,677.5,0.0,0.0,0.0,2,2026-08-30
sleeper:12578,,12578,Carson Schwesinger,LB,457.0,457.0,0.0,0.0,0.0,2,2026-08-30
sleeper:1262,,1262,Alex Tanney,QB,403.6,429.8,26.19999999999999,26.19999999999999,26.19999999999999,2,2026-08-30
sleeper:12656,,12656,Robbie Ouzts,RB,610.8,610.8,0.0,0.0,0.0,2,2026-08-30
sleeper:12658,,12658,Jackson Hawes,TE,613.5,613.5,0.0,0.0,0.0,2,2026-08-30
sleeper:1266,,1266,Greg Zuerlein,K,669.8,669.8,0.0,0.0,0.0,2,2026-08-30
sleeper:12688,,12688,Cam Miller,QB,666.4,623.2,-43.19999999999993,-43.19999999999993,-43.19999999999993,2,2026-08-30
sleeper:12690,,12690,Tommy Mellott,WR,694.1,694.1,0.0,0.0,0.0,2,2026-08-30
sleeper:127,,127,Matt Bryant,K,533.8,503.5,-30.299999999999955,-30.299999999999955,-30.299999999999955,2,2026-08-30
sleeper:12700,,12700,Gavin Bartholomew,TE,667.2,667.2,0.0,0.0,0.0,2,2026-08-30
sleeper:12705,,12705,Graham Mertz,QB,521.5,521.5,0.0,0.0,0.0,2,2026-08-30
sleeper:12711,,12711,Tyler Loop,K,177.6,200.0,22.400000000000006,22.400000000000006,22.400000000000006,2,2026-08-30
sleeper:12713,,12713,Andy Borregales,K,172.1,155.8,-16.299999999999983,-16.299999999999983,-16.299999999999983,2,2026-08-30
sleeper:12715,,12715,Thomas Fidone,TE,365.0,365.0,0.0,0.0,0.0,1,2026-08-30
sleeper:12725,,12725,Luke Lachey,TE,439.5,423.0,-16.5,-16.5,-16.5,2,2026-08-30
sleeper:1273,,1273,Francis Owusu,WR,391.0,351.0,-40.0,-40.0,-40.0,2,2026-09-01
sleeper:12732,,12732,Dominic Lovett,WR,589.0,589.0,0.0,0.0,0.0,2,2026-08-30
sleeper:12743,,12743,Junior Bergen,WR,673.4,641.9,-31.5,-31.5,-31.5,2,2026-08-30
sleeper:12746,,12746,JP Richardson,WR,662.5,662.5,0.0,0.0,0.0,2,2026-08-30
sleeper:12750,,12750,Jonathan Kim,K,594.9,285.3,-309.59999999999997,-309.59999999999997,-309.59999999999997,4,2026-09-01
sleeper:12753,,12753,Jamoi Mayes,WR,416.5,368.5,-48.0,-48.0,-48.0,2,2026-09-01
sleeper:12755,,12755,Kelly Akharaiyi,WR,310.0,303.0,-7.0,-7.0,-7.0,2,2026-09-01
sleeper:12756,,12756,Stephen Gosnell,WR,589.1,589.1,0.0,0.0,0.0,4,2026-09-01
sleeper:12757,,12757,Hal Presley,WR,298.0,288.0,-10.0,-10.0,-10.0,2,2026-09-01
sleeper:12760,,12760,Rashod Owens,WR,454.8,281.0,-173.8,-173.8,-173.8,4,2026-09-01
sleeper:12761,,12761,Jordan Moore,WR,362.0,309.0,-53.0,-53.0,-53.0,2,2026-08-30
sleeper:12765,,12765,Keleki Latu,TE,643.8,571.2,-72.59999999999991,-72.59999999999991,-72.59999999999991,2,2026-08-30
sleeper:12772,,12772,Courtney Jackson,WR,637.0,637.0,0.0,0.0,0.0,2,2026-08-30
sleeper:12776,,12776,Connor Bazelak,QB,654.6,446.1,-208.5,-208.5,-208.5,4,2026-09-01
sleeper:12777,,12777,Joaquin Davis,WR,660.0,660.0,0.0,0.0,0.0,2,2026-08-30
sleeper:12778,,12778,Jerjuan Newton,WR,650.0,650.0,0.0,0.0,0.0,2,2026-09-01
sleeper:12787,,12787,Josh Williams,RB,655.4,581.4,-74.0,-74.0,-74.0,2,2026-08-30
sleeper:12788,,12788,Will Sheppard,WR,666.0,666.0,0.0,0.0,0.0,4,2026-09-01
sleeper:12791,,12791,Ryan Coe,K,541.5,407.2,-134.3,-134.3,-134.3,4,2026-09-01
sleeper:12792,,12792,Garrett Greene,QB,692.3,692.3,0.0,0.0,0.0,4,2026-09-01
sleeper:12809,,12809,Mac Dalena,WR,476.5,476.5,0.0,0.0,0.0,4,2026-09-01
sleeper:12815,,12815,Stevo Klotz,TE,694.1,694.1,0.0,0.0,0.0,4,2026-09-01
sleeper:12817,,12817,Jake Briningstool,TE,396.5,396.5,0.0,0.0,0.0,1,2026-08-30
sleeper:12824,,12824,Maddux Trujillo,K,652.3,627.8,-24.5,-24.5,-24.5,4,2026-09-01
sleeper:12826,,12826,Ulysses Bentley,RB,674.6,554.5,-120.10000000000002,-120.10000000000002,-120.10000000000002,2,2026-08-30
sleeper:12829,,12829,Coleman Owen,WR,244.0,244.0,0.0,0.0,0.0,2,2026-08-30
sleeper:12832,,12832,Blayne Taylor,WR,237.0,237.0,0.0,0.0,0.0,1,2026-09-01
sleeper:12834,,12834,Jimmy Bell,TE,663.8,663.8,0.0,0.0,0.0,4,2026-09-01
sleeper:12848,,12848,Josh Kelly,WR,603.0,603.0,0.0,0.0,0.0,4,2026-09-01
sleeper:12851,,12851,Rivaldo Fairweather,TE,683.3,683.3,0.0,0.0,0.0,4,2026-09-01
sleeper:12865,,12865,AJ Henning,WR,686.6,686.6,0.0,0.0,0.0,4,2026-09-01
sleeper:12866,,12866,Jalin Conyers,TE,326.5,326.5,0.0,0.0,0.0,1,2026-08-30
sleeper:1287,,1287,Kai Forbath,K,332.9,296.5,-36.39999999999998,-36.39999999999998,-36.39999999999998,2,2026-08-30
sleeper:12883,,12883,Joshua Simon,TE,441.5,415.0,-26.5,-26.5,-26.5,2,2026-08-30
sleeper:12884,,12884,Quincy Skinner,WR,615.9,488.8,-127.09999999999997,-127.09999999999997,-127.09999999999997,2,2026-08-30
sleeper:12888,,12888,Dalen Cambre,WR,686.5,686.5,0.0,0.0,0.0,4,2026-09-01
sleeper:12889,,12889,Beaux Collins,WR,679.9,679.9,0.0,0.0,0.0,2,2026-08-30
sleeper:12891,,12891,Jordan Bly,WR,669.5,669.5,0.0,0.0,0.0,4,2026-09-01
sleeper:12892,,12892,Da'Quan Felton,WR,647.0,647.0,0.0,0.0,0.0,4,2026-09-01
sleeper:12897,,12897,Nathan Carter,RB,699.0,699.0,0.0,0.0,0.0,2,2026-08-30
sleeper:1290,,1290,Jermaine Kearse,WR,661.3,661.3,0.0,0.0,0.0,2,2026-08-30
sleeper:12905,,12905,John Copenhaver,TE,386.5,330.0,-56.5,-56.5,-56.5,2,2026-09-01
sleeper:12907,,12907,Quentin Skinner,WR,574.0,574.0,0.0,0.0,0.0,4,2026-09-01
sleeper:12908,,12908,Chandler Brayboy,WR,653.3,653.3,0.0,0.0,0.0,4,2026-09-01
sleeper:12913,,12913,J.J. Jones,WR,695.4,695.4,0.0,0.0,0.0,4,2026-09-01
sleeper:12925,,12925,Jamaal Pritchett,WR,344.0,329.6,-14.399999999999977,-14.399999999999977,-14.399999999999977,2,2026-08-30
sleeper:12928,,12928,Amar Johnson,RB,699.5,699.5,0.0,0.0,0.0,2,2026-08-30
sleeper:12933,,12933,Caden Prieskorn,TE,527.4,505.5,-21.899999999999977,-21.899999999999977,-21.899999999999977,4,2026-09-01
sleeper:12935,,12935,Jakobie Keeney-James,WR,700.4,700.4,0.0,0.0,0.0,2,2026-08-30
sleeper:12938,,12938,Jackson Meeks,WR,677.8,677.8,0.0,0.0,0.0,2,2026-08-30
sleeper:12939,,12939,Anthony Tyus,RB,572.0,572.0,0.0,0.0,0.0,4,2026-09-01
sleeper:12940,,12940,Tre Stewart,RB,392.0,440.0,48.0,48.0,48.0,2,2026-08-30
sleeper:12941,,12941,Bryson Nesbit,TE,651.0,651.0,0.0,0.0,0.0,4,2026-09-01
sleeper:12946,,12946,Dontae Fleming,WR,534.8,449.7,-85.09999999999997,-85.09999999999997,-85.09999999999997,4,2026-09-01
sleeper:12954,,12954,Kye Robichaux,RB,455.0,455.0,0.0,0.0,0.0,2,2026-08-30
sleeper:12961,,12961,Ryan Fitzgerald,K,347.0,347.0,0.0,0.0,0.0,2,2026-08-30
sleeper:12963,,12963,Kayron Lynch-Adams,RB,394.7,394.7,0.0,0.0,0.0,4,2026-09-01
sleeper:12965,,12965,Ethan Garbers,QB,549.3,549.3,0.0,0.0,0.0,3,2026-09-01
sleeper:12967,,12967,Jacolby George,WR,619.4,635.2,15.800000000000068,15.800000000000068,15.800000000000068,4,2026-09-01
sleeper:12971,,12971,Ke'Shawn Williams,WR,636.0,636.0,0.0,0.0,0.0,2,2026-08-30
sleeper:12975,,12975,JJ Galbreath,TE,459.8,388.0,-71.80000000000001,-71.80000000000001,-71.80000000000001,3,2026-09-01
sleeper:12983,,12983,Brock Lampe,FB,375.0,606.0,231.0,231.0,231.0,4,2026-09-01
sleeper:12984,,12984,CJ Dippre,TE,617.1,603.4,-13.700000000000045,-13.700000000000045,-13.700000000000045,2,2026-08-30
sleeper:13005,,13005,Anthony Torres,TE,655.0,655.0,0.0,0.0,0.0,4,2026-09-01
sleeper:13011,,13011,Brennan Presley,WR,646.5,646.5,0.0,0.0,0.0,2,2026-08-30
sleeper:13013,,13013,Mark Redman,TE,261.0,295.0,34.0,34.0,34.0,2,2026-09-01
sleeper:13014,,13014,Pat Conroy,TE,620.8,620.8,0.0,0.0,0.0,2,2026-09-01
sleeper:13017,,13017,Hajj-Malik Williams,QB,642.4,642.4,0.0,0.0,0.0,4,2026-09-01
sleeper:13022,,13022,Sone Ntoh,RB,689.8,689.8,0.0,0.0,0.0,4,2026-09-01
sleeper:13026,,13026,Moochie Dixon,WR,562.1,349.0,-213.10000000000002,-213.10000000000002,-213.10000000000002,4,2026-09-01
sleeper:13034,,13034,Tyrone Broden,WR,659.0,659.0,0.0,0.0,0.0,3,2026-09-01
sleeper:13041,,13041,Jahmal Banks,WR,663.9,663.9,0.0,0.0,0.0,4,2026-09-01
sleeper:13042,,13042,Xavier Guillory,WR,577.0,441.0,-136.0,-136.0,-136.0,4,2026-09-01
sleeper:13047,,13047,Jacardia Wright,RB,677.2,677.2,0.0,0.0,0.0,2,2026-08-30
sleeper:13066,,13066,Ben Sauls,K,369.0,369.0,0.0,0.0,0.0,4,2026-09-01
sleeper:13074,,13074,Isaiah Neyor,WR,674.8,674.8,0.0,0.0,0.0,2,2026-08-30
sleeper:13085,,13085,Kole Taylor,TE,659.0,659.0,0.0,0.0,0.0,4,2026-09-01
sleeper:13088,,13088,Quali Conley,RB,238.0,238.0,0.0,0.0,0.0,3,2026-09-01
sleeper:13101,,13101,Gage Larvadain,WR,527.0,527.0,0.0,0.0,0.0,1,2026-08-30
sleeper:13108,,13108,Julian Fleming,WR,681.4,681.4,0.0,0.0,0.0,4,2026-09-01
sleeper:13110,,13110,Zach Horton,TE,691.3,691.3,0.0,0.0,0.0,4,2026-09-01
sleeper:13113,,13113,Dante Wright,WR,661.8,687.0,25.200000000000045,25.200000000000045,25.200000000000045,4,2026-09-01
sleeper:13116,,13116,Tre Watson,TE,636.9,678.0,41.10000000000002,41.10000000000002,41.10000000000002,3,2026-09-01
sleeper:13119,,13119,Collin Schlee,QB,636.5,636.5,0.0,0.0,0.0,4,2026-09-01
sleeper:13120,,13120,Jacoby Jones,WR,604.6,461.6,-143.0,-143.0,-143.0,2,2026-08-30
sleeper:13124,,13124,Jeremiah Webb,WR,467.0,467.0,0.0,0.0,0.0,4,2026-09-01
sleeper:13129,,13129,Jermaine Terry,TE,671.5,671.5,0.0,0.0,0.0,4,2026-09-01
sleeper:13145,,13145,ShunDerrick Powell,RB,638.0,638.0,0.0,0.0,0.0,1,2026-09-01
sleeper:13149,,13149,Caden Davis,K,685.2,389.5,-295.70000000000005,-295.70000000000005,-295.70000000000005,4,2026-09-01
sleeper:13153,,13153,Giles Jackson,WR,678.8,678.8,0.0,0.0,0.0,4,2026-09-01
sleeper:13158,,13158,Sam Pitz,TE,598.0,380.0,-218.0,-218.0,-218.0,4,2026-09-01
sleeper:13160,,13160,Reggie Brown,TE,533.8,412.0,-121.79999999999995,-121.79999999999995,-121.79999999999995,3,2026-09-01
sleeper:13161,,13161,Zakhari Franklin,WR,681.3,681.3,0.0,0.0,0.0,4,2026-09-01
sleeper:13162,,13162,Maximilian Mang,TE,410.0,496.0,86.0,86.0,86.0,3,2026-09-01
sleeper:13166,,13166,Kisean Johnson,WR,350.0,325.0,-25.0,-25.0,-25.0,2,2026-09-01
sleeper:13173,,13173,Jimmy Holiday,WR,563.0,563.0,0.0,0.0,0.0,4,2026-09-01
sleeper:13179,,13179,Ja'seem Reed,WR,676.8,676.8,0.0,0.0,0.0,2,2026-08-30
sleeper:13190,,13190,Taylor Elgersma,QB,685.3,685.3,0.0,0.0,0.0,4,2026-09-01
sleeper:13191,,13191,TJ Sheffield,WR,633.5,633.5,0.0,0.0,0.0,4,2026-09-01
sleeper:13194,,13194,Key'Shawn Smith,WR,501.0,501.0,0.0,0.0,0.0,3,2026-09-01
sleeper:13199,,13199,Montorie Foster,WR,647.0,647.0,0.0,0.0,0.0,2,2026-08-30
sleeper:13205,,13205,Luke Deal,TE,300.3,287.0,-13.300000000000011,-13.300000000000011,-13.300000000000011,2,2026-09-01
sleeper:13210,,13210,Drake Dabney,TE,409.3,409.3,0.0,0.0,0.0,4,2026-09-01
sleeper:13211,,13211,John Hoyland,K,451.5,368.7,-82.80000000000001,-82.80000000000001,-82.80000000000001,4,2026-09-01
sleeper:13212,,13212,Cade McDonald,WR,336.0,336.0,0.0,0.0,0.0,1,2026-09-01
sleeper:13213,,13213,Lucas Scott,FB,679.9,427.7,-252.2,-252.2,-252.2,4,2026-09-01
sleeper:13217,,13217,Hunter Dekkers,QB,606.8,484.3,-122.49999999999994,-122.49999999999994,-122.49999999999994,2,2026-08-30
sleeper:13221,,13221,Brett Gabbert,QB,671.6,671.6,0.0,0.0,0.0,4,2026-09-01
sleeper:13225,,13225,Sam Brown,WR,622.0,237.0,-385.0,-385.0,-385.0,3,2026-09-01
sleeper:13227,,13227,Mitch Van Vooren,WR,471.3,471.3,0.0,0.0,0.0,4,2026-09-01
sleeper:13237,,13237,Mark McNamee,K,389.3,266.7,-122.60000000000002,-122.60000000000002,-122.60000000000002,4,2026-09-01
sleeper:13240,,13240,Toa Taua,RB,330.8,251.0,-79.80000000000001,-79.80000000000001,-79.80000000000001,2,2026-09-01
sleeper:13249,,13249,Thomas Gordon,TE,512.0,512.0,0.0,0.0,0.0,4,2026-09-01
sleeper:13250,,13250,Nay'Quan Wright,RB,409.0,409.0,0.0,0.0,0.0,1,2026-09-01
sleeper:13251,,13251,Gunnar Oakes,TE,262.7,262.0,-0.6999999999999886,-0.6999999999999886,-0.6999999999999886,2,2026-09-01
sleeper:13255,,13255,Shane Watts,RB,482.3,397.0,-85.30000000000001,-85.30000000000001,-85.30000000000001,4,2026-09-01
sleeper:13256,,13256,Roderick Daniels,WR,365.5,337.5,-28.0,-28.0,-28.0,2,2026-09-01
sleeper:13258,,13258,Phil Lutz,WR,660.5,481.0,-179.5,-179.5,-179.5,4,2026-09-01
sleeper:13264,,13264,Dohnte Meyers,WR,627.5,627.5,0.0,0.0,0.0,2,2026-08-30
sleeper:13268,,13268,Elijah Sarratt,WR,229.2,229.2,0.0,0.0,0.0,2,2026-08-30
sleeper:13269,,13269,Fernando Mendoza,QB,182.8,179.1,-3.700000000000017,-3.700000000000017,-3.700000000000017,2,2026-08-30
sleeper:13273,,13273,Josh Cuevas,TE,697.1,697.1,0.0,0.0,0.0,2,2026-08-30
sleeper:13274,,13274,Germie Bernard,WR,229.8,229.8,0.0,0.0,0.0,2,2026-08-30
sleeper:13275,,13275,Ty Simpson,QB,241.8,241.8,0.0,0.0,0.0,2,2026-08-30
sleeper:13276,,13276,Omar Cooper,WR,194.7,190.1,-4.599999999999994,-4.599999999999994,-4.599999999999994,2,2026-08-30
sleeper:13277,,13277,CJ Donaldson,RB,465.5,465.5,0.0,0.0,0.0,2,2026-08-30
sleeper:13278,,13278,Max Klare,TE,248.8,248.8,0.0,0.0,0.0,2,2026-08-30
sleeper:13279,,13279,Carnell Tate,WR,66.3,65.9,-0.3999999999999915,-0.3999999999999915,-0.3999999999999915,2,2026-08-30
sleeper:13280,,13280,Chamon Metayer,TE,260.5,260.5,0.0,0.0,0.0,4,2026-09-01
sleeper:13281,,13281,Jordyn Tyson,WR,93.3,89.4,-3.8999999999999915,-3.8999999999999915,-3.8999999999999915,2,2026-08-30
sleeper:13284,,13284,Dylan Devezin,RB,529.8,529.8,0.0,0.0,0.0,4,2026-09-01
sleeper:13285,,13285,Malachi Fields,WR,219.3,219.8,0.5,0.5,0.5,2,2026-08-30
sleeper:13286,,13286,Jadarian Price,RB,67.5,67.9,0.4000000000000057,0.4000000000000057,0.4000000000000057,2,2026-08-30
sleeper:13287,,13287,Jeremiyah Love,RB,26.3,26.7,0.3999999999999986,0.3999999999999986,0.3999999999999986,2,2026-08-30
sleeper:13288,,13288,Nicholas Singleton,RB,210.5,209.0,-1.5,-1.5,-1.5,2,2026-08-30
sleeper:13289,,13289,Drew Allar,QB,699.6,699.6,0.0,0.0,0.0,2,2026-08-30
sleeper:1329,,1329,Chris Hogan,WR,625.0,625.0,0.0,0.0,0.0,2,2026-08-30
sleeper:13290,,13290,Jalen Moss,WR,692.0,692.0,0.0,0.0,0.0,4,2026-09-01
sleeper:13291,,13291,Kejon Owens,RB,328.7,299.5,-29.19999999999999,-29.19999999999999,-29.19999999999999,2,2026-09-01
sleeper:13292,,13292,Lake McRee,TE,700.3,700.3,0.0,0.0,0.0,4,2026-09-01
sleeper:13293,,13293,Ja'Kobi Lane,WR,156.1,157.3,1.200000000000017,1.200000000000017,1.200000000000017,2,2026-08-30
sleeper:13294,,13294,Makai Lemon,WR,89.4,86.4,-3.0,-3.0,-3.0,2,2026-08-30
sleeper:13296,,13296,Caleb Douglas,WR,198.4,213.5,15.099999999999994,15.099999999999994,15.099999999999994,2,2026-08-30
sleeper:13298,,13298,KC Concepcion,WR,121.0,121.3,0.29999999999999716,0.29999999999999716,0.29999999999999716,2,2026-08-30
sleeper:13301,,13301,Antonio Williams,WR,235.8,236.6,0.799999999999983,0.799999999999983,0.799999999999983,2,2026-08-30
sleeper:13304,,13304,O'Mega Blake,WR,696.8,617.0,-79.79999999999995,-79.79999999999995,-79.79999999999995,4,2026-09-01
sleeper:13305,,13305,Mike Washington,RB,155.6,171.7,16.099999999999994,16.099999999999994,16.099999999999994,2,2026-08-30
sleeper:13308,,13308,Bauer Sharp,TE,588.2,588.2,0.0,0.0,0.0,1,2026-08-30
sleeper:13309,,13309,Aaron Anderson,WR,674.9,674.9,0.0,0.0,0.0,4,2026-09-01
sleeper:13311,,13311,Chris Bell,WR,240.9,240.9,0.0,0.0,0.0,2,2026-08-30
sleeper:13312,,13312,Josh Kattus,TE,699.2,699.2,0.0,0.0,0.0,4,2026-09-01
sleeper:13315,,13315,Dean Connors,RB,666.2,666.2,0.0,0.0,0.0,2,2026-08-30
sleeper:13316,,13316,Eric Rivers,WR,695.3,537.4,-157.89999999999998,-157.89999999999998,-157.89999999999998,2,2026-08-30
sleeper:13317,,13317,Ted Hurst,WR,239.6,239.6,0.0,0.0,0.0,2,2026-08-30
sleeper:13318,,13318,Noah Thomas,WR,646.8,646.8,0.0,0.0,0.0,2,2026-08-30
sleeper:13320,,13320,Zachariah Branch,WR,207.6,191.3,-16.299999999999983,-16.299999999999983,-16.299999999999983,2,2026-08-30
sleeper:13321,,13321,Dan Villari,TE,677.3,677.3,0.0,0.0,0.0,2,2026-08-30
sleeper:13325,,13325,Jordan Hudson,WR,695.8,695.8,0.0,0.0,0.0,2,2026-08-30
sleeper:13327,,13327,Desmond Reid,RB,652.5,652.5,0.0,0.0,0.0,4,2026-09-01
sleeper:13328,,13328,Anthony Hankerson,RB,671.8,671.8,0.0,0.0,0.0,4,2026-09-01
sleeper:13330,,13330,Kenyon Sadiq,TE,164.4,153.4,-11.0,-11.0,-11.0,2,2026-08-30
sleeper:13331,,13331,Dae'Quan Wright,TE,292.4,448.5,156.10000000000002,156.10000000000002,156.10000000000002,2,2026-08-30
sleeper:13337,,13337,Emmett Johnson,RB,209.4,208.8,-0.5999999999999943,-0.5999999999999943,-0.5999999999999943,2,2026-08-30
sleeper:13342,,13342,John Michael Gyllenborg,TE,611.2,611.2,0.0,0.0,0.0,2,2026-08-30
sleeper:13345,,13345,Jonah Coleman,RB,170.7,169.4,-1.299999999999983,-1.299999999999983,-1.299999999999983,2,2026-08-30
sleeper:13346,,13346,Denzel Boston,WR,169.3,166.0,-3.3000000000000114,-3.3000000000000114,-3.3000000000000114,2,2026-08-30
sleeper:13347,,13347,Demond Claiborne,RB,242.0,242.0,0.0,0.0,0.0,2,2026-08-30
sleeper:13349,,13349,Eli Stowers,TE,238.9,238.9,0.0,0.0,0.0,2,2026-08-30
sleeper:13350,,13350,Joe Fagnano,QB,664.0,664.0,0.0,0.0,0.0,4,2026-09-01
sleeper:13351,,13351,Junior Vandeross,WR,239.0,239.0,0.0,0.0,0.0,3,2026-09-01
sleeper:13353,,13353,Chris Brazzell,WR,400.0,400.0,0.0,0.0,0.0,2,2026-08-30
sleeper:13356,,13356,Trebor Pena,WR,662.5,662.5,0.0,0.0,0.0,2,2026-08-30
sleeper:13357,,13357,Lance Mason,TE,685.2,543.6,-141.60000000000002,-141.60000000000002,-141.60000000000002,4,2026-09-01
sleeper:13365,,13365,Anthony Hill,LB,347.0,302.0,-45.0,-45.0,-45.0,2,2026-08-30
sleeper:13368,,13368,Jermod McCoy,DB,440.5,353.5,-87.0,-87.0,-87.0,4,2026-09-01
sleeper:13376,,13376,Caleb Downs,DB,535.0,535.0,0.0,0.0,0.0,4,2026-09-01
sleeper:1338,,1338,Matt Barkley,QB,645.0,599.4,-45.60000000000002,-45.60000000000002,-45.60000000000002,2,2026-08-30
sleeper:13392,,13392,Jeff Caldwell,WR,679.4,679.4,0.0,0.0,0.0,2,2026-08-30
sleeper:13401,,13401,Michael Trigg,TE,249.7,249.7,0.0,0.0,0.0,2,2026-08-30
sleeper:13404,,13404,Garrett Nussmeier,QB,668.0,668.0,0.0,0.0,0.0,2,2026-08-30
sleeper:13405,,13405,Kaytron Allen,RB,239.1,239.1,0.0,0.0,0.0,2,2026-08-30
sleeper:13409,,13409,Donaven McCulley,WR,455.0,455.0,0.0,0.0,0.0,1,2026-08-30
sleeper:13410,,13410,Chase Roberts,WR,350.0,350.0,0.0,0.0,0.0,2,2026-08-30
sleeper:13413,,13413,Cyrus Allen,WR,174.2,172.2,-2.0,-2.0,-2.0,2,2026-08-30
sleeper:13414,,13414,Kaelon Black,RB,214.4,215.1,0.6999999999999886,0.6999999999999886,0.6999999999999886,2,2026-08-30
sleeper:13416,,13416,Roman Hemby,RB,691.0,691.0,0.0,0.0,0.0,2,2026-08-30
sleeper:13417,,13417,De'Zhaun Stribling,WR,138.8,137.0,-1.8000000000000114,-1.8000000000000114,-1.8000000000000114,2,2026-08-30
sleeper:13418,,13418,Robert Henry,RB,534.0,534.0,0.0,0.0,0.0,2,2026-08-30
sleeper:13419,,13419,Jaydn Ott,RB,635.8,635.8,0.0,0.0,0.0,2,2026-08-30
sleeper:13422,,13422,Jaren Kanak,TE,530.2,530.2,0.0,0.0,0.0,2,2026-08-30
sleeper:13425,,13425,Jalon Daniels,QB,659.3,659.3,0.0,0.0,0.0,2,2026-08-30
sleeper:13428,,13428,Joey Aguilar,QB,684.4,684.4,0.0,0.0,0.0,4,2026-09-01
sleeper:13429,,13429,Seydou Traore,TE,668.6,668.6,0.0,0.0,0.0,2,2026-08-30
sleeper:13431,,13431,Miles Kitselman,TE,694.9,373.0,-321.9,-321.9,-321.9,4,2026-09-01
sleeper:13432,,13432,Khalil Dinkins,TE,612.7,545.7,-67.0,-67.0,-67.0,2,2026-08-30
sleeper:13433,,13433,Riley Nowakowski,TE,643.4,643.4,0.0,0.0,0.0,2,2026-08-30
sleeper:13435,,13435,Joe Royer,TE,683.0,683.0,0.0,0.0,0.0,2,2026-08-30
sleeper:13436,,13436,Kentrel Bullock,RB,615.3,615.3,0.0,0.0,0.0,4,2026-09-01
sleeper:13437,,13437,Noah Whittington,RB,655.9,655.9,0.0,0.0,0.0,2,2026-08-30
sleeper:13438,,13438,DeaMonte Trayanum,RB,381.5,281.0,-100.5,-100.5,-100.5,2,2026-09-01
sleeper:13440,,13440,Damien Alford,WR,579.0,579.0,0.0,0.0,0.0,4,2026-09-01
sleeper:1346,,1346,Marquise Goodwin,WR,645.0,645.0,0.0,0.0,0.0,2,2026-08-30
sleeper:13516,,13516,Max Bredeson,TE,667.3,667.3,0.0,0.0,0.0,2,2026-08-30
sleeper:13541,,13541,Lewis Bond,WR,678.4,678.4,0.0,0.0,0.0,2,2026-08-30
sleeper:13545,,13545,Trey Smack,K,195.8,212.7,16.899999999999977,16.899999999999977,16.899999999999977,4,2026-09-01
sleeper:13557,,13557,Athan Kaliakmanis,QB,670.2,670.2,0.0,0.0,0.0,2,2026-08-30
sleeper:13580,,13580,Carsen Ryan,TE,671.0,671.0,0.0,0.0,0.0,1,2026-08-30
sleeper:13592,,13592,Chandler Morris,QB,621.0,532.0,-89.0,-89.0,-89.0,4,2026-09-01
sleeper:13595,,13595,Cash Jones,RB,646.0,646.0,0.0,0.0,0.0,2,2026-08-30
sleeper:13597,,13597,Matthew Caldwell,QB,671.2,671.2,0.0,0.0,0.0,4,2026-09-01
sleeper:13599,,13599,Kyron Drones,QB,670.3,670.3,0.0,0.0,0.0,4,2026-09-01
sleeper:13600,,13600,Tyren Montgomery,WR,667.4,667.4,0.0,0.0,0.0,2,2026-08-30
sleeper:13604,,13604,Sincere Brown,WR,611.6,611.6,0.0,0.0,0.0,4,2026-09-01
sleeper:13608,,13608,Jerand Bradley,WR,510.1,687.5,177.39999999999998,177.39999999999998,177.39999999999998,4,2026-09-01
sleeper:13617,,13617,Luke Wysong,WR,610.6,262.0,-348.6,-348.6,-348.6,4,2026-09-01
sleeper:13619,,13619,Marcus Sanders,WR,674.4,393.5,-280.9,-280.9,-280.9,3,2026-09-01
sleeper:13630,,13630,Evan Svoboda,TE,493.0,493.0,0.0,0.0,0.0,4,2026-09-01
sleeper:13644,,13644,Mason Shipley,K,674.6,674.6,0.0,0.0,0.0,4,2026-09-01
sleeper:13645,,13645,Michael Wortham,WR,618.7,618.7,0.0,0.0,0.0,4,2026-09-01
sleeper:13647,,13647,Ben Patterson,WR,666.9,431.5,-235.39999999999998,-235.39999999999998,-235.39999999999998,4,2026-09-01
sleeper:13658,,13658,Brady Boyd,WR,652.5,652.5,0.0,0.0,0.0,4,2026-09-01
sleeper:13662,,13662,Will Pauling,WR,694.0,694.0,0.0,0.0,0.0,4,2026-09-01
sleeper:13670,,13670,Harrison Wallace,WR,688.3,688.3,0.0,0.0,0.0,2,2026-08-30
sleeper:13673,,13673,Trent Battle,RB,638.8,638.8,0.0,0.0,0.0,4,2026-09-01
sleeper:13674,,13674,Chris Hilton,WR,599.0,599.0,0.0,0.0,0.0,2,2026-08-30
sleeper:13677,,13677,Noah Short,WR,573.0,573.0,0.0,0.0,0.0,4,2026-09-01
sleeper:13681,,13681,Kaidon Salter,QB,652.0,652.0,0.0,0.0,0.0,4,2026-09-01
sleeper:13696,,13696,Ja'Mori Maclin,WR,671.4,671.4,0.0,0.0,0.0,2,2026-08-30
sleeper:13698,,13698,Max Tomczak,WR,698.0,698.0,0.0,0.0,0.0,4,2026-09-01
sleeper:13702,,13702,Malik Rutherford,WR,450.0,450.0,0.0,0.0,0.0,3,2026-09-01
sleeper:13708,,13708,Kobe Prentice,WR,540.0,540.0,0.0,0.0,0.0,2,2026-08-30
sleeper:13710,,13710,Gabriel Plascencia,K,640.1,640.1,0.0,0.0,0.0,4,2026-09-01
sleeper:13712,,13712,Hayden Large,TE,632.5,632.5,0.0,0.0,0.0,4,2026-09-01
sleeper:13726,,13726,Camden Brown,WR,637.3,637.3,0.0,0.0,0.0,2,2026-08-30
sleeper:13731,,13731,Luke Drzewiecki,K,570.8,355.8,-214.99999999999994,-214.99999999999994,-214.99999999999994,4,2026-09-01
sleeper:13743,,13743,Joseph Manjack,WR,650.0,650.0,0.0,0.0,0.0,4,2026-09-01
sleeper:13744,,13744,Cameron Ross,WR,576.0,499.0,-77.0,-77.0,-77.0,2,2026-09-01
sleeper:13749,,13749,Kole Wilson,WR,670.3,346.2,-324.09999999999997,-324.09999999999997,-324.09999999999997,4,2026-09-01
sleeper:13760,,13760,Jaden Bradley,WR,658.5,658.5,0.0,0.0,0.0,4,2026-09-01
sleeper:13764,,13764,Chris Freeman,K,662.1,553.0,-109.10000000000002,-109.10000000000002,-109.10000000000002,4,2026-09-01
sleeper:13768,,13768,Josh Pitsenburger,RB,645.8,645.8,0.0,0.0,0.0,4,2026-09-01
sleeper:13770,,13770,J. Michael Sturdivant,WR,683.9,683.9,0.0,0.0,0.0,2,2026-08-30
sleeper:13772,,13772,Eni Falayi,TE,697.3,464.0,-233.29999999999995,-233.29999999999995,-233.29999999999995,4,2026-09-01
sleeper:13773,,13773,Isaiah Jacobs,RB,561.9,561.9,0.0,0.0,0.0,4,2026-09-01
sleeper:13776,,13776,Hank Beatty,WR,661.6,661.6,0.0,0.0,0.0,2,2026-08-30
sleeper:13777,,13777,Ademola Faleye,TE,352.1,246.5,-105.60000000000002,-105.60000000000002,-105.60000000000002,2,2026-09-01
sleeper:13779,,13779,Al-Jay Henderson,RB,671.7,690.0,18.299999999999955,18.299999999999955,18.299999999999955,4,2026-09-01
sleeper:13780,,13780,Terion Stewart,RB,637.1,482.1,-155.0,-155.0,-155.0,4,2026-09-01
sleeper:13781,,13781,Ken Seals,QB,669.9,626.3,-43.60000000000002,-43.60000000000002,-43.60000000000002,4,2026-09-01
sleeper:13802,,13802,Jacob Clark,QB,677.0,677.0,0.0,0.0,0.0,4,2026-09-01
sleeper:13805,,13805,E.J. Williams,WR,641.3,641.3,0.0,0.0,0.0,4,2026-09-01
sleeper:13806,,13806,Matt Lauter,TE,587.5,377.5,-210.0,-210.0,-210.0,3,2026-09-01
sleeper:13810,,13810,Rohan Jones,TE,527.7,527.7,0.0,0.0,0.0,2,2026-08-30
sleeper:13813,,13813,Laith Marjan,K,670.7,670.7,0.0,0.0,0.0,4,2026-09-01
sleeper:13818,,13818,Romello Brinson,WR,696.0,696.0,0.0,0.0,0.0,4,2026-09-01
sleeper:13825,,13825,Malik McClain,WR,580.0,580.0,0.0,0.0,0.0,3,2026-09-01
sleeper:13826,,13826,Caullin Lacy,WR,439.5,439.5,0.0,0.0,0.0,1,2026-08-30
sleeper:13827,,13827,Tanner Arkin,TE,479.5,293.6,-185.89999999999998,-185.89999999999998,-185.89999999999998,3,2026-09-01
sleeper:13830,,13830,Kyle Dixon,WR,630.0,630.0,0.0,0.0,0.0,4,2026-09-01
sleeper:13831,,13831,Kevorian Barnes,RB,567.5,433.5,-134.0,-134.0,-134.0,4,2026-09-01
sleeper:13833,,13833,Dominic Zvada,K,355.3,355.3,0.0,0.0,0.0,4,2026-09-01
sleeper:13834,,13834,Cody Hardy,TE,699.5,236.0,-463.5,-463.5,-463.5,3,2026-09-01
sleeper:13835,,13835,Mekhi Mews,WR,603.1,412.6,-190.5,-190.5,-190.5,4,2026-09-01
sleeper:13838,,13838,Will Ferrin,K,442.2,442.2,0.0,0.0,0.0,4,2026-09-01
sleeper:13842,,13842,Ethan Sanchez,K,511.6,511.6,0.0,0.0,0.0,3,2026-09-01
sleeper:13844,,13844,Coleman Bennett,RB,485.0,485.0,0.0,0.0,0.0,3,2026-09-01
sleeper:13846,,13846,Jack Velling,TE,664.6,664.6,0.0,0.0,0.0,4,2026-09-01
sleeper:13849,,13849,Cortez Braham,WR,525.0,453.3,-71.69999999999999,-71.69999999999999,-71.69999999999999,4,2026-09-01
sleeper:13850,,13850,Octavian Smith,WR,663.0,587.0,-76.0,-76.0,-76.0,4,2026-09-01
sleeper:13852,,13852,Dontae McMillan,RB,692.9,692.9,0.0,0.0,0.0,4,2026-09-01
sleeper:13859,,13859,Jalen Walthall,WR,499.7,499.7,0.0,0.0,0.0,4,2026-09-01
sleeper:1386,,1386,Giovani Bernard,RB,676.6,676.6,0.0,0.0,0.0,2,2026-08-30
sleeper:13862,,13862,Treyvhon Saunders,WR,646.5,646.5,0.0,0.0,0.0,4,2026-09-01
sleeper:13867,,13867,Sean Brown,WR,647.5,526.1,-121.39999999999998,-121.39999999999998,-121.39999999999998,4,2026-09-01
sleeper:13870,,13870,Quentin Moore,TE,545.0,475.0,-70.0,-70.0,-70.0,4,2026-09-01
sleeper:13873,,13873,Sam Scott,RB,524.5,524.5,0.0,0.0,0.0,3,2026-09-01
sleeper:13879,,13879,Jameson Geers,TE,619.0,619.0,0.0,0.0,0.0,3,2026-09-01
sleeper:1388,,1388,Tyler Eifert,TE,626.7,676.0,49.299999999999955,49.299999999999955,49.299999999999955,2,2026-08-30
sleeper:13889,,13889,Levi Wentz,WR,432.3,423.0,-9.300000000000011,-9.300000000000011,-9.300000000000011,3,2026-09-01
sleeper:13890,,13890,Michael Briscoe,WR,452.6,452.6,0.0,0.0,0.0,3,2026-09-01
sleeper:13898,,13898,Corey Rucker,WR,613.0,546.0,-67.0,-67.0,-67.0,4,2026-09-01
sleeper:13904,,13904,Jacob De Jesus,WR,671.9,671.9,0.0,0.0,0.0,4,2026-09-01
sleeper:13905,,13905,Omari Evans,WR,624.9,527.7,-97.19999999999993,-97.19999999999993,-97.19999999999993,4,2026-09-01
sleeper:13906,,13906,Jaden Nixon,RB,655.5,655.5,0.0,0.0,0.0,4,2026-09-01
sleeper:13909,,13909,Elijah Tau-Tolliver,RB,476.3,476.3,0.0,0.0,0.0,4,2026-09-01
sleeper:13913,,13913,Patrick Gurd,TE,571.8,445.8,-125.99999999999994,-125.99999999999994,-125.99999999999994,4,2026-09-01
sleeper:13916,,13916,Xavier Loyd,WR,643.0,643.0,0.0,0.0,0.0,4,2026-09-01
sleeper:13920,,13920,Jonathan Brady,WR,273.0,274.0,1.0,1.0,1.0,2,2026-09-01
sleeper:13923,,13923,Joshua Pitsenberger,RB,531.4,358.2,-173.2,-173.2,-173.2,3,2026-09-01
sleeper:13929,,13929,Sahmir Hagans,WR,694.0,617.0,-77.0,-77.0,-77.0,4,2026-09-01
sleeper:13930,,13930,Jordon Vaughn,RB,699.4,411.3,-288.09999999999997,-288.09999999999997,-288.09999999999997,4,2026-09-01
sleeper:13931,,13931,E.J. Horton,WR,628.0,628.0,0.0,0.0,0.0,4,2026-09-01
sleeper:13937,,13937,Jackson Acker,FB,511.0,511.0,0.0,0.0,0.0,4,2026-09-01
sleeper:13939,,13939,Gabriel Benyard,WR,629.0,550.0,-79.0,-79.0,-79.0,2,2026-09-01
sleeper:13941,,13941,Omari Kelly,WR,700.8,700.8,0.0,0.0,0.0,4,2026-09-01
sleeper:13943,,13943,Squirrel White,WR,680.3,680.3,0.0,0.0,0.0,4,2026-09-01
sleeper:13962,,13962,Cameron Dorner,WR,697.2,697.2,0.0,0.0,0.0,4,2026-09-01
sleeper:13963,,13963,Nick DeGennaro,WR,556.9,457.4,-99.5,-99.5,-99.5,4,2026-09-01
sleeper:13964,,13964,Myles Montgomery,RB,668.9,668.9,0.0,0.0,0.0,2,2026-08-30
sleeper:13968,,13968,Drew Stevens,K,629.7,629.7,0.0,0.0,0.0,4,2026-09-01
sleeper:13972,,13972,Brandon Frazier,TE,387.8,340.0,-47.80000000000001,-47.80000000000001,-47.80000000000001,3,2026-09-01
sleeper:13973,,13973,Keelan Marion,WR,610.8,489.2,-121.59999999999997,-121.59999999999997,-121.59999999999997,4,2026-09-01
sleeper:13981,,13981,Kolbe Katsis,WR,663.7,663.7,0.0,0.0,0.0,4,2026-09-01
sleeper:13988,,13988,Stone Eby,TE,676.0,676.0,0.0,0.0,0.0,4,2026-09-01
sleeper:13989,,13989,E.J. Warner,QB,627.9,458.6,-169.29999999999995,-169.29999999999995,-169.29999999999995,4,2026-09-01
sleeper:14001,,14001,Julius Davis,RB,608.0,401.0,-207.0,-207.0,-207.0,4,2026-09-01
sleeper:14005,,14005,Tommy Thomas,WR,602.5,602.5,0.0,0.0,0.0,4,2026-09-01
sleeper:14008,,14008,Rodney Hammond,RB,537.3,284.0,-253.29999999999995,-253.29999999999995,-253.29999999999995,4,2026-09-01
sleeper:14017,,14017,Brett Weaver,TE,637.0,637.0,0.0,0.0,0.0,4,2026-09-01
sleeper:14020,,14020,Dean Patterson,WR,695.5,695.5,0.0,0.0,0.0,4,2026-09-01
sleeper:14021,,14021,Kadarius Calloway,RB,661.5,661.5,0.0,0.0,0.0,4,2026-09-01
sleeper:14029,,14029,Johnny Pascuzzi,TE,603.2,603.2,0.0,0.0,0.0,4,2026-09-01
sleeper:14031,,14031,Kyron Hudson,WR,496.0,496.0,0.0,0.0,0.0,4,2026-09-01
sleeper:14038,,14038,Trayvon Rudolph,WR,514.0,514.0,0.0,0.0,0.0,3,2026-09-01
sleeper:14039,,14039,Mante Morrow,WR,597.8,597.8,0.0,0.0,0.0,4,2026-09-01
sleeper:14041,,14041,Anderson Castle,RB,624.0,624.0,0.0,0.0,0.0,4,2026-09-01
sleeper:14047,,14047,Heinrich Haarberg,TE,664.5,664.5,0.0,0.0,0.0,4,2026-09-01
sleeper:14055,,14055,Louis Hansen,TE,610.0,541.0,-69.0,-69.0,-69.0,4,2026-09-01
sleeper:14058,,14058,Malick Meiga,WR,654.6,654.6,0.0,0.0,0.0,4,2026-09-01
sleeper:14061,,14061,Jeremiah Franklin,TE,527.5,430.0,-97.5,-97.5,-97.5,4,2026-09-01
sleeper:14062,,14062,Tyler Moore,TE,653.3,653.3,0.0,0.0,0.0,4,2026-09-01
sleeper:14080,,14080,Barika Kpeenu,RB,663.0,663.0,0.0,0.0,0.0,4,2026-09-01
sleeper:14082,,14082,Alex Tecza,RB,414.3,386.7,-27.600000000000023,-27.600000000000023,-27.600000000000023,4,2026-09-01
sleeper:14085,,14085,Matthew Henry,WR,486.0,404.6,-81.39999999999998,-81.39999999999998,-81.39999999999998,4,2026-09-01
sleeper:1425,,1425,Ryan Griffin,TE,489.0,489.0,0.0,0.0,0.0,2,2026-08-30
sleeper:1433,,1433,Brandon McManus,K,680.6,680.6,0.0,0.0,0.0,2,2026-08-30
sleeper:1451,,1451,C.J. Anderson,RB,696.8,696.8,0.0,0.0,0.0,2,2026-08-30
sleeper:1466,,1466,Travis Kelce,TE,90.6,92.7,2.1000000000000085,2.1000000000000085,2.1000000000000085,2,2026-08-30
sleeper:147,,147,DeSean Jackson,WR,697.2,697.2,0.0,0.0,0.0,2,2026-08-30
sleeper:1476,,1476,Latavius Murray,RB,692.1,692.1,0.0,0.0,0.0,2,2026-08-30
sleeper:1479,,1479,Keenan Allen,WR,197.1,197.4,0.30000000000001137,0.30000000000001137,0.30000000000001137,2,2026-08-30
sleeper:1500,,1500,Jordan Reed,TE,498.8,498.8,0.0,0.0,0.0,2,2026-08-30
sleeper:1502,,1502,Chris Thompson,RB,449.2,449.2,0.0,0.0,0.0,2,2026-08-30
sleeper:1517,,1517,Theo Riddick,RB,274.2,372.0,97.80000000000001,97.80000000000001,97.80000000000001,2,2026-08-30
sleeper:1535,,1535,Cordarrelle Patterson,RB,651.9,651.9,0.0,0.0,0.0,2,2026-08-30
sleeper:1546,,1546,Kenjon Barner,RB,249.0,249.0,0.0,0.0,0.0,2,2026-08-30
sleeper:1550,,1550,Ryan Griffin,QB,616.0,616.0,0.0,0.0,0.0,2,2026-08-30
sleeper:1555,,1555,Kenny Stills,WR,588.0,588.0,0.0,0.0,0.0,2,2026-08-30
sleeper:1559,,1559,Mike Glennon,QB,685.0,685.0,0.0,0.0,0.0,2,2026-08-30
sleeper:1587,,1587,Vance McDonald,TE,664.0,503.0,-161.0,-161.0,-161.0,2,2026-08-30
sleeper:1601,,1601,Spencer Ware,RB,375.4,345.8,-29.599999999999966,-29.599999999999966,-29.599999999999966,2,2026-08-30
sleeper:1689,,1689,Adam Thielen,WR,668.8,668.8,0.0,0.0,0.0,2,2026-08-30
sleeper:17,,17,Matt Prater,K,687.8,687.8,0.0,0.0,0.0,2,2026-08-30
sleeper:1718,,1718,Derek Carrier,TE,692.5,692.5,0.0,0.0,0.0,2,2026-08-30
sleeper:1737,,1737,Case Keenum,QB,662.0,662.0,0.0,0.0,0.0,2,2026-08-30
sleeper:178,,178,Matt Schaub,QB,656.5,656.5,0.0,0.0,0.0,2,2026-08-30
sleeper:1800,,1800,Jordan Matthews,TE,638.5,638.5,0.0,0.0,0.0,2,2026-08-30
sleeper:1817,,1817,Sammy Watkins,WR,679.9,679.9,0.0,0.0,0.0,2,2026-08-30
sleeper:1825,,1825,Jarvis Landry,WR,589.5,589.5,0.0,0.0,0.0,2,2026-08-30
sleeper:1837,,1837,Jimmy Garoppolo,QB,685.4,685.4,0.0,0.0,0.0,2,2026-08-30
sleeper:1895,,1895,AJ McCarron,QB,700.0,700.0,0.0,0.0,0.0,2,2026-08-30
sleeper:1911,,1911,Willie Snead,WR,438.5,510.0,71.5,71.5,71.5,2,2026-08-30
sleeper:1916,,1916,Martavis Bryant,WR,399.5,298.0,-101.5,-101.5,-101.5,2,2026-08-30
sleeper:1945,,1945,Chris Boswell,K,157.8,158.6,0.799999999999983,0.799999999999983,0.799999999999983,2,2026-08-30
sleeper:1971,,1971,Donte Moncrief,WR,641.5,641.5,0.0,0.0,0.0,2,2026-08-30
sleeper:1979,,1979,Blake Bortles,QB,624.7,624.7,0.0,0.0,0.0,2,2026-08-30
sleeper:1984,,1984,Allen Hurns,WR,382.0,382.0,0.0,0.0,0.0,1,2026-08-30
sleeper:1992,,1992,Allen Robinson,WR,627.9,560.8,-67.10000000000002,-67.10000000000002,-67.10000000000002,2,2026-08-30
sleeper:2003,,2003,Bennie Fowler,WR,635.0,635.0,0.0,0.0,0.0,2,2026-08-30
sleeper:2004,,2004,Cody Latimer,WR,656.5,656.5,0.0,0.0,0.0,2,2026-08-30
sleeper:2020,,2020,Cairo Santos,K,231.6,233.8,2.200000000000017,2.200000000000017,2.200000000000017,2,2026-08-30
sleeper:2023,,2023,De'Anthony Thomas,WR,670.0,670.0,0.0,0.0,0.0,2,2026-08-30
sleeper:2044,,2044,Brelan Chancellor,WR,544.1,243.0,-301.1,-301.1,-301.1,3,2026-09-01
sleeper:208,,208,Josh McCown,QB,684.0,684.0,0.0,0.0,0.0,2,2026-08-30
sleeper:2106,,2106,David Fales,QB,458.5,458.5,0.0,0.0,0.0,2,2026-08-30
sleeper:2114,,2114,Senorise Perry,RB,504.0,381.0,-123.0,-123.0,-123.0,2,2026-08-30
sleeper:2118,,2118,Eric Ebron,TE,646.1,646.1,0.0,0.0,0.0,2,2026-08-30
sleeper:2119,,2119,James Franklin,QB,690.6,467.7,-222.90000000000003,-222.90000000000003,-222.90000000000003,4,2026-09-01
sleeper:2133,,2133,Davante Adams,WR,50.5,50.2,-0.29999999999999716,-0.29999999999999716,-0.29999999999999716,2,2026-08-30
sleeper:2146,,2146,Richard Rodgers,TE,636.7,636.7,0.0,0.0,0.0,2,2026-08-30
sleeper:2168,,2168,Devonta Freeman,RB,687.3,687.3,0.0,0.0,0.0,2,2026-08-30
sleeper:2174,,2174,Roosevelt Nix,FB,695.8,695.8,0.0,0.0,0.0,2,2026-08-30
sleeper:2216,,2216,Mike Evans,WR,61.4,61.0,-0.3999999999999986,-0.3999999999999986,-0.3999999999999986,2,2026-08-30
sleeper:2229,,2229,Garrett Gilbert,QB,285.9,275.9,-10.0,-10.0,-10.0,2,2026-08-30
sleeper:2238,,2238,John Brown,WR,673.5,673.5,0.0,0.0,0.0,1,2026-08-30
sleeper:2304,,2304,Jerome Cunningham,TE,667.0,667.0,0.0,0.0,0.0,2,2026-08-30
sleeper:2312,,2312,Kevin White,WR,449.0,449.0,0.0,0.0,0.0,1,2026-08-30
sleeper:2315,,2315,Todd Gurley,RB,678.1,678.1,0.0,0.0,0.0,2,2026-08-30
sleeper:2319,,2319,DeVante Parker,WR,466.5,466.5,0.0,0.0,0.0,2,2026-08-30
sleeper:2320,,2320,Melvin Gordon,RB,419.7,500.5,80.80000000000001,80.80000000000001,80.80000000000001,2,2026-08-30
sleeper:2342,,2342,Devin Smith,WR,521.6,521.6,0.0,0.0,0.0,1,2026-08-30
sleeper:2346,,2346,Devin Funchess,TE,688.7,688.7,0.0,0.0,0.0,2,2026-08-30
sleeper:2359,,2359,Ameer Abdullah,RB,612.4,612.4,0.0,0.0,0.0,2,2026-08-30
sleeper:2360,,2360,Maxx Williams,TE,413.0,413.0,0.0,0.0,0.0,2,2026-08-30
sleeper:2373,,2373,Clive Walford,TE,536.0,536.0,0.0,0.0,0.0,1,2026-08-30
sleeper:2378,,2378,Tevin Coleman,RB,311.7,311.7,0.0,0.0,0.0,1,2026-08-30
sleeper:2382,,2382,Duke Johnson,RB,673.5,673.5,0.0,0.0,0.0,2,2026-08-30
sleeper:2390,,2390,Tyler Kroft,TE,574.0,435.0,-139.0,-139.0,-139.0,2,2026-08-30
sleeper:2394,,2394,Sean Mannion,QB,694.7,694.7,0.0,0.0,0.0,2,2026-08-30
sleeper:2410,,2410,Jamison Crowder,WR,690.0,690.0,0.0,0.0,0.0,2,2026-08-30
sleeper:2412,,2412,Justin Hardy,WR,498.0,498.0,0.0,0.0,0.0,1,2026-08-30
sleeper:2431,,2431,Mike Davis,RB,638.0,638.0,0.0,0.0,0.0,2,2026-08-30
sleeper:2446,,2446,MyCole Pruitt,TE,263.0,263.0,0.0,0.0,0.0,2,2026-08-30
sleeper:2449,,2449,Stefon Diggs,WR,109.7,110.8,1.0999999999999943,1.0999999999999943,1.0999999999999943,2,2026-08-30
sleeper:2450,,2450,Brett Hundley,QB,677.0,515.0,-162.0,-162.0,-162.0,2,2026-08-30
sleeper:2452,,2452,Jay Ajayi,RB,667.1,667.1,0.0,0.0,0.0,2,2026-08-30
sleeper:2460,,2460,C.J. Uzomah,TE,242.0,242.0,0.0,0.0,0.0,1,2026-08-30
sleeper:2462,,2462,J.J. Nelson,WR,611.0,611.0,0.0,0.0,0.0,2,2026-08-30
sleeper:2463,,2463,Jesse James,TE,636.8,636.8,0.0,0.0,0.0,2,2026-08-30
sleeper:2465,,2465,Kenny Bell,WR,482.0,482.0,0.0,0.0,0.0,1,2026-08-30
sleeper:2476,,2476,James O'Shaughnessy,TE,238.0,238.0,0.0,0.0,0.0,1,2026-08-30
sleeper:2502,,2502,Bud Sasser,WR,637.5,637.5,0.0,0.0,0.0,4,2026-09-01
sleeper:2528,,2528,Ben Koyack,TE,427.0,333.0,-94.0,-94.0,-94.0,2,2026-08-30
sleeper:2532,,2532,Da'Ron Brown,WR,657.5,657.5,0.0,0.0,0.0,2,2026-08-30
sleeper:2549,,2549,Trevor Siemian,QB,500.9,437.6,-63.299999999999955,-63.299999999999955,-63.299999999999955,2,2026-08-30
sleeper:2557,,2557,Jerry Lovelocke,QB,650.6,487.5,-163.10000000000002,-163.10000000000002,-163.10000000000002,4,2026-09-01
sleeper:2560,,2560,Zach Zenner,RB,698.2,698.2,0.0,0.0,0.0,2,2026-08-30
sleeper:2561,,2561,Anthony Boone,QB,656.0,656.0,0.0,0.0,0.0,4,2026-09-01
sleeper:2567,,2567,Bryan Bennett,QB,692.9,692.9,0.0,0.0,0.0,4,2026-09-01
sleeper:2573,,2573,DaVaris Daniels,WR,266.0,266.0,0.0,0.0,0.0,4,2026-09-01
sleeper:2577,,2577,Devante Davis,WR,627.3,533.8,-93.5,-93.5,-93.5,4,2026-09-01
sleeper:2581,,2581,Jahwan Edwards,RB,700.8,700.8,0.0,0.0,0.0,2,2026-08-30
sleeper:2583,,2583,Tyrell Williams,WR,692.0,692.0,0.0,0.0,0.0,2,2026-08-30
sleeper:2587,,2587,Dres Anderson,WR,652.5,578.5,-74.0,-74.0,-74.0,2,2026-08-30
sleeper:2588,,2588,Malcolm Brown,RB,245.0,245.0,0.0,0.0,0.0,1,2026-08-30
sleeper:2593,,2593,Antwan Goodley,WR,519.5,519.5,0.0,0.0,0.0,1,2026-08-30
sleeper:2595,,2595,Tim Semisch,TE,378.7,378.7,0.0,0.0,0.0,3,2026-09-01
sleeper:2597,,2597,Michael Dyer,RB,370.5,262.0,-108.5,-108.5,-108.5,3,2026-09-01
sleeper:260,,260,Josh Johnson,QB,544.0,544.0,0.0,0.0,0.0,2,2026-08-30
sleeper:2600,,2600,Ricky Seale,RB,583.8,583.8,0.0,0.0,0.0,3,2026-09-01
sleeper:2602,,2602,Darius Jennings,WR,309.0,309.0,0.0,0.0,0.0,1,2026-08-30
sleeper:2620,,2620,Jake Heaps,QB,535.0,313.0,-222.0,-222.0,-222.0,3,2026-09-01
sleeper:2650,,2650,Ty Long,P,643.4,643.4,0.0,0.0,0.0,2,2026-08-30
sleeper:2651,,2651,Phillip Sims,QB,331.3,319.0,-12.300000000000011,-12.300000000000011,-12.300000000000011,2,2026-09-01
sleeper:2671,,2671,Josh Lambo,K,648.5,575.5,-73.0,-73.0,-73.0,2,2026-08-30
sleeper:268,,268,Alex Smith,QB,654.3,654.3,0.0,0.0,0.0,2,2026-08-30
sleeper:2703,,2703,Ezell Ruffin,WR,241.0,241.0,0.0,0.0,0.0,3,2026-09-01
sleeper:2711,,2711,Taylor Heinicke,QB,661.0,661.0,0.0,0.0,0.0,2,2026-08-30
sleeper:2713,,2713,Josh Harper,WR,689.0,689.0,0.0,0.0,0.0,4,2026-09-01
sleeper:2730,,2730,Kenneth Harper,RB,558.6,409.9,-148.70000000000005,-148.70000000000005,-148.70000000000005,4,2026-09-01
sleeper:2733,,2733,Kasey Closs,WR,240.0,240.0,0.0,0.0,0.0,3,2026-09-01
sleeper:2747,,2747,Jason Myers,K,126.3,125.7,-0.5999999999999943,-0.5999999999999943,-0.5999999999999943,2,2026-08-30
sleeper:2751,,2751,Daniel Brown,TE,371.6,406.5,34.89999999999998,34.89999999999998,34.89999999999998,2,2026-08-30
sleeper:2754,,2754,Michael Johnson,WR,693.3,693.3,0.0,0.0,0.0,4,2026-09-01
sleeper:2755,,2755,Eric Tomlinson,TE,514.0,514.0,0.0,0.0,0.0,2,2026-08-30
sleeper:2767,,2767,Jawon Chisholm,RB,493.6,377.6,-116.0,-116.0,-116.0,4,2026-09-01
sleeper:2770,,2770,Harold Spears,TE,520.4,629.5,109.10000000000002,109.10000000000002,109.10000000000002,4,2026-09-01
sleeper:2787,,2787,David Porter,WR,633.3,479.3,-153.99999999999994,-153.99999999999994,-153.99999999999994,4,2026-09-01
sleeper:2801,,2801,DeAndrew White,WR,245.0,245.0,0.0,0.0,0.0,1,2026-08-30
sleeper:2802,,2802,Corey Acosta,K,554.0,420.0,-134.0,-134.0,-134.0,4,2026-09-01
sleeper:2817,,2817,Daniel Rodriguez,WR,303.0,290.0,-13.0,-13.0,-13.0,2,2026-09-01
sleeper:2818,,2818,Michael Palardy,P,653.0,653.0,0.0,0.0,0.0,2,2026-08-30
sleeper:2819,,2819,Mike Meyer,K,669.5,669.5,0.0,0.0,0.0,4,2026-09-01
sleeper:2820,,2820,Dominique Brown,RB,290.0,290.0,0.0,0.0,0.0,1,2026-09-01
sleeper:2822,,2822,Adam Humphries,WR,242.0,242.0,0.0,0.0,0.0,1,2026-08-30
sleeper:2836,,2836,Kenny Cook,WR,698.0,621.0,-77.0,-77.0,-77.0,4,2026-09-01
sleeper:2846,,2846,Marquez Clark,WR,491.6,304.8,-186.8,-186.8,-186.8,4,2026-09-01
sleeper:2870,,2870,Ray Hamilton,TE,236.0,236.0,0.0,0.0,0.0,3,2026-09-01
sleeper:2886,,2886,Justin Sinz,TE,640.0,485.0,-155.0,-155.0,-155.0,4,2026-09-01
sleeper:2910,,2910,Tyler Rutenbeck,WR,263.0,263.0,0.0,0.0,0.0,1,2026-09-01
sleeper:2911,,2911,Justin Manton,K,699.7,623.3,-76.40000000000009,-76.40000000000009,-76.40000000000009,4,2026-09-01
sleeper:2914,,2914,Luke Lundy,RB,395.0,398.0,3.0,3.0,3.0,4,2026-09-01
sleeper:2916,,2916,Ify Umodu,WR,506.0,448.0,-58.0,-58.0,-58.0,2,2026-09-01
sleeper:2917,,2917,Brian Vogler,TE,565.0,379.0,-186.0,-186.0,-186.0,4,2026-09-01
sleeper:2918,,2918,Demetrius Wilson,WR,661.9,407.5,-254.39999999999998,-254.39999999999998,-254.39999999999998,3,2026-09-01
sleeper:2920,,2920,Jeret Smith,WR,654.0,654.0,0.0,0.0,0.0,4,2026-09-01
sleeper:2922,,2922,Devin Mahina,TE,499.7,299.3,-200.39999999999998,-200.39999999999998,-200.39999999999998,4,2026-09-01
sleeper:2923,,2923,Connor Neighbors,RB,573.1,466.3,-106.80000000000001,-106.80000000000001,-106.80000000000001,4,2026-09-01
sleeper:2925,,2925,Darius Davis,WR,441.0,265.0,-176.0,-176.0,-176.0,4,2026-09-01
sleeper:2927,,2927,Keshawn Hill,RB,650.0,650.0,0.0,0.0,0.0,3,2026-09-01
sleeper:2929,,2929,Adrian Coxson,WR,630.0,630.0,0.0,0.0,0.0,4,2026-09-01
sleeper:2930,,2930,Justin Tukes,TE,417.0,417.0,0.0,0.0,0.0,3,2026-09-01
sleeper:2932,,2932,Eric Frohnapfel,TE,467.3,261.0,-206.3,-206.3,-206.3,4,2026-09-01
sleeper:2935,,2935,Ricky Collins,WR,376.3,272.2,-104.10000000000002,-104.10000000000002,-104.10000000000002,4,2026-09-01
sleeper:2938,,2938,Cam Worthy,WR,553.0,553.0,0.0,0.0,0.0,3,2026-09-01
sleeper:2939,,2939,Javess Blue,WR,519.3,519.3,0.0,0.0,0.0,4,2026-09-01
sleeper:2943,,2943,Mark Weisman,RB,607.9,607.9,0.0,0.0,0.0,4,2026-09-01
sleeper:2981,,2981,Ross Scheuerman,RB,680.0,680.0,0.0,0.0,0.0,4,2026-09-01
sleeper:2996,,2996,Logan Stokes,TE,688.5,688.5,0.0,0.0,0.0,4,2026-09-01
sleeper:3008,,3008,Matt Wile,P,420.0,321.2,-98.80000000000001,-98.80000000000001,-98.80000000000001,2,2026-08-30
sleeper:3041,,3041,Ross Travis,TE,642.5,470.0,-172.5,-172.5,-172.5,2,2026-08-30
sleeper:3048,,3048,Chris Manhertz,TE,625.3,625.3,0.0,0.0,0.0,2,2026-08-30
sleeper:312,,312,Matthew Slater,WR,404.7,290.0,-114.69999999999999,-114.69999999999999,-114.69999999999999,2,2026-08-30
sleeper:3155,,3155,Laquon Treadwell,WR,643.3,643.3,0.0,0.0,0.0,2,2026-08-30
sleeper:3157,,3157,William Fuller,WR,667.0,667.0,0.0,0.0,0.0,2,2026-08-30
sleeper:3163,,3163,Jared Goff,QB,134.9,133.1,-1.8000000000000114,-1.8000000000000114,-1.8000000000000114,2,2026-08-30
sleeper:3164,,3164,Ezekiel Elliott,RB,692.4,692.4,0.0,0.0,0.0,2,2026-08-30
sleeper:3170,,3170,Paxton Lynch,QB,442.7,442.7,0.0,0.0,0.0,1,2026-08-30
sleeper:3177,,3177,Corey Coleman,WR,653.4,653.4,0.0,0.0,0.0,2,2026-08-30
sleeper:3198,,3198,Derrick Henry,RB,20.2,20.2,0.0,0.0,0.0,2,2026-08-30
sleeper:3199,,3199,Michael Thomas,WR,688.3,688.3,0.0,0.0,0.0,2,2026-08-30
sleeper:3200,,3200,Sterling Shepard,WR,507.0,507.0,0.0,0.0,0.0,2,2026-08-30
sleeper:3202,,3202,Austin Hooper,TE,430.0,430.0,0.0,0.0,0.0,2,2026-08-30
sleeper:3204,,3204,C.J. Prosise,RB,684.0,520.0,-164.0,-164.0,-164.0,2,2026-08-30
sleeper:3205,,3205,Cody Kessler,QB,288.0,320.0,32.0,32.0,32.0,2,2026-08-30
sleeper:3214,,3214,Hunter Henry,TE,142.5,139.4,-3.0999999999999943,-3.0999999999999943,-3.0999999999999943,2,2026-08-30
sleeper:3225,,3225,Tyler Boyd,WR,605.0,605.0,0.0,0.0,0.0,2,2026-08-30
sleeper:3242,,3242,Kenyan Drake,RB,367.1,357.9,-9.200000000000045,-9.200000000000045,-9.200000000000045,2,2026-08-30
sleeper:3257,,3257,Jacoby Brissett,QB,243.0,243.0,0.0,0.0,0.0,2,2026-08-30
sleeper:3258,,3258,Nick Vannett,TE,666.0,666.0,0.0,0.0,0.0,2,2026-08-30
sleeper:3294,,3294,Dak Prescott,QB,77.7,77.8,0.09999999999999432,0.09999999999999432,0.09999999999999432,2,2026-08-30
sleeper:3300,,3300,DeAndre Washington,RB,666.0,666.0,0.0,0.0,0.0,2,2026-08-30
sleeper:3312,,3312,Jonathan Williams,RB,240.0,240.0,0.0,0.0,0.0,1,2026-08-30
sleeper:3321,,3321,Tyreek Hill,WR,225.2,211.1,-14.099999999999994,-14.099999999999994,-14.099999999999994,2,2026-08-30
sleeper:3328,,3328,Rashard Higgins,WR,585.5,462.0,-123.5,-123.5,-123.5,2,2026-08-30
sleeper:333,,333,Ryan Fitzpatrick,QB,682.4,682.4,0.0,0.0,0.0,2,2026-08-30
sleeper:3332,,3332,Andy Janovich,FB,573.0,573.0,0.0,0.0,0.0,2,2026-08-30
sleeper:3333,,3333,Temarrick Hemingway,TE,312.0,365.0,53.0,53.0,53.0,2,2026-08-30
sleeper:3336,,3336,Moritz Bohringer,TE,473.0,473.0,0.0,0.0,0.0,1,2026-08-30
sleeper:3340,,3340,Jerell Adams,TE,657.5,668.3,10.799999999999955,10.799999999999955,10.799999999999955,2,2026-08-30
sleeper:3343,,3343,Nate Sudfeld,QB,698.5,698.5,0.0,0.0,0.0,2,2026-08-30
sleeper:3347,,3347,Jake Rudock,QB,345.0,527.5,182.5,182.5,182.5,2,2026-08-30
sleeper:3353,,3353,Dan Vitale,FB,695.0,524.0,-171.0,-171.0,-171.0,2,2026-08-30
sleeper:3354,,3354,Derek Watt,FB,671.3,671.3,0.0,0.0,0.0,2,2026-08-30
sleeper:3362,,3362,Jeff Driskel,QB,459.0,459.0,0.0,0.0,0.0,2,2026-08-30
sleeper:3380,,3380,Devin Lucien,WR,502.5,540.0,37.5,37.5,37.5,2,2026-08-30
sleeper:3391,,3391,Dwayne Washington,RB,629.5,629.5,0.0,0.0,0.0,2,2026-08-30
sleeper:3398,,3398,Kenny Lawler,WR,660.2,660.2,0.0,0.0,0.0,2,2026-08-30
sleeper:3410,,3410,Jake Coker,QB,670.0,670.0,0.0,0.0,0.0,4,2026-09-01
sleeper:3412,,3412,Devon Johnson,RB,691.4,614.4,-77.0,-77.0,-77.0,2,2026-08-30
sleeper:3433,,3433,Alex Erickson,WR,629.3,629.3,0.0,0.0,0.0,2,2026-08-30
sleeper:3443,,3443,Chris Swain,FB,246.0,246.0,0.0,0.0,0.0,4,2026-09-01
sleeper:345,,345,Brian Hoyer,QB,682.6,682.6,0.0,0.0,0.0,2,2026-08-30
sleeper:3451,,3451,Ka'imi Fairbairn,K,130.2,130.4,0.20000000000001705,0.20000000000001705,0.20000000000001705,2,2026-08-30
sleeper:3453,,3453,Josh Ferguson,RB,652.6,652.6,0.0,0.0,0.0,2,2026-08-30
sleeper:3456,,3456,Joel Stave,QB,674.5,596.5,-78.0,-78.0,-78.0,2,2026-08-30
sleeper:3460,,3460,Ross Martin,K,410.5,359.0,-51.5,-51.5,-51.5,4,2026-09-01
sleeper:3462,,3462,Jared Dangerfield,WR,556.0,556.0,0.0,0.0,0.0,1,2026-09-01
sleeper:3467,,3467,Taylor Bertolet,K,529.0,529.0,0.0,0.0,0.0,2,2026-08-30
sleeper:3486,,3486,Chris Brown,WR,686.7,686.7,0.0,0.0,0.0,2,2026-08-30
sleeper:3488,,3488,D.J. Foster,RB,247.0,247.0,0.0,0.0,0.0,2,2026-08-30
sleeper:3495,,3495,Mike Bercovici,QB,630.0,476.0,-154.0,-154.0,-154.0,2,2026-08-30
sleeper:3496,,3496,Stephen Anderson,TE,265.0,265.0,0.0,0.0,0.0,1,2026-08-30
sleeper:3503,,3503,Geronimo Allison,WR,695.0,695.0,0.0,0.0,0.0,2,2026-08-30
sleeper:3504,,3504,Steven Scheu,TE,431.5,308.0,-123.5,-123.5,-123.5,2,2026-08-30
sleeper:3514,,3514,Jake McGee,TE,434.0,434.0,0.0,0.0,0.0,1,2026-08-30
sleeper:3515,,3515,K.J. Maye,WR,666.0,666.0,0.0,0.0,0.0,2,2026-08-30
sleeper:3516,,3516,Mitch Mathews,WR,409.5,367.0,-42.5,-42.5,-42.5,2,2026-08-30
sleeper:3520,,3520,Jay Lee,WR,626.5,626.5,0.0,0.0,0.0,2,2026-08-30
sleeper:3524,,3524,Marquise Williams,QB,641.3,485.7,-155.59999999999997,-155.59999999999997,-155.59999999999997,4,2026-09-01
sleeper:3531,,3531,Marshaun Coprich,RB,660.5,346.0,-314.5,-314.5,-314.5,3,2026-09-01
sleeper:3548,,3548,Jamal Robinson,WR,633.0,561.0,-72.0,-72.0,-72.0,2,2026-08-30
sleeper:3551,,3551,Max Wittek,QB,258.3,273.0,14.699999999999989,14.699999999999989,14.699999999999989,2,2026-09-01
sleeper:3561,,3561,Bryce Williams,TE,369.4,314.7,-54.69999999999999,-54.69999999999999,-54.69999999999999,2,2026-08-30
sleeper:3570,,3570,Brandon Ross,RB,683.5,683.5,0.0,0.0,0.0,4,2026-09-01
sleeper:3574,,3574,John Lunsford,K,419.7,367.0,-52.69999999999999,-52.69999999999999,-52.69999999999999,2,2026-09-01
sleeper:3579,,3579,Marshall Morgan,K,348.7,354.8,6.100000000000023,6.100000000000023,6.100000000000023,2,2026-09-01
sleeper:3615,,3615,Sione Houma,RB,242.0,242.0,0.0,0.0,0.0,1,2026-09-01
sleeper:3630,,3630,Durron Neal,WR,659.3,659.3,0.0,0.0,0.0,4,2026-09-01
sleeper:3646,,3646,Quayvon Hicks,RB,594.5,348.0,-246.5,-246.5,-246.5,4,2026-09-01
sleeper:3648,,3648,Matt Weiser,TE,275.0,278.0,3.0,3.0,3.0,2,2026-09-01
sleeper:3652,,3652,Mike Thomas,WR,275.0,275.0,0.0,0.0,0.0,1,2026-08-30
sleeper:3655,,3655,Reggie Diggs,WR,653.0,579.0,-74.0,-74.0,-74.0,4,2026-09-01
sleeper:3660,,3660,Valdez Showers,WR,683.9,683.9,0.0,0.0,0.0,4,2026-09-01
sleeper:367,,367,Jared Cook,TE,654.2,645.5,-8.700000000000045,-8.700000000000045,-8.700000000000045,2,2026-08-30
sleeper:3670,,3670,Will Ratelle,FB,643.5,643.5,0.0,0.0,0.0,4,2026-09-01
sleeper:3678,,3678,Wil Lutz,K,253.3,253.3,0.0,0.0,0.0,2,2026-08-30
sleeper:3762,,3762,Brandon Shippen,WR,674.5,674.5,0.0,0.0,0.0,4,2026-09-01
sleeper:3774,,3774,Jason Vander Laan,TE,565.0,431.0,-134.0,-134.0,-134.0,2,2026-08-30
sleeper:3805,,3805,Jon Brown,K,683.0,683.0,0.0,0.0,0.0,2,2026-08-30
sleeper:3816,,3816,Brandon Brown-Dukes,RB,617.4,295.0,-322.4,-322.4,-322.4,4,2026-09-01
sleeper:3817,,3817,Marcus Tucker,WR,433.5,301.9,-131.60000000000002,-131.60000000000002,-131.60000000000002,4,2026-09-01
sleeper:3824,,3824,Alex Ellis,TE,614.7,529.5,-85.20000000000005,-85.20000000000005,-85.20000000000005,2,2026-08-30
sleeper:3827,,3827,Aldrick Rosas,K,454.0,455.0,1.0,1.0,1.0,2,2026-08-30
sleeper:3859,,3859,Jalen Simmons,RB,472.0,472.0,0.0,0.0,0.0,4,2026-09-01
sleeper:3868,,3868,Jalen Richard,RB,401.5,378.0,-23.5,-23.5,-23.5,2,2026-08-30
sleeper:3880,,3880,M.J. McFarland,TE,640.0,640.0,0.0,0.0,0.0,4,2026-09-01
sleeper:3890,,3890,Devon Bell,K,697.0,697.0,0.0,0.0,0.0,4,2026-09-01
sleeper:3891,,3891,Kyle Coleman,FB,494.1,320.0,-174.10000000000002,-174.10000000000002,-174.10000000000002,3,2026-09-01
sleeper:3908,,3908,Eric Wallace,TE,527.0,527.0,0.0,0.0,0.0,4,2026-09-01
sleeper:3909,,3909,Sam Ficken,K,636.3,589.1,-47.19999999999993,-47.19999999999993,-47.19999999999993,2,2026-08-30
sleeper:391,,391,Ryan Succop,K,676.9,676.9,0.0,0.0,0.0,2,2026-08-30
sleeper:3917,,3917,Kendal Thompson,WR,625.3,399.0,-226.29999999999995,-226.29999999999995,-226.29999999999995,4,2026-09-01
sleeper:3920,,3920,Harvey Binford,WR,457.3,247.5,-209.8,-209.8,-209.8,4,2026-09-01
sleeper:3957,,3957,Blake Sims,QB,608.0,608.0,0.0,0.0,0.0,2,2026-08-30
sleeper:3969,,3969,Leonard Fournette,RB,660.2,660.2,0.0,0.0,0.0,2,2026-08-30
sleeper:3978,,3978,Jacob Huesman,QB,676.8,598.8,-78.0,-78.0,-78.0,4,2026-09-01
sleeper:4004,,4004,Chris Briggs,TE,232.0,232.0,0.0,0.0,0.0,1,2026-09-01
sleeper:4018,,4018,Joe Mixon,RB,227.3,227.3,0.0,0.0,0.0,2,2026-08-30
sleeper:4026,,4026,DeShone Kizer,QB,680.3,639.4,-40.89999999999998,-40.89999999999998,-40.89999999999998,2,2026-08-30
sleeper:4029,,4029,Dalvin Cook,RB,633.6,633.6,0.0,0.0,0.0,2,2026-08-30
sleeper:4033,,4033,David Njoku,TE,207.0,207.6,0.5999999999999943,0.5999999999999943,0.5999999999999943,2,2026-08-30
sleeper:4034,,4034,Christian McCaffrey,RB,5.1,5.4,0.3000000000000007,0.3000000000000007,0.3000000000000007,2,2026-08-30
sleeper:4035,,4035,Alvin Kamara,RB,161.1,161.2,0.09999999999999432,0.09999999999999432,0.09999999999999432,2,2026-08-30
sleeper:4036,,4036,Corey Davis,WR,515.0,515.0,0.0,0.0,0.0,1,2026-08-30
sleeper:4037,,4037,Chris Godwin,WR,95.7,95.5,-0.20000000000000284,-0.20000000000000284,-0.20000000000000284,2,2026-08-30
sleeper:4039,,4039,Cooper Kupp,WR,199.6,220.5,20.900000000000006,20.900000000000006,20.900000000000006,2,2026-08-30
sleeper:4046,,4046,Patrick Mahomes,QB,108.8,107.3,-1.5,-1.5,-1.5,2,2026-08-30
sleeper:4051,,4051,Chad Kelly,QB,670.8,670.8,0.0,0.0,0.0,2,2026-08-30
sleeper:4054,,4054,Mo Alie-Cox,TE,527.6,527.6,0.0,0.0,0.0,2,2026-08-30
sleeper:4061,,4061,Davis Webb,QB,590.3,590.3,0.0,0.0,0.0,2,2026-08-30
sleeper:4068,,4068,Mike Williams,WR,563.6,629.7,66.10000000000002,66.10000000000002,66.10000000000002,2,2026-08-30
sleeper:4080,,4080,Zay Jones,WR,643.0,643.0,0.0,0.0,0.0,2,2026-08-30
sleeper:4082,,4082,Curtis Samuel,WR,688.8,688.8,0.0,0.0,0.0,2,2026-08-30
sleeper:4085,,4085,Adam Shaheen,TE,551.0,418.0,-133.0,-133.0,-133.0,2,2026-08-30
sleeper:4089,,4089,Gerald Everett,TE,540.0,410.0,-130.0,-130.0,-130.0,2,2026-08-30
sleeper:4111,,4111,D'Onta Foreman,RB,631.5,631.5,0.0,0.0,0.0,2,2026-08-30
sleeper:4125,,4125,Taywan Taylor,WR,446.5,364.0,-82.5,-82.5,-82.5,2,2026-08-30
sleeper:4128,,4128,Chad Williams,WR,667.7,592.7,-75.0,-75.0,-75.0,2,2026-08-30
sleeper:4137,,4137,James Conner,RB,234.6,233.2,-1.4000000000000057,-1.4000000000000057,-1.4000000000000057,2,2026-08-30
sleeper:4139,,4139,Amara Darboh,WR,413.0,323.0,-90.0,-90.0,-90.0,2,2026-08-30
sleeper:4150,,4150,Wayne Gallman,RB,626.0,626.0,0.0,0.0,0.0,2,2026-08-30
sleeper:4152,,4152,Marlon Mack,RB,693.0,693.0,0.0,0.0,0.0,2,2026-08-30
sleeper:4153,,4153,Jordan Leggett,TE,259.0,259.0,0.0,0.0,0.0,2,2026-08-30
sleeper:4162,,4162,Ryan Switzer,WR,592.0,592.0,0.0,0.0,0.0,2,2026-08-30
sleeper:4175,,4175,Chad Hansen,WR,373.0,373.0,0.0,0.0,0.0,1,2026-08-30
sleeper:4179,,4179,Joshua Dobbs,QB,692.3,692.3,0.0,0.0,0.0,2,2026-08-30
sleeper:4183,,4183,Nathan Peterman,QB,693.2,693.2,0.0,0.0,0.0,2,2026-08-30
sleeper:4184,,4184,Bucky Hodges,TE,697.0,697.0,0.0,0.0,0.0,2,2026-08-30
sleeper:4189,,4189,Eric Saubert,TE,575.5,575.5,0.0,0.0,0.0,2,2026-08-30
sleeper:4195,,4195,Jake Elliott,K,217.1,215.2,-1.9000000000000057,-1.9000000000000057,-1.9000000000000057,2,2026-08-30
sleeper:4199,,4199,Aaron Jones,RB,125.2,124.0,-1.2000000000000028,-1.2000000000000028,-1.2000000000000028,2,2026-08-30
sleeper:421,,421,Matthew Stafford,QB,96.0,95.8,-0.20000000000000284,-0.20000000000000284,-0.20000000000000284,2,2026-08-30
sleeper:4214,,4214,Shelton Gibson,WR,627.6,557.6,-70.0,-70.0,-70.0,2,2026-08-30
sleeper:4217,,4217,George Kittle,TE,86.8,89.4,2.6000000000000085,2.6000000000000085,2.6000000000000085,2,2026-08-30
sleeper:4218,,4218,Trent Taylor,WR,522.0,522.0,0.0,0.0,0.0,2,2026-08-30
sleeper:4221,,4221,Jeremy Sprinkle,TE,381.0,381.0,0.0,0.0,0.0,1,2026-08-30
sleeper:4226,,4226,Alex Armah,FB,305.8,316.7,10.899999999999977,10.899999999999977,10.899999999999977,2,2026-08-30
sleeper:4227,,4227,Harrison Butker,K,175.1,173.0,-2.0999999999999943,-2.0999999999999943,-2.0999999999999943,2,2026-08-30
sleeper:4234,,4234,Noah Brown,WR,633.8,633.8,0.0,0.0,0.0,2,2026-08-30
sleeper:4250,,4250,Sam Rogers,FB,643.2,319.7,-323.50000000000006,-323.50000000000006,-323.50000000000006,4,2026-09-01
sleeper:4263,,4263,Elijah McGuire,RB,573.3,573.3,0.0,0.0,0.0,2,2026-08-30
sleeper:4273,,4273,Chris Carson,RB,685.1,685.1,0.0,0.0,0.0,2,2026-08-30
sleeper:4274,,4274,David Moore,WR,575.5,575.5,0.0,0.0,0.0,2,2026-08-30
sleeper:4314,,4314,Johnny Mundt,TE,276.2,277.0,0.8000000000000114,0.8000000000000114,0.8000000000000114,2,2026-08-30
sleeper:4319,,4319,Zach Pascal,WR,596.0,596.0,0.0,0.0,0.0,2,2026-08-30
sleeper:4322,,4322,Dalton Crossan,RB,391.5,293.3,-98.19999999999999,-98.19999999999999,-98.19999999999999,4,2026-09-01
sleeper:4323,,4323,Darrell Daniels,TE,662.0,662.0,0.0,0.0,0.0,2,2026-08-30
sleeper:4326,,4326,Bug Howard,TE,648.0,492.0,-156.0,-156.0,-156.0,2,2026-08-30
sleeper:4327,,4327,Colin Jeter,TE,650.8,619.5,-31.299999999999955,-31.299999999999955,-31.299999999999955,4,2026-09-01
sleeper:4328,,4328,Jerome Lane,WR,681.0,681.0,0.0,0.0,0.0,4,2026-09-01
sleeper:4338,,4338,Levern Jacobs,WR,431.0,353.0,-78.0,-78.0,-78.0,3,2026-09-01
sleeper:4349,,4349,Taquan Mizzell,RB,609.0,609.0,0.0,0.0,0.0,2,2026-08-30
sleeper:4351,,4351,Tim Patrick,WR,573.0,556.3,-16.700000000000045,-16.700000000000045,-16.700000000000045,2,2026-08-30
sleeper:4358,,4358,Austin Duke,WR,665.0,665.0,0.0,0.0,0.0,3,2026-09-01
sleeper:4364,,4364,Karel Hamilton,WR,456.3,534.0,77.69999999999999,77.69999999999999,77.69999999999999,4,2026-09-01
sleeper:4384,,4384,Aaron Peck,TE,675.9,675.9,0.0,0.0,0.0,4,2026-09-01
sleeper:4401,,4401,Damore'ea Stringfellow,WR,694.0,684.0,-10.0,-10.0,-10.0,2,2026-08-30
sleeper:4408,,4408,Terrell Newby,RB,487.0,279.0,-208.0,-208.0,-208.0,3,2026-09-01
sleeper:4409,,4409,Josiah Price,TE,628.1,639.5,11.399999999999977,11.399999999999977,11.399999999999977,4,2026-09-01
sleeper:4421,,4421,Jacob Hollister,TE,653.6,653.6,0.0,0.0,0.0,2,2026-08-30
sleeper:4435,,4435,Anthony Firkser,TE,628.5,628.5,0.0,0.0,0.0,2,2026-08-30
sleeper:4455,,4455,Matt Breida,RB,649.3,649.3,0.0,0.0,0.0,2,2026-08-30
sleeper:4463,,4463,Tyler McCloskey,RB,698.7,698.7,0.0,0.0,0.0,4,2026-09-01
sleeper:4464,,4464,Nick Mullens,QB,660.0,660.0,0.0,0.0,0.0,2,2026-08-30
sleeper:4468,,4468,Antony Auclair,TE,655.0,655.0,0.0,0.0,0.0,2,2026-08-30
sleeper:4475,,4475,Sefo Liufau,QB,698.4,563.1,-135.29999999999995,-135.29999999999995,-135.29999999999995,4,2026-09-01
sleeper:4480,,4480,Bobo Wilson,WR,678.0,678.0,0.0,0.0,0.0,2,2026-08-30
sleeper:4494,,4494,Alonzo Moore,WR,275.0,275.0,0.0,0.0,0.0,4,2026-09-01
sleeper:4497,,4497,Tony Stevens,WR,333.0,310.0,-23.0,-23.0,-23.0,2,2026-09-01
sleeper:4504,,4504,John Robinson-Woodgett,RB,569.7,477.1,-92.60000000000002,-92.60000000000002,-92.60000000000002,4,2026-09-01
sleeper:4508,,4508,Gabe Marks,WR,254.0,254.0,0.0,0.0,0.0,4,2026-09-01
sleeper:4526,,4526,Krishawn Hogan,WR,649.0,494.0,-155.0,-155.0,-155.0,2,2026-08-30
sleeper:4528,,4528,Trevor Knight,QB,287.4,330.0,42.60000000000002,42.60000000000002,42.60000000000002,2,2026-08-30
sleeper:4535,,4535,Steven Wroblewski,TE,637.7,637.7,0.0,0.0,0.0,4,2026-09-01
sleeper:4537,,4537,Jordan Johnson,RB,617.0,383.0,-234.0,-234.0,-234.0,4,2026-09-01
sleeper:4545,,4545,Keith Towbridge,TE,363.2,363.2,0.0,0.0,0.0,4,2026-09-01
sleeper:4551,,4551,Tanner Gentry,WR,246.0,246.0,0.0,0.0,0.0,2,2026-08-30
sleeper:4555,,4555,Andy Phillips,K,293.3,270.0,-23.30000000000001,-23.30000000000001,-23.30000000000001,2,2026-09-01
sleeper:4557,,4557,Freddie Stevenson,FB,612.5,470.5,-142.0,-142.0,-142.0,3,2026-09-01
sleeper:4569,,4569,Brian Brown,WR,465.2,388.0,-77.19999999999999,-77.19999999999999,-77.19999999999999,4,2026-09-01
sleeper:4571,,4571,Blake Jarwin,TE,696.0,696.0,0.0,0.0,0.0,2,2026-08-30
sleeper:4574,,4574,Cooper Rush,QB,681.8,681.8,0.0,0.0,0.0,2,2026-08-30
sleeper:4588,,4588,Kyle Sloter,QB,477.0,477.0,0.0,0.0,0.0,2,2026-08-30
sleeper:4602,,4602,Robert Tonyan,TE,687.9,687.9,0.0,0.0,0.0,2,2026-08-30
sleeper:4610,,4610,Deante' Gray,WR,470.0,470.0,0.0,0.0,0.0,4,2026-09-01
sleeper:4613,,4613,Shaq Hill,WR,297.5,316.0,18.5,18.5,18.5,2,2026-09-01
sleeper:4623,,4623,Tim Cook,RB,538.1,590.3,52.19999999999993,52.19999999999993,52.19999999999993,4,2026-09-01
sleeper:4630,,4630,I'Tavius Mathers,RB,253.0,253.0,0.0,0.0,0.0,1,2026-09-01
sleeper:4647,,4647,Colin Thompson,TE,641.0,641.0,0.0,0.0,0.0,2,2026-08-30
sleeper:4650,,4650,Billy Brown,TE,483.0,483.0,0.0,0.0,0.0,1,2026-08-30
sleeper:4651,,4651,Corey Clement,RB,699.5,699.5,0.0,0.0,0.0,2,2026-08-30
sleeper:4666,,4666,Younghoe Koo,K,339.0,339.0,0.0,0.0,0.0,2,2026-08-30
sleeper:4670,,4670,Artavis Scott,WR,484.0,484.0,0.0,0.0,0.0,1,2026-08-30
sleeper:4673,,4673,Algernon Brown,FB,613.6,664.0,50.39999999999998,50.39999999999998,50.39999999999998,4,2026-09-01
sleeper:4678,,4678,Tyrone Swoopes,TE,341.0,341.0,0.0,0.0,0.0,1,2026-08-30
sleeper:4704,,4704,Tyler Ferguson,QB,698.0,698.0,0.0,0.0,0.0,4,2026-09-01
sleeper:4728,,4728,Bart Houston,QB,541.9,332.0,-209.89999999999998,-209.89999999999998,-209.89999999999998,4,2026-09-01
sleeper:4730,,4730,Sam Cotton,TE,684.0,684.0,0.0,0.0,0.0,4,2026-09-01
sleeper:4731,,4731,Joe Bacci,FB,695.4,535.7,-159.69999999999993,-159.69999999999993,-159.69999999999993,4,2026-09-01
sleeper:4733,,4733,Alex Gray,TE,679.6,679.6,0.0,0.0,0.0,4,2026-09-01
sleeper:4741,,4741,Dan Arnold,TE,397.0,376.5,-20.5,-20.5,-20.5,2,2026-08-30
sleeper:4744,,4744,Barrett Burns,TE,640.3,569.3,-71.0,-71.0,-71.0,4,2026-09-01
sleeper:4774,,4774,De'Mard Llorens,RB,312.5,291.0,-21.5,-21.5,-21.5,2,2026-09-01
sleeper:4775,,4775,David Olson,QB,364.0,311.0,-53.0,-53.0,-53.0,2,2026-09-01
sleeper:4777,,4777,De'Chavon Hayes,RB,642.5,239.0,-403.5,-403.5,-403.5,3,2026-09-01
sleeper:4787,,4787,Jordan Westerkamp,WR,678.5,678.5,0.0,0.0,0.0,4,2026-09-01
sleeper:4797,,4797,Josh Rounds,RB,319.3,266.0,-53.30000000000001,-53.30000000000001,-53.30000000000001,3,2026-09-01
sleeper:4798,,4798,C.J. Germany,WR,649.5,256.0,-393.5,-393.5,-393.5,4,2026-09-01
sleeper:4814,,4814,De'Quan Hampton,WR,405.0,365.8,-39.19999999999999,-39.19999999999999,-39.19999999999999,4,2026-09-01
sleeper:4815,,4815,Brian Riley,WR,695.5,695.5,0.0,0.0,0.0,4,2026-09-01
sleeper:4827,,4827,Germone Hopper,WR,536.1,347.8,-188.3,-188.3,-188.3,4,2026-09-01
sleeper:4829,,4829,Daniel Williams,WR,391.5,391.5,0.0,0.0,0.0,1,2026-08-30
sleeper:4839,,4839,Mitch Leidner,QB,431.5,335.5,-96.0,-96.0,-96.0,4,2026-09-01
sleeper:4853,,4853,Jerod Evans,QB,656.5,656.5,0.0,0.0,0.0,4,2026-09-01
sleeper:4863,,4863,Josh Rosen,QB,658.3,658.3,0.0,0.0,0.0,2,2026-08-30
sleeper:4864,,4864,Jevoni Robinson,TE,611.7,611.7,0.0,0.0,0.0,2,2026-09-01
sleeper:4866,,4866,Saquon Barkley,RB,13.7,13.7,0.0,0.0,0.0,2,2026-08-30
sleeper:4881,,4881,Lamar Jackson,QB,31.2,32.5,1.3000000000000007,1.3000000000000007,1.3000000000000007,2,2026-08-30
sleeper:4892,,4892,Baker Mayfield,QB,143.9,143.3,-0.5999999999999943,-0.5999999999999943,-0.5999999999999943,2,2026-08-30
sleeper:49,,49,Robbie Gould,K,653.7,653.7,0.0,0.0,0.0,2,2026-08-30
sleeper:490,,490,Chase Daniel,QB,690.5,690.5,0.0,0.0,0.0,2,2026-08-30
sleeper:4917,,4917,Daryl Virgies,RB,407.0,407.0,0.0,0.0,0.0,1,2026-09-01
sleeper:4922,,4922,Garrett Scantling,WR,394.0,310.0,-84.0,-84.0,-84.0,4,2026-09-01
sleeper:4924,,4924,Zach Terrell,QB,700.0,700.0,0.0,0.0,0.0,4,2026-09-01
sleeper:4929,,4929,Ahmad Fulwood,WR,657.3,447.0,-210.29999999999995,-210.29999999999995,-210.29999999999995,4,2026-09-01
sleeper:4931,,4931,Austin Appleby,QB,676.6,637.0,-39.60000000000002,-39.60000000000002,-39.60000000000002,4,2026-09-01
sleeper:4934,,4934,Jalen Williams,WR,598.2,260.0,-338.20000000000005,-338.20000000000005,-338.20000000000005,4,2026-09-01
sleeper:4936,,4936,Skyler Howard,QB,388.4,388.4,0.0,0.0,0.0,4,2026-09-01
sleeper:4940,,4940,DeSean Smith,TE,561.0,322.3,-238.7,-238.7,-238.7,4,2026-09-01
sleeper:4943,,4943,Sam Darnold,QB,160.0,175.6,15.599999999999994,15.599999999999994,15.599999999999994,2,2026-08-30
sleeper:4949,,4949,Derrius Guice,RB,662.5,662.5,0.0,0.0,0.0,2,2026-08-30
sleeper:4950,,4950,Christian Kirk,WR,241.7,241.7,0.0,0.0,0.0,2,2026-08-30
sleeper:4955,,4955,Ronald Jones,RB,274.0,286.0,12.0,12.0,12.0,2,2026-09-01
sleeper:4958,,4958,Brett Maher,K,567.4,591.3,23.899999999999977,23.899999999999977,23.899999999999977,2,2026-08-30
sleeper:4962,,4962,Sony Michel,RB,605.7,539.8,-65.90000000000009,-65.90000000000009,-65.90000000000009,2,2026-08-30
sleeper:4973,,4973,Hayden Hurst,TE,697.0,697.0,0.0,0.0,0.0,2,2026-08-30
sleeper:4981,,4981,Calvin Ridley,WR,253.2,253.2,0.0,0.0,0.0,2,2026-08-30
sleeper:4983,,4983,DJ Moore,WR,57.8,57.9,0.10000000000000142,0.10000000000000142,0.10000000000000142,2,2026-08-30
sleeper:4984,,4984,Josh Allen,QB,21.6,21.3,-0.3000000000000007,-0.3000000000000007,-0.3000000000000007,2,2026-08-30
sleeper:4985,,4985,Rashaad Penny,RB,642.6,642.6,0.0,0.0,0.0,2,2026-08-30
sleeper:4992,,4992,Dante Pettis,WR,636.7,565.3,-71.40000000000009,-71.40000000000009,-71.40000000000009,2,2026-08-30
sleeper:4994,,4994,Kalen Ballage,RB,665.0,665.0,0.0,0.0,0.0,2,2026-08-30
sleeper:4996,,4996,Kyle Lauletta,QB,258.0,258.0,0.0,0.0,0.0,1,2026-08-30
sleeper:4997,,4997,Mark Walton,RB,557.0,454.0,-103.0,-103.0,-103.0,2,2026-08-30
sleeper:5000,,5000,Chase Edmonds,RB,578.1,443.1,-135.0,-135.0,-135.0,2,2026-08-30
sleeper:5001,,5001,Dalton Schultz,TE,191.5,191.0,-0.5,-0.5,-0.5,2,2026-08-30
sleeper:5004,,5004,Ito Smith,RB,681.3,681.3,0.0,0.0,0.0,2,2026-08-30
sleeper:5008,,5008,Durham Smythe,TE,596.0,596.0,0.0,0.0,0.0,1,2026-08-30
sleeper:5009,,5009,Chris Herndon,TE,699.0,699.0,0.0,0.0,0.0,2,2026-08-30
sleeper:5010,,5010,Will Dissly,TE,647.0,647.0,0.0,0.0,0.0,1,2026-08-30
sleeper:5012,,5012,Mark Andrews,TE,128.0,129.0,1.0,1.0,1.0,2,2026-08-30
sleeper:5013,,5013,Anthony Miller,WR,237.0,237.0,0.0,0.0,0.0,1,2026-08-30
sleeper:5022,,5022,Dallas Goedert,TE,122.4,123.1,0.6999999999999886,0.6999999999999886,0.6999999999999886,2,2026-08-30
sleeper:5024,,5024,James Washington,WR,471.8,313.3,-158.5,-158.5,-158.5,2,2026-08-30
sleeper:503,,503,Graham Gano,K,691.0,691.0,0.0,0.0,0.0,2,2026-08-30
sleeper:5032,,5032,Jordan Akins,TE,461.5,353.5,-108.0,-108.0,-108.0,2,2026-08-30
sleeper:5041,,5041,Fred Warner,LB,392.0,392.0,0.0,0.0,0.0,2,2026-08-30
sleeper:5045,,5045,Courtland Sutton,WR,79.1,80.9,1.8000000000000114,1.8000000000000114,1.8000000000000114,2,2026-08-30
sleeper:5046,,5046,Royce Freeman,RB,489.7,536.0,46.30000000000001,46.30000000000001,46.30000000000001,2,2026-08-30
sleeper:5052,,5052,Ronald Jones,RB,490.0,253.5,-236.5,-236.5,-236.5,2,2026-08-30
sleeper:5086,,5086,Marquez Valdes-Scantling,WR,629.8,629.8,0.0,0.0,0.0,2,2026-08-30
sleeper:5089,,5089,Mike White,QB,658.3,658.3,0.0,0.0,0.0,2,2026-08-30
sleeper:5092,,5092,Troy Fumagalli,TE,566.0,566.0,0.0,0.0,0.0,2,2026-08-30
sleeper:5094,,5094,Ryan Izzo,TE,407.5,442.0,34.5,34.5,34.5,2,2026-08-30
sleeper:5101,,5101,Deon Cain,WR,687.5,687.5,0.0,0.0,0.0,2,2026-08-30
sleeper:5102,,5102,Daurice Fountain,WR,593.0,593.0,0.0,0.0,0.0,2,2026-08-30
sleeper:5103,,5103,Dylan Cantrell,TE,523.0,523.0,0.0,0.0,0.0,2,2026-08-30
sleeper:5107,,5107,Jaylen Samuels,RB,654.0,563.2,-90.79999999999995,-90.79999999999995,-90.79999999999995,2,2026-08-30
sleeper:5108,,5108,Luke Falk,QB,690.7,690.7,0.0,0.0,0.0,2,2026-08-30
sleeper:5111,,5111,Javon Wims,WR,683.8,683.8,0.0,0.0,0.0,2,2026-08-30
sleeper:5112,,5112,Bo Scarbrough,RB,682.7,682.7,0.0,0.0,0.0,2,2026-08-30
sleeper:5113,,5113,Cedrick Wilson,WR,622.9,622.9,0.0,0.0,0.0,2,2026-08-30
sleeper:5116,,5116,Nick Bawden,FB,659.4,659.4,0.0,0.0,0.0,2,2026-08-30
sleeper:5117,,5117,Jordan Thomas,TE,663.0,663.0,0.0,0.0,0.0,2,2026-08-30
sleeper:5120,,5120,Danny Etling,QB,664.0,664.0,0.0,0.0,0.0,2,2026-08-30
sleeper:5121,,5121,Braxton Berrios,WR,691.1,691.1,0.0,0.0,0.0,2,2026-08-30
sleeper:5122,,5122,Boston Scott,RB,682.6,682.6,0.0,0.0,0.0,2,2026-08-30
sleeper:5123,,5123,Trenton Cannon,RB,264.0,264.0,0.0,0.0,0.0,2,2026-08-30
sleeper:5124,,5124,Alex McGough,QB,663.8,507.6,-156.19999999999993,-156.19999999999993,-156.19999999999993,2,2026-08-30
sleeper:5125,,5125,Damoun Patterson,WR,697.5,697.5,0.0,0.0,0.0,2,2026-08-30
sleeper:5126,,5126,Austin Proehl,WR,579.7,579.7,0.0,0.0,0.0,2,2026-08-30
sleeper:5127,,5127,Kyle Allen,QB,665.6,665.6,0.0,0.0,0.0,2,2026-08-30
sleeper:5128,,5128,Logan Woodside,QB,291.3,340.5,49.19999999999999,49.19999999999999,49.19999999999999,2,2026-08-30
sleeper:5129,,5129,Adonis Jennings,WR,305.0,294.0,-11.0,-11.0,-11.0,2,2026-09-01
sleeper:5130,,5130,Auden Tate,WR,688.8,688.8,0.0,0.0,0.0,2,2026-08-30
sleeper:5131,,5131,Justin Jackson,RB,639.3,639.3,0.0,0.0,0.0,2,2026-08-30
sleeper:5133,,5133,Tyler Conklin,TE,676.4,676.4,0.0,0.0,0.0,2,2026-08-30
sleeper:5134,,5134,Keith Kirkwood,WR,655.7,655.7,0.0,0.0,0.0,2,2026-08-30
sleeper:5136,,5136,Josh Adams,RB,253.0,253.0,0.0,0.0,0.0,2,2026-08-30
sleeper:5138,,5138,Martez Carter,RB,477.0,363.0,-114.0,-114.0,-114.0,2,2026-08-30
sleeper:5139,,5139,Trey Quinn,WR,644.0,644.0,0.0,0.0,0.0,2,2026-08-30
sleeper:5143,,5143,Demario Richard,RB,676.0,676.0,0.0,0.0,0.0,4,2026-09-01
sleeper:5144,,5144,Malik Williams,RB,632.6,632.6,0.0,0.0,0.0,4,2026-09-01
sleeper:5145,,5145,Luke McNitt,FB,358.7,274.3,-84.39999999999998,-84.39999999999998,-84.39999999999998,4,2026-09-01
sleeper:5154,,5154,Trent Sherfield,WR,699.3,699.3,0.0,0.0,0.0,2,2026-08-30
sleeper:5162,,5162,Reggie Bonnafon,RB,492.0,492.0,0.0,0.0,0.0,2,2026-08-30
sleeper:5163,,5163,Ryan Nall,RB,695.0,695.0,0.0,0.0,0.0,2,2026-08-30
sleeper:5166,,5166,Da'Mari Scott,WR,649.0,649.0,0.0,0.0,0.0,2,2026-08-30
sleeper:5169,,5169,Malik Earl,WR,279.0,280.0,1.0,1.0,1.0,2,2026-09-01
sleeper:5185,,5185,Allen Lazard,WR,694.8,694.8,0.0,0.0,0.0,2,2026-08-30
sleeper:5189,,5189,Eddy Pineiro,K,193.9,193.8,-0.09999999999999432,-0.09999999999999432,-0.09999999999999432,2,2026-08-30
sleeper:5199,,5199,Byron Pringle,WR,667.1,667.1,0.0,0.0,0.0,2,2026-08-30
sleeper:5201,,5201,Terry Swanson,RB,682.0,682.0,0.0,0.0,0.0,4,2026-09-01
sleeper:5207,,5207,Marchie Murdock,WR,565.0,565.0,0.0,0.0,0.0,4,2026-09-01
sleeper:5209,,5209,Mike Boone,RB,435.3,435.3,0.0,0.0,0.0,2,2026-08-30
sleeper:5220,,5220,Godwin Igwebuike,RB,532.3,465.1,-67.19999999999993,-67.19999999999993,-67.19999999999993,2,2026-08-30
sleeper:5228,,5228,J.T. Barrett,QB,696.6,696.6,0.0,0.0,0.0,2,2026-08-30
sleeper:5230,,5230,Michael Badgley,K,698.0,667.0,-31.0,-31.0,-31.0,2,2026-08-30
sleeper:5231,,5231,Cole Hunt,TE,453.0,359.7,-93.30000000000001,-93.30000000000001,-93.30000000000001,4,2026-09-01
sleeper:5238,,5238,Austin Ramesh,FB,686.2,303.3,-382.90000000000003,-382.90000000000003,-382.90000000000003,4,2026-09-01
sleeper:5239,,5239,Lamar Jordan,QB,509.9,437.3,-72.59999999999997,-72.59999999999997,-72.59999999999997,4,2026-09-01
sleeper:5241,,5241,Christian Blake,WR,644.4,644.4,0.0,0.0,0.0,2,2026-08-30
sleeper:5243,,5243,Detrich Clark,WR,679.5,679.5,0.0,0.0,0.0,4,2026-09-01
sleeper:5244,,5244,Devin Gray,WR,268.0,268.0,0.0,0.0,0.0,2,2026-08-30
sleeper:5246,,5246,Jake Roh,TE,416.0,416.0,0.0,0.0,0.0,4,2026-09-01
sleeper:5247,,5247,David Marvin,K,668.0,668.0,0.0,0.0,0.0,4,2026-09-01
sleeper:5248,,5248,Gus Edwards,RB,656.4,656.4,0.0,0.0,0.0,2,2026-08-30
sleeper:5252,,5252,Ray Lawry,RB,359.0,333.0,-26.0,-26.0,-26.0,2,2026-09-01
sleeper:5253,,5253,Jordan Franks,TE,562.5,425.5,-137.0,-137.0,-137.0,2,2026-08-30
sleeper:5254,,5254,Jimmy Williams,WR,660.7,629.0,-31.700000000000045,-31.700000000000045,-31.700000000000045,4,2026-09-01
sleeper:5257,,5257,Tim Boyle,QB,503.9,403.3,-100.59999999999997,-100.59999999999997,-100.59999999999997,2,2026-08-30
sleeper:5260,,5260,Vyncint Smith,WR,687.7,687.7,0.0,0.0,0.0,2,2026-08-30
sleeper:5272,,5272,Greg Joseph,K,698.4,698.4,0.0,0.0,0.0,2,2026-08-30
sleeper:5273,,5273,Kamryn Pettway,RB,687.7,610.7,-77.0,-77.0,-77.0,4,2026-09-01
sleeper:5276,,5276,Tyler Hoppes,TE,680.0,642.0,-38.0,-38.0,-38.0,4,2026-09-01
sleeper:5278,,5278,Jarvion Franklin,RB,660.5,501.5,-159.0,-159.0,-159.0,4,2026-09-01
sleeper:5284,,5284,Jeff Wilson,RB,650.3,650.3,0.0,0.0,0.0,2,2026-08-30
sleeper:5285,,5285,Ross Dwelley,TE,579.8,443.2,-136.59999999999997,-136.59999999999997,-136.59999999999997,2,2026-08-30
sleeper:5290,,5290,Deontay Burnett,WR,316.8,325.8,9.0,9.0,9.0,2,2026-08-30
sleeper:5294,,5294,Mikah Holder,WR,335.0,314.0,-21.0,-21.0,-21.0,2,2026-09-01
sleeper:5295,,5295,De'Mornay Pierson-El,WR,570.0,570.0,0.0,0.0,0.0,4,2026-09-01
sleeper:533,,533,Colt McCoy,QB,658.7,658.7,0.0,0.0,0.0,2,2026-08-30
sleeper:5355,,5355,Nick Sharga,FB,257.0,267.0,10.0,10.0,10.0,2,2026-09-01
sleeper:5374,,5374,Justin Watson,WR,695.2,695.2,0.0,0.0,0.0,2,2026-08-30
sleeper:538,,538,Emmanuel Sanders,WR,697.4,697.4,0.0,0.0,0.0,2,2026-08-30
sleeper:5392,,5392,Jack Heneghan,QB,453.0,453.0,0.0,0.0,0.0,4,2026-09-01
sleeper:5397,,5397,Trevor Moore,K,585.5,554.1,-31.399999999999977,-31.399999999999977,-31.399999999999977,2,2026-09-01
sleeper:5401,,5401,Armanti Foreman,WR,692.9,692.9,0.0,0.0,0.0,4,2026-09-01
sleeper:5403,,5403,Peter Pujals,QB,517.3,517.3,0.0,0.0,0.0,4,2026-09-01
sleeper:5463,,5463,Mark Thompson,RB,680.0,517.0,-163.0,-163.0,-163.0,2,2026-08-30
sleeper:5530,,5530,Evan Berry,WR,659.0,659.0,0.0,0.0,0.0,4,2026-09-01
sleeper:5539,,5539,Derrick Willies,WR,647.7,647.7,0.0,0.0,0.0,2,2026-08-30
sleeper:5548,,5548,Elijah Marks,WR,487.0,371.0,-116.0,-116.0,-116.0,4,2026-09-01
sleeper:5550,,5550,John David Moore,RB,342.0,509.0,167.0,167.0,167.0,3,2026-09-01
sleeper:5565,,5565,Jason Cabinda,FB,666.0,666.0,0.0,0.0,0.0,1,2026-08-30
sleeper:5566,,5566,Julian Allen,FB,670.3,670.3,0.0,0.0,0.0,4,2026-09-01
sleeper:5569,,5569,Johnny Stanton,FB,647.3,647.3,0.0,0.0,0.0,2,2026-08-30
sleeper:5570,,5570,Chad Beebe,WR,671.1,671.1,0.0,0.0,0.0,2,2026-08-30
sleeper:5586,,5586,Henry Poggi,FB,638.5,638.5,0.0,0.0,0.0,4,2026-09-01
sleeper:5590,,5590,Jordan Smallwood,WR,680.9,387.8,-293.09999999999997,-293.09999999999997,-293.09999999999997,4,2026-09-01
sleeper:5612,,5612,Anthony Mahoungou,WR,504.0,234.0,-270.0,-270.0,-270.0,2,2026-09-01
sleeper:5618,,5618,Larry Rose,RB,672.6,672.6,0.0,0.0,0.0,4,2026-09-01
sleeper:5619,,5619,Dalyn Dawkins,RB,610.2,610.2,0.0,0.0,0.0,2,2026-08-30
sleeper:5638,,5638,Shaq Roland,WR,535.0,535.0,0.0,0.0,0.0,4,2026-09-01
sleeper:5663,,5663,Shane Wimann,RB,437.0,386.0,-51.0,-51.0,-51.0,2,2026-09-01
sleeper:5692,,5692,Ryan Santoso,K,634.3,634.3,0.0,0.0,0.0,2,2026-08-30
sleeper:5697,,5697,Zach Olstad,RB,699.0,622.0,-77.0,-77.0,-77.0,4,2026-09-01
sleeper:5699,,5699,Matt Fleming,WR,675.5,675.5,0.0,0.0,0.0,4,2026-09-01
sleeper:5703,,5703,Deontez Alexander,WR,363.0,305.0,-58.0,-58.0,-58.0,2,2026-08-30
sleeper:5705,,5705,John Franklin,WR,601.5,243.8,-357.7,-357.7,-357.7,4,2026-09-01
sleeper:5709,,5709,Luis Perez,QB,691.8,691.8,0.0,0.0,0.0,2,2026-08-30
sleeper:5714,,5714,Tim Wilson,WR,675.7,675.7,0.0,0.0,0.0,4,2026-09-01
sleeper:5718,,5718,Ryan Yurachek,TE,338.0,315.0,-23.0,-23.0,-23.0,2,2026-09-01
sleeper:5734,,5734,C.J. Duncan,WR,300.7,312.0,11.300000000000011,11.300000000000011,11.300000000000011,2,2026-09-01
sleeper:5744,,5744,Eldridge Massington,WR,637.6,567.5,-70.10000000000002,-70.10000000000002,-70.10000000000002,4,2026-09-01
sleeper:5756,,5756,Garrett Dickerson,TE,641.5,607.7,-33.799999999999955,-33.799999999999955,-33.799999999999955,2,2026-08-30
sleeper:5772,,5772,Aaron Lacombe,WR,656.5,656.5,0.0,0.0,0.0,4,2026-09-01
sleeper:5774,,5774,Cam Serigne,TE,258.0,269.0,11.0,11.0,11.0,2,2026-09-01
sleeper:5776,,5776,Mark Chapman,WR,690.0,690.0,0.0,0.0,0.0,4,2026-09-01
sleeper:5777,,5777,Malachi Jones,WR,680.2,680.2,0.0,0.0,0.0,4,2026-09-01
sleeper:5781,,5781,Malik Turner,WR,685.0,685.0,0.0,0.0,0.0,2,2026-08-30
sleeper:5785,,5785,James Butler,RB,583.0,583.0,0.0,0.0,0.0,4,2026-09-01
sleeper:5786,,5786,Marcus Peterson,WR,675.2,675.2,0.0,0.0,0.0,4,2026-09-01
sleeper:5791,,5791,Gerald Holmes,RB,659.3,659.3,0.0,0.0,0.0,4,2026-09-01
sleeper:5796,,5796,Austin Wolf,WR,687.5,687.5,0.0,0.0,0.0,4,2026-09-01
sleeper:5798,,5798,Darren Carrington,WR,699.5,699.5,0.0,0.0,0.0,4,2026-09-01
sleeper:5799,,5799,Darius Prince,WR,655.1,655.1,0.0,0.0,0.0,4,2026-09-01
sleeper:5800,,5800,Justin Stockton,RB,584.5,400.3,-184.2,-184.2,-184.2,4,2026-09-01
sleeper:5801,,5801,Kobe McCrary,RB,652.5,652.5,0.0,0.0,0.0,4,2026-09-01
sleeper:5804,,5804,Julian Williams,WR,517.6,544.0,26.399999999999977,26.399999999999977,26.399999999999977,4,2026-09-01
sleeper:5806,,5806,John Wolford,QB,608.3,608.3,0.0,0.0,0.0,2,2026-08-30
sleeper:5808,,5808,Connor Jessop,QB,689.7,689.7,0.0,0.0,0.0,4,2026-09-01
sleeper:5809,,5809,Ja'Quan Gardner,RB,626.5,626.5,0.0,0.0,0.0,4,2026-09-01
sleeper:5823,,5823,Tristan Vizcaino,K,668.4,668.4,0.0,0.0,0.0,2,2026-08-30
sleeper:5828,,5828,Diontae Spencer,WR,515.7,515.7,0.0,0.0,0.0,2,2026-08-30
sleeper:5831,,5831,Bryant Mitchell,WR,651.3,651.3,0.0,0.0,0.0,4,2026-09-01
sleeper:5837,,5837,Redford Jones,K,523.1,392.0,-131.10000000000002,-131.10000000000002,-131.10000000000002,4,2026-09-01
sleeper:5838,,5838,Phillip Andersen,K,657.6,657.6,0.0,0.0,0.0,4,2026-09-01
sleeper:5844,,5844,T.J. Hockenson,TE,163.5,164.0,0.5,0.5,0.5,2,2026-08-30
sleeper:5846,,5846,DK Metcalf,WR,74.6,74.7,0.10000000000000853,0.10000000000000853,0.10000000000000853,2,2026-08-30
sleeper:5849,,5849,Kyler Murray,QB,158.1,159.0,0.9000000000000057,0.9000000000000057,0.9000000000000057,2,2026-08-30
sleeper:5850,,5850,Josh Jacobs,RB,31.2,31.7,0.5,0.5,0.5,2,2026-08-30
sleeper:5854,,5854,Drew Lock,QB,692.7,692.7,0.0,0.0,0.0,2,2026-08-30
sleeper:5859,,5859,A.J. Brown,WR,18.2,17.9,-0.3000000000000007,-0.3000000000000007,-0.3000000000000007,2,2026-08-30
sleeper:5863,,5863,J.J. Arcega-Whiteside,WR,600.0,600.0,0.0,0.0,0.0,2,2026-08-30
sleeper:5870,,5870,Daniel Jones,QB,203.1,203.2,0.09999999999999432,0.09999999999999432,0.09999999999999432,2,2026-08-30
sleeper:5872,,5872,Deebo Samuel,WR,129.0,137.4,8.400000000000006,8.400000000000006,8.400000000000006,2,2026-08-30
sleeper:5873,,5873,Riley Ridley,WR,622.5,622.5,0.0,0.0,0.0,2,2026-08-30
sleeper:5878,,5878,N'Keal Harry,TE,599.5,599.5,0.0,0.0,0.0,2,2026-08-30
sleeper:5880,,5880,Parris Campbell,WR,570.8,523.1,-47.69999999999993,-47.69999999999993,-47.69999999999993,2,2026-08-30
sleeper:5885,,5885,Ryan Finley,QB,508.0,508.0,0.0,0.0,0.0,2,2026-08-30
sleeper:5889,,5889,Bryce Love,RB,303.3,287.1,-16.19999999999999,-16.19999999999999,-16.19999999999999,2,2026-08-30
sleeper:5890,,5890,Damien Harris,RB,654.0,654.0,0.0,0.0,0.0,2,2026-08-30
sleeper:5892,,5892,David Montgomery,RB,49.3,49.0,-0.29999999999999716,-0.29999999999999716,-0.29999999999999716,2,2026-08-30
sleeper:59,,59,Mason Crosby,K,674.0,674.0,0.0,0.0,0.0,2,2026-08-30
sleeper:5902,,5902,Penny Hart,WR,505.0,505.0,0.0,0.0,0.0,1,2026-08-30
sleeper:5911,,5911,Jalen Hurd,WR,262.0,262.0,0.0,0.0,0.0,2,2026-08-30
sleeper:5915,,5915,Andy Isabella,WR,607.0,607.0,0.0,0.0,0.0,2,2026-08-30
sleeper:5916,,5916,Darrell Henderson,RB,640.3,640.3,0.0,0.0,0.0,2,2026-08-30
sleeper:5917,,5917,Mecole Hardman,WR,649.3,649.3,0.0,0.0,0.0,2,2026-08-30
sleeper:5918,,5918,Rodney Anderson,RB,250.0,250.0,0.0,0.0,0.0,1,2026-08-30
sleeper:5919,,5919,Elijah Holyfield,RB,349.7,337.0,-12.699999999999989,-12.699999999999989,-12.699999999999989,2,2026-08-30
sleeper:5924,,5924,Emanuel Hall,WR,648.2,648.2,0.0,0.0,0.0,2,2026-08-30
sleeper:5927,,5927,Terry McLaurin,WR,55.3,56.1,0.8000000000000043,0.8000000000000043,0.8000000000000043,2,2026-08-30
sleeper:5937,,5937,Diontae Johnson,WR,648.9,648.9,0.0,0.0,0.0,2,2026-08-30
sleeper:5947,,5947,Jakobi Meyers,WR,119.9,115.5,-4.400000000000006,-4.400000000000006,-4.400000000000006,2,2026-08-30
sleeper:5955,,5955,Hunter Renfrow,WR,694.1,694.1,0.0,0.0,0.0,2,2026-08-30
sleeper:5961,,5961,Jalin Moore,RB,260.0,260.0,0.0,0.0,0.0,1,2026-08-30
sleeper:5962,,5962,KeeSean Johnson,WR,264.0,264.0,0.0,0.0,0.0,1,2026-08-30
sleeper:5967,,5967,Tony Pollard,RB,84.9,83.7,-1.2000000000000028,-1.2000000000000028,-1.2000000000000028,2,2026-08-30
sleeper:5975,,5975,Alize Mack,TE,614.6,614.6,0.0,0.0,0.0,2,2026-08-30
sleeper:5977,,5977,Terry Godwin,WR,645.2,645.2,0.0,0.0,0.0,2,2026-08-30
sleeper:5980,,5980,Myles Gaskin,RB,691.3,665.9,-25.399999999999977,-25.399999999999977,-25.399999999999977,2,2026-08-30
sleeper:5984,,5984,Anthony Ratliff-Williams,WR,459.4,370.0,-89.39999999999998,-89.39999999999998,-89.39999999999998,2,2026-08-30
sleeper:5985,,5985,Foster Moreau,TE,638.3,638.3,0.0,0.0,0.0,2,2026-08-30
sleeper:5987,,5987,Alexander Mattison,RB,692.2,616.8,-75.40000000000009,-75.40000000000009,-75.40000000000009,2,2026-08-30
sleeper:6002,,6002,Qadree Ollison,RB,510.0,510.0,0.0,0.0,0.0,1,2026-08-30
sleeper:6011,,6011,Gardner Minshew,QB,677.8,677.8,0.0,0.0,0.0,2,2026-08-30
sleeper:6012,,6012,Travis Homer,RB,695.2,695.2,0.0,0.0,0.0,2,2026-08-30
sleeper:6017,,6017,DaMarkus Lodge,WR,657.2,657.2,0.0,0.0,0.0,2,2026-08-30
sleeper:6031,,6031,Alex Barnes,RB,661.5,585.5,-76.0,-76.0,-76.0,4,2026-09-01
sleeper:6032,,6032,Keelan Doss,WR,639.0,639.0,0.0,0.0,0.0,2,2026-08-30
sleeper:6037,,6037,Brett Rypien,QB,664.3,641.0,-23.299999999999955,-23.299999999999955,-23.299999999999955,2,2026-08-30
sleeper:6040,,6040,Tyree Jackson,TE,359.3,413.0,53.69999999999999,53.69999999999999,53.69999999999999,2,2026-08-30
sleeper:6045,,6045,Gary Jennings,WR,351.8,311.0,-40.80000000000001,-40.80000000000001,-40.80000000000001,2,2026-08-30
sleeper:6047,,6047,Dillon Mitchell,WR,422.0,327.0,-95.0,-95.0,-95.0,2,2026-08-30
sleeper:6049,,6049,Tyre Brady,WR,687.8,687.8,0.0,0.0,0.0,4,2026-09-01
sleeper:6059,,6059,Travis Fulgham,WR,415.3,391.5,-23.80000000000001,-23.80000000000001,-23.80000000000001,2,2026-08-30
sleeper:606,,606,Joe Webb,QB,671.3,671.3,0.0,0.0,0.0,2,2026-08-30
sleeper:6068,,6068,Devine Ozigbo,RB,682.8,682.8,0.0,0.0,0.0,2,2026-08-30
sleeper:6081,,6081,Kendall Blanton,TE,670.0,509.0,-161.0,-161.0,-161.0,2,2026-08-30
sleeper:6083,,6083,Matt Gay,K,263.3,263.3,0.0,0.0,0.0,2,2026-08-30
sleeper:6088,,6088,Bisi Johnson,WR,677.1,677.1,0.0,0.0,0.0,2,2026-08-30
sleeper:6109,,6109,Alec Ingold,FB,662.7,662.7,0.0,0.0,0.0,2,2026-08-30
sleeper:6126,,6126,Irv Smith,TE,644.0,644.0,0.0,0.0,0.0,2,2026-08-30
sleeper:6144,,6144,Trayveon Williams,RB,683.1,683.1,0.0,0.0,0.0,2,2026-08-30
sleeper:6147,,6147,Clayton Thorson,QB,672.5,672.5,0.0,0.0,0.0,2,2026-08-30
sleeper:6148,,6148,Preston Williams,WR,514.8,514.8,0.0,0.0,0.0,2,2026-08-30
sleeper:6151,,6151,Miles Sanders,RB,634.9,634.9,0.0,0.0,0.0,2,2026-08-30
sleeper:6153,,6153,Dexter Williams,RB,621.9,621.9,0.0,0.0,0.0,2,2026-08-30
sleeper:6154,,6154,David Sills,WR,405.0,405.0,0.0,0.0,0.0,2,2026-08-30
sleeper:6155,,6155,Jaylen Smith,WR,664.8,664.8,0.0,0.0,0.0,2,2026-08-30
sleeper:6156,,6156,Benny Snell,RB,644.8,644.8,0.0,0.0,0.0,2,2026-08-30
sleeper:6159,,6159,Mike Weber,RB,689.0,689.0,0.0,0.0,0.0,2,2026-08-30
sleeper:616,,616,Jimmy Graham,TE,604.8,604.8,0.0,0.0,0.0,2,2026-08-30
sleeper:6161,,6161,L.J. Scott,RB,602.0,602.0,0.0,0.0,0.0,4,2026-09-01
sleeper:6163,,6163,Alex Wesley,WR,642.5,642.5,0.0,0.0,0.0,2,2026-08-30
sleeper:6164,,6164,Kahale Warring,TE,650.0,650.0,0.0,0.0,0.0,2,2026-08-30
sleeper:6165,,6165,Antoine Wesley,WR,689.7,689.7,0.0,0.0,0.0,2,2026-08-30
sleeper:6167,,6167,Jordan Scarlett,RB,619.0,619.0,0.0,0.0,0.0,2,2026-08-30
sleeper:6168,,6168,John Ursua,WR,626.5,626.5,0.0,0.0,0.0,2,2026-08-30
sleeper:6171,,6171,Cody Thompson,WR,539.0,539.0,0.0,0.0,0.0,2,2026-08-30
sleeper:6175,,6175,Kerrith Whyte,RB,686.0,686.0,0.0,0.0,0.0,2,2026-08-30
sleeper:6178,,6178,Darwin Thompson,RB,657.5,657.5,0.0,0.0,0.0,2,2026-08-30
sleeper:6181,,6181,Trevon Wesco,TE,693.0,693.0,0.0,0.0,0.0,2,2026-08-30
sleeper:6185,,6185,Easton Stick,QB,602.2,602.2,0.0,0.0,0.0,2,2026-08-30
sleeper:6187,,6187,Aca'Cedric Ware,RB,612.0,631.1,19.100000000000023,19.100000000000023,19.100000000000023,4,2026-09-01
sleeper:6192,,6192,Chris Blewitt,K,668.8,633.3,-35.5,-35.5,-35.5,2,2026-08-30
sleeper:6193,,6193,Cole Murphy,K,651.9,651.9,0.0,0.0,0.0,4,2026-09-01
sleeper:6196,,6196,Christian Wade,RB,688.5,688.5,0.0,0.0,0.0,2,2026-08-30
sleeper:6203,,6203,Valentine Holmes,RB,686.2,686.2,0.0,0.0,0.0,4,2026-09-01
sleeper:6205,,6205,Brandon Silvers,QB,422.2,611.3,189.09999999999997,189.09999999999997,189.09999999999997,4,2026-09-01
sleeper:6208,,6208,Elliott Fry,K,663.8,663.8,0.0,0.0,0.0,2,2026-08-30
sleeper:6227,,6227,Nick Easley,WR,649.3,649.3,0.0,0.0,0.0,2,2026-08-30
sleeper:6231,,6231,John Lovett,QB,334.2,375.9,41.69999999999999,41.69999999999999,41.69999999999999,2,2026-08-30
sleeper:6236,,6236,Travon McMillian,RB,471.5,649.8,178.29999999999995,178.29999999999995,178.29999999999995,4,2026-09-01
sleeper:6237,,6237,Wilton Speight,QB,596.5,511.3,-85.19999999999999,-85.19999999999999,-85.19999999999999,4,2026-09-01
sleeper:6238,,6238,Tyree Mayfield,TE,261.0,261.0,0.0,0.0,0.0,4,2026-09-01
sleeper:6247,,6247,Jason Moore,WR,575.2,436.2,-139.00000000000006,-139.00000000000006,-139.00000000000006,2,2026-08-30
sleeper:6261,,6261,Reggie White,WR,262.0,262.0,0.0,0.0,0.0,2,2026-08-30
sleeper:6269,,6269,Kyle Shurmur,QB,679.0,679.0,0.0,0.0,0.0,2,2026-08-30
sleeper:6279,,6279,Brandon Dillon,TE,678.5,678.5,0.0,0.0,0.0,2,2026-08-30
sleeper:6290,,6290,Scotty Miller,WR,697.5,697.5,0.0,0.0,0.0,2,2026-08-30
sleeper:6293,,6293,Cullen Gillaspia,RB,669.0,669.0,0.0,0.0,0.0,2,2026-08-30
sleeper:6298,,6298,Chandler Cox,FB,617.0,531.9,-85.10000000000002,-85.10000000000002,-85.10000000000002,2,2026-08-30
sleeper:6308,,6308,Ian Bunting,TE,635.8,635.8,0.0,0.0,0.0,4,2026-09-01
sleeper:6311,,6311,Patrick Laird,RB,636.9,636.9,0.0,0.0,0.0,2,2026-08-30
sleeper:6317,,6317,Jacob Dolegala,QB,656.2,656.2,0.0,0.0,0.0,2,2026-08-30
sleeper:6318,,6318,Jordan Ellis,RB,555.8,421.8,-133.99999999999994,-133.99999999999994,-133.99999999999994,2,2026-08-30
sleeper:6322,,6322,Xavier Ubosi,WR,674.3,471.0,-203.29999999999995,-203.29999999999995,-203.29999999999995,4,2026-09-01
sleeper:6323,,6323,Andrew Beck,RB,614.0,614.0,0.0,0.0,0.0,2,2026-08-30
sleeper:6334,,6334,Damarea Crockett,RB,681.3,601.3,-80.0,-80.0,-80.0,2,2026-08-30
sleeper:6343,,6343,Manny Wilkins,QB,510.3,510.3,0.0,0.0,0.0,4,2026-09-01
sleeper:6352,,6352,Matt Colburn,RB,461.8,326.0,-135.8,-135.8,-135.8,4,2026-09-01
sleeper:6358,,6358,Kahlil Lewis,WR,592.5,502.5,-90.0,-90.0,-90.0,4,2026-09-01
sleeper:6359,,6359,C.J. Worton,WR,577.0,495.0,-82.0,-82.0,-82.0,4,2026-09-01
sleeper:6361,,6361,Raphael Leonard,WR,695.0,351.3,-343.7,-343.7,-343.7,4,2026-09-01
sleeper:6364,,6364,Papi White,WR,660.0,660.0,0.0,0.0,0.0,4,2026-09-01
sleeper:6365,,6365,Carson Meier,TE,261.5,255.0,-6.5,-6.5,-6.5,4,2026-09-01
sleeper:6370,,6370,Damion Jeanpiere,WR,321.5,305.5,-16.0,-16.0,-16.0,2,2026-09-01
sleeper:6371,,6371,Drew Anderson,QB,661.0,661.0,0.0,0.0,0.0,2,2026-08-30
sleeper:6372,,6372,Xavier Turner,RB,637.5,637.5,0.0,0.0,0.0,2,2026-08-30
sleeper:6375,,6375,Jerome Washington,TE,681.6,551.2,-130.39999999999998,-130.39999999999998,-130.39999999999998,4,2026-09-01
sleeper:6379,,6379,Khari Blasingame,FB,548.2,417.2,-131.00000000000006,-131.00000000000006,-131.00000000000006,2,2026-08-30
sleeper:6381,,6381,Alexander Hollins,WR,561.5,425.5,-136.0,-136.0,-136.0,2,2026-08-30
sleeper:6385,,6385,Matt Colburn,RB,263.0,263.0,0.0,0.0,0.0,4,2026-09-01
sleeper:6386,,6386,Alex Bachman,WR,670.3,670.3,0.0,0.0,0.0,2,2026-08-30
sleeper:6388,,6388,Romello Brooker,TE,682.0,682.0,0.0,0.0,0.0,4,2026-09-01
sleeper:6392,,6392,Johnathan Lloyd,WR,595.2,595.2,0.0,0.0,0.0,4,2026-09-01
sleeper:6396,,6396,Austin Fort,TE,308.0,308.0,0.0,0.0,0.0,1,2026-08-30
sleeper:6399,,6399,Kano Dillon,TE,355.7,261.0,-94.69999999999999,-94.69999999999999,-94.69999999999999,2,2026-09-01
sleeper:642,,642,Golden Tate,WR,694.5,694.5,0.0,0.0,0.0,2,2026-08-30
sleeper:6421,,6421,Jalen Guyton,WR,564.0,564.0,0.0,0.0,0.0,2,2026-08-30
sleeper:6435,,6435,George Aston,FB,609.3,609.3,0.0,0.0,0.0,4,2026-09-01
sleeper:6438,,6438,Kelvin McKnight,WR,472.0,472.0,0.0,0.0,0.0,1,2026-08-30
sleeper:6439,,6439,Hale Hentges,TE,445.8,445.8,0.0,0.0,0.0,2,2026-08-30
sleeper:6443,,6443,Eric Dungey,QB,479.8,479.8,0.0,0.0,0.0,4,2026-09-01
sleeper:6446,,6446,Jon Hilliman,RB,393.0,393.0,0.0,0.0,0.0,2,2026-08-30
sleeper:6448,,6448,Darrin Hall,RB,590.9,590.9,0.0,0.0,0.0,2,2026-08-30
sleeper:6449,,6449,Dorian Baker,WR,243.0,243.0,0.0,0.0,0.0,3,2026-09-01
sleeper:6450,,6450,David Blough,QB,647.6,647.6,0.0,0.0,0.0,2,2026-08-30
sleeper:6453,,6453,D.J. Montgomery,WR,641.7,641.7,0.0,0.0,0.0,2,2026-08-30
sleeper:6459,,6459,Sean Modster,WR,670.0,593.0,-77.0,-77.0,-77.0,4,2026-09-01
sleeper:6460,,6460,Cole Herdman,TE,436.5,382.0,-54.5,-54.5,-54.5,4,2026-09-01
sleeper:6469,,6469,Davis Koppenhaver,TE,390.0,350.0,-40.0,-40.0,-40.0,2,2026-09-01
sleeper:6487,,6487,Charles Scarff,TE,650.5,650.5,0.0,0.0,0.0,4,2026-09-01
sleeper:6489,,6489,Taryn Christion,QB,657.2,657.2,0.0,0.0,0.0,4,2026-09-01
sleeper:6490,,6490,Mik'Quan Deane,TE,662.0,447.5,-214.5,-214.5,-214.5,4,2026-09-01
sleeper:6491,,6491,Adam Choice,RB,497.3,497.3,0.0,0.0,0.0,4,2026-09-01
sleeper:6493,,6493,Justin Johnson,TE,668.8,328.0,-340.79999999999995,-340.79999999999995,-340.79999999999995,4,2026-09-01
sleeper:6496,,6496,Cole Hedlund,K,334.0,313.0,-21.0,-21.0,-21.0,2,2026-09-01
sleeper:650,,650,Nick Folk,K,285.5,285.5,0.0,0.0,0.0,2,2026-08-30
sleeper:6501,,6501,C.J. Conrad,TE,481.0,481.0,0.0,0.0,0.0,1,2026-08-30
sleeper:6506,,6506,Trayone Gray,RB,263.0,263.0,0.0,0.0,0.0,4,2026-09-01
sleeper:6519,,6519,Darrius Shepherd,WR,559.4,602.3,42.89999999999998,42.89999999999998,42.89999999999998,2,2026-08-30
sleeper:6522,,6522,T.J. Linta,QB,689.5,689.5,0.0,0.0,0.0,4,2026-09-01
sleeper:6524,,6524,Jamire Jordan,WR,458.5,263.0,-195.5,-195.5,-195.5,3,2026-09-01
sleeper:6528,,6528,Joey Slye,K,351.0,351.0,0.0,0.0,0.0,2,2026-08-30
sleeper:6529,,6529,Chris Myarick,TE,680.0,680.0,0.0,0.0,0.0,2,2026-08-30
sleeper:6535,,6535,Nate Becker,TE,656.1,656.1,0.0,0.0,0.0,4,2026-09-01
sleeper:6539,,6539,Devontae Jackson,RB,468.0,317.8,-150.2,-150.2,-150.2,4,2026-09-01
sleeper:6540,,6540,DeAndre Thompkins,WR,306.0,331.0,25.0,25.0,25.0,2,2026-09-01
sleeper:6549,,6549,Damion Willis,WR,637.0,637.0,0.0,0.0,0.0,2,2026-08-30
sleeper:6552,,6552,Malik Henry,WR,663.0,663.0,0.0,0.0,0.0,4,2026-09-01
sleeper:6553,,6553,Austin Walter,RB,379.0,306.0,-73.0,-73.0,-73.0,2,2026-08-30
sleeper:6554,,6554,Shawn Poindexter,WR,632.1,487.3,-144.8,-144.8,-144.8,4,2026-09-01
sleeper:6557,,6557,Jeff Smith,WR,478.6,395.0,-83.60000000000002,-83.60000000000002,-83.60000000000002,2,2026-08-30
sleeper:6585,,6585,Tony Brooks-James,RB,267.0,267.0,0.0,0.0,0.0,1,2026-08-30
sleeper:6588,,6588,Tom Kennedy,WR,652.8,652.8,0.0,0.0,0.0,2,2026-08-30
sleeper:6590,,6590,Michael Colubiale,TE,500.0,334.0,-166.0,-166.0,-166.0,4,2026-09-01
sleeper:6595,,6595,Devlin Hodges,QB,430.2,323.2,-107.0,-107.0,-107.0,2,2026-08-30
sleeper:6598,,6598,Trenton Irwin,WR,482.0,482.0,0.0,0.0,0.0,2,2026-08-30
sleeper:6606,,6606,Nick Fitzgerald,QB,356.6,232.0,-124.60000000000002,-124.60000000000002,-124.60000000000002,2,2026-09-01
sleeper:6617,,6617,Andre Lindsey,WR,345.0,324.0,-21.0,-21.0,-21.0,2,2026-09-01
sleeper:6621,,6621,John Baron,K,663.3,663.3,0.0,0.0,0.0,4,2026-09-01
sleeper:6625,,6625,Clayton Hatfield,K,680.0,680.0,0.0,0.0,0.0,4,2026-09-01
sleeper:6628,,6628,Ventell Bryant,WR,485.0,485.0,0.0,0.0,0.0,2,2026-08-30
sleeper:663,,663,Benjamin Watson,TE,695.5,695.5,0.0,0.0,0.0,2,2026-08-30
sleeper:6637,,6637,Nico Evans,RB,677.1,651.5,-25.600000000000023,-25.600000000000023,-25.600000000000023,4,2026-09-01
sleeper:6650,,6650,Chase McLaughlin,K,222.3,221.7,-0.6000000000000227,-0.6000000000000227,-0.6000000000000227,2,2026-08-30
sleeper:6659,,6659,Craig Reynolds,RB,646.0,530.8,-115.20000000000005,-115.20000000000005,-115.20000000000005,2,2026-08-30
sleeper:6661,,6661,Joseph Parker,WR,619.8,609.6,-10.199999999999932,-10.199999999999932,-10.199999999999932,4,2026-09-01
sleeper:6664,,6664,A.J. Ouellette,RB,429.8,649.2,219.40000000000003,219.40000000000003,219.40000000000003,4,2026-09-01
sleeper:6685,,6685,Jalen Greene,WR,594.0,594.0,0.0,0.0,0.0,4,2026-09-01
sleeper:6694,,6694,D'Ernest Johnson,RB,455.0,455.0,0.0,0.0,0.0,2,2026-08-30
sleeper:6697,,6697,Floyd Allen,WR,697.0,697.0,0.0,0.0,0.0,4,2026-09-01
sleeper:6700,,6700,Marcelias Sutton,RB,671.2,647.5,-23.700000000000045,-23.700000000000045,-23.700000000000045,4,2026-09-01
sleeper:6701,,6701,Fred Trevillion,WR,631.8,631.8,0.0,0.0,0.0,4,2026-09-01
sleeper:6705,,6705,Taj McGowan,RB,667.3,667.3,0.0,0.0,0.0,4,2026-09-01
sleeper:6710,,6710,Josh Caldwell,RB,642.2,642.2,0.0,0.0,0.0,4,2026-09-01
sleeper:6712,,6712,Marcus Simms,WR,612.0,612.0,0.0,0.0,0.0,2,2026-08-30
sleeper:6713,,6713,Jamarius Way,WR,684.7,684.7,0.0,0.0,0.0,4,2026-09-01
sleeper:6723,,6723,Vincent Testaverde,QB,689.1,689.1,0.0,0.0,0.0,4,2026-09-01
sleeper:6727,,6727,Joe Walker,WR,654.3,654.3,0.0,0.0,0.0,4,2026-09-01
sleeper:6728,,6728,Jackson Harris,TE,677.3,677.3,0.0,0.0,0.0,4,2026-09-01
sleeper:6730,,6730,Jordan Ta'amu,QB,688.5,688.5,0.0,0.0,0.0,2,2026-08-30
sleeper:6737,,6737,Micky Crum,TE,517.1,492.5,-24.600000000000023,-24.600000000000023,-24.600000000000023,3,2026-09-01
sleeper:6742,,6742,Marquis Young,RB,256.0,256.0,0.0,0.0,0.0,4,2026-09-01
sleeper:6744,,6744,Greg Ward,WR,437.0,437.0,0.0,0.0,0.0,1,2026-08-30
sleeper:6753,,6753,Derrick Gore,RB,485.8,485.8,0.0,0.0,0.0,1,2026-08-30
sleeper:6755,,6755,Tavonn Salter,WR,664.5,664.5,0.0,0.0,0.0,4,2026-09-01
sleeper:6762,,6762,Darion Clark,TE,635.0,635.0,0.0,0.0,0.0,4,2026-09-01
sleeper:6763,,6763,Reggie Begelton,WR,629.0,629.0,0.0,0.0,0.0,2,2026-08-30
sleeper:6768,,6768,Tua Tagovailoa,QB,236.5,236.5,0.0,0.0,0.0,2,2026-08-30
sleeper:6770,,6770,Joe Burrow,QB,51.8,51.1,-0.6999999999999957,-0.6999999999999957,-0.6999999999999957,2,2026-08-30
sleeper:6778,,6778,Chris Streveler,QB,679.0,679.0,0.0,0.0,0.0,1,2026-08-30
sleeper:6783,,6783,Jerry Jeudy,WR,189.0,189.6,0.5999999999999943,0.5999999999999943,0.5999999999999943,2,2026-08-30
sleeper:6786,,6786,CeeDee Lamb,WR,9.8,9.5,-0.3000000000000007,-0.3000000000000007,-0.3000000000000007,2,2026-08-30
sleeper:6790,,6790,D'Andre Swift,RB,52.0,55.0,3.0,3.0,3.0,2,2026-08-30
sleeper:6794,,6794,Justin Jefferson,WR,11.3,11.5,0.1999999999999993,0.1999999999999993,0.1999999999999993,2,2026-08-30
sleeper:6797,,6797,Justin Herbert,QB,82.4,82.2,-0.20000000000000284,-0.20000000000000284,-0.20000000000000284,2,2026-08-30
sleeper:6798,,6798,Jalen Reagor,WR,442.0,442.0,0.0,0.0,0.0,2,2026-08-30
sleeper:6801,,6801,Tee Higgins,WR,34.3,34.4,0.10000000000000142,0.10000000000000142,0.10000000000000142,2,2026-08-30
sleeper:6803,,6803,Brandon Aiyuk,WR,251.4,251.4,0.0,0.0,0.0,2,2026-08-30
sleeper:6804,,6804,Jordan Love,QB,149.9,149.5,-0.4000000000000057,-0.4000000000000057,-0.4000000000000057,2,2026-08-30
sleeper:6806,,6806,J.K. Dobbins,RB,94.8,94.9,0.10000000000000853,0.10000000000000853,0.10000000000000853,2,2026-08-30
sleeper:6813,,6813,Jonathan Taylor,RB,7.3,7.3,0.0,0.0,0.0,2,2026-08-30
sleeper:6819,,6819,Michael Pittman,WR,103.6,101.3,-2.299999999999997,-2.299999999999997,-2.299999999999997,2,2026-08-30
sleeper:6822,,6822,Jake Fromm,QB,664.4,664.4,0.0,0.0,0.0,2,2026-08-30
sleeper:6823,,6823,Jacob Eason,QB,678.5,678.5,0.0,0.0,0.0,2,2026-08-30
sleeper:6832,,6832,Kalija Lipscomb,WR,247.0,247.0,0.0,0.0,0.0,1,2026-08-30
sleeper:6849,,6849,Denzel Mims,WR,633.5,633.5,0.0,0.0,0.0,2,2026-08-30
sleeper:6850,,6850,Harrison Bryant,TE,631.5,631.5,0.0,0.0,0.0,2,2026-08-30
sleeper:6853,,6853,Van Jefferson,WR,591.9,550.0,-41.89999999999998,-41.89999999999998,-41.89999999999998,2,2026-08-30
sleeper:6865,,6865,Colby Parkinson,TE,251.4,251.4,0.0,0.0,0.0,2,2026-08-30
sleeper:6866,,6866,KJ Hill,WR,492.0,492.0,0.0,0.0,0.0,2,2026-08-30
sleeper:6869,,6869,Adam Trautman,TE,682.8,682.8,0.0,0.0,0.0,2,2026-08-30
sleeper:6870,,6870,Bryan Edwards,WR,623.0,623.0,0.0,0.0,0.0,2,2026-08-30
sleeper:6885,,6885,Ke'Shawn Vaughn,RB,600.0,600.0,0.0,0.0,0.0,2,2026-08-30
sleeper:6886,,6886,Chase Claypool,WR,672.9,672.9,0.0,0.0,0.0,2,2026-08-30
sleeper:6895,,6895,Quintez Cephus,WR,581.0,581.0,0.0,0.0,0.0,2,2026-08-30
sleeper:6904,,6904,Jalen Hurts,QB,60.0,59.2,-0.7999999999999972,-0.7999999999999972,-0.7999999999999972,2,2026-08-30
sleeper:6908,,6908,La'Mical Perine,RB,630.0,630.0,0.0,0.0,0.0,2,2026-08-30
sleeper:6909,,6909,Lynn Bowden,WR,653.5,653.5,0.0,0.0,0.0,2,2026-08-30
sleeper:6918,,6918,Salvon Ahmed,RB,640.0,640.0,0.0,0.0,0.0,2,2026-08-30
sleeper:6919,,6919,Thaddeus Moss,TE,623.1,518.8,-104.30000000000007,-104.30000000000007,-104.30000000000007,2,2026-08-30
sleeper:6926,,6926,Brycen Hopkins,TE,657.8,583.8,-74.0,-74.0,-74.0,2,2026-08-30
sleeper:6931,,6931,DeeJay Dallas,RB,677.3,677.3,0.0,0.0,0.0,2,2026-08-30
sleeper:6938,,6938,Cam Akers,RB,653.3,653.3,0.0,0.0,0.0,2,2026-08-30
sleeper:6943,,6943,Gabe Davis,WR,479.8,449.3,-30.5,-30.5,-30.5,2,2026-08-30
sleeper:695,,695,Ted Ginn,WR,695.7,695.7,0.0,0.0,0.0,2,2026-08-30
sleeper:6951,,6951,Eno Benjamin,RB,299.0,299.0,0.0,0.0,0.0,1,2026-08-30
sleeper:6955,,6955,James Robinson,RB,645.0,645.0,0.0,0.0,0.0,2,2026-08-30
sleeper:6956,,6956,Devin Asiasi,TE,546.0,546.0,0.0,0.0,0.0,2,2026-08-30
sleeper:6959,,6959,LeVante Bellamy,RB,607.0,607.0,0.0,0.0,0.0,1,2026-08-30
sleeper:6960,,6960,Tyler Johnson,WR,537.5,537.5,0.0,0.0,0.0,2,2026-08-30
sleeper:6963,,6963,Patrick Taylor,RB,671.6,671.6,0.0,0.0,0.0,2,2026-08-30
sleeper:6966,,6966,Javon Leake,RB,629.2,629.2,0.0,0.0,0.0,2,2026-08-30
sleeper:6967,,6967,Aaron Fuller,WR,648.0,648.0,0.0,0.0,0.0,2,2026-08-30
sleeper:6970,,6970,Stephen Sullivan,TE,627.5,627.5,0.0,0.0,0.0,2,2026-08-30
sleeper:6973,,6973,J.J. Taylor,RB,256.0,256.0,0.0,0.0,0.0,2,2026-08-30
sleeper:6992,,6992,Michael Warren,RB,271.0,271.0,0.0,0.0,0.0,1,2026-08-30
sleeper:6996,,6996,JaMycal Hasty,RB,625.0,625.0,0.0,0.0,0.0,2,2026-08-30
sleeper:7002,,7002,Juwan Johnson,TE,187.7,187.1,-0.5999999999999943,-0.5999999999999943,-0.5999999999999943,2,2026-08-30
sleeper:7008,,7008,Brian Lewerke,QB,614.9,614.9,0.0,0.0,0.0,2,2026-08-30
sleeper:7013,,7013,Steven Montez,QB,357.2,275.0,-82.19999999999999,-82.19999999999999,-82.19999999999999,2,2026-08-30
sleeper:7015,,7015,Jacob Breeland,TE,436.0,339.0,-97.0,-97.0,-97.0,2,2026-08-30
sleeper:7021,,7021,Rico Dowdle,RB,85.0,85.0,0.0,0.0,0.0,2,2026-08-30
sleeper:7039,,7039,Cody White,WR,664.0,664.0,0.0,0.0,0.0,2,2026-08-30
sleeper:7042,,7042,Tyler Bass,K,299.0,299.0,0.0,0.0,0.0,2,2026-08-30
sleeper:7045,,7045,Joshua Kelley,RB,698.0,698.0,0.0,0.0,0.0,2,2026-08-30
sleeper:7049,,7049,Jauan Jennings,WR,212.8,196.3,-16.5,-16.5,-16.5,2,2026-08-30
sleeper:7062,,7062,Rodrigo Blankenship,K,635.8,635.8,0.0,0.0,0.0,2,2026-08-30
sleeper:7071,,7071,JJ Molson,K,685.3,685.3,0.0,0.0,0.0,4,2026-09-01
sleeper:7075,,7075,Charlie Woerner,TE,641.5,641.5,0.0,0.0,0.0,2,2026-08-30
sleeper:7079,,7079,Pete Guerriero,RB,491.0,491.0,0.0,0.0,0.0,3,2026-09-01
sleeper:7082,,7082,Dalton Keene,TE,339.0,257.0,-82.0,-82.0,-82.0,2,2026-08-30
sleeper:7085,,7085,Isaiah Coulter,WR,631.0,559.0,-72.0,-72.0,-72.0,2,2026-08-30
sleeper:7088,,7088,Xavier Jones,RB,451.8,451.8,0.0,0.0,0.0,2,2026-08-30
sleeper:7090,,7090,Darnell Mooney,WR,249.2,249.2,0.0,0.0,0.0,2,2026-08-30
sleeper:7091,,7091,Aaron Parker,WR,447.8,439.8,-8.0,-8.0,-8.0,2,2026-08-30
sleeper:7093,,7093,Adrian Killins,RB,688.0,688.0,0.0,0.0,0.0,2,2026-08-30
sleeper:7095,,7095,Austin MacGinnis,K,680.0,680.0,0.0,0.0,0.0,2,2026-08-30
sleeper:7100,,7100,Derrick Dillon,WR,371.3,371.3,0.0,0.0,0.0,4,2026-09-01
sleeper:7101,,7101,Rodney Smith,RB,652.3,652.3,0.0,0.0,0.0,2,2026-08-30
sleeper:7105,,7105,Ramiz Ahmed,K,634.0,562.0,-72.0,-72.0,-72.0,2,2026-08-30
sleeper:7121,,7121,Justin Rohrwasser,K,689.0,689.0,0.0,0.0,0.0,2,2026-08-30
sleeper:7149,,7149,Tommy Stevens,TE,679.5,679.5,0.0,0.0,0.0,2,2026-08-30
sleeper:7152,,7152,Sam Sloman,K,641.3,641.3,0.0,0.0,0.0,2,2026-08-30
sleeper:7157,,7157,Josh Love,QB,691.9,691.3,-0.6000000000000227,-0.6000000000000227,-0.6000000000000227,4,2026-09-01
sleeper:7158,,7158,Riley Neal,QB,651.7,651.7,0.0,0.0,0.0,4,2026-09-01
sleeper:7161,,7161,Shane Leatherbury,WR,691.7,691.7,0.0,0.0,0.0,4,2026-09-01
sleeper:7172,,7172,Mikey Daniel,RB,689.8,689.8,0.0,0.0,0.0,4,2026-09-01
sleeper:7173,,7173,Jalen McCleskey,WR,675.8,675.8,0.0,0.0,0.0,4,2026-09-01
sleeper:7176,,7176,Caleb Repp,TE,685.1,691.2,6.100000000000023,6.100000000000023,6.100000000000023,4,2026-09-01
sleeper:7190,,7190,Bronson Rechsteiner,RB,669.5,669.5,0.0,0.0,0.0,4,2026-09-01
sleeper:7191,,7191,Jaylon Moore,WR,622.6,622.6,0.0,0.0,0.0,4,2026-09-01
sleeper:7201,,7201,Nick Vogel,K,695.5,695.5,0.0,0.0,0.0,4,2026-09-01
sleeper:7211,,7211,Zimari Manning,WR,641.6,641.6,0.0,0.0,0.0,4,2026-09-01
sleeper:7216,,7216,Giovanni Ricci,FB,571.5,571.5,0.0,0.0,0.0,2,2026-08-30
sleeper:7217,,7217,Trevontae Hights,WR,496.3,548.8,52.49999999999994,52.49999999999994,52.49999999999994,4,2026-09-01
sleeper:7218,,7218,Cam Sutton,TE,650.4,650.4,0.0,0.0,0.0,4,2026-09-01
sleeper:7227,,7227,Artavis Pierce,RB,586.0,586.0,0.0,0.0,0.0,2,2026-08-30
sleeper:7228,,7228,Ahmad Wagner,WR,674.7,674.7,0.0,0.0,0.0,4,2026-09-01
sleeper:7233,,7233,Andre Baccellia,WR,678.5,678.5,0.0,0.0,0.0,2,2026-08-30
sleeper:7234,,7234,Maurice Ffrench,WR,673.2,673.2,0.0,0.0,0.0,2,2026-08-30
sleeper:7235,,7235,Aleva Hifo,WR,512.7,512.7,0.0,0.0,0.0,4,2026-09-01
sleeper:7236,,7236,Devwah Whaley,RB,454.0,239.5,-214.5,-214.5,-214.5,2,2026-09-01
sleeper:7243,,7243,Kevin Davidson,QB,307.2,233.0,-74.19999999999999,-74.19999999999999,-74.19999999999999,2,2026-09-01
sleeper:7245,,7245,Nate Wieting,TE,639.8,639.8,0.0,0.0,0.0,4,2026-09-01
sleeper:7262,,7262,Jalen Morton,QB,646.7,646.7,0.0,0.0,0.0,4,2026-09-01
sleeper:7287,,7287,Josh Hammond,WR,700.0,700.0,0.0,0.0,0.0,4,2026-09-01
sleeper:7288,,7288,Ben Ellefson,TE,659.8,659.8,0.0,0.0,0.0,2,2026-08-30
sleeper:7296,,7296,Brandon Wright,P,682.3,682.3,0.0,0.0,0.0,2,2026-08-30
sleeper:7299,,7299,Justice Shelton-Mosley,WR,611.3,611.3,0.0,0.0,0.0,4,2026-09-01
sleeper:7308,,7308,Nick Bowers,TE,550.4,499.6,-50.799999999999955,-50.799999999999955,-50.799999999999955,2,2026-08-30
sleeper:7309,,7309,Siaosi Mariner,WR,665.0,665.0,0.0,0.0,0.0,4,2026-09-01
sleeper:7314,,7314,Dominik Eberle,K,586.8,584.9,-1.8999999999999773,-1.8999999999999773,-1.8999999999999773,2,2026-08-30
sleeper:7315,,7315,Bobby Holly,FB,669.8,669.8,0.0,0.0,0.0,4,2026-09-01
sleeper:7316,,7316,Darius Bradwell,RB,577.0,577.0,0.0,0.0,0.0,2,2026-08-30
sleeper:7317,,7317,Jared Rice,TE,627.5,627.5,0.0,0.0,0.0,4,2026-09-01
sleeper:7318,,7318,Gabe Nabers,FB,380.7,490.5,109.80000000000001,109.80000000000001,109.80000000000001,2,2026-08-30
sleeper:7319,,7319,Jeff Cotton,WR,646.0,646.0,0.0,0.0,0.0,4,2026-09-01
sleeper:7334,,7334,Earnest Edwards,WR,456.0,456.0,0.0,0.0,0.0,3,2026-09-01
sleeper:7335,,7335,Bryce Perkins,QB,677.3,677.3,0.0,0.0,0.0,2,2026-08-30
sleeper:7336,,7336,James Gilbert,RB,579.0,579.0,0.0,0.0,0.0,4,2026-09-01
sleeper:7339,,7339,J.J. Koski,WR,622.0,552.0,-70.0,-70.0,-70.0,2,2026-08-30
sleeper:7340,,7340,Brandon Polk,WR,429.0,335.0,-94.0,-94.0,-94.0,4,2026-09-01
sleeper:7351,,7351,Kirk Merritt,WR,700.0,700.0,0.0,0.0,0.0,2,2026-08-30
sleeper:7357,,7357,Dan Chisena,WR,611.5,611.5,0.0,0.0,0.0,2,2026-08-30
sleeper:7359,,7359,Nakia Griffin-Stewart,TE,695.3,695.3,0.0,0.0,0.0,4,2026-09-01
sleeper:7368,,7368,Sean Riley,WR,652.2,652.2,0.0,0.0,0.0,4,2026-09-01
sleeper:7376,,7376,Case Cookus,QB,679.3,679.3,0.0,0.0,0.0,4,2026-09-01
sleeper:7378,,7378,Kyle Markway,TE,678.0,678.0,0.0,0.0,0.0,4,2026-09-01
sleeper:7379,,7379,Rysen John,TE,398.0,352.0,-46.0,-46.0,-46.0,3,2026-09-01
sleeper:7394,,7394,Jermiah Braswell,WR,264.0,277.0,13.0,13.0,13.0,2,2026-09-01
sleeper:7401,,7401,Khalil Tate,WR,663.9,663.9,0.0,0.0,0.0,4,2026-09-01
sleeper:7412,,7412,Sandro Platzgummer,RB,681.9,681.9,0.0,0.0,0.0,2,2026-08-30
sleeper:7414,,7414,Johnathon Johnson,WR,665.7,665.7,0.0,0.0,0.0,4,2026-09-01
sleeper:7418,,7418,Broc Rutter,QB,689.5,689.5,0.0,0.0,0.0,4,2026-09-01
sleeper:7424,,7424,Anthony Jones,RB,641.2,496.8,-144.40000000000003,-144.40000000000003,-144.40000000000003,4,2026-09-01
sleeper:7425,,7425,Patrick Carr,RB,553.3,553.3,0.0,0.0,0.0,4,2026-09-01
sleeper:7427,,7427,Tyler Mabry,TE,639.5,639.5,0.0,0.0,0.0,2,2026-08-30
sleeper:7435,,7435,Cameron Scarlett,RB,271.0,264.0,-7.0,-7.0,-7.0,2,2026-09-01
sleeper:7438,,7438,Kristian Wilkerson,WR,485.0,485.0,0.0,0.0,0.0,2,2026-08-30
sleeper:7439,,7439,Tommy Hudson,TE,673.8,673.8,0.0,0.0,0.0,2,2026-08-30
sleeper:7455,,7455,John Hurst,WR,679.9,679.9,0.0,0.0,0.0,4,2026-09-01
sleeper:7460,,7460,Jake Burt,TE,480.8,315.5,-165.3,-165.3,-165.3,3,2026-09-01
sleeper:7464,,7464,Connor Slomka,RB,677.0,677.0,0.0,0.0,0.0,4,2026-09-01
sleeper:7475,,7475,Napoleon Maxwell,RB,633.0,633.0,0.0,0.0,0.0,4,2026-09-01
sleeper:7481,,7481,Chase Harrell,TE,692.7,615.7,-77.0,-77.0,-77.0,4,2026-09-01
sleeper:7518,,7518,Taylor Russolino,K,674.6,674.6,0.0,0.0,0.0,2,2026-08-30
sleeper:7521,,7521,Chris Blair,WR,634.5,634.5,0.0,0.0,0.0,2,2026-08-30
sleeper:7522,,7522,Hunter Thedford,TE,333.0,393.0,60.0,60.0,60.0,4,2026-09-01
sleeper:7523,,7523,Trevor Lawrence,QB,101.6,100.2,-1.3999999999999915,-1.3999999999999915,-1.3999999999999915,2,2026-08-30
sleeper:7525,,7525,DeVonta Smith,WR,36.3,35.2,-1.0999999999999943,-1.0999999999999943,-1.0999999999999943,2,2026-08-30
sleeper:7526,,7526,Jaylen Waddle,WR,46.1,46.6,0.5,0.5,0.5,2,2026-08-30
sleeper:7528,,7528,Najee Harris,RB,218.4,217.8,-0.5999999999999943,-0.5999999999999943,-0.5999999999999943,2,2026-08-30
sleeper:7529,,7529,Gary Brightwell,RB,558.5,558.5,0.0,0.0,0.0,2,2026-08-30
sleeper:7534,,7534,Seth Williams,WR,654.5,654.5,0.0,0.0,0.0,2,2026-08-30
sleeper:7537,,7537,Jaret Patterson,RB,677.0,677.0,0.0,0.0,0.0,2,2026-08-30
sleeper:7539,,7539,Gerrid Doaks,RB,640.5,640.5,0.0,0.0,0.0,2,2026-08-30
sleeper:7540,,7540,Amari Rodgers,WR,631.5,631.5,0.0,0.0,0.0,2,2026-08-30
sleeper:7541,,7541,Cornell Powell,WR,248.0,248.0,0.0,0.0,0.0,1,2026-08-30
sleeper:7543,,7543,Travis Etienne,RB,44.7,44.6,-0.10000000000000142,-0.10000000000000142,-0.10000000000000142,2,2026-08-30
sleeper:7547,,7547,Amon-Ra St. Brown,WR,7.8,8.0,0.20000000000000018,0.20000000000000018,0.20000000000000018,2,2026-08-30
sleeper:7549,,7549,CJ Marable,RB,699.5,699.5,0.0,0.0,0.0,4,2026-09-01
sleeper:7550,,7550,Warren Jackson,WR,640.7,640.7,0.0,0.0,0.0,2,2026-08-30
sleeper:7552,,7552,Blake Proehl,WR,639.0,568.0,-71.0,-71.0,-71.0,2,2026-08-30
sleeper:7553,,7553,Kyle Pitts,TE,68.2,69.8,1.5999999999999943,1.5999999999999943,1.5999999999999943,2,2026-08-30
sleeper:7554,,7554,Tre' McKitty,TE,695.2,617.8,-77.40000000000009,-77.40000000000009,-77.40000000000009,2,2026-08-30
sleeper:7555,,7555,Jamie Newman,QB,673.0,673.0,0.0,0.0,0.0,4,2026-09-01
sleeper:7556,,7556,Marquez Stevenson,WR,253.0,253.0,0.0,0.0,0.0,1,2026-08-30
sleeper:7559,,7559,Ihmir Smith-Marsette,WR,522.0,402.0,-120.0,-120.0,-120.0,2,2026-08-30
sleeper:7560,,7560,Pooka Williams,RB,656.0,656.0,0.0,0.0,0.0,2,2026-08-30
sleeper:7561,,7561,Elijah Mitchell,RB,692.5,692.5,0.0,0.0,0.0,2,2026-08-30
sleeper:7564,,7564,Ja'Marr Chase,WR,3.9,3.1,-0.7999999999999998,-0.7999999999999998,-0.7999999999999998,2,2026-08-30
sleeper:7565,,7565,Terrace Marshall,WR,653.8,653.8,0.0,0.0,0.0,2,2026-08-30
sleeper:7567,,7567,Kenny Gainwell,RB,111.4,111.9,0.5,0.5,0.5,2,2026-08-30
sleeper:7568,,7568,Brevin Jordan,TE,651.3,651.3,0.0,0.0,0.0,2,2026-08-30
sleeper:7569,,7569,Nico Collins,WR,25.2,25.3,0.10000000000000142,0.10000000000000142,0.10000000000000142,2,2026-08-30
sleeper:7571,,7571,Rashod Bateman,WR,232.7,232.7,0.0,0.0,0.0,2,2026-08-30
sleeper:7573,,7573,Damon Hazelton,WR,605.8,605.8,0.0,0.0,0.0,2,2026-08-30
sleeper:7574,,7574,Larry Rountree,RB,640.0,640.0,0.0,0.0,0.0,2,2026-08-30
sleeper:7576,,7576,Sage Surratt,TE,256.0,256.0,0.0,0.0,0.0,2,2026-08-30
sleeper:7579,,7579,Austin Watkins,WR,297.0,273.0,-24.0,-24.0,-24.0,2,2026-08-30
sleeper:7581,,7581,Kellen Mond,QB,692.0,692.0,0.0,0.0,0.0,2,2026-08-30
sleeper:7583,,7583,Sam Ehlinger,QB,666.3,666.3,0.0,0.0,0.0,2,2026-08-30
sleeper:7584,,7584,Brennan Eagles,WR,677.5,677.5,0.0,0.0,0.0,4,2026-09-01
sleeper:7588,,7588,Javonte Williams,RB,35.9,35.8,-0.10000000000000142,-0.10000000000000142,-0.10000000000000142,2,2026-08-30
sleeper:7589,,7589,Ian Book,QB,676.9,676.9,0.0,0.0,0.0,2,2026-08-30
sleeper:7593,,7593,Trey Sermon,RB,649.0,649.0,0.0,0.0,0.0,2,2026-08-30
sleeper:7594,,7594,Chuba Hubbard,RB,78.6,77.0,-1.5999999999999943,-1.5999999999999943,-1.5999999999999943,2,2026-08-30
sleeper:7595,,7595,Tylan Wallace,WR,669.8,669.8,0.0,0.0,0.0,2,2026-08-30
sleeper:7596,,7596,Elijah Moore,WR,700.0,700.0,0.0,0.0,0.0,2,2026-08-30
sleeper:7597,,7597,Kenny Yeboah,TE,645.0,645.0,0.0,0.0,0.0,2,2026-08-30
sleeper:7599,,7599,Jermar Jefferson,RB,653.9,653.9,0.0,0.0,0.0,2,2026-08-30
sleeper:7600,,7600,Pat Freiermuth,TE,239.9,239.9,0.0,0.0,0.0,2,2026-08-30
sleeper:7602,,7602,Kylen Granson,TE,505.0,505.0,0.0,0.0,0.0,2,2026-08-30
sleeper:7605,,7605,Kyle Trask,QB,673.2,673.2,0.0,0.0,0.0,2,2026-08-30
sleeper:7606,,7606,Kadarius Toney,WR,685.1,685.1,0.0,0.0,0.0,2,2026-08-30
sleeper:7607,,7607,Michael Carter,RB,686.5,686.5,0.0,0.0,0.0,2,2026-08-30
sleeper:7611,,7611,Rhamondre Stevenson,RB,81.8,81.6,-0.20000000000000284,-0.20000000000000284,-0.20000000000000284,2,2026-08-30
sleeper:7613,,7613,Jonathan Adams,WR,646.8,242.0,-404.79999999999995,-404.79999999999995,-404.79999999999995,4,2026-09-01
sleeper:7616,,7616,Kai Locksley,WR,457.5,699.0,241.5,241.5,241.5,4,2026-09-01
sleeper:7617,,7617,Matt Ammendola,K,625.1,625.1,0.0,0.0,0.0,2,2026-08-30
sleeper:7618,,7618,Micah Simon,WR,625.0,625.0,0.0,0.0,0.0,4,2026-09-01
sleeper:7619,,7619,Mathew Sexton,WR,662.9,662.9,0.0,0.0,0.0,2,2026-08-30
sleeper:7622,,7622,Sammis Reyes,TE,637.0,637.0,0.0,0.0,0.0,2,2026-08-30
sleeper:7640,,7640,Micah Parsons,LB,415.0,415.0,0.0,0.0,0.0,2,2026-08-30
sleeper:7713,,7713,Jaelon Darden,WR,577.0,577.0,0.0,0.0,0.0,2,2026-08-30
sleeper:7729,,7729,Dez Fitzpatrick,WR,685.8,608.2,-77.59999999999991,-77.59999999999991,-77.59999999999991,2,2026-08-30
sleeper:7733,,7733,Josh Pederson,TE,460.8,278.7,-182.10000000000002,-182.10000000000002,-182.10000000000002,4,2026-09-01
sleeper:7735,,7735,Cary Angeline,TE,640.5,640.5,0.0,0.0,0.0,4,2026-09-01
sleeper:7744,,7744,Antonio Nunn,WR,326.0,308.0,-18.0,-18.0,-18.0,2,2026-09-01
sleeper:7746,,7746,Austin Trammell,WR,658.0,658.0,0.0,0.0,0.0,2,2026-08-30
sleeper:775,,775,Stephen Hauschka,K,698.7,698.7,0.0,0.0,0.0,2,2026-08-30
sleeper:7752,,7752,Kawaan Baker,WR,696.0,696.0,0.0,0.0,0.0,2,2026-08-30
sleeper:7757,,7757,Ben Skowronek,WR,667.7,667.7,0.0,0.0,0.0,2,2026-08-30
sleeper:7771,,7771,Jake Funk,RB,459.0,459.0,0.0,0.0,0.0,2,2026-08-30
sleeper:7789,,7789,Jalen Camp,WR,654.0,654.0,0.0,0.0,0.0,2,2026-08-30
sleeper:7793,,7793,Racey McMath,WR,497.0,497.0,0.0,0.0,0.0,2,2026-08-30
sleeper:7839,,7839,Evan McPherson,K,181.7,179.9,-1.799999999999983,-1.799999999999983,-1.799999999999983,2,2026-08-30
sleeper:7842,,7842,Luke Farrell,TE,491.0,491.0,0.0,0.0,0.0,2,2026-08-30
sleeper:7848,,7848,Scooter Harrington,TE,653.0,653.0,0.0,0.0,0.0,4,2026-09-01
sleeper:7852,,7852,Tory Carter,FB,659.0,659.0,0.0,0.0,0.0,2,2026-08-30
sleeper:7854,,7854,Miller Forristall,TE,595.8,668.5,72.70000000000005,72.70000000000005,72.70000000000005,2,2026-08-30
sleeper:7855,,7855,Blake Haubeil,K,659.4,659.4,0.0,0.0,0.0,4,2026-09-01
sleeper:7859,,7859,Nick Eubanks,TE,676.5,676.5,0.0,0.0,0.0,2,2026-08-30
sleeper:7860,,7860,Osirus Mitchell,WR,283.8,258.0,-25.80000000000001,-25.80000000000001,-25.80000000000001,2,2026-08-30
sleeper:7862,,7862,T.J. Vasher,WR,306.0,292.0,-14.0,-14.0,-14.0,2,2026-08-30
sleeper:7863,,7863,JaQuan Hardy,RB,294.7,263.5,-31.19999999999999,-31.19999999999999,-31.19999999999999,2,2026-08-30
sleeper:7864,,7864,Artayvious Lynn,TE,341.7,332.5,-9.199999999999989,-9.199999999999989,-9.199999999999989,2,2026-09-01
sleeper:7865,,7865,Brandon Smith,WR,645.0,645.0,0.0,0.0,0.0,2,2026-08-30
sleeper:7867,,7867,Spencer Brown,RB,604.9,604.9,0.0,0.0,0.0,2,2026-08-30
sleeper:7874,,7874,Jeremiah Haydel,WR,685.2,287.7,-397.50000000000006,-397.50000000000006,-397.50000000000006,4,2026-09-01
sleeper:788,,788,Dion Lewis,RB,591.8,519.0,-72.79999999999995,-72.79999999999995,-72.79999999999995,2,2026-08-30
sleeper:7885,,7885,Bailey Gaither,WR,630.0,566.7,-63.299999999999955,-63.299999999999955,-63.299999999999955,4,2026-09-01
sleeper:7890,,7890,Javon McKinley,WR,626.3,593.7,-32.59999999999991,-32.59999999999991,-32.59999999999991,2,2026-08-30
sleeper:7891,,7891,Brock Wright,TE,690.8,690.8,0.0,0.0,0.0,2,2026-08-30
sleeper:7893,,7893,Dedrick Mills,RB,683.4,683.4,0.0,0.0,0.0,4,2026-09-01
sleeper:7897,,7897,Roland Rivers,QB,697.4,697.4,0.0,0.0,0.0,4,2026-09-01
sleeper:7899,,7899,Isaiah McKoy,WR,658.7,658.7,0.0,0.0,0.0,4,2026-09-01
sleeper:7903,,7903,Briley Moore,TE,302.1,270.0,-32.10000000000002,-32.10000000000002,-32.10000000000002,2,2026-08-30
sleeper:7904,,7904,Stevie Scott,RB,639.5,639.5,0.0,0.0,0.0,4,2026-09-01
sleeper:7905,,7905,Dylan Soehner,TE,638.3,638.3,0.0,0.0,0.0,4,2026-09-01
sleeper:7915,,7915,Landen Akers,WR,683.0,683.0,0.0,0.0,0.0,2,2026-08-30
sleeper:7922,,7922,Riley Patterson,K,267.0,267.0,0.0,0.0,0.0,2,2026-08-30
sleeper:7926,,7926,Carl Tucker,TE,576.0,576.0,0.0,0.0,0.0,4,2026-09-01
sleeper:7933,,7933,Alex Kessman,K,696.0,696.0,0.0,0.0,0.0,2,2026-08-30
sleeper:7935,,7935,Eli Stove,WR,686.8,686.8,0.0,0.0,0.0,4,2026-09-01
sleeper:7938,,7938,Hunter Kampmoyer,TE,628.3,628.3,0.0,0.0,0.0,4,2026-09-01
sleeper:7941,,7941,Nick Ralston,RB,646.5,646.5,0.0,0.0,0.0,2,2026-08-30
sleeper:7943,,7943,Zach Davidson,TE,635.3,635.3,0.0,0.0,0.0,2,2026-08-30
sleeper:7944,,7944,Michael Strachan,WR,637.4,637.4,0.0,0.0,0.0,2,2026-08-30
sleeper:7946,,7946,Jack Stoll,TE,621.3,621.3,0.0,0.0,0.0,2,2026-08-30
sleeper:7949,,7949,Trevon Grimes,WR,689.3,646.0,-43.299999999999955,-43.299999999999955,-43.299999999999955,4,2026-09-01
sleeper:7951,,7951,B.J. Emmons,RB,657.5,657.5,0.0,0.0,0.0,4,2026-09-01
sleeper:7954,,7954,Connor Wedington,WR,691.3,691.3,0.0,0.0,0.0,4,2026-09-01
sleeper:7956,,7956,Cade Johnson,WR,656.5,656.5,0.0,0.0,0.0,2,2026-08-30
sleeper:7960,,7960,T.J. Simmons,WR,687.2,687.2,0.0,0.0,0.0,4,2026-09-01
sleeper:7980,,7980,John Raine,FB,694.8,694.8,0.0,0.0,0.0,4,2026-09-01
sleeper:7983,,7983,Collin Hill,QB,669.0,669.0,0.0,0.0,0.0,4,2026-09-01
sleeper:7990,,7990,Garrett Groshek,RB,586.5,586.5,0.0,0.0,0.0,4,2026-09-01
sleeper:7992,,7992,Matt Bushman,TE,653.7,653.7,0.0,0.0,0.0,2,2026-08-30
sleeper:7996,,7996,Dillon Stoner,WR,664.5,664.5,0.0,0.0,0.0,2,2026-08-30
sleeper:8002,,8002,Shane Buechele,QB,327.6,369.7,42.099999999999966,42.099999999999966,42.099999999999966,2,2026-08-30
sleeper:8008,,8008,Josh Imatorbhebhe,WR,683.1,683.1,0.0,0.0,0.0,4,2026-09-01
sleeper:801,,801,Charles Clay,TE,678.5,678.5,0.0,0.0,0.0,2,2026-08-30
sleeper:8013,,8013,Tim Jones,WR,642.0,642.0,0.0,0.0,0.0,2,2026-08-30
sleeper:8019,,8019,Devontres Dukes,WR,473.0,473.0,0.0,0.0,0.0,4,2026-09-01
sleeper:8021,,8021,Branden Mack,WR,675.3,658.0,-17.299999999999955,-17.299999999999955,-17.299999999999955,3,2026-09-01
sleeper:8026,,8026,Landon Rice,TE,626.8,626.8,0.0,0.0,0.0,4,2026-09-01
sleeper:8027,,8027,Tre Harbison,RB,684.0,684.0,0.0,0.0,0.0,4,2026-09-01
sleeper:8039,,8039,Jibri Blount,TE,644.9,644.9,0.0,0.0,0.0,4,2026-09-01
sleeper:8040,,8040,Quinn Nordin,K,676.0,676.0,0.0,0.0,0.0,2,2026-08-30
sleeper:8056,,8056,Jake Verity,K,568.3,568.3,0.0,0.0,0.0,2,2026-08-30
sleeper:8057,,8057,Kenji Bahar,QB,655.6,508.8,-146.8,-146.8,-146.8,4,2026-09-01
sleeper:8058,,8058,Nate McCrary,RB,699.9,699.9,0.0,0.0,0.0,2,2026-08-30
sleeper:8070,,8070,Travis Toivonen,WR,557.3,398.0,-159.29999999999995,-159.29999999999995,-159.29999999999995,3,2026-09-01
sleeper:8074,,8074,Matt Seybert,TE,259.0,259.0,0.0,0.0,0.0,4,2026-09-01
sleeper:8087,,8087,K.J. Costello,QB,516.9,455.9,-61.0,-61.0,-61.0,4,2026-09-01
sleeper:8088,,8088,Kalif Jackson,TE,693.5,693.5,0.0,0.0,0.0,4,2026-09-01
sleeper:8089,,8089,Sal Cannella,TE,667.9,667.9,0.0,0.0,0.0,2,2026-08-30
sleeper:8092,,8092,Corey Taylor,RB,555.5,488.5,-67.0,-67.0,-67.0,2,2026-09-01
sleeper:8094,,8094,Michael Jacobson,TE,616.3,331.5,-284.79999999999995,-284.79999999999995,-284.79999999999995,3,2026-09-01
sleeper:8095,,8095,Graham Adomitis,TE,667.5,667.5,0.0,0.0,0.0,4,2026-09-01
sleeper:8101,,8101,Mark Vital,TE,574.0,574.0,0.0,0.0,0.0,4,2026-09-01
sleeper:8102,,8102,DeShon Williams,TE,635.6,635.6,0.0,0.0,0.0,4,2026-09-01
sleeper:8103,,8103,Ryan Willis,QB,467.3,467.3,0.0,0.0,0.0,4,2026-09-01
sleeper:8105,,8105,Brayden Lenius,TE,608.5,608.5,0.0,0.0,0.0,4,2026-09-01
sleeper:8107,,8107,Nikola Kalinic,TE,402.2,317.8,-84.39999999999998,-84.39999999999998,-84.39999999999998,2,2026-08-30
sleeper:8108,,8108,DeVonte Dedmon,WR,492.8,242.0,-250.8,-250.8,-250.8,2,2026-09-01
sleeper:8110,,8110,Jake Ferguson,TE,98.4,98.5,0.09999999999999432,0.09999999999999432,0.09999999999999432,2,2026-08-30
sleeper:8111,,8111,Cade Otton,TE,233.1,235.7,2.5999999999999943,2.5999999999999943,2.5999999999999943,2,2026-08-30
sleeper:8112,,8112,Drake London,WR,17.8,17.1,-0.6999999999999993,-0.6999999999999993,-0.6999999999999993,2,2026-08-30
sleeper:8114,,8114,Erik Ezukanma,WR,366.0,366.0,0.0,0.0,0.0,1,2026-08-30
sleeper:8116,,8116,Pierre Strong,RB,682.0,682.0,0.0,0.0,0.0,2,2026-08-30
sleeper:8118,,8118,David Bell,WR,632.0,632.0,0.0,0.0,0.0,2,2026-08-30
sleeper:812,,812,Lee Smith,TE,671.3,671.3,0.0,0.0,0.0,2,2026-08-30
sleeper:8121,,8121,Romeo Doubs,WR,133.1,131.8,-1.299999999999983,-1.299999999999983,-1.299999999999983,2,2026-08-30
sleeper:8126,,8126,Wan'Dale Robinson,WR,116.6,116.3,-0.29999999999999716,-0.29999999999999716,-0.29999999999999716,2,2026-08-30
sleeper:8130,,8130,Trey McBride,TE,22.9,22.4,-0.5,-0.5,-0.5,2,2026-08-30
sleeper:8131,,8131,Isaiah Likely,TE,107.4,109.5,2.0999999999999943,2.0999999999999943,2.0999999999999943,2,2026-08-30
sleeper:8132,,8132,Tyler Allgeier,RB,145.2,146.1,0.9000000000000057,0.9000000000000057,0.9000000000000057,2,2026-08-30
sleeper:8134,,8134,Khalil Shakir,WR,143.5,143.6,0.09999999999999432,0.09999999999999432,0.09999999999999432,2,2026-08-30
sleeper:8136,,8136,Rachaad White,RB,132.1,131.3,-0.799999999999983,-0.799999999999983,-0.799999999999983,2,2026-08-30
sleeper:8137,,8137,George Pickens,WR,23.5,23.1,-0.3999999999999986,-0.3999999999999986,-0.3999999999999986,2,2026-08-30
sleeper:8138,,8138,James Cook,RB,10.4,10.4,0.0,0.0,0.0,2,2026-08-30
sleeper:8139,,8139,Zamir White,RB,631.7,631.7,0.0,0.0,0.0,2,2026-08-30
sleeper:8140,,8140,Justyn Ross,WR,613.6,674.3,60.69999999999993,60.69999999999993,60.69999999999993,2,2026-08-30
sleeper:8142,,8142,Alec Pierce,WR,99.0,101.7,2.700000000000003,2.700000000000003,2.700000000000003,2,2026-08-30
sleeper:8144,,8144,Chris Olave,WR,30.0,29.9,-0.10000000000000142,-0.10000000000000142,-0.10000000000000142,2,2026-08-30
sleeper:8146,,8146,Garrett Wilson,WR,45.9,45.9,0.0,0.0,0.0,2,2026-08-30
sleeper:8148,,8148,Jameson Williams,WR,58.3,58.3,0.0,0.0,0.0,2,2026-08-30
sleeper:8150,,8150,Kyren Williams,RB,29.5,29.5,0.0,0.0,0.0,2,2026-08-30
sleeper:8151,,8151,Kenneth Walker,RB,19.4,19.7,0.3000000000000007,0.3000000000000007,0.3000000000000007,2,2026-08-30
sleeper:8152,,8152,Kennedy Brooks,RB,689.8,689.8,0.0,0.0,0.0,2,2026-08-30
sleeper:8154,,8154,Brian Robinson,RB,165.5,155.8,-9.699999999999989,-9.699999999999989,-9.699999999999989,2,2026-08-30
sleeper:8155,,8155,Breece Hall,RB,33.6,33.5,-0.10000000000000142,-0.10000000000000142,-0.10000000000000142,2,2026-08-30
sleeper:8161,,8161,Malik Willis,QB,195.1,194.5,-0.5999999999999943,-0.5999999999999943,-0.5999999999999943,2,2026-08-30
sleeper:8167,,8167,Christian Watson,WR,70.0,70.3,0.29999999999999716,0.29999999999999716,0.29999999999999716,2,2026-08-30
sleeper:8168,,8168,Skyy Moore,WR,685.4,685.4,0.0,0.0,0.0,2,2026-08-30
sleeper:8171,,8171,Kyle Philips,WR,673.5,673.5,0.0,0.0,0.0,2,2026-08-30
sleeper:8172,,8172,Greg Dulcich,TE,229.7,229.7,0.0,0.0,0.0,2,2026-08-30
sleeper:8176,,8176,Danny Gray,WR,621.7,621.7,0.0,0.0,0.0,2,2026-08-30
sleeper:8177,,8177,Grant Calcaterra,TE,685.8,685.8,0.0,0.0,0.0,2,2026-08-30
sleeper:818,,818,Bilal Powell,RB,508.5,385.5,-123.0,-123.0,-123.0,2,2026-08-30
sleeper:8180,,8180,Jalen Nailor,WR,183.5,182.4,-1.0999999999999943,-1.0999999999999943,-1.0999999999999943,2,2026-08-30
sleeper:8181,,8181,Connor Heyward,TE,682.0,682.0,0.0,0.0,0.0,2,2026-08-30
sleeper:8182,,8182,Chase Allen,TE,538.0,538.0,0.0,0.0,0.0,4,2026-09-01
sleeper:8183,,8183,Brock Purdy,QB,123.2,122.4,-0.7999999999999972,-0.7999999999999972,-0.7999999999999972,2,2026-08-30
sleeper:8184,,8184,D'Vonte Price,RB,529.5,515.2,-14.299999999999955,-14.299999999999955,-14.299999999999955,2,2026-08-30
sleeper:8186,,8186,Devon Williams,WR,256.5,276.0,19.5,19.5,19.5,2,2026-09-01
sleeper:8187,,8187,CJ Verdell,RB,607.2,607.2,0.0,0.0,0.0,4,2026-09-01
sleeper:8189,,8189,Trestan Ebner,RB,364.0,364.0,0.0,0.0,0.0,1,2026-08-30
sleeper:8190,,8190,Abram Smith,RB,673.5,673.5,0.0,0.0,0.0,4,2026-09-01
sleeper:8196,,8196,Ty Fryfogle,WR,649.8,649.8,0.0,0.0,0.0,4,2026-09-01
sleeper:8199,,8199,D'Eriq King,QB,655.9,655.9,0.0,0.0,0.0,2,2026-08-30
sleeper:8202,,8202,Michael Woods,WR,524.3,524.3,0.0,0.0,0.0,2,2026-08-30
sleeper:8204,,8204,Bo Melton,WR,695.0,695.0,0.0,0.0,0.0,2,2026-08-30
sleeper:8205,,8205,Isiah Pacheco,RB,186.8,184.7,-2.1000000000000227,-2.1000000000000227,-2.1000000000000227,2,2026-08-30
sleeper:8207,,8207,Tyler Goodson,RB,683.8,683.8,0.0,0.0,0.0,2,2026-08-30
sleeper:8209,,8209,Makai Polk,WR,282.4,282.0,-0.39999999999997726,-0.39999999999997726,-0.39999999999997726,2,2026-08-30
sleeper:8210,,8210,Chig Okonkwo,TE,191.5,185.5,-6.0,-6.0,-6.0,2,2026-08-30
sleeper:8211,,8211,Tyrion Davis-Price,RB,695.8,695.8,0.0,0.0,0.0,2,2026-08-30
sleeper:8213,,8213,Dai'Jean Dixon,WR,638.6,638.6,0.0,0.0,0.0,2,2026-08-30
sleeper:8214,,8214,Cole Turner,TE,444.0,444.0,0.0,0.0,0.0,1,2026-08-30
sleeper:8215,,8215,Austin Allen,TE,599.0,459.0,-140.0,-140.0,-140.0,2,2026-08-30
sleeper:8219,,8219,Jelani Woods,TE,243.0,243.0,0.0,0.0,0.0,2,2026-08-30
sleeper:8223,,8223,Velus Jones,WR,693.3,693.3,0.0,0.0,0.0,2,2026-08-30
sleeper:8228,,8228,Jaylen Warren,RB,71.9,71.9,0.0,0.0,0.0,2,2026-08-30
sleeper:8232,,8232,Jaquarii Roberson,WR,667.3,667.3,0.0,0.0,0.0,4,2026-09-01
sleeper:8234,,8234,Jaivon Heiligh,WR,406.0,363.0,-43.0,-43.0,-43.0,2,2026-09-01
sleeper:8235,,8235,Samori Toure,WR,268.0,268.0,0.0,0.0,0.0,1,2026-08-30
sleeper:8236,,8236,Jerreth Sterns,WR,691.0,691.0,0.0,0.0,0.0,2,2026-08-30
sleeper:8238,,8238,Emeka Emezie,WR,673.5,344.5,-329.0,-329.0,-329.0,4,2026-09-01
sleeper:8240,,8240,BJ Baylor,RB,629.0,629.0,0.0,0.0,0.0,2,2026-08-30
sleeper:8246,,8246,Bryant Koback,RB,667.0,667.0,0.0,0.0,0.0,2,2026-08-30
sleeper:8250,,8250,Tay Martin,WR,534.0,534.0,0.0,0.0,0.0,2,2026-08-30
sleeper:8251,,8251,Calvin Jackson,WR,678.0,678.0,0.0,0.0,0.0,4,2026-09-01
sleeper:8252,,8252,Travell Harris,WR,675.8,675.8,0.0,0.0,0.0,4,2026-09-01
sleeper:8253,,8253,Deven Thompkins,WR,698.8,698.8,0.0,0.0,0.0,2,2026-08-30
sleeper:8258,,8258,Cade York,K,350.0,350.0,0.0,0.0,0.0,2,2026-08-30
sleeper:8259,,8259,Cameron Dicker,K,117.9,118.4,0.5,0.5,0.5,2,2026-08-30
sleeper:8260,,8260,Gabe Brkic,K,694.0,694.0,0.0,0.0,0.0,4,2026-09-01
sleeper:827,,827,Tyrod Taylor,QB,658.2,658.2,0.0,0.0,0.0,2,2026-08-30
sleeper:830,,830,A.J. Green,WR,669.3,669.3,0.0,0.0,0.0,2,2026-08-30
sleeper:8408,,8408,Jordan Mason,RB,114.0,117.7,3.700000000000003,3.700000000000003,3.700000000000003,2,2026-08-30
sleeper:8411,,8411,Devon Allen,WR,655.8,575.4,-80.39999999999998,-80.39999999999998,-80.39999999999998,2,2026-08-30
sleeper:8418,,8418,Jared Smart,WR,276.0,323.0,47.0,47.0,47.0,2,2026-09-01
sleeper:8420,,8420,Jack Sorenson,WR,671.5,671.5,0.0,0.0,0.0,4,2026-09-01
sleeper:8421,,8421,Mike Harley,WR,689.8,611.2,-78.59999999999991,-78.59999999999991,-78.59999999999991,4,2026-09-01
sleeper:8436,,8436,Neil Pau'u,WR,647.1,647.1,0.0,0.0,0.0,4,2026-09-01
sleeper:8437,,8437,Thomas Hennigan,WR,635.8,635.8,0.0,0.0,0.0,4,2026-09-01
sleeper:8439,,8439,Demetris Robertson,WR,656.4,656.4,0.0,0.0,0.0,4,2026-09-01
sleeper:8441,,8441,Justin Hall,WR,676.8,676.8,0.0,0.0,0.0,4,2026-09-01
sleeper:8475,,8475,Montrell Washington,WR,678.8,678.8,0.0,0.0,0.0,2,2026-08-30
sleeper:8500,,8500,John FitzPatrick,TE,572.0,557.1,-14.899999999999977,-14.899999999999977,-14.899999999999977,2,2026-08-30
sleeper:8527,,8527,Dareke Young,WR,676.0,676.0,0.0,0.0,0.0,2,2026-08-30
sleeper:8536,,8536,Caleb Shudak,K,390.8,390.8,0.0,0.0,0.0,2,2026-08-30
sleeper:8539,,8539,Seth Green,TE,700.6,586.8,-113.80000000000007,-113.80000000000007,-113.80000000000007,4,2026-09-01
sleeper:8543,,8543,Drew Estrada,WR,414.0,414.0,0.0,0.0,0.0,4,2026-09-01
sleeper:8549,,8549,Trevon Clark,WR,654.0,654.0,0.0,0.0,0.0,4,2026-09-01
sleeper:8559,,8559,Josh Babicz,TE,443.9,405.3,-38.599999999999966,-38.599999999999966,-38.599999999999966,4,2026-09-01
sleeper:8570,,8570,Derek Wright,WR,657.6,657.6,0.0,0.0,0.0,4,2026-09-01
sleeper:8571,,8571,Ra'Shaun Henry,WR,615.9,615.9,0.0,0.0,0.0,4,2026-09-01
sleeper:8575,,8575,Erik Krommenhoek,TE,658.7,658.7,0.0,0.0,0.0,4,2026-09-01
sleeper:8577,,8577,James McCourt,K,650.1,577.1,-73.0,-73.0,-73.0,2,2026-08-30
sleeper:8581,,8581,Trevon Bradford,WR,644.9,512.7,-132.19999999999993,-132.19999999999993,-132.19999999999993,4,2026-09-01
sleeper:8621,,8621,Garrett Walston,TE,516.3,516.3,0.0,0.0,0.0,4,2026-09-01
sleeper:8624,,8624,Changa Hodge,WR,629.5,629.5,0.0,0.0,0.0,4,2026-09-01
sleeper:8632,,8632,JaVonta Payton,WR,653.0,611.0,-42.0,-42.0,-42.0,3,2026-09-01
sleeper:8656,,8656,Tyshaun James,WR,593.5,389.0,-204.5,-204.5,-204.5,4,2026-09-01
sleeper:8676,,8676,Rashid Shaheed,WR,147.1,147.0,-0.09999999999999432,-0.09999999999999432,-0.09999999999999432,2,2026-08-30
sleeper:8690,,8690,Jake Herslow,WR,518.0,307.0,-211.0,-211.0,-211.0,4,2026-09-01
sleeper:8694,,8694,Henry Litwin,WR,662.8,662.8,0.0,0.0,0.0,4,2026-09-01
sleeper:8697,,8697,Kevin Shaa,WR,632.2,632.2,0.0,0.0,0.0,4,2026-09-01
sleeper:8698,,8698,Jake Tonges,TE,241.4,241.4,0.0,0.0,0.0,2,2026-08-30
sleeper:8699,,8699,Cyrus Holder,WR,532.0,532.0,0.0,0.0,0.0,4,2026-09-01
sleeper:8700,,8700,Savon Scarver,WR,463.0,463.0,0.0,0.0,0.0,4,2026-09-01
sleeper:8706,,8706,Kehinde Oginni,TE,680.0,680.0,0.0,0.0,0.0,4,2026-09-01
sleeper:8741,,8741,Jamal Pettigrew,TE,678.8,678.8,0.0,0.0,0.0,4,2026-09-01
sleeper:8756,,8756,Brandon Johnson,WR,632.8,632.8,0.0,0.0,0.0,2,2026-08-30
sleeper:8775,,8775,Andrew Mevis,K,681.0,681.0,0.0,0.0,0.0,4,2026-09-01
sleeper:8825,,8825,Kekoa Crawford,WR,687.0,687.0,0.0,0.0,0.0,4,2026-09-01
sleeper:89,,89,Chad Henne,QB,690.8,690.8,0.0,0.0,0.0,2,2026-08-30
sleeper:9221,,9221,Jahmyr Gibbs,RB,1.5,1.1,-0.3999999999999999,-0.3999999999999999,-0.3999999999999999,2,2026-08-30
sleeper:9224,,9224,Chase Brown,RB,15.1,16.7,1.5999999999999996,1.5999999999999996,1.5999999999999996,2,2026-08-30
sleeper:9225,,9225,Tank Bigsby,RB,178.5,177.7,-0.8000000000000114,-0.8000000000000114,-0.8000000000000114,2,2026-08-30
sleeper:9226,,9226,De'Von Achane,RB,12.5,11.8,-0.6999999999999993,-0.6999999999999993,-0.6999999999999993,2,2026-08-30
sleeper:9228,,9228,Bryce Young,QB,227.7,227.3,-0.39999999999997726,-0.39999999999997726,-0.39999999999997726,2,2026-08-30
sleeper:9480,,9480,Brenton Strange,TE,153.0,152.1,-0.9000000000000057,-0.9000000000000057,-0.9000000000000057,2,2026-08-30
sleeper:9484,,9484,Tucker Kraft,TE,63.3,63.4,0.10000000000000142,0.10000000000000142,0.10000000000000142,2,2026-08-30
sleeper:9487,,9487,Parker Washington,WR,75.7,76.0,0.29999999999999716,0.29999999999999716,0.29999999999999716,2,2026-08-30
sleeper:9488,,9488,Jaxon Smith-Njigba,WR,6.5,5.2,-1.2999999999999998,-1.2999999999999998,-1.2999999999999998,2,2026-08-30
sleeper:9489,,9489,Justin Shorter,WR,698.5,698.5,0.0,0.0,0.0,2,2026-08-30
sleeper:9493,,9493,Puka Nacua,WR,4.7,4.4,-0.2999999999999998,-0.2999999999999998,-0.2999999999999998,2,2026-08-30
sleeper:9494,,9494,Marvin Mims,WR,219.5,219.5,0.0,0.0,0.0,2,2026-08-30
sleeper:9500,,9500,Josh Downs,WR,110.7,107.6,-3.1000000000000085,-3.1000000000000085,-3.1000000000000085,2,2026-08-30
sleeper:9502,,9502,Tank Dell,WR,180.5,176.8,-3.6999999999999886,-3.6999999999999886,-3.6999999999999886,2,2026-08-30
sleeper:9504,,9504,Kayshon Boutte,WR,221.1,223.7,2.5999999999999943,2.5999999999999943,2.5999999999999943,2,2026-08-30
sleeper:9506,,9506,Sean Tucker,RB,243.9,243.9,0.0,0.0,0.0,2,2026-08-30
sleeper:9508,,9508,Tyjae Spears,RB,162.2,165.8,3.6000000000000227,3.6000000000000227,3.6000000000000227,2,2026-08-30
sleeper:9509,,9509,Bijan Robinson,RB,2.1,2.9,0.7999999999999998,0.7999999999999998,0.7999999999999998,2,2026-08-30
sleeper:9511,,9511,Keaton Mitchell,RB,185.3,181.1,-4.200000000000017,-4.200000000000017,-4.200000000000017,2,2026-08-30
sleeper:96,,96,Aaron Rodgers,QB,228.8,228.8,0.0,0.0,0.0,2,2026-08-30
sleeper:9753,,9753,Zach Charbonnet,RB,148.8,148.6,-0.20000000000001705,-0.20000000000001705,-0.20000000000001705,2,2026-08-30
sleeper:9754,,9754,Quentin Johnston,WR,113.8,113.9,0.10000000000000853,0.10000000000000853,0.10000000000000853,2,2026-08-30
sleeper:9756,,9756,Jordan Addison,WR,103.9,104.7,0.7999999999999972,0.7999999999999972,0.7999999999999972,2,2026-08-30
sleeper:9757,,9757,Kendre Miller,RB,224.8,224.8,0.0,0.0,0.0,2,2026-08-30
sleeper:9758,,9758,C.J. Stroud,QB,205.9,203.1,-2.8000000000000114,-2.8000000000000114,-2.8000000000000114,2,2026-08-30
sleeper:9997,,9997,Zay Flowers,WR,41.0,41.1,0.10000000000000142,0.10000000000000142,0.10000000000000142,2,2026-08-30
sleeper:ARI,,ARI,Arizona Cardinals,DST,273.0,273.0,0.0,0.0,0.0,4,2026-09-01
sleeper:ATL,,ATL,Atlanta Falcons,DST,228.4,228.4,0.0,0.0,0.0,4,2026-09-01
sleeper:BAL,,BAL,Baltimore Ravens,DST,135.3,135.9,0.5999999999999943,0.5999999999999943,0.5999999999999943,4,2026-09-01
sleeper:BUF,,BUF,Buffalo Bills,DST,216.9,214.1,-2.8000000000000114,-2.8000000000000114,-2.8000000000000114,4,2026-09-01
sleeper:CAR,,CAR,Carolina Panthers,DST,238.4,238.4,0.0,0.0,0.0,4,2026-09-01
sleeper:CHI,,CHI,Chicago Bears,DST,221.9,221.3,-0.5999999999999943,-0.5999999999999943,-0.5999999999999943,4,2026-09-01
sleeper:CIN,,CIN,Cincinnati Bengals,DST,241.2,241.2,0.0,0.0,0.0,4,2026-09-01
sleeper:CLE,,CLE,Cleveland Browns,DST,266.6,266.6,0.0,0.0,0.0,4,2026-09-01
sleeper:DAL,,DAL,Dallas Cowboys,DST,200.5,199.4,-1.0999999999999943,-1.0999999999999943,-1.0999999999999943,4,2026-09-01
sleeper:DEN,,DEN,Denver Broncos,DST,116.5,119.0,2.5,2.5,2.5,4,2026-09-01
sleeper:DET,,DET,Detroit Lions,DST,157.3,154.2,-3.1000000000000227,-3.1000000000000227,-3.1000000000000227,4,2026-09-01
sleeper:GB,,GB,Green Bay Packers,DST,204.1,201.5,-2.5999999999999943,-2.5999999999999943,-2.5999999999999943,4,2026-09-01
sleeper:HOU,,HOU,Houston Texans,DST,96.4,97.4,1.0,1.0,1.0,4,2026-09-01
sleeper:IND,,IND,Indianapolis Colts,DST,219.0,219.0,0.0,0.0,0.0,4,2026-09-01
sleeper:JAX,,JAX,Jacksonville Jaguars,DST,158.2,167.2,9.0,9.0,9.0,4,2026-09-01
sleeper:KC,,KC,Kansas City Chiefs,DST,225.7,226.9,1.200000000000017,1.200000000000017,1.200000000000017,4,2026-09-01
sleeper:LAC,,LAC,Los Angeles Chargers,DST,167.3,178.8,11.5,11.5,11.5,4,2026-09-01
sleeper:LAR,,LAR,Los Angeles Rams,DST,88.4,88.7,0.29999999999999716,0.29999999999999716,0.29999999999999716,4,2026-09-01
sleeper:LV,,LV,Las Vegas Raiders,DST,279.3,279.3,0.0,0.0,0.0,4,2026-09-01
sleeper:MIA,,MIA,Miami Dolphins,DST,299.0,299.0,0.0,0.0,0.0,4,2026-09-01
sleeper:MIN,,MIN,Minnesota Vikings,DST,153.0,151.5,-1.5,-1.5,-1.5,4,2026-09-01
sleeper:NE,,NE,New England Patriots,DST,136.5,136.9,0.4000000000000057,0.4000000000000057,0.4000000000000057,4,2026-09-01
sleeper:NO,,NO,New Orleans Saints,DST,244.6,244.6,0.0,0.0,0.0,4,2026-09-01
sleeper:NYG,,NYG,New York Giants,DST,238.6,238.6,0.0,0.0,0.0,4,2026-09-01
sleeper:NYJ,,NYJ,New York Jets,DST,282.2,282.2,0.0,0.0,0.0,4,2026-09-01
sleeper:PHI,,PHI,Philadelphia Eagles,DST,124.8,125.8,1.0,1.0,1.0,4,2026-09-01
sleeper:PIT,,PIT,Pittsburgh Steelers,DST,154.0,161.7,7.699999999999989,7.699999999999989,7.699999999999989,4,2026-09-01
sleeper:SEA,,SEA,Seattle Seahawks,DST,106.1,105.6,-0.5,-0.5,-0.5,4,2026-09-01
sleeper:SF,,SF,San Francisco 49ers,DST,216.7,218.9,2.200000000000017,2.200000000000017,2.200000000000017,4,2026-09-01
sleeper:TB,,TB,Tampa Bay Buccaneers,DST,232.4,232.4,0.0,0.0,0.0,4,2026-09-01
sleeper:TEN,,TEN,Tennessee Titans,DST,270.2,270.2,0.0,0.0,0.0,4,2026-09-01
